scheme,year,band,females
S0,1950,00-04,12084545.13035202
S0,1950,05-09,12510734.035890117
S0,1950,10-14,12916479.067334838
S0,1950,15-19,13170079.443757921
S0,1950,20-24,13793015.84825787
S0,1950,25-29,14026939.130444191
S0,1950,30-34,13238219.977077007
S0,1950,35-39,12321652.866708383
S0,1950,40-44,11378309.507449776
S0,1950,45-49,10288087.316739574
S0,1950,50-54,9208367.002163097
S0,1950,55-59,7815988.436399877
S0,1950,60-64,6291495.556088209
S0,1950,65-69,4789143.956427038
S0,1950,70-74,3640156.3865312636
S0,1950,75+,5083615.136902571
S0,1950,0-8,
S0,1950,9-14,
S0,1950,0-17,
S0,1950,18-29,
S0,1950,30-65,
S0,1950,66+,
S0,1950,15-26,
S0,1950,27-45,
S0,1950,46-65,
S0,1951,00-04,12337893.02382263
S0,1951,05-09,12773016.81770563
S0,1951,10-14,13187268.139448732
S0,1951,15-19,13446185.151331164
S0,1951,20-24,14082181.18067789
S0,1951,25-29,14321008.575525165
S0,1951,30-34,13515754.225020647
S0,1951,35-39,12579971.633710727
S0,1951,40-44,11616851.439634606
S0,1951,45-49,10503773.155256674
S0,1951,50-54,9401416.914852247
S0,1951,55-59,7979847.6619142
S0,1951,60-64,6423394.368060142
S0,1951,65-69,4889546.538386136
S0,1951,70-74,3716470.880993694
S0,1951,75+,5190191.195186734
S0,1951,0-8,
S0,1951,9-14,
S0,1951,0-17,
S0,1951,18-29,
S0,1951,30-65,
S0,1951,66+,
S0,1951,15-26,
S0,1951,27-45,
S0,1951,46-65,
S0,1952,00-04,12605221.03635909
S0,1952,05-09,13049772.75920868
S0,1952,10-14,13472999.761184897
S0,1952,15-19,13737526.78849417
S0,1952,20-24,14387303.092493787
S0,1952,25-29,14631305.216338992
S0,1952,30-34,13808603.231567338
S0,1952,35-39,12852544.820081487
S0,1952,40-44,11868556.475599214
S0,1952,45-49,10731360.863814935
S0,1952,50-54,9605119.613037527
S0,1952,55-59,8152748.886757404
S0,1952,60-64,6562571.555513114
S0,1952,65-69,4995489.486326039
S0,1952,70-74,3796996.5244197845
S0,1952,75+,5302648.28119117
S0,1952,0-8,
S0,1952,9-14,
S0,1952,0-17,
S0,1952,18-29,
S0,1952,30-65,
S0,1952,66+,
S0,1952,15-26,
S0,1952,27-45,
S0,1952,46-65,
S0,1953,00-04,12886248.34454565
S0,1953,05-09,13340711.13310855
S0,1953,10-14,13773373.77645703
S0,1953,15-19,14043798.30593726
S0,1953,20-24,14708061.058457673
S0,1953,25-29,14957503.091675222
S0,1953,30-34,14116459.363942206
S0,1953,35-39,13139086.092441276
S0,1953,40-44,12133160.203592345
S0,1953,45-49,10970611.365494952
S0,1953,50-54,9819261.11058651
S0,1953,55-59,8334510.481207639
S0,1953,60-64,6708880.915238559
S0,1953,65-69,5106861.509027362
S0,1953,70-74,3881648.7260252535
S0,1953,75+,5420868.260707974
S0,1953,0-8,
S0,1953,9-14,
S0,1953,0-17,
S0,1953,18-29,
S0,1953,30-65,
S0,1953,66+,
S0,1953,15-26,
S0,1953,27-45,
S0,1953,46-65,
S0,1954,00-04,13172071.4031945
S0,1954,05-09,13636614.390492992
S0,1954,10-14,14078873.69508674
S0,1954,15-19,14355296.368020602
S0,1954,20-24,15034292.781308323
S0,1954,25-29,15289267.556328103
S0,1954,30-34,14429569.082520768
S0,1954,35-39,13430517.211443543
S0,1954,40-44,12402279.412515163
S0,1954,45-49,11213944.693543136
S0,1954,50-54,10037056.947610497
S0,1954,55-59,8519373.849845737
S0,1954,60-64,6857687.054312855
S0,1954,65-69,5220134.1030034125
S0,1954,70-74,3967745.52330935
S0,1954,75+,5541105.6723564565
S0,1954,0-8,
S0,1954,9-14,
S0,1954,0-17,
S0,1954,18-29,
S0,1954,30-65,
S0,1954,66+,
S0,1954,15-26,
S0,1954,27-45,
S0,1954,46-65,
S0,1955,00-04,13478850.57389355
S0,1955,05-09,13954212.824771408
S0,1955,10-14,14406772.403220668
S0,1955,15-19,14689632.99436567
S0,1955,20-24,15384443.318024814
S0,1955,25-29,15645356.487062916
S0,1955,30-34,14765635.529564679
S0,1955,35-39,13743315.61695376
S0,1955,40-44,12691130.032625422
S0,1955,45-49,11475118.851201892
S0,1955,50-54,10270821.244234383
S0,1955,55-59,8717791.119577289
S0,1955,60-64,7017403.433236033
S0,1955,65-69,5341711.6713324785
S0,1955,70-74,4060154.8068553507
S0,1955,75+,5670158.708199352
S0,1955,0-8,
S0,1955,9-14,
S0,1955,0-17,
S0,1955,18-29,
S0,1955,30-65,
S0,1955,66+,
S0,1955,15-26,
S0,1955,27-45,
S0,1955,46-65,
S0,1956,00-04,13793843.23131214
S0,1956,05-09,14280314.41301608
S0,1956,10-14,14743450.037506841
S0,1956,15-19,15032920.9110936
S0,1956,20-24,15743968.53548187
S0,1956,25-29,16010979.08886446
S0,1956,30-34,15110699.579977125
S0,1956,35-39,14064488.663883403
S0,1956,40-44,12987714.13322851
S0,1956,45-49,11743285.49948679
S0,1956,50-54,10510844.179413944
S0,1956,55-59,8921520.671776235
S0,1956,60-64,7181395.944577813
S0,1956,65-69,5466544.270766139
S0,1956,70-74,4155038.190652132
S0,1956,75+,5802666.917982459
S0,1956,0-8,
S0,1956,9-14,
S0,1956,0-17,
S0,1956,18-29,
S0,1956,30-65,
S0,1956,66+,
S0,1956,15-26,
S0,1956,27-45,
S0,1956,46-65,
S0,1957,00-04,14119583.23940236
S0,1957,05-09,14617542.381641062
S0,1957,10-14,15091614.90018946
S0,1957,15-19,15387921.59488298
S0,1957,20-24,16115760.526453502
S0,1957,25-29,16389076.503086194
S0,1957,30-34,15467536.99801138
S0,1957,35-39,14396619.932474196
S0,1957,40-44,13294417.496162757
S0,1957,45-49,12020601.824564725
S0,1957,50-54,10759056.545657545
S0,1957,55-59,9132201.347717553
S0,1957,60-64,7350983.776906937
S0,1957,65-69,5595636.079707593
S0,1957,70-74,4253158.935620844
S0,1957,75+,5939696.22425428
S0,1957,0-8,
S0,1957,9-14,
S0,1957,0-17,
S0,1957,18-29,
S0,1957,30-65,
S0,1957,66+,
S0,1957,15-26,
S0,1957,27-45,
S0,1957,46-65,
S0,1958,00-04,14437916.99214083
S0,1958,05-09,14947102.89651348
S0,1958,10-14,15431863.640156116
S0,1958,15-19,15734850.731889993
S0,1958,20-24,16479099.191599369
S0,1958,25-29,16758577.226916775
S0,1958,30-34,15816261.107973605
S0,1958,35-39,14721199.629491374
S0,1958,40-44,13594147.434381858
S0,1958,45-49,12291612.889417559
S0,1958,50-54,11001625.379881144
S0,1958,55-59,9338091.838710904
S0,1958,60-64,7516715.740262061
S0,1958,65-69,5721792.76592204
S0,1958,70-74,4349048.737891436
S0,1958,75+,6073609.935242295
S0,1958,0-8,
S0,1958,9-14,
S0,1958,0-17,
S0,1958,18-29,
S0,1958,30-65,
S0,1958,66+,
S0,1958,15-26,
S0,1958,27-45,
S0,1958,46-65,
S0,1959,00-04,14780374.65817149
S0,1959,05-09,15301638.109220847
S0,1959,10-14,15797897.051179878
S0,1959,15-19,16108070.792645082
S0,1959,20-24,16869972.32451146
S0,1959,25-29,17156079.390577123
S0,1959,30-34,16191412.168013394
S0,1959,35-39,15070376.568867818
S0,1959,40-44,13916591.454844743
S0,1959,45-49,12583161.667828828
S0,1959,50-54,11262576.523469836
S0,1959,55-59,9559585.087217987
S0,1959,60-64,7695007.174547732
S0,1959,65-69,5857509.836271971
S0,1959,70-74,4452205.244542807
S0,1959,75+,6217671.87187323
S0,1959,0-8,
S0,1959,9-14,
S0,1959,0-17,
S0,1959,18-29,
S0,1959,30-65,
S0,1959,66+,
S0,1959,15-26,
S0,1959,27-45,
S0,1959,46-65,
S0,1960,00-04,15126738.83676859
S0,1960,05-09,15660217.60652475
S0,1960,10-14,16168105.910037763
S0,1960,15-19,16485548.28140372
S0,1960,20-24,17265304.25907138
S0,1960,25-29,17558115.97513546
S0,1960,30-34,16570842.683517992
S0,1960,35-39,15423536.669484004
S0,1960,40-44,14242713.68649356
S0,1960,45-49,12878036.226561517
S0,1960,50-54,11526504.41140613
S0,1960,55-59,9783604.972575426
S0,1960,60-64,7875332.430229753
S0,1960,65-69,5994775.070069224
S0,1960,70-74,4556538.486976504
S0,1960,75+,6363377.16422832
S0,1960,0-8,
S0,1960,9-14,
S0,1960,0-17,
S0,1960,18-29,
S0,1960,30-65,
S0,1960,66+,
S0,1960,15-26,
S0,1960,27-45,
S0,1960,46-65,
S0,1961,00-04,15485055.37619642
S0,1961,05-09,16031170.99178564
S0,1961,10-14,16551089.963725887
S0,1961,15-19,16876051.791413747
S0,1961,20-24,17674278.337426037
S0,1961,25-29,17974026.068049237
S0,1961,30-34,16963366.615466148
S0,1961,35-39,15788883.64511332
S0,1961,40-44,14580089.768362641
S0,1961,45-49,13183086.338493884
S0,1961,50-54,11799539.942525089
S0,1961,55-59,10015355.352794915
S0,1961,60-64,8061880.363243878
S0,1961,65-69,6136777.062761396
S0,1961,70-74,4664472.068698347
S0,1961,75+,6514110.465646803
S0,1961,0-8,
S0,1961,9-14,
S0,1961,0-17,
S0,1961,18-29,
S0,1961,30-65,
S0,1961,66+,
S0,1961,15-26,
S0,1961,27-45,
S0,1961,46-65,
S0,1962,00-04,15855414.62140102
S0,1962,05-09,16414591.796169102
S0,1962,10-14,16946945.776789494
S0,1962,15-19,17279679.78315536
S0,1962,20-24,18096997.67717392
S0,1962,25-29,18403914.535744593
S0,1962,30-34,17369082.93376167
S0,1962,35-39,16166509.613336623
S0,1962,40-44,14928804.765528679
S0,1962,45-49,13498388.918121547
S0,1962,50-54,12081751.959253967
S0,1962,55-59,10254894.660779506
S0,1962,60-64,8254698.009272486
S0,1962,65-69,6283551.618340135
S0,1962,70-74,4776033.203784525
S0,1962,75+,6669909.781608224
S0,1962,0-8,
S0,1962,9-14,
S0,1962,0-17,
S0,1962,18-29,
S0,1962,30-65,
S0,1962,66+,
S0,1962,15-26,
S0,1962,27-45,
S0,1962,46-65,
S0,1963,00-04,16226515.55075735
S0,1963,05-09,16798780.441878892
S0,1963,10-14,17343594.33361935
S0,1963,15-19,17684116.083285496
S0,1963,20-24,18520563.557784423
S0,1963,25-29,18834663.90125099
S0,1963,30-34,17775611.742543876
S0,1963,35-39,16544891.818104655
S0,1963,40-44,15278218.101915896
S0,1963,45-49,13814322.925017
S0,1963,50-54,12364529.13584575
S0,1963,55-59,10494913.671946168
S0,1963,60-64,8447901.793338925
S0,1963,65-69,6430620.105724692
S0,1963,70-74,4887817.752021372
S0,1963,75+,6826021.102427065
S0,1963,0-8,
S0,1963,9-14,
S0,1963,0-17,
S0,1963,18-29,
S0,1963,30-65,
S0,1963,66+,
S0,1963,15-26,
S0,1963,27-45,
S0,1963,46-65,
S0,1964,00-04,16609707.98376259
S0,1964,05-09,17195487.02555106
S0,1964,10-14,17753166.807079025
S0,1964,15-19,18101730.046449944
S0,1964,20-24,18957930.396532774
S0,1964,25-29,19279448.282875
S0,1964,30-34,18195386.39413038
S0,1964,35-39,16935602.770789266
S0,1964,40-44,15639016.299664825
S0,1964,45-49,14140550.943312049
S0,1964,50-54,12656519.98179838
S0,1964,55-59,10742753.172149003
S0,1964,60-64,8647400.695728213
S0,1964,65-69,6582480.494748861
S0,1964,70-74,5003244.552718312
S0,1964,75+,6987218.965628386
S0,1964,0-8,
S0,1964,9-14,
S0,1964,0-17,
S0,1964,18-29,
S0,1964,30-65,
S0,1964,66+,
S0,1964,15-26,
S0,1964,27-45,
S0,1964,46-65,
S0,1965,00-04,16998461.27146015
S0,1965,05-09,17597950.58007464
S0,1965,10-14,18168682.960044615
S0,1965,15-19,18525404.3865076
S0,1965,20-24,19401644.264157563
S0,1965,25-29,19730687.336101577
S0,1965,30-34,18621252.778329343
S0,1965,35-39,17331983.68625872
S0,1965,40-44,16005050.368944913
S0,1965,45-49,14471513.15375194
S0,1965,50-54,12952748.173079282
S0,1965,55-59,10994189.297256023
S0,1965,60-64,8849794.708542198
S0,1965,65-69,6736544.668305695
S0,1965,70-74,5120346.416936874
S0,1965,75+,7150756.117961556
S0,1965,0-8,
S0,1965,9-14,
S0,1965,0-17,
S0,1965,18-29,
S0,1965,30-65,
S0,1965,66+,
S0,1965,15-26,
S0,1965,27-45,
S0,1965,46-65,
S0,1966,00-04,17372406.76147304
S0,1966,05-09,17985084.106327254
S0,1966,10-14,18568371.905054614
S0,1966,15-19,18932940.769381896
S0,1966,20-24,19828456.859459788
S0,1966,25-29,20164738.479105756
S0,1966,30-34,19030897.709340677
S0,1966,35-39,17713266.264072716
S0,1966,40-44,16357142.0263789
S0,1966,45-49,14789868.85613504
S0,1966,50-54,13237692.89161849
S0,1966,55-59,11236048.100732505
S0,1966,60-64,9044479.43711558
S0,1966,65-69,6884740.4641929865
S0,1966,70-74,5232987.815434039
S0,1966,75+,7308064.06235671
S0,1966,0-8,
S0,1966,9-14,
S0,1966,0-17,
S0,1966,18-29,
S0,1966,30-65,
S0,1966,66+,
S0,1966,15-26,
S0,1966,27-45,
S0,1966,46-65,
S0,1967,00-04,17744096.45564626
S0,1967,05-09,18369882.28098117
S0,1967,10-14,18965649.758920535
S0,1967,15-19,19338018.72207971
S0,1967,20-24,20252694.742397457
S0,1967,25-29,20596171.243793473
S0,1967,30-34,19438071.49052991
S0,1967,35-39,18092248.78565994
S0,1967,40-44,16707109.719445795
S0,1967,45-49,15106304.103563756
S0,1967,50-54,13520918.704253525
S0,1967,55-59,11476447.910592973
S0,1967,60-64,9237989.745853752
S0,1967,65-69,7032042.280961007
S0,1967,70-74,5344949.713830531
S0,1967,75+,7464423.059335768
S0,1967,0-8,
S0,1967,9-14,
S0,1967,0-17,
S0,1967,18-29,
S0,1967,30-65,
S0,1967,66+,
S0,1967,15-26,
S0,1967,27-45,
S0,1967,46-65,
S0,1968,00-04,18134822.25049637
S0,1968,05-09,18774387.90759791
S0,1968,10-14,19383274.2119563
S0,1968,15-19,19763842.7562816
S0,1968,20-24,20698659.983336046
S0,1968,25-29,21049699.852602363
S0,1968,30-34,19866098.69115269
S0,1968,35-39,18490640.910334915
S0,1968,40-44,17075001.020143807
S0,1968,45-49,15438945.593248308
S0,1968,50-54,13818649.93678084
S0,1968,55-59,11729159.805116951
S0,1968,60-64,9441410.691816717
S0,1968,65-69,7186888.165422708
S0,1968,70-74,5462645.744766265
S0,1968,75+,7628789.987809479
S0,1968,0-8,
S0,1968,9-14,
S0,1968,0-17,
S0,1968,18-29,
S0,1968,30-65,
S0,1968,66+,
S0,1968,15-26,
S0,1968,27-45,
S0,1968,46-65,
S0,1969,00-04,18527467.62167188
S0,1969,05-09,19180880.80875497
S0,1969,10-14,19802950.390328646
S0,1969,15-19,20191758.79911363
S0,1969,20-24,21146816.183586106
S0,1969,25-29,21505456.57839723
S0,1969,30-34,20296228.72422667
S0,1969,35-39,18890990.274846226
S0,1969,40-44,17444699.714774966
S0,1969,45-49,15773221.29991278
S0,1969,50-54,14117843.877511263
S0,1969,55-59,11983113.234692514
S0,1969,60-64,9645831.013907671
S0,1969,65-69,7342494.784132838
S0,1969,70-74,5580919.99837774
S0,1969,75+,7793964.425970942
S0,1969,0-8,
S0,1969,9-14,
S0,1969,0-17,
S0,1969,18-29,
S0,1969,30-65,
S0,1969,66+,
S0,1969,15-26,
S0,1969,27-45,
S0,1969,46-65,
S0,1970,00-04,18929082.23026723
S0,1970,05-09,19596659.26784193
S0,1970,10-14,20232213.2735487
S0,1970,15-19,20629449.770839952
S0,1970,20-24,21605209.660667375
S0,1970,25-29,21971624.200587258
S0,1970,30-34,20736184.260595143
S0,1970,35-39,19300484.85986638
S0,1970,40-44,17822843.473602414
S0,1970,45-49,16115132.8999224
S0,1970,50-54,14423872.335304618
S0,1970,55-59,12242867.747817427
S0,1970,60-64,9854920.92982775
S0,1970,65-69,7501655.940371692
S0,1970,70-74,5701896.002574265
S0,1970,75+,7962911.960316151
S0,1970,0-8,
S0,1970,9-14,
S0,1970,0-17,
S0,1970,18-29,
S0,1970,30-65,
S0,1970,66+,
S0,1970,15-26,
S0,1970,27-45,
S0,1970,46-65,
S0,1971,00-04,19366560.88212109
S0,1971,05-09,20049566.59705342
S0,1971,10-14,20699809.181224525
S0,1971,15-19,21106226.392360643
S0,1971,20-24,22104537.51398799
S0,1971,25-29,22479420.42743987
S0,1971,30-34,21215427.67158383
S0,1971,35-39,19746547.16726759
S0,1971,40-44,18234755.337061197
S0,1971,45-49,16487577.08552751
S0,1971,50-54,14757229.026717335
S0,1971,55-59,12525818.247582078
S0,1971,60-64,10082682.501681149
S0,1971,65-69,7675030.131869346
S0,1971,70-74,5833675.121385872
S0,1971,75+,8146946.450042218
S0,1971,0-8,
S0,1971,9-14,
S0,1971,0-17,
S0,1971,18-29,
S0,1971,30-65,
S0,1971,66+,
S0,1971,15-26,
S0,1971,27-45,
S0,1971,46-65,
S0,1972,00-04,19786688.59131645
S0,1972,05-09,20484511.063241836
S0,1972,10-14,21148859.658747226
S0,1972,15-19,21564093.465299115
S0,1972,20-24,22584061.409071907
S0,1972,25-29,22967076.829921648
S0,1972,30-34,21675663.6980789
S0,1972,35-39,20174918.093649298
S0,1972,40-44,18630330.268208116
S0,1972,45-49,16845249.675580353
S0,1972,50-54,15077364.38078478
S0,1972,55-59,12797546.581703186
S0,1972,60-64,10301410.76880914
S0,1972,65-69,7841528.089195609
S0,1972,70-74,5960227.717887431
S0,1972,75+,8323681.905027062
S0,1972,0-8,
S0,1972,9-14,
S0,1972,0-17,
S0,1972,18-29,
S0,1972,30-65,
S0,1972,66+,
S0,1972,15-26,
S0,1972,27-45,
S0,1972,46-65,
S0,1973,00-04,20238050.92661961
S0,1973,05-09,20951791.71550347
S0,1973,10-14,21631295.04153078
S0,1973,15-19,22056000.918144166
S0,1973,20-24,23099235.772441745
S0,1973,25-29,23490988.31643434
S0,1973,30-34,22170116.225638464
S0,1973,35-39,20635136.49266407
S0,1973,40-44,19055314.4356457
S0,1973,45-49,17229513.63148409
S0,1973,50-54,15421300.374203801
S0,1973,55-59,13089476.708596855
S0,1973,60-64,10536400.509516299
S0,1973,65-69,8020404.428930253
S0,1973,70-74,6096188.936929643
S0,1973,75+,8513556.85482654
S0,1973,0-8,
S0,1973,9-14,
S0,1973,0-17,
S0,1973,18-29,
S0,1973,30-65,
S0,1973,66+,
S0,1973,15-26,
S0,1973,27-45,
S0,1973,46-65,
S0,1974,00-04,20694516.73626225
S0,1974,05-09,21424355.827707674
S0,1974,10-14,22119185.236122772
S0,1974,15-19,22553470.281823695
S0,1974,20-24,23620235.12150085
S0,1974,25-29,24020823.577747136
S0,1974,30-34,22670159.440743566
S0,1974,35-39,21100558.499969184
S0,1974,40-44,19485103.82412979
S0,1974,45-49,17618122.39218247
S0,1974,50-54,15769125.191256434
S0,1974,55-59,13384707.637961179
S0,1974,60-64,10774047.237787426
S0,1974,65-69,8201303.291898221
S0,1974,70-74,6233687.44550243
S0,1974,75+,8705578.687203944
S0,1974,0-8,
S0,1974,9-14,
S0,1974,0-17,
S0,1974,18-29,
S0,1974,30-65,
S0,1974,66+,
S0,1974,15-26,
S0,1974,27-45,
S0,1974,46-65,
S0,1975,00-04,21182926.01004838
S0,1975,05-09,21929989.962802555
S0,1975,10-14,22641217.972407237
S0,1975,15-19,23085752.53717111
S0,1975,20-24,24177693.989923477
S0,1975,25-29,24587736.69530715
S0,1975,30-34,23205195.665564805
S0,1975,35-39,21598550.725870907
S0,1975,40-44,19944969.861577034
S0,1975,45-49,18033925.982703775
S0,1975,50-54,16141290.778936416
S0,1975,55-59,13700598.81921506
S0,1975,60-64,11028324.47722277
S0,1975,65-69,8394861.452059418
S0,1975,70-74,6380808.095724344
S0,1975,75+,8911038.201851785
S0,1975,0-8,
S0,1975,9-14,
S0,1975,0-17,
S0,1975,18-29,
S0,1975,30-65,
S0,1975,66+,
S0,1975,15-26,
S0,1975,27-45,
S0,1975,46-65,
S0,1976,00-04,21679039.54699384
S0,1976,05-09,22443600.06937911
S0,1976,10-14,23171485.354907446
S0,1976,15-19,23626431.116647363
S0,1976,20-24,24743946.32328081
S0,1976,25-29,25163592.410972
S0,1976,30-34,23748671.656166553
S0,1976,35-39,22104398.37828797
S0,1976,40-44,20412089.915605634
S0,1976,45-49,18456288.540173292
S0,1976,50-54,16519326.979195267
S0,1976,55-59,14021472.92958334
S0,1976,60-64,11286612.735435158
S0,1976,65-69,8591472.836396635
S0,1976,70-74,6530249.455781877
S0,1976,75+,9119738.674962997
S0,1976,0-8,
S0,1976,9-14,
S0,1976,0-17,
S0,1976,18-29,
S0,1976,30-65,
S0,1976,66+,
S0,1976,15-26,
S0,1976,27-45,
S0,1976,46-65,
S0,1977,00-04,22187759.90181894
S0,1977,05-09,22970261.601874463
S0,1977,10-14,23715227.443943292
S0,1977,15-19,24180848.963197142
S0,1977,20-24,25324587.782330066
S0,1977,25-29,25754081.285363078
S0,1977,30-34,24305957.999288946
S0,1977,35-39,22623100.20369968
S0,1977,40-44,20891080.029631644
S0,1977,45-49,18889383.817967266
S0,1977,50-54,16906969.5158543
S0,1977,55-59,14350500.8216376
S0,1977,60-64,11551464.396556854
S0,1977,65-69,8793080.343054295
S0,1977,70-74,6683488.293371558
S0,1977,75+,9333742.468100846
S0,1977,0-8,
S0,1977,9-14,
S0,1977,0-17,
S0,1977,18-29,
S0,1977,30-65,
S0,1977,66+,
S0,1977,15-26,
S0,1977,27-45,
S0,1977,46-65,
S0,1978,00-04,22709476.36988107
S0,1978,05-09,23510377.58503016
S0,1978,10-14,24272860.335055053
S0,1978,15-19,24749430.341923386
S0,1978,20-24,25920062.699644446
S0,1978,25-29,26359655.186732173
S0,1978,30-34,24877481.1551356
S0,1978,35-39,23155053.13572696
S0,1978,40-44,21382306.748114794
S0,1978,45-49,19333543.23978308
S0,1978,50-54,17304515.030159384
S0,1978,55-59,14687934.28210038
S0,1978,60-64,11823082.136814773
S0,1978,65-69,8999838.251029849
S0,1978,70-74,6840641.873642027
S0,1978,75+,9553213.34645027
S0,1978,0-8,
S0,1978,9-14,
S0,1978,0-17,
S0,1978,18-29,
S0,1978,30-65,
S0,1978,66+,
S0,1978,15-26,
S0,1978,27-45,
S0,1978,46-65,
S0,1979,00-04,23223137.2011013
S0,1979,05-09,24042153.831031326
S0,1979,10-14,24821883.016719893
S0,1979,15-19,25309232.459532753
S0,1979,20-24,26506343.1023594
S0,1979,25-29,26955878.638711587
S0,1979,30-34,25440179.6269401
S0,1979,35-39,23678792.373344123
S0,1979,40-44,21865948.61104253
S0,1979,45-49,19770844.555288106
S0,1979,50-54,17695922.186778933
S0,1979,55-59,15020157.55353865
S0,1979,60-64,12090505.924975514
S0,1979,65-69,9203403.684313178
S0,1979,70-74,6995368.901851058
S0,1979,75+,9769295.453692079
S0,1979,0-8,
S0,1979,9-14,
S0,1979,0-17,
S0,1979,18-29,
S0,1979,30-65,
S0,1979,66+,
S0,1979,15-26,
S0,1979,27-45,
S0,1979,46-65,
S0,1980,00-04,23779188.44656567
S0,1980,05-09,24617815.48542473
S0,1980,10-14,25416214.38748592
S0,1980,15-19,25915232.8508237
S0,1980,20-24,27141006.927799568
S0,1980,25-29,27601306.07428351
S0,1980,30-34,26049315.397180766
S0,1980,35-39,24245753.756566077
S0,1980,40-44,22389503.540470988
S0,1980,45-49,20244234.633624673
S0,1980,50-54,18119630.64125651
S0,1980,55-59,15379797.908861518
S0,1980,60-64,12379999.149756432
S0,1980,65-69,9423768.574588656
S0,1980,70-74,7162864.944985688
S0,1980,75+,10003209.969947696
S0,1980,0-8,
S0,1980,9-14,
S0,1980,0-17,
S0,1980,18-29,
S0,1980,30-65,
S0,1980,66+,
S0,1980,15-26,
S0,1980,27-45,
S0,1980,46-65,
S0,1981,00-04,24343058.37278555
S0,1981,05-09,25201571.56409217
S0,1981,10-14,26018902.698891692
S0,1981,15-19,26529754.261779413
S0,1981,20-24,27784594.811730146
S0,1981,25-29,28255808.916323364
S0,1981,30-34,26667016.27389878
S0,1981,35-39,24820687.228857666
S0,1981,40-44,22920420.217372477
S0,1981,45-49,20724281.087476134
S0,1981,50-54,18549296.893987358
S0,1981,55-59,15744495.195803583
S0,1981,60-64,12673562.961778998
S0,1981,65-69,9647232.033100188
S0,1981,70-74,7332716.163294852
S0,1981,75+,10240413.5768072
S0,1981,0-8,
S0,1981,9-14,
S0,1981,0-17,
S0,1981,18-29,
S0,1981,30-65,
S0,1981,66+,
S0,1981,15-26,
S0,1981,27-45,
S0,1981,46-65,
S0,1982,00-04,24917139.96070327
S0,1982,05-09,25795899.4418789
S0,1982,10-14,26632505.671390623
S0,1982,15-19,27155404.63078545
S0,1982,20-24,28439838.046368256
S0,1982,25-29,28922164.778523356
S0,1982,30-34,27295903.688664287
S0,1982,35-39,25406032.72322175
S0,1982,40-44,23460951.773951292
S0,1982,45-49,21213021.16331035
S0,1982,50-54,18986744.38528377
S0,1982,55-59,16115797.135952353
S0,1982,60-64,12972443.202636778
S0,1982,65-69,9874742.405862689
S0,1982,70-74,7505643.38034004
S0,1982,75+,10481912.931452036
S0,1982,0-8,
S0,1982,9-14,
S0,1982,0-17,
S0,1982,18-29,
S0,1982,30-65,
S0,1982,66+,
S0,1982,15-26,
S0,1982,27-45,
S0,1982,46-65,
S0,1983,00-04,25504402.33968914
S0,1983,05-09,26403872.96123984
S0,1983,10-14,27260196.83753577
S0,1983,15-19,27795419.79909727
S0,1983,20-24,29110125.52620837
S0,1983,25-29,29603820.02948892
S0,1983,30-34,27939230.224617243
S0,1983,35-39,26004817.62554851
S0,1983,40-44,24013893.820019662
S0,1983,45-49,21712982.60725978
S0,1983,50-54,19434235.5778718
S0,1983,55-59,16495624.089617133
S0,1983,60-64,13278185.670209467
S0,1983,65-69,10107476.368359447
S0,1983,70-74,7682540.969481885
S0,1983,75+,10728957.059877336
S0,1983,0-8,
S0,1983,9-14,
S0,1983,0-17,
S0,1983,18-29,
S0,1983,30-65,
S0,1983,66+,
S0,1983,15-26,
S0,1983,27-45,
S0,1983,46-65,
S0,1984,00-04,26110992.51896498
S0,1984,05-09,27031855.919625457
S0,1984,10-14,27908546.38388224
S0,1984,15-19,28456498.95141068
S0,1984,20-24,29802473.303133383
S0,1984,25-29,30307909.71015525
S0,1984,30-34,28603729.72729355
S0,1984,35-39,26623309.553938836
S0,1984,40-44,24585034.12604946
S0,1984,45-49,22229398.629753828
S0,1984,50-54,19896454.46409625
S0,1984,55-59,16887951.79212582
S0,1984,60-64,13593990.640617073
S0,1984,65-69,10347870.000041127
S0,1984,70-74,7865260.558120072
S0,1984,75+,10984131.8293041
S0,1984,0-8,
S0,1984,9-14,
S0,1984,0-17,
S0,1984,18-29,
S0,1984,30-65,
S0,1984,66+,
S0,1984,15-26,
S0,1984,27-45,
S0,1984,46-65,
S0,1985,00-04,26731477.04036351
S0,1985,05-09,27674223.23563693
S0,1985,10-14,28571746.79778281
S0,1985,15-19,29132720.551172525
S0,1985,20-24,30510679.75566697
S0,1985,25-29,31028127.022363394
S0,1985,30-34,29283450.02276537
S0,1985,35-39,27255968.44174719
S0,1985,40-44,25169256.771825522
S0,1985,45-49,22757643.49672863
S0,1985,50-54,20369260.774186373
S0,1985,55-59,17289266.01553297
S0,1985,60-64,13917029.329032063
S0,1985,65-69,10593770.004026294
S0,1985,70-74,8052165.457638383
S0,1985,75+,11245151.542596579
S0,1985,0-8,
S0,1985,9-14,
S0,1985,0-17,
S0,1985,18-29,
S0,1985,30-65,
S0,1985,66+,
S0,1985,15-26,
S0,1985,27-45,
S0,1985,46-65,
S0,1986,00-04,27360996.9989698
S0,1986,05-09,28325944.64405194
S0,1986,10-14,29244604.67369782
S0,1986,15-19,29818789.226231933
S0,1986,20-24,31229199.04391414
S0,1986,25-29,31758832.071293354
S0,1986,30-34,29973068.34121239
S0,1986,35-39,27897840.04874128
S0,1986,40-44,25761986.812789053
S0,1986,45-49,23293580.615743995
S0,1986,50-54,20848952.045268893
S0,1986,55-59,17696424.13889432
S0,1986,60-64,14244772.076427042
S0,1986,65-69,10843250.780728221
S0,1986,70-74,8241792.048714101
S0,1986,75+,11509972.200389981
S0,1986,0-8,
S0,1986,9-14,
S0,1986,0-17,
S0,1986,18-29,
S0,1986,30-65,
S0,1986,66+,
S0,1986,15-26,
S0,1986,27-45,
S0,1986,46-65,
S0,1987,00-04,28004358.00633175
S0,1987,05-09,28991995.23721426
S0,1987,10-14,29932256.454935193
S0,1987,15-19,30519942.268119425
S0,1987,20-24,31963516.179973036
S0,1987,25-29,32505602.892356455
S0,1987,30-34,30677849.07133186
S0,1987,35-39,28553824.276130974
S0,1987,40-44,26367749.01466149
S0,1987,45-49,23841301.208329678
S0,1987,50-54,21339190.13092017
S0,1987,55-59,18112534.314306855
S0,1987,60-64,14579720.796061695
S0,1987,65-69,11098216.809401453
S0,1987,70-74,8435587.89742273
S0,1987,75+,11780615.383086443
S0,1987,0-8,
S0,1987,9-14,
S0,1987,0-17,
S0,1987,18-29,
S0,1987,30-65,
S0,1987,66+,
S0,1987,15-26,
S0,1987,27-45,
S0,1987,46-65,
S0,1988,00-04,28649799.92027988
S0,1988,05-09,29660200.12485538
S0,1988,10-14,30622132.39819701
S0,1988,15-19,31223363.140923128
S0,1988,20-24,32700208.413912088
S0,1988,25-29,33254789.09188074
S0,1988,30-34,31384909.365873724
S0,1988,35-39,29211930.239037097
S0,1988,40-44,26975470.51238978
S0,1988,45-49,24390793.365208983
S0,1988,50-54,21831013.8576805
S0,1988,55-59,18529990.3692407
S0,1988,60-64,14915752.884114265
S0,1988,65-69,11354007.508022428
S0,1988,70-74,8630010.565371752
S0,1988,75+,12052133.942398787
S0,1988,0-8,
S0,1988,9-14,
S0,1988,0-17,
S0,1988,18-29,
S0,1988,30-65,
S0,1988,66+,
S0,1988,15-26,
S0,1988,27-45,
S0,1988,46-65,
S0,1989,00-04,29304728.41610211
S0,1989,05-09,30338226.160206765
S0,1989,10-14,31322148.00620213
S0,1989,15-19,31937122.75925544
S0,1989,20-24,33447728.409485847
S0,1989,25-29,34014986.68695763
S0,1989,30-34,32102361.897469193
S0,1989,35-39,29879708.917588115
S0,1989,40-44,27592124.184524894
S0,1989,45-49,24948361.852773845
S0,1989,50-54,22330066.315563977
S0,1989,55-59,18953582.11347264
S0,1989,60-64,15256723.907563984
S0,1989,65-69,11613557.769436955
S0,1989,70-74,8827290.820530057
S0,1989,75+,12327643.229594767
S0,1989,0-8,
S0,1989,9-14,
S0,1989,0-17,
S0,1989,18-29,
S0,1989,30-65,
S0,1989,66+,
S0,1989,15-26,
S0,1989,27-45,
S0,1989,46-65,
S0,1990,00-04,29969591.59312952
S0,1990,05-09,31026537.24583919
S0,1990,10-14,32032782.226694807
S0,1990,15-19,32661709.474454775
S0,1990,20-24,34206587.616741344
S0,1990,25-29,34786715.801594585
S0,1990,30-34,32830697.5441325
S0,1990,35-39,30557617.203156322
S0,1990,40-44,28218131.942923933
S0,1990,45-49,25514388.15704596
S0,1990,50-54,22836688.95416999
S0,1990,55-59,19383599.366698146
S0,1990,60-64,15602867.157355726
S0,1990,65-69,11877045.176845789
S0,1990,70-74,9027563.641221285
S0,1990,75+,12607331.746973515
S0,1990,0-8,
S0,1990,9-14,
S0,1990,0-17,
S0,1990,18-29,
S0,1990,30-65,
S0,1990,66+,
S0,1990,15-26,
S0,1990,27-45,
S0,1990,46-65,
S0,1991,00-04,30639923.97475951
S0,1991,05-09,31720510.41998492
S0,1991,10-14,32749262.16715478
S0,1991,15-19,33392256.683684617
S0,1991,20-24,34971689.24561444
S0,1991,25-29,35564793.20648369
S0,1991,30-34,33565024.52376267
S0,1991,35-39,31241102.003176928
S0,1991,40-44,28849289.278907984
S0,1991,45-49,26085070.627842963
S0,1991,50-54,23347479.101163566
S0,1991,55-59,19817153.96778989
S0,1991,60-64,15951857.802401543
S0,1991,65-69,12142700.047563076
S0,1991,70-74,9229483.918217123
S0,1991,75+,12889320.99896884
S0,1991,0-8,
S0,1991,9-14,
S0,1991,0-17,
S0,1991,18-29,
S0,1991,30-65,
S0,1991,66+,
S0,1991,15-26,
S0,1991,27-45,
S0,1991,46-65,
S0,1992,00-04,31303588.52233026
S0,1992,05-09,32407580.603773065
S0,1992,10-14,33458615.241181508
S0,1992,15-19,34115537.09856424
S0,1992,20-24,35729180.36537358
S0,1992,25-29,36335131.03148198
S0,1992,30-34,34292047.111453
S0,1992,35-39,31917788.14128977
S0,1992,40-44,29474168.45722437
S0,1992,45-49,26650076.487871885
S0,1992,50-54,23853188.389716506
S0,1992,55-59,20246395.97677815
S0,1992,60-64,16297377.017790735
S0,1992,65-69,12405712.434277594
S0,1992,70-74,9429395.682813525
S0,1992,75+,13168505.287948191
S0,1992,0-8,
S0,1992,9-14,
S0,1992,0-17,
S0,1992,18-29,
S0,1992,30-65,
S0,1992,66+,
S0,1992,15-26,
S0,1992,27-45,
S0,1992,46-65,
S0,1993,00-04,31975838.95761803
S0,1993,05-09,33103539.476091143
S0,1993,10-14,34177145.27948575
S0,1993,15-19,34848174.65697788
S0,1993,20-24,36496471.215621114
S0,1993,25-29,37115434.785945356
S0,1993,30-34,35028475.25550228
S0,1993,35-39,32603228.62860316
S0,1993,40-44,30107131.753460526
S0,1993,45-49,27222391.879337072
S0,1993,50-54,24365440.084647536
S0,1993,55-59,20681191.128097236
S0,1993,60-64,16647366.246228397
S0,1993,65-69,12672127.435805261
S0,1993,70-74,9631893.723820925
S0,1993,75+,13451301.409089208
S0,1993,0-8,
S0,1993,9-14,
S0,1993,0-17,
S0,1993,18-29,
S0,1993,30-65,
S0,1993,66+,
S0,1993,15-26,
S0,1993,27-45,
S0,1993,46-65,
S0,1994,00-04,32645521.74023392
S0,1994,05-09,33796840.14163951
S0,1994,10-14,34892930.9007159
S0,1994,15-19,35578013.91480945
S0,1994,20-24,37260831.40744388
S0,1994,25-29,37892758.17934862
S0,1994,30-34,35762090.62087205
S0,1994,35-39,33286051.083995342
S0,1994,40-44,30737677.45379275
S0,1994,45-49,27792521.318861067
S0,1994,50-54,24875735.240223467
S0,1994,55-59,21114325.584423244
S0,1994,60-64,16996018.694903016
S0,1994,65-69,12937524.868351817
S0,1994,70-74,9833618.32592994
S0,1994,75+,13733017.393754542
S0,1994,0-8,
S0,1994,9-14,
S0,1994,0-17,
S0,1994,18-29,
S0,1994,30-65,
S0,1994,66+,
S0,1994,15-26,
S0,1994,27-45,
S0,1994,46-65,
S0,1995,00-04,33304781.57289134
S0,1995,05-09,34479350.26824798
S0,1995,10-14,35597576.02691653
S0,1995,15-19,36296493.94666183
S0,1995,20-24,38013295.08910325
S0,1995,25-29,38657983.30318105
S0,1995,30-34,36484287.98888463
S0,1995,35-39,33958246.083422005
S0,1995,40-44,31358409.334131777
S0,1995,45-49,28353777.257718325
S0,1995,50-54,25378088.15656507
S0,1995,55-59,21540718.731459558
S0,1995,60-64,17339244.713154554
S0,1995,65-69,13198791.65243262
S0,1995,70-74,10032203.284184098
S0,1995,75+,14010348.747835219
S0,1995,0-8,
S0,1995,9-14,
S0,1995,0-17,
S0,1995,18-29,
S0,1995,30-65,
S0,1995,66+,
S0,1995,15-26,
S0,1995,27-45,
S0,1995,46-65,
S0,1996,00-04,33976295.18206222
S0,1996,05-09,35174546.32860418
S0,1996,10-14,36315318.51393007
S0,1996,15-19,37028328.49111085
S0,1996,20-24,38779744.94333494
S0,1996,25-29,39437431.7987183
S0,1996,30-34,37219908.964263976
S0,1996,35-39,34642935.2875438
S0,1996,40-44,31990678.865272045
S0,1996,45-49,28925465.357767403
S0,1996,50-54,25889778.393433094
S0,1996,55-59,21975037.321654737
S0,1996,60-64,17688850.332760394
S0,1996,65-69,13464914.6474092
S0,1996,70-74,10234479.37539804
S0,1996,75+,14292834.907752216
S0,1996,0-8,
S0,1996,9-14,
S0,1996,0-17,
S0,1996,18-29,
S0,1996,30-65,
S0,1996,66+,
S0,1996,15-26,
S0,1996,27-45,
S0,1996,46-65,
S0,1997,00-04,34650061.03418164
S0,1997,05-09,35872074.062367156
S0,1997,10-14,37035468.29460551
S0,1997,15-19,37762617.59369503
S0,1997,20-24,39548765.454744756
S0,1997,25-29,40219494.54861143
S0,1997,30-34,37957997.19739053
S0,1997,35-39,35329920.92529082
S0,1997,40-44,32625069.015523553
S0,1997,45-49,29499070.888043642
S0,1997,50-54,26403184.828918874
S0,1997,55-59,22410812.607542813
S0,1997,60-64,18039628.522483587
S0,1997,65-69,13731930.213482976
S0,1997,70-74,10437433.896496177
S0,1997,75+,14576268.520487785
S0,1997,0-8,
S0,1997,9-14,
S0,1997,0-17,
S0,1997,18-29,
S0,1997,30-65,
S0,1997,66+,
S0,1997,15-26,
S0,1997,27-45,
S0,1997,46-65,
S0,1998,00-04,35325986.75408006
S0,1998,05-09,36571837.836547405
S0,1998,10-14,37757926.63440791
S0,1998,15-19,38499260.58133906
S0,1998,20-24,40320251.18848479
S0,1998,25-29,41004064.32988548
S0,1998,30-34,38698451.49431771
S0,1998,35-39,36019108.809024215
S0,1998,40-44,33261492.80823493
S0,1998,45-49,30074515.205635607
S0,1998,50-54,26918237.073574185
S0,1998,55-59,22847984.843121827
S0,1998,60-64,18391531.18966019
S0,1998,65-69,13999801.742078185
S0,1998,70-74,10641039.02184999
S0,1998,75+,14860610.72650659
S0,1998,0-8,
S0,1998,9-14,
S0,1998,0-17,
S0,1998,18-29,
S0,1998,30-65,
S0,1998,66+,
S0,1998,15-26,
S0,1998,27-45,
S0,1998,46-65,
S0,1999,00-04,36004449.89082171
S0,1999,05-09,37274228.51533362
S0,1999,10-14,38483097.07393663
S0,1999,15-19,39238668.917703
S0,1999,20-24,41094633.070185244
S0,1999,25-29,41791579.376473606
S0,1999,30-34,39441685.447573006
S0,1999,35-39,36710883.895600855
S0,1999,40-44,33900305.72804046
S0,1999,45-49,30652119.7341218
S0,1999,50-54,27435222.818024278
S0,1999,55-59,23286798.217898965
S0,1999,60-64,18744754.895123363
S0,1999,65-69,14268678.857098758
S0,1999,70-74,10845408.4783414
S0,1999,75+,15146020.349671245
S0,1999,0-8,
S0,1999,9-14,
S0,1999,0-17,
S0,1999,18-29,
S0,1999,30-65,
S0,1999,66+,
S0,1999,15-26,
S0,1999,27-45,
S0,1999,46-65,
S0,2000,00-04,36683011.78343536
S0,2000,05-09,37976721.43284175
S0,2000,10-14,39208373.067968175
S0,2000,15-19,39978184.88101244
S0,2000,20-24,41869127.66951746
S0,2000,25-29,42579209.052333295
S0,2000,30-34,40185027.584623665
S0,2000,35-39,37402759.67571294
S0,2000,40-44,34539211.632303774
S0,2000,45-49,31229808.337682664
S0,2000,50-54,27952283.81398803
S0,2000,55-59,23725675.465560436
S0,2000,60-64,19098030.015192747
S0,2000,65-69,14537595.109387815
S0,2000,70-74,11049807.682482779
S0,2000,75+,15431471.516546547
S0,2000,0-8,
S0,2000,9-14,
S0,2000,0-17,
S0,2000,18-29,
S0,2000,30-65,
S0,2000,66+,
S0,2000,15-26,
S0,2000,27-45,
S0,2000,46-65,
S0,2001,00-04,37372189.13470071
S0,2001,05-09,38690204.18723888
S0,2001,10-14,39944995.31856012
S0,2001,15-19,40729269.87172559
S0,2001,20-24,42655738.50391188
S0,2001,25-29,43379160.44909707
S0,2001,30-34,40939998.60594538
S0,2001,35-39,38105459.197647035
S0,2001,40-44,35188112.61480963
S0,2001,45-49,31816534.332749605
S0,2001,50-54,28477433.739912093
S0,2001,55-59,24171418.532429338
S0,2001,60-64,19456831.79019314
S0,2001,65-69,14810718.301954567
S0,2001,70-74,11257404.518739343
S0,2001,75+,15721388.296790361
S0,2001,0-8,
S0,2001,9-14,
S0,2001,0-17,
S0,2001,18-29,
S0,2001,30-65,
S0,2001,66+,
S0,2001,15-26,
S0,2001,27-45,
S0,2001,46-65,
S0,2002,00-04,38072873.14022912
S0,2002,05-09,39415599.40417184
S0,2002,10-14,40693916.3737261
S0,2002,15-19,41492895.140053004
S0,2002,20-24,43455482.76309797
S0,2002,25-29,44192468.00757
S0,2002,30-34,41707574.78688964
S0,2002,35-39,38819891.14293319
S0,2002,40-44,35847847.78860593
S0,2002,45-49,32413056.43205589
S0,2002,50-54,29011351.68269384
S0,2002,55-59,24624603.822045684
S0,2002,60-64,19821624.197309256
S0,2002,65-69,15088401.618475378
S0,2002,70-74,11468467.436718643
S0,2002,75+,16016145.5903638
S0,2002,0-8,
S0,2002,9-14,
S0,2002,0-17,
S0,2002,18-29,
S0,2002,30-65,
S0,2002,66+,
S0,2002,15-26,
S0,2002,27-45,
S0,2002,46-65,
S0,2003,00-04,38746045.0794649
S0,2003,05-09,40112512.2793657
S0,2003,10-14,41413431.35489139
S0,2003,15-19,42226536.979560584
S0,2003,20-24,44223825.3962982
S0,2003,25-29,44973841.38274711
S0,2003,30-34,42445012.408072114
S0,2003,35-39,39506271.2147854
S0,2003,40-44,36481678.73497039
S0,2003,45-49,32986156.339030623
S0,2003,50-54,29524305.559333503
S0,2003,55-59,25059994.979596257
S0,2003,60-64,20172093.182157338
S0,2003,65-69,15355181.814970315
S0,2003,70-74,11671243.05693525
S0,2003,75+,16299329.361297965
S0,2003,0-8,
S0,2003,9-14,
S0,2003,0-17,
S0,2003,18-29,
S0,2003,30-65,
S0,2003,66+,
S0,2003,15-26,
S0,2003,27-45,
S0,2003,46-65,
S0,2004,00-04,39413650.00082987
S0,2004,05-09,40803661.80317115
S0,2004,10-14,42126996.06908178
S0,2004,15-19,42954111.725368515
S0,2004,20-24,44985813.96611485
S0,2004,25-29,45748752.93251255
S0,2004,30-34,43176351.54508364
S0,2004,35-39,40186975.03974813
S0,2004,40-44,37110268.00680888
S0,2004,45-49,33554516.80688447
S0,2004,50-54,30033017.394331634
S0,2004,55-59,25491785.526049376
S0,2004,60-64,20519663.847886443
S0,2004,65-69,15619755.784445226
S0,2004,70-74,11872341.757132292
S0,2004,75+,16580171.25043106
S0,2004,0-8,
S0,2004,9-14,
S0,2004,0-17,
S0,2004,18-29,
S0,2004,30-65,
S0,2004,66+,
S0,2004,15-26,
S0,2004,27-45,
S0,2004,46-65,
S0,2005,00-04,40087879.03394072
S0,2005,05-09,41501669.05305424
S0,2005,10-14,42847640.91742551
S0,2005,15-19,43688905.615711614
S0,2005,20-24,45755363.14142442
S0,2005,25-29,46531353.31220502
S0,2005,30-34,43914947.17768514
S0,2005,35-39,40874432.946441114
S0,2005,40-44,37745094.26918721
S0,2005,45-49,34128516.66284126
S0,2005,50-54,30546776.771571636
S0,2005,55-59,25927860.386082232
S0,2005,60-64,20870683.180417895
S0,2005,65-69,15886954.910629988
S0,2005,70-74,12075435.799513698
S0,2005,75+,16863799.709879756
S0,2005,0-8,
S0,2005,9-14,
S0,2005,0-17,
S0,2005,18-29,
S0,2005,30-65,
S0,2005,66+,
S0,2005,15-26,
S0,2005,27-45,
S0,2005,46-65,
S0,2006,00-04,40722285.88554314
S0,2006,05-09,42158449.70183596
S0,2006,10-14,43525722.11373927
S0,2006,15-19,44380300.165125236
S0,2006,20-24,46479460.21450478
S0,2006,25-29,47267730.742664784
S0,2006,30-34,44609918.92597076
S0,2006,35-39,41521287.33089554
S0,2006,40-44,38342425.60713297
S0,2006,45-49,34668614.2017408
S0,2006,50-54,31030191.83231473
S0,2006,55-59,26338179.232394755
S0,2006,60-64,21200970.158086896
S0,2006,65-69,16138372.378684819
S0,2006,70-74,12266534.440596938
S0,2006,75+,17130676.140806675
S0,2006,0-8,
S0,2006,9-14,
S0,2006,0-17,
S0,2006,18-29,
S0,2006,30-65,
S0,2006,66+,
S0,2006,15-26,
S0,2006,27-45,
S0,2006,46-65,
S0,2007,00-04,41365871.95768239
S0,2007,05-09,42824733.29719562
S0,2007,10-14,44213614.45384362
S0,2007,15-19,45081698.48897946
S0,2007,20-24,47214034.23421186
S0,2007,25-29,48014762.8040061
S0,2007,30-34,45314946.20711875
S0,2007,35-39,42177501.03900039
S0,2007,40-44,38948399.720721364
S0,2007,45-49,35216526.40154517
S0,2007,50-54,31520601.416276157
S0,2007,55-59,26754434.97420454
S0,2007,60-64,21536036.051684678
S0,2007,65-69,16393427.60125047
S0,2007,70-74,12460398.084243417
S0,2007,75+,17401414.00168073
S0,2007,0-8,
S0,2007,9-14,
S0,2007,0-17,
S0,2007,18-29,
S0,2007,30-65,
S0,2007,66+,
S0,2007,15-26,
S0,2007,27-45,
S0,2007,46-65,
S0,2008,00-04,41974578.42743982
S0,2008,05-09,43454907.18184882
S0,2008,10-14,44864225.98203643
S0,2008,15-19,45745084.034580156
S0,2008,20-24,47908797.49536386
S0,2008,25-29,48721308.93441442
S0,2008,30-34,45981764.03610593
S0,2008,35-39,42798150.781060815
S0,2008,40-44,39521532.63862425
S0,2008,45-49,35734744.11214805
S0,2008,50-54,31984432.90597278
S0,2008,55-59,27148131.44167322
S0,2008,60-64,21852942.812190115
S0,2008,65-69,16634659.925631046
S0,2008,70-74,12643755.150604546
S0,2008,75+,17657479.03269434
S0,2008,0-8,
S0,2008,9-14,
S0,2008,0-17,
S0,2008,18-29,
S0,2008,30-65,
S0,2008,66+,
S0,2008,15-26,
S0,2008,27-45,
S0,2008,46-65,
S0,2009,00-04,42581213.99671264
S0,2009,05-09,44082937.13101266
S0,2009,10-14,45512624.04315442
S0,2009,15-19,46406212.654197425
S0,2009,20-24,48601197.079364836
S0,2009,25-29,49425451.30078122
S0,2009,30-34,46646313.26202446
S0,2009,35-39,43416688.99003351
S0,2009,40-44,40092715.682003975
S0,2009,45-49,36251198.77707738
S0,2009,50-54,32446686.379163086
S0,2009,55-59,27540488.501322627
S0,2009,60-64,22168771.41368699
S0,2009,65-69,16875071.545514047
S0,2009,70-74,12826488.411804438
S0,2009,75+,17912672.896366596
S0,2009,0-8,
S0,2009,9-14,
S0,2009,0-17,
S0,2009,18-29,
S0,2009,30-65,
S0,2009,66+,
S0,2009,15-26,
S0,2009,27-45,
S0,2009,46-65,
S0,2010,00-04,43215676.02688966
S0,2010,05-09,44739774.904366605
S0,2010,10-14,46190764.21669039
S0,2010,15-19,47097667.33878398
S0,2010,20-24,49325357.131973684
S0,2010,25-29,50161892.77887362
S0,2010,30-34,47341345.456615806
S0,2010,35-39,44063599.63570714
S0,2010,40-44,40690098.973820806
S0,2010,45-49,36791343.29184461
S0,2010,50-54,32930143.4857226
S0,2010,55-59,27950843.035788596
S0,2010,60-64,22499087.118606627
S0,2010,65-69,17126510.881014705
S0,2010,70-74,13017603.674004793
S0,2010,75+,18179572.539307833
S0,2010,0-8,
S0,2010,9-14,
S0,2010,0-17,
S0,2010,18-29,
S0,2010,30-65,
S0,2010,66+,
S0,2010,15-26,
S0,2010,27-45,
S0,2010,46-65,
S0,2011,00-04,43849513.25578254
S0,2011,05-09,45395965.841401376
S0,2011,10-14,46868236.575871706
S0,2011,15-19,47788441.09724051
S0,2011,20-24,50048804.05107841
S0,2011,25-29,50897609.02904177
S0,2011,30-34,48035693.20204067
S0,2011,35-39,44709873.22103214
S0,2011,40-44,41286893.97850609
S0,2011,45-49,37330955.88670117
S0,2011,50-54,33413124.496618927
S0,2011,55-59,28360793.464054525
S0,2011,60-64,22829077.537430704
S0,2011,65-69,17377702.605764627
S0,2011,70-74,13208530.730992794
S0,2011,75+,18446209.346599936
S0,2011,0-8,
S0,2011,9-14,
S0,2011,0-17,
S0,2011,18-29,
S0,2011,30-65,
S0,2011,66+,
S0,2011,15-26,
S0,2011,27-45,
S0,2011,46-65,
S0,2012,00-04,44470251.33759545
S0,2012,05-09,46038595.660210565
S0,2012,10-14,47531708.00599581
S0,2012,15-19,48464939.03432122
S0,2012,20-24,50757299.911510795
S0,2012,25-29,51618120.65737516
S0,2012,30-34,48715691.26457
S0,2012,35-39,45342790.644298255
S0,2012,40-44,41871355.366315246
S0,2012,45-49,37859416.62044257
S0,2012,50-54,33886124.01856166
S0,2012,55-59,28762271.684140503
S0,2012,60-64,23152248.23530096
S0,2012,65-69,17623703.096554518
S0,2012,70-74,13395512.009021878
S0,2012,75+,18707335.725352168
S0,2012,0-8,
S0,2012,9-14,
S0,2012,0-17,
S0,2012,18-29,
S0,2012,30-65,
S0,2012,66+,
S0,2012,15-26,
S0,2012,27-45,
S0,2012,46-65,
S0,2013,00-04,45108603.74638819
S0,2013,05-09,46695645.57292832
S0,2013,10-14,48208399.47431001
S0,2013,15-19,49147134.88120952
S0,2013,20-24,51468079.32357386
S0,2013,25-29,52333803.72608164
S0,2013,30-34,49378835.65120703
S0,2013,35-39,45950422.14630902
S0,2013,40-44,42429720.0455907
S0,2013,45-49,38364061.69836551
S0,2013,50-54,34335742.10277319
S0,2013,55-59,29141296.446925938
S0,2013,60-64,23455960.522652566
S0,2013,65-69,17854372.443992138
S0,2013,70-74,13570963.458631754
S0,2013,75+,18949145.812026024
S0,2013,0-8,
S0,2013,9-14,
S0,2013,0-17,
S0,2013,18-29,
S0,2013,30-65,
S0,2013,66+,
S0,2013,15-26,
S0,2013,27-45,
S0,2013,46-65,
S0,2014,00-04,45747628.30109741
S0,2014,05-09,47353385.29675798
S0,2014,10-14,48885818.83556798
S0,2014,15-19,49830038.93140942
S0,2014,20-24,52179608.83341429
S0,2014,25-29,53050236.05008417
S0,2014,30-34,50042671.003457785
S0,2014,35-39,46558752.416953444
S0,2014,40-44,42988758.54118329
S0,2014,45-49,38869336.615605116
S0,2014,50-54,34785923.2806226
S0,2014,55-59,29520803.677317023
S0,2014,60-64,23760071.009565473
S0,2014,65-69,18085351.32057488
S0,2014,70-74,13746653.362493634
S0,2014,75+,19191275.684527278
S0,2014,0-8,
S0,2014,9-14,
S0,2014,0-17,
S0,2014,18-29,
S0,2014,30-65,
S0,2014,66+,
S0,2014,15-26,
S0,2014,27-45,
S0,2014,46-65,
S0,2015,00-04,46387056.145969
S0,2015,05-09,48011601.06885907
S0,2015,10-14,49563772.58604583
S0,2015,15-19,50513514.75856173
S0,2015,20-24,52891723.45378089
S0,2015,25-29,53767304.9303163
S0,2015,30-34,50707185.10974944
S0,2015,35-39,47167794.71411353
S0,2015,40-44,43548491.39788705
S0,2015,45-49,39375256.28584379
S0,2015,50-54,35236701.05029696
S0,2015,55-59,29900839.28610766
S0,2015,60-64,24064620.025812864
S0,2015,65-69,18316673.72885728
S0,2015,70-74,13922599.698266268
S0,2015,75+,19433765.519810557
S0,2015,0-8,
S0,2015,9-14,
S0,2015,0-17,
S0,2015,18-29,
S0,2015,30-65,
S0,2015,66+,
S0,2015,15-26,
S0,2015,27-45,
S0,2015,46-65,
S0,2016,00-04,47009601.29056149
S0,2016,05-09,48652459.46896983
S0,2016,10-14,50223806.20771295
S0,2016,15-19,51178765.56573182
S0,2016,20-24,53584945.12398696
S0,2016,25-29,54465339.58684474
S0,2016,30-34,51354025.409066975
S0,2016,35-39,47760650.98875475
S0,2016,40-44,44093375.778541565
S0,2016,45-49,39867753.33390498
S0,2016,50-54,35675455.9613564
S0,2016,55-59,30270735.22623974
S0,2016,60-64,24361052.90034914
S0,2016,65-69,18541836.644092917
S0,2016,70-74,14093824.16899395
S0,2016,75+,19669659.661042213
S0,2016,0-8,
S0,2016,9-14,
S0,2016,0-17,
S0,2016,18-29,
S0,2016,30-65,
S0,2016,66+,
S0,2016,15-26,
S0,2016,27-45,
S0,2016,46-65,
S0,2017,00-04,47597547.62597828
S0,2017,05-09,49257773.76171098
S0,2017,10-14,50847144.96851221
S0,2017,15-19,51806779.08572507
S0,2017,20-24,54239545.72660783
S0,2017,25-29,55124457.37289849
S0,2017,30-34,51964708.05029768
S0,2017,35-39,48320250.34291607
S0,2017,40-44,44607672.4218564
S0,2017,45-49,40332566.986815035
S0,2017,50-54,36089415.81226432
S0,2017,55-59,30619701.719107926
S0,2017,60-64,24640717.082278013
S0,2017,65-69,18754262.25201869
S0,2017,70-74,14255288.247738004
S0,2017,75+,19891958.227309227
S0,2017,0-8,
S0,2017,9-14,
S0,2017,0-17,
S0,2017,18-29,
S0,2017,30-65,
S0,2017,66+,
S0,2017,15-26,
S0,2017,27-45,
S0,2017,46-65,
S0,2018,00-04,48185624.44484559
S0,2018,05-09,49863245.07444194
S0,2018,10-14,51470674.63584548
S0,2018,15-19,52434983.24352619
S0,2018,20-24,54894357.62940729
S0,2018,25-29,55783801.18950966
S0,2018,30-34,52575648.58499676
S0,2018,35-39,48880200.41446757
S0,2018,40-44,45122346.61290014
S0,2018,45-49,40797753.13633603
S0,2018,50-54,36503721.44839823
S0,2018,55-59,30968983.073089838
S0,2018,60-64,24920653.059573054
S0,2018,65-69,18966906.761179566
S0,2018,70-74,14416918.17233181
S0,2018,75+,20114487.554726243
S0,2018,0-8,
S0,2018,9-14,
S0,2018,0-17,
S0,2018,18-29,
S0,2018,30-65,
S0,2018,66+,
S0,2018,15-26,
S0,2018,27-45,
S0,2018,46-65,
S0,2019,00-04,48774784.15217724
S0,2019,05-09,50469862.02794539
S0,2019,10-14,52095416.18796511
S0,2019,15-19,53064431.05799347
S0,2019,20-24,55550425.32188067
S0,2019,25-29,56444414.7702536
S0,2019,30-34,53187789.05562878
S0,2019,35-39,49441313.64961189
S0,2019,40-44,45638124.95457673
S0,2019,45-49,41263943.64337343
S0,2019,50-54,36918919.17726821
S0,2019,55-59,31319021.843832374
S0,2019,60-64,25201202.690387964
S0,2019,65-69,19180016.564451337
S0,2019,70-74,14578889.212347984
S0,2019,75+,20337458.218138576
S0,2019,0-8,
S0,2019,9-14,
S0,2019,0-17,
S0,2019,18-29,
S0,2019,30-65,
S0,2019,66+,
S0,2019,15-26,
S0,2019,27-45,
S0,2019,46-65,
S0,2020,00-04,49364497.86978125
S0,2020,05-09,51077093.50616444
S0,2020,10-14,52720839.84396002
S0,2020,15-19,53694584.637829065
S0,2020,20-24,56207268.95193532
S0,2020,25-29,57105867.85677713
S0,2020,30-34,53800805.99862474
S0,2020,35-39,50003375.0452739
S0,2020,40-44,46154844.42572343
S0,2020,45-49,41731025.18733227
S0,2020,50-54,37334942.25888407
S0,2020,55-59,31669790.771059275
S0,2020,60-64,25482359.625914812
S0,2020,65-69,19393608.695825696
S0,2020,70-74,14741238.277776122
S0,2020,75+,20560970.045366287
S0,2020,0-8,
S0,2020,9-14,
S0,2020,0-17,
S0,2020,18-29,
S0,2020,30-65,
S0,2020,66+,
S0,2020,15-26,
S0,2020,27-45,
S0,2020,46-65,
S0,2021,00-04,49936789.41014617
S0,2021,05-09,51665770.95959792
S0,2021,10-14,53327156.728574425
S0,2021,15-19,54305941.25758326
S0,2021,20-24,56843979.89782679
S0,2021,25-29,57746411.86713499
S0,2021,30-34,54393808.96451658
S0,2021,35-39,50547194.16473907
S0,2021,40-44,46655165.19914794
S0,2021,45-49,42183379.571726024
S0,2021,50-54,37737755.12988633
S0,2021,55-59,32009362.278907537
S0,2021,60-64,25754563.539274096
S0,2021,65-69,19600386.990285754
S0,2021,70-74,14898385.660120606
S0,2021,75+,20777052.96866727
S0,2021,0-8,
S0,2021,9-14,
S0,2021,0-17,
S0,2021,18-29,
S0,2021,30-65,
S0,2021,66+,
S0,2021,15-26,
S0,2021,27-45,
S0,2021,46-65,
S0,2022,00-04,50473108.58880264
S0,2022,05-09,52216166.11286115
S0,2022,10-14,53894044.03291798
S0,2022,15-19,54878564.504965276
S0,2022,20-24,57439219.317736715
S0,2022,25-29,58343861.77639866
S0,2022,30-34,54945526.90932739
S0,2022,35-39,51053270.127305925
S0,2022,40-44,47121515.682686746
S0,2022,45-49,42605242.83185202
S0,2022,50-54,38113240.25790018
S0,2022,55-59,32325778.37374401
S0,2022,60-64,26008257.42996359
S0,2022,65-69,19793083.895920396
S0,2022,70-74,15044793.894957662
S0,2022,75+,20977830.4482553
S0,2022,0-8,
S0,2022,9-14,
S0,2022,0-17,
S0,2022,18-29,
S0,2022,30-65,
S0,2022,66+,
S0,2022,15-26,
S0,2022,27-45,
S0,2022,46-65,
S0,2023,00-04,51010091.09989662
S0,2023,05-09,52767260.049339645
S0,2023,10-14,54461693.803775966
S0,2023,15-19,55451910.55251613
S0,2023,20-24,58035212.15113202
S0,2023,25-29,58942115.460372925
S0,2023,30-34,55498069.92537117
S0,2023,35-39,51560222.1169225
S0,2023,40-44,47588739.03591329
S0,2023,45-49,43027926.00203574
S0,2023,50-54,38489483.70264304
S0,2023,55-59,32642861.08018422
S0,2023,60-64,26262498.956176758
S0,2023,65-69,19986210.496299267
S0,2023,70-74,15191526.000887036
S0,2023,75+,21179051.77814722
S0,2023,0-8,
S0,2023,9-14,
S0,2023,0-17,
S0,2023,18-29,
S0,2023,30-65,
S0,2023,66+,
S0,2023,15-26,
S0,2023,27-45,
S0,2023,46-65,
S0,2024,00-04,51548100.74251017
S0,2024,05-09,53319442.761865586
S0,2024,10-14,55030496.230412185
S0,2024,15-19,56026431.48617461
S0,2024,20-24,58632426.90146026
S0,2024,25-29,59541611.13972694
S0,2024,30-34,56051797.79529476
S0,2024,35-39,52068341.28889459
S0,2024,40-44,48057073.917032
S0,2024,45-49,43451634.04588878
S0,2024,50-54,38866649.440509915
S0,2024,55-59,32960740.66246593
S0,2024,60-64,26517396.707120895
S0,2024,65-69,20179844.278787494
S0,2024,70-74,15338641.688673973
S0,2024,75+,21380793.14086044
S0,2024,0-8,
S0,2024,9-14,
S0,2024,0-17,
S0,2024,18-29,
S0,2024,30-65,
S0,2024,66+,
S0,2024,15-26,
S0,2024,27-45,
S0,2024,46-65,
S0,2025,00-04,52086690.84213822
S0,2025,05-09,53872269.907072194
S0,2025,10-14,55600004.75117147
S0,2025,15-19,56601705.235892236
S0,2025,20-24,59230425.70450574
S0,2025,25-29,60141922.564047635
S0,2025,30-34,56606330.05791998
S0,2025,35-39,52577318.950971365
S0,2025,40-44,48526244.36666322
S0,2025,45-49,43876117.99806869
S0,2025,50-54,39244510.11488485
S0,2025,55-59,33279216.031134963
S0,2025,60-64,26772783.52587092
S0,2025,65-69,20373856.149638057
S0,2025,70-74,15486042.529161692
S0,2025,75+,21582914.373877525
S0,2025,0-8,
S0,2025,9-14,
S0,2025,0-17,
S0,2025,18-29,
S0,2025,30-65,
S0,2025,66+,
S0,2025,15-26,
S0,2025,27-45,
S0,2025,46-65,
S0,2026,00-04,52604015.07920028
S0,2026,05-09,54402863.97765851
S0,2026,10-14,56146661.64631252
S0,2026,15-19,57154413.31643516
S0,2026,20-24,59804630.17648399
S0,2026,25-29,60717932.36902481
S0,2026,30-34,57138103.850165725
S0,2026,35-39,53065688.39372641
S0,2026,40-44,48976807.09907329
S0,2026,45-49,44283851.97488797
S0,2026,50-54,39607388.22054422
S0,2026,55-59,33585060.574149966
S0,2026,60-64,27018091.043526888
S0,2026,65-69,20560222.31335473
S0,2026,70-74,15627610.238034368
S0,2026,75+,21776863.341585875
S0,2026,0-8,
S0,2026,9-14,
S0,2026,0-17,
S0,2026,18-29,
S0,2026,30-65,
S0,2026,66+,
S0,2026,15-26,
S0,2026,27-45,
S0,2026,46-65,
S0,2027,00-04,53077946.84809625
S0,2027,05-09,54888077.56026316
S0,2027,10-14,56646629.67497325
S0,2027,15-19,57660981.484708816
S0,2027,20-24,60330226.45565739
S0,2027,25-29,61244250.44928944
S0,2027,30-34,57623246.210357726
S0,2027,35-39,53511659.22136903
S0,2027,40-44,49388996.178477466
S0,2027,45-49,44657028.25102502
S0,2027,50-54,39939353.94573951
S0,2027,55-59,33864825.84711385
S0,2027,60-64,27242569.25326228
S0,2027,65-69,20730760.209369183
S0,2027,70-74,15757092.64004469
S0,2027,75+,21953857.737811208
S0,2027,0-8,
S0,2027,9-14,
S0,2027,0-17,
S0,2027,18-29,
S0,2027,30-65,
S0,2027,66+,
S0,2027,15-26,
S0,2027,27-45,
S0,2027,46-65,
S0,2028,00-04,53552343.4509556
S0,2028,05-09,55373770.362338066
S0,2028,10-14,57147126.31769803
S0,2028,15-19,58168103.97134018
S0,2028,20-24,60856362.22633189
S0,2028,25-29,61771130.4726274
S0,2028,30-34,58108963.51036656
S0,2028,35-39,53958266.0849815
S0,2028,40-44,49801834.528713405
S0,2028,45-49,45030818.70128518
S0,2028,50-54,40271886.77100456
S0,2028,55-59,34145095.04872537
S0,2028,60-64,27467466.42307222
S0,2028,65-69,20901633.442711353
S0,2028,70-74,15886827.801999569
S0,2028,75+,22131197.50488913
S0,2028,0-8,
S0,2028,9-14,
S0,2028,0-17,
S0,2028,18-29,
S0,2028,30-65,
S0,2028,66+,
S0,2028,15-26,
S0,2028,27-45,
S0,2028,46-65,
S0,2029,00-04,54027714.2514612
S0,2029,05-09,55860549.10594957
S0,2029,10-14,57648794.675740555
S0,2029,15-19,58676438.56540367
S0,2029,20-24,61383784.634973615
S0,2029,25-29,62299341.66607034
S0,2029,30-34,58595981.659725726
S0,2029,35-39,54406187.42380774
S0,2029,40-44,50215923.23635942
S0,2029,45-49,45405758.11486232
S0,2029,50-54,40605448.84971523
S0,2029,55-59,34426244.60139036
S0,2029,60-64,27693085.413378
S0,2029,65-69,21073059.575252652
S0,2029,70-74,16016982.30895567
S0,2029,75+,22309111.439859033
S0,2029,0-8,
S0,2029,9-14,
S0,2029,0-17,
S0,2029,18-29,
S0,2029,30-65,
S0,2029,66+,
S0,2029,15-26,
S0,2029,27-45,
S0,2029,46-65,
S0,2030,00-04,54504151.48476468
S0,2030,05-09,56348459.34137483
S0,2030,10-14,58151662.76084703
S0,2030,15-19,59185946.7630516
S0,2030,20-24,61912408.24470118
S0,2030,25-29,62828781.62181151
S0,2030,30-34,59084178.08598101
S0,2030,35-39,54855311.32909107
S0,2030,40-44,50631166.98947275
S0,2030,45-49,45781766.21753037
S0,2030,50-54,40939969.12342119
S0,2030,55-59,34708213.16977668
S0,2030,60-64,27919377.686956286
S0,2030,65-69,21245005.05984497
S0,2030,70-74,16147523.918320417
S0,2030,75+,22487541.004866242
S0,2030,0-8,
S0,2030,9-14,
S0,2030,0-17,
S0,2030,18-29,
S0,2030,30-65,
S0,2030,66+,
S0,2030,15-26,
S0,2030,27-45,
S0,2030,46-65,
S0,2031,00-04,54957804.31001908
S0,2031,05-09,56812954.26173066
S0,2031,10-14,58630494.97379401
S0,2031,15-19,59671190.46823862
S0,2031,20-24,62415828.30495012
S0,2031,25-29,63332868.919312894
S0,2031,30-34,59548977.984053016
S0,2031,35-39,55283171.24563372
S0,2031,40-44,51027014.36540681
S0,2031,45-49,46140285.14235139
S0,2031,50-54,41258896.68276107
S0,2031,55-59,34977091.92236364
S0,2031,60-64,28135215.354997516
S0,2031,65-69,21409035.924756765
S0,2031,70-74,16272035.521031618
S0,2031,75+,22657611.85839629
S0,2031,0-8,
S0,2031,9-14,
S0,2031,0-17,
S0,2031,18-29,
S0,2031,30-65,
S0,2031,66+,
S0,2031,15-26,
S0,2031,27-45,
S0,2031,46-65,
S0,2032,00-04,55365649.63216871
S0,2032,05-09,57230348.25410673
S0,2032,10-14,59060918.36257991
S0,2032,15-19,60107477.9463442
S0,2032,20-24,62868414.93601459
S0,2032,25-29,63785747.357569516
S0,2032,30-34,59966388.89678329
S0,2032,35-39,55667743.85748547
S0,2032,40-44,51383231.979032755
S0,2032,45-49,46463031.41157013
S0,2032,50-54,41545890.07773447
S0,2032,55-59,35219115.44896972
S0,2032,60-64,28329584.450570107
S0,2032,65-69,21556784.686172485
S0,2032,70-74,16384120.949150562
S0,2032,75+,22810446.12907183
S0,2032,0-8,
S0,2032,9-14,
S0,2032,0-17,
S0,2032,18-29,
S0,2032,30-65,
S0,2032,66+,
S0,2032,15-26,
S0,2032,27-45,
S0,2032,46-65,
S0,2033,00-04,55773924.59245746
S0,2033,05-09,57648259.60578892
S0,2033,10-14,59491947.8774343
S0,2033,15-19,60544331.554085374
S0,2033,20-24,63321547.4661203
S0,2033,25-29,64239221.539791346
S0,2033,30-34,60384444.10917956
S0,2033,35-39,56053081.800346434
S0,2033,40-44,51740232.29557371
S0,2033,45-49,46786528.06396127
S0,2033,50-54,41833583.72186673
S0,2033,55-59,35461763.65426743
S0,2033,60-64,28524481.385591388
S0,2033,65-69,21704949.946795344
S0,2033,70-74,16496517.040189385
S0,2033,75+,22963691.769146204
S0,2033,0-8,
S0,2033,9-14,
S0,2033,0-17,
S0,2033,18-29,
S0,2033,30-65,
S0,2033,66+,
S0,2033,15-26,
S0,2033,27-45,
S0,2033,46-65,
S0,2034,00-04,56183270.42112027
S0,2034,05-09,58067307.471855715
S0,2034,10-14,59924179.65236926
S0,2034,15-19,60982501.76763862
S0,2034,20-24,63776096.665870786
S0,2034,25-29,64694155.99114698
S0,2034,30-34,60803908.0085839
S0,2034,35-39,56439804.65963143
S0,2034,40-44,52098559.37928593
S0,2034,45-49,47111244.809856296
S0,2034,50-54,42122375.88440919
S0,2034,55-59,35705352.979059815
S0,2034,60-64,28720142.64606321
S0,2034,65-69,21853708.546084642
S0,2034,70-74,16609369.914972544
S0,2034,75+,23117571.76307726
S0,2034,0-8,
S0,2034,9-14,
S0,2034,0-17,
S0,2034,18-29,
S0,2034,30-65,
S0,2034,66+,
S0,2034,15-26,
S0,2034,27-45,
S0,2034,46-65,
S0,2035,00-04,56593361.22269892
S0,2035,05-09,58487175.19908167
S0,2035,10-14,60357300.782419264
S0,2035,15-19,61421487.08661348
S0,2035,20-24,64231459.03727865
S0,2035,25-29,65149916.4902339
S0,2035,30-34,61224161.9716748
S0,2035,35-39,56827365.151384294
S0,2035,40-44,52457685.70393735
S0,2035,45-49,47436698.60835457
S0,2035,50-54,42411819.79284489
S0,2035,55-59,35949494.010211706
S0,2035,60-64,28916262.20471728
S0,2035,65-69,22002814.51590848
S0,2035,70-74,16722478.733133554
S0,2035,75+,23271789.500061035
S0,2035,0-8,
S0,2035,9-14,
S0,2035,0-17,
S0,2035,18-29,
S0,2035,30-65,
S0,2035,66+,
S0,2035,15-26,
S0,2035,27-45,
S0,2035,46-65,
S0,2036,00-04,57004419.50883731
S0,2036,05-09,58908082.65128961
S0,2036,10-14,60791548.07155776
S0,2036,15-19,61861640.36805946
S0,2036,20-24,64688037.621114135
S0,2036,25-29,65606962.25929004
S0,2036,30-34,61645717.823690355
S0,2036,35-39,57216283.67751062
S0,2036,40-44,52818156.85891193
S0,2036,45-49,47763411.1284318
S0,2036,50-54,42702422.46644306
S0,2036,55-59,36194657.583272815
S0,2036,60-64,29113224.264185667
S0,2036,65-69,22152584.927033186
S0,2036,70-74,16836091.71348548
S0,2036,75+,23426690.931268334
S0,2036,0-8,
S0,2036,9-14,
S0,2036,0-17,
S0,2036,18-29,
S0,2036,30-65,
S0,2036,66+,
S0,2036,15-26,
S0,2036,27-45,
S0,2036,46-65,
S0,2037,00-04,57371221.6118958
S0,2037,05-09,59287134.11413778
S0,2037,10-14,61182718.929413274
S0,2037,15-19,62259696.869312555
S0,2037,20-24,65104280.93078369
S0,2037,25-29,66029118.505057216
S0,2037,30-34,62042384.94418925
S0,2037,35-39,57584449.04719478
S0,2037,40-44,53158021.92871612
S0,2037,45-49,48070750.80142748
S0,2037,50-54,42977196.5717026
S0,2037,55-59,36427556.65733433
S0,2037,60-64,29300556.965385437
S0,2037,65-69,22295128.519432306
S0,2037,70-74,16944425.661993384
S0,2037,75+,23577432.918913007
S0,2037,0-8,
S0,2037,9-14,
S0,2037,0-17,
S0,2037,18-29,
S0,2037,30-65,
S0,2037,66+,
S0,2037,15-26,
S0,2037,27-45,
S0,2037,46-65,
S0,2038,00-04,57722330.34302234
S0,2038,05-09,59649968.12474612
S0,2038,10-14,61557153.815173596
S0,2038,15-19,62640722.8010242
S0,2038,20-24,65502715.56100911
S0,2038,25-29,66433213.09053677
S0,2038,30-34,62422080.93883234
S0,2038,35-39,57936862.71853602
S0,2038,40-44,53483346.10875267
S0,2038,45-49,48364941.16105354
S0,2038,50-54,43240214.65867567
S0,2038,55-59,36650491.307088256
S0,2038,60-64,29479874.76773262
S0,2038,65-69,22431573.483733654
S0,2038,70-74,17048124.61813724
S0,2038,75+,23721725.5158422
S0,2038,0-8,
S0,2038,9-14,
S0,2038,0-17,
S0,2038,18-29,
S0,2038,30-65,
S0,2038,66+,
S0,2038,15-26,
S0,2038,27-45,
S0,2038,46-65,
S0,2039,00-04,58057882.58581829
S0,2039,05-09,59996726.137945175
S0,2039,10-14,61914998.70639798
S0,2039,15-19,63004866.71034548
S0,2039,20-24,65883496.845914006
S0,2039,25-29,66819403.55644828
S0,2039,30-34,62784953.83628023
S0,2039,35-39,58273662.08388108
S0,2039,40-44,53794256.23023218
S0,2039,45-49,48646096.90065801
S0,2039,50-54,43491579.26785672
S0,2039,55-59,36863548.44605994
S0,2039,60-64,29651247.580245018
S0,2039,65-69,22561973.01450765
S0,2039,70-74,17147229.010095835
S0,2039,75+,23859624.976112366
S0,2039,0-8,
S0,2039,9-14,
S0,2039,0-17,
S0,2039,18-29,
S0,2039,30-65,
S0,2039,66+,
S0,2039,15-26,
S0,2039,27-45,
S0,2039,46-65,
S0,2040,00-04,58378922.13323712
S0,2040,05-09,60328486.80416423
S0,2040,10-14,62257366.74115634
S0,2040,15-19,63353261.32952535
S0,2040,20-24,66247809.27116507
S0,2040,25-29,67188891.2146461
S0,2040,30-34,63132132.415080726
S0,2040,35-39,58595894.81557244
S0,2040,40-44,54091719.43255198
S0,2040,45-49,48915092.603517056
S0,2040,50-54,43732072.31208801
S0,2040,55-59,37067390.825118184
S0,2040,60-64,29815208.4875257
S0,2040,65-69,22686732.741918445
S0,2040,70-74,17242047.119122624
S0,2040,75+,23991560.259707928
S0,2040,0-8,
S0,2040,9-14,
S0,2040,0-17,
S0,2040,18-29,
S0,2040,30-65,
S0,2040,66+,
S0,2040,15-26,
S0,2040,27-45,
S0,2040,46-65,
S0,2041,00-04,58686201.77109496
S0,2041,05-09,60646028.04850899
S0,2041,10-14,62585060.717118174
S0,2041,15-19,63686723.58759886
S0,2041,20-24,66596507.09047836
S0,2041,25-29,67542542.4539305
S0,2041,30-34,63464430.75285107
S0,2041,35-39,58904316.4972505
S0,2041,40-44,54376433.21881217
S0,2041,45-49,49172559.021048546
S0,2041,50-54,43962257.70866251
S0,2041,55-59,37262496.421673775
S0,2041,60-64,29972141.951384425
S0,2041,65-69,22806145.207349062
S0,2041,70-74,17332801.27834809
S0,2041,75+,24117840.73353052
S0,2041,0-8,
S0,2041,9-14,
S0,2041,0-17,
S0,2041,18-29,
S0,2041,30-65,
S0,2041,66+,
S0,2041,15-26,
S0,2041,27-45,
S0,2041,46-65,
S0,2042,00-04,58978664.01807825
S0,2042,05-09,60948257.07506724
S0,2042,10-14,62896952.89845759
S0,2042,15-19,64004105.8976022
S0,2042,20-24,66928390.28477484
S0,2042,25-29,67879140.20837522
S0,2042,30-34,63780705.26817733
S0,2042,35-39,59197865.717337966
S0,2042,40-44,54647417.766494095
S0,2042,45-49,49417610.10064149
S0,2042,50-54,44181343.29068875
S0,2042,55-59,37448193.79350567
S0,2042,60-64,30121507.89631629
S0,2042,65-69,22919799.461178422
S0,2042,70-74,17419179.163701057
S0,2042,75+,24238031.812190175
S0,2042,0-8,
S0,2042,9-14,
S0,2042,0-17,
S0,2042,18-29,
S0,2042,30-65,
S0,2042,66+,
S0,2042,15-26,
S0,2042,27-45,
S0,2042,46-65,
S0,2043,00-04,59255656.27236873
S0,2043,05-09,61234499.48837665
S0,2043,10-14,63192347.32729727
S0,2043,15-19,64304700.050955534
S0,2043,20-24,67242718.28812417
S0,2043,25-29,68197933.3919552
S0,2043,30-34,64080250.2244187
S0,2043,35-39,59475887.44853902
S0,2043,40-44,54904068.39923227
S0,2043,45-49,49649699.03400946
S0,2043,50-54,44388840.189430356
S0,2043,55-59,37624068.574507594
S0,2043,60-64,30262973.02635503
S0,2043,65-69,23027441.894697905
S0,2043,70-74,17500988.031107068
S0,2043,75+,24351865.300673127
S0,2043,0-8,
S0,2043,9-14,
S0,2043,0-17,
S0,2043,18-29,
S0,2043,30-65,
S0,2043,66+,
S0,2043,15-26,
S0,2043,27-45,
S0,2043,46-65,
S0,2044,00-04,59516870.06492107
S0,2044,05-09,61504436.51806507
S0,2044,10-14,63470915.04123458
S0,2044,15-19,64588171.29464644
S0,2044,20-24,67539141.05297947
S0,2044,25-29,68498566.98453015
S0,2044,30-34,64362732.03698838
S0,2044,35-39,59738072.07534391
S0,2044,40-44,55146099.301180184
S0,2044,45-49,49868567.35814285
S0,2044,50-54,44584517.328496814
S0,2044,55-59,37789924.90387511
S0,2044,60-64,30396379.800584078
S0,2044,65-69,23128952.633224607
S0,2044,70-74,17578136.775119066
S0,2044,75+,24459214.42970252
S0,2044,0-8,
S0,2044,9-14,
S0,2044,0-17,
S0,2044,18-29,
S0,2044,30-65,
S0,2044,66+,
S0,2044,15-26,
S0,2044,27-45,
S0,2044,46-65,
S0,2045,00-04,59764461.05348717
S0,2045,05-09,61760295.81009604
S0,2045,10-14,63734954.91065499
S0,2045,15-19,64856858.965269506
S0,2045,20-24,67820104.79791382
S0,2045,25-29,68783521.95438254
S0,2045,30-34,64630481.87723482
S0,2045,35-39,59986583.26728046
S0,2045,40-44,55375507.823951185
S0,2045,45-49,50076021.27628577
S0,2045,50-54,44769989.52668297
S0,2045,55-59,37947131.505206585
S0,2045,60-64,30522829.153775096
S0,2045,65-69,23225169.390603065
S0,2045,70-74,17651262.063067794
S0,2045,75+,24560965.0942384
S0,2045,0-8,
S0,2045,9-14,
S0,2045,0-17,
S0,2045,18-29,
S0,2045,30-65,
S0,2045,66+,
S0,2045,15-26,
S0,2045,27-45,
S0,2045,46-65,
S0,2046,00-04,59997360.2881274
S0,2046,05-09,62000972.71693622
S0,2046,10-14,63983326.969180465
S0,2046,15-19,65109603.0300183
S0,2046,20-24,68084396.48936766
S0,2046,25-29,69051568.03622866
S0,2046,30-34,64882343.76134294
S0,2046,35-39,60220348.10152084
S0,2046,40-44,55591303.51862776
S0,2046,45-49,50271165.126384854
S0,2046,50-54,44944456.025866866
S0,2046,55-59,38095009.65433669
S0,2046,60-64,30641775.153181076
S0,2046,65-69,23315676.76036954
S0,2046,70-74,17720048.183656096
S0,2046,75+,24656677.995712638
S0,2046,0-8,
S0,2046,9-14,
S0,2046,0-17,
S0,2046,18-29,
S0,2046,30-65,
S0,2046,66+,
S0,2046,15-26,
S0,2046,27-45,
S0,2046,46-65,
S0,2047,00-04,60215701.91477099
S0,2047,05-09,62226605.86431956
S0,2047,10-14,64216174.274819106
S0,2047,15-19,65346549.06510091
S0,2047,20-24,68332168.35478222
S0,2047,25-29,69302859.61997366
S0,2047,30-34,65118462.75739992
S0,2047,35-39,60439501.22256458
S0,2047,40-44,55793610.67979634
S0,2047,45-49,50454111.30792105
S0,2047,50-54,45108017.315733194
S0,2047,55-59,38233644.52652097
S0,2047,60-64,30753286.309639692
S0,2047,65-69,23400526.87320292
S0,2047,70-74,17784534.75649941
S0,2047,75+,24746408.263100386
S0,2047,0-8,
S0,2047,9-14,
S0,2047,0-17,
S0,2047,18-29,
S0,2047,30-65,
S0,2047,66+,
S0,2047,15-26,
S0,2047,27-45,
S0,2047,46-65,
S0,2048,00-04,60419124.70869278
S0,2048,05-09,62436821.9644176
S0,2048,10-14,64433111.60462786
S0,2048,15-19,65567305.066629946
S0,2048,20-24,68563010.47999957
S0,2048,25-29,69536980.96843225
S0,2048,30-34,65338448.229773104
S0,2048,35-39,60643680.063148975
S0,2048,40-44,55982094.61017597
S0,2048,45-49,50624557.15444839
S0,2048,50-54,45260402.80023062
S0,2048,55-59,38362806.76401186
S0,2048,60-64,30857178.138920903
S0,2048,65-69,23479579.35294521
S0,2048,70-74,17844615.094911575
S0,2048,75+,24830007.446508408
S0,2048,0-8,
S0,2048,9-14,
S0,2048,0-17,
S0,2048,18-29,
S0,2048,30-65,
S0,2048,66+,
S0,2048,15-26,
S0,2048,27-45,
S0,2048,46-65,
S0,2049,00-04,60608295.33002678
S0,2049,05-09,62632309.940486066
S0,2049,10-14,64634849.90877411
S0,2049,15-19,65772594.49937916
S0,2049,20-24,68777679.3841846
S0,2049,25-29,69754699.34748709
S0,2049,30-34,65543021.11804676
S0,2049,35-39,60833553.7611351
S0,2049,40-44,56157373.012040496
S0,2049,45-49,50783061.25356996
S0,2049,50-54,45402111.87928188
S0,2049,55-59,38482919.659169674
S0,2049,60-64,30953791.11683643
S0,2049,65-69,23553093.271530986
S0,2049,70-74,17900486.095050097
S0,2049,75+,24907749.518394113
S0,2049,0-8,
S0,2049,9-14,
S0,2049,0-17,
S0,2049,18-29,
S0,2049,30-65,
S0,2049,66+,
S0,2049,15-26,
S0,2049,27-45,
S0,2049,46-65,
S0,2050,00-04,60784424.86568463
S0,2050,05-09,62814321.32369566
S0,2050,10-14,64822680.73357713
S0,2050,15-19,65963731.64430469
S0,2050,20-24,68977549.39649224
S0,2050,25-29,69957408.60929888
S0,2050,30-34,65733491.115796685
S0,2050,35-39,61010337.90459305
S0,2050,40-44,56320568.03309351
S0,2050,45-49,50930638.36243224
S0,2050,50-54,45534051.78684139
S0,2050,55-59,38594752.18528545
S0,2050,60-64,31043743.768145442
S0,2050,65-69,23621539.27151549
S0,2050,70-74,17952505.447958827
S0,2050,75+,24980132.190321565
S0,2050,0-8,
S0,2050,9-14,
S0,2050,0-17,
S0,2050,18-29,
S0,2050,30-65,
S0,2050,66+,
S0,2050,15-26,
S0,2050,27-45,
S0,2050,46-65,
S0,2051,00-04,60948342.46033461
S0,2051,05-09,62983712.94800905
S0,2051,10-14,64997488.308512524
S0,2051,15-19,66141616.29566339
S0,2051,20-24,69163561.42189035
S0,2051,25-29,70146063.02484244
S0,2051,30-34,65910754.8766278
S0,2051,35-39,61174864.71981263
S0,2051,40-44,56472447.92768335
S0,2051,45-49,51067983.21274221
S0,2051,50-54,45656843.641170144
S0,2051,55-59,38698830.803423285
S0,2051,60-64,31127459.552553296
S0,2051,65-69,23685239.56822598
S0,2051,70-74,18000918.03913617
S0,2051,75+,25047496.209833622
S0,2051,0-8,
S0,2051,9-14,
S0,2051,0-17,
S0,2051,18-29,
S0,2051,30-65,
S0,2051,66+,
S0,2051,15-26,
S0,2051,27-45,
S0,2051,46-65,
S0,2052,00-04,61099449.37770548
S0,2052,05-09,63139866.08235129
S0,2052,10-14,65158634.11984517
S0,2052,15-19,66305598.70018688
S0,2052,20-24,69335036.0205253
S0,2052,25-29,70319973.50249463
S0,2052,30-34,66074164.91517764
S0,2052,35-39,61326533.24524313
S0,2052,40-44,56612457.92923993
S0,2052,45-49,51194594.129596114
S0,2052,50-54,45770038.92460203
S0,2052,55-59,38794775.349123955
S0,2052,60-64,31204632.684236646
S0,2052,65-69,23743961.48573625
S0,2052,70-74,18045547.033542514
S0,2052,75+,25109595.518647075
S0,2052,0-8,
S0,2052,9-14,
S0,2052,0-17,
S0,2052,18-29,
S0,2052,30-65,
S0,2052,66+,
S0,2052,15-26,
S0,2052,27-45,
S0,2052,46-65,
S0,2053,00-04,61237778.54385268
S0,2053,05-09,63282814.75234377
S0,2053,10-14,65306153.281096
S0,2053,15-19,66455714.589487106
S0,2053,20-24,69492010.55655125
S0,2053,25-29,70479177.93718535
S0,2053,30-34,66223756.83834028
S0,2053,35-39,61465376.5293138
S0,2053,40-44,56740628.54581094
S0,2053,45-49,51310498.70139372
S0,2053,50-54,45873662.30228305
S0,2053,55-59,38882606.728613734
S0,2053,60-64,31275279.979148507
S0,2053,65-69,23797717.81949711
S0,2053,70-74,18086402.155793905
S0,2053,75+,25166443.64814377
S0,2053,0-8,
S0,2053,9-14,
S0,2053,0-17,
S0,2053,18-29,
S0,2053,30-65,
S0,2053,66+,
S0,2053,15-26,
S0,2053,27-45,
S0,2053,46-65,
S0,2054,00-04,61364134.16843178
S0,2054,05-09,63413390.02423135
S0,2054,10-14,65440903.43015283
S0,2054,15-19,66592836.698150665
S0,2054,20-24,69635397.63893607
S0,2054,25-29,70624601.90193123
S0,2054,30-34,66360400.334499955
S0,2054,35-39,61592201.77062774
S0,2054,40-44,56857704.927897334
S0,2054,45-49,51416370.76705384
S0,2054,50-54,45968316.21347582
S0,2054,55-59,38962835.570601225
S0,2054,60-64,31339812.162216187
S0,2054,65-69,23846821.09479785
S0,2054,70-74,18123720.92690432
S0,2054,75+,25218371.098505378
S0,2054,0-8,
S0,2054,9-14,
S0,2054,0-17,
S0,2054,18-29,
S0,2054,30-65,
S0,2054,66+,
S0,2054,15-26,
S0,2054,27-45,
S0,2054,46-65,
S0,2055,00-04,61475917.97871619
S0,2055,05-09,63528906.85594455
S0,2055,10-14,65560113.676219314
S0,2055,15-19,66714145.36036259
S0,2055,20-24,69762248.77411848
S0,2055,25-29,70753255.01840395
S0,2055,30-34,66481285.57963395
S0,2055,35-39,61704401.03964746
S0,2055,40-44,56961279.613452554
S0,2055,45-49,51510033.26084161
S0,2055,50-54,46052054.27331054
S0,2055,55-59,39033812.11542797
S0,2055,60-64,31396902.24691415
S0,2055,65-69,23890261.592431664
S0,2055,70-74,18156735.95448017
S0,2055,75+,25264310.076521873
S0,2055,0-8,
S0,2055,9-14,
S0,2055,0-17,
S0,2055,18-29,
S0,2055,30-65,
S0,2055,66+,
S0,2055,15-26,
S0,2055,27-45,
S0,2055,46-65,
S0,2056,00-04,61576516.69697617
S0,2056,05-09,63632865.06937665
S0,2056,10-14,65667395.74083345
S0,2056,15-19,66823315.87352815
S0,2056,20-24,69876407.18021238
S0,2056,25-29,70869035.09947622
S0,2056,30-34,66590075.04284948
S0,2056,35-39,61805373.645826936
S0,2056,40-44,57054490.61229509
S0,2056,45-49,51594323.88217664
S0,2056,50-54,46127413.49990618
S0,2056,55-59,39097686.74466038
S0,2056,60-64,31448279.895710945
S0,2056,65-69,23929355.43233049
S0,2056,70-74,18186447.497225046
S0,2056,75+,25305652.398767352
S0,2056,0-8,
S0,2056,9-14,
S0,2056,0-17,
S0,2056,18-29,
S0,2056,30-65,
S0,2056,66+,
S0,2056,15-26,
S0,2056,27-45,
S0,2056,46-65,
S0,2057,00-04,61664810.24539713
S0,2057,05-09,63724107.18170359
S0,2057,10-14,65761555.133026004
S0,2057,15-19,66919132.720472634
S0,2057,20-24,69976601.80426377
S0,2057,25-29,70970653.03627664
S0,2057,30-34,66685557.44962615
S0,2057,35-39,61893995.34844011
S0,2057,40-44,57136300.102336645
S0,2057,45-49,51668304.12949002
S0,2057,50-54,46193554.83488023
S0,2057,55-59,39153748.27075696
S0,2057,60-64,31493373.063897014
S0,2057,65-69,23963667.33913982
S0,2057,70-74,18212524.74337077
S0,2057,75+,25341937.755024076
S0,2057,0-8,
S0,2057,9-14,
S0,2057,0-17,
S0,2057,18-29,
S0,2057,30-65,
S0,2057,66+,
S0,2057,15-26,
S0,2057,27-45,
S0,2057,46-65,
S0,2058,00-04,61742055.65938608
S0,2058,05-09,63803932.20704202
S0,2058,10-14,65843932.400232226
S0,2058,15-19,67002960.04581761
S0,2058,20-24,70064259.11731482
S0,2058,25-29,71059555.56355333
S0,2058,30-34,66769092.183160305
S0,2058,35-39,61971527.854825735
S0,2058,40-44,57207872.80543327
S0,2058,45-49,51733027.25969517
S0,2058,50-54,46251419.93253708
S0,2058,55-59,39202794.84176493
S0,2058,60-64,31532823.742988467
S0,2058,65-69,23993685.81153822
S0,2058,70-74,18235338.95471728
S0,2058,75+,25373682.739973664
S0,2058,0-8,
S0,2058,9-14,
S0,2058,0-17,
S0,2058,18-29,
S0,2058,30-65,
S0,2058,66+,
S0,2058,15-26,
S0,2058,27-45,
S0,2058,46-65,
S0,2059,00-04,61806710.00178712
S0,2059,05-09,63870745.681834705
S0,2059,10-14,65912882.09918496
S0,2059,15-19,67073123.442135066
S0,2059,20-24,70137628.2099157
S0,2059,25-29,71133966.89934719
S0,2059,30-34,66839010.680393875
S0,2059,35-39,62036422.49330598
S0,2059,40-44,57267779.093892515
S0,2059,45-49,51787200.4617722
S0,2059,50-54,46299852.96750677
S0,2059,55-59,39243846.77781892
S0,2059,60-64,31565843.92609346
S0,2059,65-69,24018811.246079564
S0,2059,70-74,18254434.42920363
S0,2059,75+,25400253.263976097
S0,2059,0-8,
S0,2059,9-14,
S0,2059,0-17,
S0,2059,18-29,
S0,2059,30-65,
S0,2059,66+,
S0,2059,15-26,
S0,2059,27-45,
S0,2059,46-65,
S0,2060,00-04,61859098.68561571
S0,2060,05-09,63924883.88626795
S0,2060,10-14,65968751.26194133
S0,2060,15-19,67129976.05016589
S0,2060,20-24,70197078.35745907
S0,2060,25-29,71194261.56478488
S0,2060,30-34,66895664.849461436
S0,2060,35-39,62089005.886335075
S0,2060,40-44,57316320.48320812
S0,2060,45-49,51831096.39590764
S0,2060,50-54,46339097.70903003
S0,2060,55-59,39277110.69820893
S0,2060,60-64,31592599.80773115
S0,2060,65-69,24039170.102072358
S0,2060,70-74,18269907.276629925
S0,2060,75+,25421783.059646606
S0,2060,0-8,
S0,2060,9-14,
S0,2060,0-17,
S0,2060,18-29,
S0,2060,30-65,
S0,2060,66+,
S0,2060,15-26,
S0,2060,27-45,
S0,2060,46-65,
S0,2061,00-04,61898898.66557274
S0,2061,05-09,63966012.98694169
S0,2061,10-14,66011195.38146138
S0,2061,15-19,67173167.29863349
S0,2061,20-24,70242242.9714129
S0,2061,25-29,71240067.76376843
S0,2061,30-34,66938705.342724204
S0,2061,35-39,62128953.78797495
S0,2061,40-44,57353197.651723504
S0,2061,45-49,51864444.385799766
S0,2061,50-54,46368912.161539674
S0,2061,55-59,39302381.487013936
S0,2061,60-64,31612926.40261948
S0,2061,65-69,24054636.840330362
S0,2061,70-74,18281662.086494327
S0,2061,75+,25438139.367412925
S0,2061,0-8,
S0,2061,9-14,
S0,2061,0-17,
S0,2061,18-29,
S0,2061,30-65,
S0,2061,66+,
S0,2061,15-26,
S0,2061,27-45,
S0,2061,46-65,
S0,2062,00-04,61924331.63869913
S0,2062,05-09,63992295.294452325
S0,2062,10-14,66038318.01198262
S0,2062,15-19,67200767.35930583
S0,2062,20-24,70271104.0515992
S0,2062,25-29,71269338.82945806
S0,2062,30-34,66966209.067843735
S0,2062,35-39,62154481.28597778
S0,2062,40-44,57376762.89062178
S0,2062,45-49,51885754.40986669
S0,2062,50-54,46387964.18544197
S0,2062,55-59,39318530.02008498
S0,2062,60-64,31625915.49814427
S0,2062,65-69,24064520.391500235
S0,2062,70-74,18289173.64212084
S0,2062,75+,25448591.37106514
S0,2062,0-8,
S0,2062,9-14,
S0,2062,0-17,
S0,2062,18-29,
S0,2062,30-65,
S0,2062,66+,
S0,2062,15-26,
S0,2062,27-45,
S0,2062,46-65,
S0,2063,00-04,61937582.4152543
S0,2063,05-09,64005988.58081911
S0,2063,10-14,66052449.113165274
S0,2063,15-19,67215147.20530578
S0,2063,20-24,70286140.89856115
S0,2063,25-29,71284589.28205192
S0,2063,30-34,66980538.72227234
S0,2063,35-39,62167781.310727775
S0,2063,40-44,57389040.56313592
S0,2063,45-49,51896857.097935915
S0,2063,50-54,46397890.43788588
S0,2063,55-59,39326943.531252384
S0,2063,60-64,31632682.917808414
S0,2063,65-69,24069669.79843247
S0,2063,70-74,18293087.220950007
S0,2063,75+,25454036.946156025
S0,2063,0-8,
S0,2063,9-14,
S0,2063,0-17,
S0,2063,18-29,
S0,2063,30-65,
S0,2063,66+,
S0,2063,15-26,
S0,2063,27-45,
S0,2063,46-65,
S0,2064,00-04,61938498.7214807
S0,2064,05-09,64006935.48710081
S0,2064,10-14,66053426.29483801
S0,2064,15-19,67216141.58796474
S0,2064,20-24,70287180.71358177
S0,2064,25-29,71285643.86814421
S0,2064,30-34,66981529.6341272
S0,2064,35-39,62168701.02252275
S0,2064,40-44,57389889.57811439
S0,2064,45-49,51897624.8614074
S0,2064,50-54,46398576.8494997
S0,2064,55-59,39327525.33509135
S0,2064,60-64,31633150.89255297
S0,2064,65-69,24070025.885761738
S0,2064,70-74,18293357.8493644
S0,2064,75+,25454413.513849497
S0,2064,0-8,
S0,2064,9-14,
S0,2064,0-17,
S0,2064,18-29,
S0,2064,30-65,
S0,2064,66+,
S0,2064,15-26,
S0,2064,27-45,
S0,2064,46-65,
S0,2065,00-04,61926463.24933188
S0,2065,05-09,63994498.09024285
S0,2065,10-14,66040591.23766172
S0,2065,15-19,67203080.59977919
S0,2065,20-24,70273522.98174515
S0,2065,25-29,71271792.12166834
S0,2065,30-34,66968514.234157264
S0,2065,35-39,62156620.819012344
S0,2065,40-44,57378737.9610765
S0,2065,45-49,51887540.46427953
S0,2065,50-54,46389560.99036622
S0,2065,55-59,39319883.4750911
S0,2065,60-64,31627004.15160179
S0,2065,65-69,24065348.76035273
S0,2065,70-74,18289803.207204103
S0,2065,75+,25449467.383555174
S0,2065,0-8,
S0,2065,9-14,
S0,2065,0-17,
S0,2065,18-29,
S0,2065,30-65,
S0,2065,66+,
S0,2065,15-26,
S0,2065,27-45,
S0,2065,46-65,
S0,2066,00-04,61900266.09575441
S0,2066,05-09,63967426.082467504
S0,2066,10-14,66012653.65782556
S0,2066,15-19,67174651.24452499
S0,2066,20-24,70243794.71732667
S0,2066,25-29,71241641.55297798
S0,2066,30-34,66940184.10903484
S0,2066,35-39,62130326.3003847
S0,2066,40-44,57354464.66123706
S0,2066,45-49,51865590.14134848
S0,2066,50-54,46369936.513367295
S0,2066,55-59,39303249.72964537
S0,2066,60-64,31613624.77481389
S0,2066,65-69,24055168.239711165
S0,2066,70-74,18282065.953074217
S0,2066,75+,25438701.33023107
S0,2066,0-8,
S0,2066,9-14,
S0,2066,0-17,
S0,2066,18-29,
S0,2066,30-65,
S0,2066,66+,
S0,2066,15-26,
S0,2066,27-45,
S0,2066,46-65,
S0,2067,00-04,61862890.73132812
S0,2067,05-09,63928802.56738367
S0,2067,10-14,65972795.23486836
S0,2067,15-19,67134091.20772985
S0,2067,20-24,70201381.53250796
S0,2067,25-29,71198625.86850172
S0,2067,30-34,66899765.643434525
S0,2067,35-39,62092812.02566719
S0,2067,40-44,57319834.050524116
S0,2067,45-49,51834273.71163046
S0,2067,50-54,46341938.35786784
S0,2067,55-59,39279518.43777156
S0,2067,60-64,31594536.476470113
S0,2067,65-69,24040643.735440016
S0,2067,70-74,18271027.246448874
S0,2067,75+,25423341.449042916
S0,2067,0-8,
S0,2067,9-14,
S0,2067,0-17,
S0,2067,18-29,
S0,2067,30-65,
S0,2067,66+,
S0,2067,15-26,
S0,2067,27-45,
S0,2067,46-65,
S0,2068,00-04,61811182.10002915
S0,2068,05-09,63875367.125840895
S0,2068,10-14,65917651.30440804
S0,2068,15-19,67077976.59800479
S0,2068,20-24,70142703.10168406
S0,2068,25-29,71139113.88239008
S0,2068,30-34,66843846.8967554
S0,2068,35-39,62040911.21266937
S0,2068,40-44,57271922.77237338
S0,2068,45-49,51790947.58644748
S0,2068,50-54,46303203.04860735
S0,2068,55-59,39246686.313173294
S0,2068,60-64,31568127.910391092
S0,2068,65-69,24020549.15582347
S0,2068,70-74,18255755.250585675
S0,2068,75+,25402091.129605293
S0,2068,0-8,
S0,2068,9-14,
S0,2068,0-17,
S0,2068,18-29,
S0,2068,30-65,
S0,2068,66+,
S0,2068,15-26,
S0,2068,27-45,
S0,2068,46-65,
S0,2069,00-04,61745350.26269215
S0,2069,05-09,63807336.83365744
S0,2069,10-14,65847445.88281804
S0,2069,15-19,67006535.37500489
S0,2069,20-24,70067997.7997616
S0,2069,25-29,71063347.35577965
S0,2069,30-34,66772655.03297961
S0,2069,35-39,61974834.70294368
S0,2069,40-44,57210925.46127474
S0,2069,45-49,51735787.77359164
S0,2069,50-54,46253887.943674564
S0,2069,55-59,39204886.732877254
S0,2069,60-64,31534506.35857749
S0,2069,65-69,23994966.13296187
S0,2069,70-74,18236312.006349087
S0,2069,75+,25375036.699088812
S0,2069,0-8,
S0,2069,9-14,
S0,2069,0-17,
S0,2069,18-29,
S0,2069,30-65,
S0,2069,66+,
S0,2069,15-26,
S0,2069,27-45,
S0,2069,46-65,
S0,2070,00-04,61666051.96463899
S0,2070,05-09,63725390.36817157
S0,2070,10-14,65762879.34675597
S0,2070,15-19,66920480.243872434
S0,2070,20-24,69978010.89467686
S0,2070,25-29,70972082.14349568
S0,2070,30-34,66686900.26961553
S0,2070,35-39,61895241.68268931
S0,2070,40-44,57137450.632808805
S0,2070,45-49,51669344.55314779
S0,2070,50-54,46194485.01573467
S0,2070,55-59,39154536.693885565
S0,2070,60-64,31494007.233160853
S0,2070,65-69,23964149.885777354
S0,2070,70-74,18212891.481585383
S0,2070,75+,25342448.055333138
S0,2070,0-8,
S0,2070,9-14,
S0,2070,0-17,
S0,2070,18-29,
S0,2070,30-65,
S0,2070,66+,
S0,2070,15-26,
S0,2070,27-45,
S0,2070,46-65,
S0,2071,00-04,61573411.95492467
S0,2071,05-09,63629656.64443421
S0,2071,10-14,65664084.73306775
S0,2071,15-19,66819946.58325419
S0,2071,20-24,69872883.95039332
S0,2071,25-29,70865461.82048571
S0,2071,30-34,66586717.51278305
S0,2071,35-39,61802257.364607096
S0,2071,40-44,57051613.87477034
S0,2071,45-49,51591722.45105374
S0,2071,50-54,46125087.715206146
S0,2071,55-59,39095715.404957175
S0,2071,60-64,31446694.24581909
S0,2071,65-69,23928148.89321363
S0,2071,70-74,18185530.52056992
S0,2071,75+,25304376.465548754
S0,2071,0-8,
S0,2071,9-14,
S0,2071,0-17,
S0,2071,18-29,
S0,2071,30-65,
S0,2071,66+,
S0,2071,15-26,
S0,2071,27-45,
S0,2071,46-65,
S0,2072,00-04,61468806.98661403
S0,2072,05-09,63521558.39219217
S0,2072,10-14,65552530.26037294
S0,2072,15-19,66706428.45630714
S0,2072,20-24,69754179.29233801
S0,2072,25-29,70745070.90575975
S0,2072,30-34,66473595.610744655
S0,2072,35-39,61697263.61863953
S0,2072,40-44,56954690.83490676
S0,2072,45-49,51504075.03440523
S0,2072,50-54,46046727.3777554
S0,2072,55-59,39029297.02823949
S0,2072,60-64,31393270.53011751
S0,2072,65-69,23887498.177633047
S0,2072,70-74,18154635.74336958
S0,2072,75+,25261387.72391069
S0,2072,0-8,
S0,2072,9-14,
S0,2072,0-17,
S0,2072,18-29,
S0,2072,30-65,
S0,2072,66+,
S0,2072,15-26,
S0,2072,27-45,
S0,2072,46-65,
S0,2073,00-04,61350694.9364536
S0,2073,05-09,63399501.98897091
S0,2073,10-14,65426571.35337898
S0,2073,15-19,66578252.33885676
S0,2073,20-24,69620146.9346697
S0,2073,25-29,70609134.55408722
S0,2073,30-34,66345866.88061279
S0,2073,35-39,61578712.590036154
S0,2073,40-44,56845252.63965708
S0,2073,45-49,51405110.17414272
S0,2073,50-54,45958248.78771305
S0,2073,55-59,38954302.400650024
S0,2073,60-64,31332948.49483931
S0,2073,65-69,23841598.45188141
S0,2073,70-74,18119751.68830681
S0,2073,75+,25212848.075262308
S0,2073,0-8,
S0,2073,9-14,
S0,2073,0-17,
S0,2073,18-29,
S0,2073,30-65,
S0,2073,66+,
S0,2073,15-26,
S0,2073,27-45,
S0,2073,46-65,
S0,2074,00-04,61221769.82169976
S0,2074,05-09,63266271.418759264
S0,2074,10-14,65289081.00826684
S0,2074,15-19,66438341.79942784
S0,2074,20-24,69473844.02087182
S0,2074,25-29,70460753.33714283
S0,2074,30-34,66206444.68645698
S0,2074,35-39,61449308.308710754
S0,2074,40-44,56725795.464357495
S0,2074,45-49,51297085.159348726
S0,2074,50-54,45861670.05286777
S0,2074,55-59,38872442.07433498
S0,2074,60-64,31267104.02503407
S0,2074,65-69,23791496.64261079
S0,2074,70-74,18081674.025647044
S0,2074,75+,25159864.660245895
S0,2074,0-8,
S0,2074,9-14,
S0,2074,0-17,
S0,2074,18-29,
S0,2074,30-65,
S0,2074,66+,
S0,2074,15-26,
S0,2074,27-45,
S0,2074,46-65,
S0,2075,00-04,61080777.78856438
S0,2075,05-09,63120570.9553097
S0,2075,10-14,65138722.07059312
S0,2075,15-19,66285336.146116525
S0,2075,20-24,69313847.69037107
S0,2075,25-29,70298484.18193573
S0,2075,30-34,66053973.08574706
S0,2075,35-39,61307792.260768354
S0,2075,40-44,56595157.53512037
S0,2075,45-49,51178949.39895499
S0,2075,50-54,45756051.902288795
S0,2075,55-59,38782919.92139876
S0,2075,60-64,31195096.75409794
S0,2075,65-69,23736705.487556934
S0,2075,70-74,18040032.43327248
S0,2075,75+,25101922.191705704
S0,2075,0-8,
S0,2075,9-14,
S0,2075,0-17,
S0,2075,18-29,
S0,2075,30-65,
S0,2075,66+,
S0,2075,15-26,
S0,2075,27-45,
S0,2075,46-65,
S0,2076,00-04,60927581.50949933
S0,2076,05-09,62962258.68501921
S0,2076,10-14,64975348.08935779
S0,2076,15-19,66119086.34999716
S0,2076,20-24,69140002.10525748
S0,2076,25-29,70122169.03680336
S0,2076,30-34,65888303.569729626
S0,2076,35-39,61154026.60826546
S0,2076,40-44,56453211.609390736
S0,2076,45-49,51050587.82763517
S0,2076,50-54,45641291.462917805
S0,2076,55-59,38685648.74643433
S0,2076,60-64,31116856.54628086
S0,2076,65-69,23677171.619626403
S0,2076,70-74,17994786.351885676
S0,2076,75+,25038964.23314023
S0,2076,0-8,
S0,2076,9-14,
S0,2076,0-17,
S0,2076,18-29,
S0,2076,30-65,
S0,2076,66+,
S0,2076,15-26,
S0,2076,27-45,
S0,2076,46-65,
S0,2077,00-04,60764388.658025
S0,2077,05-09,62793616.006686896
S0,2077,10-14,64801313.40641889
S0,2077,15-19,65941988.195581615
S0,2077,20-24,68954812.51107112
S0,2077,25-29,69934348.73550195
S0,2077,30-34,65711823.56064421
S0,2077,35-39,60990227.22982168
S0,2077,40-44,56302003.23464203
S0,2077,45-49,50913850.23210573
S0,2077,50-54,45519042.51893759
S0,2077,55-59,38582030.30017972
S0,2077,60-64,31033510.90178132
S0,2077,65-69,23613752.966600537
S0,2077,70-74,17946587.811525464
S0,2077,75+,24971898.05605042
S0,2077,0-8,
S0,2077,9-14,
S0,2077,0-17,
S0,2077,18-29,
S0,2077,30-65,
S0,2077,66+,
S0,2077,15-26,
S0,2077,27-45,
S0,2077,46-65,
S0,2078,00-04,60590861.76057076
S0,2078,05-09,62614294.17680893
S0,2078,10-14,64616258.12791261
S0,2078,15-19,65753675.45392069
S0,2078,20-24,68757895.94622383
S0,2078,25-29,69734634.8762899
S0,2078,30-34,65524168.107831
S0,2078,35-39,60816055.397602916
S0,2078,40-44,56141219.72052246
S0,2078,45-49,50768453.84676647
S0,2078,50-54,45389052.26645839
S0,2078,55-59,38471850.30555904
S0,2078,60-64,30944887.466528773
S0,2078,65-69,23546318.382298112
S0,2078,70-74,17895337.140341282
S0,2078,75+,24900584.971381903
S0,2078,0-8,
S0,2078,9-14,
S0,2078,0-17,
S0,2078,18-29,
S0,2078,30-65,
S0,2078,66+,
S0,2078,15-26,
S0,2078,27-45,
S0,2078,46-65,
S0,2079,00-04,60407458.52630304
S0,2079,05-09,62424766.18975374
S0,2079,10-14,64420670.37123458
S0,2079,15-19,65554644.834569305
S0,2079,20-24,68549771.81443956
S0,2079,25-29,69523554.24127054
S0,2079,30-34,65325832.18712455
S0,2079,35-39,60631970.52190995
S0,2079,40-44,55971285.163176715
S0,2079,45-49,50614782.18137467
S0,2079,50-54,45251663.57872343
S0,2079,55-59,38355399.382609844
S0,2079,60-64,30851220.001163483
S0,2079,65-69,23475045.7378608
S0,2079,70-74,17841169.52142179
S0,2079,75+,24825213.08053541
S0,2079,0-8,
S0,2079,9-14,
S0,2079,0-17,
S0,2079,18-29,
S0,2079,30-65,
S0,2079,66+,
S0,2079,15-26,
S0,2079,27-45,
S0,2079,46-65,
S0,2080,00-04,60214513.24717354
S0,2080,05-09,62225377.50115613
S0,2080,10-14,64214906.63725671
S0,2080,15-19,65345259.11375916
S0,2080,20-24,68330819.46683764
S0,2080,25-29,69301491.57042813
S0,2080,30-34,65117177.30851841
S0,2080,35-39,60438308.13713294
S0,2080,40-44,55792509.30498785
S0,2080,45-49,50453115.33568525
S0,2080,50-54,45107126.87624872
S0,2080,55-59,38232889.78825605
S0,2080,60-64,30752679.23484373
S0,2080,65-69,23400064.94305563
S0,2080,70-74,17784183.686935663
S0,2080,75+,24745919.76503873
S0,2080,0-8,
S0,2080,9-14,
S0,2080,0-17,
S0,2080,18-29,
S0,2080,30-65,
S0,2080,66+,
S0,2080,15-26,
S0,2080,27-45,
S0,2080,46-65,
S0,2081,00-04,60012425.8452716
S0,2081,05-09,62016541.38850741
S0,2081,10-14,63999393.41717255
S0,2081,15-19,65125952.29005867
S0,2081,20-24,68101492.7309525
S0,2081,25-29,69068907.13813502
S0,2081,30-34,64898635.95574772
S0,2081,35-39,60235469.65172255
S0,2081,40-44,55605262.698762715
S0,2081,45-49,50283788.40026367
S0,2081,50-54,44955741.74356043
S0,2081,55-59,38104575.45093346
S0,2081,60-64,30649469.415267825
S0,2081,65-69,23321531.412289143
S0,2081,70-74,17724497.75272429
S0,2081,75+,24662869.37795937
S0,2081,0-8,
S0,2081,9-14,
S0,2081,0-17,
S0,2081,18-29,
S0,2081,30-65,
S0,2081,66+,
S0,2081,15-26,
S0,2081,27-45,
S0,2081,46-65,
S0,2082,00-04,59802226.27720827
S0,2082,05-09,61799322.20382962
S0,2082,10-14,63775229.093482465
S0,2082,15-19,64897842.08041009
S0,2082,20-24,67862960.39110973
S0,2082,25-29,68826986.33185947
S0,2082,30-34,64671321.94446331
S0,2082,35-39,60024488.85025436
S0,2082,40-44,55410499.66366291
S0,2082,45-49,50107664.36505842
S0,2082,50-54,44798279.72859669
S0,2082,55-59,37971110.336197495
S0,2082,60-64,30542116.56055951
S0,2082,65-69,23239845.398761272
S0,2082,70-74,17662415.913517
S0,2082,75+,24576485.19306016
S0,2082,0-8,
S0,2082,9-14,
S0,2082,0-17,
S0,2082,18-29,
S0,2082,30-65,
S0,2082,66+,
S0,2082,15-26,
S0,2082,27-45,
S0,2082,46-65,
S0,2083,00-04,59585156.2622254
S0,2083,05-09,61575003.13359078
S0,2083,10-14,63543737.87991649
S0,2083,15-19,64662276.00821325
S0,2083,20-24,67616631.53772235
S0,2083,25-29,68577158.25882035
S0,2083,30-34,64436578.09465456
S0,2083,35-39,59806612.06697768
S0,2083,40-44,55209370.730160594
S0,2083,45-49,49925783.65372741
S0,2083,50-54,44635671.0122118
S0,2083,55-59,37833282.86717677
S0,2083,60-64,30431254.839982748
S0,2083,65-69,23155489.449109435
S0,2083,70-74,17598304.90752864
S0,2083,75+,24487277.51065147
S0,2083,0-8,
S0,2083,9-14,
S0,2083,0-17,
S0,2083,18-29,
S0,2083,30-65,
S0,2083,66+,
S0,2083,15-26,
S0,2083,27-45,
S0,2083,46-65,
S0,2084,00-04,59360025.65290284
S0,2084,05-09,61342354.285386056
S0,2084,10-14,63303650.56077644
S0,2084,15-19,64417962.51621115
S0,2084,20-24,67361155.60355788
S0,2084,25-29,68318053.16632926
S0,2084,30-34,64193117.35713011
S0,2084,35-39,59580644.73113817
S0,2084,40-44,55000773.152299166
S0,2084,45-49,49737149.054106474
S0,2084,50-54,44467024.04637563
S0,2084,55-59,37690337.36600065
S0,2084,60-64,30316276.422968626
S0,2084,65-69,23068001.05810988
S0,2084,70-74,17531813.228133798
S0,2084,75+,24394757.224519134
S0,2084,0-8,
S0,2084,9-14,
S0,2084,0-17,
S0,2084,18-29,
S0,2084,30-65,
S0,2084,66+,
S0,2084,15-26,
S0,2084,27-45,
S0,2084,46-65,
S0,2085,00-04,59128805.20314398
S0,2085,05-09,61103412.22646462
S0,2085,10-14,63057068.81838252
S0,2085,15-19,64167040.28190079
S0,2085,20-24,67098768.98017591
S0,2085,25-29,68051939.21496183
S0,2085,30-34,63943070.94452357
S0,2085,35-39,59348564.92119652
S0,2085,40-44,54786532.95672166
S0,2085,45-49,49543411.84042573
S0,2085,50-54,44293815.13707423
S0,2085,55-59,37543525.152537465
S0,2085,60-64,30198187.810431242
S0,2085,65-69,22978146.083806396
S0,2085,70-74,17463522.931842446
S0,2085,75+,24299734.241035342
S0,2085,0-8,
S0,2085,9-14,
S0,2085,0-17,
S0,2085,18-29,
S0,2085,30-65,
S0,2085,66+,
S0,2085,15-26,
S0,2085,27-45,
S0,2085,46-65,
S0,2086,00-04,58890001.25388936
S0,2086,05-09,60856633.41700823
S0,2086,10-14,62802399.76138882
S0,2086,15-19,63907888.37482855
S0,2086,20-24,66827776.678411365
S0,2086,25-29,67777097.33741778
S0,2086,30-34,63684823.58409482
S0,2086,35-39,59108873.426719606
S0,2086,40-44,54565266.17497152
S0,2086,45-49,49343320.49127042
S0,2086,50-54,44114925.373515725
S0,2086,55-59,37391897.83579123
S0,2086,60-64,30076226.16272521
S0,2086,65-69,22885344.072798252
S0,2086,70-74,17392992.87073779
S0,2086,75+,24201594.72201979
S0,2086,0-8,
S0,2086,9-14,
S0,2086,0-17,
S0,2086,18-29,
S0,2086,30-65,
S0,2086,66+,
S0,2086,15-26,
S0,2086,27-45,
S0,2086,46-65,
S0,2087,00-04,58645816.07730651
S0,2087,05-09,60604293.67408475
S0,2087,10-14,62541991.97145778
S0,2087,15-19,63642896.7179161
S0,2087,20-24,66550677.81440377
S0,2087,25-29,67496062.15098166
S0,2087,30-34,63420756.85695237
S0,2087,35-39,58863780.70489931
S0,2087,40-44,54339013.349830925
S0,2087,45-49,49138720.26761949
S0,2087,50-54,43932004.49369049
S0,2087,55-59,37236853.73693931
S0,2087,60-64,29951516.221476793
S0,2087,65-69,22790450.85383761
S0,2087,70-74,17320873.479584575
S0,2087,75+,24101243.71921861
S0,2087,0-8,
S0,2087,9-14,
S0,2087,0-17,
S0,2087,18-29,
S0,2087,30-65,
S0,2087,66+,
S0,2087,15-26,
S0,2087,27-45,
S0,2087,46-65,
S0,2088,00-04,58398304.18526465
S0,2088,05-09,60348516.12000722
S0,2088,10-14,62278036.45339462
S0,2088,15-19,63374294.88345766
S0,2088,20-24,66269803.827403575
S0,2088,25-29,67211198.214118
S0,2088,30-34,63153092.553267
S0,2088,35-39,58615348.90345925
S0,2088,40-44,54109678.11493236
S0,2088,45-49,48931332.62363267
S0,2088,50-54,43746591.54728198
S0,2088,55-59,37079697.35753167
S0,2088,60-64,29825107.26436162
S0,2088,65-69,22694264.834294796
S0,2088,70-74,17247771.552567363
S0,2088,75+,23999525.560405016
S0,2088,0-8,
S0,2088,9-14,
S0,2088,0-17,
S0,2088,18-29,
S0,2088,30-65,
S0,2088,66+,
S0,2088,15-26,
S0,2088,27-45,
S0,2088,46-65,
S0,2089,00-04,58144916.50914251
S0,2089,05-09,60086666.55998304
S0,2089,10-14,62007814.78941764
S0,2089,15-19,63099316.602316916
S0,2089,20-24,65982262.06016967
S0,2089,25-29,66919571.778000414
S0,2089,30-34,62879074.05931836
S0,2089,35-39,58361019.479840755
S0,2089,40-44,53874898.59890801
S0,2089,45-49,48719021.72118378
S0,2089,50-54,43556777.00857103
S0,2089,55-59,36918810.17979908
S0,2089,60-64,29695697.434311867
S0,2089,65-69,22595795.41625452
S0,2089,70-74,17172934.22958398
S0,2089,75+,23895392.673420906
S0,2089,0-8,
S0,2089,9-14,
S0,2089,0-17,
S0,2089,18-29,
S0,2089,30-65,
S0,2089,66+,
S0,2089,15-26,
S0,2089,27-45,
S0,2089,46-65,
S0,2090,00-04,57887043.56435616
S0,2090,05-09,59820181.94570415
S0,2090,10-14,61732809.874809146
S0,2090,15-19,62819470.87266168
S0,2090,20-24,65689630.45550576
S0,2090,25-29,66622783.20086789
S0,2090,30-34,62600205.106250644
S0,2090,35-39,58102188.11748707
S0,2090,40-44,53635963.20118356
S0,2090,45-49,48502952.65869963
S0,2090,50-54,43363602.522701025
S0,2090,55-59,36755075.10422158
S0,2090,60-64,29563996.893583298
S0,2090,65-69,22495582.970290065
S0,2090,70-74,17096772.195372343
S0,2090,75+,23789416.508255243
S0,2090,0-8,
S0,2090,9-14,
S0,2090,0-17,
S0,2090,18-29,
S0,2090,30-65,
S0,2090,66+,
S0,2090,15-26,
S0,2090,27-45,
S0,2090,46-65,
S0,2091,00-04,57624416.02317107
S0,2091,05-09,59548783.95523365
S0,2091,10-14,61452734.48885785
S0,2091,15-19,62534465.4179351
S0,2091,20-24,65391603.38302782
S0,2091,25-29,66320522.51071024
S0,2091,30-34,62316194.43767232
S0,2091,35-39,57838584.487673044
S0,2091,40-44,53392622.37278283
S0,2091,45-49,48282899.769268274
S0,2091,50-54,43166866.334320664
S0,2091,55-59,36588321.12256479
S0,2091,60-64,29429868.09145975
S0,2091,65-69,22393522.832490087
S0,2091,70-74,17019205.90475881
S0,2091,75+,23681486.381251335
S0,2091,0-8,
S0,2091,9-14,
S0,2091,0-17,
S0,2091,18-29,
S0,2091,30-65,
S0,2091,66+,
S0,2091,15-26,
S0,2091,27-45,
S0,2091,46-65,
S0,2092,00-04,57358913.63039362
S0,2092,05-09,59274415.10747398
S0,2092,10-14,61169593.258533746
S0,2092,15-19,62246340.15185264
S0,2092,20-24,65090313.95809436
S0,2092,25-29,66014953.124813735
S0,2092,30-34,62029074.84716171
S0,2092,35-39,57572095.32151538
S0,2092,40-44,53146617.814733386
S0,2092,45-49,48060438.0715425
S0,2092,50-54,42967976.57384384
S0,2092,55-59,36419741.7689476
S0,2092,60-64,29294271.048805594
S0,2092,65-69,22290345.493697524
S0,2092,70-74,16940790.534977555
S0,2092,75+,23572374.797435522
S0,2092,0-8,
S0,2092,9-14,
S0,2092,0-17,
S0,2092,18-29,
S0,2092,30-65,
S0,2092,66+,
S0,2092,15-26,
S0,2092,27-45,
S0,2092,46-65,
S0,2093,00-04,57091829.52910506
S0,2093,05-09,58998411.730032094
S0,2093,10-14,60884765.23778501
S0,2093,15-19,61956498.40336546
S0,2093,20-24,64787229.62637025
S0,2093,25-29,65707563.33461374
S0,2093,30-34,61740244.76547521
S0,2093,35-39,57304018.56822592
S0,2093,40-44,52899147.70490813
S0,2093,45-49,47836651.0766809
S0,2093,50-54,42767901.94409466
S0,2093,55-59,36250158.11779618
S0,2093,60-64,29157866.198002696
S0,2093,65-69,22186553.4844563
S0,2093,70-74,16861908.012126565
S0,2093,75+,23462613.19039774
S0,2093,0-8,
S0,2093,9-14,
S0,2093,0-17,
S0,2093,18-29,
S0,2093,30-65,
S0,2093,66+,
S0,2093,15-26,
S0,2093,27-45,
S0,2093,46-65,
S0,2094,00-04,56820279.61882102
S0,2094,05-09,58717793.40786005
S0,2094,10-14,60595174.71889025
S0,2094,15-19,61661810.32414794
S0,2094,20-24,64479077.53985107
S0,2094,25-29,65395033.799728155
S0,2094,30-34,61446585.26874399
S0,2094,35-39,57031459.40819436
S0,2094,40-44,52647539.74398172
S0,2094,45-49,47609122.22683835
S0,2094,50-54,42564481.94456506
S0,2094,55-59,36077738.92461467
S0,2094,60-64,29019180.57493806
S0,2094,65-69,22081026.009545922
S0,2094,70-74,16781706.52540469
S0,2094,75+,23351016.30237651
S0,2094,0-8,
S0,2094,9-14,
S0,2094,0-17,
S0,2094,18-29,
S0,2094,30-65,
S0,2094,66+,
S0,2094,15-26,
S0,2094,27-45,
S0,2094,46-65,
S0,2095,00-04,56546511.97222209
S0,2095,05-09,58434883.28804734
S0,2095,10-14,60303219.12681416
S0,2095,15-19,61364715.540195465
S0,2095,20-24,64168408.78863448
S0,2095,25-29,65079951.8497147
S0,2095,30-34,61150527.46766639
S0,2095,35-39,56756674.26934916
S0,2095,40-44,52393876.91177428
S0,2095,45-49,47379735.158768296
S0,2095,50-54,42359400.62274051
S0,2095,55-59,35903911.591376185
S0,2095,60-64,28879362.312417626
S0,2095,65-69,21974636.6963346
S0,2095,70-74,16700850.036626458
S0,2095,75+,23238508.007421255
S0,2095,0-8,
S0,2095,9-14,
S0,2095,0-17,
S0,2095,18-29,
S0,2095,30-65,
S0,2095,66+,
S0,2095,15-26,
S0,2095,27-45,
S0,2095,46-65,
S0,2096,00-04,56270710.38328973
S0,2096,05-09,58149871.30237725
S0,2096,10-14,60009094.4660202
S0,2096,15-19,61065413.50616935
S0,2096,20-24,63855431.94026834
S0,2096,25-29,64762529.014923215
S0,2096,30-34,60852270.1207248
S0,2096,35-39,56479847.628765285
S0,2096,40-44,52138329.504894555
S0,2096,45-49,47148643.871539116
S0,2096,50-54,42152795.66002035
S0,2096,55-59,35728792.817106724
S0,2096,60-64,28738505.277468562
S0,2096,65-69,21867456.969315648
S0,2096,70-74,16619392.82881701
S0,2096,75+,23125163.838005424
S0,2096,0-8,
S0,2096,9-14,
S0,2096,0-17,
S0,2096,18-29,
S0,2096,30-65,
S0,2096,66+,
S0,2096,15-26,
S0,2096,27-45,
S0,2096,46-65,
S0,2097,00-04,55994188.86060553
S0,2097,05-09,57864115.3407607
S0,2097,10-14,59714202.04217102
S0,2097,15-19,60765330.19442427
S0,2097,20-24,63541638.11837578
S0,2097,25-29,64444277.60110414
S0,2097,30-34,60553234.223044574
S0,2097,35-39,56202298.37870437
S0,2097,40-44,51882115.03440535
S0,2097,45-49,46916949.35929555
S0,2097,50-54,41945651.389725804
S0,2097,55-59,35553216.924672484
S0,2097,60-64,28597280.55887413
S0,2097,65-69,21759997.46761036
S0,2097,70-74,16537722.990639925
S0,2097,75+,23011523.802660942
S0,2097,0-8,
S0,2097,9-14,
S0,2097,0-17,
S0,2097,18-29,
S0,2097,30-65,
S0,2097,66+,
S0,2097,15-26,
S0,2097,27-45,
S0,2097,46-65,
S0,2098,00-04,55716350.07372976
S0,2098,05-09,57576998.12490208
S0,2098,10-14,59417904.840760455
S0,2098,15-19,60463817.37731117
S0,2098,20-24,63226349.478426754
S0,2098,25-29,64124510.13462025
S0,2098,30-34,60252773.80955738
S0,2098,35-39,55923426.9686721
S0,2098,40-44,51624680.03632736
S0,2098,45-49,46684151.125065446
S0,2098,50-54,41737520.34730911
S0,2098,55-59,35376804.64223945
S0,2098,60-64,28455383.088795424
S0,2098,65-69,21652026.061615586
S0,2098,70-74,16455664.102264047
S0,2098,75+,22897342.4208498
S0,2098,0-8,
S0,2098,9-14,
S0,2098,0-17,
S0,2098,18-29,
S0,2098,30-65,
S0,2098,66+,
S0,2098,15-26,
S0,2098,27-45,
S0,2098,46-65,
S0,2099,00-04,55436227.99439271
S0,2099,05-09,57287521.366008356
S0,2099,10-14,59119172.654753685
S0,2099,15-19,60159826.71342212
S0,2099,20-24,62908469.78132978
S0,2099,25-29,63802114.80377734
S0,2099,30-34,59949844.19799769
S0,2099,35-39,55642263.78003204
S0,2099,40-44,51365129.425101995
S0,2099,45-49,46449439.74379349
S0,2099,50-54,41527678.874014735
S0,2099,55-59,35198942.59521794
S0,2099,60-64,28312319.498509765
S0,2099,65-69,21543167.341433525
S0,2099,70-74,16372930.850012302
S0,2099,75+,22782222.690972805
S0,2099,0-8,
S0,2099,9-14,
S0,2099,0-17,
S0,2099,18-29,
S0,2099,30-65,
S0,2099,66+,
S0,2099,15-26,
S0,2099,27-45,
S0,2099,46-65,
S0,2100,00-04,55156417.26975536
S0,2100,05-09,56998366.3595075
S0,2100,10-14,58820772.508514255
S0,2100,15-19,59856173.934080005
S0,2100,20-24,62590943.406390935
S0,2100,25-29,63480077.81420356
S0,2100,30-34,59647251.291629076
S0,2100,35-39,55361413.1032809
S0,2100,40-44,51105867.30346227
S0,2100,45-49,46214989.24339104
S0,2100,50-54,41318070.63877499
S0,2100,55-59,35021278.24123204
S0,2100,60-64,28169414.922898173
S0,2100,65-69,21434429.61733365
S0,2100,70-74,16290289.55547762
S0,2100,75+,22667230.91626823
S0,2100,0-8,
S0,2100,9-14,
S0,2100,0-17,
S0,2100,18-29,
S0,2100,30-65,
S0,2100,66+,
S0,2100,15-26,
S0,2100,27-45,
S0,2100,46-65,
S1,1950,00-04,
S1,1950,05-09,
S1,1950,10-14,
S1,1950,15-19,13170079.443757921
S1,1950,20-24,13793015.84825787
S1,1950,25-29,14026939.130444191
S1,1950,30-34,13238219.977077007
S1,1950,35-39,12321652.866708383
S1,1950,40-44,11378309.507449776
S1,1950,45-49,10288087.316739574
S1,1950,50-54,9208367.002163097
S1,1950,55-59,7815988.436399877
S1,1950,60-64,6291495.556088209
S1,1950,65-69,4789143.956427038
S1,1950,70-74,3640156.3865312636
S1,1950,75+,5083615.136902571
S1,1950,0-8,22060641.86336975
S1,1950,9-14,15451116.370207224
S1,1950,0-17,
S1,1950,18-29,
S1,1950,30-65,
S1,1950,66+,
S1,1950,15-26,
S1,1950,27-45,
S1,1950,46-65,
S1,1951,00-04,
S1,1951,05-09,
S1,1951,10-14,
S1,1951,15-19,13446185.151331164
S1,1951,20-24,14082181.18067789
S1,1951,25-29,14321008.575525165
S1,1951,30-34,13515754.225020647
S1,1951,35-39,12579971.633710727
S1,1951,40-44,11616851.439634606
S1,1951,45-49,10503773.155256674
S1,1951,50-54,9401416.914852247
S1,1951,55-59,7979847.6619142
S1,1951,60-64,6423394.368060142
S1,1951,65-69,4889546.538386136
S1,1951,70-74,3716470.880993694
S1,1951,75+,5190191.195186734
S1,1951,0-8,22523134.83140515
S1,1951,9-14,15775043.14957184
S1,1951,0-17,
S1,1951,18-29,
S1,1951,30-65,
S1,1951,66+,
S1,1951,15-26,
S1,1951,27-45,
S1,1951,46-65,
S1,1952,00-04,
S1,1952,05-09,
S1,1952,10-14,
S1,1952,15-19,13737526.78849417
S1,1952,20-24,14387303.092493787
S1,1952,25-29,14631305.216338992
S1,1952,30-34,13808603.231567338
S1,1952,35-39,12852544.820081487
S1,1952,40-44,11868556.475599214
S1,1952,45-49,10731360.863814935
S1,1952,50-54,9605119.613037527
S1,1952,55-59,8152748.886757404
S1,1952,60-64,6562571.555513114
S1,1952,65-69,4995489.486326039
S1,1952,70-74,3796996.5244197845
S1,1952,75+,5302648.28119117
S1,1952,0-8,23011148.859322596
S1,1952,9-14,16116844.69743007
S1,1952,0-17,
S1,1952,18-29,
S1,1952,30-65,
S1,1952,66+,
S1,1952,15-26,
S1,1952,27-45,
S1,1952,46-65,
S1,1953,00-04,
S1,1953,05-09,
S1,1953,10-14,
S1,1953,15-19,14043798.30593726
S1,1953,20-24,14708061.058457673
S1,1953,25-29,14957503.091675222
S1,1953,30-34,14116459.363942206
S1,1953,35-39,13139086.092441276
S1,1953,40-44,12133160.203592345
S1,1953,45-49,10970611.365494952
S1,1953,50-54,9819261.11058651
S1,1953,55-59,8334510.481207639
S1,1953,60-64,6708880.915238559
S1,1953,65-69,5106861.509027362
S1,1953,70-74,3881648.7260252535
S1,1953,75+,5420868.260707974
S1,1953,0-8,23524171.296895307
S1,1953,9-14,16476161.957215924
S1,1953,0-17,
S1,1953,18-29,
S1,1953,30-65,
S1,1953,66+,
S1,1953,15-26,
S1,1953,27-45,
S1,1953,46-65,
S1,1954,00-04,
S1,1954,05-09,
S1,1954,10-14,
S1,1954,15-19,14355296.368020602
S1,1954,20-24,15034292.781308323
S1,1954,25-29,15289267.556328103
S1,1954,30-34,14429569.082520768
S1,1954,35-39,13430517.211443543
S1,1954,40-44,12402279.412515163
S1,1954,45-49,11213944.693543136
S1,1954,50-54,10037056.947610497
S1,1954,55-59,8519373.849845737
S1,1954,60-64,6857687.054312855
S1,1954,65-69,5220134.1030034125
S1,1954,70-74,3967745.52330935
S1,1954,75+,5541105.6723564565
S1,1954,0-8,24045948.497868165
S1,1954,9-14,16841610.990906067
S1,1954,0-17,
S1,1954,18-29,
S1,1954,30-65,
S1,1954,66+,
S1,1954,15-26,
S1,1954,27-45,
S1,1954,46-65,
S1,1955,00-04,
S1,1955,05-09,
S1,1955,10-14,
S1,1955,15-19,14689632.99436567
S1,1955,20-24,15384443.318024814
S1,1955,25-29,15645356.487062916
S1,1955,30-34,14765635.529564679
S1,1955,35-39,13743315.61695376
S1,1955,40-44,12691130.032625422
S1,1955,45-49,11475118.851201892
S1,1955,50-54,10270821.244234383
S1,1955,55-59,8717791.119577289
S1,1955,60-64,7017403.433236033
S1,1955,65-69,5341711.6713324785
S1,1955,70-74,4060154.8068553507
S1,1955,75+,5670158.708199352
S1,1955,0-8,24605981.609824948
S1,1955,9-14,17233854.19206068
S1,1955,0-17,
S1,1955,18-29,
S1,1955,30-65,
S1,1955,66+,
S1,1955,15-26,
S1,1955,27-45,
S1,1955,46-65,
S1,1956,00-04,
S1,1956,05-09,
S1,1956,10-14,
S1,1956,15-19,15032920.9110936
S1,1956,20-24,15743968.53548187
S1,1956,25-29,16010979.08886446
S1,1956,30-34,15110699.579977125
S1,1956,35-39,14064488.663883403
S1,1956,40-44,12987714.13322851
S1,1956,45-49,11743285.49948679
S1,1956,50-54,10510844.179413944
S1,1956,55-59,8921520.671776235
S1,1956,60-64,7181395.944577813
S1,1956,65-69,5466544.270766139
S1,1956,70-74,4155038.190652132
S1,1956,75+,5802666.917982459
S1,1956,0-8,25181008.64890227
S1,1956,9-14,17636599.03293279
S1,1956,0-17,
S1,1956,18-29,
S1,1956,30-65,
S1,1956,66+,
S1,1956,15-26,
S1,1956,27-45,
S1,1956,46-65,
S1,1957,00-04,
S1,1957,05-09,
S1,1957,10-14,
S1,1957,15-19,15387921.59488298
S1,1957,20-24,16115760.526453502
S1,1957,25-29,16389076.503086194
S1,1957,30-34,15467536.99801138
S1,1957,35-39,14396619.932474196
S1,1957,40-44,13294417.496162757
S1,1957,45-49,12020601.824564725
S1,1957,50-54,10759056.545657545
S1,1957,55-59,9132201.347717553
S1,1957,60-64,7350983.776906937
S1,1957,65-69,5595636.079707593
S1,1957,70-74,4253158.935620844
S1,1957,75+,5939696.22425428
S1,1957,0-8,25775655.24763943
S1,1957,9-14,18053085.27359345
S1,1957,0-17,
S1,1957,18-29,
S1,1957,30-65,
S1,1957,66+,
S1,1957,15-26,
S1,1957,27-45,
S1,1957,46-65,
S1,1958,00-04,
S1,1958,05-09,
S1,1958,10-14,
S1,1958,15-19,15734850.731889993
S1,1958,20-24,16479099.191599369
S1,1958,25-29,16758577.226916775
S1,1958,30-34,15816261.107973605
S1,1958,35-39,14721199.629491374
S1,1958,40-44,13594147.434381858
S1,1958,45-49,12291612.889417559
S1,1958,50-54,11001625.379881144
S1,1958,55-59,9338091.838710904
S1,1958,60-64,7516715.740262061
S1,1958,65-69,5721792.76592204
S1,1958,70-74,4349048.737891436
S1,1958,75+,6073609.935242295
S1,1958,0-8,26356781.540473368
S1,1958,9-14,18460101.98833706
S1,1958,0-17,
S1,1958,18-29,
S1,1958,30-65,
S1,1958,66+,
S1,1958,15-26,
S1,1958,27-45,
S1,1958,46-65,
S1,1959,00-04,
S1,1959,05-09,
S1,1959,10-14,
S1,1959,15-19,16108070.792645082
S1,1959,20-24,16869972.32451146
S1,1959,25-29,17156079.390577123
S1,1959,30-34,16191412.168013394
S1,1959,35-39,15070376.568867818
S1,1959,40-44,13916591.454844743
S1,1959,45-49,12583161.667828828
S1,1959,50-54,11262576.523469836
S1,1959,55-59,9559585.087217987
S1,1959,60-64,7695007.174547732
S1,1959,65-69,5857509.836271971
S1,1959,70-74,4452205.244542807
S1,1959,75+,6217671.87187323
S1,1959,0-8,26981946.645338822
S1,1959,9-14,18897963.173233394
S1,1959,0-17,
S1,1959,18-29,
S1,1959,30-65,
S1,1959,66+,
S1,1959,15-26,
S1,1959,27-45,
S1,1959,46-65,
S1,1960,00-04,
S1,1960,05-09,
S1,1960,10-14,
S1,1960,15-19,16485548.28140372
S1,1960,20-24,17265304.25907138
S1,1960,25-29,17558115.97513546
S1,1960,30-34,16570842.683517992
S1,1960,35-39,15423536.669484004
S1,1960,40-44,14242713.68649356
S1,1960,45-49,12878036.226561517
S1,1960,50-54,11526504.41140613
S1,1960,55-59,9783604.972575426
S1,1960,60-64,7875332.430229753
S1,1960,65-69,5994775.070069224
S1,1960,70-74,4556538.486976504
S1,1960,75+,6363377.16422832
S1,1960,0-8,27614243.18740224
S1,1960,9-14,19340819.165928863
S1,1960,0-17,
S1,1960,18-29,
S1,1960,30-65,
S1,1960,66+,
S1,1960,15-26,
S1,1960,27-45,
S1,1960,46-65,
S1,1961,00-04,
S1,1961,05-09,
S1,1961,10-14,
S1,1961,15-19,16876051.791413747
S1,1961,20-24,17674278.337426037
S1,1961,25-29,17974026.068049237
S1,1961,30-34,16963366.615466148
S1,1961,35-39,15788883.64511332
S1,1961,40-44,14580089.768362641
S1,1961,45-49,13183086.338493884
S1,1961,50-54,11799539.942525089
S1,1961,55-59,10015355.352794915
S1,1961,60-64,8061880.363243878
S1,1961,65-69,6136777.062761396
S1,1961,70-74,4664472.068698347
S1,1961,75+,6514110.465646803
S1,1961,0-8,28268359.065556858
S1,1961,9-14,19798957.26615109
S1,1961,0-17,
S1,1961,18-29,
S1,1961,30-65,
S1,1961,66+,
S1,1961,15-26,
S1,1961,27-45,
S1,1961,46-65,
S1,1962,00-04,
S1,1962,05-09,
S1,1962,10-14,
S1,1962,15-19,17279679.78315536
S1,1962,20-24,18096997.67717392
S1,1962,25-29,18403914.535744593
S1,1962,30-34,17369082.93376167
S1,1962,35-39,16166509.613336623
S1,1962,40-44,14928804.765528679
S1,1962,45-49,13498388.918121547
S1,1962,50-54,12081751.959253967
S1,1962,55-59,10254894.660779506
S1,1962,60-64,8254698.009272486
S1,1962,65-69,6283551.618340135
S1,1962,70-74,4776033.203784525
S1,1962,75+,6669909.781608224
S1,1962,0-8,28944459.206779856
S1,1962,9-14,20272492.98757976
S1,1962,0-17,
S1,1962,18-29,
S1,1962,30-65,
S1,1962,66+,
S1,1962,15-26,
S1,1962,27-45,
S1,1962,46-65,
S1,1963,00-04,
S1,1963,05-09,
S1,1963,10-14,
S1,1963,15-19,17684116.083285496
S1,1963,20-24,18520563.557784423
S1,1963,25-29,18834663.90125099
S1,1963,30-34,17775611.742543876
S1,1963,35-39,16544891.818104655
S1,1963,40-44,15278218.101915896
S1,1963,45-49,13814322.925017
S1,1963,50-54,12364529.13584575
S1,1963,55-59,10494913.671946168
S1,1963,60-64,8447901.793338925
S1,1963,65-69,6430620.105724692
S1,1963,70-74,4887817.752021372
S1,1963,75+,6826021.102427065
S1,1963,0-8,29621913.31112439
S1,1963,9-14,20746977.015131198
S1,1963,0-17,
S1,1963,18-29,
S1,1963,30-65,
S1,1963,66+,
S1,1963,15-26,
S1,1963,27-45,
S1,1963,46-65,
S1,1964,00-04,
S1,1964,05-09,
S1,1964,10-14,
S1,1964,15-19,18101730.046449944
S1,1964,20-24,18957930.396532774
S1,1964,25-29,19279448.282875
S1,1964,30-34,18195386.39413038
S1,1964,35-39,16935602.770789266
S1,1964,40-44,15639016.299664825
S1,1964,45-49,14140550.943312049
S1,1964,50-54,12656519.98179838
S1,1964,55-59,10742753.172149003
S1,1964,60-64,8647400.695728213
S1,1964,65-69,6582480.494748861
S1,1964,70-74,5003244.552718312
S1,1964,75+,6987218.965628386
S1,1964,0-8,30321440.76028338
S1,1964,9-14,21236921.056109294
S1,1964,0-17,
S1,1964,18-29,
S1,1964,30-65,
S1,1964,66+,
S1,1964,15-26,
S1,1964,27-45,
S1,1964,46-65,
S1,1965,00-04,
S1,1965,05-09,
S1,1965,10-14,
S1,1965,15-19,18525404.3865076
S1,1965,20-24,19401644.264157563
S1,1965,25-29,19730687.336101577
S1,1965,30-34,18621252.778329343
S1,1965,35-39,17331983.68625872
S1,1965,40-44,16005050.368944913
S1,1965,45-49,14471513.15375194
S1,1965,50-54,12952748.173079282
S1,1965,55-59,10994189.297256023
S1,1965,60-64,8849794.708542198
S1,1965,65-69,6736544.668305695
S1,1965,70-74,5120346.416936874
S1,1965,75+,7150756.117961556
S1,1965,0-8,31031119.689907573
S1,1965,9-14,21733975.121671833
S1,1965,0-17,
S1,1965,18-29,
S1,1965,30-65,
S1,1965,66+,
S1,1965,15-26,
S1,1965,27-45,
S1,1965,46-65,
S1,1966,00-04,
S1,1966,05-09,
S1,1966,10-14,
S1,1966,15-19,18932940.769381896
S1,1966,20-24,19828456.859459788
S1,1966,25-29,20164738.479105756
S1,1966,30-34,19030897.709340677
S1,1966,35-39,17713266.264072716
S1,1966,40-44,16357142.0263789
S1,1966,45-49,14789868.85613504
S1,1966,50-54,13237692.89161849
S1,1966,55-59,11236048.100732505
S1,1966,60-64,9044479.43711558
S1,1966,65-69,6884740.4641929865
S1,1966,70-74,5232987.815434039
S1,1966,75+,7308064.06235671
S1,1966,0-8,31713766.61146005
S1,1966,9-14,22212096.16139486
S1,1966,0-17,
S1,1966,18-29,
S1,1966,30-65,
S1,1966,66+,
S1,1966,15-26,
S1,1966,27-45,
S1,1966,46-65,
S1,1967,00-04,
S1,1967,05-09,
S1,1967,10-14,
S1,1967,15-19,19338018.72207971
S1,1967,20-24,20252694.742397457
S1,1967,25-29,20596171.243793473
S1,1967,30-34,19438071.49052991
S1,1967,35-39,18092248.78565994
S1,1967,40-44,16707109.719445795
S1,1967,45-49,15106304.103563756
S1,1967,50-54,13520918.704253525
S1,1967,55-59,11476447.910592973
S1,1967,60-64,9237989.745853752
S1,1967,65-69,7032042.280961007
S1,1967,70-74,5344949.713830531
S1,1967,75+,7464423.059335768
S1,1967,0-8,32392295.520824295
S1,1967,9-14,22687332.97472367
S1,1967,0-17,
S1,1967,18-29,
S1,1967,30-65,
S1,1967,66+,
S1,1967,15-26,
S1,1967,27-45,
S1,1967,46-65,
S1,1968,00-04,
S1,1968,05-09,
S1,1968,10-14,
S1,1968,15-19,19763842.7562816
S1,1968,20-24,20698659.983336046
S1,1968,25-29,21049699.852602363
S1,1968,30-34,19866098.69115269
S1,1968,35-39,18490640.910334915
S1,1968,40-44,17075001.020143807
S1,1968,45-49,15438945.593248308
S1,1968,50-54,13818649.93678084
S1,1968,55-59,11729159.805116951
S1,1968,60-64,9441410.691816717
S1,1968,65-69,7186888.165422708
S1,1968,70-74,5462645.744766265
S1,1968,75+,7628789.987809479
S1,1968,0-8,33105575.311994843
S1,1968,9-14,23186909.058055736
S1,1968,0-17,
S1,1968,18-29,
S1,1968,30-65,
S1,1968,66+,
S1,1968,15-26,
S1,1968,27-45,
S1,1968,46-65,
S1,1969,00-04,
S1,1969,05-09,
S1,1969,10-14,
S1,1969,15-19,20191758.79911363
S1,1969,20-24,21146816.183586106
S1,1969,25-29,21505456.57839723
S1,1969,30-34,20296228.72422667
S1,1969,35-39,18890990.274846226
S1,1969,40-44,17444699.714774966
S1,1969,45-49,15773221.29991278
S1,1969,50-54,14117843.877511263
S1,1969,55-59,11983113.234692514
S1,1969,60-64,9645831.013907671
S1,1969,65-69,7342494.784132838
S1,1969,70-74,5580919.99837774
S1,1969,75+,7793964.425970942
S1,1969,0-8,33822359.33815211
S1,1969,9-14,23688939.482603386
S1,1969,0-17,
S1,1969,18-29,
S1,1969,30-65,
S1,1969,66+,
S1,1969,15-26,
S1,1969,27-45,
S1,1969,46-65,
S1,1970,00-04,
S1,1970,05-09,
S1,1970,10-14,
S1,1970,15-19,20629449.770839952
S1,1970,20-24,21605209.660667375
S1,1970,25-29,21971624.200587258
S1,1970,30-34,20736184.260595143
S1,1970,35-39,19300484.85986638
S1,1970,40-44,17822843.473602414
S1,1970,45-49,16115132.8999224
S1,1970,50-54,14423872.335304618
S1,1970,55-59,12242867.747817427
S1,1970,60-64,9854920.92982775
S1,1970,65-69,7501655.940371692
S1,1970,70-74,5701896.002574265
S1,1970,75+,7962911.960316151
S1,1970,0-8,34555516.933390565
S1,1970,9-14,24202437.838267297
S1,1970,0-17,
S1,1970,18-29,
S1,1970,30-65,
S1,1970,66+,
S1,1970,15-26,
S1,1970,27-45,
S1,1970,46-65,
S1,1971,00-04,
S1,1971,05-09,
S1,1971,10-14,
S1,1971,15-19,21106226.392360643
S1,1971,20-24,22104537.51398799
S1,1971,25-29,22479420.42743987
S1,1971,30-34,21215427.67158383
S1,1971,35-39,19746547.16726759
S1,1971,40-44,18234755.337061197
S1,1971,45-49,16487577.08552751
S1,1971,50-54,14757229.026717335
S1,1971,55-59,12525818.247582078
S1,1971,60-64,10082682.501681149
S1,1971,65-69,7675030.131869346
S1,1971,70-74,5833675.121385872
S1,1971,75+,8146946.450042218
S1,1971,0-8,35354145.24395708
S1,1971,9-14,24761791.416441955
S1,1971,0-17,
S1,1971,18-29,
S1,1971,30-65,
S1,1971,66+,
S1,1971,15-26,
S1,1971,27-45,
S1,1971,46-65,
S1,1972,00-04,
S1,1972,05-09,
S1,1972,10-14,
S1,1972,15-19,21564093.465299115
S1,1972,20-24,22584061.409071907
S1,1972,25-29,22967076.829921648
S1,1972,30-34,21675663.6980789
S1,1972,35-39,20174918.093649298
S1,1972,40-44,18630330.268208116
S1,1972,45-49,16845249.675580353
S1,1972,50-54,15077364.38078478
S1,1972,55-59,12797546.581703186
S1,1972,60-64,10301410.76880914
S1,1972,65-69,7841528.089195609
S1,1972,70-74,5960227.717887431
S1,1972,75+,8323681.905027062
S1,1972,0-8,36121098.971173346
S1,1972,9-14,25298960.342132166
S1,1972,0-17,
S1,1972,18-29,
S1,1972,30-65,
S1,1972,66+,
S1,1972,15-26,
S1,1972,27-45,
S1,1972,46-65,
S1,1973,00-04,
S1,1973,05-09,
S1,1973,10-14,
S1,1973,15-19,22056000.918144166
S1,1973,20-24,23099235.772441745
S1,1973,25-29,23490988.31643434
S1,1973,30-34,22170116.225638464
S1,1973,35-39,20635136.49266407
S1,1973,40-44,19055314.4356457
S1,1973,45-49,17229513.63148409
S1,1973,50-54,15421300.374203801
S1,1973,55-59,13089476.708596855
S1,1973,60-64,10536400.509516299
S1,1973,65-69,8020404.428930253
S1,1973,70-74,6096188.936929643
S1,1973,75+,8513556.85482654
S1,1973,0-8,36945072.29597214
S1,1973,9-14,25876065.387681723
S1,1973,0-17,
S1,1973,18-29,
S1,1973,30-65,
S1,1973,66+,
S1,1973,15-26,
S1,1973,27-45,
S1,1973,46-65,
S1,1974,00-04,
S1,1974,05-09,
S1,1974,10-14,
S1,1974,15-19,22553470.281823695
S1,1974,20-24,23620235.12150085
S1,1974,25-29,24020823.577747136
S1,1974,30-34,22670159.440743566
S1,1974,35-39,21100558.499969184
S1,1974,40-44,19485103.82412979
S1,1974,45-49,17618122.39218247
S1,1974,50-54,15769125.191256434
S1,1974,55-59,13384707.637961179
S1,1974,60-64,10774047.237787426
S1,1974,65-69,8201303.291898221
S1,1974,70-74,6233687.44550243
S1,1974,75+,8705578.687203944
S1,1974,0-8,37778362.14186856
S1,1974,9-14,26459695.658224136
S1,1974,0-17,
S1,1974,18-29,
S1,1974,30-65,
S1,1974,66+,
S1,1974,15-26,
S1,1974,27-45,
S1,1974,46-65,
S1,1975,00-04,
S1,1975,05-09,
S1,1975,10-14,
S1,1975,15-19,23085752.53717111
S1,1975,20-24,24177693.989923477
S1,1975,25-29,24587736.69530715
S1,1975,30-34,23205195.665564805
S1,1975,35-39,21598550.725870907
S1,1975,40-44,19944969.861577034
S1,1975,45-49,18033925.982703775
S1,1975,50-54,16141290.778936416
S1,1975,55-59,13700598.81921506
S1,1975,60-64,11028324.47722277
S1,1975,65-69,8394861.452059418
S1,1975,70-74,6380808.095724344
S1,1975,75+,8911038.201851785
S1,1975,0-8,38669965.58705596
S1,1975,9-14,27084168.35820221
S1,1975,0-17,
S1,1975,18-29,
S1,1975,30-65,
S1,1975,66+,
S1,1975,15-26,
S1,1975,27-45,
S1,1975,46-65,
S1,1976,00-04,
S1,1976,05-09,
S1,1976,10-14,
S1,1976,15-19,23626431.116647363
S1,1976,20-24,24743946.32328081
S1,1976,25-29,25163592.410972
S1,1976,30-34,23748671.656166553
S1,1976,35-39,22104398.37828797
S1,1976,40-44,20412089.915605634
S1,1976,45-49,18456288.540173292
S1,1976,50-54,16519326.979195267
S1,1976,55-59,14021472.92958334
S1,1976,60-64,11286612.735435158
S1,1976,65-69,8591472.836396635
S1,1976,70-74,6530249.455781877
S1,1976,75+,9119738.674962997
S1,1976,0-8,39575633.35891396
S1,1976,9-14,27718491.612366438
S1,1976,0-17,
S1,1976,18-29,
S1,1976,30-65,
S1,1976,66+,
S1,1976,15-26,
S1,1976,27-45,
S1,1976,46-65,
S1,1977,00-04,
S1,1977,05-09,
S1,1977,10-14,
S1,1977,15-19,24180848.963197142
S1,1977,20-24,25324587.782330066
S1,1977,25-29,25754081.285363078
S1,1977,30-34,24305957.999288946
S1,1977,35-39,22623100.20369968
S1,1977,40-44,20891080.029631644
S1,1977,45-49,18889383.817967266
S1,1977,50-54,16906969.5158543
S1,1977,55-59,14350500.8216376
S1,1977,60-64,11551464.396556854
S1,1977,65-69,8793080.343054295
S1,1977,70-74,6683488.293371558
S1,1977,75+,9333742.468100846
S1,1977,0-8,40504315.194708966
S1,1977,9-14,28368933.752927728
S1,1977,0-17,
S1,1977,18-29,
S1,1977,30-65,
S1,1977,66+,
S1,1977,15-26,
S1,1977,27-45,
S1,1977,46-65,
S1,1978,00-04,
S1,1978,05-09,
S1,1978,10-14,
S1,1978,15-19,24749430.341923386
S1,1978,20-24,25920062.699644446
S1,1978,25-29,26359655.186732173
S1,1978,30-34,24877481.1551356
S1,1978,35-39,23155053.13572696
S1,1978,40-44,21382306.748114794
S1,1978,45-49,19333543.23978308
S1,1978,50-54,17304515.030159384
S1,1978,55-59,14687934.28210038
S1,1978,60-64,11823082.136814773
S1,1978,65-69,8999838.251029849
S1,1978,70-74,6840641.873642027
S1,1978,75+,9553213.34645027
S1,1978,0-8,41456721.7629325
S1,1978,9-14,29035992.527033783
S1,1978,0-17,
S1,1978,18-29,
S1,1978,30-65,
S1,1978,66+,
S1,1978,15-26,
S1,1978,27-45,
S1,1978,46-65,
S1,1979,00-04,
S1,1979,05-09,
S1,1979,10-14,
S1,1979,15-19,25309232.459532753
S1,1979,20-24,26506343.1023594
S1,1979,25-29,26955878.638711587
S1,1979,30-34,25440179.6269401
S1,1979,35-39,23678792.373344123
S1,1979,40-44,21865948.61104253
S1,1979,45-49,19770844.555288106
S1,1979,50-54,17695922.186778933
S1,1979,55-59,15020157.55353865
S1,1979,60-64,12090505.924975514
S1,1979,65-69,9203403.684313178
S1,1979,70-74,6995368.901851058
S1,1979,75+,9769295.453692079
S1,1979,0-8,42394422.562967494
S1,1979,9-14,29692751.485885024
S1,1979,0-17,
S1,1979,18-29,
S1,1979,30-65,
S1,1979,66+,
S1,1979,15-26,
S1,1979,27-45,
S1,1979,46-65,
S1,1980,00-04,
S1,1980,05-09,
S1,1980,10-14,
S1,1980,15-19,25915232.8508237
S1,1980,20-24,27141006.927799568
S1,1980,25-29,27601306.07428351
S1,1980,30-34,26049315.397180766
S1,1980,35-39,24245753.756566077
S1,1980,40-44,22389503.540470988
S1,1980,45-49,20244234.633624673
S1,1980,50-54,18119630.64125651
S1,1980,55-59,15379797.908861518
S1,1980,60-64,12379999.149756432
S1,1980,65-69,9423768.574588656
S1,1980,70-74,7162864.944985688
S1,1980,75+,10003209.969947696
S1,1980,0-8,43409508.13313598
S1,1980,9-14,30403710.18634034
S1,1980,0-17,
S1,1980,18-29,
S1,1980,30-65,
S1,1980,66+,
S1,1980,15-26,
S1,1980,27-45,
S1,1980,46-65,
S1,1981,00-04,
S1,1981,05-09,
S1,1981,10-14,
S1,1981,15-19,26529754.261779413
S1,1981,20-24,27784594.811730146
S1,1981,25-29,28255808.916323364
S1,1981,30-34,26667016.27389878
S1,1981,35-39,24820687.228857666
S1,1981,40-44,22920420.217372477
S1,1981,45-49,20724281.087476134
S1,1981,50-54,18549296.893987358
S1,1981,55-59,15744495.195803583
S1,1981,60-64,12673562.961778998
S1,1981,65-69,9647232.033100188
S1,1981,70-74,7332716.163294852
S1,1981,75+,10240413.5768072
S1,1981,0-8,44438866.90218211
S1,1981,9-14,31124665.733587302
S1,1981,0-17,
S1,1981,18-29,
S1,1981,30-65,
S1,1981,66+,
S1,1981,15-26,
S1,1981,27-45,
S1,1981,46-65,
S1,1982,00-04,
S1,1982,05-09,
S1,1982,10-14,
S1,1982,15-19,27155404.63078545
S1,1982,20-24,28439838.046368256
S1,1982,25-29,28922164.778523356
S1,1982,30-34,27295903.688664287
S1,1982,35-39,25406032.72322175
S1,1982,40-44,23460951.773951292
S1,1982,45-49,21213021.16331035
S1,1982,50-54,18986744.38528377
S1,1982,55-59,16115797.135952353
S1,1982,60-64,12972443.202636778
S1,1982,65-69,9874742.405862689
S1,1982,70-74,7505643.38034004
S1,1982,75+,10481912.931452036
S1,1982,0-8,45486867.317158304
S1,1982,9-14,31858677.756814487
S1,1982,0-17,
S1,1982,18-29,
S1,1982,30-65,
S1,1982,66+,
S1,1982,15-26,
S1,1982,27-45,
S1,1982,46-65,
S1,1983,00-04,
S1,1983,05-09,
S1,1983,10-14,
S1,1983,15-19,27795419.79909727
S1,1983,20-24,29110125.52620837
S1,1983,25-29,29603820.02948892
S1,1983,30-34,27939230.224617243
S1,1983,35-39,26004817.62554851
S1,1983,40-44,24013893.820019662
S1,1983,45-49,21712982.60725978
S1,1983,50-54,19434235.5778718
S1,1983,55-59,16495624.089617133
S1,1983,60-64,13278185.670209467
S1,1983,65-69,10107476.368359447
S1,1983,70-74,7682540.969481885
S1,1983,75+,10728957.059877336
S1,1983,0-8,46558929.59860061
S1,1983,9-14,32609542.539864138
S1,1983,0-17,
S1,1983,18-29,
S1,1983,30-65,
S1,1983,66+,
S1,1983,15-26,
S1,1983,27-45,
S1,1983,46-65,
S1,1984,00-04,
S1,1984,05-09,
S1,1984,10-14,
S1,1984,15-19,28456498.95141068
S1,1984,20-24,29802473.303133383
S1,1984,25-29,30307909.71015525
S1,1984,30-34,28603729.72729355
S1,1984,35-39,26623309.553938836
S1,1984,40-44,24585034.12604946
S1,1984,45-49,22229398.629753828
S1,1984,50-54,19896454.46409625
S1,1984,55-59,16887951.79212582
S1,1984,60-64,13593990.640617073
S1,1984,65-69,10347870.000041127
S1,1984,70-74,7865260.558120072
S1,1984,75+,10984131.8293041
S1,1984,0-8,47666275.26684852
S1,1984,9-14,33385119.555624157
S1,1984,0-17,
S1,1984,18-29,
S1,1984,30-65,
S1,1984,66+,
S1,1984,15-26,
S1,1984,27-45,
S1,1984,46-65,
S1,1985,00-04,
S1,1985,05-09,
S1,1985,10-14,
S1,1985,15-19,29132720.551172525
S1,1985,20-24,30510679.75566697
S1,1985,25-29,31028127.022363394
S1,1985,30-34,29283450.02276537
S1,1985,35-39,27255968.44174719
S1,1985,40-44,25169256.771825522
S1,1985,45-49,22757643.49672863
S1,1985,50-54,20369260.774186373
S1,1985,55-59,17289266.01553297
S1,1985,60-64,13917029.329032063
S1,1985,65-69,10593770.004026294
S1,1985,70-74,8052165.457638383
S1,1985,75+,11245151.542596579
S1,1985,0-8,48798985.40700576
S1,1985,9-14,34178461.66677749
S1,1985,0-17,
S1,1985,18-29,
S1,1985,30-65,
S1,1985,66+,
S1,1985,15-26,
S1,1985,27-45,
S1,1985,46-65,
S1,1986,00-04,
S1,1986,05-09,
S1,1986,10-14,
S1,1986,15-19,29818789.226231933
S1,1986,20-24,31229199.04391414
S1,1986,25-29,31758832.071293354
S1,1986,30-34,29973068.34121239
S1,1986,35-39,27897840.04874128
S1,1986,40-44,25761986.812789053
S1,1986,45-49,23293580.615743995
S1,1986,50-54,20848952.045268893
S1,1986,55-59,17696424.13889432
S1,1986,60-64,14244772.076427042
S1,1986,65-69,10843250.780728221
S1,1986,70-74,8241792.048714101
S1,1986,75+,11509972.200389981
S1,1986,0-8,49948189.96562632
S1,1986,9-14,34983356.35109324
S1,1986,0-17,
S1,1986,18-29,
S1,1986,30-65,
S1,1986,66+,
S1,1986,15-26,
S1,1986,27-45,
S1,1986,46-65,
S1,1987,00-04,
S1,1987,05-09,
S1,1987,10-14,
S1,1987,15-19,30519942.268119425
S1,1987,20-24,31963516.179973036
S1,1987,25-29,32505602.892356455
S1,1987,30-34,30677849.07133186
S1,1987,35-39,28553824.276130974
S1,1987,40-44,26367749.01466149
S1,1987,45-49,23841301.208329678
S1,1987,50-54,21339190.13092017
S1,1987,55-59,18112534.314306855
S1,1987,60-64,14579720.796061695
S1,1987,65-69,11098216.809401453
S1,1987,70-74,8435587.89742273
S1,1987,75+,11780615.383086443
S1,1987,0-8,51122661.70777086
S1,1987,9-14,35805947.99071034
S1,1987,0-17,
S1,1987,18-29,
S1,1987,30-65,
S1,1987,66+,
S1,1987,15-26,
S1,1987,27-45,
S1,1987,46-65,
S1,1988,00-04,
S1,1988,05-09,
S1,1988,10-14,
S1,1988,15-19,31223363.140923128
S1,1988,20-24,32700208.413912088
S1,1988,25-29,33254789.09188074
S1,1988,30-34,31384909.365873724
S1,1988,35-39,29211930.239037097
S1,1988,40-44,26975470.51238978
S1,1988,45-49,24390793.365208983
S1,1988,50-54,21831013.8576805
S1,1988,55-59,18529990.3692407
S1,1988,60-64,14915752.884114265
S1,1988,65-69,11354007.508022428
S1,1988,70-74,8630010.565371752
S1,1988,75+,12052133.942398787
S1,1988,0-8,52300932.197361305
S1,1988,9-14,36631200.245970964
S1,1988,0-17,
S1,1988,18-29,
S1,1988,30-65,
S1,1988,66+,
S1,1988,15-26,
S1,1988,27-45,
S1,1988,46-65,
S1,1989,00-04,
S1,1989,05-09,
S1,1989,10-14,
S1,1989,15-19,31937122.75925544
S1,1989,20-24,33447728.409485847
S1,1989,25-29,34014986.68695763
S1,1989,30-34,32102361.897469193
S1,1989,35-39,29879708.917588115
S1,1989,40-44,27592124.184524894
S1,1989,45-49,24948361.852773845
S1,1989,50-54,22330066.315563977
S1,1989,55-59,18953582.11347264
S1,1989,60-64,15256723.907563984
S1,1989,65-69,11613557.769436955
S1,1989,70-74,8827290.820530057
S1,1989,75+,12327643.229594767
S1,1989,0-8,53496520.68137971
S1,1989,9-14,37468581.901131295
S1,1989,0-17,
S1,1989,18-29,
S1,1989,30-65,
S1,1989,66+,
S1,1989,15-26,
S1,1989,27-45,
S1,1989,46-65,
S1,1990,00-04,
S1,1990,05-09,
S1,1990,10-14,
S1,1990,15-19,32661709.474454775
S1,1990,20-24,34206587.616741344
S1,1990,25-29,34786715.801594585
S1,1990,30-34,32830697.5441325
S1,1990,35-39,30557617.203156322
S1,1990,40-44,28218131.942923933
S1,1990,45-49,25514388.15704596
S1,1990,50-54,22836688.95416999
S1,1990,55-59,19383599.366698146
S1,1990,60-64,15602867.157355726
S1,1990,65-69,11877045.176845789
S1,1990,70-74,9027563.641221285
S1,1990,75+,12607331.746973515
S1,1990,0-8,54710245.1764544
S1,1990,9-14,38318665.889209114
S1,1990,0-17,
S1,1990,18-29,
S1,1990,30-65,
S1,1990,66+,
S1,1990,15-26,
S1,1990,27-45,
S1,1990,46-65,
S1,1991,00-04,
S1,1991,05-09,
S1,1991,10-14,
S1,1991,15-19,33392256.683684617
S1,1991,20-24,34971689.24561444
S1,1991,25-29,35564793.20648369
S1,1991,30-34,33565024.52376267
S1,1991,35-39,31241102.003176928
S1,1991,40-44,28849289.278907984
S1,1991,45-49,26085070.627842963
S1,1991,50-54,23347479.101163566
S1,1991,55-59,19817153.96778989
S1,1991,60-64,15951857.802401543
S1,1991,65-69,12142700.047563076
S1,1991,70-74,9229483.918217123
S1,1991,75+,12889320.99896884
S1,1991,0-8,55933953.8424444
S1,1991,9-14,39175742.71945482
S1,1991,0-17,
S1,1991,18-29,
S1,1991,30-65,
S1,1991,66+,
S1,1991,15-26,
S1,1991,27-45,
S1,1991,46-65,
S1,1992,00-04,
S1,1992,05-09,
S1,1992,10-14,
S1,1992,15-19,34115537.09856424
S1,1992,20-24,35729180.36537358
S1,1992,25-29,36335131.03148198
S1,1992,30-34,34292047.111453
S1,1992,35-39,31917788.14128977
S1,1992,40-44,29474168.45722437
S1,1992,45-49,26650076.487871885
S1,1992,50-54,23853188.389716506
S1,1992,55-59,20246395.97677815
S1,1992,60-64,16297377.017790735
S1,1992,65-69,12405712.434277594
S1,1992,70-74,9429395.682813525
S1,1992,75+,13168505.287948191
S1,1992,0-8,57145490.20922093
S1,1992,9-14,40024294.1580639
S1,1992,0-17,
S1,1992,18-29,
S1,1992,30-65,
S1,1992,66+,
S1,1992,15-26,
S1,1992,27-45,
S1,1992,46-65,
S1,1993,00-04,
S1,1993,05-09,
S1,1993,10-14,
S1,1993,15-19,34848174.65697788
S1,1993,20-24,36496471.215621114
S1,1993,25-29,37115434.785945356
S1,1993,30-34,35028475.25550228
S1,1993,35-39,32603228.62860316
S1,1993,40-44,30107131.753460526
S1,1993,45-49,27222391.879337072
S1,1993,50-54,24365440.084647536
S1,1993,55-59,20681191.128097236
S1,1993,60-64,16647366.246228397
S1,1993,65-69,12672127.435805261
S1,1993,70-74,9631893.723820925
S1,1993,75+,13451301.409089208
S1,1993,0-8,58372700.33052948
S1,1993,9-14,40883823.38266544
S1,1993,0-17,
S1,1993,18-29,
S1,1993,30-65,
S1,1993,66+,
S1,1993,15-26,
S1,1993,27-45,
S1,1993,46-65,
S1,1994,00-04,
S1,1994,05-09,
S1,1994,10-14,
S1,1994,15-19,35578013.91480945
S1,1994,20-24,37260831.40744388
S1,1994,25-29,37892758.17934862
S1,1994,30-34,35762090.62087205
S1,1994,35-39,33286051.083995342
S1,1994,40-44,30737677.45379275
S1,1994,45-49,27792521.318861067
S1,1994,50-54,24875735.240223467
S1,1994,55-59,21114325.584423244
S1,1994,60-64,16996018.694903016
S1,1994,65-69,12937524.868351817
S1,1994,70-74,9833618.32592994
S1,1994,75+,13733017.393754542
S1,1994,0-8,59595223.13713873
S1,1994,9-14,41740069.6454506
S1,1994,0-17,
S1,1994,18-29,
S1,1994,30-65,
S1,1994,66+,
S1,1994,15-26,
S1,1994,27-45,
S1,1994,46-65,
S1,1995,00-04,
S1,1995,05-09,
S1,1995,10-14,
S1,1995,15-19,36296493.94666183
S1,1995,20-24,38013295.08910325
S1,1995,25-29,38657983.30318105
S1,1995,30-34,36484287.98888463
S1,1995,35-39,33958246.083422005
S1,1995,40-44,31358409.334131777
S1,1995,45-49,28353777.257718325
S1,1995,50-54,25378088.15656507
S1,1995,55-59,21540718.731459558
S1,1995,60-64,17339244.713154554
S1,1995,65-69,13198791.65243262
S1,1995,70-74,10032203.284184098
S1,1995,75+,14010348.747835219
S1,1995,0-8,60798718.58577021
S1,1995,9-14,42582989.28228564
S1,1995,0-17,
S1,1995,18-29,
S1,1995,30-65,
S1,1995,66+,
S1,1995,15-26,
S1,1995,27-45,
S1,1995,46-65,
S1,1996,00-04,
S1,1996,05-09,
S1,1996,10-14,
S1,1996,15-19,37028328.49111085
S1,1996,20-24,38779744.94333494
S1,1996,25-29,39437431.7987183
S1,1996,30-34,37219908.964263976
S1,1996,35-39,34642935.2875438
S1,1996,40-44,31990678.865272045
S1,1996,45-49,28925465.357767403
S1,1996,50-54,25889778.393433094
S1,1996,55-59,21975037.321654737
S1,1996,60-64,17688850.332760394
S1,1996,65-69,13464914.6474092
S1,1996,70-74,10234479.37539804
S1,1996,75+,14292834.907752216
S1,1996,0-8,62024583.61242232
S1,1996,9-14,43441576.41217415
S1,1996,0-17,
S1,1996,18-29,
S1,1996,30-65,
S1,1996,66+,
S1,1996,15-26,
S1,1996,27-45,
S1,1996,46-65,
S1,1997,00-04,
S1,1997,05-09,
S1,1997,10-14,
S1,1997,15-19,37762617.59369503
S1,1997,20-24,39548765.454744756
S1,1997,25-29,40219494.54861143
S1,1997,30-34,37957997.19739053
S1,1997,35-39,35329920.92529082
S1,1997,40-44,32625069.015523553
S1,1997,45-49,29499070.888043642
S1,1997,50-54,26403184.828918874
S1,1997,55-59,22410812.607542813
S1,1997,60-64,18039628.522483587
S1,1997,65-69,13731930.213482976
S1,1997,70-74,10437433.896496177
S1,1997,75+,14576268.520487785
S1,1997,0-8,63254560.16537029
S1,1997,9-14,44303043.22578401
S1,1997,0-17,
S1,1997,18-29,
S1,1997,30-65,
S1,1997,66+,
S1,1997,15-26,
S1,1997,27-45,
S1,1997,46-65,
S1,1998,00-04,
S1,1998,05-09,
S1,1998,10-14,
S1,1998,15-19,38499260.58133906
S1,1998,20-24,40320251.18848479
S1,1998,25-29,41004064.32988548
S1,1998,30-34,38698451.49431771
S1,1998,35-39,36019108.809024215
S1,1998,40-44,33261492.80823493
S1,1998,45-49,30074515.205635607
S1,1998,50-54,26918237.073574185
S1,1998,55-59,22847984.843121827
S1,1998,60-64,18391531.18966019
S1,1998,65-69,13999801.742078185
S1,1998,70-74,10641039.02184999
S1,1998,75+,14860610.72650659
S1,1998,0-8,64488479.61141278
S1,1998,9-14,45167271.61362259
S1,1998,0-17,
S1,1998,18-29,
S1,1998,30-65,
S1,1998,66+,
S1,1998,15-26,
S1,1998,27-45,
S1,1998,46-65,
S1,1999,00-04,
S1,1999,05-09,
S1,1999,10-14,
S1,1999,15-19,39238668.917703
S1,1999,20-24,41094633.070185244
S1,1999,25-29,41791579.376473606
S1,1999,30-34,39441685.447573006
S1,1999,35-39,36710883.895600855
S1,1999,40-44,33900305.72804046
S1,1999,45-49,30652119.7341218
S1,1999,50-54,27435222.818024278
S1,1999,55-59,23286798.217898965
S1,1999,60-64,18744754.895123363
S1,1999,65-69,14268678.857098758
S1,1999,70-74,10845408.4783414
S1,1999,75+,15146020.349671245
S1,1999,0-8,65727031.17588694
S1,1999,9-14,46034744.30420502
S1,1999,0-17,
S1,1999,18-29,
S1,1999,30-65,
S1,1999,66+,
S1,1999,15-26,
S1,1999,27-45,
S1,1999,46-65,
S1,2000,00-04,
S1,2000,05-09,
S1,2000,10-14,
S1,2000,15-19,39978184.88101244
S1,2000,20-24,41869127.66951746
S1,2000,25-29,42579209.052333295
S1,2000,30-34,40185027.584623665
S1,2000,35-39,37402759.67571294
S1,2000,40-44,34539211.632303774
S1,2000,45-49,31229808.337682664
S1,2000,50-54,27952283.81398803
S1,2000,55-59,23725675.465560436
S1,2000,60-64,19098030.015192747
S1,2000,65-69,14537595.109387815
S1,2000,70-74,11049807.682482779
S1,2000,75+,15431471.516546547
S1,2000,0-8,66965763.02169569
S1,2000,9-14,46902343.262549594
S1,2000,0-17,
S1,2000,18-29,
S1,2000,30-65,
S1,2000,66+,
S1,2000,15-26,
S1,2000,27-45,
S1,2000,46-65,
S1,2001,00-04,
S1,2001,05-09,
S1,2001,10-14,
S1,2001,15-19,40729269.87172559
S1,2001,20-24,42655738.50391188
S1,2001,25-29,43379160.44909707
S1,2001,30-34,40939998.60594538
S1,2001,35-39,38105459.197647035
S1,2001,40-44,35188112.61480963
S1,2001,45-49,31816534.332749605
S1,2001,50-54,28477433.739912093
S1,2001,55-59,24171418.532429338
S1,2001,60-64,19456831.79019314
S1,2001,65-69,14810718.301954567
S1,2001,70-74,11257404.518739343
S1,2001,75+,15721388.296790361
S1,2001,0-8,68223873.65495604
S1,2001,9-14,47783514.98554367
S1,2001,0-17,
S1,2001,18-29,
S1,2001,30-65,
S1,2001,66+,
S1,2001,15-26,
S1,2001,27-45,
S1,2001,46-65,
S1,2002,00-04,
S1,2002,05-09,
S1,2002,10-14,
S1,2002,15-19,41492895.140053004
S1,2002,20-24,43455482.76309797
S1,2002,25-29,44192468.00757
S1,2002,30-34,41707574.78688964
S1,2002,35-39,38819891.14293319
S1,2002,40-44,35847847.78860593
S1,2002,45-49,32413056.43205589
S1,2002,50-54,29011351.68269384
S1,2002,55-59,24624603.822045684
S1,2002,60-64,19821624.197309256
S1,2002,65-69,15088401.618475378
S1,2002,70-74,11468467.436718643
S1,2002,75+,16016145.5903638
S1,2002,0-8,69502989.97572926
S1,2002,9-14,48679398.9423978
S1,2002,0-17,
S1,2002,18-29,
S1,2002,30-65,
S1,2002,66+,
S1,2002,15-26,
S1,2002,27-45,
S1,2002,46-65,
S1,2003,00-04,
S1,2003,05-09,
S1,2003,10-14,
S1,2003,15-19,42226536.979560584
S1,2003,20-24,44223825.3962982
S1,2003,25-29,44973841.38274711
S1,2003,30-34,42445012.408072114
S1,2003,35-39,39506271.2147854
S1,2003,40-44,36481678.73497039
S1,2003,45-49,32986156.339030623
S1,2003,50-54,29524305.559333503
S1,2003,55-59,25059994.979596257
S1,2003,60-64,20172093.182157338
S1,2003,65-69,15355181.814970315
S1,2003,70-74,11671243.05693525
S1,2003,75+,16299329.361297965
S1,2003,0-8,70731882.32573186
S1,2003,9-14,49540106.38799013
S1,2003,0-17,
S1,2003,18-29,
S1,2003,30-65,
S1,2003,66+,
S1,2003,15-26,
S1,2003,27-45,
S1,2003,46-65,
S1,2004,00-04,
S1,2004,05-09,
S1,2004,10-14,
S1,2004,15-19,42954111.725368515
S1,2004,20-24,44985813.96611485
S1,2004,25-29,45748752.93251255
S1,2004,30-34,43176351.54508364
S1,2004,35-39,40186975.03974813
S1,2004,40-44,37110268.00680888
S1,2004,45-49,33554516.80688447
S1,2004,50-54,30033017.394331634
S1,2004,55-59,25491785.526049376
S1,2004,60-64,20519663.847886443
S1,2004,65-69,15619755.784445226
S1,2004,70-74,11872341.757132292
S1,2004,75+,16580171.25043106
S1,2004,0-8,71950611.9442315
S1,2004,9-14,50393695.92885131
S1,2004,0-17,
S1,2004,18-29,
S1,2004,30-65,
S1,2004,66+,
S1,2004,15-26,
S1,2004,27-45,
S1,2004,46-65,
S1,2005,00-04,
S1,2005,05-09,
S1,2005,10-14,
S1,2005,15-19,43688905.615711614
S1,2005,20-24,45755363.14142442
S1,2005,25-29,46531353.31220502
S1,2005,30-34,43914947.17768514
S1,2005,35-39,40874432.946441114
S1,2005,40-44,37745094.26918721
S1,2005,45-49,34128516.66284126
S1,2005,50-54,30546776.771571636
S1,2005,55-59,25927860.386082232
S1,2005,60-64,20870683.180417895
S1,2005,65-69,15886954.910629988
S1,2005,70-74,12075435.799513698
S1,2005,75+,16863799.709879756
S1,2005,0-8,73181434.04575904
S1,2005,9-14,51255754.95866144
S1,2005,0-17,
S1,2005,18-29,
S1,2005,30-65,
S1,2005,66+,
S1,2005,15-26,
S1,2005,27-45,
S1,2005,46-65,
S1,2006,00-04,
S1,2006,05-09,
S1,2006,10-14,
S1,2006,15-19,44380300.165125236
S1,2006,20-24,46479460.21450478
S1,2006,25-29,47267730.742664784
S1,2006,30-34,44609918.92597076
S1,2006,35-39,41521287.33089554
S1,2006,40-44,38342425.60713297
S1,2006,45-49,34668614.2017408
S1,2006,50-54,31030191.83231473
S1,2006,55-59,26338179.232394755
S1,2006,60-64,21200970.158086896
S1,2006,65-69,16138372.378684819
S1,2006,70-74,12266534.440596938
S1,2006,75+,17130676.140806675
S1,2006,0-8,74339559.7507736
S1,2006,9-14,52066897.95034477
S1,2006,0-17,
S1,2006,18-29,
S1,2006,30-65,
S1,2006,66+,
S1,2006,15-26,
S1,2006,27-45,
S1,2006,46-65,
S1,2007,00-04,
S1,2007,05-09,
S1,2007,10-14,
S1,2007,15-19,45081698.48897946
S1,2007,20-24,47214034.23421186
S1,2007,25-29,48014762.8040061
S1,2007,30-34,45314946.20711875
S1,2007,35-39,42177501.03900039
S1,2007,40-44,38948399.720721364
S1,2007,45-49,35216526.40154517
S1,2007,50-54,31520601.416276157
S1,2007,55-59,26754434.97420454
S1,2007,60-64,21536036.051684678
S1,2007,65-69,16393427.60125047
S1,2007,70-74,12460398.084243417
S1,2007,75+,17401414.00168073
S1,2007,0-8,75514442.35434438
S1,2007,9-14,52889777.354377255
S1,2007,0-17,
S1,2007,18-29,
S1,2007,30-65,
S1,2007,66+,
S1,2007,15-26,
S1,2007,27-45,
S1,2007,46-65,
S1,2008,00-04,
S1,2008,05-09,
S1,2008,10-14,
S1,2008,15-19,45745084.034580156
S1,2008,20-24,47908797.49536386
S1,2008,25-29,48721308.93441442
S1,2008,30-34,45981764.03610593
S1,2008,35-39,42798150.781060815
S1,2008,40-44,39521532.63862425
S1,2008,45-49,35734744.11214805
S1,2008,50-54,31984432.90597278
S1,2008,55-59,27148131.44167322
S1,2008,60-64,21852942.812190115
S1,2008,65-69,16634659.925631046
S1,2008,70-74,12643755.150604546
S1,2008,75+,17657479.03269434
S1,2008,0-8,76625651.36423153
S1,2008,9-14,53668060.22709353
S1,2008,0-17,
S1,2008,18-29,
S1,2008,30-65,
S1,2008,66+,
S1,2008,15-26,
S1,2008,27-45,
S1,2008,46-65,
S1,2009,00-04,
S1,2009,05-09,
S1,2009,10-14,
S1,2009,15-19,46406212.654197425
S1,2009,20-24,48601197.079364836
S1,2009,25-29,49425451.30078122
S1,2009,30-34,46646313.26202446
S1,2009,35-39,43416688.99003351
S1,2009,40-44,40092715.682003975
S1,2009,45-49,36251198.77707738
S1,2009,50-54,32446686.379163086
S1,2009,55-59,27540488.501322627
S1,2009,60-64,22168771.41368699
S1,2009,65-69,16875071.545514047
S1,2009,70-74,12826488.411804438
S1,2009,75+,17912672.896366596
S1,2009,0-8,77733079.89306349
S1,2009,9-14,54443695.277816236
S1,2009,0-17,
S1,2009,18-29,
S1,2009,30-65,
S1,2009,66+,
S1,2009,15-26,
S1,2009,27-45,
S1,2009,46-65,
S1,2010,00-04,
S1,2010,05-09,
S1,2010,10-14,
S1,2010,15-19,47097667.33878398
S1,2010,20-24,49325357.131973684
S1,2010,25-29,50161892.77887362
S1,2010,30-34,47341345.456615806
S1,2010,35-39,44063599.63570714
S1,2010,40-44,40690098.973820806
S1,2010,45-49,36791343.29184461
S1,2010,50-54,32930143.4857226
S1,2010,55-59,27950843.035788596
S1,2010,60-64,22499087.118606627
S1,2010,65-69,17126510.881014705
S1,2010,70-74,13017603.674004793
S1,2010,75+,18179572.539307833
S1,2010,0-8,78891306.32795735
S1,2010,9-14,55254908.81998931
S1,2010,0-17,
S1,2010,18-29,
S1,2010,30-65,
S1,2010,66+,
S1,2010,15-26,
S1,2010,27-45,
S1,2010,46-65,
S1,2011,00-04,
S1,2011,05-09,
S1,2011,10-14,
S1,2011,15-19,47788441.09724051
S1,2011,20-24,50048804.05107841
S1,2011,25-29,50897609.02904177
S1,2011,30-34,48035693.20204067
S1,2011,35-39,44709873.22103214
S1,2011,40-44,41286893.97850609
S1,2011,45-49,37330955.88670117
S1,2011,50-54,33413124.496618927
S1,2011,55-59,28360793.464054525
S1,2011,60-64,22829077.537430704
S1,2011,65-69,17377702.605764627
S1,2011,70-74,13208530.730992794
S1,2011,75+,18446209.346599936
S1,2011,0-8,80048392.17235185
S1,2011,9-14,56065323.50070377
S1,2011,0-17,
S1,2011,18-29,
S1,2011,30-65,
S1,2011,66+,
S1,2011,15-26,
S1,2011,27-45,
S1,2011,46-65,
S1,2012,00-04,
S1,2012,05-09,
S1,2012,10-14,
S1,2012,15-19,48464939.03432122
S1,2012,20-24,50757299.911510795
S1,2012,25-29,51618120.65737516
S1,2012,30-34,48715691.26457
S1,2012,35-39,45342790.644298255
S1,2012,40-44,41871355.366315246
S1,2012,45-49,37859416.62044257
S1,2012,50-54,33886124.01856166
S1,2012,55-59,28762271.684140503
S1,2012,60-64,23152248.23530096
S1,2012,65-69,17623703.096554518
S1,2012,70-74,13395512.009021878
S1,2012,75+,18707335.725352168
S1,2012,0-8,81181565.19343936
S1,2012,9-14,56858989.81036246
S1,2012,0-17,
S1,2012,18-29,
S1,2012,30-65,
S1,2012,66+,
S1,2012,15-26,
S1,2012,27-45,
S1,2012,46-65,
S1,2013,00-04,
S1,2013,05-09,
S1,2013,10-14,
S1,2013,15-19,49147134.88120952
S1,2013,20-24,51468079.32357386
S1,2013,25-29,52333803.72608164
S1,2013,30-34,49378835.65120703
S1,2013,35-39,45950422.14630902
S1,2013,40-44,42429720.0455907
S1,2013,45-49,38364061.69836551
S1,2013,50-54,34335742.10277319
S1,2013,55-59,29141296.446925938
S1,2013,60-64,23455960.522652566
S1,2013,65-69,17854372.443992138
S1,2013,70-74,13570963.458631754
S1,2013,75+,18949145.812026024
S1,2013,0-8,82344015.55083317
S1,2013,9-14,57668633.24279335
S1,2013,0-17,
S1,2013,18-29,
S1,2013,30-65,
S1,2013,66+,
S1,2013,15-26,
S1,2013,27-45,
S1,2013,46-65,
S1,2014,00-04,
S1,2014,05-09,
S1,2014,10-14,
S1,2014,15-19,49830038.93140942
S1,2014,20-24,52179608.83341429
S1,2014,25-29,53050236.05008417
S1,2014,30-34,50042671.003457785
S1,2014,35-39,46558752.416953444
S1,2014,40-44,42988758.54118329
S1,2014,45-49,38869336.615605116
S1,2014,50-54,34785923.2806226
S1,2014,55-59,29520803.677317023
S1,2014,60-64,23760071.009565473
S1,2014,65-69,18085351.32057488
S1,2014,70-74,13746653.362493634
S1,2014,75+,19191275.684527278
S1,2014,0-8,83507687.23326519
S1,2014,9-14,58479145.20015818
S1,2014,0-17,
S1,2014,18-29,
S1,2014,30-65,
S1,2014,66+,
S1,2014,15-26,
S1,2014,27-45,
S1,2014,46-65,
S1,2015,00-04,
S1,2015,05-09,
S1,2015,10-14,
S1,2015,15-19,50513514.75856173
S1,2015,20-24,52891723.45378089
S1,2015,25-29,53767304.9303163
S1,2015,30-34,50707185.10974944
S1,2015,35-39,47167794.71411353
S1,2015,40-44,43548491.39788705
S1,2015,45-49,39375256.28584379
S1,2015,50-54,35236701.05029696
S1,2015,55-59,29900839.28610766
S1,2015,60-64,24064620.025812864
S1,2015,65-69,18316673.72885728
S1,2015,70-74,13922599.698266268
S1,2015,75+,19433765.519810557
S1,2015,0-8,84672138.21179189
S1,2015,9-14,59290291.58908202
S1,2015,0-17,
S1,2015,18-29,
S1,2015,30-65,
S1,2015,66+,
S1,2015,15-26,
S1,2015,27-45,
S1,2015,46-65,
S1,2016,00-04,
S1,2016,05-09,
S1,2016,10-14,
S1,2016,15-19,51178765.56573182
S1,2016,20-24,53584945.12398696
S1,2016,25-29,54465339.58684474
S1,2016,30-34,51354025.409066975
S1,2016,35-39,47760650.98875475
S1,2016,40-44,44093375.778541565
S1,2016,45-49,39867753.33390498
S1,2016,50-54,35675455.9613564
S1,2016,55-59,30270735.22623974
S1,2016,60-64,24361052.90034914
S1,2016,65-69,18541836.644092917
S1,2016,70-74,14093824.16899395
S1,2016,75+,19669659.661042213
S1,2016,0-8,85805863.7271408
S1,2016,9-14,60080003.24010347
S1,2016,0-17,
S1,2016,18-29,
S1,2016,30-65,
S1,2016,66+,
S1,2016,15-26,
S1,2016,27-45,
S1,2016,46-65,
S1,2017,00-04,
S1,2017,05-09,
S1,2017,10-14,
S1,2017,15-19,51806779.08572507
S1,2017,20-24,54239545.72660783
S1,2017,25-29,55124457.37289849
S1,2017,30-34,51964708.05029768
S1,2017,35-39,48320250.34291607
S1,2017,40-44,44607672.4218564
S1,2017,45-49,40332566.986815035
S1,2017,50-54,36089415.81226432
S1,2017,55-59,30619701.719107926
S1,2017,60-64,24640717.082278013
S1,2017,65-69,18754262.25201869
S1,2017,70-74,14255288.247738004
S1,2017,75+,19891958.227309227
S1,2017,0-8,86876642.93507278
S1,2017,9-14,60825823.42112869
S1,2017,0-17,
S1,2017,18-29,
S1,2017,30-65,
S1,2017,66+,
S1,2017,15-26,
S1,2017,27-45,
S1,2017,46-65,
S1,2018,00-04,
S1,2018,05-09,
S1,2018,10-14,
S1,2018,15-19,52434983.24352619
S1,2018,20-24,54894357.62940729
S1,2018,25-29,55783801.18950966
S1,2018,30-34,52575648.58499676
S1,2018,35-39,48880200.41446757
S1,2018,40-44,45122346.61290014
S1,2018,45-49,40797753.13633603
S1,2018,50-54,36503721.44839823
S1,2018,55-59,30968983.073089838
S1,2018,60-64,24920653.059573054
S1,2018,65-69,18966906.761179566
S1,2018,70-74,14416918.17233181
S1,2018,75+,20114487.554726243
S1,2018,0-8,87947675.69880687
S1,2018,9-14,61571868.45632614
S1,2018,0-17,
S1,2018,18-29,
S1,2018,30-65,
S1,2018,66+,
S1,2018,15-26,
S1,2018,27-45,
S1,2018,46-65,
S1,2019,00-04,
S1,2019,05-09,
S1,2019,10-14,
S1,2019,15-19,53064431.05799347
S1,2019,20-24,55550425.32188067
S1,2019,25-29,56444414.7702536
S1,2019,30-34,53187789.05562878
S1,2019,35-39,49441313.64961189
S1,2019,40-44,45638124.95457673
S1,2019,45-49,41263943.64337343
S1,2019,50-54,36918919.17726821
S1,2019,55-59,31319021.843832374
S1,2019,60-64,25201202.690387964
S1,2019,65-69,19180016.564451337
S1,2019,70-74,14578889.212347984
S1,2019,75+,20337458.218138576
S1,2019,0-8,89020702.69217771
S1,2019,9-14,62319359.675910026
S1,2019,0-17,
S1,2019,18-29,
S1,2019,30-65,
S1,2019,66+,
S1,2019,15-26,
S1,2019,27-45,
S1,2019,46-65,
S1,2020,00-04,
S1,2020,05-09,
S1,2020,10-14,
S1,2020,15-19,53694584.637829065
S1,2020,20-24,56207268.95193532
S1,2020,25-29,57105867.85677713
S1,2020,30-34,53800805.99862474
S1,2020,35-39,50003375.0452739
S1,2020,40-44,46154844.42572343
S1,2020,45-49,41731025.18733227
S1,2020,50-54,37334942.25888407
S1,2020,55-59,31669790.771059275
S1,2020,60-64,25482359.625914812
S1,2020,65-69,19393608.695825696
S1,2020,70-74,14741238.277776122
S1,2020,75+,20560970.045366287
S1,2020,0-8,90094770.11046351
S1,2020,9-14,63067661.10944219
S1,2020,0-17,
S1,2020,18-29,
S1,2020,30-65,
S1,2020,66+,
S1,2020,15-26,
S1,2020,27-45,
S1,2020,46-65,
S1,2021,00-04,
S1,2021,05-09,
S1,2021,10-14,
S1,2021,15-19,54305941.25758326
S1,2021,20-24,56843979.89782679
S1,2021,25-29,57746411.86713499
S1,2021,30-34,54393808.96451658
S1,2021,35-39,50547194.16473907
S1,2021,40-44,46655165.19914794
S1,2021,45-49,42183379.571726024
S1,2021,50-54,37737755.12988633
S1,2021,55-59,32009362.278907537
S1,2021,60-64,25754563.539274096
S1,2021,65-69,19600386.990285754
S1,2021,70-74,14898385.660120606
S1,2021,75+,20777052.96866727
S1,2021,0-8,91136625.55019476
S1,2021,9-14,63793091.54812376
S1,2021,0-17,
S1,2021,18-29,
S1,2021,30-65,
S1,2021,66+,
S1,2021,15-26,
S1,2021,27-45,
S1,2021,46-65,
S1,2022,00-04,
S1,2022,05-09,
S1,2022,10-14,
S1,2022,15-19,54878564.504965276
S1,2022,20-24,57439219.317736715
S1,2022,25-29,58343861.77639866
S1,2022,30-34,54945526.90932739
S1,2022,35-39,51053270.127305925
S1,2022,40-44,47121515.682686746
S1,2022,45-49,42605242.83185202
S1,2022,50-54,38113240.25790018
S1,2022,55-59,32325778.37374401
S1,2022,60-64,26008257.42996359
S1,2022,65-69,19793083.895920396
S1,2022,70-74,15044793.894957662
S1,2022,75+,20977830.4482553
S1,2022,0-8,92111993.0054335
S1,2022,9-14,64471325.72914827
S1,2022,0-17,
S1,2022,18-29,
S1,2022,30-65,
S1,2022,66+,
S1,2022,15-26,
S1,2022,27-45,
S1,2022,46-65,
S1,2023,00-04,
S1,2023,05-09,
S1,2023,10-14,
S1,2023,15-19,55451910.55251613
S1,2023,20-24,58035212.15113202
S1,2023,25-29,58942115.460372925
S1,2023,30-34,55498069.92537117
S1,2023,35-39,51560222.1169225
S1,2023,40-44,47588739.03591329
S1,2023,45-49,43027926.00203574
S1,2023,50-54,38489483.70264304
S1,2023,55-59,32642861.08018422
S1,2023,60-64,26262498.956176758
S1,2023,65-69,19986210.496299267
S1,2023,70-74,15191526.000887036
S1,2023,75+,21179051.77814722
S1,2023,0-8,93088578.26494858
S1,2023,9-14,65150466.68806365
S1,2023,0-17,
S1,2023,18-29,
S1,2023,30-65,
S1,2023,66+,
S1,2023,15-26,
S1,2023,27-45,
S1,2023,46-65,
S1,2024,00-04,
S1,2024,05-09,
S1,2024,10-14,
S1,2024,15-19,56026431.48617461
S1,2024,20-24,58632426.90146026
S1,2024,25-29,59541611.13972694
S1,2024,30-34,56051797.79529476
S1,2024,35-39,52068341.28889459
S1,2024,40-44,48057073.917032
S1,2024,45-49,43451634.04588878
S1,2024,50-54,38866649.440509915
S1,2024,55-59,32960740.66246593
S1,2024,60-64,26517396.707120895
S1,2024,65-69,20179844.278787494
S1,2024,70-74,15338641.688673973
S1,2024,75+,21380793.14086044
S1,2024,0-8,94067056.66766486
S1,2024,9-14,65830983.067123085
S1,2024,0-17,
S1,2024,18-29,
S1,2024,30-65,
S1,2024,66+,
S1,2024,15-26,
S1,2024,27-45,
S1,2024,46-65,
S1,2025,00-04,
S1,2025,05-09,
S1,2025,10-14,
S1,2025,15-19,56601705.235892236
S1,2025,20-24,59230425.70450574
S1,2025,25-29,60141922.564047635
S1,2025,30-34,56606330.05791998
S1,2025,35-39,52577318.950971365
S1,2025,40-44,48526244.36666322
S1,2025,45-49,43876117.99806869
S1,2025,50-54,39244510.11488485
S1,2025,55-59,33279216.031134963
S1,2025,60-64,26772783.52587092
S1,2025,65-69,20373856.149638057
S1,2025,70-74,15486042.529161692
S1,2025,75+,21582914.373877525
S1,2025,0-8,95046626.17359352
S1,2025,9-14,66512339.326788366
S1,2025,0-17,
S1,2025,18-29,
S1,2025,30-65,
S1,2025,66+,
S1,2025,15-26,
S1,2025,27-45,
S1,2025,46-65,
S1,2026,00-04,
S1,2026,05-09,
S1,2026,10-14,
S1,2026,15-19,57154413.31643516
S1,2026,20-24,59804630.17648399
S1,2026,25-29,60717932.36902481
S1,2026,30-34,57138103.850165725
S1,2026,35-39,53065688.39372641
S1,2026,40-44,48976807.09907329
S1,2026,45-49,44283851.97488797
S1,2026,50-54,39607388.22054422
S1,2026,55-59,33585060.574149966
S1,2026,60-64,27018091.043526888
S1,2026,65-69,20560222.31335473
S1,2026,70-74,15627610.238034368
S1,2026,75+,21776863.341585875
S1,2026,0-8,95987198.20861691
S1,2026,9-14,67166342.4945544
S1,2026,0-17,
S1,2026,18-29,
S1,2026,30-65,
S1,2026,66+,
S1,2026,15-26,
S1,2026,27-45,
S1,2026,46-65,
S1,2027,00-04,
S1,2027,05-09,
S1,2027,10-14,
S1,2027,15-19,57660981.484708816
S1,2027,20-24,60330226.45565739
S1,2027,25-29,61244250.44928944
S1,2027,30-34,57623246.210357726
S1,2027,35-39,53511659.22136903
S1,2027,40-44,49388996.178477466
S1,2027,45-49,44657028.25102502
S1,2027,50-54,39939353.94573951
S1,2027,55-59,33864825.84711385
S1,2027,60-64,27242569.25326228
S1,2027,65-69,20730760.209369183
S1,2027,70-74,15757092.64004469
S1,2027,75+,21953857.737811208
S1,2027,0-8,96848188.41664463
S1,2027,9-14,67764465.66668802
S1,2027,0-17,
S1,2027,18-29,
S1,2027,30-65,
S1,2027,66+,
S1,2027,15-26,
S1,2027,27-45,
S1,2027,46-65,
S1,2028,00-04,
S1,2028,05-09,
S1,2028,10-14,
S1,2028,15-19,58168103.97134018
S1,2028,20-24,60856362.22633189
S1,2028,25-29,61771130.4726274
S1,2028,30-34,58108963.51036656
S1,2028,35-39,53958266.0849815
S1,2028,40-44,49801834.528713405
S1,2028,45-49,45030818.70128518
S1,2028,50-54,40271886.77100456
S1,2028,55-59,34145095.04872537
S1,2028,60-64,27467466.42307222
S1,2028,65-69,20901633.442711353
S1,2028,70-74,15886827.801999569
S1,2028,75+,22131197.50488913
S1,2028,0-8,97710023.51680781
S1,2028,9-14,68363216.61418389
S1,2028,0-17,
S1,2028,18-29,
S1,2028,30-65,
S1,2028,66+,
S1,2028,15-26,
S1,2028,27-45,
S1,2028,46-65,
S1,2029,00-04,
S1,2029,05-09,
S1,2029,10-14,
S1,2029,15-19,58676438.56540367
S1,2029,20-24,61383784.634973615
S1,2029,25-29,62299341.66607034
S1,2029,30-34,58595981.659725726
S1,2029,35-39,54406187.42380774
S1,2029,40-44,50215923.23635942
S1,2029,45-49,45405758.11486232
S1,2029,50-54,40605448.84971523
S1,2029,55-59,34426244.60139036
S1,2029,60-64,27693085.413378
S1,2029,65-69,21073059.575252652
S1,2029,70-74,16016982.30895567
S1,2029,75+,22309111.439859033
S1,2029,0-8,98573694.37102398
S1,2029,9-14,68963363.66212735
S1,2029,0-17,
S1,2029,18-29,
S1,2029,30-65,
S1,2029,66+,
S1,2029,15-26,
S1,2029,27-45,
S1,2029,46-65,
S1,2030,00-04,
S1,2030,05-09,
S1,2030,10-14,
S1,2030,15-19,59185946.7630516
S1,2030,20-24,61912408.24470118
S1,2030,25-29,62828781.62181151
S1,2030,30-34,59084178.08598101
S1,2030,35-39,54855311.32909107
S1,2030,40-44,50631166.98947275
S1,2030,45-49,45781766.21753037
S1,2030,50-54,40939969.12342119
S1,2030,55-59,34708213.16977668
S1,2030,60-64,27919377.686956286
S1,2030,65-69,21245005.05984497
S1,2030,70-74,16147523.918320417
S1,2030,75+,22487541.004866242
S1,2030,0-8,99439331.5133869
S1,2030,9-14,69564942.07359964
S1,2030,0-17,
S1,2030,18-29,
S1,2030,30-65,
S1,2030,66+,
S1,2030,15-26,
S1,2030,27-45,
S1,2030,46-65,
S1,2031,00-04,
S1,2031,05-09,
S1,2031,10-14,
S1,2031,15-19,59671190.46823862
S1,2031,20-24,62415828.30495012
S1,2031,25-29,63332868.919312894
S1,2031,30-34,59548977.984053016
S1,2031,35-39,55283171.24563372
S1,2031,40-44,51027014.36540681
S1,2031,45-49,46140285.14235139
S1,2031,50-54,41258896.68276107
S1,2031,55-59,34977091.92236364
S1,2031,60-64,28135215.354997516
S1,2031,65-69,21409035.924756765
S1,2031,70-74,16272035.521031618
S1,2031,75+,22657611.85839629
S1,2031,0-8,100263501.43388715
S1,2031,9-14,70137752.1116566
S1,2031,0-17,
S1,2031,18-29,
S1,2031,30-65,
S1,2031,66+,
S1,2031,15-26,
S1,2031,27-45,
S1,2031,46-65,
S1,2032,00-04,
S1,2032,05-09,
S1,2032,10-14,
S1,2032,15-19,60107477.9463442
S1,2032,20-24,62868414.93601459
S1,2032,25-29,63785747.357569516
S1,2032,30-34,59966388.89678329
S1,2032,35-39,55667743.85748547
S1,2032,40-44,51383231.979032755
S1,2032,45-49,46463031.41157013
S1,2032,50-54,41545890.07773447
S1,2032,55-59,35219115.44896972
S1,2032,60-64,28329584.450570107
S1,2032,65-69,21556784.686172485
S1,2032,70-74,16384120.949150562
S1,2032,75+,22810446.12907183
S1,2032,0-8,101004286.6609184
S1,2032,9-14,70652629.58793695
S1,2032,0-17,
S1,2032,18-29,
S1,2032,30-65,
S1,2032,66+,
S1,2032,15-26,
S1,2032,27-45,
S1,2032,46-65,
S1,2033,00-04,
S1,2033,05-09,
S1,2033,10-14,
S1,2033,15-19,60544331.554085374
S1,2033,20-24,63321547.4661203
S1,2033,25-29,64239221.539791346
S1,2033,30-34,60384444.10917956
S1,2033,35-39,56053081.800346434
S1,2033,40-44,51740232.29557371
S1,2033,45-49,46786528.06396127
S1,2033,50-54,41833583.72186673
S1,2033,55-59,35461763.65426743
S1,2033,60-64,28524481.385591388
S1,2033,65-69,21704949.946795344
S1,2033,70-74,16496517.040189385
S1,2033,75+,22963691.769146204
S1,2033,0-8,101745908.44297904
S1,2033,9-14,71168223.63270164
S1,2033,0-17,
S1,2033,18-29,
S1,2033,30-65,
S1,2033,66+,
S1,2033,15-26,
S1,2033,27-45,
S1,2033,46-65,
S1,2034,00-04,
S1,2034,05-09,
S1,2034,10-14,
S1,2034,15-19,60982501.76763862
S1,2034,20-24,63776096.665870786
S1,2034,25-29,64694155.99114698
S1,2034,30-34,60803908.0085839
S1,2034,35-39,56439804.65963143
S1,2034,40-44,52098559.37928593
S1,2034,45-49,47111244.809856296
S1,2034,50-54,42122375.88440919
S1,2034,55-59,35705352.979059815
S1,2034,60-64,28720142.64606321
S1,2034,65-69,21853708.546084642
S1,2034,70-74,16609369.914972544
S1,2034,75+,23117571.76307726
S1,2034,0-8,102489505.11270262
S1,2034,9-14,71685252.43264262
S1,2034,0-17,
S1,2034,18-29,
S1,2034,30-65,
S1,2034,66+,
S1,2034,15-26,
S1,2034,27-45,
S1,2034,46-65,
S1,2035,00-04,
S1,2035,05-09,
S1,2035,10-14,
S1,2035,15-19,61421487.08661348
S1,2035,20-24,64231459.03727865
S1,2035,25-29,65149916.4902339
S1,2035,30-34,61224161.9716748
S1,2035,35-39,56827365.151384294
S1,2035,40-44,52457685.70393735
S1,2035,45-49,47436698.60835457
S1,2035,50-54,42411819.79284489
S1,2035,55-59,35949494.010211706
S1,2035,60-64,28916262.20471728
S1,2035,65-69,22002814.51590848
S1,2035,70-74,16722478.733133554
S1,2035,75+,23271789.500061035
S1,2035,0-8,103234497.07433516
S1,2035,9-14,72203340.1298647
S1,2035,0-17,
S1,2035,18-29,
S1,2035,30-65,
S1,2035,66+,
S1,2035,15-26,
S1,2035,27-45,
S1,2035,46-65,
S1,2036,00-04,
S1,2036,05-09,
S1,2036,10-14,
S1,2036,15-19,61861640.36805946
S1,2036,20-24,64688037.621114135
S1,2036,25-29,65606962.25929004
S1,2036,30-34,61645717.823690355
S1,2036,35-39,57216283.67751062
S1,2036,40-44,52818156.85891193
S1,2036,45-49,47763411.1284318
S1,2036,50-54,42702422.46644306
S1,2036,55-59,36194657.583272815
S1,2036,60-64,29113224.264185667
S1,2036,65-69,22152584.927033186
S1,2036,70-74,16836091.71348548
S1,2036,75+,23426690.931268334
S1,2036,0-8,103981281.71918537
S1,2036,9-14,72722768.51249932
S1,2036,0-17,
S1,2036,18-29,
S1,2036,30-65,
S1,2036,66+,
S1,2036,15-26,
S1,2036,27-45,
S1,2036,46-65,
S1,2037,00-04,
S1,2037,05-09,
S1,2037,10-14,
S1,2037,15-19,62259696.869312555
S1,2037,20-24,65104280.93078369
S1,2037,25-29,66029118.505057216
S1,2037,30-34,62042384.94418925
S1,2037,35-39,57584449.04719478
S1,2037,40-44,53158021.92871612
S1,2037,45-49,48070750.80142748
S1,2037,50-54,42977196.5717026
S1,2037,55-59,36427556.65733433
S1,2037,60-64,29300556.965385437
S1,2037,65-69,22295128.519432306
S1,2037,70-74,16944425.661993384
S1,2037,75+,23577432.918913007
S1,2037,0-8,104650362.34735318
S1,2037,9-14,73190712.30809368
S1,2037,0-17,
S1,2037,18-29,
S1,2037,30-65,
S1,2037,66+,
S1,2037,15-26,
S1,2037,27-45,
S1,2037,46-65,
S1,2038,00-04,
S1,2038,05-09,
S1,2038,10-14,
S1,2038,15-19,62640722.8010242
S1,2038,20-24,65502715.56100911
S1,2038,25-29,66433213.09053677
S1,2038,30-34,62422080.93883234
S1,2038,35-39,57936862.71853602
S1,2038,40-44,53483346.10875267
S1,2038,45-49,48364941.16105354
S1,2038,50-54,43240214.65867567
S1,2038,55-59,36650491.307088256
S1,2038,60-64,29479874.76773262
S1,2038,65-69,22431573.483733654
S1,2038,70-74,17048124.61813724
S1,2038,75+,23721725.5158422
S1,2038,0-8,105290816.82789874
S1,2038,9-14,73638635.45504332
S1,2038,0-17,
S1,2038,18-29,
S1,2038,30-65,
S1,2038,66+,
S1,2038,15-26,
S1,2038,27-45,
S1,2038,46-65,
S1,2039,00-04,
S1,2039,05-09,
S1,2039,10-14,
S1,2039,15-19,63004866.71034548
S1,2039,20-24,65883496.845914006
S1,2039,25-29,66819403.55644828
S1,2039,30-34,62784953.83628023
S1,2039,35-39,58273662.08388108
S1,2039,40-44,53794256.23023218
S1,2039,45-49,48646096.90065801
S1,2039,50-54,43491579.26785672
S1,2039,55-59,36863548.44605994
S1,2039,60-64,29651247.580245018
S1,2039,65-69,22561973.01450765
S1,2039,70-74,17147229.010095835
S1,2039,75+,23859624.976112366
S1,2039,0-8,105902894.84904695
S1,2039,9-14,74066712.5811145
S1,2039,0-17,
S1,2039,18-29,
S1,2039,30-65,
S1,2039,66+,
S1,2039,15-26,
S1,2039,27-45,
S1,2039,46-65,
S1,2040,00-04,
S1,2040,05-09,
S1,2040,10-14,
S1,2040,15-19,63353261.32952535
S1,2040,20-24,66247809.27116507
S1,2040,25-29,67188891.2146461
S1,2040,30-34,63132132.415080726
S1,2040,35-39,58595894.81557244
S1,2040,40-44,54091719.43255198
S1,2040,45-49,48915092.603517056
S1,2040,50-54,43732072.31208801
S1,2040,55-59,37067390.825118184
S1,2040,60-64,29815208.4875257
S1,2040,65-69,22686732.741918445
S1,2040,70-74,17242047.119122624
S1,2040,75+,23991560.259707928
S1,2040,0-8,106488500.38473672
S1,2040,9-14,74476275.29382098
S1,2040,0-17,
S1,2040,18-29,
S1,2040,30-65,
S1,2040,66+,
S1,2040,15-26,
S1,2040,27-45,
S1,2040,46-65,
S1,2041,00-04,
S1,2041,05-09,
S1,2041,10-14,
S1,2041,15-19,63686723.58759886
S1,2041,20-24,66596507.09047836
S1,2041,25-29,67542542.4539305
S1,2041,30-34,63464430.75285107
S1,2041,35-39,58904316.4972505
S1,2041,40-44,54376433.21881217
S1,2041,45-49,49172559.021048546
S1,2041,50-54,43962257.70866251
S1,2041,55-59,37262496.421673775
S1,2041,60-64,29972141.951384425
S1,2041,65-69,22806145.207349062
S1,2041,70-74,17332801.27834809
S1,2041,75+,24117840.73353052
S1,2041,0-8,107049006.58523774
S1,2041,9-14,74868283.95148438
S1,2041,0-17,
S1,2041,18-29,
S1,2041,30-65,
S1,2041,66+,
S1,2041,15-26,
S1,2041,27-45,
S1,2041,46-65,
S1,2042,00-04,
S1,2042,05-09,
S1,2042,10-14,
S1,2042,15-19,64004105.8976022
S1,2042,20-24,66928390.28477484
S1,2042,25-29,67879140.20837522
S1,2042,30-34,63780705.26817733
S1,2042,35-39,59197865.717337966
S1,2042,40-44,54647417.766494095
S1,2042,45-49,49417610.10064149
S1,2042,50-54,44181343.29068875
S1,2042,55-59,37448193.79350567
S1,2042,60-64,30121507.89631629
S1,2042,65-69,22919799.461178422
S1,2042,70-74,17419179.163701057
S1,2042,75+,24238031.812190175
S1,2042,0-8,107582484.50778869
S1,2042,9-14,75241389.48381439
S1,2042,0-17,
S1,2042,18-29,
S1,2042,30-65,
S1,2042,66+,
S1,2042,15-26,
S1,2042,27-45,
S1,2042,46-65,
S1,2043,00-04,
S1,2043,05-09,
S1,2043,10-14,
S1,2043,15-19,64304700.050955534
S1,2043,20-24,67242718.28812417
S1,2043,25-29,68197933.3919552
S1,2043,30-34,64080250.2244187
S1,2043,35-39,59475887.44853902
S1,2043,40-44,54904068.39923227
S1,2043,45-49,49649699.03400946
S1,2043,50-54,44388840.189430356
S1,2043,55-59,37624068.574507594
S1,2043,60-64,30262973.02635503
S1,2043,65-69,23027441.894697905
S1,2043,70-74,17500988.031107068
S1,2043,75+,24351865.300673127
S1,2043,0-8,108087743.74690689
S1,2043,9-14,75594759.34113576
S1,2043,0-17,
S1,2043,18-29,
S1,2043,30-65,
S1,2043,66+,
S1,2043,15-26,
S1,2043,27-45,
S1,2043,46-65,
S1,2044,00-04,
S1,2044,05-09,
S1,2044,10-14,
S1,2044,15-19,64588171.29464644
S1,2044,20-24,67539141.05297947
S1,2044,25-29,68498566.98453015
S1,2044,30-34,64362732.03698838
S1,2044,35-39,59738072.07534391
S1,2044,40-44,55146099.301180184
S1,2044,45-49,49868567.35814285
S1,2044,50-54,44584517.328496814
S1,2044,55-59,37789924.90387511
S1,2044,60-64,30396379.800584078
S1,2044,65-69,23128952.633224607
S1,2044,70-74,17578136.775119066
S1,2044,75+,24459214.42970252
S1,2044,0-8,108564221.62680371
S1,2044,9-14,75927999.99741702
S1,2044,0-17,
S1,2044,18-29,
S1,2044,30-65,
S1,2044,66+,
S1,2044,15-26,
S1,2044,27-45,
S1,2044,46-65,
S1,2045,00-04,
S1,2045,05-09,
S1,2045,10-14,
S1,2045,15-19,64856858.965269506
S1,2045,20-24,67820104.79791382
S1,2045,25-29,68783521.95438254
S1,2045,30-34,64630481.87723482
S1,2045,35-39,59986583.26728046
S1,2045,40-44,55375507.823951185
S1,2045,45-49,50076021.27628577
S1,2045,50-54,44769989.52668297
S1,2045,55-59,37947131.505206585
S1,2045,60-64,30522829.153775096
S1,2045,65-69,23225169.390603065
S1,2045,70-74,17651262.063067794
S1,2045,75+,24560965.0942384
S1,2045,0-8,109015850.26463649
S1,2045,9-14,76243861.50960171
S1,2045,0-17,
S1,2045,18-29,
S1,2045,30-65,
S1,2045,66+,
S1,2045,15-26,
S1,2045,27-45,
S1,2045,46-65,
S1,2046,00-04,
S1,2046,05-09,
S1,2046,10-14,
S1,2046,15-19,65109603.0300183
S1,2046,20-24,68084396.48936766
S1,2046,25-29,69051568.03622866
S1,2046,30-34,64882343.76134294
S1,2046,35-39,60220348.10152084
S1,2046,40-44,55591303.51862776
S1,2046,45-49,50271165.126384854
S1,2046,50-54,44944456.025866866
S1,2046,55-59,38095009.65433669
S1,2046,60-64,30641775.153181076
S1,2046,65-69,23315676.76036954
S1,2046,70-74,17720048.183656096
S1,2046,75+,24656677.995712638
S1,2046,0-8,109440679.7978195
S1,2046,9-14,76540980.1764246
S1,2046,0-17,
S1,2046,18-29,
S1,2046,30-65,
S1,2046,66+,
S1,2046,15-26,
S1,2046,27-45,
S1,2046,46-65,
S1,2047,00-04,
S1,2047,05-09,
S1,2047,10-14,
S1,2047,15-19,65346549.06510091
S1,2047,20-24,68332168.35478222
S1,2047,25-29,69302859.61997366
S1,2047,30-34,65118462.75739992
S1,2047,35-39,60439501.22256458
S1,2047,40-44,55793610.67979634
S1,2047,45-49,50454111.30792105
S1,2047,50-54,45108017.315733194
S1,2047,55-59,38233644.52652097
S1,2047,60-64,30753286.309639692
S1,2047,65-69,23400526.87320292
S1,2047,70-74,17784534.75649941
S1,2047,75+,24746408.263100386
S1,2047,0-8,109838954.92081295
S1,2047,9-14,76819527.13309671
S1,2047,0-17,
S1,2047,18-29,
S1,2047,30-65,
S1,2047,66+,
S1,2047,15-26,
S1,2047,27-45,
S1,2047,46-65,
S1,2048,00-04,
S1,2048,05-09,
S1,2048,10-14,
S1,2048,15-19,65567305.066629946
S1,2048,20-24,68563010.47999957
S1,2048,25-29,69536980.96843225
S1,2048,30-34,65338448.229773104
S1,2048,35-39,60643680.063148975
S1,2048,40-44,55982094.61017597
S1,2048,45-49,50624557.15444839
S1,2048,50-54,45260402.80023062
S1,2048,55-59,38362806.76401186
S1,2048,60-64,30857178.138920903
S1,2048,65-69,23479579.35294521
S1,2048,70-74,17844615.094911575
S1,2048,75+,24830007.446508408
S1,2048,0-8,110210016.72663674
S1,2048,9-14,77079041.5511015
S1,2048,0-17,
S1,2048,18-29,
S1,2048,30-65,
S1,2048,66+,
S1,2048,15-26,
S1,2048,27-45,
S1,2048,46-65,
S1,2049,00-04,
S1,2049,05-09,
S1,2049,10-14,
S1,2049,15-19,65772594.49937916
S1,2049,20-24,68777679.3841846
S1,2049,25-29,69754699.34748709
S1,2049,30-34,65543021.11804676
S1,2049,35-39,60833553.7611351
S1,2049,40-44,56157373.012040496
S1,2049,45-49,50783061.25356996
S1,2049,50-54,45402111.87928188
S1,2049,55-59,38482919.659169674
S1,2049,60-64,30953791.11683643
S1,2049,65-69,23553093.271530986
S1,2049,70-74,17900486.095050097
S1,2049,75+,24907749.518394113
S1,2049,0-8,110555081.26442884
S1,2049,9-14,77320373.91485812
S1,2049,0-17,
S1,2049,18-29,
S1,2049,30-65,
S1,2049,66+,
S1,2049,15-26,
S1,2049,27-45,
S1,2049,46-65,
S1,2050,00-04,
S1,2050,05-09,
S1,2050,10-14,
S1,2050,15-19,65963731.64430469
S1,2050,20-24,68977549.39649224
S1,2050,25-29,69957408.60929888
S1,2050,30-34,65733491.115796685
S1,2050,35-39,61010337.90459305
S1,2050,40-44,56320568.03309351
S1,2050,45-49,50930638.36243224
S1,2050,50-54,45534051.78684139
S1,2050,55-59,38594752.18528545
S1,2050,60-64,31043743.768145442
S1,2050,65-69,23621539.27151549
S1,2050,70-74,17952505.447958827
S1,2050,75+,24980132.190321565
S1,2050,0-8,110876357.6676289
S1,2050,9-14,77545069.25532852
S1,2050,0-17,
S1,2050,18-29,
S1,2050,30-65,
S1,2050,66+,
S1,2050,15-26,
S1,2050,27-45,
S1,2050,46-65,
S1,2051,00-04,
S1,2051,05-09,
S1,2051,10-14,
S1,2051,15-19,66141616.29566339
S1,2051,20-24,69163561.42189035
S1,2051,25-29,70146063.02484244
S1,2051,30-34,65910754.8766278
S1,2051,35-39,61174864.71981263
S1,2051,40-44,56472447.92768335
S1,2051,45-49,51067983.21274221
S1,2051,50-54,45656843.641170144
S1,2051,55-59,38698830.803423285
S1,2051,60-64,31127459.552553296
S1,2051,65-69,23685239.56822598
S1,2051,70-74,18000918.03913617
S1,2051,75+,25047496.209833622
S1,2051,0-8,111175358.37204605
S1,2051,9-14,77754185.34481013
S1,2051,0-17,
S1,2051,18-29,
S1,2051,30-65,
S1,2051,66+,
S1,2051,15-26,
S1,2051,27-45,
S1,2051,46-65,
S1,2052,00-04,
S1,2052,05-09,
S1,2052,10-14,
S1,2052,15-19,66305598.70018688
S1,2052,20-24,69335036.0205253
S1,2052,25-29,70319973.50249463
S1,2052,30-34,66074164.91517764
S1,2052,35-39,61326533.24524313
S1,2052,40-44,56612457.92923993
S1,2052,45-49,51194594.129596114
S1,2052,50-54,45770038.92460203
S1,2052,55-59,38794775.349123955
S1,2052,60-64,31204632.684236646
S1,2052,65-69,23743961.48573625
S1,2052,70-74,18045547.033542514
S1,2052,75+,25109595.518647075
S1,2052,0-8,111450991.22788844
S1,2052,9-14,77946958.3520135
S1,2052,0-17,
S1,2052,18-29,
S1,2052,30-65,
S1,2052,66+,
S1,2052,15-26,
S1,2052,27-45,
S1,2052,46-65,
S1,2053,00-04,
S1,2053,05-09,
S1,2053,10-14,
S1,2053,15-19,66455714.589487106
S1,2053,20-24,69492010.55655125
S1,2053,25-29,70479177.93718535
S1,2053,30-34,66223756.83834028
S1,2053,35-39,61465376.5293138
S1,2053,40-44,56740628.54581094
S1,2053,45-49,51310498.70139372
S1,2053,50-54,45873662.30228305
S1,2053,55-59,38882606.728613734
S1,2053,60-64,31275279.979148507
S1,2053,65-69,23797717.81949711
S1,2053,70-74,18086402.155793905
S1,2053,75+,25166443.64814377
S1,2053,0-8,111703316.2952966
S1,2053,9-14,78123430.28199585
S1,2053,0-17,
S1,2053,18-29,
S1,2053,30-65,
S1,2053,66+,
S1,2053,15-26,
S1,2053,27-45,
S1,2053,46-65,
S1,2054,00-04,
S1,2054,05-09,
S1,2054,10-14,
S1,2054,15-19,66592836.698150665
S1,2054,20-24,69635397.63893607
S1,2054,25-29,70624601.90193123
S1,2054,30-34,66360400.334499955
S1,2054,35-39,61592201.77062774
S1,2054,40-44,56857704.927897334
S1,2054,45-49,51416370.76705384
S1,2054,50-54,45968316.21347582
S1,2054,55-59,38962835.570601225
S1,2054,60-64,31339812.162216187
S1,2054,65-69,23846821.09479785
S1,2054,70-74,18123720.92690432
S1,2054,75+,25218371.098505378
S1,2054,0-8,111933800.52633286
S1,2054,9-14,78284627.09648311
S1,2054,0-17,
S1,2054,18-29,
S1,2054,30-65,
S1,2054,66+,
S1,2054,15-26,
S1,2054,27-45,
S1,2054,46-65,
S1,2055,00-04,
S1,2055,05-09,
S1,2055,10-14,
S1,2055,15-19,66714145.36036259
S1,2055,20-24,69762248.77411848
S1,2055,25-29,70753255.01840395
S1,2055,30-34,66481285.57963395
S1,2055,35-39,61704401.03964746
S1,2055,40-44,56961279.613452554
S1,2055,45-49,51510033.26084161
S1,2055,50-54,46052054.27331054
S1,2055,55-59,39033812.11542797
S1,2055,60-64,31396902.24691415
S1,2055,65-69,23890261.592431664
S1,2055,70-74,18156735.95448017
S1,2055,75+,25264310.076521873
S1,2055,0-8,112137704.43359089
S1,2055,9-14,78427234.07728916
S1,2055,0-17,
S1,2055,18-29,
S1,2055,30-65,
S1,2055,66+,
S1,2055,15-26,
S1,2055,27-45,
S1,2055,46-65,
S1,2056,00-04,
S1,2056,05-09,
S1,2056,10-14,
S1,2056,15-19,66823315.87352815
S1,2056,20-24,69876407.18021238
S1,2056,25-29,70869035.09947622
S1,2056,30-34,66590075.04284948
S1,2056,35-39,61805373.645826936
S1,2056,40-44,57054490.61229509
S1,2056,45-49,51594323.88217664
S1,2056,50-54,46127413.49990618
S1,2056,55-59,39097686.74466038
S1,2056,60-64,31448279.895710945
S1,2056,65-69,23929355.43233049
S1,2056,70-74,18186447.497225046
S1,2056,75+,25305652.398767352
S1,2056,0-8,112321205.70865181
S1,2056,9-14,78555571.79853445
S1,2056,0-17,
S1,2056,18-29,
S1,2056,30-65,
S1,2056,66+,
S1,2056,15-26,
S1,2056,27-45,
S1,2056,46-65,
S1,2057,00-04,
S1,2057,05-09,
S1,2057,10-14,
S1,2057,15-19,66919132.720472634
S1,2057,20-24,69976601.80426377
S1,2057,25-29,70970653.03627664
S1,2057,30-34,66685557.44962615
S1,2057,35-39,61893995.34844011
S1,2057,40-44,57136300.102336645
S1,2057,45-49,51668304.12949002
S1,2057,50-54,46193554.83488023
S1,2057,55-59,39153748.27075696
S1,2057,60-64,31493373.063897014
S1,2057,65-69,23963667.33913982
S1,2057,70-74,18212524.74337077
S1,2057,75+,25341937.755024076
S1,2057,0-8,112482261.22700374
S1,2057,9-14,78668211.33312298
S1,2057,0-17,
S1,2057,18-29,
S1,2057,30-65,
S1,2057,66+,
S1,2057,15-26,
S1,2057,27-45,
S1,2057,46-65,
S1,2058,00-04,
S1,2058,05-09,
S1,2058,10-14,
S1,2058,15-19,67002960.04581761
S1,2058,20-24,70064259.11731482
S1,2058,25-29,71059555.56355333
S1,2058,30-34,66769092.183160305
S1,2058,35-39,61971527.854825735
S1,2058,40-44,57207872.80543327
S1,2058,45-49,51733027.25969517
S1,2058,50-54,46251419.93253708
S1,2058,55-59,39202794.84176493
S1,2058,60-64,31532823.742988467
S1,2058,65-69,23993685.81153822
S1,2058,70-74,18235338.95471728
S1,2058,75+,25373682.739973664
S1,2058,0-8,112623163.93634994
S1,2058,9-14,78766756.33031039
S1,2058,0-17,
S1,2058,18-29,
S1,2058,30-65,
S1,2058,66+,
S1,2058,15-26,
S1,2058,27-45,
S1,2058,46-65,
S1,2059,00-04,
S1,2059,05-09,
S1,2059,10-14,
S1,2059,15-19,67073123.442135066
S1,2059,20-24,70137628.2099157
S1,2059,25-29,71133966.89934719
S1,2059,30-34,66839010.680393875
S1,2059,35-39,62036422.49330598
S1,2059,40-44,57267779.093892515
S1,2059,45-49,51787200.4617722
S1,2059,50-54,46299852.96750677
S1,2059,55-59,39243846.77781892
S1,2059,60-64,31565843.92609346
S1,2059,65-69,24018811.246079564
S1,2059,70-74,18254434.42920363
S1,2059,75+,25400253.263976097
S1,2059,0-8,112741099.37801386
S1,2059,9-14,78849238.40479292
S1,2059,0-17,
S1,2059,18-29,
S1,2059,30-65,
S1,2059,66+,
S1,2059,15-26,
S1,2059,27-45,
S1,2059,46-65,
S1,2060,00-04,
S1,2060,05-09,
S1,2060,10-14,
S1,2060,15-19,67129976.05016589
S1,2060,20-24,70197078.35745907
S1,2060,25-29,71194261.56478488
S1,2060,30-34,66895664.849461436
S1,2060,35-39,62089005.886335075
S1,2060,40-44,57316320.48320812
S1,2060,45-49,51831096.39590764
S1,2060,50-54,46339097.70903003
S1,2060,55-59,39277110.69820893
S1,2060,60-64,31592599.80773115
S1,2060,65-69,24039170.102072358
S1,2060,70-74,18269907.276629925
S1,2060,75+,25421783.059646606
S1,2060,0-8,112836661.13513753
S1,2060,9-14,78916072.69868746
S1,2060,0-17,
S1,2060,18-29,
S1,2060,30-65,
S1,2060,66+,
S1,2060,15-26,
S1,2060,27-45,
S1,2060,46-65,
S1,2061,00-04,
S1,2061,05-09,
S1,2061,10-14,
S1,2061,15-19,67173167.29863349
S1,2061,20-24,70242242.9714129
S1,2061,25-29,71240067.76376843
S1,2061,30-34,66938705.342724204
S1,2061,35-39,62128953.78797495
S1,2061,40-44,57353197.651723504
S1,2061,45-49,51864444.385799766
S1,2061,50-54,46368912.161539674
S1,2061,55-59,39302381.487013936
S1,2061,60-64,31612926.40261948
S1,2061,65-69,24054636.840330362
S1,2061,70-74,18281662.086494327
S1,2061,75+,25438139.367412925
S1,2061,0-8,112909259.94351037
S1,2061,9-14,78966847.09046544
S1,2061,0-17,
S1,2061,18-29,
S1,2061,30-65,
S1,2061,66+,
S1,2061,15-26,
S1,2061,27-45,
S1,2061,46-65,
S1,2062,00-04,
S1,2062,05-09,
S1,2062,10-14,
S1,2062,15-19,67200767.35930583
S1,2062,20-24,70271104.0515992
S1,2062,25-29,71269338.82945806
S1,2062,30-34,66966209.067843735
S1,2062,35-39,62154481.28597778
S1,2062,40-44,57376762.89062178
S1,2062,45-49,51885754.40986669
S1,2062,50-54,46387964.18544197
S1,2062,55-59,39318530.02008498
S1,2062,60-64,31625915.49814427
S1,2062,65-69,24064520.391500235
S1,2062,70-74,18289173.64212084
S1,2062,75+,25448591.37106514
S1,2062,0-8,112955652.01567598
S1,2062,9-14,78999292.9294581
S1,2062,0-17,
S1,2062,18-29,
S1,2062,30-65,
S1,2062,66+,
S1,2062,15-26,
S1,2062,27-45,
S1,2062,46-65,
S1,2063,00-04,
S1,2063,05-09,
S1,2063,10-14,
S1,2063,15-19,67215147.20530578
S1,2063,20-24,70286140.89856115
S1,2063,25-29,71284589.28205192
S1,2063,30-34,66980538.72227234
S1,2063,35-39,62167781.310727775
S1,2063,40-44,57389040.56313592
S1,2063,45-49,51896857.097935915
S1,2063,50-54,46397890.43788588
S1,2063,55-59,39326943.531252384
S1,2063,60-64,31632682.917808414
S1,2063,65-69,24069669.79843247
S1,2063,70-74,18293087.220950007
S1,2063,75+,25454036.946156025
S1,2063,0-8,112979822.64563507
S1,2063,9-14,79016197.46360362
S1,2063,0-17,
S1,2063,18-29,
S1,2063,30-65,
S1,2063,66+,
S1,2063,15-26,
S1,2063,27-45,
S1,2063,46-65,
S1,2064,00-04,
S1,2064,05-09,
S1,2064,10-14,
S1,2064,15-19,67216141.58796474
S1,2064,20-24,70287180.71358177
S1,2064,25-29,71285643.86814421
S1,2064,30-34,66981529.6341272
S1,2064,35-39,62168701.02252275
S1,2064,40-44,57389889.57811439
S1,2064,45-49,51897624.8614074
S1,2064,50-54,46398576.8494997
S1,2064,55-59,39327525.33509135
S1,2064,60-64,31633150.89255297
S1,2064,65-69,24070025.885761738
S1,2064,70-74,18293357.8493644
S1,2064,75+,25454413.513849497
S1,2064,0-8,112981494.07210846
S1,2064,9-14,79017366.43131106
S1,2064,0-17,
S1,2064,18-29,
S1,2064,30-65,
S1,2064,66+,
S1,2064,15-26,
S1,2064,27-45,
S1,2064,46-65,
S1,2065,00-04,
S1,2065,05-09,
S1,2065,10-14,
S1,2065,15-19,67203080.59977919
S1,2065,20-24,70273522.98174515
S1,2065,25-29,71271792.12166834
S1,2065,30-34,66968514.234157264
S1,2065,35-39,62156620.819012344
S1,2065,40-44,57378737.9610765
S1,2065,45-49,51887540.46427953
S1,2065,50-54,46389560.99036622
S1,2065,55-59,39319883.4750911
S1,2065,60-64,31627004.15160179
S1,2065,65-69,24065348.76035273
S1,2065,70-74,18289803.207204103
S1,2065,75+,25449467.383555174
S1,2065,0-8,112959540.26868564
S1,2065,9-14,79002012.3085508
S1,2065,0-17,
S1,2065,18-29,
S1,2065,30-65,
S1,2065,66+,
S1,2065,15-26,
S1,2065,27-45,
S1,2065,46-65,
S1,2066,00-04,
S1,2066,05-09,
S1,2066,10-14,
S1,2066,15-19,67174651.24452499
S1,2066,20-24,70243794.71732667
S1,2066,25-29,71241641.55297798
S1,2066,30-34,66940184.10903484
S1,2066,35-39,62130326.3003847
S1,2066,40-44,57354464.66123706
S1,2066,45-49,51865590.14134848
S1,2066,50-54,46369936.513367295
S1,2066,55-59,39303249.72964537
S1,2066,60-64,31613624.77481389
S1,2066,65-69,24055168.239711165
S1,2066,70-74,18282065.953074217
S1,2066,75+,25438701.33023107
S1,2066,0-8,112911754.26139267
S1,2066,9-14,78968591.5746548
S1,2066,0-17,
S1,2066,18-29,
S1,2066,30-65,
S1,2066,66+,
S1,2066,15-26,
S1,2066,27-45,
S1,2066,46-65,
S1,2067,00-04,
S1,2067,05-09,
S1,2067,10-14,
S1,2067,15-19,67134091.20772985
S1,2067,20-24,70201381.53250796
S1,2067,25-29,71198625.86850172
S1,2067,30-34,66899765.643434525
S1,2067,35-39,62092812.02566719
S1,2067,40-44,57319834.050524116
S1,2067,45-49,51834273.71163046
S1,2067,50-54,46341938.35786784
S1,2067,55-59,39279518.43777156
S1,2067,60-64,31594536.476470113
S1,2067,65-69,24040643.735440016
S1,2067,70-74,18271027.246448874
S1,2067,75+,25423341.449042916
S1,2067,0-8,112843578.17379715
S1,2067,9-14,78920910.35978301
S1,2067,0-17,
S1,2067,18-29,
S1,2067,30-65,
S1,2067,66+,
S1,2067,15-26,
S1,2067,27-45,
S1,2067,46-65,
S1,2068,00-04,
S1,2068,05-09,
S1,2068,10-14,
S1,2068,15-19,67077976.59800479
S1,2068,20-24,70142703.10168406
S1,2068,25-29,71139113.88239008
S1,2068,30-34,66843846.8967554
S1,2068,35-39,62040911.21266937
S1,2068,40-44,57271922.77237338
S1,2068,45-49,51790947.58644748
S1,2068,50-54,46303203.04860735
S1,2068,55-59,39246686.313173294
S1,2068,60-64,31568127.910391092
S1,2068,65-69,24020549.15582347
S1,2068,70-74,18255755.250585675
S1,2068,75+,25402091.129605293
S1,2068,0-8,112749256.89476758
S1,2068,9-14,78854943.6355105
S1,2068,0-17,
S1,2068,18-29,
S1,2068,30-65,
S1,2068,66+,
S1,2068,15-26,
S1,2068,27-45,
S1,2068,46-65,
S1,2069,00-04,
S1,2069,05-09,
S1,2069,10-14,
S1,2069,15-19,67006535.37500489
S1,2069,20-24,70067997.7997616
S1,2069,25-29,71063347.35577965
S1,2069,30-34,66772655.03297961
S1,2069,35-39,61974834.70294368
S1,2069,40-44,57210925.46127474
S1,2069,45-49,51735787.77359164
S1,2069,50-54,46253887.943674564
S1,2069,55-59,39204886.732877254
S1,2069,60-64,31534506.35857749
S1,2069,65-69,23994966.13296187
S1,2069,70-74,18236312.006349087
S1,2069,75+,25375036.699088812
S1,2069,0-8,112629173.59450403
S1,2069,9-14,78770959.38466361
S1,2069,0-17,
S1,2069,18-29,
S1,2069,30-65,
S1,2069,66+,
S1,2069,15-26,
S1,2069,27-45,
S1,2069,46-65,
S1,2070,00-04,
S1,2070,05-09,
S1,2070,10-14,
S1,2070,15-19,66920480.243872434
S1,2070,20-24,69978010.89467686
S1,2070,25-29,70972082.14349568
S1,2070,30-34,66686900.26961553
S1,2070,35-39,61895241.68268931
S1,2070,40-44,57137450.632808805
S1,2070,45-49,51669344.55314779
S1,2070,50-54,46194485.01573467
S1,2070,55-59,39154536.693885565
S1,2070,60-64,31494007.233160853
S1,2070,65-69,23964149.885777354
S1,2070,70-74,18212891.481585383
S1,2070,75+,25342448.055333138
S1,2070,0-8,112484526.23661909
S1,2070,9-14,78669795.44294745
S1,2070,0-17,
S1,2070,18-29,
S1,2070,30-65,
S1,2070,66+,
S1,2070,15-26,
S1,2070,27-45,
S1,2070,46-65,
S1,2071,00-04,
S1,2071,05-09,
S1,2071,10-14,
S1,2071,15-19,66819946.58325419
S1,2071,20-24,69872883.95039332
S1,2071,25-29,70865461.82048571
S1,2071,30-34,66586717.51278305
S1,2071,35-39,61802257.364607096
S1,2071,40-44,57051613.87477034
S1,2071,45-49,51591722.45105374
S1,2071,50-54,46125087.715206146
S1,2071,55-59,39095715.404957175
S1,2071,60-64,31446694.24581909
S1,2071,65-69,23928148.89321363
S1,2071,70-74,18185530.52056992
S1,2071,75+,25304376.465548754
S1,2071,0-8,112315542.37481377
S1,2071,9-14,78551610.95761287
S1,2071,0-17,
S1,2071,18-29,
S1,2071,30-65,
S1,2071,66+,
S1,2071,15-26,
S1,2071,27-45,
S1,2071,46-65,
S1,2072,00-04,
S1,2072,05-09,
S1,2072,10-14,
S1,2072,15-19,66706428.45630714
S1,2072,20-24,69754179.29233801
S1,2072,25-29,70745070.90575975
S1,2072,30-34,66473595.610744655
S1,2072,35-39,61697263.61863953
S1,2072,40-44,56954690.83490676
S1,2072,45-49,51504075.03440523
S1,2072,50-54,46046727.3777554
S1,2072,55-59,39029297.02823949
S1,2072,60-64,31393270.53011751
S1,2072,65-69,23887498.177633047
S1,2072,70-74,18154635.74336958
S1,2072,75+,25261387.72391069
S1,2072,0-8,112124733.33276314
S1,2072,9-14,78418162.306416
S1,2072,0-17,
S1,2072,18-29,
S1,2072,30-65,
S1,2072,66+,
S1,2072,15-26,
S1,2072,27-45,
S1,2072,46-65,
S1,2073,00-04,
S1,2073,05-09,
S1,2073,10-14,
S1,2073,15-19,66578252.33885676
S1,2073,20-24,69620146.9346697
S1,2073,25-29,70609134.55408722
S1,2073,30-34,66345866.88061279
S1,2073,35-39,61578712.590036154
S1,2073,40-44,56845252.63965708
S1,2073,45-49,51405110.17414272
S1,2073,50-54,45958248.78771305
S1,2073,55-59,38954302.400650024
S1,2073,60-64,31332948.49483931
S1,2073,65-69,23841598.45188141
S1,2073,70-74,18119751.68830681
S1,2073,75+,25212848.075262308
S1,2073,0-8,111909286.13642323
S1,2073,9-14,78267482.14238027
S1,2073,0-17,
S1,2073,18-29,
S1,2073,30-65,
S1,2073,66+,
S1,2073,15-26,
S1,2073,27-45,
S1,2073,46-65,
S1,2074,00-04,
S1,2074,05-09,
S1,2074,10-14,
S1,2074,15-19,66438341.79942784
S1,2074,20-24,69473844.02087182
S1,2074,25-29,70460753.33714283
S1,2074,30-34,66206444.68645698
S1,2074,35-39,61449308.308710754
S1,2074,40-44,56725795.464357495
S1,2074,45-49,51297085.159348726
S1,2074,50-54,45861670.05286777
S1,2074,55-59,38872442.07433498
S1,2074,60-64,31267104.02503407
S1,2074,65-69,23791496.64261079
S1,2074,70-74,18081674.025647044
S1,2074,75+,25159864.660245895
S1,2074,0-8,111674114.91999115
S1,2074,9-14,78103007.32873471
S1,2074,0-17,
S1,2074,18-29,
S1,2074,30-65,
S1,2074,66+,
S1,2074,15-26,
S1,2074,27-45,
S1,2074,46-65,
S1,2075,00-04,
S1,2075,05-09,
S1,2075,10-14,
S1,2075,15-19,66285336.146116525
S1,2075,20-24,69313847.69037107
S1,2075,25-29,70298484.18193573
S1,2075,30-34,66053973.08574706
S1,2075,35-39,61307792.260768354
S1,2075,40-44,56595157.53512037
S1,2075,45-49,51178949.39895499
S1,2075,50-54,45756051.902288795
S1,2075,55-59,38782919.92139876
S1,2075,60-64,31195096.75409794
S1,2075,65-69,23736705.487556934
S1,2075,70-74,18040032.43327248
S1,2075,75+,25101922.191705704
S1,2075,0-8,111416932.53932789
S1,2075,9-14,77923138.2751393
S1,2075,0-17,
S1,2075,18-29,
S1,2075,30-65,
S1,2075,66+,
S1,2075,15-26,
S1,2075,27-45,
S1,2075,46-65,
S1,2076,00-04,
S1,2076,05-09,
S1,2076,10-14,
S1,2076,15-19,66119086.34999716
S1,2076,20-24,69140002.10525748
S1,2076,25-29,70122169.03680336
S1,2076,30-34,65888303.569729626
S1,2076,35-39,61154026.60826546
S1,2076,40-44,56453211.609390736
S1,2076,45-49,51050587.82763517
S1,2076,50-54,45641291.462917805
S1,2076,55-59,38685648.74643433
S1,2076,60-64,31116856.54628086
S1,2076,65-69,23677171.619626403
S1,2076,70-74,17994786.351885676
S1,2076,75+,25038964.23314023
S1,2076,0-8,111137488.49640897
S1,2076,9-14,77727699.78746736
S1,2076,0-17,
S1,2076,18-29,
S1,2076,30-65,
S1,2076,66+,
S1,2076,15-26,
S1,2076,27-45,
S1,2076,46-65,
S1,2077,00-04,
S1,2077,05-09,
S1,2077,10-14,
S1,2077,15-19,65941988.195581615
S1,2077,20-24,68954812.51107112
S1,2077,25-29,69934348.73550195
S1,2077,30-34,65711823.56064421
S1,2077,35-39,60990227.22982168
S1,2077,40-44,56302003.23464203
S1,2077,45-49,50913850.23210573
S1,2077,50-54,45519042.51893759
S1,2077,55-59,38582030.30017972
S1,2077,60-64,31033510.90178132
S1,2077,65-69,23613752.966600537
S1,2077,70-74,17946587.811525464
S1,2077,75+,24971898.05605042
S1,2077,0-8,110839809.78991713
S1,2077,9-14,77519508.28121366
S1,2077,0-17,
S1,2077,18-29,
S1,2077,30-65,
S1,2077,66+,
S1,2077,15-26,
S1,2077,27-45,
S1,2077,46-65,
S1,2078,00-04,
S1,2078,05-09,
S1,2078,10-14,
S1,2078,15-19,65753675.45392069
S1,2078,20-24,68757895.94622383
S1,2078,25-29,69734634.8762899
S1,2078,30-34,65524168.107831
S1,2078,35-39,60816055.397602916
S1,2078,40-44,56141219.72052246
S1,2078,45-49,50768453.84676647
S1,2078,50-54,45389052.26645839
S1,2078,55-59,38471850.30555904
S1,2078,60-64,30944887.466528773
S1,2078,65-69,23546318.382298112
S1,2078,70-74,17895337.140341282
S1,2078,75+,24900584.971381903
S1,2078,0-8,110523280.83715326
S1,2078,9-14,77298133.22813904
S1,2078,0-17,
S1,2078,18-29,
S1,2078,30-65,
S1,2078,66+,
S1,2078,15-26,
S1,2078,27-45,
S1,2078,46-65,
S1,2079,00-04,
S1,2079,05-09,
S1,2079,10-14,
S1,2079,15-19,65554644.834569305
S1,2079,20-24,68549771.81443956
S1,2079,25-29,69523554.24127054
S1,2079,30-34,65325832.18712455
S1,2079,35-39,60631970.52190995
S1,2079,40-44,55971285.163176715
S1,2079,45-49,50614782.18137467
S1,2079,50-54,45251663.57872343
S1,2079,55-59,38355399.382609844
S1,2079,60-64,30851220.001163483
S1,2079,65-69,23475045.7378608
S1,2079,70-74,17841169.52142179
S1,2079,75+,24825213.08053541
S1,2079,0-8,110188736.54155442
S1,2079,9-14,77064158.54573694
S1,2079,0-17,
S1,2079,18-29,
S1,2079,30-65,
S1,2079,66+,
S1,2079,15-26,
S1,2079,27-45,
S1,2079,46-65,
S1,2080,00-04,
S1,2080,05-09,
S1,2080,10-14,
S1,2080,15-19,65345259.11375916
S1,2080,20-24,68330819.46683764
S1,2080,25-29,69301491.57042813
S1,2080,30-34,65117177.30851841
S1,2080,35-39,60438308.13713294
S1,2080,40-44,55792509.30498785
S1,2080,45-49,50453115.33568525
S1,2080,50-54,45107126.87624872
S1,2080,55-59,38232889.78825605
S1,2080,60-64,30752679.23484373
S1,2080,65-69,23400064.94305563
S1,2080,70-74,17784183.686935663
S1,2080,75+,24745919.76503873
S1,2080,0-8,109836786.68225554
S1,2080,9-14,76818010.70333084
S1,2080,0-17,
S1,2080,18-29,
S1,2080,30-65,
S1,2080,66+,
S1,2080,15-26,
S1,2080,27-45,
S1,2080,46-65,
S1,2081,00-04,
S1,2081,05-09,
S1,2081,10-14,
S1,2081,15-19,65125952.29005867
S1,2081,20-24,68101492.7309525
S1,2081,25-29,69068907.13813502
S1,2081,30-34,64898635.95574772
S1,2081,35-39,60235469.65172255
S1,2081,40-44,55605262.698762715
S1,2081,45-49,50283788.40026367
S1,2081,50-54,44955741.74356043
S1,2081,55-59,38104575.45093346
S1,2081,60-64,30649469.415267825
S1,2081,65-69,23321531.412289143
S1,2081,70-74,17724497.75272429
S1,2081,75+,24662869.37795937
S1,2081,0-8,109468160.75377285
S1,2081,9-14,76560199.89717871
S1,2081,0-17,
S1,2081,18-29,
S1,2081,30-65,
S1,2081,66+,
S1,2081,15-26,
S1,2081,27-45,
S1,2081,46-65,
S1,2082,00-04,
S1,2082,05-09,
S1,2082,10-14,
S1,2082,15-19,64897842.08041009
S1,2082,20-24,67862960.39110973
S1,2082,25-29,68826986.33185947
S1,2082,30-34,64671321.94446331
S1,2082,35-39,60024488.85025436
S1,2082,40-44,55410499.66366291
S1,2082,45-49,50107664.36505842
S1,2082,50-54,44798279.72859669
S1,2082,55-59,37971110.336197495
S1,2082,60-64,30542116.56055951
S1,2082,65-69,23239845.398761272
S1,2082,70-74,17662415.913517
S1,2082,75+,24576485.19306016
S1,2082,0-8,109084737.49128954
S1,2082,9-14,76292040.08323081
S1,2082,0-17,
S1,2082,18-29,
S1,2082,30-65,
S1,2082,66+,
S1,2082,15-26,
S1,2082,27-45,
S1,2082,46-65,
S1,2083,00-04,
S1,2083,05-09,
S1,2083,10-14,
S1,2083,15-19,64662276.00821325
S1,2083,20-24,67616631.53772235
S1,2083,25-29,68577158.25882035
S1,2083,30-34,64436578.09465456
S1,2083,35-39,59806612.06697768
S1,2083,40-44,55209370.730160594
S1,2083,45-49,49925783.65372741
S1,2083,50-54,44635671.0122118
S1,2083,55-59,37833282.86717677
S1,2083,60-64,30431254.839982748
S1,2083,65-69,23155489.449109435
S1,2083,70-74,17598304.90752864
S1,2083,75+,24487277.51065147
S1,2083,0-8,108688781.90442103
S1,2083,9-14,76015115.37131163
S1,2083,0-17,
S1,2083,18-29,
S1,2083,30-65,
S1,2083,66+,
S1,2083,15-26,
S1,2083,27-45,
S1,2083,46-65,
S1,2084,00-04,
S1,2084,05-09,
S1,2084,10-14,
S1,2084,15-19,64417962.51621115
S1,2084,20-24,67361155.60355788
S1,2084,25-29,68318053.16632926
S1,2084,30-34,64193117.35713011
S1,2084,35-39,59580644.73113817
S1,2084,40-44,55000773.152299166
S1,2084,45-49,49737149.054106474
S1,2084,50-54,44467024.04637563
S1,2084,55-59,37690337.36600065
S1,2084,60-64,30316276.422968626
S1,2084,65-69,23068001.05810988
S1,2084,70-74,17531813.228133798
S1,2084,75+,24394757.224519134
S1,2084,0-8,108278123.0552777
S1,2084,9-14,75727907.44378763
S1,2084,0-17,
S1,2084,18-29,
S1,2084,30-65,
S1,2084,66+,
S1,2084,15-26,
S1,2084,27-45,
S1,2084,46-65,
S1,2085,00-04,
S1,2085,05-09,
S1,2085,10-14,
S1,2085,15-19,64167040.28190079
S1,2085,20-24,67098768.98017591
S1,2085,25-29,68051939.21496183
S1,2085,30-34,63943070.94452357
S1,2085,35-39,59348564.92119652
S1,2085,40-44,54786532.95672166
S1,2085,45-49,49543411.84042573
S1,2085,50-54,44293815.13707423
S1,2085,55-59,37543525.152537465
S1,2085,60-64,30198187.810431242
S1,2085,65-69,22978146.083806396
S1,2085,70-74,17463522.931842446
S1,2085,75+,24299734.241035342
S1,2085,0-8,107856355.77946348
S1,2085,9-14,75432930.46852763
S1,2085,0-17,
S1,2085,18-29,
S1,2085,30-65,
S1,2085,66+,
S1,2085,15-26,
S1,2085,27-45,
S1,2085,46-65,
S1,2086,00-04,
S1,2086,05-09,
S1,2086,10-14,
S1,2086,15-19,63907888.37482855
S1,2086,20-24,66827776.678411365
S1,2086,25-29,67777097.33741778
S1,2086,30-34,63684823.58409482
S1,2086,35-39,59108873.426719606
S1,2086,40-44,54565266.17497152
S1,2086,45-49,49343320.49127042
S1,2086,50-54,44114925.373515725
S1,2086,55-59,37391897.83579123
S1,2086,60-64,30076226.16272521
S1,2086,65-69,22885344.072798252
S1,2086,70-74,17392992.87073779
S1,2086,75+,24201594.72201979
S1,2086,0-8,107420755.5060628
S1,2086,9-14,75128278.9262236
S1,2086,0-17,
S1,2086,18-29,
S1,2086,30-65,
S1,2086,66+,
S1,2086,15-26,
S1,2086,27-45,
S1,2086,46-65,
S1,2087,00-04,
S1,2087,05-09,
S1,2087,10-14,
S1,2087,15-19,63642896.7179161
S1,2087,20-24,66550677.81440377
S1,2087,25-29,67496062.15098166
S1,2087,30-34,63420756.85695237
S1,2087,35-39,58863780.70489931
S1,2087,40-44,54339013.349830925
S1,2087,45-49,49138720.26761949
S1,2087,50-54,43932004.49369049
S1,2087,55-59,37236853.73693931
S1,2087,60-64,29951516.221476793
S1,2087,65-69,22790450.85383761
S1,2087,70-74,17320873.479584575
S1,2087,75+,24101243.71921861
S1,2087,0-8,106975339.38119596
S1,2087,9-14,74816762.34165308
S1,2087,0-17,
S1,2087,18-29,
S1,2087,30-65,
S1,2087,66+,
S1,2087,15-26,
S1,2087,27-45,
S1,2087,46-65,
S1,2088,00-04,
S1,2088,05-09,
S1,2088,10-14,
S1,2088,15-19,63374294.88345766
S1,2088,20-24,66269803.827403575
S1,2088,25-29,67211198.214118
S1,2088,30-34,63153092.553267
S1,2088,35-39,58615348.90345925
S1,2088,40-44,54109678.11493236
S1,2088,45-49,48931332.62363267
S1,2088,50-54,43746591.54728198
S1,2088,55-59,37079697.35753167
S1,2088,60-64,29825107.26436162
S1,2088,65-69,22694264.834294796
S1,2088,70-74,17247771.552567363
S1,2088,75+,23999525.560405016
S1,2088,0-8,106523855.02266715
S1,2088,9-14,74501001.73599933
S1,2088,0-17,
S1,2088,18-29,
S1,2088,30-65,
S1,2088,66+,
S1,2088,15-26,
S1,2088,27-45,
S1,2088,46-65,
S1,2089,00-04,
S1,2089,05-09,
S1,2089,10-14,
S1,2089,15-19,63099316.602316916
S1,2089,20-24,65982262.06016967
S1,2089,25-29,66919571.778000414
S1,2089,30-34,62879074.05931836
S1,2089,35-39,58361019.479840755
S1,2089,40-44,53874898.59890801
S1,2089,45-49,48719021.72118378
S1,2089,50-54,43556777.00857103
S1,2089,55-59,36918810.17979908
S1,2089,60-64,29695697.434311867
S1,2089,65-69,22595795.41625452
S1,2089,70-74,17172934.22958398
S1,2089,75+,23895392.673420906
S1,2089,0-8,106061652.69586436
S1,2089,9-14,74177745.16267882
S1,2089,0-17,
S1,2089,18-29,
S1,2089,30-65,
S1,2089,66+,
S1,2089,15-26,
S1,2089,27-45,
S1,2089,46-65,
S1,2090,00-04,
S1,2090,05-09,
S1,2090,10-14,
S1,2090,15-19,62819470.87266168
S1,2090,20-24,65689630.45550576
S1,2090,25-29,66622783.20086789
S1,2090,30-34,62600205.106250644
S1,2090,35-39,58102188.11748707
S1,2090,40-44,53635963.20118356
S1,2090,45-49,48502952.65869963
S1,2090,50-54,43363602.522701025
S1,2090,55-59,36755075.10422158
S1,2090,60-64,29563996.893583298
S1,2090,65-69,22495582.970290065
S1,2090,70-74,17096772.195372343
S1,2090,75+,23789416.508255243
S1,2090,0-8,105591268.82825166
S1,2090,9-14,73848766.5566178
S1,2090,0-17,
S1,2090,18-29,
S1,2090,30-65,
S1,2090,66+,
S1,2090,15-26,
S1,2090,27-45,
S1,2090,46-65,
S1,2091,00-04,
S1,2091,05-09,
S1,2091,10-14,
S1,2091,15-19,62534465.4179351
S1,2091,20-24,65391603.38302782
S1,2091,25-29,66320522.51071024
S1,2091,30-34,62316194.43767232
S1,2091,35-39,57838584.487673044
S1,2091,40-44,53392622.37278283
S1,2091,45-49,48282899.769268274
S1,2091,50-54,43166866.334320664
S1,2091,55-59,36588321.12256479
S1,2091,60-64,29429868.09145975
S1,2091,65-69,22393522.832490087
S1,2091,70-74,17019205.90475881
S1,2091,75+,23681486.381251335
S1,2091,0-8,105112212.14137582
S1,2091,9-14,73513722.32588674
S1,2091,0-17,
S1,2091,18-29,
S1,2091,30-65,
S1,2091,66+,
S1,2091,15-26,
S1,2091,27-45,
S1,2091,46-65,
S1,2092,00-04,
S1,2092,05-09,
S1,2092,10-14,
S1,2092,15-19,62246340.15185264
S1,2092,20-24,65090313.95809436
S1,2092,25-29,66014953.124813735
S1,2092,30-34,62029074.84716171
S1,2092,35-39,57572095.32151538
S1,2092,40-44,53146617.814733386
S1,2092,45-49,48060438.0715425
S1,2092,50-54,42967976.57384384
S1,2092,55-59,36419741.7689476
S1,2092,60-64,29294271.048805594
S1,2092,65-69,22290345.493697524
S1,2092,70-74,16940790.534977555
S1,2092,75+,23572374.797435522
S1,2092,0-8,104627911.46191308
S1,2092,9-14,73175010.53448826
S1,2092,0-17,
S1,2092,18-29,
S1,2092,30-65,
S1,2092,66+,
S1,2092,15-26,
S1,2092,27-45,
S1,2092,46-65,
S1,2093,00-04,
S1,2093,05-09,
S1,2093,10-14,
S1,2093,15-19,61956498.40336546
S1,2093,20-24,64787229.62637025
S1,2093,25-29,65707563.33461374
S1,2093,30-34,61740244.76547521
S1,2093,35-39,57304018.56822592
S1,2093,40-44,52899147.70490813
S1,2093,45-49,47836651.0766809
S1,2093,50-54,42767901.94409466
S1,2093,55-59,36250158.11779618
S1,2093,60-64,29157866.198002696
S1,2093,65-69,22186553.4844563
S1,2093,70-74,16861908.012126565
S1,2093,75+,23462613.19039774
S1,2093,0-8,104140725.60127124
S1,2093,9-14,72834280.89565092
S1,2093,0-17,
S1,2093,18-29,
S1,2093,30-65,
S1,2093,66+,
S1,2093,15-26,
S1,2093,27-45,
S1,2093,46-65,
S1,2094,00-04,
S1,2094,05-09,
S1,2094,10-14,
S1,2094,15-19,61661810.32414794
S1,2094,20-24,64479077.53985107
S1,2094,25-29,65395033.799728155
S1,2094,30-34,61446585.26874399
S1,2094,35-39,57031459.40819436
S1,2094,40-44,52647539.74398172
S1,2094,45-49,47609122.22683835
S1,2094,50-54,42564481.94456506
S1,2094,55-59,36077738.92461467
S1,2094,60-64,29019180.57493806
S1,2094,65-69,22081026.009545922
S1,2094,70-74,16781706.52540469
S1,2094,75+,23351016.30237651
S1,2094,0-8,103645393.69603737
S1,2094,9-14,72487854.04953395
S1,2094,0-17,
S1,2094,18-29,
S1,2094,30-65,
S1,2094,66+,
S1,2094,15-26,
S1,2094,27-45,
S1,2094,46-65,
S1,2095,00-04,
S1,2095,05-09,
S1,2095,10-14,
S1,2095,15-19,61364715.540195465
S1,2095,20-24,64168408.78863448
S1,2095,25-29,65079951.8497147
S1,2095,30-34,61150527.46766639
S1,2095,35-39,56756674.26934916
S1,2095,40-44,52393876.91177428
S1,2095,45-49,47379735.158768296
S1,2095,50-54,42359400.62274051
S1,2095,55-59,35903911.591376185
S1,2095,60-64,28879362.312417626
S1,2095,65-69,21974636.6963346
S1,2095,70-74,16700850.036626458
S1,2095,75+,23238508.007421255
S1,2095,0-8,103146016.4366621
S1,2095,9-14,72138597.9504215
S1,2095,0-17,
S1,2095,18-29,
S1,2095,30-65,
S1,2095,66+,
S1,2095,15-26,
S1,2095,27-45,
S1,2095,46-65,
S1,2096,00-04,
S1,2096,05-09,
S1,2096,10-14,
S1,2096,15-19,61065413.50616935
S1,2096,20-24,63855431.94026834
S1,2096,25-29,64762529.014923215
S1,2096,30-34,60852270.1207248
S1,2096,35-39,56479847.628765285
S1,2096,40-44,52138329.504894555
S1,2096,45-49,47148643.871539116
S1,2096,50-54,42152795.66002035
S1,2096,55-59,35728792.817106724
S1,2096,60-64,28738505.277468562
S1,2096,65-69,21867456.969315648
S1,2096,70-74,16619392.82881701
S1,2096,75+,23125163.838005424
S1,2096,0-8,102642929.08019969
S1,2096,9-14,71786747.07148749
S1,2096,0-17,
S1,2096,18-29,
S1,2096,30-65,
S1,2096,66+,
S1,2096,15-26,
S1,2096,27-45,
S1,2096,46-65,
S1,2097,00-04,
S1,2097,05-09,
S1,2097,10-14,
S1,2097,15-19,60765330.19442427
S1,2097,20-24,63541638.11837578
S1,2097,25-29,64444277.60110414
S1,2097,30-34,60553234.223044574
S1,2097,35-39,56202298.37870437
S1,2097,40-44,51882115.03440535
S1,2097,45-49,46916949.35929555
S1,2097,50-54,41945651.389725804
S1,2097,55-59,35553216.924672484
S1,2097,60-64,28597280.55887413
S1,2097,65-69,21759997.46761036
S1,2097,70-74,16537722.990639925
S1,2097,75+,23011523.802660942
S1,2097,0-8,102138528.4986415
S1,2097,9-14,71433977.74489574
S1,2097,0-17,
S1,2097,18-29,
S1,2097,30-65,
S1,2097,66+,
S1,2097,15-26,
S1,2097,27-45,
S1,2097,46-65,
S1,2098,00-04,
S1,2098,05-09,
S1,2098,10-14,
S1,2098,15-19,60463817.37731117
S1,2098,20-24,63226349.478426754
S1,2098,25-29,64124510.13462025
S1,2098,30-34,60252773.80955738
S1,2098,35-39,55923426.9686721
S1,2098,40-44,51624680.03632736
S1,2098,45-49,46684151.125065446
S1,2098,50-54,41737520.34730911
S1,2098,55-59,35376804.64223945
S1,2098,60-64,28455383.088795424
S1,2098,65-69,21652026.061615586
S1,2098,70-74,16455664.102264047
S1,2098,75+,22897342.4208498
S1,2098,0-8,101631725.10656117
S1,2098,9-14,71079527.93283112
S1,2098,0-17,
S1,2098,18-29,
S1,2098,30-65,
S1,2098,66+,
S1,2098,15-26,
S1,2098,27-45,
S1,2098,46-65,
S1,2099,00-04,
S1,2099,05-09,
S1,2099,10-14,
S1,2099,15-19,60159826.71342212
S1,2099,20-24,62908469.78132978
S1,2099,25-29,63802114.80377734
S1,2099,30-34,59949844.19799769
S1,2099,35-39,55642263.78003204
S1,2099,40-44,51365129.425101995
S1,2099,45-49,46449439.74379349
S1,2099,50-54,41527678.874014735
S1,2099,55-59,35198942.59521794
S1,2099,60-64,28312319.498509765
S1,2099,65-69,21543167.341433525
S1,2099,70-74,16372930.850012302
S1,2099,75+,22782222.690972805
S1,2099,0-8,101120756.77992481
S1,2099,9-14,70722165.23522994
S1,2099,0-17,
S1,2099,18-29,
S1,2099,30-65,
S1,2099,66+,
S1,2099,15-26,
S1,2099,27-45,
S1,2099,46-65,
S1,2100,00-04,
S1,2100,05-09,
S1,2100,10-14,
S1,2100,15-19,59856173.934080005
S1,2100,20-24,62590943.406390935
S1,2100,25-29,63480077.81420356
S1,2100,30-34,59647251.291629076
S1,2100,35-39,55361413.1032809
S1,2100,40-44,51105867.30346227
S1,2100,45-49,46214989.24339104
S1,2100,50-54,41318070.63877499
S1,2100,55-59,35021278.24123204
S1,2100,60-64,28169414.922898173
S1,2100,65-69,21434429.61733365
S1,2100,70-74,16290289.55547762
S1,2100,75+,22667230.91626823
S1,2100,0-8,100610356.39277491
S1,2100,9-14,70365199.74500221
S1,2100,0-17,
S1,2100,18-29,
S1,2100,30-65,
S1,2100,66+,
S1,2100,15-26,
S1,2100,27-45,
S1,2100,46-65,
S2,1950,00-04,
S2,1950,05-09,
S2,1950,10-14,
S2,1950,15-19,
S2,1950,20-24,
S2,1950,25-29,
S2,1950,30-34,
S2,1950,35-39,
S2,1950,40-44,
S2,1950,45-49,
S2,1950,50-54,
S2,1950,55-59,
S2,1950,60-64,
S2,1950,65-69,
S2,1950,70-74,
S2,1950,75+,
S2,1950,0-8,
S2,1950,9-14,
S2,1950,0-17,45357699.5383492
S2,1950,18-29,33144093.11768776
S2,1950,30-65,71603953.21160133
S2,1950,66+,12451082.930885464
S2,1950,15-26,
S2,1950,27-45,
S2,1950,46-65,
S2,1951,00-04,
S2,1951,05-09,
S2,1951,10-14,
S2,1951,15-19,
S2,1951,20-24,
S2,1951,25-29,
S2,1951,30-34,
S2,1951,35-39,
S2,1951,40-44,
S2,1951,45-49,
S2,1951,50-54,
S2,1951,55-59,
S2,1951,60-64,
S2,1951,65-69,
S2,1951,70-74,
S2,1951,75+,
S2,1951,0-8,
S2,1951,9-14,
S2,1951,0-17,46308606.4617593
S2,1951,18-29,33838946.42675191
S2,1951,30-65,73105102.86304864
S2,1951,66+,12712115.149967164
S2,1951,15-26,
S2,1951,27-45,
S2,1951,46-65,
S2,1952,00-04,
S2,1952,05-09,
S2,1952,10-14,
S2,1952,15-19,
S2,1952,20-24,
S2,1952,25-29,
S2,1952,30-34,
S2,1952,35-39,
S2,1952,40-44,
S2,1952,45-49,
S2,1952,50-54,
S2,1952,55-59,
S2,1952,60-64,
S2,1952,65-69,
S2,1952,70-74,
S2,1952,75+,
S2,1952,0-8,
S2,1952,9-14,
S2,1952,0-17,47311985.864129856
S2,1952,18-29,34572142.78994976
S2,1952,30-65,74689088.21751049
S2,1952,66+,12987551.52079752
S2,1952,15-26,
S2,1952,27-45,
S2,1952,46-65,
S2,1953,00-04,
S2,1953,05-09,
S2,1953,10-14,
S2,1953,15-19,
S2,1953,20-24,
S2,1953,25-29,
S2,1953,30-34,
S2,1953,35-39,
S2,1953,40-44,
S2,1953,45-49,
S2,1953,50-54,
S2,1953,55-59,
S2,1953,60-64,
S2,1953,65-69,
S2,1953,70-74,
S2,1953,75+,
S2,1953,0-8,
S2,1953,9-14,
S2,1953,0-17,48366783.712894715
S2,1953,18-29,35342911.99728667
S2,1953,30-65,76354245.32599214
S2,1953,66+,13277102.702271938
S2,1953,15-26,
S2,1953,27-45,
S2,1953,46-65,
S2,1954,00-04,
S2,1954,05-09,
S2,1954,10-14,
S2,1954,15-19,
S2,1954,20-24,
S2,1954,25-29,
S2,1954,30-34,
S2,1954,35-39,
S2,1954,40-44,
S2,1954,45-49,
S2,1954,50-54,
S2,1954,55-59,
S2,1954,60-64,
S2,1954,65-69,
S2,1954,70-74,
S2,1954,75+,
S2,1954,0-8,
S2,1954,9-14,
S2,1954,0-17,49439581.7599445
S2,1954,18-29,36126834.43448676
S2,1954,30-65,78047818.45576476
S2,1954,66+,13571595.094696164
S2,1954,15-26,
S2,1954,27-45,
S2,1954,46-65,
S2,1955,00-04,
S2,1955,05-09,
S2,1955,10-14,
S2,1955,15-19,
S2,1955,20-24,
S2,1955,25-29,
S2,1955,30-34,
S2,1955,35-39,
S2,1955,40-44,
S2,1955,45-49,
S2,1955,50-54,
S2,1955,55-59,
S2,1955,60-64,
S2,1955,65-69,
S2,1955,70-74,
S2,1955,75+,
S2,1955,0-8,
S2,1955,9-14,
S2,1955,0-17,50591035.72855456
S2,1955,18-29,36968232.872784466
S2,1955,30-65,79865561.7922398
S2,1955,66+,13887679.221540838
S2,1955,15-26,
S2,1955,27-45,
S2,1955,46-65,
S2,1956,00-04,
S2,1956,05-09,
S2,1956,10-14,
S2,1956,15-19,
S2,1956,20-24,
S2,1956,25-29,
S2,1956,30-34,
S2,1956,35-39,
S2,1956,40-44,
S2,1956,45-49,
S2,1956,50-54,
S2,1956,55-59,
S2,1956,60-64,
S2,1956,65-69,
S2,1956,70-74,
S2,1956,75+,
S2,1956,0-8,
S2,1956,9-14,
S2,1956,0-17,51773317.9044963
S2,1956,18-29,37832158.3127787
S2,1956,30-65,81731972.09238002
S2,1956,66+,14212225.959364533
S2,1956,15-26,
S2,1956,27-45,
S2,1956,46-65,
S2,1957,00-04,
S2,1957,05-09,
S2,1957,10-14,
S2,1957,15-19,
S2,1957,20-24,
S2,1957,25-29,
S2,1957,30-34,
S2,1957,35-39,
S2,1957,40-44,
S2,1957,45-49,
S2,1957,50-54,
S2,1957,55-59,
S2,1957,60-64,
S2,1957,65-69,
S2,1957,70-74,
S2,1957,75+,
S2,1957,0-8,
S2,1957,9-14,
S2,1957,0-17,52995938.80211426
S2,1957,18-29,38725560.343541294
S2,1957,30-65,83662063.13402434
S2,1957,66+,14547846.027053475
S2,1957,15-26,
S2,1957,27-45,
S2,1957,46-65,
S2,1958,00-04,
S2,1958,05-09,
S2,1958,10-14,
S2,1958,15-19,
S2,1958,20-24,
S2,1958,25-29,
S2,1958,30-34,
S2,1958,35-39,
S2,1958,40-44,
S2,1958,45-49,
S2,1958,50-54,
S2,1958,55-59,
S2,1958,60-64,
S2,1958,65-69,
S2,1958,70-74,
S2,1958,75+,
S2,1958,0-8,
S2,1958,9-14,
S2,1958,0-17,54190761.32574912
S2,1958,18-29,39598649.35346744
S2,1958,30-65,85548270.2598109
S2,1958,66+,14875835.19936338
S2,1958,15-26,
S2,1958,27-45,
S2,1958,46-65,
S2,1959,00-04,
S2,1959,05-09,
S2,1959,10-14,
S2,1959,15-19,
S2,1959,20-24,
S2,1959,25-29,
S2,1959,30-34,
S2,1959,35-39,
S2,1959,40-44,
S2,1959,45-49,
S2,1959,50-54,
S2,1959,55-59,
S2,1959,60-64,
S2,1959,65-69,
S2,1959,70-74,
S2,1959,75+,
S2,1959,0-8,
S2,1959,9-14,
S2,1959,0-17,55476129.68284262
S2,1959,18-29,40537902.64346326
S2,1959,30-65,87577417.60717978
S2,1959,66+,15228679.99029857
S2,1959,15-26,
S2,1959,27-45,
S2,1959,46-65,
S2,1960,00-04,
S2,1960,05-09,
S2,1960,10-14,
S2,1960,15-19,
S2,1960,20-24,
S2,1960,25-29,
S2,1960,30-34,
S2,1960,35-39,
S2,1960,40-44,
S2,1960,45-49,
S2,1960,50-54,
S2,1960,55-59,
S2,1960,60-64,
S2,1960,65-69,
S2,1960,70-74,
S2,1960,75+,
S2,1960,0-8,
S2,1960,9-14,
S2,1960,0-17,56776160.604502715
S2,1960,18-29,41487870.26443895
S2,1960,30-65,89629712.01883703
S2,1960,66+,15585549.782705396
S2,1960,15-26,
S2,1960,27-45,
S2,1960,46-65,
S2,1961,00-04,
S2,1961,05-09,
S2,1961,10-14,
S2,1961,15-19,
S2,1961,20-24,
S2,1961,25-29,
S2,1961,30-34,
S2,1961,35-39,
S2,1961,40-44,
S2,1961,45-49,
S2,1961,50-54,
S2,1961,55-59,
S2,1961,60-64,
S2,1961,65-69,
S2,1961,70-74,
S2,1961,75+,
S2,1961,0-8,
S2,1961,9-14,
S2,1961,0-17,58121053.08987797
S2,1961,18-29,42470619.438719
S2,1961,30-65,91752827.15866077
S2,1961,66+,15954734.46444565
S2,1961,15-26,
S2,1961,27-45,
S2,1961,46-65,
S2,1962,00-04,
S2,1962,05-09,
S2,1962,10-14,
S2,1962,15-19,
S2,1962,20-24,
S2,1962,25-29,
S2,1962,30-34,
S2,1962,35-39,
S2,1962,40-44,
S2,1962,45-49,
S2,1962,50-54,
S2,1962,55-59,
S2,1962,60-64,
S2,1962,65-69,
S2,1962,70-74,
S2,1962,75+,
S2,1962,0-8,
S2,1962,9-14,
S2,1962,0-17,59511146.23645808
S2,1962,18-29,43486397.95397541
S2,1962,30-65,93947298.34305875
S2,1962,66+,16336327.120728612
S2,1962,15-26,
S2,1962,27-45,
S2,1962,46-65,
S2,1963,00-04,
S2,1963,05-09,
S2,1963,10-14,
S2,1963,15-19,
S2,1963,20-24,
S2,1963,25-29,
S2,1963,30-34,
S2,1963,35-39,
S2,1963,40-44,
S2,1963,45-49,
S2,1963,50-54,
S2,1963,55-59,
S2,1963,60-64,
S2,1963,65-69,
S2,1963,70-74,
S2,1963,75+,
S2,1963,0-8,
S2,1963,9-14,
S2,1963,0-17,60904023.19380998
S2,1963,18-29,44504210.67476652
S2,1963,30-65,96146164.19161034
S2,1963,66+,16718683.957275063
S2,1963,15-26,
S2,1963,27-45,
S2,1963,46-65,
S2,1964,00-04,
S2,1964,05-09,
S2,1964,10-14,
S2,1964,15-19,
S2,1964,20-24,
S2,1964,25-29,
S2,1964,30-34,
S2,1964,35-39,
S2,1964,40-44,
S2,1964,45-49,
S2,1964,50-54,
S2,1964,55-59,
S2,1964,60-64,
S2,1964,65-69,
S2,1964,70-74,
S2,1964,75+,
S2,1964,0-8,
S2,1964,9-14,
S2,1964,0-17,62342283.968554944
S2,1964,18-29,45555186.57369545
S2,1964,30-65,98416675.22433701
S2,1964,66+,17113499.04633066
S2,1964,15-26,
S2,1964,27-45,
S2,1964,46-65,
S2,1965,00-04,
S2,1965,05-09,
S2,1965,10-14,
S2,1965,15-19,
S2,1965,20-24,
S2,1965,25-29,
S2,1965,30-34,
S2,1965,35-39,
S2,1965,40-44,
S2,1965,45-49,
S2,1965,50-54,
S2,1965,55-59,
S2,1965,60-64,
S2,1965,65-69,
S2,1965,70-74,
S2,1965,75+,
S2,1965,0-8,
S2,1965,9-14,
S2,1965,0-17,63801416.65644102
S2,1965,18-29,46621414.14190513
S2,1965,30-65,100720135.71233149
S2,1965,66+,17514043.657035053
S2,1965,15-26,
S2,1965,27-45,
S2,1965,46-65,
S2,1966,00-04,
S2,1966,05-09,
S2,1966,10-14,
S2,1966,15-19,
S2,1966,20-24,
S2,1966,25-29,
S2,1966,30-34,
S2,1966,35-39,
S2,1966,40-44,
S2,1966,45-49,
S2,1966,50-54,
S2,1966,55-59,
S2,1966,60-64,
S2,1966,65-69,
S2,1966,70-74,
S2,1966,75+,
S2,1966,0-8,
S2,1966,9-14,
S2,1966,0-17,65204970.28603734
S2,1966,18-29,47647028.59476501
S2,1966,30-65,102935856.29442613
S2,1966,66+,17899331.332951516
S2,1966,15-26,
S2,1966,27-45,
S2,1966,46-65,
S2,1967,00-04,
S2,1967,05-09,
S2,1967,10-14,
S2,1967,15-19,
S2,1967,20-24,
S2,1967,25-29,
S2,1967,30-34,
S2,1967,35-39,
S2,1967,40-44,
S2,1967,45-49,
S2,1967,50-54,
S2,1967,55-59,
S2,1967,60-64,
S2,1967,65-69,
S2,1967,70-74,
S2,1967,75+,
S2,1967,0-8,
S2,1967,9-14,
S2,1967,0-17,66600057.09219817
S2,1967,18-29,48666456.11162043
S2,1967,30-65,105138210.72181512
S2,1967,66+,18282294.79221183
S2,1967,15-26,
S2,1967,27-45,
S2,1967,46-65,
S2,1968,00-04,
S2,1968,05-09,
S2,1968,10-14,
S2,1968,15-19,
S2,1968,20-24,
S2,1968,25-29,
S2,1968,30-34,
S2,1968,35-39,
S2,1968,40-44,
S2,1968,45-49,
S2,1968,50-54,
S2,1968,55-59,
S2,1968,60-64,
S2,1968,65-69,
S2,1968,70-74,
S2,1968,75+,
S2,1968,0-8,
S2,1968,9-14,
S2,1968,0-17,68066593.31789204
S2,1968,18-29,49738093.64437854
S2,1968,30-65,107453358.80817086
S2,1968,66+,18684871.738421828
S2,1968,15-26,
S2,1968,27-45,
S2,1968,46-65,
S2,1969,00-04,
S2,1969,05-09,
S2,1969,10-14,
S2,1969,15-19,
S2,1969,20-24,
S2,1969,25-29,
S2,1969,30-34,
S2,1969,35-39,
S2,1969,40-44,
S2,1969,45-49,
S2,1969,50-54,
S2,1969,55-59,
S2,1969,60-64,
S2,1969,65-69,
S2,1969,70-74,
S2,1969,75+,
S2,1969,0-8,
S2,1969,9-14,
S2,1969,0-17,69540334.41271996
S2,1969,18-29,50814995.9691325
S2,1969,30-65,109779880.86449449
S2,1969,66+,19089426.48385912
S2,1969,15-26,
S2,1969,27-45,
S2,1969,46-65,
S2,1970,00-04,
S2,1970,05-09,
S2,1970,10-14,
S2,1970,15-19,
S2,1970,20-24,
S2,1970,25-29,
S2,1970,30-34,
S2,1970,35-39,
S2,1970,40-44,
S2,1970,45-49,
S2,1970,50-54,
S2,1970,55-59,
S2,1970,60-64,
S2,1970,65-69,
S2,1970,70-74,
S2,1970,75+,
S2,1970,0-8,
S2,1970,9-14,
S2,1970,0-17,71047740.32253173
S2,1970,18-29,51916498.081220716
S2,1970,30-65,112159547.89645663
S2,1970,66+,19503222.513741612
S2,1970,15-26,
S2,1970,27-45,
S2,1970,46-65,
S2,1971,00-04,
S2,1971,05-09,
S2,1971,10-14,
S2,1971,15-19,
S2,1971,20-24,
S2,1971,25-29,
S2,1971,30-34,
S2,1971,35-39,
S2,1971,40-44,
S2,1971,45-49,
S2,1971,50-54,
S2,1971,55-59,
S2,1971,60-64,
S2,1971,65-69,
S2,1971,70-74,
S2,1971,75+,
S2,1971,0-8,
S2,1971,9-14,
S2,1971,0-17,72689757.04978043
S2,1971,18-29,53116363.944407105
S2,1971,30-65,114751718.35719997
S2,1971,66+,19953970.38351816
S2,1971,15-26,
S2,1971,27-45,
S2,1971,46-65,
S2,1972,00-04,
S2,1972,05-09,
S2,1972,10-14,
S2,1972,15-19,
S2,1972,20-24,
S2,1972,25-29,
S2,1972,30-34,
S2,1972,35-39,
S2,1972,40-44,
S2,1972,45-49,
S2,1972,50-54,
S2,1972,55-59,
S2,1972,60-64,
S2,1972,65-69,
S2,1972,70-74,
S2,1972,75+,
S2,1972,0-8,
S2,1972,9-14,
S2,1972,0-17,74266649.36933957
S2,1972,18-29,54268641.64825861
S2,1972,30-65,117241080.1418289
S2,1972,66+,20386841.03709498
S2,1972,15-26,
S2,1972,27-45,
S2,1972,46-65,
S2,1973,00-04,
S2,1973,05-09,
S2,1973,10-14,
S2,1973,15-19,
S2,1973,20-24,
S2,1973,25-29,
S2,1973,30-34,
S2,1973,35-39,
S2,1973,40-44,
S2,1973,45-49,
S2,1973,50-54,
S2,1973,55-59,
S2,1973,60-64,
S2,1973,65-69,
S2,1973,70-74,
S2,1973,75+,
S2,1973,0-8,
S2,1973,9-14,
S2,1973,0-17,75960776.61755416
S2,1973,18-29,55506586.07311995
S2,1973,30-65,119915514.90043236
S2,1973,66+,20851893.69800335
S2,1973,15-26,
S2,1973,27-45,
S2,1973,46-65,
S2,1974,00-04,
S2,1974,05-09,
S2,1974,10-14,
S2,1974,15-19,
S2,1974,20-24,
S2,1974,25-29,
S2,1974,30-34,
S2,1974,35-39,
S2,1974,40-44,
S2,1974,45-49,
S2,1974,50-54,
S2,1974,55-59,
S2,1974,60-64,
S2,1974,65-69,
S2,1974,70-74,
S2,1974,75+,
S2,1974,0-8,
S2,1974,9-14,
S2,1974,0-17,77674059.06384985
S2,1974,18-29,56758527.71731453
S2,1974,30-65,122620189.02128571
S2,1974,66+,21322204.62734893
S2,1974,15-26,
S2,1974,27-45,
S2,1974,46-65,
S2,1975,00-04,
S2,1975,05-09,
S2,1975,10-14,
S2,1975,15-19,
S2,1975,20-24,
S2,1975,25-29,
S2,1975,30-34,
S2,1975,35-39,
S2,1975,40-44,
S2,1975,45-49,
S2,1975,50-54,
S2,1975,55-59,
S2,1975,60-64,
S2,1975,65-69,
S2,1975,70-74,
S2,1975,75+,
S2,1975,0-8,
S2,1975,9-14,
S2,1975,0-17,79507236.96613546
S2,1975,18-29,58098080.20152445
S2,1975,30-65,125514136.1588124
S2,1975,66+,21825427.90191391
S2,1975,15-26,
S2,1975,27-45,
S2,1975,46-65,
S2,1976,00-04,
S2,1976,05-09,
S2,1976,10-14,
S2,1976,15-19,
S2,1976,20-24,
S2,1976,25-29,
S2,1976,30-34,
S2,1976,35-39,
S2,1976,40-44,
S2,1976,45-49,
S2,1976,50-54,
S2,1976,55-59,
S2,1976,60-64,
S2,1976,65-69,
S2,1976,70-74,
S2,1976,75+,
S2,1976,0-8,
S2,1976,9-14,
S2,1976,0-17,81369331.7742521
S2,1976,18-29,59458763.04792847
S2,1976,30-65,128453732.98301238
S2,1976,66+,22336589.118576348
S2,1976,15-26,
S2,1976,27-45,
S2,1976,46-65,
S2,1977,00-04,
S2,1977,05-09,
S2,1977,10-14,
S2,1977,15-19,
S2,1977,20-24,
S2,1977,25-29,
S2,1977,30-34,
S2,1977,35-39,
S2,1977,40-44,
S2,1977,45-49,
S2,1977,50-54,
S2,1977,55-59,
S2,1977,60-64,
S2,1977,65-69,
S2,1977,70-74,
S2,1977,75+,
S2,1977,0-8,
S2,1977,9-14,
S2,1977,0-17,83278744.56176735
S2,1977,18-29,60854022.416759625
S2,1977,30-65,131468028.35712597
S2,1977,66+,22860739.53203702
S2,1977,15-26,
S2,1977,27-45,
S2,1977,46-65,
S2,1978,00-04,
S2,1978,05-09,
S2,1978,10-14,
S2,1978,15-19,
S2,1978,20-24,
S2,1978,25-29,
S2,1978,30-34,
S2,1978,35-39,
S2,1978,40-44,
S2,1978,45-49,
S2,1978,50-54,
S2,1978,55-59,
S2,1978,60-64,
S2,1978,65-69,
S2,1978,70-74,
S2,1978,75+,
S2,1978,0-8,
S2,1978,9-14,
S2,1978,0-17,85236936.49595413
S2,1978,18-29,62284926.022312164
S2,1978,30-65,134559328.9535394
S2,1978,66+,23398280.245417714
S2,1978,15-26,
S2,1978,27-45,
S2,1978,46-65,
S2,1979,00-04,
S2,1979,05-09,
S2,1979,10-14,
S2,1979,15-19,
S2,1979,20-24,
S2,1979,25-29,
S2,1979,30-34,
S2,1979,35-39,
S2,1979,40-44,
S2,1979,45-49,
S2,1979,50-54,
S2,1979,55-59,
S2,1979,60-64,
S2,1979,65-69,
S2,1979,70-74,
S2,1979,75+,
S2,1979,0-8,
S2,1979,9-14,
S2,1979,0-17,87164892.69089505
S2,1979,18-29,63693735.558561206
S2,1979,30-65,137602897.88630357
S2,1979,66+,23927520.9854607
S2,1979,15-26,
S2,1979,27-45,
S2,1979,46-65,
S2,1980,00-04,
S2,1980,05-09,
S2,1980,10-14,
S2,1980,15-19,
S2,1980,20-24,
S2,1980,25-29,
S2,1980,30-34,
S2,1980,35-39,
S2,1980,40-44,
S2,1980,45-49,
S2,1980,50-54,
S2,1980,55-59,
S2,1980,60-64,
S2,1980,65-69,
S2,1980,70-74,
S2,1980,75+,
S2,1980,0-8,
S2,1980,9-14,
S2,1980,0-17,89251955.55074164
S2,1980,18-29,65218808.62164146
S2,1980,30-65,140897640.62870774
S2,1980,66+,24500437.888531268
S2,1980,15-26,
S2,1980,27-45,
S2,1980,46-65,
S2,1981,00-04,
S2,1981,05-09,
S2,1981,10-14,
S2,1981,15-19,
S2,1981,20-24,
S2,1981,25-29,
S2,1981,30-34,
S2,1981,35-39,
S2,1981,40-44,
S2,1981,45-49,
S2,1981,50-54,
S2,1981,55-59,
S2,1981,60-64,
S2,1981,65-69,
S2,1981,70-74,
S2,1981,75+,
S2,1981,0-8,
S2,1981,9-14,
S2,1981,0-17,91368364.76733314
S2,1981,18-29,66765325.8582692
S2,1981,30-65,144238711.0106677
S2,1981,66+,25081410.621709526
S2,1981,15-26,
S2,1981,27-45,
S2,1981,46-65,
S2,1982,00-04,
S2,1982,05-09,
S2,1982,10-14,
S2,1982,15-19,
S2,1982,20-24,
S2,1982,25-29,
S2,1982,30-34,
S2,1982,35-39,
S2,1982,40-44,
S2,1982,45-49,
S2,1982,50-54,
S2,1982,55-59,
S2,1982,60-64,
S2,1982,65-69,
S2,1982,70-74,
S2,1982,75+,
S2,1982,0-8,
S2,1982,9-14,
S2,1982,0-17,93523102.06976329
S2,1982,18-29,68339850.45988657
S2,1982,30-65,147640288.04294324
S2,1982,66+,25672904.747732103
S2,1982,15-26,
S2,1982,27-45,
S2,1982,46-65,
S2,1983,00-04,
S2,1983,05-09,
S2,1983,10-14,
S2,1983,15-19,
S2,1983,20-24,
S2,1983,25-29,
S2,1983,30-34,
S2,1983,35-39,
S2,1983,40-44,
S2,1983,45-49,
S2,1983,50-54,
S2,1983,55-59,
S2,1983,60-64,
S2,1983,65-69,
S2,1983,70-74,
S2,1983,75+,
S2,1983,0-8,
S2,1983,9-14,
S2,1983,0-17,95727311.682032
S2,1983,18-29,69950525.8112273
S2,1983,30-65,151119964.55987078
S2,1983,66+,26277979.452991486
S2,1983,15-26,
S2,1983,27-45,
S2,1983,46-65,
S2,1984,00-04,
S2,1984,05-09,
S2,1984,10-14,
S2,1984,15-19,
S2,1984,20-24,
S2,1984,25-29,
S2,1984,30-34,
S2,1984,35-39,
S2,1984,40-44,
S2,1984,45-49,
S2,1984,50-54,
S2,1984,55-59,
S2,1984,60-64,
S2,1984,65-69,
S2,1984,70-74,
S2,1984,75+,
S2,1984,0-8,
S2,1984,9-14,
S2,1984,0-17,98004065.56873004
S2,1984,18-29,71614211.21844195
S2,1984,30-65,154714163.1289499
S2,1984,66+,26902968.192390203
S2,1984,15-26,
S2,1984,27-45,
S2,1984,46-65,
S2,1985,00-04,
S2,1985,05-09,
S2,1985,10-14,
S2,1985,15-19,
S2,1985,20-24,
S2,1985,25-29,
S2,1985,30-34,
S2,1985,35-39,
S2,1985,40-44,
S2,1985,45-49,
S2,1985,50-54,
S2,1985,55-59,
S2,1985,60-64,
S2,1985,65-69,
S2,1985,70-74,
S2,1985,75+,
S2,1985,0-8,
S2,1985,9-14,
S2,1985,0-17,100332969.98227759
S2,1985,18-29,73316004.42070855
S2,1985,30-65,158390689.15119585
S2,1985,66+,27542272.704883516
S2,1985,15-26,
S2,1985,27-45,
S2,1985,46-65,
S2,1986,00-04,
S2,1986,05-09,
S2,1986,10-14,
S2,1986,15-19,
S2,1986,20-24,
S2,1986,25-29,
S2,1986,30-34,
S2,1986,35-39,
S2,1986,40-44,
S2,1986,45-49,
S2,1986,50-54,
S2,1986,55-59,
S2,1986,60-64,
S2,1986,65-69,
S2,1986,70-74,
S2,1986,75+,
S2,1986,0-8,
S2,1986,9-14,
S2,1986,0-17,102695787.6827256
S2,1986,18-29,75042578.9754334
S2,1986,30-65,162120752.39938536
S2,1986,66+,28190886.709523916
S2,1986,15-26,
S2,1986,27-45,
S2,1986,46-65,
S2,1987,00-04,
S2,1987,05-09,
S2,1987,10-14,
S2,1987,15-19,
S2,1987,20-24,
S2,1987,25-29,
S2,1987,30-34,
S2,1987,35-39,
S2,1987,40-44,
S2,1987,45-49,
S2,1987,50-54,
S2,1987,55-59,
S2,1987,60-64,
S2,1987,65-69,
S2,1987,70-74,
S2,1987,75+,
S2,1987,0-8,
S2,1987,9-14,
S2,1987,0-17,105110555.88060503
S2,1987,18-29,76807115.15832509
S2,1987,30-65,165932827.32420892
S2,1987,66+,28853761.577444434
S2,1987,15-26,
S2,1987,27-45,
S2,1987,46-65,
S2,1988,00-04,
S2,1988,05-09,
S2,1988,10-14,
S2,1988,15-19,
S2,1988,20-24,
S2,1988,25-29,
S2,1988,30-34,
S2,1988,35-39,
S2,1988,40-44,
S2,1988,45-49,
S2,1988,50-54,
S2,1988,55-59,
S2,1988,60-64,
S2,1988,65-69,
S2,1988,70-74,
S2,1988,75+,
S2,1988,0-8,
S2,1988,9-14,
S2,1988,0-17,107533134.47885
S2,1988,18-29,78577358.61119822
S2,1988,30-65,169757232.14115742
S2,1988,66+,29518780.468180597
S2,1988,15-26,
S2,1988,27-45,
S2,1988,46-65,
S2,1989,00-04,
S2,1989,05-09,
S2,1989,10-14,
S2,1989,15-19,
S2,1989,20-24,
S2,1989,25-29,
S2,1989,30-34,
S2,1989,35-39,
S2,1989,40-44,
S2,1989,45-49,
S2,1989,50-54,
S2,1989,55-59,
S2,1989,60-64,
S2,1989,65-69,
S2,1989,70-74,
S2,1989,75+,
S2,1989,0-8,
S2,1989,9-14,
S2,1989,0-17,109991319.67425272
S2,1989,18-29,80373620.7639572
S2,1989,30-65,173637847.329065
S2,1989,66+,30193573.679453433
S2,1989,15-26,
S2,1989,27-45,
S2,1989,46-65,
S2,1990,00-04,
S2,1990,05-09,
S2,1990,10-14,
S2,1990,15-19,
S2,1990,20-24,
S2,1990,25-29,
S2,1990,30-34,
S2,1990,35-39,
S2,1990,40-44,
S2,1990,45-49,
S2,1990,50-54,
S2,1990,55-59,
S2,1990,60-64,
S2,1990,65-69,
S2,1990,70-74,
S2,1990,75+,
S2,1990,0-8,
S2,1990,9-14,
S2,1990,0-17,112486793.34681806
S2,1990,18-29,82197130.61163616
S2,1990,30-65,177577327.98857406
S2,1990,66+,30878602.901949108
S2,1990,15-26,
S2,1990,27-45,
S2,1990,46-65,
S2,1991,00-04,
S2,1991,05-09,
S2,1991,10-14,
S2,1991,15-19,
S2,1991,20-24,
S2,1991,25-29,
S2,1991,30-34,
S2,1991,35-39,
S2,1991,40-44,
S2,1991,45-49,
S2,1991,50-54,
S2,1991,55-59,
S2,1991,60-64,
S2,1991,65-69,
S2,1991,70-74,
S2,1991,75+,
S2,1991,0-8,
S2,1991,9-14,
S2,1991,0-17,115002794.93635523
S2,1991,18-29,84035640.76132673
S2,1991,30-65,181549215.0536403
S2,1991,66+,31569267.216154277
S2,1991,15-26,
S2,1991,27-45,
S2,1991,46-65,
S2,1992,00-04,
S2,1992,05-09,
S2,1992,10-14,
S2,1992,15-19,
S2,1992,20-24,
S2,1992,25-29,
S2,1992,30-34,
S2,1992,35-39,
S2,1992,40-44,
S2,1992,45-49,
S2,1992,50-54,
S2,1992,55-59,
S2,1992,60-64,
S2,1992,65-69,
S2,1992,70-74,
S2,1992,75+,
S2,1992,0-8,
S2,1992,9-14,
S2,1992,0-17,117493769.71598203
S2,1992,18-29,85855863.1467226
S2,1992,30-65,185481593.53374547
S2,1992,66+,32253061.453418255
S2,1992,15-26,
S2,1992,27-45,
S2,1992,46-65,
S2,1993,00-04,
S2,1993,05-09,
S2,1993,10-14,
S2,1993,15-19,
S2,1993,20-24,
S2,1993,25-29,
S2,1993,30-34,
S2,1993,35-39,
S2,1993,40-44,
S2,1993,45-49,
S2,1993,50-54,
S2,1993,55-59,
S2,1993,60-64,
S2,1993,65-69,
S2,1993,70-74,
S2,1993,75+,
S2,1993,0-8,
S2,1993,9-14,
S2,1993,0-17,120016970.459527
S2,1993,18-29,87699633.91221227
S2,1993,30-65,189464845.54659313
S2,1993,66+,32945701.997998476
S2,1993,15-26,
S2,1993,27-45,
S2,1993,46-65,
S2,1994,00-04,
S2,1994,05-09,
S2,1994,10-14,
S2,1994,15-19,
S2,1994,20-24,
S2,1994,25-29,
S2,1994,30-34,
S2,1994,35-39,
S2,1994,40-44,
S2,1994,45-49,
S2,1994,50-54,
S2,1994,55-59,
S2,1994,60-64,
S2,1994,65-69,
S2,1994,70-74,
S2,1994,75+,
S2,1994,0-8,
S2,1994,9-14,
S2,1994,0-17,122530533.8673549
S2,1994,18-29,89536362.41683638
S2,1994,30-65,193432883.57498428
S2,1994,66+,33635697.010122955
S2,1994,15-26,
S2,1994,27-45,
S2,1994,46-65,
S2,1995,00-04,
S2,1995,05-09,
S2,1995,10-14,
S2,1995,15-19,
S2,1995,20-24,
S2,1995,25-29,
S2,1995,30-34,
S2,1995,35-39,
S2,1995,40-44,
S2,1995,45-49,
S2,1995,50-54,
S2,1995,55-59,
S2,1995,60-64,
S2,1995,65-69,
S2,1995,70-74,
S2,1995,75+,
S2,1995,0-8,
S2,1995,9-14,
S2,1995,0-17,125004976.14754245
S2,1995,18-29,91344504.05945954
S2,1995,30-65,197339163.01725513
S2,1995,66+,34314952.93253273
S2,1995,15-26,
S2,1995,27-45,
S2,1995,46-65,
S2,1996,00-04,
S2,1996,05-09,
S2,1996,10-14,
S2,1996,15-19,
S2,1996,20-24,
S2,1996,25-29,
S2,1996,30-34,
S2,1996,35-39,
S2,1996,40-44,
S2,1996,45-49,
S2,1996,50-54,
S2,1996,55-59,
S2,1996,60-64,
S2,1996,65-69,
S2,1996,70-74,
S2,1996,75+,
S2,1996,0-8,
S2,1996,9-14,
S2,1996,0-17,127525411.31428981
S2,1996,18-29,93186253.94347075
S2,1996,30-65,201318049.15102085
S2,1996,66+,35006834.30223405
S2,1996,15-26,
S2,1996,27-45,
S2,1996,46-65,
S2,1997,00-04,
S2,1997,05-09,
S2,1997,10-14,
S2,1997,15-19,
S2,1997,20-24,
S2,1997,25-29,
S2,1997,30-34,
S2,1997,35-39,
S2,1997,40-44,
S2,1997,45-49,
S2,1997,50-54,
S2,1997,55-59,
S2,1997,60-64,
S2,1997,65-69,
S2,1997,70-74,
S2,1997,75+,
S2,1997,0-8,
S2,1997,9-14,
S2,1997,0-17,130054299.96917808
S2,1997,18-29,95034181.01902744
S2,1997,30-65,205310280.3877236
S2,1997,66+,35701036.22793716
S2,1997,15-26,
S2,1997,27-45,
S2,1997,46-65,
S2,1998,00-04,
S2,1998,05-09,
S2,1998,10-14,
S2,1998,15-19,
S2,1998,20-24,
S2,1998,25-29,
S2,1998,30-34,
S2,1998,35-39,
S2,1998,40-44,
S2,1998,45-49,
S2,1998,50-54,
S2,1998,55-59,
S2,1998,60-64,
S2,1998,65-69,
S2,1998,70-74,
S2,1998,75+,
S2,1998,0-8,
S2,1998,9-14,
S2,1998,0-17,132591295.3945493
S2,1998,18-29,96888031.9301954
S2,1998,30-65,209315309.38137305
S2,1998,66+,36397463.532630384
S2,1998,15-26,
S2,1998,27-45,
S2,1998,46-65,
S2,1999,00-04,
S2,1999,05-09,
S2,1999,10-14,
S2,1999,15-19,
S2,1999,20-24,
S2,1999,25-29,
S2,1999,30-34,
S2,1999,35-39,
S2,1999,40-44,
S2,1999,45-49,
S2,1999,50-54,
S2,1999,55-59,
S2,1999,60-64,
S2,1999,65-69,
S2,1999,70-74,
S2,1999,75+,
S2,1999,0-8,
S2,1999,9-14,
S2,1999,0-17,135137814.66955963
S2,1999,18-29,98748842.17489418
S2,1999,30-65,213335373.20463008
S2,1999,66+,37096505.21686405
S2,1999,15-26,
S2,1999,27-45,
S2,1999,46-65,
S2,2000,00-04,
S2,2000,05-09,
S2,2000,10-14,
S2,2000,15-19,
S2,2000,20-24,
S2,2000,25-29,
S2,2000,30-34,
S2,2000,35-39,
S2,2000,40-44,
S2,2000,45-49,
S2,2000,50-54,
S2,2000,55-59,
S2,2000,60-64,
S2,2000,65-69,
S2,2000,70-74,
S2,2000,75+,
S2,2000,0-8,
S2,2000,9-14,
S2,2000,0-17,137684704.61132833
S2,2000,18-29,100609923.27578014
S2,2000,30-65,217356022.1811354
S2,2000,66+,37795648.652346015
S2,2000,15-26,
S2,2000,27-45,
S2,2000,46-65,
S2,2001,00-04,
S2,2001,05-09,
S2,2001,10-14,
S2,2001,15-19,
S2,2001,20-24,
S2,2001,25-29,
S2,2001,30-34,
S2,2001,35-39,
S2,2001,40-44,
S2,2001,45-49,
S2,2001,50-54,
S2,2001,55-59,
S2,2001,60-64,
S2,2001,65-69,
S2,2001,70-74,
S2,2001,75+,
S2,2001,0-8,
S2,2001,9-14,
S2,2001,0-17,140271438.2359822
S2,2001,18-29,102500119.22925204
S2,2001,30-65,221439570.40593
S2,2001,66+,38505729.52524048
S2,2001,15-26,
S2,2001,27-45,
S2,2001,46-65,
S2,2002,00-04,
S2,2002,05-09,
S2,2002,10-14,
S2,2002,15-19,
S2,2002,20-24,
S2,2002,25-29,
S2,2002,30-34,
S2,2002,35-39,
S2,2002,40-44,
S2,2002,45-49,
S2,2002,50-54,
S2,2002,55-59,
S2,2002,60-64,
S2,2002,65-69,
S2,2002,70-74,
S2,2002,75+,
S2,2002,0-8,
S2,2002,9-14,
S2,2002,0-17,142901360.52525905
S2,2002,18-29,104421874.30358899
S2,2002,30-65,225591298.4359707
S2,2002,66+,39227666.06212056
S2,2002,15-26,
S2,2002,27-45,
S2,2002,46-65,
S2,2003,00-04,
S2,2003,05-09,
S2,2003,10-14,
S2,2003,15-19,
S2,2003,20-24,
S2,2003,25-29,
S2,2003,30-34,
S2,2003,35-39,
S2,2003,40-44,
S2,2003,45-49,
S2,2003,50-54,
S2,2003,55-59,
S2,2003,60-64,
S2,2003,65-69,
S2,2003,70-74,
S2,2003,75+,
S2,2003,0-8,
S2,2003,9-14,
S2,2003,0-17,145428020.00876874
S2,2003,18-29,106268172.46355915
S2,2003,30-65,229580010.59025258
S2,2003,66+,39921256.060896575
S2,2003,15-26,
S2,2003,27-45,
S2,2003,46-65,
S2,2004,00-04,
S2,2004,05-09,
S2,2004,10-14,
S2,2004,15-19,
S2,2004,20-24,
S2,2004,25-29,
S2,2004,30-34,
S2,2004,35-39,
S2,2004,40-44,
S2,2004,45-49,
S2,2004,50-54,
S2,2004,55-59,
S2,2004,60-64,
S2,2004,65-69,
S2,2004,70-74,
S2,2004,75+,
S2,2004,0-8,
S2,2004,9-14,
S2,2004,0-17,147933784.44648352
S2,2004,18-29,108099202.0505952
S2,2004,30-65,233535736.7708919
S2,2004,66+,40609110.187909245
S2,2004,15-26,
S2,2004,27-45,
S2,2004,46-65,
S2,2005,00-04,
S2,2005,05-09,
S2,2005,10-14,
S2,2005,15-19,
S2,2005,20-24,
S2,2005,25-29,
S2,2005,30-34,
S2,2005,35-39,
S2,2005,40-44,
S2,2005,45-49,
S2,2005,50-54,
S2,2005,55-59,
S2,2005,60-64,
S2,2005,65-69,
S2,2005,70-74,
S2,2005,75+,
S2,2005,0-8,
S2,2005,9-14,
S2,2005,0-17,150464411.58834124
S2,2005,18-29,109948399.48542029
S2,2005,30-65,237530712.4708475
S2,2005,66+,41303789.343402445
S2,2005,15-26,
S2,2005,27-45,
S2,2005,46-65,
S2,2006,00-04,
S2,2006,05-09,
S2,2006,10-14,
S2,2006,15-19,
S2,2006,20-24,
S2,2006,25-29,
S2,2006,30-34,
S2,2006,35-39,
S2,2006,40-44,
S2,2006,45-49,
S2,2006,50-54,
S2,2006,55-59,
S2,2006,60-64,
S2,2006,65-69,
S2,2006,70-74,
S2,2006,75+,
S2,2006,0-8,
S2,2006,9-14,
S2,2006,0-17,152845571.57820135
S2,2006,18-29,111688377.24521181
S2,2006,30-65,241289731.78264305
S2,2006,66+,41957438.46598184
S2,2006,15-26,
S2,2006,27-45,
S2,2006,46-65,
S2,2007,00-04,
S2,2007,05-09,
S2,2007,10-14,
S2,2007,15-19,
S2,2007,20-24,
S2,2007,25-29,
S2,2007,30-34,
S2,2007,35-39,
S2,2007,40-44,
S2,2007,45-49,
S2,2007,50-54,
S2,2007,55-59,
S2,2007,60-64,
S2,2007,65-69,
S2,2007,70-74,
S2,2007,75+,
S2,2007,0-8,
S2,2007,9-14,
S2,2007,0-17,155261184.52616736
S2,2007,18-29,113453530.7097517
S2,2007,30-65,245103140.2725789
S2,2007,66+,42620545.22514677
S2,2007,15-26,
S2,2007,27-45,
S2,2007,46-65,
S2,2008,00-04,
S2,2008,05-09,
S2,2008,10-14,
S2,2008,15-19,
S2,2008,20-24,
S2,2008,25-29,
S2,2008,30-34,
S2,2008,35-39,
S2,2008,40-44,
S2,2008,45-49,
S2,2008,50-54,
S2,2008,55-59,
S2,2008,60-64,
S2,2008,65-69,
S2,2008,70-74,
S2,2008,75+,
S2,2008,0-8,
S2,2008,9-14,
S2,2008,0-17,157545881.62187862
S2,2008,18-29,115123020.43380487
S2,2008,30-65,248709878.3922155
S2,2008,66+,43247714.4444896
S2,2008,15-26,
S2,2008,27-45,
S2,2008,46-65,
S2,2009,00-04,
S2,2009,05-09,
S2,2009,10-14,
S2,2009,15-19,
S2,2009,20-24,
S2,2009,25-29,
S2,2009,30-34,
S2,2009,35-39,
S2,2009,40-44,
S2,2009,45-49,
S2,2009,50-54,
S2,2009,55-59,
S2,2009,60-64,
S2,2009,65-69,
S2,2009,70-74,
S2,2009,75+,
S2,2009,0-8,
S2,2009,9-14,
S2,2009,0-17,159822805.87376812
S2,2009,18-29,116786830.33145508
S2,2009,30-65,252304345.90838253
S2,2009,66+,43872749.95061457
S2,2009,15-26,
S2,2009,27-45,
S2,2009,46-65,
S2,2010,00-04,
S2,2010,05-09,
S2,2010,10-14,
S2,2010,15-19,
S2,2010,20-24,
S2,2010,25-29,
S2,2010,30-34,
S2,2010,35-39,
S2,2010,40-44,
S2,2010,45-49,
S2,2010,50-54,
S2,2010,55-59,
S2,2010,60-64,
S2,2010,65-69,
S2,2010,70-74,
S2,2010,75+,
S2,2010,0-8,
S2,2010,9-14,
S2,2010,0-17,162204172.9689169
S2,2010,18-29,118526959.42866105
S2,2010,30-65,256063692.1670373
S2,2010,66+,44526455.925396204
S2,2010,15-26,
S2,2010,27-45,
S2,2010,46-65,
S2,2011,00-04,
S2,2011,05-09,
S2,2011,10-14,
S2,2011,15-19,
S2,2011,20-24,
S2,2011,25-29,
S2,2011,30-34,
S2,2011,35-39,
S2,2011,40-44,
S2,2011,45-49,
S2,2011,50-54,
S2,2011,55-59,
S2,2011,60-64,
S2,2011,65-69,
S2,2011,70-74,
S2,2011,75+,
S2,2011,0-8,
S2,2011,9-14,
S2,2011,0-17,164583194.95726922
S2,2011,18-29,120265374.89314708
S2,2011,30-65,259819336.32177067
S2,2011,66+,45179518.147970915
S2,2011,15-26,
S2,2011,27-45,
S2,2011,46-65,
S2,2012,00-04,
S2,2012,05-09,
S2,2012,10-14,
S2,2012,15-19,
S2,2012,20-24,
S2,2012,25-29,
S2,2012,30-34,
S2,2012,35-39,
S2,2012,40-44,
S2,2012,45-49,
S2,2012,50-54,
S2,2012,55-59,
S2,2012,60-64,
S2,2012,65-69,
S2,2012,70-74,
S2,2012,75+,
S2,2012,0-8,
S2,2012,9-14,
S2,2012,0-17,166913051.0754085
S2,2012,18-29,121967863.5316005
S2,2012,30-65,263497364.75290745
S2,2012,66+,45819083.9116503
S2,2012,15-26,
S2,2012,27-45,
S2,2012,46-65,
S2,2013,00-04,
S2,2013,05-09,
S2,2013,10-14,
S2,2013,15-19,
S2,2013,20-24,
S2,2013,25-29,
S2,2013,30-34,
S2,2013,35-39,
S2,2013,40-44,
S2,2013,45-49,
S2,2013,50-54,
S2,2013,55-59,
S2,2013,60-64,
S2,2013,65-69,
S2,2013,70-74,
S2,2013,75+,
S2,2013,0-8,
S2,2013,9-14,
S2,2013,0-17,169292182.71452212
S2,2013,18-29,123669484.00996941
S2,2013,30-65,267014678.82340318
S2,2013,66+,46415841.50507069
S2,2013,15-26,
S2,2013,27-45,
S2,2013,46-65,
S2,2014,00-04,
S2,2014,05-09,
S2,2014,10-14,
S2,2014,15-19,
S2,2014,20-24,
S2,2014,25-29,
S2,2014,30-34,
S2,2014,35-39,
S2,2014,40-44,
S2,2014,45-49,
S2,2014,50-54,
S2,2014,55-59,
S2,2014,60-64,
S2,2014,65-69,
S2,2014,70-74,
S2,2014,75+,
S2,2014,0-8,
S2,2014,9-14,
S2,2014,0-17,171673827.1230179
S2,2014,18-29,125372889.12531334
S2,2014,30-65,270536198.20242935
S2,2014,66+,47013398.70987117
S2,2014,15-26,
S2,2014,27-45,
S2,2014,46-65,
S2,2015,00-04,
S2,2015,05-09,
S2,2015,10-14,
S2,2015,15-19,
S2,2015,20-24,
S2,2015,25-29,
S2,2015,30-34,
S2,2015,35-39,
S2,2015,40-44,
S2,2015,45-49,
S2,2015,50-54,
S2,2015,55-59,
S2,2015,60-64,
S2,2015,65-69,
S2,2015,70-74,
S2,2015,75+,
S2,2015,0-8,
S2,2015,9-14,
S2,2015,0-17,174057225.50364405
S2,2015,18-29,127077747.43988878
S2,2015,30-65,274062086.62756264
S2,2015,66+,47611840.18918276
S2,2015,15-26,
S2,2015,27-45,
S2,2015,46-65,
S2,2016,00-04,
S2,2016,05-09,
S2,2016,10-14,
S2,2016,15-19,
S2,2016,20-24,
S2,2016,25-29,
S2,2016,30-34,
S2,2016,35-39,
S2,2016,40-44,
S2,2016,45-49,
S2,2016,50-54,
S2,2016,55-59,
S2,2016,60-64,
S2,2016,65-69,
S2,2016,70-74,
S2,2016,75+,
S2,2016,0-8,
S2,2016,9-14,
S2,2016,0-17,176377590.68354997
S2,2016,18-29,128737326.56025782
S2,2016,30-65,277494199.4547831
S2,2016,66+,48194170.61755955
S2,2016,15-26,
S2,2016,27-45,
S2,2016,46-65,
S2,2017,00-04,
S2,2017,05-09,
S2,2017,10-14,
S2,2017,15-19,
S2,2017,20-24,
S2,2017,25-29,
S2,2017,30-34,
S2,2017,35-39,
S2,2017,40-44,
S2,2017,45-49,
S2,2017,50-54,
S2,2017,55-59,
S2,2017,60-64,
S2,2017,65-69,
S2,2017,70-74,
S2,2017,75+,
S2,2017,0-8,
S2,2017,9-14,
S2,2017,0-17,178568899.82650897
S2,2017,18-29,130304348.71492389
S2,2017,30-65,280733309.22223365
S2,2017,66+,48743231.92036772
S2,2017,15-26,
S2,2017,27-45,
S2,2017,46-65,
S2,2018,00-04,
S2,2018,05-09,
S2,2018,10-14,
S2,2018,15-19,
S2,2018,20-24,
S2,2018,25-29,
S2,2018,30-34,
S2,2018,35-39,
S2,2018,40-44,
S2,2018,45-49,
S2,2018,50-54,
S2,2018,55-59,
S2,2018,60-64,
S2,2018,65-69,
S2,2018,70-74,
S2,2018,75+,
S2,2018,0-8,
S2,2018,9-14,
S2,2018,0-17,180760800.3069304
S2,2018,18-29,131871885.91064575
S2,2018,30-65,283974757.8767662
S2,2018,66+,49292860.94123304
S2,2018,15-26,
S2,2018,27-45,
S2,2018,46-65,
S2,2019,00-04,
S2,2019,05-09,
S2,2019,10-14,
S2,2019,15-19,
S2,2019,20-24,
S2,2019,25-29,
S2,2019,30-34,
S2,2019,35-39,
S2,2019,40-44,
S2,2019,45-49,
S2,2019,50-54,
S2,2019,55-59,
S2,2019,60-64,
S2,2019,65-69,
S2,2019,70-74,
S2,2019,75+,
S2,2019,0-8,
S2,2019,9-14,
S2,2019,0-17,182956884.8902842
S2,2019,18-29,133442448.62793127
S2,2019,30-65,287223044.8385821
S2,2019,66+,49843634.17103517
S2,2019,15-26,
S2,2019,27-45,
S2,2019,46-65,
S2,2020,00-04,
S2,2020,05-09,
S2,2020,10-14,
S2,2020,15-19,
S2,2020,20-24,
S2,2020,25-29,
S2,2020,30-34,
S2,2020,35-39,
S2,2020,40-44,
S2,2020,45-49,
S2,2020,50-54,
S2,2020,55-59,
S2,2020,60-64,
S2,2020,65-69,
S2,2020,70-74,
S2,2020,75+,
S2,2020,0-8,
S2,2020,9-14,
S2,2020,0-17,185155237.51119348
S2,2020,18-29,135014915.15525374
S2,2020,30-65,290477256.85846025
S2,2020,66+,50395703.473320365
S2,2020,15-26,
S2,2020,27-45,
S2,2020,46-65,
S2,2021,00-04,
S2,2021,05-09,
S2,2021,10-14,
S2,2021,15-19,
S2,2021,20-24,
S2,2021,25-29,
S2,2021,30-34,
S2,2021,35-39,
S2,2021,40-44,
S2,2021,45-49,
S2,2021,50-54,
S2,2021,55-59,
S2,2021,60-64,
S2,2021,65-69,
S2,2021,70-74,
S2,2021,75+,
S2,2021,0-8,
S2,2021,9-14,
S2,2021,0-17,187287306.90097573
S2,2021,18-29,136538743.21988782
S2,2021,30-65,293627215.76041675
S2,2021,66+,50929838.70685446
S2,2021,15-26,
S2,2021,27-45,
S2,2021,46-65,
S2,2022,00-04,
S2,2022,05-09,
S2,2022,10-14,
S2,2022,15-19,
S2,2022,20-24,
S2,2022,25-29,
S2,2022,30-34,
S2,2022,35-39,
S2,2022,40-44,
S2,2022,45-49,
S2,2022,50-54,
S2,2022,55-59,
S2,2022,60-64,
S2,2022,65-69,
S2,2022,70-74,
S2,2022,75+,
S2,2022,0-8,
S2,2022,9-14,
S2,2022,0-17,189282608.8349003
S2,2022,18-29,137962355.49878213
S2,2022,30-65,296561570.01878417
S2,2022,66+,51426969.83312905
S2,2022,15-26,
S2,2022,27-45,
S2,2022,46-65,
S2,2023,00-04,
S2,2023,05-09,
S2,2023,10-14,
S2,2023,15-19,
S2,2023,20-24,
S2,2023,25-29,
S2,2023,30-34,
S2,2023,35-39,
S2,2023,40-44,
S2,2023,45-49,
S2,2023,50-54,
S2,2023,55-59,
S2,2023,60-64,
S2,2023,65-69,
S2,2023,70-74,
S2,2023,75+,
S2,2023,0-8,
S2,2023,9-14,
S2,2023,0-17,191280468.8183963
S2,2023,18-29,139387814.298637
S2,2023,30-65,299501385.2396876
S2,2023,66+,51925203.85489261
S2,2023,15-26,
S2,2023,27-45,
S2,2023,46-65,
S2,2024,00-04,
S2,2024,05-09,
S2,2024,10-14,
S2,2024,15-19,
S2,2024,20-24,
S2,2024,25-29,
S2,2024,30-34,
S2,2024,35-39,
S2,2024,40-44,
S2,2024,45-49,
S2,2024,50-54,
S2,2024,55-59,
S2,2024,60-64,
S2,2024,65-69,
S2,2024,70-74,
S2,2024,75+,
S2,2024,0-8,
S2,2024,9-14,
S2,2024,0-17,193282297.8999159
S2,2024,18-29,140816211.36223385
S2,2024,30-65,302448176.301027
S2,2024,66+,52424736.664501786
S2,2024,15-26,
S2,2024,27-45,
S2,2024,46-65,
S2,2025,00-04,
S2,2025,05-09,
S2,2025,10-14,
S2,2025,15-19,
S2,2025,20-24,
S2,2025,25-29,
S2,2025,30-34,
S2,2025,35-39,
S2,2025,40-44,
S2,2025,45-49,
S2,2025,50-54,
S2,2025,55-59,
S2,2025,60-64,
S2,2025,65-69,
S2,2025,70-74,
S2,2025,75+,
S2,2025,0-8,
S2,2025,9-14,
S2,2025,0-17,195286505.1755244
S2,2025,18-29,142246513.8293031
S2,2025,30-65,305400105.02215016
S2,2025,66+,52925229.0760411
S2,2025,15-26,
S2,2025,27-45,
S2,2025,46-65,
S2,2026,00-04,
S2,2026,05-09,
S2,2026,10-14,
S2,2026,15-19,
S2,2026,20-24,
S2,2026,25-29,
S2,2026,30-34,
S2,2026,35-39,
S2,2026,40-44,
S2,2026,45-49,
S2,2026,50-54,
S2,2026,55-59,
S2,2026,60-64,
S2,2026,65-69,
S2,2026,70-74,
S2,2026,75+,
S2,2026,0-8,
S2,2026,9-14,
S2,2026,0-17,197210894.51484424
S2,2026,18-29,143619622.05027103
S2,2026,30-65,308233920.25451547
S2,2026,66+,53405766.79453397
S2,2026,15-26,
S2,2026,27-45,
S2,2026,46-65,
S2,2027,00-04,
S2,2027,05-09,
S2,2027,10-14,
S2,2027,15-19,
S2,2027,20-24,
S2,2027,25-29,
S2,2027,30-34,
S2,2027,35-39,
S2,2027,40-44,
S2,2027,45-49,
S2,2027,50-54,
S2,2027,55-59,
S2,2027,60-64,
S2,2027,65-69,
S2,2027,70-74,
S2,2027,75+,
S2,2027,0-8,
S2,2027,9-14,
S2,2027,0-17,198972284.0915982
S2,2027,18-29,144875828.3813901
S2,2027,30-65,310824443.1558586
S2,2027,66+,53844946.33871138
S2,2027,15-26,
S2,2027,27-45,
S2,2027,46-65,
S2,2028,00-04,
S2,2028,05-09,
S2,2028,10-14,
S2,2028,15-19,
S2,2028,20-24,
S2,2028,25-29,
S2,2028,30-34,
S2,2028,35-39,
S2,2028,40-44,
S2,2028,45-49,
S2,2028,50-54,
S2,2028,55-59,
S2,2028,60-64,
S2,2028,65-69,
S2,2028,70-74,
S2,2028,75+,
S2,2028,0-8,
S2,2028,9-14,
S2,2028,0-17,200735478.67265394
S2,2028,18-29,146133358.12863722
S2,2028,30-65,313419003.8289773
S2,2028,66+,54284985.98877156
S2,2028,15-26,
S2,2028,27-45,
S2,2028,46-65,
S2,2029,00-04,
S2,2029,05-09,
S2,2029,10-14,
S2,2029,15-19,
S2,2029,20-24,
S2,2029,25-29,
S2,2029,30-34,
S2,2029,35-39,
S2,2029,40-44,
S2,2029,45-49,
S2,2029,50-54,
S2,2029,55-59,
S2,2029,60-64,
S2,2029,65-69,
S2,2029,70-74,
S2,2029,75+,
S2,2029,0-8,
S2,2029,9-14,
S2,2029,0-17,202502625.21108586
S2,2029,18-29,147393997.6885131
S2,2029,30-65,316021332.9615767
S2,2029,66+,54726449.661729455
S2,2029,15-26,
S2,2029,27-45,
S2,2029,46-65,
S2,2030,00-04,
S2,2030,05-09,
S2,2030,10-14,
S2,2030,15-19,
S2,2030,20-24,
S2,2030,25-29,
S2,2030,30-34,
S2,2030,35-39,
S2,2030,40-44,
S2,2030,45-49,
S2,2030,50-54,
S2,2030,55-59,
S2,2030,60-64,
S2,2030,65-69,
S2,2030,70-74,
S2,2030,75+,
S2,2030,0-8,
S2,2030,9-14,
S2,2030,0-17,204273872.88166073
S2,2030,18-29,148657537.3348901
S2,2030,30-65,318630832.04315114
S2,2030,66+,55169220.54210985
S2,2030,15-26,
S2,2030,27-45,
S2,2030,46-65,
S2,2031,00-04,
S2,2031,05-09,
S2,2031,10-14,
S2,2031,15-19,
S2,2031,20-24,
S2,2031,25-29,
S2,2031,30-34,
S2,2031,35-39,
S2,2031,40-44,
S2,2031,45-49,
S2,2031,50-54,
S2,2031,55-59,
S2,2031,60-64,
S2,2031,65-69,
S2,2031,70-74,
S2,2031,75+,
S2,2031,0-8,
S2,2031,9-14,
S2,2031,0-17,205960403.63839638
S2,2031,18-29,149860737.599649
S2,2031,30-65,321117890.6753494
S2,2031,66+,55591445.326402426
S2,2031,15-26,
S2,2031,27-45,
S2,2031,46-65,
S2,2032,00-04,
S2,2032,05-09,
S2,2032,10-14,
S2,2032,15-19,
S2,2032,20-24,
S2,2032,25-29,
S2,2032,30-34,
S2,2032,35-39,
S2,2032,40-44,
S2,2032,45-49,
S2,2032,50-54,
S2,2032,55-59,
S2,2032,60-64,
S2,2032,65-69,
S2,2032,70-74,
S2,2032,75+,
S2,2032,0-8,
S2,2032,9-14,
S2,2032,0-17,207476402.50703686
S2,2032,18-29,150942153.9817468
S2,2032,30-65,323354999.8996847
S2,2032,66+,55971337.9868561
S2,2032,15-26,
S2,2032,27-45,
S2,2032,46-65,
S2,2033,00-04,
S2,2033,05-09,
S2,2033,10-14,
S2,2033,15-19,
S2,2033,20-24,
S2,2033,25-29,
S2,2033,30-34,
S2,2033,35-39,
S2,2033,40-44,
S2,2033,45-49,
S2,2033,50-54,
S2,2033,55-59,
S2,2033,60-64,
S2,2033,65-69,
S2,2033,70-74,
S2,2033,75+,
S2,2033,0-8,
S2,2033,9-14,
S2,2033,0-17,208994297.49902517
S2,2033,18-29,152024935.13665253
S2,2033,30-65,325596996.1516708
S2,2033,66+,56352277.635246634
S2,2033,15-26,
S2,2033,27-45,
S2,2033,46-65,
S2,2034,00-04,
S2,2034,05-09,
S2,2034,10-14,
S2,2034,15-19,
S2,2034,20-24,
S2,2034,25-29,
S2,2034,30-34,
S2,2034,35-39,
S2,2034,40-44,
S2,2034,45-49,
S2,2034,50-54,
S2,2034,55-59,
S2,2034,60-64,
S2,2034,65-69,
S2,2034,70-74,
S2,2034,75+,
S2,2034,0-8,
S2,2034,9-14,
S2,2034,0-17,210516379.5544652
S2,2034,18-29,153111132.41553643
S2,2034,30-65,327847267.54051346
S2,2034,66+,56734771.050510764
S2,2034,15-26,
S2,2034,27-45,
S2,2034,46-65,
S2,2035,00-04,
S2,2035,05-09,
S2,2035,10-14,
S2,2035,15-19,
S2,2035,20-24,
S2,2035,25-29,
S2,2035,30-34,
S2,2035,35-39,
S2,2035,40-44,
S2,2035,45-49,
S2,2035,50-54,
S2,2035,55-59,
S2,2035,60-64,
S2,2035,65-69,
S2,2035,70-74,
S2,2035,75+,
S2,2035,0-8,
S2,2035,9-14,
S2,2035,0-17,212041408.58205372
S2,2035,18-29,154199291.23627216
S2,2035,30-65,330102441.9479674
S2,2035,66+,57118128.24426055
S2,2035,15-26,
S2,2035,27-45,
S2,2035,46-65,
S2,2036,00-04,
S2,2036,05-09,
S2,2036,10-14,
S2,2036,15-19,
S2,2036,20-24,
S2,2036,25-29,
S2,2036,30-34,
S2,2036,35-39,
S2,2036,40-44,
S2,2036,45-49,
S2,2036,50-54,
S2,2036,55-59,
S2,2036,60-64,
S2,2036,65-69,
S2,2036,70-74,
S2,2036,75+,
S2,2036,0-8,
S2,2036,9-14,
S2,2036,0-17,213570266.33072788
S2,2036,18-29,155290424.14942044
S2,2036,30-65,332366049.522164
S2,2036,66+,57503191.85206926
S2,2036,15-26,
S2,2036,27-45,
S2,2036,46-65,
S2,2037,00-04,
S2,2037,05-09,
S2,2037,10-14,
S2,2037,15-19,
S2,2037,20-24,
S2,2037,25-29,
S2,2037,30-34,
S2,2037,35-39,
S2,2037,40-44,
S2,2037,45-49,
S2,2037,50-54,
S2,2037,55-59,
S2,2037,60-64,
S2,2037,65-69,
S2,2037,70-74,
S2,2037,75+,
S2,2037,0-8,
S2,2037,9-14,
S2,2037,0-17,214944511.0562395
S2,2037,18-29,156289659.90436083
S2,2037,30-65,334504700.6478203
S2,2037,66+,57873203.368468404
S2,2037,15-26,
S2,2037,27-45,
S2,2037,46-65,
S2,2038,00-04,
S2,2038,05-09,
S2,2038,10-14,
S2,2038,15-19,
S2,2038,20-24,
S2,2038,25-29,
S2,2038,30-34,
S2,2038,35-39,
S2,2038,40-44,
S2,2038,45-49,
S2,2038,50-54,
S2,2038,55-59,
S2,2038,60-64,
S2,2038,65-69,
S2,2038,70-74,
S2,2038,75+,
S2,2038,0-8,
S2,2038,9-14,
S2,2038,0-17,216259959.6804662
S2,2038,18-29,157246144.05504593
S2,2038,30-65,336551851.0779581
S2,2038,66+,58227384.2004261
S2,2038,15-26,
S2,2038,27-45,
S2,2038,46-65,
S2,2039,00-04,
S2,2039,05-09,
S2,2039,10-14,
S2,2039,15-19,
S2,2039,20-24,
S2,2039,25-29,
S2,2039,30-34,
S2,2039,35-39,
S2,2039,40-44,
S2,2039,45-49,
S2,2039,50-54,
S2,2039,55-59,
S2,2039,60-64,
S2,2039,65-69,
S2,2039,70-74,
S2,2039,75+,
S2,2039,0-8,
S2,2039,9-14,
S2,2039,0-17,217517125.04552522
S2,2039,18-29,158160249.497344
S2,2039,30-65,338508298.91669285
S2,2039,66+,58565872.42923617
S2,2039,15-26,
S2,2039,27-45,
S2,2039,46-65,
S2,2040,00-04,
S2,2040,05-09,
S2,2040,10-14,
S2,2040,15-19,
S2,2040,20-24,
S2,2040,25-29,
S2,2040,30-34,
S2,2040,35-39,
S2,2040,40-44,
S2,2040,45-49,
S2,2040,50-54,
S2,2040,55-59,
S2,2040,60-64,
S2,2040,65-69,
S2,2040,70-74,
S2,2040,75+,
S2,2040,0-8,
S2,2040,9-14,
S2,2040,0-17,218719917.7804694
S2,2040,18-29,159034819.71342483
S2,2040,30-65,340380130.0314617
S2,2040,66+,58889720.98074138
S2,2040,15-26,
S2,2040,27-45,
S2,2040,46-65,
S2,2041,00-04,
S2,2041,05-09,
S2,2041,10-14,
S2,2041,15-19,
S2,2041,20-24,
S2,2041,25-29,
S2,2041,30-34,
S2,2041,35-39,
S2,2041,40-44,
S2,2041,45-49,
S2,2041,50-54,
S2,2041,55-59,
S2,2041,60-64,
S2,2041,65-69,
S2,2041,70-74,
S2,2041,75+,
S2,2041,0-8,
S2,2041,9-14,
S2,2041,0-17,219871158.23973116
S2,2041,18-29,159871905.42899868
S2,2041,30-65,342171733.56349295
S2,2041,66+,59199689.22741771
S2,2041,15-26,
S2,2041,27-45,
S2,2041,46-65,
S2,2042,00-04,
S2,2042,05-09,
S2,2042,10-14,
S2,2042,15-19,
S2,2042,20-24,
S2,2042,25-29,
S2,2042,30-34,
S2,2042,35-39,
S2,2042,40-44,
S2,2042,45-49,
S2,2042,50-54,
S2,2042,55-59,
S2,2042,60-64,
S2,2042,65-69,
S2,2042,70-74,
S2,2042,75+,
S2,2042,0-8,
S2,2042,9-14,
S2,2042,0-17,220966884.5100464
S2,2042,18-29,160668625.87230894
S2,2042,30-65,343876943.83493745
S2,2042,66+,59494710.43529379
S2,2042,15-26,
S2,2042,27-45,
S2,2042,46-65,
S2,2043,00-04,
S2,2043,05-09,
S2,2043,10-14,
S2,2043,15-19,
S2,2043,20-24,
S2,2043,25-29,
S2,2043,30-34,
S2,2043,35-39,
S2,2043,40-44,
S2,2043,45-49,
S2,2043,50-54,
S2,2043,55-59,
S2,2043,60-64,
S2,2043,65-69,
S2,2043,70-74,
S2,2043,75+,
S2,2043,0-8,
S2,2043,9-14,
S2,2043,0-17,222004651.58196962
S2,2043,18-29,161423203.23710793
S2,2043,30-65,345491955.8304984
S2,2043,66+,59774126.292472124
S2,2043,15-26,
S2,2043,27-45,
S2,2043,46-65,
S2,2044,00-04,
S2,2044,05-09,
S2,2044,10-14,
S2,2044,15-19,
S2,2044,20-24,
S2,2044,25-29,
S2,2044,30-34,
S2,2044,35-39,
S2,2044,40-44,
S2,2044,45-49,
S2,2044,50-54,
S2,2044,55-59,
S2,2044,60-64,
S2,2044,65-69,
S2,2044,70-74,
S2,2044,75+,
S2,2044,0-8,
S2,2044,9-14,
S2,2044,0-17,222983303.7588594
S2,2044,18-29,162134797.1975174
S2,2044,30-65,347014971.01176643
S2,2044,66+,60037625.630891085
S2,2044,15-26,
S2,2044,27-45,
S2,2044,46-65,
S2,2045,00-04,
S2,2045,05-09,
S2,2045,10-14,
S2,2045,15-19,
S2,2045,20-24,
S2,2045,25-29,
S2,2045,30-34,
S2,2045,35-39,
S2,2045,40-44,
S2,2045,45-49,
S2,2045,50-54,
S2,2045,55-59,
S2,2045,60-64,
S2,2045,65-69,
S2,2045,70-74,
S2,2045,75+,
S2,2045,0-8,
S2,2045,9-14,
S2,2045,0-17,223910917.33382007
S2,2045,18-29,162809280.157984
S2,2045,30-65,348458558.0086351
S2,2045,66+,60287382.96969104
S2,2045,15-26,
S2,2045,27-45,
S2,2045,46-65,
S2,2046,00-04,
S2,2046,05-09,
S2,2046,10-14,
S2,2046,15-19,
S2,2046,20-24,
S2,2046,25-29,
S2,2046,30-34,
S2,2046,35-39,
S2,2046,40-44,
S2,2046,45-49,
S2,2046,50-54,
S2,2046,55-59,
S2,2046,60-64,
S2,2046,65-69,
S2,2046,70-74,
S2,2046,75+,
S2,2046,0-8,
S2,2046,9-14,
S2,2046,0-17,224783487.42573413
S2,2046,18-29,163443740.10412458
S2,2046,30-65,349816484.27507305
S2,2046,66+,60522320.00592625
S2,2046,15-26,
S2,2046,27-45,
S2,2046,46-65,
S2,2047,00-04,
S2,2047,05-09,
S2,2047,10-14,
S2,2047,15-19,
S2,2047,20-24,
S2,2047,25-29,
S2,2047,30-34,
S2,2047,35-39,
S2,2047,40-44,
S2,2047,45-49,
S2,2047,50-54,
S2,2047,55-59,
S2,2047,60-64,
S2,2047,65-69,
S2,2047,70-74,
S2,2047,75+,
S2,2047,0-8,
S2,2047,9-14,
S2,2047,0-17,225601516.61987635
S2,2047,18-29,164038542.4738901
S2,2047,30-65,351089531.9531138
S2,2047,66+,60742572.05926466
S2,2047,15-26,
S2,2047,27-45,
S2,2047,46-65,
S2,2048,00-04,
S2,2048,05-09,
S2,2048,10-14,
S2,2048,15-19,
S2,2048,20-24,
S2,2048,25-29,
S2,2048,30-34,
S2,2048,35-39,
S2,2048,40-44,
S2,2048,45-49,
S2,2048,50-54,
S2,2048,55-59,
S2,2048,60-64,
S2,2048,65-69,
S2,2048,70-74,
S2,2048,75+,
S2,2048,0-8,
S2,2048,9-14,
S2,2048,0-17,226363651.56748128
S2,2048,18-29,164592703.22531873
S2,2048,30-65,352275594.91070706
S2,2048,66+,60947774.74436796
S2,2048,15-26,
S2,2048,27-45,
S2,2048,46-65,
S2,2049,00-04,
S2,2049,05-09,
S2,2049,10-14,
S2,2049,15-19,
S2,2049,20-24,
S2,2049,25-29,
S2,2049,30-34,
S2,2049,35-39,
S2,2049,40-44,
S2,2049,45-49,
S2,2049,50-54,
S2,2049,55-59,
S2,2049,60-64,
S2,2049,65-69,
S2,2049,70-74,
S2,2049,75+,
S2,2049,0-8,
S2,2049,9-14,
S2,2049,0-17,227072389.94826576
S2,2049,18-29,165108038.46207204
S2,2049,30-65,353378560.1306001
S2,2049,66+,61138600.5544554
S2,2049,15-26,
S2,2049,27-45,
S2,2049,46-65,
S2,2050,00-04,
S2,2050,05-09,
S2,2050,10-14,
S2,2050,15-19,
S2,2050,20-24,
S2,2050,25-29,
S2,2050,30-34,
S2,2050,35-39,
S2,2050,40-44,
S2,2050,45-49,
S2,2050,50-54,
S2,2050,55-59,
S2,2050,60-64,
S2,2050,65-69,
S2,2050,70-74,
S2,2050,75+,
S2,2050,0-8,
S2,2050,9-14,
S2,2050,0-17,227732269.16751325
S2,2050,18-29,165587847.40554
S2,2050,30-65,354405488.8928813
S2,2050,66+,61316271.17310238
S2,2050,15-26,
S2,2050,27-45,
S2,2050,46-65,
S2,2051,00-04,
S2,2051,05-09,
S2,2051,10-14,
S2,2051,15-19,
S2,2051,20-24,
S2,2051,25-29,
S2,2051,30-34,
S2,2051,35-39,
S2,2051,40-44,
S2,2051,45-49,
S2,2051,50-54,
S2,2051,55-59,
S2,2051,60-64,
S2,2051,65-69,
S2,2051,70-74,
S2,2051,75+,
S2,2051,0-8,
S2,2051,9-14,
S2,2051,0-17,228346395.66239434
S2,2051,18-29,166034388.796858
S2,2051,30-65,355361215.55145276
S2,2051,66+,61481622.99975574
S2,2051,15-26,
S2,2051,27-45,
S2,2051,46-65,
S2,2052,00-04,
S2,2052,05-09,
S2,2052,10-14,
S2,2052,15-19,
S2,2052,20-24,
S2,2052,25-29,
S2,2052,30-34,
S2,2052,35-39,
S2,2052,40-44,
S2,2052,45-49,
S2,2052,50-54,
S2,2052,55-59,
S2,2052,60-64,
S2,2052,65-69,
S2,2052,70-74,
S2,2052,75+,
S2,2052,0-8,
S2,2052,9-14,
S2,2052,0-17,228912526.23376715
S2,2052,18-29,166446031.5693416
S2,2052,30-65,356242249.15577275
S2,2052,66+,61634052.059372544
S2,2052,15-26,
S2,2052,27-45,
S2,2052,46-65,
S2,2053,00-04,
S2,2053,05-09,
S2,2053,10-14,
S2,2053,15-19,
S2,2053,20-24,
S2,2053,25-29,
S2,2053,30-34,
S2,2053,35-39,
S2,2053,40-44,
S2,2053,45-49,
S2,2053,50-54,
S2,2053,55-59,
S2,2053,60-64,
S2,2053,65-69,
S2,2053,70-74,
S2,2053,75+,
S2,2053,0-8,
S2,2053,9-14,
S2,2053,0-17,229430784.24095172
S2,2053,18-29,166822865.41956443
S2,2053,30-65,357048781.6822361
S2,2053,66+,61773591.56610274
S2,2053,15-26,
S2,2053,27-45,
S2,2053,46-65,
S2,2054,00-04,
S2,2054,05-09,
S2,2054,10-14,
S2,2054,15-19,
S2,2054,20-24,
S2,2054,25-29,
S2,2054,30-34,
S2,2054,35-39,
S2,2054,40-44,
S2,2054,45-49,
S2,2054,50-54,
S2,2054,55-59,
S2,2054,60-64,
S2,2054,65-69,
S2,2054,70-74,
S2,2054,75+,
S2,2054,0-8,
S2,2054,9-14,
S2,2054,0-17,229904182.70068976
S2,2054,18-29,167167081.16114417
S2,2054,30-65,357785502.10037386
S2,2054,66+,61901052.76620579
S2,2054,15-26,
S2,2054,27-45,
S2,2054,46-65,
S2,2055,00-04,
S2,2055,05-09,
S2,2055,10-14,
S2,2055,15-19,
S2,2055,20-24,
S2,2055,25-29,
S2,2055,30-34,
S2,2055,35-39,
S2,2055,40-44,
S2,2055,45-49,
S2,2055,50-54,
S2,2055,55-59,
S2,2055,60-64,
S2,2055,65-69,
S2,2055,70-74,
S2,2055,75+,
S2,2055,0-8,
S2,2055,9-14,
S2,2055,0-17,230322987.03796056
S2,2055,18-29,167471600.6258045
S2,2055,30-65,358437261.09984946
S2,2055,66+,62013814.65281248
S2,2055,15-26,
S2,2055,27-45,
S2,2055,46-65,
S2,2056,00-04,
S2,2056,05-09,
S2,2056,10-14,
S2,2056,15-19,
S2,2056,20-24,
S2,2056,25-29,
S2,2056,30-34,
S2,2056,35-39,
S2,2056,40-44,
S2,2056,45-49,
S2,2056,50-54,
S2,2056,55-59,
S2,2056,60-64,
S2,2056,65-69,
S2,2056,70-74,
S2,2056,75+,
S2,2056,0-8,
S2,2056,9-14,
S2,2056,0-17,230699885.79838002
S2,2056,18-29,167745649.862023
S2,2056,30-65,359023805.0707054
S2,2056,66+,62115293.581043124
S2,2056,15-26,
S2,2056,27-45,
S2,2056,46-65,
S2,2057,00-04,
S2,2057,05-09,
S2,2057,10-14,
S2,2057,15-19,
S2,2057,20-24,
S2,2057,25-29,
S2,2057,30-34,
S2,2057,35-39,
S2,2057,40-44,
S2,2057,45-49,
S2,2057,50-54,
S2,2057,55-59,
S2,2057,60-64,
S2,2057,65-69,
S2,2057,70-74,
S2,2057,75+,
S2,2057,0-8,
S2,2057,9-14,
S2,2057,0-17,231030682.5473694
S2,2057,18-29,167986177.57377037
S2,2057,30-65,359538603.36423826
S2,2057,66+,62204359.67272353
S2,2057,15-26,
S2,2057,27-45,
S2,2057,46-65,
S2,2058,00-04,
S2,2058,05-09,
S2,2058,10-14,
S2,2058,15-19,
S2,2058,20-24,
S2,2058,25-29,
S2,2058,30-34,
S2,2058,35-39,
S2,2058,40-44,
S2,2058,45-49,
S2,2058,50-54,
S2,2058,55-59,
S2,2058,60-64,
S2,2058,65-69,
S2,2058,70-74,
S2,2058,75+,
S2,2058,0-8,
S2,2058,9-14,
S2,2058,0-17,231320086.8388365
S2,2058,18-29,168196608.1545096
S2,2058,30-65,359988985.1646745
S2,2058,66+,62282280.9619596
S2,2058,15-26,
S2,2058,27-45,
S2,2058,46-65,
S2,2059,00-04,
S2,2059,05-09,
S2,2059,10-14,
S2,2059,15-19,
S2,2059,20-24,
S2,2059,25-29,
S2,2059,30-34,
S2,2059,35-39,
S2,2059,40-44,
S2,2059,45-49,
S2,2059,50-54,
S2,2059,55-59,
S2,2059,60-64,
S2,2059,65-69,
S2,2059,70-74,
S2,2059,75+,
S2,2059,0-8,
S2,2059,9-14,
S2,2059,0-17,231562317.97187853
S2,2059,18-29,168372738.3623262
S2,2059,30-65,360365954.3287049
S2,2059,66+,62347501.011338115
S2,2059,15-26,
S2,2059,27-45,
S2,2059,46-65,
S2,2060,00-04,
S2,2060,05-09,
S2,2060,10-14,
S2,2060,15-19,
S2,2060,20-24,
S2,2060,25-29,
S2,2060,30-34,
S2,2060,35-39,
S2,2060,40-44,
S2,2060,45-49,
S2,2060,50-54,
S2,2060,55-59,
S2,2060,60-64,
S2,2060,65-69,
S2,2060,70-74,
S2,2060,75+,
S2,2060,0-8,
S2,2060,9-14,
S2,2060,0-17,231758595.12467465
S2,2060,18-29,168515454.6815602
S2,2060,30-65,360671408.1870866
S2,2060,66+,62400348.08114469
S2,2060,15-26,
S2,2060,27-45,
S2,2060,46-65,
S2,2061,00-04,
S2,2061,05-09,
S2,2061,10-14,
S2,2061,15-19,
S2,2061,20-24,
S2,2061,25-29,
S2,2061,30-34,
S2,2061,35-39,
S2,2061,40-44,
S2,2061,45-49,
S2,2061,50-54,
S2,2061,55-59,
S2,2061,60-64,
S2,2061,65-69,
S2,2061,70-74,
S2,2061,75+,
S2,2061,0-8,
S2,2061,9-14,
S2,2061,0-17,231907707.9898282
S2,2061,18-29,168623877.07796243
S2,2061,30-65,360903463.2141063
S2,2061,66+,62440496.29952681
S2,2061,15-26,
S2,2061,27-45,
S2,2061,46-65,
S2,2062,00-04,
S2,2062,05-09,
S2,2062,10-14,
S2,2062,15-19,
S2,2062,20-24,
S2,2062,25-29,
S2,2062,30-34,
S2,2062,35-39,
S2,2062,40-44,
S2,2062,45-49,
S2,2062,50-54,
S2,2062,55-59,
S2,2062,60-64,
S2,2062,65-69,
S2,2062,70-74,
S2,2062,75+,
S2,2062,0-8,
S2,2062,9-14,
S2,2062,0-17,232002994.05520672
S2,2062,18-29,168693161.13029045
S2,2062,30-65,361051750.9587841
S2,2062,66+,62466151.803883314
S2,2062,15-26,
S2,2062,27-45,
S2,2062,46-65,
S2,2063,00-04,
S2,2063,05-09,
S2,2063,10-14,
S2,2063,15-19,
S2,2063,20-24,
S2,2063,25-29,
S2,2063,30-34,
S2,2063,35-39,
S2,2063,40-44,
S2,2063,45-49,
S2,2063,50-54,
S2,2063,55-59,
S2,2063,60-64,
S2,2063,65-69,
S2,2063,70-74,
S2,2063,75+,
S2,2063,0-8,
S2,2063,9-14,
S2,2063,0-17,232052638.83542484
S2,2063,18-29,168729258.6597327
S2,2063,30-65,361129010.0256192
S2,2063,66+,62479518.52093792
S2,2063,15-26,
S2,2063,27-45,
S2,2063,46-65,
S2,2064,00-04,
S2,2064,05-09,
S2,2064,10-14,
S2,2064,15-19,
S2,2064,20-24,
S2,2064,25-29,
S2,2064,30-34,
S2,2064,35-39,
S2,2064,40-44,
S2,2064,45-49,
S2,2064,50-54,
S2,2064,55-59,
S2,2064,60-64,
S2,2064,65-69,
S2,2064,70-74,
S2,2064,75+,
S2,2064,0-8,
S2,2064,9-14,
S2,2064,0-17,232056071.82827866
S2,2064,18-29,168731754.8448316
S2,2064,30-65,361134352.5777099
S2,2064,66+,62480442.844581485
S2,2064,15-26,
S2,2064,27-45,
S2,2064,46-65,
S2,2065,00-04,
S2,2065,05-09,
S2,2065,10-14,
S2,2065,15-19,
S2,2065,20-24,
S2,2065,25-29,
S2,2065,30-34,
S2,2065,35-39,
S2,2065,40-44,
S2,2065,45-49,
S2,2065,50-54,
S2,2065,55-59,
S2,2065,60-64,
S2,2065,65-69,
S2,2065,70-74,
S2,2065,75+,
S2,2065,0-8,
S2,2065,9-14,
S2,2065,0-17,232010980.25442553
S2,2065,18-29,168698968.0260036
S2,2065,30-65,361064179.38119805
S2,2065,66+,62468302.06549871
S2,2065,15-26,
S2,2065,27-45,
S2,2065,46-65,
S2,2066,00-04,
S2,2066,05-09,
S2,2066,10-14,
S2,2066,15-19,
S2,2066,20-24,
S2,2066,25-29,
S2,2066,30-34,
S2,2066,35-39,
S2,2066,40-44,
S2,2066,45-49,
S2,2066,50-54,
S2,2066,55-59,
S2,2066,60-64,
S2,2066,65-69,
S2,2066,70-74,
S2,2066,75+,
S2,2066,0-8,
S2,2066,9-14,
S2,2066,0-17,231912831.14397308
S2,2066,18-29,168627602.20690402
S2,2066,30-65,360911436.0585173
S2,2066,66+,62441875.69433081
S2,2066,15-26,
S2,2066,27-45,
S2,2066,46-65,
S2,2067,00-04,
S2,2067,05-09,
S2,2067,10-14,
S2,2067,15-19,
S2,2067,20-24,
S2,2067,25-29,
S2,2067,30-34,
S2,2067,35-39,
S2,2067,40-44,
S2,2067,45-49,
S2,2067,50-54,
S2,2067,55-59,
S2,2067,60-64,
S2,2067,65-69,
S2,2067,70-74,
S2,2067,75+,
S2,2067,0-8,
S2,2067,9-14,
S2,2067,0-17,231772802.2373812
S2,2067,18-29,168525784.9049385
S2,2067,30-65,360693517.82812643
S2,2067,66+,62404173.30617118
S2,2067,15-26,
S2,2067,27-45,
S2,2067,46-65,
S2,2068,00-04,
S2,2068,05-09,
S2,2068,10-14,
S2,2068,15-19,
S2,2068,20-24,
S2,2068,25-29,
S2,2068,30-34,
S2,2068,35-39,
S2,2068,40-44,
S2,2068,45-49,
S2,2068,50-54,
S2,2068,55-59,
S2,2068,60-64,
S2,2068,65-69,
S2,2068,70-74,
S2,2068,75+,
S2,2068,0-8,
S2,2068,9-14,
S2,2068,0-17,231579072.93966585
S2,2068,18-29,168384921.17269117
S2,2068,30-65,360392029.03727293
S2,2068,66+,62352012.23915887
S2,2068,15-26,
S2,2068,27-45,
S2,2068,46-65,
S2,2069,00-04,
S2,2069,05-09,
S2,2069,10-14,
S2,2069,15-19,
S2,2069,20-24,
S2,2069,25-29,
S2,2069,30-34,
S2,2069,35-39,
S2,2069,40-44,
S2,2069,45-49,
S2,2069,50-54,
S2,2069,55-59,
S2,2069,60-64,
S2,2069,65-69,
S2,2069,70-74,
S2,2069,75+,
S2,2069,0-8,
S2,2069,9-14,
S2,2069,0-17,231332430.2555679
S2,2069,18-29,168205583.25414586
S2,2069,30-65,360008194.4522176
S2,2069,66+,62285604.39210117
S2,2069,15-26,
S2,2069,27-45,
S2,2069,46-65,
S2,2070,00-04,
S2,2070,05-09,
S2,2070,10-14,
S2,2070,15-19,
S2,2070,20-24,
S2,2070,25-29,
S2,2070,30-34,
S2,2070,35-39,
S2,2070,40-44,
S2,2070,45-49,
S2,2070,50-54,
S2,2070,55-59,
S2,2070,60-64,
S2,2070,65-69,
S2,2070,70-74,
S2,2070,75+,
S2,2070,0-8,
S2,2070,9-14,
S2,2070,0-17,231035334.7184024
S2,2070,18-29,167989560.24320912
S2,2070,30-65,359545843.2470857
S2,2070,66+,62205612.25665271
S2,2070,15-26,
S2,2070,27-45,
S2,2070,46-65,
S2,2071,00-04,
S2,2071,05-09,
S2,2071,10-14,
S2,2071,15-19,
S2,2071,20-24,
S2,2071,25-29,
S2,2071,30-34,
S2,2071,35-39,
S2,2071,40-44,
S2,2071,45-49,
S2,2071,50-54,
S2,2071,55-59,
S2,2071,60-64,
S2,2071,65-69,
S2,2071,70-74,
S2,2071,75+,
S2,2071,0-8,
S2,2071,9-14,
S2,2071,0-17,230688253.70752567
S2,2071,18-29,167737191.9790342
S2,2071,30-65,359005702.77514106
S2,2071,66+,62112161.673387885
S2,2071,15-26,
S2,2071,27-45,
S2,2071,46-65,
S2,2072,00-04,
S2,2072,05-09,
S2,2072,10-14,
S2,2072,15-19,
S2,2072,20-24,
S2,2072,25-29,
S2,2072,30-34,
S2,2072,35-39,
S2,2072,40-44,
S2,2072,45-49,
S2,2072,50-54,
S2,2072,55-59,
S2,2072,60-64,
S2,2072,65-69,
S2,2072,70-74,
S2,2072,75+,
S2,2072,0-8,
S2,2072,9-14,
S2,2072,0-17,230296345.3057892
S2,2072,18-29,167452228.98779485
S2,2072,30-65,358395800.2381558
S2,2072,66+,62006641.44156611
S2,2072,15-26,
S2,2072,27-45,
S2,2072,46-65,
S2,2073,00-04,
S2,2073,05-09,
S2,2073,10-14,
S2,2073,15-19,
S2,2073,20-24,
S2,2073,25-29,
S2,2073,30-34,
S2,2073,35-39,
S2,2073,40-44,
S2,2073,45-49,
S2,2073,50-54,
S2,2073,55-59,
S2,2073,60-64,
S2,2073,65-69,
S2,2073,70-74,
S2,2073,75+,
S2,2073,0-8,
S2,2073,9-14,
S2,2073,0-17,229853831.86162162
S2,2073,18-29,167130470.24479556
S2,2073,30-65,357707144.2383046
S2,2073,66+,61887495.94479704
S2,2073,15-26,
S2,2073,27-45,
S2,2073,46-65,
S2,2074,00-04,
S2,2074,05-09,
S2,2074,10-14,
S2,2074,15-19,
S2,2074,20-24,
S2,2074,25-29,
S2,2074,30-34,
S2,2074,35-39,
S2,2074,40-44,
S2,2074,45-49,
S2,2074,50-54,
S2,2074,55-59,
S2,2074,60-64,
S2,2074,65-69,
S2,2074,70-74,
S2,2074,75+,
S2,2074,0-8,
S2,2074,9-14,
S2,2074,0-17,229370806.66231355
S2,2074,18-29,166779254.7438548
S2,2074,30-65,356955442.32739806
S2,2074,66+,61757442.77221644
S2,2074,15-26,
S2,2074,27-45,
S2,2074,46-65,
S2,2075,00-04,
S2,2075,05-09,
S2,2075,10-14,
S2,2075,15-19,
S2,2075,20-24,
S2,2075,25-29,
S2,2075,30-34,
S2,2075,35-39,
S2,2075,40-44,
S2,2075,45-49,
S2,2075,50-54,
S2,2075,55-59,
S2,2075,60-64,
S2,2075,65-69,
S2,2075,70-74,
S2,2075,75+,
S2,2075,0-8,
S2,2075,9-14,
S2,2075,0-17,228842572.0740714
S2,2075,18-29,166395166.7588191
S2,2075,30-65,356133383.87173676
S2,2075,66+,61615217.09917462
S2,2075,15-26,
S2,2075,27-45,
S2,2075,46-65,
S2,2076,00-04,
S2,2076,05-09,
S2,2076,10-14,
S2,2076,15-19,
S2,2076,20-24,
S2,2076,25-29,
S2,2076,30-34,
S2,2076,35-39,
S2,2076,40-44,
S2,2076,45-49,
S2,2076,50-54,
S2,2076,55-59,
S2,2076,60-64,
S2,2076,65-69,
S2,2076,70-74,
S2,2076,75+,
S2,2076,0-8,
S2,2076,9-14,
S2,2076,0-17,228268613.59150624
S2,2076,18-29,165977832.1844281
S2,2076,30-65,355240168.1787596
S2,2076,66+,61460680.39654672
S2,2076,15-26,
S2,2076,27-45,
S2,2076,46-65,
S2,2077,00-04,
S2,2077,05-09,
S2,2077,10-14,
S2,2077,15-19,
S2,2077,20-24,
S2,2077,25-29,
S2,2077,30-34,
S2,2077,35-39,
S2,2077,40-44,
S2,2077,45-49,
S2,2077,50-54,
S2,2077,55-59,
S2,2077,60-64,
S2,2077,65-69,
S2,2077,70-74,
S2,2077,75+,
S2,2077,0-8,
S2,2077,9-14,
S2,2077,0-17,227657202.3877268
S2,2077,18-29,165533265.12555864
S2,2077,30-65,354288667.15792423
S2,2077,66+,61296059.65436447
S2,2077,15-26,
S2,2077,27-45,
S2,2077,46-65,
S2,2078,00-04,
S2,2078,05-09,
S2,2078,10-14,
S2,2078,15-19,
S2,2078,20-24,
S2,2078,25-29,
S2,2078,30-34,
S2,2078,35-39,
S2,2078,40-44,
S2,2078,45-49,
S2,2078,50-54,
S2,2078,55-59,
S2,2078,60-64,
S2,2078,65-69,
S2,2078,70-74,
S2,2078,75+,
S2,2078,0-8,
S2,2078,9-14,
S2,2078,0-17,227007074.0990053
S2,2078,18-29,165060546.2427214
S2,2078,30-65,353276913.15903026
S2,2078,66+,61121014.446260095
S2,2078,15-26,
S2,2078,27-45,
S2,2078,46-65,
S2,2079,00-04,
S2,2079,05-09,
S2,2079,10-14,
S2,2079,15-19,
S2,2079,20-24,
S2,2079,25-29,
S2,2079,30-34,
S2,2079,35-39,
S2,2079,40-44,
S2,2079,45-49,
S2,2079,50-54,
S2,2079,55-59,
S2,2079,60-64,
S2,2079,65-69,
S2,2079,70-74,
S2,2079,75+,
S2,2079,0-8,
S2,2079,9-14,
S2,2079,0-17,226319943.55849683
S2,2079,18-29,164560922.41907394
S2,2079,30-65,352207574.86967695
S2,2079,66+,60936006.4862237
S2,2079,15-26,
S2,2079,27-45,
S2,2079,46-65,
S2,2080,00-04,
S2,2080,05-09,
S2,2080,10-14,
S2,2080,15-19,
S2,2080,20-24,
S2,2080,25-29,
S2,2080,30-34,
S2,2080,35-39,
S2,2080,40-44,
S2,2080,45-49,
S2,2080,50-54,
S2,2080,55-59,
S2,2080,60-64,
S2,2080,65-69,
S2,2080,70-74,
S2,2080,75+,
S2,2080,0-8,
S2,2080,9-14,
S2,2080,0-17,225597063.20981523
S2,2080,18-29,164035304.32679608
S2,2080,30-65,351082601.38953686
S2,2080,66+,60741372.991166115
S2,2080,15-26,
S2,2080,27-45,
S2,2080,46-65,
S2,2081,00-04,
S2,2081,05-09,
S2,2081,10-14,
S2,2081,15-19,
S2,2081,20-24,
S2,2081,25-29,
S2,2081,30-34,
S2,2081,35-39,
S2,2081,40-44,
S2,2081,45-49,
S2,2081,50-54,
S2,2081,55-59,
S2,2081,60-64,
S2,2081,65-69,
S2,2081,70-74,
S2,2081,75+,
S2,2081,0-8,
S2,2081,9-14,
S2,2081,0-17,224839931.38357872
S2,2081,18-29,163484781.42651904
S2,2081,30-65,349904324.4768507
S2,2081,66+,60537517.382380486
S2,2081,15-26,
S2,2081,27-45,
S2,2081,46-65,
S2,2082,00-04,
S2,2082,05-09,
S2,2082,10-14,
S2,2082,15-19,
S2,2082,20-24,
S2,2082,25-29,
S2,2082,30-34,
S2,2082,35-39,
S2,2082,40-44,
S2,2082,45-49,
S2,2082,50-54,
S2,2082,55-59,
S2,2082,60-64,
S2,2082,65-69,
S2,2082,70-74,
S2,2082,75+,
S2,2082,0-8,
S2,2082,9-14,
S2,2082,0-17,224052406.8702042
S2,2082,18-29,162912159.50769544
S2,2082,30-65,348678749.32582855
S2,2082,66+,60325478.628302574
S2,2082,15-26,
S2,2082,27-45,
S2,2082,46-65,
S2,2083,00-04,
S2,2083,05-09,
S2,2083,10-14,
S2,2083,15-19,
S2,2083,20-24,
S2,2083,25-29,
S2,2083,30-34,
S2,2083,35-39,
S2,2083,40-44,
S2,2083,45-49,
S2,2083,50-54,
S2,2083,55-59,
S2,2083,60-64,
S2,2083,65-69,
S2,2083,70-74,
S2,2083,75+,
S2,2083,0-8,
S2,2083,9-14,
S2,2083,0-17,223239141.8407249
S2,2083,18-29,162320821.23976374
S2,2083,30-65,347413115.819318
S2,2083,66+,60106509.31286311
S2,2083,15-26,
S2,2083,27-45,
S2,2083,46-65,
S2,2084,00-04,
S2,2084,05-09,
S2,2084,10-14,
S2,2084,15-19,
S2,2084,20-24,
S2,2084,25-29,
S2,2084,30-34,
S2,2084,35-39,
S2,2084,40-44,
S2,2084,45-49,
S2,2084,50-54,
S2,2084,55-59,
S2,2084,60-64,
S2,2084,65-69,
S2,2084,70-74,
S2,2084,75+,
S2,2084,0-8,
S2,2084,9-14,
S2,2084,0-17,222395677.34084052
S2,2084,18-29,161707524.44432312
S2,2084,30-65,346100484.7655897
S2,2084,66+,59879408.87519193
S2,2084,15-26,
S2,2084,27-45,
S2,2084,46-65,
S2,2085,00-04,
S2,2085,05-09,
S2,2085,10-14,
S2,2085,15-19,
S2,2085,20-24,
S2,2085,25-29,
S2,2085,30-34,
S2,2085,35-39,
S2,2085,40-44,
S2,2085,45-49,
S2,2085,50-54,
S2,2085,55-59,
S2,2085,60-64,
S2,2085,65-69,
S2,2085,70-74,
S2,2085,75+,
S2,2085,0-8,
S2,2085,9-14,
S2,2085,0-17,221529396.9109792
S2,2085,18-29,161077637.81405044
S2,2085,30-65,344752346.7068699
S2,2085,66+,59646165.31272471
S2,2085,15-26,
S2,2085,27-45,
S2,2085,46-65,
S2,2086,00-04,
S2,2086,05-09,
S2,2086,10-14,
S2,2086,15-19,
S2,2086,20-24,
S2,2086,25-29,
S2,2086,30-34,
S2,2086,35-39,
S2,2086,40-44,
S2,2086,45-49,
S2,2086,50-54,
S2,2086,55-59,
S2,2086,60-64,
S2,2086,65-69,
S2,2086,70-74,
S2,2086,75+,
S2,2086,0-8,
S2,2086,9-14,
S2,2086,0-17,220634704.47340026
S2,2086,18-29,160427092.34954384
S2,2086,30-65,343359992.8173309
S2,2086,66+,59405271.897313476
S2,2086,15-26,
S2,2086,27-45,
S2,2086,46-65,
S2,2087,00-04,
S2,2087,05-09,
S2,2087,10-14,
S2,2087,15-19,
S2,2087,20-24,
S2,2087,25-29,
S2,2087,30-34,
S2,2087,35-39,
S2,2087,40-44,
S2,2087,45-49,
S2,2087,50-54,
S2,2087,55-59,
S2,2087,60-64,
S2,2087,65-69,
S2,2087,70-74,
S2,2087,75+,
S2,2087,0-8,
S2,2087,9-14,
S2,2087,0-17,219719850.96473977
S2,2087,18-29,159761887.4414108
S2,2087,30-65,341936263.5136734
S2,2087,66+,59158950.17037606
S2,2087,15-26,
S2,2087,27-45,
S2,2087,46-65,
S2,2088,00-04,
S2,2088,05-09,
S2,2088,10-14,
S2,2088,15-19,
S2,2088,20-24,
S2,2088,25-29,
S2,2088,30-34,
S2,2088,35-39,
S2,2088,40-44,
S2,2088,45-49,
S2,2088,50-54,
S2,2088,55-59,
S2,2088,60-64,
S2,2088,65-69,
S2,2088,70-74,
S2,2088,75+,
S2,2088,0-8,
S2,2088,9-14,
S2,2088,0-17,218792533.7293593
S2,2088,18-29,159087619.95428643
S2,2088,30-65,340493137.6915612
S2,2088,66+,58909272.6201725
S2,2088,15-26,
S2,2088,27-45,
S2,2088,46-65,
S2,2089,00-04,
S2,2089,05-09,
S2,2089,10-14,
S2,2089,15-19,
S2,2089,20-24,
S2,2089,25-29,
S2,2089,30-34,
S2,2089,35-39,
S2,2089,40-44,
S2,2089,45-49,
S2,2089,50-54,
S2,2089,55-59,
S2,2089,60-64,
S2,2089,65-69,
S2,2089,70-74,
S2,2089,75+,
S2,2089,0-8,
S2,2089,9-14,
S2,2089,0-17,217843202.5381884
S2,2089,18-29,158397345.7608418
S2,2089,30-65,339015752.9267316
S2,2089,66+,58653667.8744607
S2,2089,15-26,
S2,2089,27-45,
S2,2089,46-65,
S2,2090,00-04,
S2,2090,05-09,
S2,2090,10-14,
S2,2090,15-19,
S2,2090,20-24,
S2,2090,25-29,
S2,2090,30-34,
S2,2090,35-39,
S2,2090,40-44,
S2,2090,45-49,
S2,2090,50-54,
S2,2090,55-59,
S2,2090,60-64,
S2,2090,65-69,
S2,2090,70-74,
S2,2090,75+,
S2,2090,0-8,
S2,2090,9-14,
S2,2090,0-17,216877067.0355021
S2,2090,18-29,157694852.87840268
S2,2090,30-65,337512216.66277575
S2,2090,66+,58393538.61526871
S2,2090,15-26,
S2,2090,27-45,
S2,2090,46-65,
S2,2091,00-04,
S2,2091,05-09,
S2,2091,10-14,
S2,2091,15-19,
S2,2091,20-24,
S2,2091,25-29,
S2,2091,30-34,
S2,2091,35-39,
S2,2091,40-44,
S2,2091,45-49,
S2,2091,50-54,
S2,2091,55-59,
S2,2091,60-64,
S2,2091,65-69,
S2,2091,70-74,
S2,2091,75+,
S2,2091,0-8,
S2,2091,9-14,
S2,2091,0-17,215893118.16978326
S2,2091,18-29,156979407.60915247
S2,2091,30-65,335980958.5759204
S2,2091,66+,58128613.1583215
S2,2091,15-26,
S2,2091,27-45,
S2,2091,46-65,
S2,2092,00-04,
S2,2092,05-09,
S2,2092,10-14,
S2,2092,15-19,
S2,2092,20-24,
S2,2092,25-29,
S2,2092,30-34,
S2,2092,35-39,
S2,2092,40-44,
S2,2092,45-49,
S2,2092,50-54,
S2,2092,55-59,
S2,2092,60-64,
S2,2092,65-69,
S2,2092,70-74,
S2,2092,75+,
S2,2092,0-8,
S2,2092,9-14,
S2,2092,0-17,214898398.51075512
S2,2092,18-29,156256130.72040695
S2,2092,30-65,334432938.5770072
S2,2092,66+,57860787.69565344
S2,2092,15-26,
S2,2092,27-45,
S2,2092,46-65,
S2,2093,00-04,
S2,2093,05-09,
S2,2093,10-14,
S2,2093,15-19,
S2,2093,20-24,
S2,2093,25-29,
S2,2093,30-34,
S2,2093,35-39,
S2,2093,40-44,
S2,2093,45-49,
S2,2093,50-54,
S2,2093,55-59,
S2,2093,60-64,
S2,2093,65-69,
S2,2093,70-74,
S2,2093,75+,
S2,2093,0-8,
S2,2093,9-14,
S2,2093,0-17,213897752.8917596
S2,2093,18-29,155528544.96951202
S2,2093,30-65,332875696.3771862
S2,2093,66+,57591366.68497813
S2,2093,15-26,
S2,2093,27-45,
S2,2093,46-65,
S2,2094,00-04,
S2,2094,05-09,
S2,2094,10-14,
S2,2094,15-19,
S2,2094,20-24,
S2,2094,25-29,
S2,2094,30-34,
S2,2094,35-39,
S2,2094,40-44,
S2,2094,45-49,
S2,2094,50-54,
S2,2094,55-59,
S2,2094,60-64,
S2,2094,65-69,
S2,2094,70-74,
S2,2094,75+,
S2,2094,0-8,
S2,2094,9-14,
S2,2094,0-17,212880375.86799297
S2,2094,18-29,154788793.5413055
S2,2094,30-65,331292416.1384457
S2,2094,66+,57317440.790757656
S2,2094,15-26,
S2,2094,27-45,
S2,2094,46-65,
S2,2095,00-04,
S2,2095,05-09,
S2,2095,10-14,
S2,2095,15-19,
S2,2095,20-24,
S2,2095,25-29,
S2,2095,30-34,
S2,2095,35-39,
S2,2095,40-44,
S2,2095,45-49,
S2,2095,50-54,
S2,2095,55-59,
S2,2095,60-64,
S2,2095,65-69,
S2,2095,70-74,
S2,2095,75+,
S2,2095,0-8,
S2,2095,9-14,
S2,2095,0-17,211854689.97029153
S2,2095,18-29,154043000.5953367
S2,2095,30-65,329696205.3188099
S2,2095,66+,57041277.755664825
S2,2095,15-26,
S2,2095,27-45,
S2,2095,46-65,
S2,2096,00-04,
S2,2096,05-09,
S2,2096,10-14,
S2,2096,15-19,
S2,2096,20-24,
S2,2096,25-29,
S2,2096,30-34,
S2,2096,35-39,
S2,2096,40-44,
S2,2096,45-49,
S2,2096,50-54,
S2,2096,55-59,
S2,2096,60-64,
S2,2096,65-69,
S2,2096,70-74,
S2,2096,75+,
S2,2096,0-8,
S2,2096,9-14,
S2,2096,0-17,210821383.7931522
S2,2096,18-29,153291666.81989586
S2,2096,30-65,328088135.53483164
S2,2096,66+,56763062.98182583
S2,2096,15-26,
S2,2096,27-45,
S2,2096,46-65,
S2,2097,00-04,
S2,2097,05-09,
S2,2097,10-14,
S2,2097,15-19,
S2,2097,20-24,
S2,2097,25-29,
S2,2097,30-34,
S2,2097,35-39,
S2,2097,40-44,
S2,2097,45-49,
S2,2097,50-54,
S2,2097,55-59,
S2,2097,60-64,
S2,2097,65-69,
S2,2097,70-74,
S2,2097,75+,
S2,2097,0-8,
S2,2097,9-14,
S2,2097,0-17,209785380.3436883
S2,2097,18-29,152538371.81375313
S2,2097,30-65,326475868.1546131
S2,2097,66+,56484121.97502041
S2,2097,15-26,
S2,2097,27-45,
S2,2097,46-65,
S2,2098,00-04,
S2,2098,05-09,
S2,2098,10-14,
S2,2098,15-19,
S2,2098,20-24,
S2,2098,25-29,
S2,2098,30-34,
S2,2098,35-39,
S2,2098,40-44,
S2,2098,45-49,
S2,2098,50-54,
S2,2098,55-59,
S2,2098,60-64,
S2,2098,65-69,
S2,2098,70-74,
S2,2098,75+,
S2,2098,0-8,
S2,2098,9-14,
S2,2098,0-17,208744441.68978503
S2,2098,18-29,151781488.33996543
S2,2098,30-65,324855920.42435634
S2,2098,66+,56203852.17833936
S2,2098,15-26,
S2,2098,27-45,
S2,2098,46-65,
S2,2099,00-04,
S2,2099,05-09,
S2,2099,10-14,
S2,2099,15-19,
S2,2099,20-24,
S2,2099,25-29,
S2,2099,30-34,
S2,2099,35-39,
S2,2099,40-44,
S2,2099,45-49,
S2,2099,50-54,
S2,2099,55-59,
S2,2099,60-64,
S2,2099,65-69,
S2,2099,70-74,
S2,2099,75+,
S2,2099,0-8,
S2,2099,9-14,
S2,2099,0-17,207694948.55215463
S2,2099,18-29,151018384.76152936
S2,2099,30-65,323222659.88604426
S2,2099,66+,55921279.11104202
S2,2099,15-26,
S2,2099,27-45,
S2,2099,46-65,
S2,2100,00-04,
S2,2100,05-09,
S2,2100,10-14,
S2,2100,15-19,
S2,2100,20-24,
S2,2100,25-29,
S2,2100,30-34,
S2,2100,35-39,
S2,2100,40-44,
S2,2100,45-49,
S2,2100,50-54,
S2,2100,55-59,
S2,2100,60-64,
S2,2100,65-69,
S2,2100,70-74,
S2,2100,75+,
S2,2100,0-8,
S2,2100,9-14,
S2,2100,0-17,206646621.922432
S2,2100,18-29,150256129.3700196
S2,2100,30-65,321591214.71103895
S2,2100,66+,55639020.122709036
S2,2100,15-26,
S2,2100,27-45,
S2,2100,46-65,
S3,1950,00-04,
S3,1950,05-09,
S3,1950,10-14,
S3,1950,15-19,
S3,1950,20-24,
S3,1950,25-29,
S3,1950,30-34,
S3,1950,35-39,
S3,1950,40-44,
S3,1950,45-49,
S3,1950,50-54,
S3,1950,55-59,
S3,1950,60-64,
S3,1950,65-69,
S3,1950,70-74,
S3,1950,75+,
S3,1950,0-8,22060641.86336975
S3,1950,9-14,15451116.370207224
S3,1950,0-17,
S3,1950,18-29,
S3,1950,30-65,
S3,1950,66+,12451082.930885464
S3,1950,15-26,32595840.528781094
S3,1950,27-45,47474489.23873223
S3,1950,46-65,32523657.866547987
S3,1951,00-04,
S3,1951,05-09,
S3,1951,10-14,
S3,1951,15-19,
S3,1951,20-24,
S3,1951,25-29,
S3,1951,30-34,
S3,1951,35-39,
S3,1951,40-44,
S3,1951,45-49,
S3,1951,50-54,
S3,1951,55-59,
S3,1951,60-64,
S3,1951,65-69,
S3,1951,70-74,
S3,1951,75+,
S3,1951,0-8,22523134.83140515
S3,1951,9-14,15775043.14957184
S3,1951,0-17,
S3,1951,18-29,
S3,1951,30-65,
S3,1951,66+,12712115.149967164
S3,1951,15-26,33279199.93079362
S3,1951,27-45,48469773.85329479
S3,1951,46-65,33205503.98649445
S3,1952,00-04,
S3,1952,05-09,
S3,1952,10-14,
S3,1952,15-19,
S3,1952,20-24,
S3,1952,25-29,
S3,1952,30-34,
S3,1952,35-39,
S3,1952,40-44,
S3,1952,45-49,
S3,1952,50-54,
S3,1952,55-59,
S3,1952,60-64,
S3,1952,65-69,
S3,1952,70-74,
S3,1952,75+,
S3,1952,0-8,23011148.859322596
S3,1952,9-14,16116844.69743007
S3,1952,0-17,
S3,1952,18-29,
S3,1952,30-65,
S3,1952,66+,12987551.52079752
S3,1952,15-26,34000268.135804355
S3,1952,27-45,49519979.77478187
S3,1952,46-65,33924975.40425122
S3,1953,00-04,
S3,1953,05-09,
S3,1953,10-14,
S3,1953,15-19,
S3,1953,20-24,
S3,1953,25-29,
S3,1953,30-34,
S3,1953,35-39,
S3,1953,40-44,
S3,1953,45-49,
S3,1953,50-54,
S3,1953,55-59,
S3,1953,60-64,
S3,1953,65-69,
S3,1953,70-74,
S3,1953,75+,
S3,1953,0-8,23524171.296895307
S3,1953,9-14,16476161.957215924
S3,1953,0-17,
S3,1953,18-29,
S3,1953,30-65,
S3,1953,66+,13277102.702271938
S3,1953,15-26,34758287.67423731
S3,1953,27-45,50624003.780185595
S3,1953,46-65,34681316.327639386
S3,1954,00-04,
S3,1954,05-09,
S3,1954,10-14,
S3,1954,15-19,
S3,1954,20-24,
S3,1954,25-29,
S3,1954,30-34,
S3,1954,35-39,
S3,1954,40-44,
S3,1954,45-49,
S3,1954,50-54,
S3,1954,55-59,
S3,1954,60-64,
S3,1954,65-69,
S3,1954,70-74,
S3,1954,75+,
S3,1954,0-8,24045948.497868165
S3,1954,9-14,16841610.990906067
S3,1954,0-17,
S3,1954,18-29,
S3,1954,30-65,
S3,1954,66+,13571595.094696164
S3,1954,15-26,35529242.86855129
S3,1954,27-45,51746868.03164384
S3,1954,46-65,35450564.261226654
S3,1955,00-04,
S3,1955,05-09,
S3,1955,10-14,
S3,1955,15-19,
S3,1955,20-24,
S3,1955,25-29,
S3,1955,30-34,
S3,1955,35-39,
S3,1955,40-44,
S3,1955,45-49,
S3,1955,50-54,
S3,1955,55-59,
S3,1955,60-64,
S3,1955,65-69,
S3,1955,70-74,
S3,1955,75+,
S3,1955,0-8,24605981.609824948
S3,1955,9-14,17233854.19206068
S3,1955,0-17,
S3,1955,18-29,
S3,1955,30-65,
S3,1955,66+,13887679.221540838
S3,1955,15-26,36356723.325431876
S3,1955,27-45,52952058.98264119
S3,1955,46-65,36276212.283620134
S3,1956,00-04,
S3,1956,05-09,
S3,1956,10-14,
S3,1956,15-19,
S3,1956,20-24,
S3,1956,25-29,
S3,1956,30-34,
S3,1956,35-39,
S3,1956,40-44,
S3,1956,45-49,
S3,1956,50-54,
S3,1956,55-59,
S3,1956,60-64,
S3,1956,65-69,
S3,1956,70-74,
S3,1956,75+,
S3,1956,0-8,25181008.64890227
S3,1956,9-14,17636599.03293279
S3,1956,0-17,
S3,1956,18-29,
S3,1956,30-65,
S3,1956,66+,14212225.959364533
S3,1956,15-26,37206358.15390094
S3,1956,27-45,54189516.85661109
S3,1956,46-65,37123965.61730792
S3,1957,00-04,
S3,1957,05-09,
S3,1957,10-14,
S3,1957,15-19,
S3,1957,20-24,
S3,1957,25-29,
S3,1957,30-34,
S3,1957,35-39,
S3,1957,40-44,
S3,1957,45-49,
S3,1957,50-54,
S3,1957,55-59,
S3,1957,60-64,
S3,1957,65-69,
S3,1957,70-74,
S3,1957,75+,
S3,1957,0-8,25775655.24763943
S3,1957,9-14,18053085.27359345
S3,1957,0-17,
S3,1957,18-29,
S3,1957,30-65,
S3,1957,66+,14547846.027053475
S3,1957,15-26,38084981.98649227
S3,1957,27-45,55469196.01225117
S3,1957,46-65,38000643.75970358
S3,1958,00-04,
S3,1958,05-09,
S3,1958,10-14,
S3,1958,15-19,
S3,1958,20-24,
S3,1958,25-29,
S3,1958,30-34,
S3,1958,35-39,
S3,1958,40-44,
S3,1958,45-49,
S3,1958,50-54,
S3,1958,55-59,
S3,1958,60-64,
S3,1958,65-69,
S3,1958,70-74,
S3,1958,75+,
S3,1958,0-8,26356781.540473368
S3,1958,9-14,18460101.98833706
S3,1958,0-17,
S3,1958,18-29,
S3,1958,30-65,
S3,1958,66+,14875835.19936338
S3,1958,15-26,38943628.80581939
S3,1958,27-45,56719779.4769734
S3,1958,46-65,38857389.12742424
S3,1959,00-04,
S3,1959,05-09,
S3,1959,10-14,
S3,1959,15-19,
S3,1959,20-24,
S3,1959,25-29,
S3,1959,30-34,
S3,1959,35-39,
S3,1959,40-44,
S3,1959,45-49,
S3,1959,50-54,
S3,1959,55-59,
S3,1959,60-64,
S3,1959,65-69,
S3,1959,70-74,
S3,1959,75+,
S3,1959,0-8,26981946.645338822
S3,1959,9-14,18897963.173233394
S3,1959,0-17,
S3,1959,18-29,
S3,1959,30-65,
S3,1959,66+,15228679.99029857
S3,1959,15-26,39867345.449630596
S3,1959,27-45,58065134.44113007
S3,1959,46-65,39779060.22415277
S3,1960,00-04,
S3,1960,05-09,
S3,1960,10-14,
S3,1960,15-19,
S3,1960,20-24,
S3,1960,25-29,
S3,1960,30-34,
S3,1960,35-39,
S3,1960,40-44,
S3,1960,45-49,
S3,1960,50-54,
S3,1960,55-59,
S3,1960,60-64,
S3,1960,65-69,
S3,1960,70-74,
S3,1960,75+,
S3,1960,0-8,27614243.18740224
S3,1960,9-14,19340819.165928863
S3,1960,0-17,
S3,1960,18-29,
S3,1960,30-65,
S3,1960,66+,15585549.782705396
S3,1960,15-26,40801599.19345391
S3,1960,27-45,59425836.254240915
S3,1960,46-65,40711245.08675277
S3,1961,00-04,
S3,1961,05-09,
S3,1961,10-14,
S3,1961,15-19,
S3,1961,20-24,
S3,1961,25-29,
S3,1961,30-34,
S3,1961,35-39,
S3,1961,40-44,
S3,1961,45-49,
S3,1961,50-54,
S3,1961,55-59,
S3,1961,60-64,
S3,1961,65-69,
S3,1961,70-74,
S3,1961,75+,
S3,1961,0-8,28268359.065556858
S3,1961,9-14,19798957.26615109
S3,1961,0-17,
S3,1961,18-29,
S3,1961,30-65,
S3,1961,66+,15954734.46444565
S3,1961,15-26,41768092.23494037
S3,1961,27-45,60833493.2667007
S3,1961,46-65,41675597.85390872
S3,1962,00-04,
S3,1962,05-09,
S3,1962,10-14,
S3,1962,15-19,
S3,1962,20-24,
S3,1962,25-29,
S3,1962,30-34,
S3,1962,35-39,
S3,1962,40-44,
S3,1962,45-49,
S3,1962,50-54,
S3,1962,55-59,
S3,1962,60-64,
S3,1962,65-69,
S3,1962,70-74,
S3,1962,75+,
S3,1962,0-8,28944459.206779856
S3,1962,9-14,20272492.98757976
S3,1962,0-17,
S3,1962,18-29,
S3,1962,30-65,
S3,1962,66+,16336327.120728612
S3,1962,15-26,42767068.26298532
S3,1962,27-45,62288460.4012741
S3,1962,46-65,42672361.6748732
S3,1963,00-04,
S3,1963,05-09,
S3,1963,10-14,
S3,1963,15-19,
S3,1963,20-24,
S3,1963,25-29,
S3,1963,30-34,
S3,1963,35-39,
S3,1963,40-44,
S3,1963,45-49,
S3,1963,50-54,
S3,1963,55-59,
S3,1963,60-64,
S3,1963,65-69,
S3,1963,70-74,
S3,1963,75+,
S3,1963,0-8,29621913.31112439
S3,1963,9-14,20746977.015131198
S3,1963,0-17,
S3,1963,18-29,
S3,1963,30-65,
S3,1963,66+,16718683.957275063
S3,1963,15-26,43768044.84778036
S3,1963,27-45,63746341.26374529
S3,1963,46-65,43671121.62240559
S3,1964,00-04,
S3,1964,05-09,
S3,1964,10-14,
S3,1964,15-19,
S3,1964,20-24,
S3,1964,25-29,
S3,1964,30-34,
S3,1964,35-39,
S3,1964,40-44,
S3,1964,45-49,
S3,1964,50-54,
S3,1964,55-59,
S3,1964,60-64,
S3,1964,65-69,
S3,1964,70-74,
S3,1964,75+,
S3,1964,0-8,30321440.76028338
S3,1964,9-14,21236921.056109294
S3,1964,0-17,
S3,1964,18-29,
S3,1964,30-65,
S3,1964,66+,17113499.04633066
S3,1964,15-26,44801636.0424297
S3,1964,27-45,65251723.95219919
S3,1964,46-65,44702423.95556584
S3,1965,00-04,
S3,1965,05-09,
S3,1965,10-14,
S3,1965,15-19,
S3,1965,20-24,
S3,1965,25-29,
S3,1965,30-34,
S3,1965,35-39,
S3,1965,40-44,
S3,1965,45-49,
S3,1965,50-54,
S3,1965,55-59,
S3,1965,60-64,
S3,1965,65-69,
S3,1965,70-74,
S3,1965,75+,
S3,1965,0-8,31031119.689907573
S3,1965,9-14,21733975.121671833
S3,1965,0-17,
S3,1965,18-29,
S3,1965,30-65,
S3,1965,66+,17514043.657035053
S3,1965,15-26,45850226.621069044
S3,1965,27-45,66778952.62106857
S3,1965,46-65,45748692.45696062
S3,1966,00-04,
S3,1966,05-09,
S3,1966,10-14,
S3,1966,15-19,
S3,1966,20-24,
S3,1966,25-29,
S3,1966,30-34,
S3,1966,35-39,
S3,1966,40-44,
S3,1966,45-49,
S3,1966,50-54,
S3,1966,55-59,
S3,1966,60-64,
S3,1966,65-69,
S3,1966,70-74,
S3,1966,75+,
S3,1966,0-8,31713766.61146005
S3,1966,9-14,22212096.16139486
S3,1966,0-17,
S3,1966,18-29,
S3,1966,30-65,
S3,1966,66+,17899331.332951516
S3,1966,15-26,46858875.88568246
S3,1966,27-45,68248008.42333458
S3,1966,46-65,46755108.09335652
S3,1967,00-04,
S3,1967,05-09,
S3,1967,10-14,
S3,1967,15-19,
S3,1967,20-24,
S3,1967,25-29,
S3,1967,30-34,
S3,1967,35-39,
S3,1967,40-44,
S3,1967,45-49,
S3,1967,50-54,
S3,1967,55-59,
S3,1967,60-64,
S3,1967,65-69,
S3,1967,70-74,
S3,1967,75+,
S3,1967,0-8,32392295.520824295
S3,1967,9-14,22687332.97472367
S3,1967,0-17,
S3,1967,18-29,
S3,1967,30-65,
S3,1967,66+,18282294.79221183
S3,1967,15-26,47861440.55541353
S3,1967,27-45,69708202.26562116
S3,1967,46-65,47755452.60905108
S3,1968,00-04,
S3,1968,05-09,
S3,1968,10-14,
S3,1968,15-19,
S3,1968,20-24,
S3,1968,25-29,
S3,1968,30-34,
S3,1968,35-39,
S3,1968,40-44,
S3,1968,45-49,
S3,1968,50-54,
S3,1968,55-59,
S3,1968,60-64,
S3,1968,65-69,
S3,1968,70-74,
S3,1968,75+,
S3,1968,0-8,33105575.311994843
S3,1968,9-14,23186909.058055736
S3,1968,0-17,
S3,1968,18-29,
S3,1968,30-65,
S3,1968,66+,18684871.738421828
S3,1968,15-26,48915351.60974249
S3,1968,27-45,71243179.98657128
S3,1968,46-65,48807029.80407709
S3,1969,00-04,
S3,1969,05-09,
S3,1969,10-14,
S3,1969,15-19,
S3,1969,20-24,
S3,1969,25-29,
S3,1969,30-34,
S3,1969,35-39,
S3,1969,40-44,
S3,1969,45-49,
S3,1969,50-54,
S3,1969,55-59,
S3,1969,60-64,
S3,1969,65-69,
S3,1969,70-74,
S3,1969,75+,
S3,1969,0-8,33822359.33815211
S3,1969,9-14,23688939.482603386
S3,1969,0-17,
S3,1969,18-29,
S3,1969,30-65,
S3,1969,66+,19089426.48385912
S3,1969,15-26,49974440.368578404
S3,1969,27-45,72785698.81929846
S3,1969,46-65,49863773.23771459
S3,1970,00-04,
S3,1970,05-09,
S3,1970,10-14,
S3,1970,15-19,
S3,1970,20-24,
S3,1970,25-29,
S3,1970,30-34,
S3,1970,35-39,
S3,1970,40-44,
S3,1970,45-49,
S3,1970,50-54,
S3,1970,55-59,
S3,1970,60-64,
S3,1970,65-69,
S3,1970,70-74,
S3,1970,75+,
S3,1970,0-8,34555516.933390565
S3,1970,9-14,24202437.838267297
S3,1970,0-17,
S3,1970,18-29,
S3,1970,30-65,
S3,1970,66+,19503222.513741612
S3,1970,15-26,51057721.99768358
S3,1970,27-45,74363453.56374389
S3,1970,46-65,50944655.96712375
S3,1971,00-04,
S3,1971,05-09,
S3,1971,10-14,
S3,1971,15-19,
S3,1971,20-24,
S3,1971,25-29,
S3,1971,30-34,
S3,1971,35-39,
S3,1971,40-44,
S3,1971,45-49,
S3,1971,50-54,
S3,1971,55-59,
S3,1971,60-64,
S3,1971,65-69,
S3,1971,70-74,
S3,1971,75+,
S3,1971,0-8,35354145.24395708
S3,1971,9-14,24761791.416441955
S3,1971,0-17,
S3,1971,18-29,
S3,1971,30-65,
S3,1971,66+,19953970.38351816
S3,1971,15-26,52237740.2951666
S3,1971,27-45,76082101.2518101
S3,1971,46-65,52122061.144011766
S3,1972,00-04,
S3,1972,05-09,
S3,1972,10-14,
S3,1972,15-19,
S3,1972,20-24,
S3,1972,25-29,
S3,1972,30-34,
S3,1972,35-39,
S3,1972,40-44,
S3,1972,45-49,
S3,1972,50-54,
S3,1972,55-59,
S3,1972,60-64,
S3,1972,65-69,
S3,1972,70-74,
S3,1972,75+,
S3,1972,0-8,36121098.971173346
S3,1972,9-14,25298960.342132166
S3,1972,0-17,
S3,1972,18-29,
S3,1972,30-65,
S3,1972,66+,20386841.03709498
S3,1972,15-26,53370957.61223869
S3,1972,27-45,77732585.25380972
S3,1972,46-65,53252768.980073154
S3,1973,00-04,
S3,1973,05-09,
S3,1973,10-14,
S3,1973,15-19,
S3,1973,20-24,
S3,1973,25-29,
S3,1973,30-34,
S3,1973,35-39,
S3,1973,40-44,
S3,1973,45-49,
S3,1973,50-54,
S3,1973,55-59,
S3,1973,60-64,
S3,1973,65-69,
S3,1973,70-74,
S3,1973,75+,
S3,1973,0-8,36945072.29597214
S3,1973,9-14,25876065.387681723
S3,1973,0-17,
S3,1973,18-29,
S3,1973,30-65,
S3,1973,66+,20851893.69800335
S3,1973,15-26,54588424.59535973
S3,1973,27-45,79505775.39865835
S3,1973,46-65,54467539.913434535
S3,1974,00-04,
S3,1974,05-09,
S3,1974,10-14,
S3,1974,15-19,
S3,1974,20-24,
S3,1974,25-29,
S3,1974,30-34,
S3,1974,35-39,
S3,1974,40-44,
S3,1974,45-49,
S3,1974,50-54,
S3,1974,55-59,
S3,1974,60-64,
S3,1974,65-69,
S3,1974,70-74,
S3,1974,75+,
S3,1974,0-8,37778362.14186856
S3,1974,9-14,26459695.658224136
S3,1974,0-17,
S3,1974,18-29,
S3,1974,30-65,
S3,1974,66+,21322204.62734893
S3,1974,15-26,55819657.26299088
S3,1974,27-45,81299014.69181971
S3,1974,46-65,55696046.047546804
S3,1975,00-04,
S3,1975,05-09,
S3,1975,10-14,
S3,1975,15-19,
S3,1975,20-24,
S3,1975,25-29,
S3,1975,30-34,
S3,1975,35-39,
S3,1975,40-44,
S3,1975,45-49,
S3,1975,50-54,
S3,1975,55-59,
S3,1975,60-64,
S3,1975,65-69,
S3,1975,70-74,
S3,1975,75+,
S3,1975,0-8,38669965.58705596
S3,1975,9-14,27084168.35820221
S3,1975,0-17,
S3,1975,18-29,
S3,1975,30-65,
S3,1975,66+,21825427.90191391
S3,1975,15-26,57137051.55705702
S3,1975,27-45,83217744.81879973
S3,1975,46-65,57010523.005357385
S3,1976,00-04,
S3,1976,05-09,
S3,1976,10-14,
S3,1976,15-19,
S3,1976,20-24,
S3,1976,25-29,
S3,1976,30-34,
S3,1976,35-39,
S3,1976,40-44,
S3,1976,45-49,
S3,1976,50-54,
S3,1976,55-59,
S3,1976,60-64,
S3,1976,65-69,
S3,1976,70-74,
S3,1976,75+,
S3,1976,0-8,39575633.35891396
S3,1976,9-14,27718491.612366438
S3,1976,0-17,
S3,1976,18-29,
S3,1976,30-65,
S3,1976,66+,22336589.118576348
S3,1976,15-26,58475226.685703546
S3,1976,27-45,85166741.36909193
S3,1976,46-65,58345734.77911708
S3,1977,00-04,
S3,1977,05-09,
S3,1977,10-14,
S3,1977,15-19,
S3,1977,20-24,
S3,1977,25-29,
S3,1977,30-34,
S3,1977,35-39,
S3,1977,40-44,
S3,1977,45-49,
S3,1977,50-54,
S3,1977,55-59,
S3,1977,60-64,
S3,1977,65-69,
S3,1977,70-74,
S3,1977,75+,
S3,1977,0-8,40504315.194708966
S3,1977,9-14,28368933.752927728
S3,1977,0-17,
S3,1977,18-29,
S3,1977,30-65,
S3,1977,66+,22860739.53203702
S3,1977,15-26,59847406.389677316
S3,1977,27-45,87165264.17240453
S3,1977,46-65,59714875.82593441
S3,1978,00-04,
S3,1978,05-09,
S3,1978,10-14,
S3,1978,15-19,
S3,1978,20-24,
S3,1978,25-29,
S3,1978,30-34,
S3,1978,35-39,
S3,1978,40-44,
S3,1978,45-49,
S3,1978,50-54,
S3,1978,55-59,
S3,1978,60-64,
S3,1978,65-69,
S3,1978,70-74,
S3,1978,75+,
S3,1978,0-8,41456721.7629325
S3,1978,9-14,29035992.527033783
S3,1978,0-17,
S3,1978,18-29,
S3,1978,30-65,
S3,1978,66+,23398280.245417714
S3,1978,15-26,61254640.72169036
S3,1978,27-45,89214842.58694297
S3,1978,46-65,61118993.87320608
S3,1979,00-04,
S3,1979,05-09,
S3,1979,10-14,
S3,1979,15-19,
S3,1979,20-24,
S3,1979,25-29,
S3,1979,30-34,
S3,1979,35-39,
S3,1979,40-44,
S3,1979,45-49,
S3,1979,50-54,
S3,1979,55-59,
S3,1979,60-64,
S3,1979,65-69,
S3,1979,70-74,
S3,1979,75+,
S3,1979,0-8,42394422.562967494
S3,1979,9-14,29692751.485885024
S3,1979,0-17,
S3,1979,18-29,
S3,1979,30-65,
S3,1979,66+,23927520.9854607
S3,1979,15-26,62640146.45316242
S3,1979,27-45,91232774.19637316
S3,1979,46-65,62501431.43737173
S3,1980,00-04,
S3,1980,05-09,
S3,1980,10-14,
S3,1980,15-19,
S3,1980,20-24,
S3,1980,25-29,
S3,1980,30-34,
S3,1980,35-39,
S3,1980,40-44,
S3,1980,45-49,
S3,1980,50-54,
S3,1980,55-59,
S3,1980,60-64,
S3,1980,65-69,
S3,1980,70-74,
S3,1980,75+,
S3,1980,0-8,43409508.13313598
S3,1980,9-14,30403710.18634034
S3,1980,0-17,
S3,1980,18-29,
S3,1980,30-65,
S3,1980,66+,24500437.888531268
S3,1980,15-26,64139992.539835855
S3,1980,27-45,93417237.78885695
S3,1980,46-65,63997956.15292171
S3,1981,00-04,
S3,1981,05-09,
S3,1981,10-14,
S3,1981,15-19,
S3,1981,20-24,
S3,1981,25-29,
S3,1981,30-34,
S3,1981,35-39,
S3,1981,40-44,
S3,1981,45-49,
S3,1981,50-54,
S3,1981,55-59,
S3,1981,60-64,
S3,1981,65-69,
S3,1981,70-74,
S3,1981,75+,
S3,1981,0-8,44438866.90218211
S3,1981,9-14,31124665.733587302
S3,1981,0-17,
S3,1981,18-29,
S3,1981,30-65,
S3,1981,66+,25081410.621709526
S3,1981,15-26,65660928.081536576
S3,1981,27-45,95632417.29752833
S3,1981,46-65,65515523.62143573
S3,1982,00-04,
S3,1982,05-09,
S3,1982,10-14,
S3,1982,15-19,
S3,1982,20-24,
S3,1982,25-29,
S3,1982,30-34,
S3,1982,35-39,
S3,1982,40-44,
S3,1982,45-49,
S3,1982,50-54,
S3,1982,55-59,
S3,1982,60-64,
S3,1982,65-69,
S3,1982,70-74,
S3,1982,75+,
S3,1982,0-8,45486867.317158304
S3,1982,9-14,31858677.756814487
S3,1982,0-17,
S3,1982,18-29,
S3,1982,30-65,
S3,1982,66+,25672904.747732103
S3,1982,15-26,67209407.7047601
S3,1982,27-45,97887713.6180577
S3,1982,46-65,67060574.1758025
S3,1983,00-04,
S3,1983,05-09,
S3,1983,10-14,
S3,1983,15-19,
S3,1983,20-24,
S3,1983,25-29,
S3,1983,30-34,
S3,1983,35-39,
S3,1983,40-44,
S3,1983,45-49,
S3,1983,50-54,
S3,1983,55-59,
S3,1983,60-64,
S3,1983,65-69,
S3,1983,70-74,
S3,1983,75+,
S3,1983,0-8,46558929.59860061
S3,1983,9-14,32609542.539864138
S3,1983,0-17,
S3,1983,18-29,
S3,1983,30-65,
S3,1983,66+,26277979.452991486
S3,1983,15-26,68793440.09054658
S3,1983,27-45,100194791.0620777
S3,1983,46-65,68641098.76204106
S3,1984,00-04,
S3,1984,05-09,
S3,1984,10-14,
S3,1984,15-19,
S3,1984,20-24,
S3,1984,25-29,
S3,1984,30-34,
S3,1984,35-39,
S3,1984,40-44,
S3,1984,45-49,
S3,1984,50-54,
S3,1984,55-59,
S3,1984,60-64,
S3,1984,65-69,
S3,1984,70-74,
S3,1984,75+,
S3,1984,0-8,47666275.26684852
S3,1984,9-14,33385119.555624157
S3,1984,0-17,
S3,1984,18-29,
S3,1984,30-65,
S3,1984,66+,26902968.192390203
S3,1984,15-26,70429605.66705133
S3,1984,27-45,102577798.33522886
S3,1984,46-65,70273641.09136903
S3,1985,00-04,
S3,1985,05-09,
S3,1985,10-14,
S3,1985,15-19,
S3,1985,20-24,
S3,1985,25-29,
S3,1985,30-34,
S3,1985,35-39,
S3,1985,40-44,
S3,1985,45-49,
S3,1985,50-54,
S3,1985,55-59,
S3,1985,60-64,
S3,1985,65-69,
S3,1985,70-74,
S3,1985,75+,
S3,1985,0-8,48798985.40700576
S3,1985,9-14,34178461.66677749
S3,1985,0-17,
S3,1985,18-29,
S3,1985,30-65,
S3,1985,66+,27542272.704883516
S3,1985,15-26,72103248.67900759
S3,1985,27-45,105015389.9380728
S3,1985,46-65,71943577.86331835
S3,1986,00-04,
S3,1986,05-09,
S3,1986,10-14,
S3,1986,15-19,
S3,1986,20-24,
S3,1986,25-29,
S3,1986,30-34,
S3,1986,35-39,
S3,1986,40-44,
S3,1986,45-49,
S3,1986,50-54,
S3,1986,55-59,
S3,1986,60-64,
S3,1986,65-69,
S3,1986,70-74,
S3,1986,75+,
S3,1986,0-8,49948189.96562632
S3,1986,9-14,34983356.35109324
S3,1986,0-17,
S3,1986,18-29,
S3,1986,30-65,
S3,1986,66+,28190886.709523916
S3,1986,15-26,73801263.123
S3,1986,27-45,107488477.52043936
S3,1986,46-65,73637832.09738544
S3,1987,00-04,
S3,1987,05-09,
S3,1987,10-14,
S3,1987,15-19,
S3,1987,20-24,
S3,1987,25-29,
S3,1987,30-34,
S3,1987,35-39,
S3,1987,40-44,
S3,1987,45-49,
S3,1987,50-54,
S3,1987,55-59,
S3,1987,60-64,
S3,1987,65-69,
S3,1987,70-74,
S3,1987,75+,
S3,1987,0-8,51122661.70777086
S3,1987,9-14,35805947.99071034
S3,1987,0-17,
S3,1987,18-29,
S3,1987,30-65,
S3,1987,66+,28853761.577444434
S3,1987,15-26,75536611.25337642
S3,1987,27-45,110015940.0679465
S3,1987,46-65,75369337.34333491
S3,1988,00-04,
S3,1988,05-09,
S3,1988,10-14,
S3,1988,15-19,
S3,1988,20-24,
S3,1988,25-29,
S3,1988,30-34,
S3,1988,35-39,
S3,1988,40-44,
S3,1988,45-49,
S3,1988,50-54,
S3,1988,55-59,
S3,1988,60-64,
S3,1988,65-69,
S3,1988,70-74,
S3,1988,75+,
S3,1988,0-8,52300932.197361305
S3,1988,9-14,36631200.245970964
S3,1988,0-17,
S3,1988,18-29,
S3,1988,30-65,
S3,1988,66+,29518780.468180597
S3,1988,15-26,77277572.24700148
S3,1988,27-45,112551577.51788214
S3,1988,46-65,77106443.02298975
S3,1989,00-04,
S3,1989,05-09,
S3,1989,10-14,
S3,1989,15-19,
S3,1989,20-24,
S3,1989,25-29,
S3,1989,30-34,
S3,1989,35-39,
S3,1989,40-44,
S3,1989,45-49,
S3,1989,50-54,
S3,1989,55-59,
S3,1989,60-64,
S3,1989,65-69,
S3,1989,70-74,
S3,1989,75+,
S3,1989,0-8,53496520.68137971
S3,1989,9-14,37468581.901131295
S3,1989,0-17,
S3,1989,18-29,
S3,1989,30-65,
S3,1989,66+,30193573.679453433
S3,1989,15-26,79044121.55252376
S3,1989,27-45,115124483.28236625
S3,1989,46-65,78869080.3498739
S3,1990,00-04,
S3,1990,05-09,
S3,1990,10-14,
S3,1990,15-19,
S3,1990,20-24,
S3,1990,25-29,
S3,1990,30-34,
S3,1990,35-39,
S3,1990,40-44,
S3,1990,45-49,
S3,1990,50-54,
S3,1990,55-59,
S3,1990,60-64,
S3,1990,65-69,
S3,1990,70-74,
S3,1990,75+,
S3,1990,0-8,54710245.1764544
S3,1990,9-14,38318665.889209114
S3,1990,0-17,
S3,1990,18-29,
S3,1990,30-65,
S3,1990,66+,30878602.901949108
S3,1990,15-26,80837467.83557183
S3,1990,27-45,117736417.73273617
S3,1990,46-65,80658455.31305677
S3,1991,00-04,
S3,1991,05-09,
S3,1991,10-14,
S3,1991,15-19,
S3,1991,20-24,
S3,1991,25-29,
S3,1991,30-34,
S3,1991,35-39,
S3,1991,40-44,
S3,1991,45-49,
S3,1991,50-54,
S3,1991,55-59,
S3,1991,60-64,
S3,1991,65-69,
S3,1991,70-74,
S3,1991,75+,
S3,1991,0-8,55933953.8424444
S3,1991,9-14,39175742.71945482
S3,1991,0-17,
S3,1991,18-29,
S3,1991,30-65,
S3,1991,66+,31569267.216154277
S3,1991,15-26,82645566.29332924
S3,1991,27-45,120369838.1134617
S3,1991,46-65,82462549.78263211
S3,1992,00-04,
S3,1992,05-09,
S3,1992,10-14,
S3,1992,15-19,
S3,1992,20-24,
S3,1992,25-29,
S3,1992,30-34,
S3,1992,35-39,
S3,1992,40-44,
S3,1992,45-49,
S3,1992,50-54,
S3,1992,55-59,
S3,1992,60-64,
S3,1992,65-69,
S3,1992,70-74,
S3,1992,75+,
S3,1992,0-8,57145490.20922093
S3,1992,9-14,40024294.1580639
S3,1992,0-17,
S3,1992,18-29,
S3,1992,30-65,
S3,1992,66+,32253061.453418255
S3,1992,15-26,84435679.49360922
S3,1992,27-45,122977063.71292934
S3,1992,46-65,84248698.82262671
S3,1993,00-04,
S3,1993,05-09,
S3,1993,10-14,
S3,1993,15-19,
S3,1993,20-24,
S3,1993,25-29,
S3,1993,30-34,
S3,1993,35-39,
S3,1993,40-44,
S3,1993,45-49,
S3,1993,50-54,
S3,1993,55-59,
S3,1993,60-64,
S3,1993,65-69,
S3,1993,70-74,
S3,1993,75+,
S3,1993,0-8,58372700.33052948
S3,1993,9-14,40883823.38266544
S3,1993,0-17,
S3,1993,18-29,
S3,1993,30-65,
S3,1993,66+,32945701.997998476
S3,1993,15-26,86248951.54875733
S3,1993,27-45,125618019.2235876
S3,1993,46-65,86057955.43279254
S3,1994,00-04,
S3,1994,05-09,
S3,1994,10-14,
S3,1994,15-19,
S3,1994,20-24,
S3,1994,25-29,
S3,1994,30-34,
S3,1994,35-39,
S3,1994,40-44,
S3,1994,45-49,
S3,1994,50-54,
S3,1994,55-59,
S3,1994,60-64,
S3,1994,65-69,
S3,1994,70-74,
S3,1994,75+,
S3,1994,0-8,59595223.13713873
S3,1994,9-14,41740069.6454506
S3,1994,0-17,
S3,1994,18-29,
S3,1994,30-65,
S3,1994,66+,33635697.010122955
S3,1994,15-26,88055297.83250715
S3,1994,27-45,128248887.63557371
S3,1994,46-65,87860301.60850537
S3,1995,00-04,
S3,1995,05-09,
S3,1995,10-14,
S3,1995,15-19,
S3,1995,20-24,
S3,1995,25-29,
S3,1995,30-34,
S3,1995,35-39,
S3,1995,40-44,
S3,1995,45-49,
S3,1995,50-54,
S3,1995,55-59,
S3,1995,60-64,
S3,1995,65-69,
S3,1995,70-74,
S3,1995,75+,
S3,1995,0-8,60798718.58577021
S3,1995,9-14,42582989.28228564
S3,1995,0-17,
S3,1995,18-29,
S3,1995,30-65,
S3,1995,66+,34314952.93253273
S3,1995,15-26,89833530.12346521
S3,1995,27-45,130838809.1835857
S3,1995,46-65,89634596.04915035
S3,1996,00-04,
S3,1996,05-09,
S3,1996,10-14,
S3,1996,15-19,
S3,1996,20-24,
S3,1996,25-29,
S3,1996,30-34,
S3,1996,35-39,
S3,1996,40-44,
S3,1996,45-49,
S3,1996,50-54,
S3,1996,55-59,
S3,1996,60-64,
S3,1996,65-69,
S3,1996,70-74,
S3,1996,75+,
S3,1996,0-8,62024583.61242232
S3,1996,9-14,43441576.41217415
S3,1996,0-17,
S3,1996,18-29,
S3,1996,30-65,
S3,1996,66+,35006834.30223405
S3,1996,15-26,91644814.72551979
S3,1996,27-45,133476870.05127826
S3,1996,46-65,91441869.60738689
S3,1997,00-04,
S3,1997,05-09,
S3,1997,10-14,
S3,1997,15-19,
S3,1997,20-24,
S3,1997,25-29,
S3,1997,30-34,
S3,1997,35-39,
S3,1997,40-44,
S3,1997,45-49,
S3,1997,50-54,
S3,1997,55-59,
S3,1997,60-64,
S3,1997,65-69,
S3,1997,70-74,
S3,1997,75+,
S3,1997,0-8,63254560.16537029
S3,1997,9-14,44303043.22578401
S3,1997,0-17,
S3,1997,18-29,
S3,1997,30-65,
S3,1997,66+,35701036.22793716
S3,1997,15-26,93462174.33918558
S3,1997,27-45,136123778.9213133
S3,1997,46-65,93255204.72427595
S3,1998,00-04,
S3,1998,05-09,
S3,1998,10-14,
S3,1998,15-19,
S3,1998,20-24,
S3,1998,25-29,
S3,1998,30-34,
S3,1998,35-39,
S3,1998,40-44,
S3,1998,45-49,
S3,1998,50-54,
S3,1998,55-59,
S3,1998,60-64,
S3,1998,65-69,
S3,1998,70-74,
S3,1998,75+,
S3,1998,0-8,64488479.61141278
S3,1998,9-14,45167271.61362259
S3,1998,0-17,
S3,1998,18-29,
S3,1998,30-65,
S3,1998,66+,36397463.532630384
S3,1998,15-26,95285359.79941222
S3,1998,27-45,138779172.89513394
S3,1998,46-65,95074352.78653622
S3,1999,00-04,
S3,1999,05-09,
S3,1999,10-14,
S3,1999,15-19,
S3,1999,20-24,
S3,1999,25-29,
S3,1999,30-34,
S3,1999,35-39,
S3,1999,40-44,
S3,1999,45-49,
S3,1999,50-54,
S3,1999,55-59,
S3,1999,60-64,
S3,1999,65-69,
S3,1999,70-74,
S3,1999,75+,
S3,1999,0-8,65727031.17588694
S3,1999,9-14,46034744.30420502
S3,1999,0-17,
S3,1999,18-29,
S3,1999,30-65,
S3,1999,66+,37096505.21686405
S3,1999,15-26,97115389.47544378
S3,1999,27-45,141444535.1852891
S3,1999,46-65,96900329.90825903
S3,2000,00-04,
S3,2000,05-09,
S3,2000,10-14,
S3,2000,15-19,
S3,2000,20-24,
S3,2000,25-29,
S3,2000,30-34,
S3,2000,35-39,
S3,2000,40-44,
S3,2000,45-49,
S3,2000,50-54,
S3,2000,55-59,
S3,2000,60-64,
S3,2000,65-69,
S3,2000,70-74,
S3,2000,75+,
S3,2000,0-8,66965763.02169569
S3,2000,9-14,46902343.262549594
S3,2000,0-17,
S3,2000,18-29,
S3,2000,30-65,
S3,2000,66+,37795648.652346015
S3,2000,15-26,98945685.52729845
S3,2000,27-45,144110285.44077775
S3,2000,46-65,98726572.81592238
S3,2001,00-04,
S3,2001,05-09,
S3,2001,10-14,
S3,2001,15-19,
S3,2001,20-24,
S3,2001,25-29,
S3,2001,30-34,
S3,2001,35-39,
S3,2001,40-44,
S3,2001,45-49,
S3,2001,50-54,
S3,2001,55-59,
S3,2001,60-64,
S3,2001,65-69,
S3,2001,70-74,
S3,2001,75+,
S3,2001,0-8,68223873.65495604
S3,2001,9-14,47783514.98554367
S3,2001,0-17,
S3,2001,18-29,
S3,2001,30-65,
S3,2001,66+,38505729.52524048
S3,2001,15-26,100804614.82878044
S3,2001,27-45,146817738.8362762
S3,2001,46-65,100581385.5656079
S3,2002,00-04,
S3,2002,05-09,
S3,2002,10-14,
S3,2002,15-19,
S3,2002,20-24,
S3,2002,25-29,
S3,2002,30-34,
S3,2002,35-39,
S3,2002,40-44,
S3,2002,45-49,
S3,2002,50-54,
S3,2002,55-59,
S3,2002,60-64,
S3,2002,65-69,
S3,2002,70-74,
S3,2002,75+,
S3,2002,0-8,69502989.97572926
S3,2002,9-14,48679398.9423978
S3,2002,0-17,
S3,2002,18-29,
S3,2002,30-65,
S3,2002,66+,39227666.06212056
S3,2002,15-26,102694581.21633667
S3,2002,27-45,149570396.45982713
S3,2002,46-65,102467166.67052788
S3,2003,00-04,
S3,2003,05-09,
S3,2003,10-14,
S3,2003,15-19,
S3,2003,20-24,
S3,2003,25-29,
S3,2003,30-34,
S3,2003,35-39,
S3,2003,40-44,
S3,2003,45-49,
S3,2003,50-54,
S3,2003,55-59,
S3,2003,60-64,
S3,2003,65-69,
S3,2003,70-74,
S3,2003,75+,
S3,2003,0-8,70731882.32573186
S3,2003,9-14,49540106.38799013
S3,2003,0-17,
S3,2003,18-29,
S3,2003,30-65,
S3,2003,66+,39921256.060896575
S3,2003,15-26,104510338.85910207
S3,2003,27-45,152214972.12571615
S3,2003,46-65,104278903.36404026
S3,2004,00-04,
S3,2004,05-09,
S3,2004,10-14,
S3,2004,15-19,
S3,2004,20-24,
S3,2004,25-29,
S3,2004,30-34,
S3,2004,35-39,
S3,2004,40-44,
S3,2004,45-49,
S3,2004,50-54,
S3,2004,55-59,
S3,2004,60-64,
S3,2004,65-69,
S3,2004,70-74,
S3,2004,75+,
S3,2004,0-8,71950611.9442315
S3,2004,9-14,50393695.92885131
S3,2004,0-17,
S3,2004,18-29,
S3,2004,30-65,
S3,2004,66+,40609110.187909245
S3,2004,15-26,106311080.49383561
S3,2004,27-45,154837677.5989624
S3,2004,46-65,106075657.30208981
S3,2005,00-04,
S3,2005,05-09,
S3,2005,10-14,
S3,2005,15-19,
S3,2005,20-24,
S3,2005,25-29,
S3,2005,30-34,
S3,2005,35-39,
S3,2005,40-44,
S3,2005,45-49,
S3,2005,50-54,
S3,2005,55-59,
S3,2005,60-64,
S3,2005,65-69,
S3,2005,70-74,
S3,2005,75+,
S3,2005,0-8,73181434.04575904
S3,2005,9-14,51255754.95866144
S3,2005,0-17,
S3,2005,18-29,
S3,2005,30-65,
S3,2005,66+,41303789.343402445
S3,2005,15-26,108129689.4531383
S3,2005,27-45,157486406.08907893
S3,2005,46-65,107890238.9979713
S3,2006,00-04,
S3,2006,05-09,
S3,2006,10-14,
S3,2006,15-19,
S3,2006,20-24,
S3,2006,25-29,
S3,2006,30-34,
S3,2006,35-39,
S3,2006,40-44,
S3,2006,45-49,
S3,2006,50-54,
S3,2006,55-59,
S3,2006,60-64,
S3,2006,65-69,
S3,2006,70-74,
S3,2006,75+,
S3,2006,0-8,74339559.7507736
S3,2006,9-14,52066897.95034477
S3,2006,0-17,
S3,2006,18-29,
S3,2006,30-65,
S3,2006,66+,41957438.46598184
S3,2006,15-26,109840885.39325361
S3,2006,27-45,159978691.97361177
S3,2006,46-65,109597645.53807247
S3,2007,00-04,
S3,2007,05-09,
S3,2007,10-14,
S3,2007,15-19,
S3,2007,20-24,
S3,2007,25-29,
S3,2007,30-34,
S3,2007,35-39,
S3,2007,40-44,
S3,2007,45-49,
S3,2007,50-54,
S3,2007,55-59,
S3,2007,60-64,
S3,2007,65-69,
S3,2007,70-74,
S3,2007,75+,
S3,2007,0-8,75514442.35434438
S3,2007,9-14,52889777.354377255
S3,2007,0-17,
S3,2007,18-29,
S3,2007,30-65,
S3,2007,66+,42620545.22514677
S3,2007,15-26,111576840.59452182
S3,2007,27-45,162507038.69468385
S3,2007,46-65,111329756.51057065
S3,2008,00-04,
S3,2008,05-09,
S3,2008,10-14,
S3,2008,15-19,
S3,2008,20-24,
S3,2008,25-29,
S3,2008,30-34,
S3,2008,35-39,
S3,2008,40-44,
S3,2008,45-49,
S3,2008,50-54,
S3,2008,55-59,
S3,2008,60-64,
S3,2008,65-69,
S3,2008,70-74,
S3,2008,75+,
S3,2008,0-8,76625651.36423153
S3,2008,9-14,53668060.22709353
S3,2008,0-17,
S3,2008,18-29,
S3,2008,30-65,
S3,2008,66+,43247714.4444896
S3,2008,15-26,113218714.47583295
S3,2008,27-45,164898359.8769321
S3,2008,46-65,112967994.50380886
S3,2009,00-04,
S3,2009,05-09,
S3,2009,10-14,
S3,2009,15-19,
S3,2009,20-24,
S3,2009,25-29,
S3,2009,30-34,
S3,2009,35-39,
S3,2009,40-44,
S3,2009,45-49,
S3,2009,50-54,
S3,2009,55-59,
S3,2009,60-64,
S3,2009,65-69,
S3,2009,70-74,
S3,2009,75+,
S3,2009,0-8,77733079.89306349
S3,2009,9-14,54443695.277816236
S3,2009,0-17,
S3,2009,18-29,
S3,2009,30-65,
S3,2009,66+,43872749.95061457
S3,2009,15-26,114855002.48351628
S3,2009,27-45,167281545.46601486
S3,2009,46-65,114600658.99319488
S3,2010,00-04,
S3,2010,05-09,
S3,2010,10-14,
S3,2010,15-19,
S3,2010,20-24,
S3,2010,25-29,
S3,2010,30-34,
S3,2010,35-39,
S3,2010,40-44,
S3,2010,45-49,
S3,2010,50-54,
S3,2010,55-59,
S3,2010,60-64,
S3,2010,65-69,
S3,2010,70-74,
S3,2010,75+,
S3,2010,0-8,78891306.32795735
S3,2010,9-14,55254908.81998931
S3,2010,0-17,
S3,2010,18-29,
S3,2010,30-65,
S3,2010,66+,44526455.925396204
S3,2010,15-26,116566347.2577002
S3,2010,27-45,169774048.121193
S3,2010,46-65,116308214.0377754
S3,2011,00-04,
S3,2011,05-09,
S3,2011,10-14,
S3,2011,15-19,
S3,2011,20-24,
S3,2011,25-29,
S3,2011,30-34,
S3,2011,35-39,
S3,2011,40-44,
S3,2011,45-49,
S3,2011,50-54,
S3,2011,55-59,
S3,2011,60-64,
S3,2011,65-69,
S3,2011,70-74,
S3,2011,75+,
S3,2011,0-8,80048392.17235185
S3,2011,9-14,56065323.50070377
S3,2011,0-17,
S3,2011,18-29,
S3,2011,30-65,
S3,2011,66+,45179518.147970915
S3,2011,15-26,118276006.7451976
S3,2011,27-45,172264096.22623965
S3,2011,46-65,118014087.5276941
S3,2012,00-04,
S3,2012,05-09,
S3,2012,10-14,
S3,2012,15-19,
S3,2012,20-24,
S3,2012,25-29,
S3,2012,30-34,
S3,2012,35-39,
S3,2012,40-44,
S3,2012,45-49,
S3,2012,50-54,
S3,2012,55-59,
S3,2012,60-64,
S3,2012,65-69,
S3,2012,70-74,
S3,2012,75+,
S3,2012,0-8,81181565.19343936
S3,2012,9-14,56858989.81036246
S3,2012,0-17,
S3,2012,18-29,
S3,2012,30-65,
S3,2012,66+,45819083.9116503
S3,2012,15-26,119950333.68979195
S3,2012,27-45,174702683.94859275
S3,2012,46-65,119684706.71772993
S3,2013,00-04,
S3,2013,05-09,
S3,2013,10-14,
S3,2013,15-19,
S3,2013,20-24,
S3,2013,25-29,
S3,2013,30-34,
S3,2013,35-39,
S3,2013,40-44,
S3,2013,45-49,
S3,2013,50-54,
S3,2013,55-59,
S3,2013,60-64,
S3,2013,65-69,
S3,2013,70-74,
S3,2013,75+,
S3,2013,0-8,82344015.55083317
S3,2013,9-14,57668633.24279335
S3,2013,0-17,
S3,2013,18-29,
S3,2013,30-65,
S3,2013,66+,46415841.50507069
S3,2013,15-26,121631842.85417125
S3,2013,27-45,177064098.13248664
S3,2013,46-65,121267755.76761031
S3,2014,00-04,
S3,2014,05-09,
S3,2014,10-14,
S3,2014,15-19,
S3,2014,20-24,
S3,2014,25-29,
S3,2014,30-34,
S3,2014,35-39,
S3,2014,40-44,
S3,2014,45-49,
S3,2014,50-54,
S3,2014,55-59,
S3,2014,60-64,
S3,2014,65-69,
S3,2014,70-74,
S3,2014,75+,
S3,2014,0-8,83507687.23326519
S3,2014,9-14,58479145.20015818
S3,2014,0-17,
S3,2014,18-29,
S3,2014,30-65,
S3,2014,66+,47013398.70987117
S3,2014,15-26,123315113.07231838
S3,2014,27-45,179428152.20960662
S3,2014,46-65,122852816.73541224
S3,2015,00-04,
S3,2015,05-09,
S3,2015,10-14,
S3,2015,15-19,
S3,2015,20-24,
S3,2015,25-29,
S3,2015,30-34,
S3,2015,35-39,
S3,2015,40-44,
S3,2015,45-49,
S3,2015,50-54,
S3,2015,55-59,
S3,2015,60-64,
S3,2015,65-69,
S3,2015,70-74,
S3,2015,75+,
S3,2015,0-8,84672138.21179189
S3,2015,9-14,59290291.58908202
S3,2015,0-17,
S3,2015,18-29,
S3,2015,30-65,
S3,2015,66+,47611840.18918276
S3,2015,15-26,124999788.91935149
S3,2015,27-45,181794812.06308657
S3,2015,46-65,124440028.7877835
S3,2016,00-04,
S3,2016,05-09,
S3,2016,10-14,
S3,2016,15-19,
S3,2016,20-24,
S3,2016,25-29,
S3,2016,30-34,
S3,2016,35-39,
S3,2016,40-44,
S3,2016,45-49,
S3,2016,50-54,
S3,2016,55-59,
S3,2016,60-64,
S3,2016,65-69,
S3,2016,70-74,
S3,2016,75+,
S3,2016,0-8,85805863.7271408
S3,2016,9-14,60080003.24010347
S3,2016,0-17,
S3,2016,18-29,
S3,2016,30-65,
S3,2016,66+,48194170.61755955
S3,2016,15-26,126639675.71842891
S3,2016,27-45,184098605.6621145
S3,2016,46-65,125984968.3508032
S3,2017,00-04,
S3,2017,05-09,
S3,2017,10-14,
S3,2017,15-19,
S3,2017,20-24,
S3,2017,25-29,
S3,2017,30-34,
S3,2017,35-39,
S3,2017,40-44,
S3,2017,45-49,
S3,2017,50-54,
S3,2017,55-59,
S3,2017,60-64,
S3,2017,65-69,
S3,2017,70-74,
S3,2017,75+,
S3,2017,0-8,86876642.93507278
S3,2017,9-14,60825823.42112869
S3,2017,0-17,
S3,2017,18-29,
S3,2017,30-65,
S3,2017,66+,48743231.92036772
S3,2017,15-26,128188021.63735902
S3,2017,27-45,186273400.55190378
S3,2017,46-65,127442669.21820223
S3,2018,00-04,
S3,2018,05-09,
S3,2018,10-14,
S3,2018,15-19,
S3,2018,20-24,
S3,2018,25-29,
S3,2018,30-34,
S3,2018,35-39,
S3,2018,40-44,
S3,2018,45-49,
S3,2018,50-54,
S3,2018,55-59,
S3,2018,60-64,
S3,2018,65-69,
S3,2018,70-74,
S3,2018,75+,
S3,2018,0-8,87947675.69880687
S3,2018,9-14,61571868.45632614
S3,2018,0-17,
S3,2018,18-29,
S3,2018,30-65,
S3,2018,66+,49292860.94123304
S3,2018,15-26,129736857.24921864
S3,2018,27-45,188449395.2286759
S3,2018,46-65,128901647.4613148
S3,2019,00-04,
S3,2019,05-09,
S3,2019,10-14,
S3,2019,15-19,
S3,2019,20-24,
S3,2019,25-29,
S3,2019,30-34,
S3,2019,35-39,
S3,2019,40-44,
S3,2019,45-49,
S3,2019,50-54,
S3,2019,55-59,
S3,2019,60-64,
S3,2019,65-69,
S3,2019,70-74,
S3,2019,75+,
S3,2019,0-8,89020702.69217771
S3,2019,9-14,62319359.675910026
S3,2019,0-17,
S3,2019,18-29,
S3,2019,30-65,
S3,2019,66+,49843634.17103517
S3,2019,15-26,131288702.70465752
S3,2019,27-45,190629825.38353145
S3,2019,46-65,130363787.90052086
S3,2020,00-04,
S3,2020,05-09,
S3,2020,10-14,
S3,2020,15-19,
S3,2020,20-24,
S3,2020,25-29,
S3,2020,30-34,
S3,2020,35-39,
S3,2020,40-44,
S3,2020,45-49,
S3,2020,50-54,
S3,2020,55-59,
S3,2020,60-64,
S3,2020,65-69,
S3,2020,70-74,
S3,2020,75+,
S3,2020,0-8,90094770.11046351
S3,2020,9-14,63067661.10944219
S3,2020,0-17,
S3,2020,18-29,
S3,2020,30-65,
S3,2020,66+,50395703.473320365
S3,2020,15-26,132842359.1237534
S3,2020,27-45,192813714.0180034
S3,2020,46-65,131828905.16324496
S3,2021,00-04,
S3,2021,05-09,
S3,2021,10-14,
S3,2021,15-19,
S3,2021,20-24,
S3,2021,25-29,
S3,2021,30-34,
S3,2021,35-39,
S3,2021,40-44,
S3,2021,45-49,
S3,2021,50-54,
S3,2021,55-59,
S3,2021,60-64,
S3,2021,65-69,
S3,2021,70-74,
S3,2021,75+,
S3,2021,0-8,91136625.55019476
S3,2021,9-14,63793091.54812376
S3,2021,0-17,
S3,2021,18-29,
S3,2021,30-65,
S3,2021,66+,50929838.70685446
S3,2021,15-26,134348735.13882172
S3,2021,27-45,194927317.11041546
S3,2021,46-65,133247496.5337246
S3,2022,00-04,
S3,2022,05-09,
S3,2022,10-14,
S3,2022,15-19,
S3,2022,20-24,
S3,2022,25-29,
S3,2022,30-34,
S3,2022,35-39,
S3,2022,40-44,
S3,2022,45-49,
S3,2022,50-54,
S3,2022,55-59,
S3,2022,60-64,
S3,2022,65-69,
S3,2022,70-74,
S3,2022,75+,
S3,2022,0-8,92111993.0054335
S3,2022,9-14,64471325.72914827
S3,2022,0-17,
S3,2022,18-29,
S3,2022,30-65,
S3,2022,66+,51426969.83312905
S3,2022,15-26,135757698.54233146
S3,2022,27-45,196895673.03804696
S3,2022,46-65,134569844.0375064
S3,2023,00-04,
S3,2023,05-09,
S3,2023,10-14,
S3,2023,15-19,
S3,2023,20-24,
S3,2023,25-29,
S3,2023,30-34,
S3,2023,35-39,
S3,2023,40-44,
S3,2023,45-49,
S3,2023,50-54,
S3,2023,55-59,
S3,2023,60-64,
S3,2023,65-69,
S3,2023,70-74,
S3,2023,75+,
S3,2023,0-8,93088578.26494858
S3,2023,9-14,65150466.68806365
S3,2023,0-17,
S3,2023,18-29,
S3,2023,30-65,
S3,2023,66+,51925203.85489261
S3,2023,15-26,137168454.88392323
S3,2023,27-45,198867258.30709803
S3,2023,46-65,135894910.21268743
S3,2024,00-04,
S3,2024,05-09,
S3,2024,10-14,
S3,2024,15-19,
S3,2024,20-24,
S3,2024,25-29,
S3,2024,30-34,
S3,2024,35-39,
S3,2024,40-44,
S3,2024,45-49,
S3,2024,50-54,
S3,2024,55-59,
S3,2024,60-64,
S3,2024,65-69,
S3,2024,70-74,
S3,2024,75+,
S3,2024,0-8,94067056.66766486
S3,2024,9-14,65830983.067123085
S3,2024,0-17,
S3,2024,18-29,
S3,2024,30-65,
S3,2024,66+,52424736.664501786
S3,2024,15-26,138582106.21420795
S3,2024,27-45,200843262.98759824
S3,2024,46-65,137223276.62658262
S3,2025,00-04,
S3,2025,05-09,
S3,2025,10-14,
S3,2025,15-19,
S3,2025,20-24,
S3,2025,25-29,
S3,2025,30-34,
S3,2025,35-39,
S3,2025,40-44,
S3,2025,45-49,
S3,2025,50-54,
S3,2025,55-59,
S3,2025,60-64,
S3,2025,65-69,
S3,2025,70-74,
S3,2025,75+,
S3,2025,0-8,95046626.17359352
S3,2025,9-14,66512339.326788366
S3,2025,0-17,
S3,2025,18-29,
S3,2025,30-65,
S3,2025,66+,52925229.0760411
S3,2025,15-26,139997618.94902962
S3,2025,27-45,202822417.5736478
S3,2025,46-65,138554122.00391835
S3,2026,00-04,
S3,2026,05-09,
S3,2026,10-14,
S3,2026,15-19,
S3,2026,20-24,
S3,2026,25-29,
S3,2026,30-34,
S3,2026,35-39,
S3,2026,40-44,
S3,2026,45-49,
S3,2026,50-54,
S3,2026,55-59,
S3,2026,60-64,
S3,2026,65-69,
S3,2026,70-74,
S3,2026,75+,
S3,2026,0-8,95987198.20861691
S3,2026,9-14,67166342.4945544
S3,2026,0-17,
S3,2026,18-29,
S3,2026,30-65,
S3,2026,66+,53405766.79453397
S3,2026,15-26,141357011.46813655
S3,2026,27-45,204721563.84189826
S3,2026,46-65,139832320.80642462
S3,2027,00-04,
S3,2027,05-09,
S3,2027,10-14,
S3,2027,15-19,
S3,2027,20-24,
S3,2027,25-29,
S3,2027,30-34,
S3,2027,35-39,
S3,2027,40-44,
S3,2027,45-49,
S3,2027,50-54,
S3,2027,55-59,
S3,2027,60-64,
S3,2027,65-69,
S3,2027,70-74,
S3,2027,75+,
S3,2027,0-8,96848188.41664463
S3,2027,9-14,67764465.66668802
S3,2027,0-17,
S3,2027,18-29,
S3,2027,30-65,
S3,2027,66+,53844946.33871138
S3,2027,15-26,142601706.46078396
S3,2027,27-45,206456359.5336175
S3,2027,46-65,141001835.55111277
S3,2028,00-04,
S3,2028,05-09,
S3,2028,10-14,
S3,2028,15-19,
S3,2028,20-24,
S3,2028,25-29,
S3,2028,30-34,
S3,2028,35-39,
S3,2028,40-44,
S3,2028,45-49,
S3,2028,50-54,
S3,2028,55-59,
S3,2028,60-64,
S3,2028,65-69,
S3,2028,70-74,
S3,2028,75+,
S3,2028,0-8,97710023.51680781
S3,2028,9-14,68363216.61418389
S3,2028,0-17,
S3,2028,18-29,
S3,2028,30-65,
S3,2028,66+,54284985.98877156
S3,2028,15-26,143847717.71699172
S3,2028,27-45,208193480.8003953
S3,2028,46-65,142173401.98188972
S3,2029,00-04,
S3,2029,05-09,
S3,2029,10-14,
S3,2029,15-19,
S3,2029,20-24,
S3,2029,25-29,
S3,2029,30-34,
S3,2029,35-39,
S3,2029,40-44,
S3,2029,45-49,
S3,2029,50-54,
S3,2029,55-59,
S3,2029,60-64,
S3,2029,65-69,
S3,2029,70-74,
S3,2029,75+,
S3,2029,0-8,98573694.37102398
S3,2029,9-14,68963363.66212735
S3,2029,0-17,
S3,2029,18-29,
S3,2029,30-65,
S3,2029,66+,54726449.661729455
S3,2029,15-26,145096758.3936144
S3,2029,27-45,209935506.28333753
S3,2029,46-65,143348633.15107238
S3,2030,00-04,
S3,2030,05-09,
S3,2030,10-14,
S3,2030,15-19,
S3,2030,20-24,
S3,2030,25-29,
S3,2030,30-34,
S3,2030,35-39,
S3,2030,40-44,
S3,2030,45-49,
S3,2030,50-54,
S3,2030,55-59,
S3,2030,60-64,
S3,2030,65-69,
S3,2030,70-74,
S3,2030,75+,
S3,2030,0-8,99439331.5133869
S3,2030,9-14,69564942.07359964
S3,2030,0-17,
S3,2030,18-29,
S3,2030,30-65,
S3,2030,66+,55169220.54210985
S3,2030,15-26,146348665.862307
S3,2030,27-45,211682025.3637885
S3,2030,46-65,144527277.44661993
S3,2031,00-04,
S3,2031,05-09,
S3,2031,10-14,
S3,2031,15-19,
S3,2031,20-24,
S3,2031,25-29,
S3,2031,30-34,
S3,2031,35-39,
S3,2031,40-44,
S3,2031,45-49,
S3,2031,50-54,
S3,2031,55-59,
S3,2031,60-64,
S3,2031,65-69,
S3,2031,70-74,
S3,2031,75+,
S3,2031,0-8,100263501.43388715
S3,2031,9-14,70137752.1116566
S3,2031,0-17,
S3,2031,18-29,
S3,2031,30-65,
S3,2031,66+,55591445.326402426
S3,2031,15-26,147540877.48917118
S3,2031,27-45,213345717.0210545
S3,2031,46-65,145651183.85762537
S3,2032,00-04,
S3,2032,05-09,
S3,2032,10-14,
S3,2032,15-19,
S3,2032,20-24,
S3,2032,25-29,
S3,2032,30-34,
S3,2032,35-39,
S3,2032,40-44,
S3,2032,45-49,
S3,2032,50-54,
S3,2032,55-59,
S3,2032,60-64,
S3,2032,65-69,
S3,2032,70-74,
S3,2032,75+,
S3,2032,0-8,101004286.6609184
S3,2032,9-14,70652629.58793695
S3,2032,0-17,
S3,2032,18-29,
S3,2032,30-65,
S3,2032,66+,55971337.9868561
S3,2032,15-26,148612652.80808735
S3,2032,27-45,214841086.76001757
S3,2032,46-65,146662900.5715081
S3,2033,00-04,
S3,2033,05-09,
S3,2033,10-14,
S3,2033,15-19,
S3,2033,20-24,
S3,2033,25-29,
S3,2033,30-34,
S3,2033,35-39,
S3,2033,40-44,
S3,2033,45-49,
S3,2033,50-54,
S3,2033,55-59,
S3,2033,60-64,
S3,2033,65-69,
S3,2033,70-74,
S3,2033,75+,
S3,2033,0-8,101745908.44297904
S3,2033,9-14,71168223.63270164
S3,2033,0-17,
S3,2033,18-29,
S3,2033,30-65,
S3,2033,66+,56352277.635246634
S3,2033,15-26,149685772.29807925
S3,2033,27-45,216339165.43902034
S3,2033,46-65,147677158.97456825
S3,2034,00-04,
S3,2034,05-09,
S3,2034,10-14,
S3,2034,15-19,
S3,2034,20-24,
S3,2034,25-29,
S3,2034,30-34,
S3,2034,35-39,
S3,2034,40-44,
S3,2034,45-49,
S3,2034,50-54,
S3,2034,55-59,
S3,2034,60-64,
S3,2034,65-69,
S3,2034,70-74,
S3,2034,75+,
S3,2034,0-8,102489505.11270262
S3,2034,9-14,71685252.43264262
S3,2034,0-17,
S3,2034,18-29,
S3,2034,30-65,
S3,2034,66+,56734771.050510764
S3,2034,15-26,150762208.50687766
S3,2034,27-45,217842493.9328099
S3,2034,46-65,148695319.5254823
S3,2035,00-04,
S3,2035,05-09,
S3,2035,10-14,
S3,2035,15-19,
S3,2035,20-24,
S3,2035,25-29,
S3,2035,30-34,
S3,2035,35-39,
S3,2035,40-44,
S3,2035,45-49,
S3,2035,50-54,
S3,2035,55-59,
S3,2035,60-64,
S3,2035,65-69,
S3,2035,70-74,
S3,2035,75+,
S3,2035,0-8,103234497.07433516
S3,2035,9-14,72203340.1298647
S3,2035,0-17,
S3,2035,18-29,
S3,2035,30-65,
S3,2035,66+,57118128.24426055
S3,2035,15-26,151840604.24887633
S3,2035,27-45,219348896.84251815
S3,2035,46-65,149715803.47069895
S3,2036,00-04,
S3,2036,05-09,
S3,2036,10-14,
S3,2036,15-19,
S3,2036,20-24,
S3,2036,25-29,
S3,2036,30-34,
S3,2036,35-39,
S3,2036,40-44,
S3,2036,45-49,
S3,2036,50-54,
S3,2036,55-59,
S3,2036,60-64,
S3,2036,65-69,
S3,2036,70-74,
S3,2036,75+,
S3,2036,0-8,103981281.71918537
S3,2036,9-14,72722768.51249932
S3,2036,0-17,
S3,2036,18-29,
S3,2036,30-65,
S3,2036,66+,57503191.85206926
S3,2036,15-26,152921892.28397834
S3,2036,27-45,220860340.43724084
S3,2036,46-65,150740457.04940844
S3,2037,00-04,
S3,2037,05-09,
S3,2037,10-14,
S3,2037,15-19,
S3,2037,20-24,
S3,2037,25-29,
S3,2037,30-34,
S3,2037,35-39,
S3,2037,40-44,
S3,2037,45-49,
S3,2037,50-54,
S3,2037,55-59,
S3,2037,60-64,
S3,2037,65-69,
S3,2037,70-74,
S3,2037,75+,
S3,2037,0-8,104650362.34735318
S3,2037,9-14,73190712.30809368
S3,2037,0-17,
S3,2037,18-29,
S3,2037,30-65,
S3,2037,66+,57873203.368468404
S3,2037,15-26,153905887.42289475
S3,2037,27-45,222281494.06098807
S3,2037,46-65,151710415.46909094
S3,2038,00-04,
S3,2038,05-09,
S3,2038,10-14,
S3,2038,15-19,
S3,2038,20-24,
S3,2038,25-29,
S3,2038,30-34,
S3,2038,35-39,
S3,2038,40-44,
S3,2038,45-49,
S3,2038,50-54,
S3,2038,55-59,
S3,2038,60-64,
S3,2038,65-69,
S3,2038,70-74,
S3,2038,75+,
S3,2038,0-8,105290816.82789874
S3,2038,9-14,73638635.45504332
S3,2038,0-17,
S3,2038,18-29,
S3,2038,30-65,
S3,2038,66+,58227384.2004261
S3,2038,15-26,154847783.01667362
S3,2038,27-45,223641844.61898416
S3,2038,46-65,152638874.8948704
S3,2039,00-04,
S3,2039,05-09,
S3,2039,10-14,
S3,2039,15-19,
S3,2039,20-24,
S3,2039,25-29,
S3,2039,30-34,
S3,2039,35-39,
S3,2039,40-44,
S3,2039,45-49,
S3,2039,50-54,
S3,2039,55-59,
S3,2039,60-64,
S3,2039,65-69,
S3,2039,70-74,
S3,2039,75+,
S3,2039,0-8,105902894.84904695
S3,2039,9-14,74066712.5811145
S3,2039,0-17,
S3,2039,18-29,
S3,2039,30-65,
S3,2039,66+,58565872.42923617
S3,2039,15-26,155747946.27367392
S3,2039,27-45,224941922.45885968
S3,2039,46-65,153526197.296867
S3,2040,00-04,
S3,2040,05-09,
S3,2040,10-14,
S3,2040,15-19,
S3,2040,20-24,
S3,2040,25-29,
S3,2040,30-34,
S3,2040,35-39,
S3,2040,40-44,
S3,2040,45-49,
S3,2040,50-54,
S3,2040,55-59,
S3,2040,60-64,
S3,2040,65-69,
S3,2040,70-74,
S3,2040,75+,
S3,2040,0-8,106488500.38473672
S3,2040,9-14,74476275.29382098
S3,2040,0-17,
S3,2040,18-29,
S3,2040,30-65,
S3,2040,66+,58889720.98074138
S3,2040,15-26,156609177.30650067
S3,2040,27-45,226185771.6962989
S3,2040,46-65,154375142.84399867
S3,2041,00-04,
S3,2041,05-09,
S3,2041,10-14,
S3,2041,15-19,
S3,2041,20-24,
S3,2041,25-29,
S3,2041,30-34,
S3,2041,35-39,
S3,2041,40-44,
S3,2041,45-49,
S3,2041,50-54,
S3,2041,55-59,
S3,2041,60-64,
S3,2041,65-69,
S3,2041,70-74,
S3,2041,75+,
S3,2041,0-8,107049006.58523774
S3,2041,9-14,74868283.95148438
S3,2041,0-17,
S3,2041,18-29,
S3,2041,30-65,
S3,2041,66+,59199689.22741771
S3,2041,15-26,157433495.56263638
S3,2041,27-45,227376308.9565931
S3,2041,46-65,155187702.1762712
S3,2042,00-04,
S3,2042,05-09,
S3,2042,10-14,
S3,2042,15-19,
S3,2042,20-24,
S3,2042,25-29,
S3,2042,30-34,
S3,2042,35-39,
S3,2042,40-44,
S3,2042,45-49,
S3,2042,50-54,
S3,2042,55-59,
S3,2042,60-64,
S3,2042,65-69,
S3,2042,70-74,
S3,2042,75+,
S3,2042,0-8,107582484.50778869
S3,2042,9-14,75241389.48381439
S3,2042,0-17,
S3,2042,18-29,
S3,2042,30-65,
S3,2042,66+,59494710.43529379
S3,2042,15-26,158218064.20864064
S3,2042,27-45,228509437.08929443
S3,2042,46-65,155961078.92775464
S3,2043,00-04,
S3,2043,05-09,
S3,2043,10-14,
S3,2043,15-19,
S3,2043,20-24,
S3,2043,25-29,
S3,2043,30-34,
S3,2043,35-39,
S3,2043,40-44,
S3,2043,45-49,
S3,2043,50-54,
S3,2043,55-59,
S3,2043,60-64,
S3,2043,65-69,
S3,2043,70-74,
S3,2043,75+,
S3,2043,0-8,108087743.74690689
S3,2043,9-14,75594759.34113576
S3,2043,0-17,
S3,2043,18-29,
S3,2043,30-65,
S3,2043,66+,59774126.292472124
S3,2043,15-26,158961132.55385098
S3,2043,27-45,229582627.62624192
S3,2043,46-65,156693547.3814404
S3,2044,00-04,
S3,2044,05-09,
S3,2044,10-14,
S3,2044,15-19,
S3,2044,20-24,
S3,2044,25-29,
S3,2044,30-34,
S3,2044,35-39,
S3,2044,40-44,
S3,2044,45-49,
S3,2044,50-54,
S3,2044,55-59,
S3,2044,60-64,
S3,2044,65-69,
S3,2044,70-74,
S3,2044,75+,
S3,2044,0-8,108564221.62680371
S3,2044,9-14,75927999.99741702
S3,2044,0-17,
S3,2044,18-29,
S3,2044,30-65,
S3,2044,66+,60037625.630891085
S3,2044,15-26,159661873.08926833
S3,2044,27-45,230594685.4218849
S3,2044,46-65,157384291.83276927
S3,2045,00-04,
S3,2045,05-09,
S3,2045,10-14,
S3,2045,15-19,
S3,2045,20-24,
S3,2045,25-29,
S3,2045,30-34,
S3,2045,35-39,
S3,2045,40-44,
S3,2045,45-49,
S3,2045,50-54,
S3,2045,55-59,
S3,2045,60-64,
S3,2045,65-69,
S3,2045,70-74,
S3,2045,75+,
S3,2045,0-8,109015850.26463649
S3,2045,9-14,76243861.50960171
S3,2045,0-17,
S3,2045,18-29,
S3,2045,30-65,
S3,2045,66+,60287382.96969104
S3,2045,15-26,160326068.65182677
S3,2045,27-45,231553962.44803572
S3,2045,46-65,158039012.62633848
S3,2046,00-04,
S3,2046,05-09,
S3,2046,10-14,
S3,2046,15-19,
S3,2046,20-24,
S3,2046,25-29,
S3,2046,30-34,
S3,2046,35-39,
S3,2046,40-44,
S3,2046,45-49,
S3,2046,50-54,
S3,2046,55-59,
S3,2046,60-64,
S3,2046,65-69,
S3,2046,70-74,
S3,2046,75+,
S3,2046,0-8,109440679.7978195
S3,2046,9-14,76540980.1764246
S3,2046,0-17,
S3,2046,18-29,
S3,2046,30-65,
S3,2046,66+,60522320.00592625
S3,2046,15-26,160950851.64197978
S3,2046,27-45,232456317.119716
S3,2046,46-65,158654883.0689919
S3,2047,00-04,
S3,2047,05-09,
S3,2047,10-14,
S3,2047,15-19,
S3,2047,20-24,
S3,2047,25-29,
S3,2047,30-34,
S3,2047,35-39,
S3,2047,40-44,
S3,2047,45-49,
S3,2047,50-54,
S3,2047,55-59,
S3,2047,60-64,
S3,2047,65-69,
S3,2047,70-74,
S3,2047,75+,
S3,2047,0-8,109838954.92081295
S3,2047,9-14,76819527.13309671
S3,2047,0-17,
S3,2047,18-29,
S3,2047,30-65,
S3,2047,66+,60742572.05926466
S3,2047,15-26,161536581.9239192
S3,2047,27-45,233302269.17760253
S3,2047,46-65,159232257.89144886
S3,2048,00-04,
S3,2048,05-09,
S3,2048,10-14,
S3,2048,15-19,
S3,2048,20-24,
S3,2048,25-29,
S3,2048,30-34,
S3,2048,35-39,
S3,2048,40-44,
S3,2048,45-49,
S3,2048,50-54,
S3,2048,55-59,
S3,2048,60-64,
S3,2048,65-69,
S3,2048,70-74,
S3,2048,75+,
S3,2048,0-8,110210016.72663674
S3,2048,9-14,77079041.5511015
S3,2048,0-17,
S3,2048,18-29,
S3,2048,30-65,
S3,2048,66+,60947774.74436796
S3,2048,15-26,162082290.46455947
S3,2048,27-45,234090419.07730085
S3,2048,46-65,159770181.8839085
S3,2049,00-04,
S3,2049,05-09,
S3,2049,10-14,
S3,2049,15-19,
S3,2049,20-24,
S3,2049,25-29,
S3,2049,30-34,
S3,2049,35-39,
S3,2049,40-44,
S3,2049,45-49,
S3,2049,50-54,
S3,2049,55-59,
S3,2049,60-64,
S3,2049,65-69,
S3,2049,70-74,
S3,2049,75+,
S3,2049,0-8,110555081.26442884
S3,2049,9-14,77320373.91485812
S3,2049,0-17,
S3,2049,18-29,
S3,2049,30-65,
S3,2049,66+,61138600.5544554
S3,2049,15-26,162589765.66785407
S3,2049,27-45,234823349.75510705
S3,2049,46-65,160270417.93868983
S3,2050,00-04,
S3,2050,05-09,
S3,2050,10-14,
S3,2050,15-19,
S3,2050,20-24,
S3,2050,25-29,
S3,2050,30-34,
S3,2050,35-39,
S3,2050,40-44,
S3,2050,45-49,
S3,2050,50-54,
S3,2050,55-59,
S3,2050,60-64,
S3,2050,65-69,
S3,2050,70-74,
S3,2050,75+,
S3,2050,0-8,110876357.6676289
S3,2050,9-14,77545069.25532852
S3,2050,0-17,
S3,2050,18-29,
S3,2050,30-65,
S3,2050,66+,61316271.17310238
S3,2050,15-26,163062256.4345693
S3,2050,27-45,235505753.4975118
S3,2050,46-65,160736168.610896
S3,2051,00-04,
S3,2051,05-09,
S3,2051,10-14,
S3,2051,15-19,
S3,2051,20-24,
S3,2051,25-29,
S3,2051,30-34,
S3,2051,35-39,
S3,2051,40-44,
S3,2051,45-49,
S3,2051,50-54,
S3,2051,55-59,
S3,2051,60-64,
S3,2051,65-69,
S3,2051,70-74,
S3,2051,75+,
S3,2051,0-8,111175358.37204605
S3,2051,9-14,77754185.34481013
S3,2051,0-17,
S3,2051,18-29,
S3,2051,30-65,
S3,2051,66+,61481622.99975574
S3,2051,15-26,163501987.05490535
S3,2051,27-45,236140842.77778125
S3,2051,46-65,161169626.46116233
S3,2052,00-04,
S3,2052,05-09,
S3,2052,10-14,
S3,2052,15-19,
S3,2052,20-24,
S3,2052,25-29,
S3,2052,30-34,
S3,2052,35-39,
S3,2052,40-44,
S3,2052,45-49,
S3,2052,50-54,
S3,2052,55-59,
S3,2052,60-64,
S3,2052,65-69,
S3,2052,70-74,
S3,2052,75+,
S3,2052,0-8,111450991.22788844
S3,2052,9-14,77946958.3520135
S3,2052,0-17,
S3,2052,18-29,
S3,2052,30-65,
S3,2052,66+,61634052.059372544
S3,2052,15-26,163907351.33965117
S3,2052,27-45,236726297.82671458
S3,2052,46-65,161569208.21261382
S3,2053,00-04,
S3,2053,05-09,
S3,2053,10-14,
S3,2053,15-19,
S3,2053,20-24,
S3,2053,25-29,
S3,2053,30-34,
S3,2053,35-39,
S3,2053,40-44,
S3,2053,45-49,
S3,2053,50-54,
S3,2053,55-59,
S3,2053,60-64,
S3,2053,65-69,
S3,2053,70-74,
S3,2053,75+,
S3,2053,0-8,111703316.2952966
S3,2053,9-14,78123430.28199585
S3,2053,0-17,
S3,2053,18-29,
S3,2053,30-65,
S3,2053,66+,61773591.56610274
S3,2053,15-26,164278437.61730403
S3,2053,27-45,237262246.21441668
S3,2053,46-65,161935000.93373907
S3,2054,00-04,
S3,2054,05-09,
S3,2054,10-14,
S3,2054,15-19,
S3,2054,20-24,
S3,2054,25-29,
S3,2054,30-34,
S3,2054,35-39,
S3,2054,40-44,
S3,2054,45-49,
S3,2054,50-54,
S3,2054,55-59,
S3,2054,60-64,
S3,2054,65-69,
S3,2054,70-74,
S3,2054,75+,
S3,2054,0-8,111933800.52633286
S3,2054,9-14,78284627.09648311
S3,2054,0-17,
S3,2054,18-29,
S3,2054,30-65,
S3,2054,66+,61901052.76620579
S3,2054,15-26,164617403.2865951
S3,2054,27-45,237751803.8048836
S3,2054,46-65,162269131.24791312
S3,2055,00-04,
S3,2055,05-09,
S3,2055,10-14,
S3,2055,15-19,
S3,2055,20-24,
S3,2055,25-29,
S3,2055,30-34,
S3,2055,35-39,
S3,2055,40-44,
S3,2055,45-49,
S3,2055,50-54,
S3,2055,55-59,
S3,2055,60-64,
S3,2055,65-69,
S3,2055,70-74,
S3,2055,75+,
S3,2055,0-8,112137704.43359089
S3,2055,9-14,78427234.07728916
S3,2055,0-17,
S3,2055,18-29,
S3,2055,30-65,
S3,2055,66+,62013814.65281248
S3,2055,15-26,164917278.13739955
S3,2055,27-45,238184903.74007303
S3,2055,46-65,162564728.3752619
S3,2056,00-04,
S3,2056,05-09,
S3,2056,10-14,
S3,2056,15-19,
S3,2056,20-24,
S3,2056,25-29,
S3,2056,30-34,
S3,2056,35-39,
S3,2056,40-44,
S3,2056,45-49,
S3,2056,50-54,
S3,2056,55-59,
S3,2056,60-64,
S3,2056,65-69,
S3,2056,70-74,
S3,2056,75+,
S3,2056,0-8,112321205.70865181
S3,2056,9-14,78555571.79853445
S3,2056,0-17,
S3,2056,18-29,
S3,2056,30-65,
S3,2056,66+,62115293.581043124
S3,2056,15-26,165187147.49998942
S3,2056,27-45,238574667.6803757
S3,2056,46-65,162830748.04355705
S3,2057,00-04,
S3,2057,05-09,
S3,2057,10-14,
S3,2057,15-19,
S3,2057,20-24,
S3,2057,25-29,
S3,2057,30-34,
S3,2057,35-39,
S3,2057,40-44,
S3,2057,45-49,
S3,2057,50-54,
S3,2057,55-59,
S3,2057,60-64,
S3,2057,65-69,
S3,2057,70-74,
S3,2057,75+,
S3,2057,0-8,112482261.22700374
S3,2057,9-14,78668211.33312298
S3,2057,0-17,
S3,2057,18-29,
S3,2057,30-65,
S3,2057,66+,62204359.67272353
S3,2057,15-26,165424006.61753386
S3,2057,27-45,238916755.9488064
S3,2057,46-65,163064228.35891104
S3,2058,00-04,
S3,2058,05-09,
S3,2058,10-14,
S3,2058,15-19,
S3,2058,20-24,
S3,2058,25-29,
S3,2058,30-34,
S3,2058,35-39,
S3,2058,40-44,
S3,2058,45-49,
S3,2058,50-54,
S3,2058,55-59,
S3,2058,60-64,
S3,2058,65-69,
S3,2058,70-74,
S3,2058,75+,
S3,2058,0-8,112623163.93634994
S3,2058,9-14,78766756.33031039
S3,2058,0-17,
S3,2058,18-29,
S3,2058,30-65,
S3,2058,66+,62282280.9619596
S3,2058,15-26,165631227.65371376
S3,2058,27-45,239216038.85665494
S3,2058,46-65,163268493.38099158
S3,2059,00-04,
S3,2059,05-09,
S3,2059,10-14,
S3,2059,15-19,
S3,2059,20-24,
S3,2059,25-29,
S3,2059,30-34,
S3,2059,35-39,
S3,2059,40-44,
S3,2059,45-49,
S3,2059,50-54,
S3,2059,55-59,
S3,2059,60-64,
S3,2059,65-69,
S3,2059,70-74,
S3,2059,75+,
S3,2059,0-8,112741099.37801386
S3,2059,9-14,78849238.40479292
S3,2059,0-17,
S3,2059,18-29,
S3,2059,30-65,
S3,2059,66+,62347501.011338115
S3,2059,15-26,165804671.47560564
S3,2059,27-45,239466538.38277024
S3,2059,46-65,163439463.02172697
S3,2060,00-04,
S3,2060,05-09,
S3,2060,10-14,
S3,2060,15-19,
S3,2060,20-24,
S3,2060,25-29,
S3,2060,30-34,
S3,2060,35-39,
S3,2060,40-44,
S3,2060,45-49,
S3,2060,50-54,
S3,2060,55-59,
S3,2060,60-64,
S3,2060,65-69,
S3,2060,70-74,
S3,2060,75+,
S3,2060,0-8,112836661.13513753
S3,2060,9-14,78916072.69868746
S3,2060,0-17,
S3,2060,18-29,
S3,2060,30-65,
S3,2060,66+,62400348.08114469
S3,2060,15-26,165945211.0466488
S3,2060,27-45,239669515.32113975
S3,2060,46-65,163577997.79170787
S3,2061,00-04,
S3,2061,05-09,
S3,2061,10-14,
S3,2061,15-19,
S3,2061,20-24,
S3,2061,25-29,
S3,2061,30-34,
S3,2061,35-39,
S3,2061,40-44,
S3,2061,45-49,
S3,2061,50-54,
S3,2061,55-59,
S3,2061,60-64,
S3,2061,65-69,
S3,2061,70-74,
S3,2061,75+,
S3,2061,0-8,112909259.94351037
S3,2061,9-14,78966847.09046544
S3,2061,0-17,
S3,2061,18-29,
S3,2061,30-65,
S3,2061,66+,62440496.29952681
S3,2061,15-26,166051979.7551162
S3,2061,27-45,239823718.05135673
S3,2061,46-65,163683243.4414482
S3,2062,00-04,
S3,2062,05-09,
S3,2062,10-14,
S3,2062,15-19,
S3,2062,20-24,
S3,2062,25-29,
S3,2062,30-34,
S3,2062,35-39,
S3,2062,40-44,
S3,2062,45-49,
S3,2062,50-54,
S3,2062,55-59,
S3,2062,60-64,
S3,2062,65-69,
S3,2062,70-74,
S3,2062,75+,
S3,2062,0-8,112955652.01567598
S3,2062,9-14,78999292.9294581
S3,2062,0-17,
S3,2062,18-29,
S3,2062,30-65,
S3,2062,66+,62466151.803883314
S3,2062,15-26,166120207.0681983
S3,2062,27-45,239922256.64102113
S3,2062,46-65,163750497.48992777
S3,2063,00-04,
S3,2063,05-09,
S3,2063,10-14,
S3,2063,15-19,
S3,2063,20-24,
S3,2063,25-29,
S3,2063,30-34,
S3,2063,35-39,
S3,2063,40-44,
S3,2063,45-49,
S3,2063,50-54,
S3,2063,55-59,
S3,2063,60-64,
S3,2063,65-69,
S3,2063,70-74,
S3,2063,75+,
S3,2063,0-8,112979822.64563507
S3,2063,9-14,79016197.46360362
S3,2063,0-17,
S3,2063,18-29,
S3,2063,30-65,
S3,2063,66+,62479518.52093792
S3,2063,15-26,166155754.0282851
S3,2063,27-45,239973596.01165664
S3,2063,46-65,163785537.37159634
S3,2064,00-04,
S3,2064,05-09,
S3,2064,10-14,
S3,2064,15-19,
S3,2064,20-24,
S3,2064,25-29,
S3,2064,30-34,
S3,2064,35-39,
S3,2064,40-44,
S3,2064,45-49,
S3,2064,50-54,
S3,2064,55-59,
S3,2064,60-64,
S3,2064,65-69,
S3,2064,70-74,
S3,2064,75+,
S3,2064,0-8,112981494.07210846
S3,2064,9-14,79017366.43131106
S3,2064,0-17,
S3,2064,18-29,
S3,2064,30-65,
S3,2064,66+,62480442.844581485
S3,2064,15-26,166158212.1408887
S3,2064,27-45,239977146.18735957
S3,2064,46-65,163787960.41915238
S3,2065,00-04,
S3,2065,05-09,
S3,2065,10-14,
S3,2065,15-19,
S3,2065,20-24,
S3,2065,25-29,
S3,2065,30-34,
S3,2065,35-39,
S3,2065,40-44,
S3,2065,45-49,
S3,2065,50-54,
S3,2065,55-59,
S3,2065,60-64,
S3,2065,65-69,
S3,2065,70-74,
S3,2065,75+,
S3,2065,0-8,112959540.26868564
S3,2065,9-14,79002012.3085508
S3,2065,0-17,
S3,2065,18-29,
S3,2065,30-65,
S3,2065,66+,62468302.06549871
S3,2065,15-26,166125925.3955557
S3,2065,27-45,239930515.44365585
S3,2065,46-65,163756134.24517918
S3,2066,00-04,
S3,2066,05-09,
S3,2066,10-14,
S3,2066,15-19,
S3,2066,20-24,
S3,2066,25-29,
S3,2066,30-34,
S3,2066,35-39,
S3,2066,40-44,
S3,2066,45-49,
S3,2066,50-54,
S3,2066,55-59,
S3,2066,60-64,
S3,2066,65-69,
S3,2066,70-74,
S3,2066,75+,
S3,2066,0-8,112911754.26139267
S3,2066,9-14,78968591.5746548
S3,2066,0-17,
S3,2066,18-29,
S3,2066,30-65,
S3,2066,66+,62441875.69433081
S3,2066,15-26,166055648.06737602
S3,2066,27-45,239829016.08084399
S3,2066,46-65,163686859.4251269
S3,2067,00-04,
S3,2067,05-09,
S3,2067,10-14,
S3,2067,15-19,
S3,2067,20-24,
S3,2067,25-29,
S3,2067,30-34,
S3,2067,35-39,
S3,2067,40-44,
S3,2067,45-49,
S3,2067,50-54,
S3,2067,55-59,
S3,2067,60-64,
S3,2067,65-69,
S3,2067,70-74,
S3,2067,75+,
S3,2067,0-8,112843578.17379715
S3,2067,9-14,78920910.35978301
S3,2067,0-17,
S3,2067,18-29,
S3,2067,30-65,
S3,2067,66+,62404173.30617118
S3,2067,15-26,165955383.7106451
S3,2067,27-45,239684207.38386428
S3,2067,46-65,163588025.34235656
S3,2068,00-04,
S3,2068,05-09,
S3,2068,10-14,
S3,2068,15-19,
S3,2068,20-24,
S3,2068,25-29,
S3,2068,30-34,
S3,2068,35-39,
S3,2068,40-44,
S3,2068,45-49,
S3,2068,50-54,
S3,2068,55-59,
S3,2068,60-64,
S3,2068,65-69,
S3,2068,70-74,
S3,2068,75+,
S3,2068,0-8,112749256.89476758
S3,2068,9-14,78854943.6355105
S3,2068,0-17,
S3,2068,18-29,
S3,2068,30-65,
S3,2068,66+,62352012.23915887
S3,2068,15-26,165816668.47042716
S3,2068,27-45,239483865.2698555
S3,2068,46-65,163451288.8790692
S3,2069,00-04,
S3,2069,05-09,
S3,2069,10-14,
S3,2069,15-19,
S3,2069,20-24,
S3,2069,25-29,
S3,2069,30-34,
S3,2069,35-39,
S3,2069,40-44,
S3,2069,45-49,
S3,2069,50-54,
S3,2069,55-59,
S3,2069,60-64,
S3,2069,65-69,
S3,2069,70-74,
S3,2069,75+,
S3,2069,0-8,112629173.59450403
S3,2069,9-14,78770959.38466361
S3,2069,0-17,
S3,2069,18-29,
S3,2069,30-65,
S3,2069,66+,62285604.39210117
S3,2069,15-26,165640065.86268467
S3,2069,27-45,239228803.60742426
S3,2069,46-65,163277205.51265478
S3,2070,00-04,
S3,2070,05-09,
S3,2070,10-14,
S3,2070,15-19,
S3,2070,20-24,
S3,2070,25-29,
S3,2070,30-34,
S3,2070,35-39,
S3,2070,40-44,
S3,2070,45-49,
S3,2070,50-54,
S3,2070,55-59,
S3,2070,60-64,
S3,2070,65-69,
S3,2070,70-74,
S3,2070,75+,
S3,2070,0-8,112484526.23661909
S3,2070,9-14,78669795.44294745
S3,2070,0-17,
S3,2070,18-29,
S3,2070,30-65,
S3,2070,66+,62205612.25665271
S3,2070,15-26,165427337.69357654
S3,2070,27-45,238921566.91849697
S3,2070,46-65,163067511.91705716
S3,2071,00-04,
S3,2071,05-09,
S3,2071,10-14,
S3,2071,15-19,
S3,2071,20-24,
S3,2071,25-29,
S3,2071,30-34,
S3,2071,35-39,
S3,2071,40-44,
S3,2071,45-49,
S3,2071,50-54,
S3,2071,55-59,
S3,2071,60-64,
S3,2071,65-69,
S3,2071,70-74,
S3,2071,75+,
S3,2071,0-8,112315542.37481377
S3,2071,9-14,78551610.95761287
S3,2071,0-17,
S3,2071,18-29,
S3,2071,30-65,
S3,2071,66+,62112161.673387885
S3,2071,15-26,165178818.61893663
S3,2071,27-45,238562638.53610295
S3,2071,46-65,162822537.9742347
S3,2072,00-04,
S3,2072,05-09,
S3,2072,10-14,
S3,2072,15-19,
S3,2072,20-24,
S3,2072,25-29,
S3,2072,30-34,
S3,2072,35-39,
S3,2072,40-44,
S3,2072,45-49,
S3,2072,50-54,
S3,2072,55-59,
S3,2072,60-64,
S3,2072,65-69,
S3,2072,70-74,
S3,2072,75+,
S3,2072,0-8,112124733.33276314
S3,2072,9-14,78418162.306416
S3,2072,0-17,
S3,2072,18-29,
S3,2072,30-65,
S3,2072,66+,62006641.44156611
S3,2072,15-26,164898201.96089146
S3,2072,27-45,238157352.6107031
S3,2072,46-65,162545924.32096612
S3,2073,00-04,
S3,2073,05-09,
S3,2073,10-14,
S3,2073,15-19,
S3,2073,20-24,
S3,2073,25-29,
S3,2073,30-34,
S3,2073,35-39,
S3,2073,40-44,
S3,2073,45-49,
S3,2073,50-54,
S3,2073,55-59,
S3,2073,60-64,
S3,2073,65-69,
S3,2073,70-74,
S3,2073,75+,
S3,2073,0-8,111909286.13642323
S3,2073,9-14,78267482.14238027
S3,2073,0-17,
S3,2073,18-29,
S3,2073,30-65,
S3,2073,66+,61887495.94479704
S3,2073,15-26,164581350.769919
S3,2073,27-45,237699734.27456474
S3,2073,46-65,162233593.02143455
S3,2074,00-04,
S3,2074,05-09,
S3,2074,10-14,
S3,2074,15-19,
S3,2074,20-24,
S3,2074,25-29,
S3,2074,30-34,
S3,2074,35-39,
S3,2074,40-44,
S3,2074,45-49,
S3,2074,50-54,
S3,2074,55-59,
S3,2074,60-64,
S3,2074,65-69,
S3,2074,70-74,
S3,2074,75+,
S3,2074,0-8,111674114.91999115
S3,2074,9-14,78103007.32873471
S3,2074,0-17,
S3,2074,18-29,
S3,2074,30-65,
S3,2074,66+,61757442.77221644
S3,2074,15-26,164235492.1035041
S3,2074,27-45,237200221.3423959
S3,2074,46-65,161892668.03894055
S3,2075,00-04,
S3,2075,05-09,
S3,2075,10-14,
S3,2075,15-19,
S3,2075,20-24,
S3,2075,25-29,
S3,2075,30-34,
S3,2075,35-39,
S3,2075,40-44,
S3,2075,45-49,
S3,2075,50-54,
S3,2075,55-59,
S3,2075,60-64,
S3,2075,65-69,
S3,2075,70-74,
S3,2075,75+,
S3,2075,0-8,111416932.53932789
S3,2075,9-14,77923138.2751393
S3,2075,0-17,
S3,2075,18-29,
S3,2075,30-65,
S3,2075,66+,61615217.09917462
S3,2075,15-26,163857262.33307928
S3,2075,27-45,236653955.82990557
S3,2075,46-65,161519833.72717524
S3,2076,00-04,
S3,2076,05-09,
S3,2076,10-14,
S3,2076,15-19,
S3,2076,20-24,
S3,2076,25-29,
S3,2076,30-34,
S3,2076,35-39,
S3,2076,40-44,
S3,2076,45-49,
S3,2076,50-54,
S3,2076,55-59,
S3,2076,60-64,
S3,2076,65-69,
S3,2076,70-74,
S3,2076,75+,
S3,2076,0-8,111137488.49640897
S3,2076,9-14,77727699.78746736
S3,2076,0-17,
S3,2076,18-29,
S3,2076,30-65,
S3,2076,66+,61460680.39654672
S3,2076,15-26,163446293.05933973
S3,2076,27-45,236060405.6694169
S3,2076,46-65,161114726.94206095
S3,2077,00-04,
S3,2077,05-09,
S3,2077,10-14,
S3,2077,15-19,
S3,2077,20-24,
S3,2077,25-29,
S3,2077,30-34,
S3,2077,35-39,
S3,2077,40-44,
S3,2077,45-49,
S3,2077,50-54,
S3,2077,55-59,
S3,2077,60-64,
S3,2077,65-69,
S3,2077,70-74,
S3,2077,75+,
S3,2077,0-8,110839809.78991713
S3,2077,9-14,77519508.28121366
S3,2077,0-17,
S3,2077,18-29,
S3,2077,30-65,
S3,2077,66+,61296059.65436447
S3,2077,15-26,163008506.6583958
S3,2077,27-45,235428124.3648426
S3,2077,46-65,160683185.57684052
S3,2078,00-04,
S3,2078,05-09,
S3,2078,10-14,
S3,2078,15-19,
S3,2078,20-24,
S3,2078,25-29,
S3,2078,30-34,
S3,2078,35-39,
S3,2078,40-44,
S3,2078,45-49,
S3,2078,50-54,
S3,2078,55-59,
S3,2078,60-64,
S3,2078,65-69,
S3,2078,70-74,
S3,2078,75+,
S3,2078,0-8,110523280.83715326
S3,2078,9-14,77298133.22813904
S3,2078,0-17,
S3,2078,18-29,
S3,2078,30-65,
S3,2078,66+,61121014.446260095
S3,2078,15-26,162542997.81277442
S3,2078,27-45,234755804.3942688
S3,2078,46-65,160224317.22842145
S3,2079,00-04,
S3,2079,05-09,
S3,2079,10-14,
S3,2079,15-19,
S3,2079,20-24,
S3,2079,25-29,
S3,2079,30-34,
S3,2079,35-39,
S3,2079,40-44,
S3,2079,45-49,
S3,2079,50-54,
S3,2079,55-59,
S3,2079,60-64,
S3,2079,65-69,
S3,2079,70-74,
S3,2079,75+,
S3,2079,0-8,110188736.54155442
S3,2079,9-14,77064158.54573694
S3,2079,0-17,
S3,2079,18-29,
S3,2079,30-65,
S3,2079,66+,60936006.4862237
S3,2079,15-26,162050994.3878317
S3,2079,27-45,234045219.12550068
S3,2079,46-65,159739332.246624
S3,2080,00-04,
S3,2080,05-09,
S3,2080,10-14,
S3,2080,15-19,
S3,2080,20-24,
S3,2080,25-29,
S3,2080,30-34,
S3,2080,35-39,
S3,2080,40-44,
S3,2080,45-49,
S3,2080,50-54,
S3,2080,55-59,
S3,2080,60-64,
S3,2080,65-69,
S3,2080,70-74,
S3,2080,75+,
S3,2080,0-8,109836786.68225554
S3,2080,9-14,76818010.70333084
S3,2080,0-17,
S3,2080,18-29,
S3,2080,30-65,
S3,2080,66+,60741372.991166115
S3,2080,15-26,161533393.16592705
S3,2080,27-45,233297663.75345278
S3,2080,46-65,159229114.62118196
S3,2081,00-04,
S3,2081,05-09,
S3,2081,10-14,
S3,2081,15-19,
S3,2081,20-24,
S3,2081,25-29,
S3,2081,30-34,
S3,2081,35-39,
S3,2081,40-44,
S3,2081,45-49,
S3,2081,50-54,
S3,2081,55-59,
S3,2081,60-64,
S3,2081,65-69,
S3,2081,70-74,
S3,2081,75+,
S3,2081,0-8,109468160.75377285
S3,2081,9-14,76560199.89717871
S3,2081,0-17,
S3,2081,18-29,
S3,2081,30-65,
S3,2081,66+,60537517.382380486
S3,2081,15-26,160991266.99094146
S3,2081,27-45,232514687.75322843
S3,2081,46-65,158694721.891827
S3,2082,00-04,
S3,2082,05-09,
S3,2082,10-14,
S3,2082,15-19,
S3,2082,20-24,
S3,2082,25-29,
S3,2082,30-34,
S3,2082,35-39,
S3,2082,40-44,
S3,2082,45-49,
S3,2082,50-54,
S3,2082,55-59,
S3,2082,60-64,
S3,2082,65-69,
S3,2082,70-74,
S3,2082,75+,
S3,2082,0-8,109084737.49128954
S3,2082,9-14,76292040.08323081
S3,2082,0-17,
S3,2082,18-29,
S3,2082,30-65,
S3,2082,66+,60325478.628302574
S3,2082,15-26,160427378.8576619
S3,2082,27-45,231700281.63240093
S3,2082,46-65,158138877.63914502
S3,2083,00-04,
S3,2083,05-09,
S3,2083,10-14,
S3,2083,15-19,
S3,2083,20-24,
S3,2083,25-29,
S3,2083,30-34,
S3,2083,35-39,
S3,2083,40-44,
S3,2083,45-49,
S3,2083,50-54,
S3,2083,55-59,
S3,2083,60-64,
S3,2083,65-69,
S3,2083,70-74,
S3,2083,75+,
S3,2083,0-8,108688781.90442103
S3,2083,9-14,76015115.37131163
S3,2083,0-17,
S3,2083,18-29,
S3,2083,30-65,
S3,2083,66+,60106509.31286311
S3,2083,15-26,159845059.84213123
S3,2083,27-45,230859256.3606603
S3,2083,46-65,157564865.4212824
S3,2084,00-04,
S3,2084,05-09,
S3,2084,10-14,
S3,2084,15-19,
S3,2084,20-24,
S3,2084,25-29,
S3,2084,30-34,
S3,2084,35-39,
S3,2084,40-44,
S3,2084,45-49,
S3,2084,50-54,
S3,2084,55-59,
S3,2084,60-64,
S3,2084,65-69,
S3,2084,70-74,
S3,2084,75+,
S3,2084,0-8,108278123.0552777
S3,2084,9-14,75727907.44378763
S3,2084,0-17,
S3,2084,18-29,
S3,2084,30-65,
S3,2084,66+,59879408.87519193
S3,2084,15-26,159241117.21653676
S3,2084,27-45,229987000.78036934
S3,2084,46-65,156969538.0547819
S3,2085,00-04,
S3,2085,05-09,
S3,2085,10-14,
S3,2085,15-19,
S3,2085,20-24,
S3,2085,25-29,
S3,2085,30-34,
S3,2085,35-39,
S3,2085,40-44,
S3,2085,45-49,
S3,2085,50-54,
S3,2085,55-59,
S3,2085,60-64,
S3,2085,65-69,
S3,2085,70-74,
S3,2085,75+,
S3,2085,0-8,107856355.77946348
S3,2085,9-14,75432930.46852763
S3,2085,0-17,
S3,2085,18-29,
S3,2085,30-65,
S3,2085,66+,59646165.31272471
S3,2085,15-26,158620837.78879175
S3,2085,27-45,229091150.46402895
S3,2085,46-65,156358106.93108773
S3,2086,00-04,
S3,2086,05-09,
S3,2086,10-14,
S3,2086,15-19,
S3,2086,20-24,
S3,2086,25-29,
S3,2086,30-34,
S3,2086,35-39,
S3,2086,40-44,
S3,2086,45-49,
S3,2086,50-54,
S3,2086,55-59,
S3,2086,60-64,
S3,2086,65-69,
S3,2086,70-74,
S3,2086,75+,
S3,2086,0-8,107420755.5060628
S3,2086,9-14,75128278.9262236
S3,2086,0-17,
S3,2086,18-29,
S3,2086,30-65,
S3,2086,66+,59405271.897313476
S3,2086,15-26,157980214.62098214
S3,2086,27-45,228165918.31563473
S3,2086,46-65,155726622.27137172
S3,2087,00-04,
S3,2087,05-09,
S3,2087,10-14,
S3,2087,15-19,
S3,2087,20-24,
S3,2087,25-29,
S3,2087,30-34,
S3,2087,35-39,
S3,2087,40-44,
S3,2087,45-49,
S3,2087,50-54,
S3,2087,55-59,
S3,2087,60-64,
S3,2087,65-69,
S3,2087,70-74,
S3,2087,75+,
S3,2087,0-8,106975339.38119596
S3,2087,9-14,74816762.34165308
S3,2087,0-17,
S3,2087,18-29,
S3,2087,30-65,
S3,2087,66+,59158950.17037606
S3,2087,15-26,157325155.59937486
S3,2087,27-45,227219836.9118682
S3,2087,46-65,155080907.6857319
S3,2088,00-04,
S3,2088,05-09,
S3,2088,10-14,
S3,2088,15-19,
S3,2088,20-24,
S3,2088,25-29,
S3,2088,30-34,
S3,2088,35-39,
S3,2088,40-44,
S3,2088,45-49,
S3,2088,50-54,
S3,2088,55-59,
S3,2088,60-64,
S3,2088,65-69,
S3,2088,70-74,
S3,2088,75+,
S3,2088,0-8,106523855.02266715
S3,2088,9-14,74501001.73599933
S3,2088,0-17,
S3,2088,18-29,
S3,2088,30-65,
S3,2088,66+,58909272.6201725
S3,2088,15-26,156661172.22370055
S3,2088,27-45,226260866.34064507
S3,2088,46-65,154426396.05219483
S3,2089,00-04,
S3,2089,05-09,
S3,2089,10-14,
S3,2089,15-19,
S3,2089,20-24,
S3,2089,25-29,
S3,2089,30-34,
S3,2089,35-39,
S3,2089,40-44,
S3,2089,45-49,
S3,2089,50-54,
S3,2089,55-59,
S3,2089,60-64,
S3,2089,65-69,
S3,2089,70-74,
S3,2089,75+,
S3,2089,0-8,106061652.69586436
S3,2089,9-14,74177745.16267882
S3,2089,0-17,
S3,2089,18-29,
S3,2089,30-65,
S3,2089,66+,58653667.8744607
S3,2089,15-26,155981426.28035262
S3,2089,27-45,225279130.38239592
S3,2089,46-65,153756346.70447004
S3,2090,00-04,
S3,2090,05-09,
S3,2090,10-14,
S3,2090,15-19,
S3,2090,20-24,
S3,2090,25-29,
S3,2090,30-34,
S3,2090,35-39,
S3,2090,40-44,
S3,2090,45-49,
S3,2090,50-54,
S3,2090,55-59,
S3,2090,60-64,
S3,2090,65-69,
S3,2090,70-74,
S3,2090,75+,
S3,2090,0-8,105591268.82825166
S3,2090,9-14,73848766.5566178
S3,2090,0-17,
S3,2090,18-29,
S3,2090,30-65,
S3,2090,66+,58393538.61526871
S3,2090,15-26,155289648.01078433
S3,2090,27-45,224280016.5090192
S3,2090,46-65,153074436.67200756
S3,2091,00-04,
S3,2091,05-09,
S3,2091,10-14,
S3,2091,15-19,
S3,2091,20-24,
S3,2091,25-29,
S3,2091,30-34,
S3,2091,35-39,
S3,2091,40-44,
S3,2091,45-49,
S3,2091,50-54,
S3,2091,55-59,
S3,2091,60-64,
S3,2091,65-69,
S3,2091,70-74,
S3,2091,75+,
S3,2091,0-8,105112212.14137582
S3,2091,9-14,73513722.32588674
S3,2091,0-17,
S3,2091,18-29,
S3,2091,30-65,
S3,2091,66+,58128613.1583215
S3,2091,15-26,154585114.9077381
S3,2091,27-45,223262481.2257182
S3,2091,46-65,152379953.75413728
S3,2092,00-04,
S3,2092,05-09,
S3,2092,10-14,
S3,2092,15-19,
S3,2092,20-24,
S3,2092,25-29,
S3,2092,30-34,
S3,2092,35-39,
S3,2092,40-44,
S3,2092,45-49,
S3,2092,50-54,
S3,2092,55-59,
S3,2092,60-64,
S3,2092,65-69,
S3,2092,70-74,
S3,2092,75+,
S3,2092,0-8,104627911.46191308
S3,2092,9-14,73175010.53448826
S3,2092,0-17,
S3,2092,18-29,
S3,2092,30-65,
S3,2092,66+,57860787.69565344
S3,2092,15-26,153872869.6351911
S3,2092,27-45,222233807.4954887
S3,2092,46-65,151677868.6810881
S3,2093,00-04,
S3,2093,05-09,
S3,2093,10-14,
S3,2093,15-19,
S3,2093,20-24,
S3,2093,25-29,
S3,2093,30-34,
S3,2093,35-39,
S3,2093,40-44,
S3,2093,45-49,
S3,2093,50-54,
S3,2093,55-59,
S3,2093,60-64,
S3,2093,65-69,
S3,2093,70-74,
S3,2093,75+,
S3,2093,0-8,104140725.60127124
S3,2093,9-14,72834280.89565092
S3,2093,0-17,
S3,2093,18-29,
S3,2093,30-65,
S3,2093,66+,57591366.68497813
S3,2093,15-26,153156381.22043434
S3,2093,27-45,221199005.52672535
S3,2093,46-65,150971600.99437594
S3,2094,00-04,
S3,2094,05-09,
S3,2094,10-14,
S3,2094,15-19,
S3,2094,20-24,
S3,2094,25-29,
S3,2094,30-34,
S3,2094,35-39,
S3,2094,40-44,
S3,2094,45-49,
S3,2094,50-54,
S3,2094,55-59,
S3,2094,60-64,
S3,2094,65-69,
S3,2094,70-74,
S3,2094,75+,
S3,2094,0-8,103645393.69603737
S3,2094,9-14,72487854.04953395
S3,2094,0-17,
S3,2094,18-29,
S3,2094,30-65,
S3,2094,66+,57317440.790757656
S3,2094,15-26,152427912.68259168
S3,2094,27-45,220146901.03819972
S3,2094,46-65,150253524.08138144
S3,2095,00-04,
S3,2095,05-09,
S3,2095,10-14,
S3,2095,15-19,
S3,2095,20-24,
S3,2095,25-29,
S3,2095,30-34,
S3,2095,35-39,
S3,2095,40-44,
S3,2095,45-49,
S3,2095,50-54,
S3,2095,55-59,
S3,2095,60-64,
S3,2095,65-69,
S3,2095,70-74,
S3,2095,75+,
S3,2095,0-8,103146016.4366621
S3,2095,9-14,72138597.9504215
S3,2095,0-17,
S3,2095,18-29,
S3,2095,30-65,
S3,2095,66+,57041277.755664825
S3,2095,15-26,151693494.77386177
S3,2095,27-45,219086204.05804425
S3,2095,46-65,149529582.66544855
S3,2096,00-04,
S3,2096,05-09,
S3,2096,10-14,
S3,2096,15-19,
S3,2096,20-24,
S3,2096,25-29,
S3,2096,30-34,
S3,2096,35-39,
S3,2096,40-44,
S3,2096,45-49,
S3,2096,50-54,
S3,2096,55-59,
S3,2096,60-64,
S3,2096,65-69,
S3,2096,70-74,
S3,2096,75+,
S3,2096,0-8,102642929.08019969
S3,2096,9-14,71786747.07148749
S3,2096,0-17,
S3,2096,18-29,
S3,2096,30-65,
S3,2096,66+,56763062.98182583
S3,2096,15-26,150953620.54590085
S3,2096,27-45,218017626.6854549
S3,2096,46-65,148800262.7648368
S3,2097,00-04,
S3,2097,05-09,
S3,2097,10-14,
S3,2097,15-19,
S3,2097,20-24,
S3,2097,25-29,
S3,2097,30-34,
S3,2097,35-39,
S3,2097,40-44,
S3,2097,45-49,
S3,2097,50-54,
S3,2097,55-59,
S3,2097,60-64,
S3,2097,65-69,
S3,2097,70-74,
S3,2097,75+,
S3,2097,0-8,102138528.4986415
S3,2097,9-14,71433977.74489574
S3,2097,0-17,
S3,2097,18-29,
S3,2097,30-65,
S3,2097,66+,56484121.97502041
S3,2097,15-26,150211815.00046307
S3,2097,27-45,216946259.97100568
S3,2097,46-65,148069039.09704852
S3,2098,00-04,
S3,2098,05-09,
S3,2098,10-14,
S3,2098,15-19,
S3,2098,20-24,
S3,2098,25-29,
S3,2098,30-34,
S3,2098,35-39,
S3,2098,40-44,
S3,2098,45-49,
S3,2098,50-54,
S3,2098,55-59,
S3,2098,60-64,
S3,2098,65-69,
S3,2098,70-74,
S3,2098,75+,
S3,2098,0-8,101631725.10656117
S3,2098,9-14,71079527.93283112
S3,2098,0-17,
S3,2098,18-29,
S3,2098,30-65,
S3,2098,66+,56203852.17833936
S3,2098,15-26,149466475.71966672
S3,2098,27-45,215869789.5923093
S3,2098,46-65,147334332.1027385
S3,2099,00-04,
S3,2099,05-09,
S3,2099,10-14,
S3,2099,15-19,
S3,2099,20-24,
S3,2099,25-29,
S3,2099,30-34,
S3,2099,35-39,
S3,2099,40-44,
S3,2099,45-49,
S3,2099,50-54,
S3,2099,55-59,
S3,2099,60-64,
S3,2099,65-69,
S3,2099,70-74,
S3,2099,75+,
S3,2099,0-8,101120756.77992481
S3,2099,9-14,70722165.23522994
S3,2099,0-17,
S3,2099,18-29,
S3,2099,30-65,
S3,2099,66+,55921279.11104202
S3,2099,15-26,148715011.20495304
S3,2099,27-45,214784472.72846913
S3,2099,46-65,146593587.25115132
S3,2100,00-04,
S3,2100,05-09,
S3,2100,10-14,
S3,2100,15-19,
S3,2100,20-24,
S3,2100,25-29,
S3,2100,30-34,
S3,2100,35-39,
S3,2100,40-44,
S3,2100,45-49,
S3,2100,50-54,
S3,2100,55-59,
S3,2100,60-64,
S3,2100,65-69,
S3,2100,70-74,
S3,2100,75+,
S3,2100,0-8,100610356.39277491
S3,2100,9-14,70365199.74500221
S3,2100,0-17,
S3,2100,18-29,
S3,2100,30-65,
S3,2100,66+,55639020.122709036
S3,2100,15-26,147964381.94038764
S3,2100,27-45,213700362.19048142
S3,2100,46-65,145853665.7348444
