scheme,year,band,females
S0,1950,00-04,12084545.13035202
S0,1950,05-09,12510734.03589012
S0,1950,10-14,12916479.06733484
S0,1950,15-19,13170079.443757916
S0,1950,20-24,13793015.848257866
S0,1950,25-29,14026939.130444188
S0,1950,30-34,13238219.977077007
S0,1950,35-39,12321652.866708392
S0,1950,40-44,11378309.50744978
S0,1950,45-49,10288087.316739578
S0,1950,50-54,9208367.002163108
S0,1950,55-59,7815988.436399867
S0,1950,60-64,6291495.556088196
S0,1950,65-69,4789143.956427045
S0,1950,70-74,3640156.3865312515
S0,1950,75+,5083615.136902595
S0,1950,0-8,
S0,1950,9-14,
S0,1950,0-17,
S0,1950,18-29,
S0,1950,30-65,
S0,1950,66+,
S0,1950,15-26,
S0,1950,27-45,
S0,1950,46-65,
S0,1951,00-04,12337893.023822628
S0,1951,05-09,12773016.81770563
S0,1951,10-14,13187268.139448732
S0,1951,15-19,13446185.151331162
S0,1951,20-24,14082181.180677889
S0,1951,25-29,14321008.575525165
S0,1951,30-34,13515754.22502064
S0,1951,35-39,12579971.63371073
S0,1951,40-44,11616851.439634608
S0,1951,45-49,10503773.155256677
S0,1951,50-54,9401416.914852237
S0,1951,55-59,7979847.661914205
S0,1951,60-64,6423394.36806013
S0,1951,65-69,4889546.538386121
S0,1951,70-74,3716470.880993684
S0,1951,75+,5190191.195186722
S0,1951,0-8,
S0,1951,9-14,
S0,1951,0-17,
S0,1951,18-29,
S0,1951,30-65,
S0,1951,66+,
S0,1951,15-26,
S0,1951,27-45,
S0,1951,46-65,
S0,1952,00-04,12605221.036359094
S0,1952,05-09,13049772.759208683
S0,1952,10-14,13472999.7611849
S0,1952,15-19,13737526.788494172
S0,1952,20-24,14387303.092493791
S0,1952,25-29,14631305.216339001
S0,1952,30-34,13808603.23156734
S0,1952,35-39,12852544.82008149
S0,1952,40-44,11868556.475599218
S0,1952,45-49,10731360.863814928
S0,1952,50-54,9605119.613037523
S0,1952,55-59,8152748.886757396
S0,1952,60-64,6562571.555513109
S0,1952,65-69,4995489.486326051
S0,1952,70-74,3796996.52441978
S0,1952,75+,5302648.281191153
S0,1952,0-8,
S0,1952,9-14,
S0,1952,0-17,
S0,1952,18-29,
S0,1952,30-65,
S0,1952,66+,
S0,1952,15-26,
S0,1952,27-45,
S0,1952,46-65,
S0,1953,00-04,12886248.344545651
S0,1953,05-09,13340711.133108553
S0,1953,10-14,13773373.77645703
S0,1953,15-19,14043798.30593726
S0,1953,20-24,14708061.05845768
S0,1953,25-29,14957503.09167522
S0,1953,30-34,14116459.363942202
S0,1953,35-39,13139086.092441272
S0,1953,40-44,12133160.203592338
S0,1953,45-49,10970611.365494952
S0,1953,50-54,9819261.110586505
S0,1953,55-59,8334510.481207643
S0,1953,60-64,6708880.915238563
S0,1953,65-69,5106861.509027366
S0,1953,70-74,3881648.7260252545
S0,1953,75+,5420868.260707964
S0,1953,0-8,
S0,1953,9-14,
S0,1953,0-17,
S0,1953,18-29,
S0,1953,30-65,
S0,1953,66+,
S0,1953,15-26,
S0,1953,27-45,
S0,1953,46-65,
S0,1954,00-04,13172071.403194498
S0,1954,05-09,13636614.39049299
S0,1954,10-14,14078873.69508674
S0,1954,15-19,14355296.368020598
S0,1954,20-24,15034292.781308329
S0,1954,25-29,15289267.5563281
S0,1954,30-34,14429569.082520762
S0,1954,35-39,13430517.21144355
S0,1954,40-44,12402279.41251517
S0,1954,45-49,11213944.69354313
S0,1954,50-54,10037056.947610512
S0,1954,55-59,8519373.849845735
S0,1954,60-64,6857687.054312865
S0,1954,65-69,5220134.103003419
S0,1954,70-74,3967745.523309357
S0,1954,75+,5541105.672356475
S0,1954,0-8,
S0,1954,9-14,
S0,1954,0-17,
S0,1954,18-29,
S0,1954,30-65,
S0,1954,66+,
S0,1954,15-26,
S0,1954,27-45,
S0,1954,46-65,
S0,1955,00-04,13478850.573893553
S0,1955,05-09,13954212.824771412
S0,1955,10-14,14406772.403220674
S0,1955,15-19,14689632.994365672
S0,1955,20-24,15384443.31802481
S0,1955,25-29,15645356.48706292
S0,1955,30-34,14765635.52956468
S0,1955,35-39,13743315.616953762
S0,1955,40-44,12691130.03262543
S0,1955,45-49,11475118.851201879
S0,1955,50-54,10270821.244234381
S0,1955,55-59,8717791.119577277
S0,1955,60-64,7017403.433236036
S0,1955,65-69,5341711.671332483
S0,1955,70-74,4060154.8068553377
S0,1955,75+,5670158.708199343
S0,1955,0-8,
S0,1955,9-14,
S0,1955,0-17,
S0,1955,18-29,
S0,1955,30-65,
S0,1955,66+,
S0,1955,15-26,
S0,1955,27-45,
S0,1955,46-65,
S0,1956,00-04,13793843.23131214
S0,1956,05-09,14280314.413016079
S0,1956,10-14,14743450.03750684
S0,1956,15-19,15032920.911093598
S0,1956,20-24,15743968.53548187
S0,1956,25-29,16010979.088864459
S0,1956,30-34,15110699.57997713
S0,1956,35-39,14064488.663883397
S0,1956,40-44,12987714.133228509
S0,1956,45-49,11743285.49948679
S0,1956,50-54,10510844.17941394
S0,1956,55-59,8921520.671776224
S0,1956,60-64,7181395.944577813
S0,1956,65-69,5466544.270766137
S0,1956,70-74,4155038.1906521195
S0,1956,75+,5802666.917982468
S0,1956,0-8,
S0,1956,9-14,
S0,1956,0-17,
S0,1956,18-29,
S0,1956,30-65,
S0,1956,66+,
S0,1956,15-26,
S0,1956,27-45,
S0,1956,46-65,
S0,1957,00-04,14119583.239402357
S0,1957,05-09,14617542.381641058
S0,1957,10-14,15091614.900189461
S0,1957,15-19,15387921.59488298
S0,1957,20-24,16115760.5264535
S0,1957,25-29,16389076.50308619
S0,1957,30-34,15467536.998011379
S0,1957,35-39,14396619.932474198
S0,1957,40-44,13294417.496162761
S0,1957,45-49,12020601.824564733
S0,1957,50-54,10759056.54565755
S0,1957,55-59,9132201.347717552
S0,1957,60-64,7350983.77690693
S0,1957,65-69,5595636.079707593
S0,1957,70-74,4253158.935620848
S0,1957,75+,5939696.224254252
S0,1957,0-8,
S0,1957,9-14,
S0,1957,0-17,
S0,1957,18-29,
S0,1957,30-65,
S0,1957,66+,
S0,1957,15-26,
S0,1957,27-45,
S0,1957,46-65,
S0,1958,00-04,14437916.99214083
S0,1958,05-09,14947102.89651348
S0,1958,10-14,15431863.64015612
S0,1958,15-19,15734850.731889987
S0,1958,20-24,16479099.191599369
S0,1958,25-29,16758577.22691677
S0,1958,30-34,15816261.107973602
S0,1958,35-39,14721199.62949137
S0,1958,40-44,13594147.434381858
S0,1958,45-49,12291612.88941755
S0,1958,50-54,11001625.37988113
S0,1958,55-59,9338091.838710915
S0,1958,60-64,7516715.740262063
S0,1958,65-69,5721792.7659220435
S0,1958,70-74,4349048.737891433
S0,1958,75+,6073609.935242322
S0,1958,0-8,
S0,1958,9-14,
S0,1958,0-17,
S0,1958,18-29,
S0,1958,30-65,
S0,1958,66+,
S0,1958,15-26,
S0,1958,27-45,
S0,1958,46-65,
S0,1959,00-04,14780374.65817149
S0,1959,05-09,15301638.109220851
S0,1959,10-14,15797897.051179886
S0,1959,15-19,16108070.792645082
S0,1959,20-24,16869972.32451146
S0,1959,25-29,17156079.390577115
S0,1959,30-34,16191412.168013394
S0,1959,35-39,15070376.568867821
S0,1959,40-44,13916591.45484473
S0,1959,45-49,12583161.667828837
S0,1959,50-54,11262576.523469822
S0,1959,55-59,9559585.087217994
S0,1959,60-64,7695007.174547718
S0,1959,65-69,5857509.836271968
S0,1959,70-74,4452205.244542813
S0,1959,75+,6217671.871873207
S0,1959,0-8,
S0,1959,9-14,
S0,1959,0-17,
S0,1959,18-29,
S0,1959,30-65,
S0,1959,66+,
S0,1959,15-26,
S0,1959,27-45,
S0,1959,46-65,
S0,1960,00-04,15126738.836768588
S0,1960,05-09,15660217.606524752
S0,1960,10-14,16168105.910037758
S0,1960,15-19,16485548.28140372
S0,1960,20-24,17265304.25907138
S0,1960,25-29,17558115.97513546
S0,1960,30-34,16570842.683517992
S0,1960,35-39,15423536.66948401
S0,1960,40-44,14242713.686493563
S0,1960,45-49,12878036.22656153
S0,1960,50-54,11526504.41140613
S0,1960,55-59,9783604.972575417
S0,1960,60-64,7875332.430229751
S0,1960,65-69,5994775.070069211
S0,1960,70-74,4556538.486976502
S0,1960,75+,6363377.164228365
S0,1960,0-8,
S0,1960,9-14,
S0,1960,0-17,
S0,1960,18-29,
S0,1960,30-65,
S0,1960,66+,
S0,1960,15-26,
S0,1960,27-45,
S0,1960,46-65,
S0,1961,00-04,15485055.376196418
S0,1961,05-09,16031170.991785638
S0,1961,10-14,16551089.963725891
S0,1961,15-19,16876051.79141375
S0,1961,20-24,17674278.337426044
S0,1961,25-29,17974026.068049237
S0,1961,30-34,16963366.615466136
S0,1961,35-39,15788883.64511332
S0,1961,40-44,14580089.76836264
S0,1961,45-49,13183086.33849388
S0,1961,50-54,11799539.942525078
S0,1961,55-59,10015355.352794921
S0,1961,60-64,8061880.36324388
S0,1961,65-69,6136777.0627614
S0,1961,70-74,4664472.068698335
S0,1961,75+,6514110.465646788
S0,1961,0-8,
S0,1961,9-14,
S0,1961,0-17,
S0,1961,18-29,
S0,1961,30-65,
S0,1961,66+,
S0,1961,15-26,
S0,1961,27-45,
S0,1961,46-65,
S0,1962,00-04,15855414.62140102
S0,1962,05-09,16414591.7961691
S0,1962,10-14,16946945.776789494
S0,1962,15-19,17279679.78315536
S0,1962,20-24,18096997.67717392
S0,1962,25-29,18403914.535744585
S0,1962,30-34,17369082.933761675
S0,1962,35-39,16166509.61333661
S0,1962,40-44,14928804.765528668
S0,1962,45-49,13498388.918121539
S0,1962,50-54,12081751.959253978
S0,1962,55-59,10254894.660779499
S0,1962,60-64,8254698.009272486
S0,1962,65-69,6283551.618340128
S0,1962,70-74,4776033.203784531
S0,1962,75+,6669909.781608222
S0,1962,0-8,
S0,1962,9-14,
S0,1962,0-17,
S0,1962,18-29,
S0,1962,30-65,
S0,1962,66+,
S0,1962,15-26,
S0,1962,27-45,
S0,1962,46-65,
S0,1963,00-04,16226515.550757352
S0,1963,05-09,16798780.44187889
S0,1963,10-14,17343594.33361935
S0,1963,15-19,17684116.083285496
S0,1963,20-24,18520563.55778443
S0,1963,25-29,18834663.90125098
S0,1963,30-34,17775611.74254388
S0,1963,35-39,16544891.818104653
S0,1963,40-44,15278218.10191591
S0,1963,45-49,13814322.925016988
S0,1963,50-54,12364529.13584576
S0,1963,55-59,10494913.67194618
S0,1963,60-64,8447901.793338913
S0,1963,65-69,6430620.105724685
S0,1963,70-74,4887817.752021373
S0,1963,75+,6826021.102427091
S0,1963,0-8,
S0,1963,9-14,
S0,1963,0-17,
S0,1963,18-29,
S0,1963,30-65,
S0,1963,66+,
S0,1963,15-26,
S0,1963,27-45,
S0,1963,46-65,
S0,1964,00-04,16609707.983762592
S0,1964,05-09,17195487.02555106
S0,1964,10-14,17753166.80707902
S0,1964,15-19,18101730.046449944
S0,1964,20-24,18957930.39653278
S0,1964,25-29,19279448.28287501
S0,1964,30-34,18195386.39413037
S0,1964,35-39,16935602.77078926
S0,1964,40-44,15639016.29966482
S0,1964,45-49,14140550.94331204
S0,1964,50-54,12656519.98179838
S0,1964,55-59,10742753.172149
S0,1964,60-64,8647400.695728209
S0,1964,65-69,6582480.4947488755
S0,1964,70-74,5003244.552718327
S0,1964,75+,6987218.965628354
S0,1964,0-8,
S0,1964,9-14,
S0,1964,0-17,
S0,1964,18-29,
S0,1964,30-65,
S0,1964,66+,
S0,1964,15-26,
S0,1964,27-45,
S0,1964,46-65,
S0,1965,00-04,16998461.271460153
S0,1965,05-09,17597950.58007464
S0,1965,10-14,18168682.96004462
S0,1965,15-19,18525404.3865076
S0,1965,20-24,19401644.26415757
S0,1965,25-29,19730687.33610158
S0,1965,30-34,18621252.77832934
S0,1965,35-39,17331983.68625873
S0,1965,40-44,16005050.368944902
S0,1965,45-49,14471513.15375194
S0,1965,50-54,12952748.17307928
S0,1965,55-59,10994189.297256019
S0,1965,60-64,8849794.708542211
S0,1965,65-69,6736544.668305706
S0,1965,70-74,5120346.416936864
S0,1965,75+,7150756.117961565
S0,1965,0-8,
S0,1965,9-14,
S0,1965,0-17,
S0,1965,18-29,
S0,1965,30-65,
S0,1965,66+,
S0,1965,15-26,
S0,1965,27-45,
S0,1965,46-65,
S0,1966,00-04,17372406.76147304
S0,1966,05-09,17985084.106327247
S0,1966,10-14,18568371.905054614
S0,1966,15-19,18932940.769381896
S0,1966,20-24,19828456.859459788
S0,1966,25-29,20164738.47910576
S0,1966,30-34,19030897.70934068
S0,1966,35-39,17713266.26407271
S0,1966,40-44,16357142.026378904
S0,1966,45-49,14789868.856135052
S0,1966,50-54,13237692.891618479
S0,1966,55-59,11236048.100732509
S0,1966,60-64,9044479.437115591
S0,1966,65-69,6884740.464192998
S0,1966,70-74,5232987.815434032
S0,1966,75+,7308064.062356708
S0,1966,0-8,
S0,1966,9-14,
S0,1966,0-17,
S0,1966,18-29,
S0,1966,30-65,
S0,1966,66+,
S0,1966,15-26,
S0,1966,27-45,
S0,1966,46-65,
S0,1967,00-04,17744096.455646258
S0,1967,05-09,18369882.28098117
S0,1967,10-14,18965649.75892054
S0,1967,15-19,19338018.722079713
S0,1967,20-24,20252694.742397457
S0,1967,25-29,20596171.24379347
S0,1967,30-34,19438071.49052992
S0,1967,35-39,18092248.78565993
S0,1967,40-44,16707109.719445808
S0,1967,45-49,15106304.10356376
S0,1967,50-54,13520918.70425352
S0,1967,55-59,11476447.910592977
S0,1967,60-64,9237989.745853746
S0,1967,65-69,7032042.280961009
S0,1967,70-74,5344949.713830541
S0,1967,75+,7464423.0593357375
S0,1967,0-8,
S0,1967,9-14,
S0,1967,0-17,
S0,1967,18-29,
S0,1967,30-65,
S0,1967,66+,
S0,1967,15-26,
S0,1967,27-45,
S0,1967,46-65,
S0,1968,00-04,18134822.25049637
S0,1968,05-09,18774387.90759791
S0,1968,10-14,19383274.2119563
S0,1968,15-19,19763842.7562816
S0,1968,20-24,20698659.98333604
S0,1968,25-29,21049699.85260236
S0,1968,30-34,19866098.69115268
S0,1968,35-39,18490640.910334915
S0,1968,40-44,17075001.0201438
S0,1968,45-49,15438945.5932483
S0,1968,50-54,13818649.936780829
S0,1968,55-59,11729159.80511694
S0,1968,60-64,9441410.691816714
S0,1968,65-69,7186888.165422695
S0,1968,70-74,5462645.744766268
S0,1968,75+,7628789.987809477
S0,1968,0-8,
S0,1968,9-14,
S0,1968,0-17,
S0,1968,18-29,
S0,1968,30-65,
S0,1968,66+,
S0,1968,15-26,
S0,1968,27-45,
S0,1968,46-65,
S0,1969,00-04,18527467.62167188
S0,1969,05-09,19180880.808754973
S0,1969,10-14,19802950.39032865
S0,1969,15-19,20191758.799113635
S0,1969,20-24,21146816.183586113
S0,1969,25-29,21505456.578397233
S0,1969,30-34,20296228.72422667
S0,1969,35-39,18890990.27484621
S0,1969,40-44,17444699.714774955
S0,1969,45-49,15773221.29991278
S0,1969,50-54,14117843.877511252
S0,1969,55-59,11983113.23469252
S0,1969,60-64,9645831.013907675
S0,1969,65-69,7342494.78413284
S0,1969,70-74,5580919.998377734
S0,1969,75+,7793964.425970927
S0,1969,0-8,
S0,1969,9-14,
S0,1969,0-17,
S0,1969,18-29,
S0,1969,30-65,
S0,1969,66+,
S0,1969,15-26,
S0,1969,27-45,
S0,1969,46-65,
S0,1970,00-04,18929082.23026723
S0,1970,05-09,19596659.26784193
S0,1970,10-14,20232213.2735487
S0,1970,15-19,20629449.77083996
S0,1970,20-24,21605209.66066737
S0,1970,25-29,21971624.20058725
S0,1970,30-34,20736184.26059514
S0,1970,35-39,19300484.859866366
S0,1970,40-44,17822843.4736024
S0,1970,45-49,16115132.8999224
S0,1970,50-54,14423872.335304637
S0,1970,55-59,12242867.747817418
S0,1970,60-64,9854920.92982776
S0,1970,65-69,7501655.940371681
S0,1970,70-74,5701896.002574263
S0,1970,75+,7962911.96031615
S0,1970,0-8,
S0,1970,9-14,
S0,1970,0-17,
S0,1970,18-29,
S0,1970,30-65,
S0,1970,66+,
S0,1970,15-26,
S0,1970,27-45,
S0,1970,46-65,
S0,1971,00-04,19366560.882121094
S0,1971,05-09,20049566.59705342
S0,1971,10-14,20699809.18122452
S0,1971,15-19,21106226.39236064
S0,1971,20-24,22104537.51398799
S0,1971,25-29,22479420.42743986
S0,1971,30-34,21215427.67158382
S0,1971,35-39,19746547.16726758
S0,1971,40-44,18234755.337061193
S0,1971,45-49,16487577.085527511
S0,1971,50-54,14757229.026717354
S0,1971,55-59,12525818.24758208
S0,1971,60-64,10082682.501681142
S0,1971,65-69,7675030.131869339
S0,1971,70-74,5833675.121385873
S0,1971,75+,8146946.450042223
S0,1971,0-8,
S0,1971,9-14,
S0,1971,0-17,
S0,1971,18-29,
S0,1971,30-65,
S0,1971,66+,
S0,1971,15-26,
S0,1971,27-45,
S0,1971,46-65,
S0,1972,00-04,19786688.59131645
S0,1972,05-09,20484511.063241843
S0,1972,10-14,21148859.658747226
S0,1972,15-19,21564093.465299115
S0,1972,20-24,22584061.40907191
S0,1972,25-29,22967076.82992165
S0,1972,30-34,21675663.698078893
S0,1972,35-39,20174918.093649305
S0,1972,40-44,18630330.268208105
S0,1972,45-49,16845249.67558036
S0,1972,50-54,15077364.380784772
S0,1972,55-59,12797546.5817032
S0,1972,60-64,10301410.76880915
S0,1972,65-69,7841528.089195594
S0,1972,70-74,5960227.717887426
S0,1972,75+,8323681.9050270775
S0,1972,0-8,
S0,1972,9-14,
S0,1972,0-17,
S0,1972,18-29,
S0,1972,30-65,
S0,1972,66+,
S0,1972,15-26,
S0,1972,27-45,
S0,1972,46-65,
S0,1973,00-04,20238050.92661961
S0,1973,05-09,20951791.715503465
S0,1973,10-14,21631295.041530777
S0,1973,15-19,22056000.91814416
S0,1973,20-24,23099235.77244174
S0,1973,25-29,23490988.316434342
S0,1973,30-34,22170116.22563847
S0,1973,35-39,20635136.49266407
S0,1973,40-44,19055314.43564569
S0,1973,45-49,17229513.6314841
S0,1973,50-54,15421300.374203812
S0,1973,55-59,13089476.70859686
S0,1973,60-64,10536400.5095163
S0,1973,65-69,8020404.428930266
S0,1973,70-74,6096188.936929648
S0,1973,75+,8513556.854826525
S0,1973,0-8,
S0,1973,9-14,
S0,1973,0-17,
S0,1973,18-29,
S0,1973,30-65,
S0,1973,66+,
S0,1973,15-26,
S0,1973,27-45,
S0,1973,46-65,
S0,1974,00-04,20694516.736262247
S0,1974,05-09,21424355.82770767
S0,1974,10-14,22119185.23612277
S0,1974,15-19,22553470.28182369
S0,1974,20-24,23620235.121500846
S0,1974,25-29,24020823.57774714
S0,1974,30-34,22670159.440743573
S0,1974,35-39,21100558.499969184
S0,1974,40-44,19485103.82412979
S0,1974,45-49,17618122.39218248
S0,1974,50-54,15769125.19125644
S0,1974,55-59,13384707.63796117
S0,1974,60-64,10774047.237787427
S0,1974,65-69,8201303.291898228
S0,1974,70-74,6233687.4455024265
S0,1974,75+,8705578.687203944
S0,1974,0-8,
S0,1974,9-14,
S0,1974,0-17,
S0,1974,18-29,
S0,1974,30-65,
S0,1974,66+,
S0,1974,15-26,
S0,1974,27-45,
S0,1974,46-65,
S0,1975,00-04,21182926.01004838
S0,1975,05-09,21929989.96280255
S0,1975,10-14,22641217.972407244
S0,1975,15-19,23085752.53717111
S0,1975,20-24,24177693.989923477
S0,1975,25-29,24587736.69530715
S0,1975,30-34,23205195.665564794
S0,1975,35-39,21598550.725870896
S0,1975,40-44,19944969.86157704
S0,1975,45-49,18033925.98270378
S0,1975,50-54,16141290.77893642
S0,1975,55-59,13700598.819215057
S0,1975,60-64,11028324.477222761
S0,1975,65-69,8394861.452059412
S0,1975,70-74,6380808.095724357
S0,1975,75+,8911038.20185185
S0,1975,0-8,
S0,1975,9-14,
S0,1975,0-17,
S0,1975,18-29,
S0,1975,30-65,
S0,1975,66+,
S0,1975,15-26,
S0,1975,27-45,
S0,1975,46-65,
S0,1976,00-04,21679039.54699384
S0,1976,05-09,22443600.069379114
S0,1976,10-14,23171485.354907446
S0,1976,15-19,23626431.11664737
S0,1976,20-24,24743946.323280822
S0,1976,25-29,25163592.41097201
S0,1976,30-34,23748671.656166535
S0,1976,35-39,22104398.37828798
S0,1976,40-44,20412089.91560563
S0,1976,45-49,18456288.5401733
S0,1976,50-54,16519326.979195269
S0,1976,55-59,14021472.929583348
S0,1976,60-64,11286612.73543515
S0,1976,65-69,8591472.83639662
S0,1976,70-74,6530249.455781904
S0,1976,75+,9119738.674963053
S0,1976,0-8,
S0,1976,9-14,
S0,1976,0-17,
S0,1976,18-29,
S0,1976,30-65,
S0,1976,66+,
S0,1976,15-26,
S0,1976,27-45,
S0,1976,46-65,
S0,1977,00-04,22187759.901818935
S0,1977,05-09,22970261.601874456
S0,1977,10-14,23715227.443943292
S0,1977,15-19,24180848.96319715
S0,1977,20-24,25324587.78233007
S0,1977,25-29,25754081.285363093
S0,1977,30-34,24305957.99928894
S0,1977,35-39,22623100.203699682
S0,1977,40-44,20891080.029631644
S0,1977,45-49,18889383.81796727
S0,1977,50-54,16906969.515854307
S0,1977,55-59,14350500.821637604
S0,1977,60-64,11551464.396556841
S0,1977,65-69,8793080.343054267
S0,1977,70-74,6683488.293371575
S0,1977,75+,9333742.468100788
S0,1977,0-8,
S0,1977,9-14,
S0,1977,0-17,
S0,1977,18-29,
S0,1977,30-65,
S0,1977,66+,
S0,1977,15-26,
S0,1977,27-45,
S0,1977,46-65,
S0,1978,00-04,22709476.36988107
S0,1978,05-09,23510377.58503016
S0,1978,10-14,24272860.335055046
S0,1978,15-19,24749430.341923393
S0,1978,20-24,25920062.69964443
S0,1978,25-29,26359655.186732166
S0,1978,30-34,24877481.1551356
S0,1978,35-39,23155053.13572697
S0,1978,40-44,21382306.748114794
S0,1978,45-49,19333543.23978308
S0,1978,50-54,17304515.03015937
S0,1978,55-59,14687934.28210037
S0,1978,60-64,11823082.136814754
S0,1978,65-69,8999838.251029864
S0,1978,70-74,6840641.873642048
S0,1978,75+,9553213.346450241
S0,1978,0-8,
S0,1978,9-14,
S0,1978,0-17,
S0,1978,18-29,
S0,1978,30-65,
S0,1978,66+,
S0,1978,15-26,
S0,1978,27-45,
S0,1978,46-65,
S0,1979,00-04,23223137.2011013
S0,1979,05-09,24042153.83103133
S0,1979,10-14,24821883.016719885
S0,1979,15-19,25309232.45953276
S0,1979,20-24,26506343.1023594
S0,1979,25-29,26955878.63871158
S0,1979,30-34,25440179.62694011
S0,1979,35-39,23678792.373344123
S0,1979,40-44,21865948.611042526
S0,1979,45-49,19770844.5552881
S0,1979,50-54,17695922.18677894
S0,1979,55-59,15020157.553538632
S0,1979,60-64,12090505.924975533
S0,1979,65-69,9203403.684313156
S0,1979,70-74,6995368.901851075
S0,1979,75+,9769295.453692045
S0,1979,0-8,
S0,1979,9-14,
S0,1979,0-17,
S0,1979,18-29,
S0,1979,30-65,
S0,1979,66+,
S0,1979,15-26,
S0,1979,27-45,
S0,1979,46-65,
S0,1980,00-04,23779188.44656567
S0,1980,05-09,24617815.485424727
S0,1980,10-14,25416214.38748592
S0,1980,15-19,25915232.8508237
S0,1980,20-24,27141006.92779957
S0,1980,25-29,27601306.074283514
S0,1980,30-34,26049315.39718076
S0,1980,35-39,24245753.75656609
S0,1980,40-44,22389503.54047099
S0,1980,45-49,20244234.633624665
S0,1980,50-54,18119630.6412565
S0,1980,55-59,15379797.90886151
S0,1980,60-64,12379999.14975646
S0,1980,65-69,9423768.574588666
S0,1980,70-74,7162864.944985703
S0,1980,75+,10003209.969947718
S0,1980,0-8,
S0,1980,9-14,
S0,1980,0-17,
S0,1980,18-29,
S0,1980,30-65,
S0,1980,66+,
S0,1980,15-26,
S0,1980,27-45,
S0,1980,46-65,
S0,1981,00-04,24343058.372785546
S0,1981,05-09,25201571.56409217
S0,1981,10-14,26018902.69889169
S0,1981,15-19,26529754.261779413
S0,1981,20-24,27784594.811730146
S0,1981,25-29,28255808.916323364
S0,1981,30-34,26667016.273898777
S0,1981,35-39,24820687.22885768
S0,1981,40-44,22920420.217372485
S0,1981,45-49,20724281.087476153
S0,1981,50-54,18549296.893987358
S0,1981,55-59,15744495.195803568
S0,1981,60-64,12673562.96177897
S0,1981,65-69,9647232.033100171
S0,1981,70-74,7332716.163294852
S0,1981,75+,10240413.57680719
S0,1981,0-8,
S0,1981,9-14,
S0,1981,0-17,
S0,1981,18-29,
S0,1981,30-65,
S0,1981,66+,
S0,1981,15-26,
S0,1981,27-45,
S0,1981,46-65,
S0,1982,00-04,24917139.96070327
S0,1982,05-09,25795899.441878896
S0,1982,10-14,26632505.67139063
S0,1982,15-19,27155404.630785454
S0,1982,20-24,28439838.046368264
S0,1982,25-29,28922164.77852337
S0,1982,30-34,27295903.6886643
S0,1982,35-39,25406032.723221757
S0,1982,40-44,23460951.7739513
S0,1982,45-49,21213021.16331035
S0,1982,50-54,18986744.38528378
S0,1982,55-59,16115797.13595233
S0,1982,60-64,12972443.20263676
S0,1982,65-69,9874742.405862719
S0,1982,70-74,7505643.380340034
S0,1982,75+,10481912.931451961
S0,1982,0-8,
S0,1982,9-14,
S0,1982,0-17,
S0,1982,18-29,
S0,1982,30-65,
S0,1982,66+,
S0,1982,15-26,
S0,1982,27-45,
S0,1982,46-65,
S0,1983,00-04,25504402.339689136
S0,1983,05-09,26403872.96123984
S0,1983,10-14,27260196.837535772
S0,1983,15-19,27795419.799097273
S0,1983,20-24,29110125.52620836
S0,1983,25-29,29603820.02948891
S0,1983,30-34,27939230.224617247
S0,1983,35-39,26004817.625548515
S0,1983,40-44,24013893.82001967
S0,1983,45-49,21712982.607259773
S0,1983,50-54,19434235.57787182
S0,1983,55-59,16495624.08961711
S0,1983,60-64,13278185.67020944
S0,1983,65-69,10107476.36835943
S0,1983,70-74,7682540.969481865
S0,1983,75+,10728957.059877418
S0,1983,0-8,
S0,1983,9-14,
S0,1983,0-17,
S0,1983,18-29,
S0,1983,30-65,
S0,1983,66+,
S0,1983,15-26,
S0,1983,27-45,
S0,1983,46-65,
S0,1984,00-04,26110992.51896498
S0,1984,05-09,27031855.91962546
S0,1984,10-14,27908546.383882247
S0,1984,15-19,28456498.95141068
S0,1984,20-24,29802473.30313338
S0,1984,25-29,30307909.71015525
S0,1984,30-34,28603729.72729355
S0,1984,35-39,26623309.553938843
S0,1984,40-44,24585034.12604946
S0,1984,45-49,22229398.62975385
S0,1984,50-54,19896454.464096226
S0,1984,55-59,16887951.79212581
S0,1984,60-64,13593990.64061709
S0,1984,65-69,10347870.000041142
S0,1984,70-74,7865260.558120098
S0,1984,75+,10984131.829304043
S0,1984,0-8,
S0,1984,9-14,
S0,1984,0-17,
S0,1984,18-29,
S0,1984,30-65,
S0,1984,66+,
S0,1984,15-26,
S0,1984,27-45,
S0,1984,46-65,
S0,1985,00-04,26731477.04036351
S0,1985,05-09,27674223.235636935
S0,1985,10-14,28571746.79778281
S0,1985,15-19,29132720.551172517
S0,1985,20-24,30510679.75566698
S0,1985,25-29,31028127.022363394
S0,1985,30-34,29283450.02276536
S0,1985,35-39,27255968.441747196
S0,1985,40-44,25169256.771825507
S0,1985,45-49,22757643.49672863
S0,1985,50-54,20369260.774186347
S0,1985,55-59,17289266.01553298
S0,1985,60-64,13917029.329032058
S0,1985,65-69,10593770.0040263
S0,1985,70-74,8052165.457638388
S0,1985,75+,11245151.542596586
S0,1985,0-8,
S0,1985,9-14,
S0,1985,0-17,
S0,1985,18-29,
S0,1985,30-65,
S0,1985,66+,
S0,1985,15-26,
S0,1985,27-45,
S0,1985,46-65,
S0,1986,00-04,27360996.9989698
S0,1986,05-09,28325944.64405194
S0,1986,10-14,29244604.673697826
S0,1986,15-19,29818789.22623193
S0,1986,20-24,31229199.043914136
S0,1986,25-29,31758832.07129335
S0,1986,30-34,29973068.341212373
S0,1986,35-39,27897840.04874128
S0,1986,40-44,25761986.812789056
S0,1986,45-49,23293580.615743984
S0,1986,50-54,20848952.04526892
S0,1986,55-59,17696424.13889433
S0,1986,60-64,14244772.076427048
S0,1986,65-69,10843250.780728208
S0,1986,70-74,8241792.048714126
S0,1986,75+,11509972.200389938
S0,1986,0-8,
S0,1986,9-14,
S0,1986,0-17,
S0,1986,18-29,
S0,1986,30-65,
S0,1986,66+,
S0,1986,15-26,
S0,1986,27-45,
S0,1986,46-65,
S0,1987,00-04,28004358.00633175
S0,1987,05-09,28991995.237214264
S0,1987,10-14,29932256.45493519
S0,1987,15-19,30519942.268119417
S0,1987,20-24,31963516.179973025
S0,1987,25-29,32505602.89235647
S0,1987,30-34,30677849.07133185
S0,1987,35-39,28553824.276130956
S0,1987,40-44,26367749.01466149
S0,1987,45-49,23841301.2083297
S0,1987,50-54,21339190.13092019
S0,1987,55-59,18112534.31430687
S0,1987,60-64,14579720.796061672
S0,1987,65-69,11098216.809401441
S0,1987,70-74,8435587.897422712
S0,1987,75+,11780615.383086449
S0,1987,0-8,
S0,1987,9-14,
S0,1987,0-17,
S0,1987,18-29,
S0,1987,30-65,
S0,1987,66+,
S0,1987,15-26,
S0,1987,27-45,
S0,1987,46-65,
S0,1988,00-04,28649799.920279875
S0,1988,05-09,29660200.124855377
S0,1988,10-14,30622132.39819701
S0,1988,15-19,31223363.14092312
S0,1988,20-24,32700208.41391209
S0,1988,25-29,33254789.091880728
S0,1988,30-34,31384909.365873713
S0,1988,35-39,29211930.23903708
S0,1988,40-44,26975470.512389798
S0,1988,45-49,24390793.365208965
S0,1988,50-54,21831013.85768051
S0,1988,55-59,18529990.36924068
S0,1988,60-64,14915752.884114241
S0,1988,65-69,11354007.50802241
S0,1988,70-74,8630010.565371722
S0,1988,75+,12052133.942398781
S0,1988,0-8,
S0,1988,9-14,
S0,1988,0-17,
S0,1988,18-29,
S0,1988,30-65,
S0,1988,66+,
S0,1988,15-26,
S0,1988,27-45,
S0,1988,46-65,
S0,1989,00-04,29304728.41610211
S0,1989,05-09,30338226.160206754
S0,1989,10-14,31322148.006202143
S0,1989,15-19,31937122.75925544
S0,1989,20-24,33447728.40948587
S0,1989,25-29,34014986.68695763
S0,1989,30-34,32102361.89746918
S0,1989,35-39,29879708.917588115
S0,1989,40-44,27592124.184524875
S0,1989,45-49,24948361.852773834
S0,1989,50-54,22330066.315563973
S0,1989,55-59,18953582.113472614
S0,1989,60-64,15256723.90756401
S0,1989,65-69,11613557.769436972
S0,1989,70-74,8827290.820530083
S0,1989,75+,12327643.22959475
S0,1989,0-8,
S0,1989,9-14,
S0,1989,0-17,
S0,1989,18-29,
S0,1989,30-65,
S0,1989,66+,
S0,1989,15-26,
S0,1989,27-45,
S0,1989,46-65,
S0,1990,00-04,29969591.593129523
S0,1990,05-09,31026537.24583919
S0,1990,10-14,32032782.22669481
S0,1990,15-19,32661709.474454783
S0,1990,20-24,34206587.61674133
S0,1990,25-29,34786715.8015946
S0,1990,30-34,32830697.5441325
S0,1990,35-39,30557617.203156333
S0,1990,40-44,28218131.94292396
S0,1990,45-49,25514388.15704596
S0,1990,50-54,22836688.95416999
S0,1990,55-59,19383599.36669817
S0,1990,60-64,15602867.157355715
S0,1990,65-69,11877045.17684581
S0,1990,70-74,9027563.641221289
S0,1990,75+,12607331.74697357
S0,1990,0-8,
S0,1990,9-14,
S0,1990,0-17,
S0,1990,18-29,
S0,1990,30-65,
S0,1990,66+,
S0,1990,15-26,
S0,1990,27-45,
S0,1990,46-65,
S0,1991,00-04,30639923.97475951
S0,1991,05-09,31720510.419984914
S0,1991,10-14,32749262.16715479
S0,1991,15-19,33392256.683684617
S0,1991,20-24,34971689.24561445
S0,1991,25-29,35564793.206483714
S0,1991,30-34,33565024.52376267
S0,1991,35-39,31241102.003176942
S0,1991,40-44,28849289.278907996
S0,1991,45-49,26085070.627842978
S0,1991,50-54,23347479.101163562
S0,1991,55-59,19817153.96778987
S0,1991,60-64,15951857.802401552
S0,1991,65-69,12142700.04756308
S0,1991,70-74,9229483.918217106
S0,1991,75+,12889320.998968774
S0,1991,0-8,
S0,1991,9-14,
S0,1991,0-17,
S0,1991,18-29,
S0,1991,30-65,
S0,1991,66+,
S0,1991,15-26,
S0,1991,27-45,
S0,1991,46-65,
S0,1992,00-04,31303588.52233026
S0,1992,05-09,32407580.603773057
S0,1992,10-14,33458615.241181504
S0,1992,15-19,34115537.09856423
S0,1992,20-24,35729180.36537359
S0,1992,25-29,36335131.03148196
S0,1992,30-34,34292047.11145298
S0,1992,35-39,31917788.14128975
S0,1992,40-44,29474168.457224395
S0,1992,45-49,26650076.48787186
S0,1992,50-54,23853188.38971649
S0,1992,55-59,20246395.976778135
S0,1992,60-64,16297377.017790765
S0,1992,65-69,12405712.43427761
S0,1992,70-74,9429395.682813551
S0,1992,75+,13168505.28794813
S0,1992,0-8,
S0,1992,9-14,
S0,1992,0-17,
S0,1992,18-29,
S0,1992,30-65,
S0,1992,66+,
S0,1992,15-26,
S0,1992,27-45,
S0,1992,46-65,
S0,1993,00-04,31975838.957618035
S0,1993,05-09,33103539.476091135
S0,1993,10-14,34177145.27948574
S0,1993,15-19,34848174.65697788
S0,1993,20-24,36496471.21562112
S0,1993,25-29,37115434.78594536
S0,1993,30-34,35028475.2555023
S0,1993,35-39,32603228.628603168
S0,1993,40-44,30107131.75346054
S0,1993,45-49,27222391.8793371
S0,1993,50-54,24365440.08464755
S0,1993,55-59,20681191.128097236
S0,1993,60-64,16647366.246228373
S0,1993,65-69,12672127.435805272
S0,1993,70-74,9631893.723820899
S0,1993,75+,13451301.40908924
S0,1993,0-8,
S0,1993,9-14,
S0,1993,0-17,
S0,1993,18-29,
S0,1993,30-65,
S0,1993,66+,
S0,1993,15-26,
S0,1993,27-45,
S0,1993,46-65,
S0,1994,00-04,32645521.74023392
S0,1994,05-09,33796840.141639516
S0,1994,10-14,34892930.9007159
S0,1994,15-19,35578013.91480945
S0,1994,20-24,37260831.40744388
S0,1994,25-29,37892758.17934862
S0,1994,30-34,35762090.62087204
S0,1994,35-39,33286051.083995346
S0,1994,40-44,30737677.45379275
S0,1994,45-49,27792521.318861052
S0,1994,50-54,24875735.240223445
S0,1994,55-59,21114325.58442323
S0,1994,60-64,16996018.69490303
S0,1994,65-69,12937524.868351819
S0,1994,70-74,9833618.325929966
S0,1994,75+,13733017.393754529
S0,1994,0-8,
S0,1994,9-14,
S0,1994,0-17,
S0,1994,18-29,
S0,1994,30-65,
S0,1994,66+,
S0,1994,15-26,
S0,1994,27-45,
S0,1994,46-65,
S0,1995,00-04,33304781.572891336
S0,1995,05-09,34479350.26824797
S0,1995,10-14,35597576.02691653
S0,1995,15-19,36296493.94666182
S0,1995,20-24,38013295.08910324
S0,1995,25-29,38657983.30318104
S0,1995,30-34,36484287.98888464
S0,1995,35-39,33958246.08342202
S0,1995,40-44,31358409.334131785
S0,1995,45-49,28353777.257718302
S0,1995,50-54,25378088.15656506
S0,1995,55-59,21540718.731459547
S0,1995,60-64,17339244.71315455
S0,1995,65-69,13198791.65243261
S0,1995,70-74,10032203.28418412
S0,1995,75+,14010348.747835169
S0,1995,0-8,
S0,1995,9-14,
S0,1995,0-17,
S0,1995,18-29,
S0,1995,30-65,
S0,1995,66+,
S0,1995,15-26,
S0,1995,27-45,
S0,1995,46-65,
S0,1996,00-04,33976295.18206222
S0,1996,05-09,35174546.32860417
S0,1996,10-14,36315318.51393007
S0,1996,15-19,37028328.49111087
S0,1996,20-24,38779744.94333494
S0,1996,25-29,39437431.7987183
S0,1996,30-34,37219908.96426397
S0,1996,35-39,34642935.28754378
S0,1996,40-44,31990678.86527205
S0,1996,45-49,28925465.35776743
S0,1996,50-54,25889778.393433124
S0,1996,55-59,21975037.321654744
S0,1996,60-64,17688850.33276038
S0,1996,65-69,13464914.64740922
S0,1996,70-74,10234479.375398047
S0,1996,75+,14292834.9077522
S0,1996,0-8,
S0,1996,9-14,
S0,1996,0-17,
S0,1996,18-29,
S0,1996,30-65,
S0,1996,66+,
S0,1996,15-26,
S0,1996,27-45,
S0,1996,46-65,
S0,1997,00-04,34650061.03418163
S0,1997,05-09,35872074.06236716
S0,1997,10-14,37035468.294605516
S0,1997,15-19,37762617.59369504
S0,1997,20-24,39548765.45474475
S0,1997,25-29,40219494.54861144
S0,1997,30-34,37957997.19739051
S0,1997,35-39,35329920.92529081
S0,1997,40-44,32625069.01552357
S0,1997,45-49,29499070.88804363
S0,1997,50-54,26403184.82891887
S0,1997,55-59,22410812.60754282
S0,1997,60-64,18039628.522483584
S0,1997,65-69,13731930.213482957
S0,1997,70-74,10437433.89649617
S0,1997,75+,14576268.520487819
S0,1997,0-8,
S0,1997,9-14,
S0,1997,0-17,
S0,1997,18-29,
S0,1997,30-65,
S0,1997,66+,
S0,1997,15-26,
S0,1997,27-45,
S0,1997,46-65,
S0,1998,00-04,35325986.75408006
S0,1998,05-09,36571837.83654741
S0,1998,10-14,37757926.63440791
S0,1998,15-19,38499260.58133904
S0,1998,20-24,40320251.188484766
S0,1998,25-29,41004064.32988549
S0,1998,30-34,38698451.4943177
S0,1998,35-39,36019108.80902423
S0,1998,40-44,33261492.80823492
S0,1998,45-49,30074515.20563561
S0,1998,50-54,26918237.07357416
S0,1998,55-59,22847984.84312183
S0,1998,60-64,18391531.18966017
S0,1998,65-69,13999801.742078163
S0,1998,70-74,10641039.021849971
S0,1998,75+,14860610.72650656
S0,1998,0-8,
S0,1998,9-14,
S0,1998,0-17,
S0,1998,18-29,
S0,1998,30-65,
S0,1998,66+,
S0,1998,15-26,
S0,1998,27-45,
S0,1998,46-65,
S0,1999,00-04,36004449.89082171
S0,1999,05-09,37274228.51533363
S0,1999,10-14,38483097.07393662
S0,1999,15-19,39238668.91770302
S0,1999,20-24,41094633.07018524
S0,1999,25-29,41791579.376473606
S0,1999,30-34,39441685.447573
S0,1999,35-39,36710883.89560087
S0,1999,40-44,33900305.72804045
S0,1999,45-49,30652119.73412181
S0,1999,50-54,27435222.818024274
S0,1999,55-59,23286798.217898957
S0,1999,60-64,18744754.89512334
S0,1999,65-69,14268678.85709873
S0,1999,70-74,10845408.478341402
S0,1999,75+,15146020.34967124
S0,1999,0-8,
S0,1999,9-14,
S0,1999,0-17,
S0,1999,18-29,
S0,1999,30-65,
S0,1999,66+,
S0,1999,15-26,
S0,1999,27-45,
S0,1999,46-65,
S0,2000,00-04,36683011.78343536
S0,2000,05-09,37976721.43284174
S0,2000,10-14,39208373.06796819
S0,2000,15-19,39978184.88101244
S0,2000,20-24,41869127.669517465
S0,2000,25-29,42579209.0523333
S0,2000,30-34,40185027.58462367
S0,2000,35-39,37402759.67571297
S0,2000,40-44,34539211.6323038
S0,2000,45-49,31229808.33768267
S0,2000,50-54,27952283.813988026
S0,2000,55-59,23725675.46556044
S0,2000,60-64,19098030.01519277
S0,2000,65-69,14537595.109387793
S0,2000,70-74,11049807.68248276
S0,2000,75+,15431471.516546529
S0,2000,0-8,
S0,2000,9-14,
S0,2000,0-17,
S0,2000,18-29,
S0,2000,30-65,
S0,2000,66+,
S0,2000,15-26,
S0,2000,27-45,
S0,2000,46-65,
S0,2001,00-04,37372189.13470071
S0,2001,05-09,38690204.18723887
S0,2001,10-14,39944995.31856013
S0,2001,15-19,40729269.87172559
S0,2001,20-24,42655738.503911875
S0,2001,25-29,43379160.44909706
S0,2001,30-34,40939998.60594536
S0,2001,35-39,38105459.19764705
S0,2001,40-44,35188112.61480964
S0,2001,45-49,31816534.33274961
S0,2001,50-54,28477433.739912067
S0,2001,55-59,24171418.53242933
S0,2001,60-64,19456831.79019315
S0,2001,65-69,14810718.30195456
S0,2001,70-74,11257404.51873936
S0,2001,75+,15721388.296790361
S0,2001,0-8,
S0,2001,9-14,
S0,2001,0-17,
S0,2001,18-29,
S0,2001,30-65,
S0,2001,66+,
S0,2001,15-26,
S0,2001,27-45,
S0,2001,46-65,
S0,2002,00-04,38072873.14022913
S0,2002,05-09,39415599.40417185
S0,2002,10-14,40693916.3737261
S0,2002,15-19,41492895.140053004
S0,2002,20-24,43455482.76309797
S0,2002,25-29,44192468.00756999
S0,2002,30-34,41707574.78688965
S0,2002,35-39,38819891.142933205
S0,2002,40-44,35847847.78860593
S0,2002,45-49,32413056.432055905
S0,2002,50-54,29011351.682693854
S0,2002,55-59,24624603.82204568
S0,2002,60-64,19821624.197309233
S0,2002,65-69,15088401.618475363
S0,2002,70-74,11468467.436718661
S0,2002,75+,16016145.590363888
S0,2002,0-8,
S0,2002,9-14,
S0,2002,0-17,
S0,2002,18-29,
S0,2002,30-65,
S0,2002,66+,
S0,2002,15-26,
S0,2002,27-45,
S0,2002,46-65,
S0,2003,00-04,38746045.0794649
S0,2003,05-09,40112512.2793657
S0,2003,10-14,41413431.3548914
S0,2003,15-19,42226536.97956059
S0,2003,20-24,44223825.39629819
S0,2003,25-29,44973841.38274711
S0,2003,30-34,42445012.408072114
S0,2003,35-39,39506271.21478542
S0,2003,40-44,36481678.7349704
S0,2003,45-49,32986156.33903064
S0,2003,50-54,29524305.559333507
S0,2003,55-59,25059994.97959623
S0,2003,60-64,20172093.182157308
S0,2003,65-69,15355181.81497031
S0,2003,70-74,11671243.05693527
S0,2003,75+,16299329.361298049
S0,2003,0-8,
S0,2003,9-14,
S0,2003,0-17,
S0,2003,18-29,
S0,2003,30-65,
S0,2003,66+,
S0,2003,15-26,
S0,2003,27-45,
S0,2003,46-65,
S0,2004,00-04,39413650.000829875
S0,2004,05-09,40803661.80317116
S0,2004,10-14,42126996.06908178
S0,2004,15-19,42954111.7253685
S0,2004,20-24,44985813.96611486
S0,2004,25-29,45748752.932512544
S0,2004,30-34,43176351.54508363
S0,2004,35-39,40186975.03974814
S0,2004,40-44,37110268.00680886
S0,2004,45-49,33554516.806884475
S0,2004,50-54,30033017.39433161
S0,2004,55-59,25491785.52604936
S0,2004,60-64,20519663.84788645
S0,2004,65-69,15619755.784445211
S0,2004,70-74,11872341.75713232
S0,2004,75+,16580171.250431096
S0,2004,0-8,
S0,2004,9-14,
S0,2004,0-17,
S0,2004,18-29,
S0,2004,30-65,
S0,2004,66+,
S0,2004,15-26,
S0,2004,27-45,
S0,2004,46-65,
S0,2005,00-04,40087879.03394071
S0,2005,05-09,41501669.05305424
S0,2005,10-14,42847640.91742553
S0,2005,15-19,43688905.6157116
S0,2005,20-24,45755363.141424395
S0,2005,25-29,46531353.31220502
S0,2005,30-34,43914947.17768513
S0,2005,35-39,40874432.9464411
S0,2005,40-44,37745094.2691872
S0,2005,45-49,34128516.66284126
S0,2005,50-54,30546776.771571625
S0,2005,55-59,25927860.38608224
S0,2005,60-64,20870683.180417914
S0,2005,65-69,15886954.91062999
S0,2005,70-74,12075435.799513679
S0,2005,75+,16863799.709879927
S0,2005,0-8,
S0,2005,9-14,
S0,2005,0-17,
S0,2005,18-29,
S0,2005,30-65,
S0,2005,66+,
S0,2005,15-26,
S0,2005,27-45,
S0,2005,46-65,
S0,2006,00-04,40722285.88554314
S0,2006,05-09,42158449.70183596
S0,2006,10-14,43525722.113739274
S0,2006,15-19,44380300.16512522
S0,2006,20-24,46479460.21450479
S0,2006,25-29,47267730.742664784
S0,2006,30-34,44609918.92597079
S0,2006,35-39,41521287.33089557
S0,2006,40-44,38342425.607132986
S0,2006,45-49,34668614.20174081
S0,2006,50-54,31030191.832314726
S0,2006,55-59,26338179.23239476
S0,2006,60-64,21200970.158086915
S0,2006,65-69,16138372.37868483
S0,2006,70-74,12266534.44059696
S0,2006,75+,17130676.140806604
S0,2006,0-8,
S0,2006,9-14,
S0,2006,0-17,
S0,2006,18-29,
S0,2006,30-65,
S0,2006,66+,
S0,2006,15-26,
S0,2006,27-45,
S0,2006,46-65,
S0,2007,00-04,41365871.95768239
S0,2007,05-09,42824733.29719561
S0,2007,10-14,44213614.45384362
S0,2007,15-19,45081698.48897946
S0,2007,20-24,47214034.23421187
S0,2007,25-29,48014762.80400607
S0,2007,30-34,45314946.207118765
S0,2007,35-39,42177501.03900038
S0,2007,40-44,38948399.72072138
S0,2007,45-49,35216526.40154515
S0,2007,50-54,31520601.416276127
S0,2007,55-59,26754434.97420453
S0,2007,60-64,21536036.0516847
S0,2007,65-69,16393427.601250457
S0,2007,70-74,12460398.084243422
S0,2007,75+,17401414.001680594
S0,2007,0-8,
S0,2007,9-14,
S0,2007,0-17,
S0,2007,18-29,
S0,2007,30-65,
S0,2007,66+,
S0,2007,15-26,
S0,2007,27-45,
S0,2007,46-65,
S0,2008,00-04,41974578.42743982
S0,2008,05-09,43454907.18184882
S0,2008,10-14,44864225.98203643
S0,2008,15-19,45745084.03458017
S0,2008,20-24,47908797.49536386
S0,2008,25-29,48721308.93441445
S0,2008,30-34,45981764.03610596
S0,2008,35-39,42798150.78106081
S0,2008,40-44,39521532.63862425
S0,2008,45-49,35734744.112148084
S0,2008,50-54,31984432.905972775
S0,2008,55-59,27148131.441673245
S0,2008,60-64,21852942.8121901
S0,2008,65-69,16634659.925631039
S0,2008,70-74,12643755.15060459
S0,2008,75+,17657479.03269425
S0,2008,0-8,
S0,2008,9-14,
S0,2008,0-17,
S0,2008,18-29,
S0,2008,30-65,
S0,2008,66+,
S0,2008,15-26,
S0,2008,27-45,
S0,2008,46-65,
S0,2009,00-04,42581213.99671264
S0,2009,05-09,44082937.131012656
S0,2009,10-14,45512624.04315442
S0,2009,15-19,46406212.65419744
S0,2009,20-24,48601197.07936485
S0,2009,25-29,49425451.30078122
S0,2009,30-34,46646313.26202446
S0,2009,35-39,43416688.99003351
S0,2009,40-44,40092715.682003945
S0,2009,45-49,36251198.77707736
S0,2009,50-54,32446686.37916308
S0,2009,55-59,27540488.501322635
S0,2009,60-64,22168771.41368698
S0,2009,65-69,16875071.54551399
S0,2009,70-74,12826488.41180439
S0,2009,75+,17912672.89636672
S0,2009,0-8,
S0,2009,9-14,
S0,2009,0-17,
S0,2009,18-29,
S0,2009,30-65,
S0,2009,66+,
S0,2009,15-26,
S0,2009,27-45,
S0,2009,46-65,
S0,2010,00-04,43215676.02688966
S0,2010,05-09,44739774.9043666
S0,2010,10-14,46190764.2166904
S0,2010,15-19,47097667.33878398
S0,2010,20-24,49325357.13197368
S0,2010,25-29,50161892.77887362
S0,2010,30-34,47341345.456615776
S0,2010,35-39,44063599.63570714
S0,2010,40-44,40690098.973820806
S0,2010,45-49,36791343.29184462
S0,2010,50-54,32930143.48572257
S0,2010,55-59,27950843.035788566
S0,2010,60-64,22499087.11860662
S0,2010,65-69,17126510.88101476
S0,2010,70-74,13017603.67400485
S0,2010,75+,18179572.539307922
S0,2010,0-8,
S0,2010,9-14,
S0,2010,0-17,
S0,2010,18-29,
S0,2010,30-65,
S0,2010,66+,
S0,2010,15-26,
S0,2010,27-45,
S0,2010,46-65,
S0,2011,00-04,43849513.25578254
S0,2011,05-09,45395965.84140137
S0,2011,10-14,46868236.575871706
S0,2011,15-19,47788441.0972405
S0,2011,20-24,50048804.051078424
S0,2011,25-29,50897609.02904175
S0,2011,30-34,48035693.20204065
S0,2011,35-39,44709873.22103217
S0,2011,40-44,41286893.97850607
S0,2011,45-49,37330955.88670117
S0,2011,50-54,33413124.496618923
S0,2011,55-59,28360793.4640545
S0,2011,60-64,22829077.537430655
S0,2011,65-69,17377702.60576463
S0,2011,70-74,13208530.73099276
S0,2011,75+,18446209.346599855
S0,2011,0-8,
S0,2011,9-14,
S0,2011,0-17,
S0,2011,18-29,
S0,2011,30-65,
S0,2011,66+,
S0,2011,15-26,
S0,2011,27-45,
S0,2011,46-65,
S0,2012,00-04,44470251.33759545
S0,2012,05-09,46038595.66021058
S0,2012,10-14,47531708.0059958
S0,2012,15-19,48464939.03432122
S0,2012,20-24,50757299.9115108
S0,2012,25-29,51618120.65737516
S0,2012,30-34,48715691.26457001
S0,2012,35-39,45342790.644298255
S0,2012,40-44,41871355.36631523
S0,2012,45-49,37859416.62044254
S0,2012,50-54,33886124.01856165
S0,2012,55-59,28762271.684140503
S0,2012,60-64,23152248.23530092
S0,2012,65-69,17623703.096554473
S0,2012,70-74,13395512.00902193
S0,2012,75+,18707335.725352015
S0,2012,0-8,
S0,2012,9-14,
S0,2012,0-17,
S0,2012,18-29,
S0,2012,30-65,
S0,2012,66+,
S0,2012,15-26,
S0,2012,27-45,
S0,2012,46-65,
S0,2013,00-04,45108603.74638819
S0,2013,05-09,46695645.57292831
S0,2013,10-14,48208399.47431001
S0,2013,15-19,49147134.881209545
S0,2013,20-24,51468079.32357386
S0,2013,25-29,52333803.72608161
S0,2013,30-34,49378835.65120704
S0,2013,35-39,45950422.14630905
S0,2013,40-44,42429720.04559071
S0,2013,45-49,38364061.69836552
S0,2013,50-54,34335742.102773204
S0,2013,55-59,29141296.446925923
S0,2013,60-64,23455960.522652537
S0,2013,65-69,17854372.443992153
S0,2013,70-74,13570963.45863171
S0,2013,75+,18949145.812026054
S0,2013,0-8,
S0,2013,9-14,
S0,2013,0-17,
S0,2013,18-29,
S0,2013,30-65,
S0,2013,66+,
S0,2013,15-26,
S0,2013,27-45,
S0,2013,46-65,
S0,2014,00-04,45747628.30109741
S0,2014,05-09,47353385.296757996
S0,2014,10-14,48885818.835567966
S0,2014,15-19,49830038.93140941
S0,2014,20-24,52179608.833414294
S0,2014,25-29,53050236.05008417
S0,2014,30-34,50042671.00345777
S0,2014,35-39,46558752.41695347
S0,2014,40-44,42988758.54118331
S0,2014,45-49,38869336.6156051
S0,2014,50-54,34785923.28062257
S0,2014,55-59,29520803.677317046
S0,2014,60-64,23760071.00956547
S0,2014,65-69,18085351.32057483
S0,2014,70-74,13746653.36249366
S0,2014,75+,19191275.684527315
S0,2014,0-8,
S0,2014,9-14,
S0,2014,0-17,
S0,2014,18-29,
S0,2014,30-65,
S0,2014,66+,
S0,2014,15-26,
S0,2014,27-45,
S0,2014,46-65,
S0,2015,00-04,46387056.14596901
S0,2015,05-09,48011601.06885907
S0,2015,10-14,49563772.58604584
S0,2015,15-19,50513514.75856172
S0,2015,20-24,52891723.45378089
S0,2015,25-29,53767304.930316284
S0,2015,30-34,50707185.10974946
S0,2015,35-39,47167794.71411351
S0,2015,40-44,43548491.39788702
S0,2015,45-49,39375256.28584379
S0,2015,50-54,35236701.05029693
S0,2015,55-59,29900839.286107626
S0,2015,60-64,24064620.025812875
S0,2015,65-69,18316673.728857316
S0,2015,70-74,13922599.698266268
S0,2015,75+,19433765.51981053
S0,2015,0-8,
S0,2015,9-14,
S0,2015,0-17,
S0,2015,18-29,
S0,2015,30-65,
S0,2015,66+,
S0,2015,15-26,
S0,2015,27-45,
S0,2015,46-65,
S0,2016,00-04,47009601.29056149
S0,2016,05-09,48652459.46896984
S0,2016,10-14,50223806.20771293
S0,2016,15-19,51178765.56573183
S0,2016,20-24,53584945.12398697
S0,2016,25-29,54465339.58684478
S0,2016,30-34,51354025.40906695
S0,2016,35-39,47760650.98875473
S0,2016,40-44,44093375.77854154
S0,2016,45-49,39867753.33390495
S0,2016,50-54,35675455.96135639
S0,2016,55-59,30270735.22623975
S0,2016,60-64,24361052.900349125
S0,2016,65-69,18541836.644092917
S0,2016,70-74,14093824.16899399
S0,2016,75+,19669659.661042348
S0,2016,0-8,
S0,2016,9-14,
S0,2016,0-17,
S0,2016,18-29,
S0,2016,30-65,
S0,2016,66+,
S0,2016,15-26,
S0,2016,27-45,
S0,2016,46-65,
S0,2017,00-04,47597547.62597828
S0,2017,05-09,49257773.76171099
S0,2017,10-14,50847144.96851223
S0,2017,15-19,51806779.085725054
S0,2017,20-24,54239545.72660783
S0,2017,25-29,55124457.3728985
S0,2017,30-34,51964708.05029767
S0,2017,35-39,48320250.34291609
S0,2017,40-44,44607672.42185643
S0,2017,45-49,40332566.98681501
S0,2017,50-54,36089415.812264346
S0,2017,55-59,30619701.719107937
S0,2017,60-64,24640717.082278
S0,2017,65-69,18754262.252018683
S0,2017,70-74,14255288.247738034
S0,2017,75+,19891958.227309264
S0,2017,0-8,
S0,2017,9-14,
S0,2017,0-17,
S0,2017,18-29,
S0,2017,30-65,
S0,2017,66+,
S0,2017,15-26,
S0,2017,27-45,
S0,2017,46-65,
S0,2018,00-04,48185624.44484559
S0,2018,05-09,49863245.074441925
S0,2018,10-14,51470674.6358455
S0,2018,15-19,52434983.24352619
S0,2018,20-24,54894357.62940727
S0,2018,25-29,55783801.18950969
S0,2018,30-34,52575648.58499676
S0,2018,35-39,48880200.41446756
S0,2018,40-44,45122346.61290013
S0,2018,45-49,40797753.13633602
S0,2018,50-54,36503721.44839823
S0,2018,55-59,30968983.073089816
S0,2018,60-64,24920653.059573043
S0,2018,65-69,18966906.76117956
S0,2018,70-74,14416918.17233176
S0,2018,75+,20114487.554726224
S0,2018,0-8,
S0,2018,9-14,
S0,2018,0-17,
S0,2018,18-29,
S0,2018,30-65,
S0,2018,66+,
S0,2018,15-26,
S0,2018,27-45,
S0,2018,46-65,
S0,2019,00-04,48774784.152177244
S0,2019,05-09,50469862.027945384
S0,2019,10-14,52095416.18796512
S0,2019,15-19,53064431.05799347
S0,2019,20-24,55550425.321880676
S0,2019,25-29,56444414.77025359
S0,2019,30-34,53187789.0556288
S0,2019,35-39,49441313.64961185
S0,2019,40-44,45638124.95457673
S0,2019,45-49,41263943.64337344
S0,2019,50-54,36918919.177268244
S0,2019,55-59,31319021.843832336
S0,2019,60-64,25201202.690387912
S0,2019,65-69,19180016.564451326
S0,2019,70-74,14578889.21234804
S0,2019,75+,20337458.218138542
S0,2019,0-8,
S0,2019,9-14,
S0,2019,0-17,
S0,2019,18-29,
S0,2019,30-65,
S0,2019,66+,
S0,2019,15-26,
S0,2019,27-45,
S0,2019,46-65,
S0,2020,00-04,49364497.86978125
S0,2020,05-09,51077093.50616444
S0,2020,10-14,52720839.84396002
S0,2020,15-19,53694584.63782908
S0,2020,20-24,56207268.95193531
S0,2020,25-29,57105867.85677714
S0,2020,30-34,53800805.99862478
S0,2020,35-39,50003375.045273885
S0,2020,40-44,46154844.42572347
S0,2020,45-49,41731025.18733229
S0,2020,50-54,37334942.25888407
S0,2020,55-59,31669790.771059234
S0,2020,60-64,25482359.625914834
S0,2020,65-69,19393608.6958257
S0,2020,70-74,14741238.277776074
S0,2020,75+,20560970.0453663
S0,2020,0-8,
S0,2020,9-14,
S0,2020,0-17,
S0,2020,18-29,
S0,2020,30-65,
S0,2020,66+,
S0,2020,15-26,
S0,2020,27-45,
S0,2020,46-65,
S0,2021,00-04,49936789.41014617
S0,2021,05-09,51665770.95959793
S0,2021,10-14,53327156.728574425
S0,2021,15-19,54305941.25758326
S0,2021,20-24,56843979.89782679
S0,2021,25-29,57746411.86713497
S0,2021,30-34,54393808.964516595
S0,2021,35-39,50547194.1647391
S0,2021,40-44,46655165.19914797
S0,2021,45-49,42183379.57172605
S0,2021,50-54,37737755.12988637
S0,2021,55-59,32009362.278907582
S0,2021,60-64,25754563.539274115
S0,2021,65-69,19600386.99028574
S0,2021,70-74,14898385.660120588
S0,2021,75+,20777052.96866734
S0,2021,0-8,
S0,2021,9-14,
S0,2021,0-17,
S0,2021,18-29,
S0,2021,30-65,
S0,2021,66+,
S0,2021,15-26,
S0,2021,27-45,
S0,2021,46-65,
S0,2022,00-04,50473108.58880264
S0,2022,05-09,52216166.112861164
S0,2022,10-14,53894044.03291799
S0,2022,15-19,54878564.50496528
S0,2022,20-24,57439219.31773675
S0,2022,25-29,58343861.77639865
S0,2022,30-34,54945526.909327395
S0,2022,35-39,51053270.12730593
S0,2022,40-44,47121515.68268676
S0,2022,45-49,42605242.83185201
S0,2022,50-54,38113240.25790016
S0,2022,55-59,32325778.37374398
S0,2022,60-64,26008257.42996358
S0,2022,65-69,19793083.895920355
S0,2022,70-74,15044793.89495764
S0,2022,75+,20977830.448255274
S0,2022,0-8,
S0,2022,9-14,
S0,2022,0-17,
S0,2022,18-29,
S0,2022,30-65,
S0,2022,66+,
S0,2022,15-26,
S0,2022,27-45,
S0,2022,46-65,
S0,2023,00-04,51010091.09989661
S0,2023,05-09,52767260.04933964
S0,2023,10-14,54461693.80377596
S0,2023,15-19,55451910.55251614
S0,2023,20-24,58035212.15113202
S0,2023,25-29,58942115.46037291
S0,2023,30-34,55498069.925371185
S0,2023,35-39,51560222.11692249
S0,2023,40-44,47588739.03591327
S0,2023,45-49,43027926.00203574
S0,2023,50-54,38489483.70264307
S0,2023,55-59,32642861.08018426
S0,2023,60-64,26262498.95617681
S0,2023,65-69,19986210.49629923
S0,2023,70-74,15191526.00088709
S0,2023,75+,21179051.778147228
S0,2023,0-8,
S0,2023,9-14,
S0,2023,0-17,
S0,2023,18-29,
S0,2023,30-65,
S0,2023,66+,
S0,2023,15-26,
S0,2023,27-45,
S0,2023,46-65,
S0,2024,00-04,51548100.74251018
S0,2024,05-09,53319442.761865586
S0,2024,10-14,55030496.2304122
S0,2024,15-19,56026431.486174606
S0,2024,20-24,58632426.901460245
S0,2024,25-29,59541611.13972694
S0,2024,30-34,56051797.79529476
S0,2024,35-39,52068341.288894586
S0,2024,40-44,48057073.917032026
S0,2024,45-49,43451634.04588878
S0,2024,50-54,38866649.440509975
S0,2024,55-59,32960740.662465885
S0,2024,60-64,26517396.707120948
S0,2024,65-69,20179844.278787486
S0,2024,70-74,15338641.68867395
S0,2024,75+,21380793.14086046
S0,2024,0-8,
S0,2024,9-14,
S0,2024,0-17,
S0,2024,18-29,
S0,2024,30-65,
S0,2024,66+,
S0,2024,15-26,
S0,2024,27-45,
S0,2024,46-65,
S0,2025,00-04,52086690.842138216
S0,2025,05-09,53872269.90707219
S0,2025,10-14,55600004.751171455
S0,2025,15-19,56601705.235892236
S0,2025,20-24,59230425.70450574
S0,2025,25-29,60141922.56404762
S0,2025,30-34,56606330.05791998
S0,2025,35-39,52577318.95097136
S0,2025,40-44,48526244.36666322
S0,2025,45-49,43876117.998068705
S0,2025,50-54,39244510.11488482
S0,2025,55-59,33279216.03113497
S0,2025,60-64,26772783.52587092
S0,2025,65-69,20373856.14963809
S0,2025,70-74,15486042.52916171
S0,2025,75+,21582914.373877477
S0,2025,0-8,
S0,2025,9-14,
S0,2025,0-17,
S0,2025,18-29,
S0,2025,30-65,
S0,2025,66+,
S0,2025,15-26,
S0,2025,27-45,
S0,2025,46-65,
S0,2026,00-04,52604015.07920028
S0,2026,05-09,54402863.97765851
S0,2026,10-14,56146661.646312505
S0,2026,15-19,57154413.316435136
S0,2026,20-24,59804630.17648398
S0,2026,25-29,60717932.369024806
S0,2026,30-34,57138103.850165725
S0,2026,35-39,53065688.39372641
S0,2026,40-44,48976807.09907328
S0,2026,45-49,44283851.97488799
S0,2026,50-54,39607388.220544174
S0,2026,55-59,33585060.57414995
S0,2026,60-64,27018091.04352687
S0,2026,65-69,20560222.31335476
S0,2026,70-74,15627610.238034368
S0,2026,75+,21776863.3415858
S0,2026,0-8,
S0,2026,9-14,
S0,2026,0-17,
S0,2026,18-29,
S0,2026,30-65,
S0,2026,66+,
S0,2026,15-26,
S0,2026,27-45,
S0,2026,46-65,
S0,2027,00-04,53077946.848096244
S0,2027,05-09,54888077.56026317
S0,2027,10-14,56646629.67497324
S0,2027,15-19,57660981.48470882
S0,2027,20-24,60330226.45565738
S0,2027,25-29,61244250.44928943
S0,2027,30-34,57623246.21035772
S0,2027,35-39,53511659.22136901
S0,2027,40-44,49388996.17847748
S0,2027,45-49,44657028.25102497
S0,2027,50-54,39939353.94573947
S0,2027,55-59,33864825.8471138
S0,2027,60-64,27242569.253262278
S0,2027,65-69,20730760.20936917
S0,2027,70-74,15757092.640044678
S0,2027,75+,21953857.737811197
S0,2027,0-8,
S0,2027,9-14,
S0,2027,0-17,
S0,2027,18-29,
S0,2027,30-65,
S0,2027,66+,
S0,2027,15-26,
S0,2027,27-45,
S0,2027,46-65,
S0,2028,00-04,53552343.45095561
S0,2028,05-09,55373770.36233805
S0,2028,10-14,57147126.31769805
S0,2028,15-19,58168103.971340194
S0,2028,20-24,60856362.2263319
S0,2028,25-29,61771130.47262738
S0,2028,30-34,58108963.510366574
S0,2028,35-39,53958266.08498153
S0,2028,40-44,49801834.5287134
S0,2028,45-49,45030818.70128522
S0,2028,50-54,40271886.771004595
S0,2028,55-59,34145095.04872537
S0,2028,60-64,27467466.42307227
S0,2028,65-69,20901633.44271138
S0,2028,70-74,15886827.801999602
S0,2028,75+,22131197.50488897
S0,2028,0-8,
S0,2028,9-14,
S0,2028,0-17,
S0,2028,18-29,
S0,2028,30-65,
S0,2028,66+,
S0,2028,15-26,
S0,2028,27-45,
S0,2028,46-65,
S0,2029,00-04,54027714.2514612
S0,2029,05-09,55860549.10594958
S0,2029,10-14,57648794.67574057
S0,2029,15-19,58676438.56540367
S0,2029,20-24,61383784.63497362
S0,2029,25-29,62299341.666070335
S0,2029,30-34,58595981.6597257
S0,2029,35-39,54406187.42380777
S0,2029,40-44,50215923.23635943
S0,2029,45-49,45405758.11486226
S0,2029,50-54,40605448.84971521
S0,2029,55-59,34426244.60139035
S0,2029,60-64,27693085.413377993
S0,2029,65-69,21073059.575252667
S0,2029,70-74,16016982.30895567
S0,2029,75+,22309111.439859007
S0,2029,0-8,
S0,2029,9-14,
S0,2029,0-17,
S0,2029,18-29,
S0,2029,30-65,
S0,2029,66+,
S0,2029,15-26,
S0,2029,27-45,
S0,2029,46-65,
S0,2030,00-04,54504151.48476468
S0,2030,05-09,56348459.34137483
S0,2030,10-14,58151662.760847025
S0,2030,15-19,59185946.76305161
S0,2030,20-24,61912408.24470118
S0,2030,25-29,62828781.6218115
S0,2030,30-34,59084178.08598099
S0,2030,35-39,54855311.32909107
S0,2030,40-44,50631166.98947271
S0,2030,45-49,45781766.21753034
S0,2030,50-54,40939969.12342118
S0,2030,55-59,34708213.16977666
S0,2030,60-64,27919377.68695633
S0,2030,65-69,21245005.05984495
S0,2030,70-74,16147523.9183204
S0,2030,75+,22487541.004866235
S0,2030,0-8,
S0,2030,9-14,
S0,2030,0-17,
S0,2030,18-29,
S0,2030,30-65,
S0,2030,66+,
S0,2030,15-26,
S0,2030,27-45,
S0,2030,46-65,
S0,2031,00-04,54957804.310019076
S0,2031,05-09,56812954.261730656
S0,2031,10-14,58630494.97379403
S0,2031,15-19,59671190.46823862
S0,2031,20-24,62415828.30495014
S0,2031,25-29,63332868.91931293
S0,2031,30-34,59548977.984053
S0,2031,35-39,55283171.24563371
S0,2031,40-44,51027014.365406804
S0,2031,45-49,46140285.14235136
S0,2031,50-54,41258896.68276109
S0,2031,55-59,34977091.9223636
S0,2031,60-64,28135215.35499753
S0,2031,65-69,21409035.924756795
S0,2031,70-74,16272035.52103156
S0,2031,75+,22657611.858396243
S0,2031,0-8,
S0,2031,9-14,
S0,2031,0-17,
S0,2031,18-29,
S0,2031,30-65,
S0,2031,66+,
S0,2031,15-26,
S0,2031,27-45,
S0,2031,46-65,
S0,2032,00-04,55365649.63216871
S0,2032,05-09,57230348.25410672
S0,2032,10-14,59060918.36257993
S0,2032,15-19,60107477.94634421
S0,2032,20-24,62868414.936014615
S0,2032,25-29,63785747.35756954
S0,2032,30-34,59966388.89678326
S0,2032,35-39,55667743.85748548
S0,2032,40-44,51383231.97903274
S0,2032,45-49,46463031.41157009
S0,2032,50-54,41545890.07773446
S0,2032,55-59,35219115.44896969
S0,2032,60-64,28329584.450570114
S0,2032,65-69,21556784.686172467
S0,2032,70-74,16384120.949150559
S0,2032,75+,22810446.129071884
S0,2032,0-8,
S0,2032,9-14,
S0,2032,0-17,
S0,2032,18-29,
S0,2032,30-65,
S0,2032,66+,
S0,2032,15-26,
S0,2032,27-45,
S0,2032,46-65,
S0,2033,00-04,55773924.59245746
S0,2033,05-09,57648259.60578891
S0,2033,10-14,59491947.87743431
S0,2033,15-19,60544331.55408537
S0,2033,20-24,63321547.46612027
S0,2033,25-29,64239221.539791346
S0,2033,30-34,60384444.10917957
S0,2033,35-39,56053081.800346464
S0,2033,40-44,51740232.2955737
S0,2033,45-49,46786528.06396131
S0,2033,50-54,41833583.72186669
S0,2033,55-59,35461763.65426746
S0,2033,60-64,28524481.385591336
S0,2033,65-69,21704949.946795307
S0,2033,70-74,16496517.040189343
S0,2033,75+,22963691.76914623
S0,2033,0-8,
S0,2033,9-14,
S0,2033,0-17,
S0,2033,18-29,
S0,2033,30-65,
S0,2033,66+,
S0,2033,15-26,
S0,2033,27-45,
S0,2033,46-65,
S0,2034,00-04,56183270.42112027
S0,2034,05-09,58067307.47185572
S0,2034,10-14,59924179.65236925
S0,2034,15-19,60982501.76763864
S0,2034,20-24,63776096.6658708
S0,2034,25-29,64694155.991146974
S0,2034,30-34,60803908.0085839
S0,2034,35-39,56439804.6596314
S0,2034,40-44,52098559.379285924
S0,2034,45-49,47111244.80985625
S0,2034,50-54,42122375.884409174
S0,2034,55-59,35705352.97905984
S0,2034,60-64,28720142.64606321
S0,2034,65-69,21853708.54608465
S0,2034,70-74,16609369.914972547
S0,2034,75+,23117571.763077132
S0,2034,0-8,
S0,2034,9-14,
S0,2034,0-17,
S0,2034,18-29,
S0,2034,30-65,
S0,2034,66+,
S0,2034,15-26,
S0,2034,27-45,
S0,2034,46-65,
S0,2035,00-04,56593361.22269891
S0,2035,05-09,58487175.19908167
S0,2035,10-14,60357300.78241925
S0,2035,15-19,61421487.08661348
S0,2035,20-24,64231459.03727861
S0,2035,25-29,65149916.490233876
S0,2035,30-34,61224161.97167479
S0,2035,35-39,56827365.151384294
S0,2035,40-44,52457685.70393735
S0,2035,45-49,47436698.60835459
S0,2035,50-54,42411819.792844854
S0,2035,55-59,35949494.01021168
S0,2035,60-64,28916262.204717323
S0,2035,65-69,22002814.515908428
S0,2035,70-74,16722478.733133543
S0,2035,75+,23271789.500061054
S0,2035,0-8,
S0,2035,9-14,
S0,2035,0-17,
S0,2035,18-29,
S0,2035,30-65,
S0,2035,66+,
S0,2035,15-26,
S0,2035,27-45,
S0,2035,46-65,
S0,2036,00-04,57004419.50883731
S0,2036,05-09,58908082.65128961
S0,2036,10-14,60791548.071557775
S0,2036,15-19,61861640.36805946
S0,2036,20-24,64688037.62111415
S0,2036,25-29,65606962.25929008
S0,2036,30-34,61645717.82369036
S0,2036,35-39,57216283.677510604
S0,2036,40-44,52818156.85891189
S0,2036,45-49,47763411.12843183
S0,2036,50-54,42702422.46644301
S0,2036,55-59,36194657.58327278
S0,2036,60-64,29113224.264185663
S0,2036,65-69,22152584.92703319
S0,2036,70-74,16836091.713485472
S0,2036,75+,23426690.931268428
S0,2036,0-8,
S0,2036,9-14,
S0,2036,0-17,
S0,2036,18-29,
S0,2036,30-65,
S0,2036,66+,
S0,2036,15-26,
S0,2036,27-45,
S0,2036,46-65,
S0,2037,00-04,57371221.61189579
S0,2037,05-09,59287134.11413778
S0,2037,10-14,61182718.92941328
S0,2037,15-19,62259696.869312555
S0,2037,20-24,65104280.9307837
S0,2037,25-29,66029118.5050572
S0,2037,30-34,62042384.94418922
S0,2037,35-39,57584449.04719477
S0,2037,40-44,53158021.92871611
S0,2037,45-49,48070750.80142752
S0,2037,50-54,42977196.57170261
S0,2037,55-59,36427556.65733436
S0,2037,60-64,29300556.965385452
S0,2037,65-69,22295128.51943233
S0,2037,70-74,16944425.661993347
S0,2037,75+,23577432.91891306
S0,2037,0-8,
S0,2037,9-14,
S0,2037,0-17,
S0,2037,18-29,
S0,2037,30-65,
S0,2037,66+,
S0,2037,15-26,
S0,2037,27-45,
S0,2037,46-65,
S0,2038,00-04,57722330.34302235
S0,2038,05-09,59649968.12474613
S0,2038,10-14,61557153.81517359
S0,2038,15-19,62640722.80102418
S0,2038,20-24,65502715.56100908
S0,2038,25-29,66433213.09053674
S0,2038,30-34,62422080.93883234
S0,2038,35-39,57936862.718536004
S0,2038,40-44,53483346.10875272
S0,2038,45-49,48364941.161053576
S0,2038,50-54,43240214.658675626
S0,2038,55-59,36650491.307088204
S0,2038,60-64,29479874.767732624
S0,2038,65-69,22431573.48373371
S0,2038,70-74,17048124.6181372
S0,2038,75+,23721725.51584225
S0,2038,0-8,
S0,2038,9-14,
S0,2038,0-17,
S0,2038,18-29,
S0,2038,30-65,
S0,2038,66+,
S0,2038,15-26,
S0,2038,27-45,
S0,2038,46-65,
S0,2039,00-04,58057882.58581828
S0,2039,05-09,59996726.13794516
S0,2039,10-14,61914998.70639797
S0,2039,15-19,63004866.71034551
S0,2039,20-24,65883496.84591402
S0,2039,25-29,66819403.5564483
S0,2039,30-34,62784953.8362802
S0,2039,35-39,58273662.08388108
S0,2039,40-44,53794256.23023215
S0,2039,45-49,48646096.90065806
S0,2039,50-54,43491579.26785675
S0,2039,55-59,36863548.44605995
S0,2039,60-64,29651247.580245066
S0,2039,65-69,22561973.014507648
S0,2039,70-74,17147229.010095827
S0,2039,75+,23859624.97611228
S0,2039,0-8,
S0,2039,9-14,
S0,2039,0-17,
S0,2039,18-29,
S0,2039,30-65,
S0,2039,66+,
S0,2039,15-26,
S0,2039,27-45,
S0,2039,46-65,
S0,2040,00-04,58378922.133237116
S0,2040,05-09,60328486.80416422
S0,2040,10-14,62257366.741156355
S0,2040,15-19,63353261.32952534
S0,2040,20-24,66247809.271165095
S0,2040,25-29,67188891.21464613
S0,2040,30-34,63132132.41508071
S0,2040,35-39,58595894.81557247
S0,2040,40-44,54091719.43255199
S0,2040,45-49,48915092.6035171
S0,2040,50-54,43732072.31208799
S0,2040,55-59,37067390.82511817
S0,2040,60-64,29815208.48752574
S0,2040,65-69,22686732.74191843
S0,2040,70-74,17242047.11912265
S0,2040,75+,23991560.25970777
S0,2040,0-8,
S0,2040,9-14,
S0,2040,0-17,
S0,2040,18-29,
S0,2040,30-65,
S0,2040,66+,
S0,2040,15-26,
S0,2040,27-45,
S0,2040,46-65,
S0,2041,00-04,58686201.77109497
S0,2041,05-09,60646028.04850899
S0,2041,10-14,62585060.71711816
S0,2041,15-19,63686723.587598875
S0,2041,20-24,66596507.090478346
S0,2041,25-29,67542542.4539305
S0,2041,30-34,63464430.75285107
S0,2041,35-39,58904316.49725053
S0,2041,40-44,54376433.21881218
S0,2041,45-49,49172559.021048546
S0,2041,50-54,43962257.70866249
S0,2041,55-59,37262496.42167373
S0,2041,60-64,29972141.951384395
S0,2041,65-69,22806145.207349084
S0,2041,70-74,17332801.278348126
S0,2041,75+,24117840.733530555
S0,2041,0-8,
S0,2041,9-14,
S0,2041,0-17,
S0,2041,18-29,
S0,2041,30-65,
S0,2041,66+,
S0,2041,15-26,
S0,2041,27-45,
S0,2041,46-65,
S0,2042,00-04,58978664.01807825
S0,2042,05-09,60948257.07506724
S0,2042,10-14,62896952.89845759
S0,2042,15-19,64004105.8976022
S0,2042,20-24,66928390.28477482
S0,2042,25-29,67879140.20837523
S0,2042,30-34,63780705.26817736
S0,2042,35-39,59197865.71733798
S0,2042,40-44,54647417.766494095
S0,2042,45-49,49417610.10064146
S0,2042,50-54,44181343.29068879
S0,2042,55-59,37448193.79350564
S0,2042,60-64,30121507.896316294
S0,2042,65-69,22919799.461178377
S0,2042,70-74,17419179.16370103
S0,2042,75+,24238031.812190313
S0,2042,0-8,
S0,2042,9-14,
S0,2042,0-17,
S0,2042,18-29,
S0,2042,30-65,
S0,2042,66+,
S0,2042,15-26,
S0,2042,27-45,
S0,2042,46-65,
S0,2043,00-04,59255656.27236872
S0,2043,05-09,61234499.48837663
S0,2043,10-14,63192347.327297285
S0,2043,15-19,64304700.05095552
S0,2043,20-24,67242718.28812417
S0,2043,25-29,68197933.3919552
S0,2043,30-34,64080250.224418715
S0,2043,35-39,59475887.44853903
S0,2043,40-44,54904068.39923233
S0,2043,45-49,49649699.03400946
S0,2043,50-54,44388840.18943032
S0,2043,55-59,37624068.57450765
S0,2043,60-64,30262973.02635504
S0,2043,65-69,23027441.89469792
S0,2043,70-74,17500988.03110712
S0,2043,75+,24351865.300672952
S0,2043,0-8,
S0,2043,9-14,
S0,2043,0-17,
S0,2043,18-29,
S0,2043,30-65,
S0,2043,66+,
S0,2043,15-26,
S0,2043,27-45,
S0,2043,46-65,
S0,2044,00-04,59516870.064921066
S0,2044,05-09,61504436.51806508
S0,2044,10-14,63470915.041234575
S0,2044,15-19,64588171.29464644
S0,2044,20-24,67539141.05297947
S0,2044,25-29,68498566.98453012
S0,2044,30-34,64362732.03698839
S0,2044,35-39,59738072.07534389
S0,2044,40-44,55146099.301180236
S0,2044,45-49,49868567.35814281
S0,2044,50-54,44584517.32849677
S0,2044,55-59,37789924.90387513
S0,2044,60-64,30396379.80058412
S0,2044,65-69,23128952.63322462
S0,2044,70-74,17578136.77511909
S0,2044,75+,24459214.429702513
S0,2044,0-8,
S0,2044,9-14,
S0,2044,0-17,
S0,2044,18-29,
S0,2044,30-65,
S0,2044,66+,
S0,2044,15-26,
S0,2044,27-45,
S0,2044,46-65,
S0,2045,00-04,59764461.05348717
S0,2045,05-09,61760295.81009604
S0,2045,10-14,63734954.91065499
S0,2045,15-19,64856858.965269506
S0,2045,20-24,67820104.79791382
S0,2045,25-29,68783521.95438257
S0,2045,30-34,64630481.877234854
S0,2045,35-39,59986583.26728046
S0,2045,40-44,55375507.82395116
S0,2045,45-49,50076021.27628582
S0,2045,50-54,44769989.52668297
S0,2045,55-59,37947131.50520654
S0,2045,60-64,30522829.153775036
S0,2045,65-69,23225169.390603017
S0,2045,70-74,17651262.06306778
S0,2045,75+,24560965.09423836
S0,2045,0-8,
S0,2045,9-14,
S0,2045,0-17,
S0,2045,18-29,
S0,2045,30-65,
S0,2045,66+,
S0,2045,15-26,
S0,2045,27-45,
S0,2045,46-65,
S0,2046,00-04,59997360.2881274
S0,2046,05-09,62000972.71693622
S0,2046,10-14,63983326.96918045
S0,2046,15-19,65109603.03001829
S0,2046,20-24,68084396.48936763
S0,2046,25-29,69051568.03622869
S0,2046,30-34,64882343.761342935
S0,2046,35-39,60220348.10152079
S0,2046,40-44,55591303.51862779
S0,2046,45-49,50271165.12638491
S0,2046,50-54,44944456.02586689
S0,2046,55-59,38095009.65433675
S0,2046,60-64,30641775.153181035
S0,2046,65-69,23315676.76036948
S0,2046,70-74,17720048.18365612
S0,2046,75+,24656677.99571259
S0,2046,0-8,
S0,2046,9-14,
S0,2046,0-17,
S0,2046,18-29,
S0,2046,30-65,
S0,2046,66+,
S0,2046,15-26,
S0,2046,27-45,
S0,2046,46-65,
S0,2047,00-04,60215701.91477099
S0,2047,05-09,62226605.86431956
S0,2047,10-14,64216174.274819106
S0,2047,15-19,65346549.06510089
S0,2047,20-24,68332168.35478218
S0,2047,25-29,69302859.61997367
S0,2047,30-34,65118462.757399924
S0,2047,35-39,60439501.22256458
S0,2047,40-44,55793610.67979631
S0,2047,45-49,50454111.307921104
S0,2047,50-54,45108017.31573318
S0,2047,55-59,38233644.52652092
S0,2047,60-64,30753286.30963966
S0,2047,65-69,23400526.87320291
S0,2047,70-74,17784534.75649936
S0,2047,75+,24746408.263100337
S0,2047,0-8,
S0,2047,9-14,
S0,2047,0-17,
S0,2047,18-29,
S0,2047,30-65,
S0,2047,66+,
S0,2047,15-26,
S0,2047,27-45,
S0,2047,46-65,
S0,2048,00-04,60419124.708692774
S0,2048,05-09,62436821.96441761
S0,2048,10-14,64433111.604627855
S0,2048,15-19,65567305.06662995
S0,2048,20-24,68563010.47999959
S0,2048,25-29,69536980.96843223
S0,2048,30-34,65338448.22977309
S0,2048,35-39,60643680.06314897
S0,2048,40-44,55982094.610176034
S0,2048,45-49,50624557.1544484
S0,2048,50-54,45260402.80023067
S0,2048,55-59,38362806.764011815
S0,2048,60-64,30857178.13892096
S0,2048,65-69,23479579.352945257
S0,2048,70-74,17844615.094911546
S0,2048,75+,24830007.446508247
S0,2048,0-8,
S0,2048,9-14,
S0,2048,0-17,
S0,2048,18-29,
S0,2048,30-65,
S0,2048,66+,
S0,2048,15-26,
S0,2048,27-45,
S0,2048,46-65,
S0,2049,00-04,60608295.33002678
S0,2049,05-09,62632309.94048606
S0,2049,10-14,64634849.908774085
S0,2049,15-19,65772594.49937914
S0,2049,20-24,68777679.38418457
S0,2049,25-29,69754699.34748708
S0,2049,30-34,65543021.118046775
S0,2049,35-39,60833553.76113513
S0,2049,40-44,56157373.01204044
S0,2049,45-49,50783061.25356998
S0,2049,50-54,45402111.87928184
S0,2049,55-59,38482919.65916967
S0,2049,60-64,30953791.116836436
S0,2049,65-69,23553093.27153102
S0,2049,70-74,17900486.09505009
S0,2049,75+,24907749.518394094
S0,2049,0-8,
S0,2049,9-14,
S0,2049,0-17,
S0,2049,18-29,
S0,2049,30-65,
S0,2049,66+,
S0,2049,15-26,
S0,2049,27-45,
S0,2049,46-65,
S0,2050,00-04,60784424.86568463
S0,2050,05-09,62814321.323695675
S0,2050,10-14,64822680.73357713
S0,2050,15-19,65963731.6443047
S0,2050,20-24,68977549.39649226
S0,2050,25-29,69957408.60929891
S0,2050,30-34,65733491.11579664
S0,2050,35-39,61010337.90459304
S0,2050,40-44,56320568.03309348
S0,2050,45-49,50930638.36243222
S0,2050,50-54,45534051.78684136
S0,2050,55-59,38594752.18528543
S0,2050,60-64,31043743.76814547
S0,2050,65-69,23621539.271515526
S0,2050,70-74,17952505.447958834
S0,2050,75+,24980132.190321546
S0,2050,0-8,
S0,2050,9-14,
S0,2050,0-17,
S0,2050,18-29,
S0,2050,30-65,
S0,2050,66+,
S0,2050,15-26,
S0,2050,27-45,
S0,2050,46-65,
S0,2051,00-04,60948342.4603346
S0,2051,05-09,62983712.948009044
S0,2051,10-14,64997488.30851254
S0,2051,15-19,66141616.29566339
S0,2051,20-24,69163561.42189035
S0,2051,25-29,70146063.02484243
S0,2051,30-34,65910754.87662777
S0,2051,35-39,61174864.71981263
S0,2051,40-44,56472447.92768336
S0,2051,45-49,51067983.21274227
S0,2051,50-54,45656843.64117015
S0,2051,55-59,38698830.8034233
S0,2051,60-64,31127459.55255326
S0,2051,65-69,23685239.56822597
S0,2051,70-74,18000918.03913615
S0,2051,75+,25047496.20983354
S0,2051,0-8,
S0,2051,9-14,
S0,2051,0-17,
S0,2051,18-29,
S0,2051,30-65,
S0,2051,66+,
S0,2051,15-26,
S0,2051,27-45,
S0,2051,46-65,
S0,2052,00-04,61099449.37770548
S0,2052,05-09,63139866.08235129
S0,2052,10-14,65158634.11984516
S0,2052,15-19,66305598.70018687
S0,2052,20-24,69335036.02052535
S0,2052,25-29,70319973.50249463
S0,2052,30-34,66074164.91517767
S0,2052,35-39,61326533.24524313
S0,2052,40-44,56612457.92923991
S0,2052,45-49,51194594.1295961
S0,2052,50-54,45770038.924602054
S0,2052,55-59,38794775.3491239
S0,2052,60-64,31204632.684236586
S0,2052,65-69,23743961.485736273
S0,2052,70-74,18045547.03354253
S0,2052,75+,25109595.518647224
S0,2052,0-8,
S0,2052,9-14,
S0,2052,0-17,
S0,2052,18-29,
S0,2052,30-65,
S0,2052,66+,
S0,2052,15-26,
S0,2052,27-45,
S0,2052,46-65,
S0,2053,00-04,61237778.543852665
S0,2053,05-09,63282814.75234376
S0,2053,10-14,65306153.28109601
S0,2053,15-19,66455714.58948711
S0,2053,20-24,69492010.55655125
S0,2053,25-29,70479177.93718536
S0,2053,30-34,66223756.83834028
S0,2053,35-39,61465376.52931384
S0,2053,40-44,56740628.54581098
S0,2053,45-49,51310498.7013937
S0,2053,50-54,45873662.302283004
S0,2053,55-59,38882606.72861371
S0,2053,60-64,31275279.97914847
S0,2053,65-69,23797717.819497127
S0,2053,70-74,18086402.15579393
S0,2053,75+,25166443.64814372
S0,2053,0-8,
S0,2053,9-14,
S0,2053,0-17,
S0,2053,18-29,
S0,2053,30-65,
S0,2053,66+,
S0,2053,15-26,
S0,2053,27-45,
S0,2053,46-65,
S0,2054,00-04,61364134.168431774
S0,2054,05-09,63413390.02423136
S0,2054,10-14,65440903.43015282
S0,2054,15-19,66592836.69815065
S0,2054,20-24,69635397.63893606
S0,2054,25-29,70624601.90193121
S0,2054,30-34,66360400.33449995
S0,2054,35-39,61592201.77062771
S0,2054,40-44,56857704.92789729
S0,2054,45-49,51416370.76705388
S0,2054,50-54,45968316.21347583
S0,2054,55-59,38962835.57060117
S0,2054,60-64,31339812.162216168
S0,2054,65-69,23846821.094797794
S0,2054,70-74,18123720.926904276
S0,2054,75+,25218371.098505404
S0,2054,0-8,
S0,2054,9-14,
S0,2054,0-17,
S0,2054,18-29,
S0,2054,30-65,
S0,2054,66+,
S0,2054,15-26,
S0,2054,27-45,
S0,2054,46-65,
S0,2055,00-04,61475917.9787162
S0,2055,05-09,63528906.85594455
S0,2055,10-14,65560113.67621931
S0,2055,15-19,66714145.36036259
S0,2055,20-24,69762248.77411847
S0,2055,25-29,70753255.01840392
S0,2055,30-34,66481285.57963397
S0,2055,35-39,61704401.03964746
S0,2055,40-44,56961279.61345258
S0,2055,45-49,51510033.26084157
S0,2055,50-54,46052054.27331054
S0,2055,55-59,39033812.11542802
S0,2055,60-64,31396902.2469141
S0,2055,65-69,23890261.592431646
S0,2055,70-74,18156735.954480164
S0,2055,75+,25264310.076521784
S0,2055,0-8,
S0,2055,9-14,
S0,2055,0-17,
S0,2055,18-29,
S0,2055,30-65,
S0,2055,66+,
S0,2055,15-26,
S0,2055,27-45,
S0,2055,46-65,
S0,2056,00-04,61576516.69697617
S0,2056,05-09,63632865.06937665
S0,2056,10-14,65667395.74083343
S0,2056,15-19,66823315.87352817
S0,2056,20-24,69876407.18021238
S0,2056,25-29,70869035.09947623
S0,2056,30-34,66590075.04284949
S0,2056,35-39,61805373.645826936
S0,2056,40-44,57054490.61229515
S0,2056,45-49,51594323.88217662
S0,2056,50-54,46127413.49990618
S0,2056,55-59,39097686.74466043
S0,2056,60-64,31448279.895710915
S0,2056,65-69,23929355.43233048
S0,2056,70-74,18186447.49722503
S0,2056,75+,25305652.398767374
S0,2056,0-8,
S0,2056,9-14,
S0,2056,0-17,
S0,2056,18-29,
S0,2056,30-65,
S0,2056,66+,
S0,2056,15-26,
S0,2056,27-45,
S0,2056,46-65,
S0,2057,00-04,61664810.24539712
S0,2057,05-09,63724107.18170359
S0,2057,10-14,65761555.13302599
S0,2057,15-19,66919132.720472656
S0,2057,20-24,69976601.80426379
S0,2057,25-29,70970653.03627664
S0,2057,30-34,66685557.44962615
S0,2057,35-39,61893995.348440096
S0,2057,40-44,57136300.102336645
S0,2057,45-49,51668304.12949
S0,2057,50-54,46193554.8348802
S0,2057,55-59,39153748.27075693
S0,2057,60-64,31493373.063896965
S0,2057,65-69,23963667.339139767
S0,2057,70-74,18212524.74337073
S0,2057,75+,25341937.75502405
S0,2057,0-8,
S0,2057,9-14,
S0,2057,0-17,
S0,2057,18-29,
S0,2057,30-65,
S0,2057,66+,
S0,2057,15-26,
S0,2057,27-45,
S0,2057,46-65,
S0,2058,00-04,61742055.65938609
S0,2058,05-09,63803932.20704203
S0,2058,10-14,65843932.40023224
S0,2058,15-19,67002960.04581759
S0,2058,20-24,70064259.11731479
S0,2058,25-29,71059555.56355333
S0,2058,30-34,66769092.183160275
S0,2058,35-39,61971527.85482575
S0,2058,40-44,57207872.80543325
S0,2058,45-49,51733027.25969514
S0,2058,50-54,46251419.93253705
S0,2058,55-59,39202794.84176487
S0,2058,60-64,31532823.74298848
S0,2058,65-69,23993685.81153818
S0,2058,70-74,18235338.954717316
S0,2058,75+,25373682.7399738
S0,2058,0-8,
S0,2058,9-14,
S0,2058,0-17,
S0,2058,18-29,
S0,2058,30-65,
S0,2058,66+,
S0,2058,15-26,
S0,2058,27-45,
S0,2058,46-65,
S0,2059,00-04,61806710.00178712
S0,2059,05-09,63870745.68183469
S0,2059,10-14,65912882.09918497
S0,2059,15-19,67073123.44213506
S0,2059,20-24,70137628.20991568
S0,2059,25-29,71133966.89934717
S0,2059,30-34,66839010.68039389
S0,2059,35-39,62036422.493305966
S0,2059,40-44,57267779.093892455
S0,2059,45-49,51787200.46177222
S0,2059,50-54,46299852.967506774
S0,2059,55-59,39243846.77781896
S0,2059,60-64,31565843.92609345
S0,2059,65-69,24018811.246079605
S0,2059,70-74,18254434.42920365
S0,2059,75+,25400253.263976038
S0,2059,0-8,
S0,2059,9-14,
S0,2059,0-17,
S0,2059,18-29,
S0,2059,30-65,
S0,2059,66+,
S0,2059,15-26,
S0,2059,27-45,
S0,2059,46-65,
S0,2060,00-04,61859098.68561572
S0,2060,05-09,63924883.886267945
S0,2060,10-14,65968751.26194132
S0,2060,15-19,67129976.0501659
S0,2060,20-24,70197078.35745908
S0,2060,25-29,71194261.56478488
S0,2060,30-34,66895664.84946144
S0,2060,35-39,62089005.886335045
S0,2060,40-44,57316320.48320813
S0,2060,45-49,51831096.39590758
S0,2060,50-54,46339097.70903006
S0,2060,55-59,39277110.69820887
S0,2060,60-64,31592599.80773122
S0,2060,65-69,24039170.102072306
S0,2060,70-74,18269907.276629984
S0,2060,75+,25421783.059646685
S0,2060,0-8,
S0,2060,9-14,
S0,2060,0-17,
S0,2060,18-29,
S0,2060,30-65,
S0,2060,66+,
S0,2060,15-26,
S0,2060,27-45,
S0,2060,46-65,
S0,2061,00-04,61898898.66557275
S0,2061,05-09,63966012.98694168
S0,2061,10-14,66011195.38146138
S0,2061,15-19,67173167.29863352
S0,2061,20-24,70242242.97141293
S0,2061,25-29,71240067.7637684
S0,2061,30-34,66938705.342724234
S0,2061,35-39,62128953.787975
S0,2061,40-44,57353197.65172356
S0,2061,45-49,51864444.38579976
S0,2061,50-54,46368912.16153963
S0,2061,55-59,39302381.48701397
S0,2061,60-64,31612926.402619507
S0,2061,65-69,24054636.840330314
S0,2061,70-74,18281662.08649429
S0,2061,75+,25438139.367412932
S0,2061,0-8,
S0,2061,9-14,
S0,2061,0-17,
S0,2061,18-29,
S0,2061,30-65,
S0,2061,66+,
S0,2061,15-26,
S0,2061,27-45,
S0,2061,46-65,
S0,2062,00-04,61924331.63869913
S0,2062,05-09,63992295.29445231
S0,2062,10-14,66038318.01198262
S0,2062,15-19,67200767.35930584
S0,2062,20-24,70271104.0515992
S0,2062,25-29,71269338.82945806
S0,2062,30-34,66966209.067843735
S0,2062,35-39,62154481.28597777
S0,2062,40-44,57376762.89062173
S0,2062,45-49,51885754.40986669
S0,2062,50-54,46387964.18544195
S0,2062,55-59,39318530.02008503
S0,2062,60-64,31625915.49814427
S0,2062,65-69,24064520.391500257
S0,2062,70-74,18289173.64212088
S0,2062,75+,25448591.3710651
S0,2062,0-8,
S0,2062,9-14,
S0,2062,0-17,
S0,2062,18-29,
S0,2062,30-65,
S0,2062,66+,
S0,2062,15-26,
S0,2062,27-45,
S0,2062,46-65,
S0,2063,00-04,61937582.415254295
S0,2063,05-09,64005988.580819115
S0,2063,10-14,66052449.113165274
S0,2063,15-19,67215147.20530578
S0,2063,20-24,70286140.89856116
S0,2063,25-29,71284589.28205192
S0,2063,30-34,66980538.72227231
S0,2063,35-39,62167781.31072778
S0,2063,40-44,57389040.56313595
S0,2063,45-49,51896857.09793593
S0,2063,50-54,46397890.437885925
S0,2063,55-59,39326943.531252384
S0,2063,60-64,31632682.917808384
S0,2063,65-69,24069669.798432514
S0,2063,70-74,18293087.22095003
S0,2063,75+,25454036.946156144
S0,2063,0-8,
S0,2063,9-14,
S0,2063,0-17,
S0,2063,18-29,
S0,2063,30-65,
S0,2063,66+,
S0,2063,15-26,
S0,2063,27-45,
S0,2063,46-65,
S0,2064,00-04,61938498.7214807
S0,2064,05-09,64006935.48710081
S0,2064,10-14,66053426.29483801
S0,2064,15-19,67216141.58796474
S0,2064,20-24,70287180.71358176
S0,2064,25-29,71285643.86814421
S0,2064,30-34,66981529.63412721
S0,2064,35-39,62168701.02252272
S0,2064,40-44,57389889.578114346
S0,2064,45-49,51897624.8614074
S0,2064,50-54,46398576.84949972
S0,2064,55-59,39327525.33509132
S0,2064,60-64,31633150.892553035
S0,2064,65-69,24070025.885761775
S0,2064,70-74,18293357.84936443
S0,2064,75+,25454413.513849482
S0,2064,0-8,
S0,2064,9-14,
S0,2064,0-17,
S0,2064,18-29,
S0,2064,30-65,
S0,2064,66+,
S0,2064,15-26,
S0,2064,27-45,
S0,2064,46-65,
S0,2065,00-04,61926463.24933188
S0,2065,05-09,63994498.09024284
S0,2065,10-14,66040591.23766172
S0,2065,15-19,67203080.59977919
S0,2065,20-24,70273522.98174518
S0,2065,25-29,71271792.12166837
S0,2065,30-34,66968514.23415729
S0,2065,35-39,62156620.819012314
S0,2065,40-44,57378737.9610765
S0,2065,45-49,51887540.46427958
S0,2065,50-54,46389560.99036616
S0,2065,55-59,39319883.47509112
S0,2065,60-64,31627004.15160184
S0,2065,65-69,24065348.760352716
S0,2065,70-74,18289803.20720407
S0,2065,75+,25449467.383555174
S0,2065,0-8,
S0,2065,9-14,
S0,2065,0-17,
S0,2065,18-29,
S0,2065,30-65,
S0,2065,66+,
S0,2065,15-26,
S0,2065,27-45,
S0,2065,46-65,
S0,2066,00-04,61900266.0957544
S0,2066,05-09,63967426.08246751
S0,2066,10-14,66012653.65782556
S0,2066,15-19,67174651.24452499
S0,2066,20-24,70243794.71732666
S0,2066,25-29,71241641.55297798
S0,2066,30-34,66940184.1090348
S0,2066,35-39,62130326.300384685
S0,2066,40-44,57354464.66123703
S0,2066,45-49,51865590.14134854
S0,2066,50-54,46369936.51336734
S0,2066,55-59,39303249.72964536
S0,2066,60-64,31613624.774813954
S0,2066,65-69,24055168.239711143
S0,2066,70-74,18282065.95307426
S0,2066,75+,25438701.33023113
S0,2066,0-8,
S0,2066,9-14,
S0,2066,0-17,
S0,2066,18-29,
S0,2066,30-65,
S0,2066,66+,
S0,2066,15-26,
S0,2066,27-45,
S0,2066,46-65,
S0,2067,00-04,61862890.731328115
S0,2067,05-09,63928802.56738367
S0,2067,10-14,65972795.23486836
S0,2067,15-19,67134091.20772986
S0,2067,20-24,70201381.53250794
S0,2067,25-29,71198625.86850174
S0,2067,30-34,66899765.643434495
S0,2067,35-39,62092812.025667205
S0,2067,40-44,57319834.050524116
S0,2067,45-49,51834273.71163046
S0,2067,50-54,46341938.3578678
S0,2067,55-59,39279518.43777158
S0,2067,60-64,31594536.47647016
S0,2067,65-69,24040643.73543996
S0,2067,70-74,18271027.24644892
S0,2067,75+,25423341.449042924
S0,2067,0-8,
S0,2067,9-14,
S0,2067,0-17,
S0,2067,18-29,
S0,2067,30-65,
S0,2067,66+,
S0,2067,15-26,
S0,2067,27-45,
S0,2067,46-65,
S0,2068,00-04,61811182.100029156
S0,2068,05-09,63875367.12584089
S0,2068,10-14,65917651.30440804
S0,2068,15-19,67077976.59800479
S0,2068,20-24,70142703.10168408
S0,2068,25-29,71139113.88239011
S0,2068,30-34,66843846.896755375
S0,2068,35-39,62040911.212669365
S0,2068,40-44,57271922.77237339
S0,2068,45-49,51790947.58644749
S0,2068,50-54,46303203.04860729
S0,2068,55-59,39246686.31317331
S0,2068,60-64,31568127.910391055
S0,2068,65-69,24020549.155823477
S0,2068,70-74,18255755.25058562
S0,2068,75+,25402091.129605282
S0,2068,0-8,
S0,2068,9-14,
S0,2068,0-17,
S0,2068,18-29,
S0,2068,30-65,
S0,2068,66+,
S0,2068,15-26,
S0,2068,27-45,
S0,2068,46-65,
S0,2069,00-04,61745350.26269215
S0,2069,05-09,63807336.83365743
S0,2069,10-14,65847445.88281804
S0,2069,15-19,67006535.37500491
S0,2069,20-24,70067997.7997616
S0,2069,25-29,71063347.35577968
S0,2069,30-34,66772655.03297961
S0,2069,35-39,61974834.70294365
S0,2069,40-44,57210925.461274795
S0,2069,45-49,51735787.7735916
S0,2069,50-54,46253887.94367459
S0,2069,55-59,39204886.732877254
S0,2069,60-64,31534506.35857754
S0,2069,65-69,23994966.13296182
S0,2069,70-74,18236312.00634908
S0,2069,75+,25375036.699088864
S0,2069,0-8,
S0,2069,9-14,
S0,2069,0-17,
S0,2069,18-29,
S0,2069,30-65,
S0,2069,66+,
S0,2069,15-26,
S0,2069,27-45,
S0,2069,46-65,
S0,2070,00-04,61666051.96463899
S0,2070,05-09,63725390.36817157
S0,2070,10-14,65762879.34675597
S0,2070,15-19,66920480.24387242
S0,2070,20-24,69978010.89467683
S0,2070,25-29,70972082.14349568
S0,2070,30-34,66686900.26961555
S0,2070,35-39,61895241.6826893
S0,2070,40-44,57137450.632808775
S0,2070,45-49,51669344.55314778
S0,2070,50-54,46194485.01573471
S0,2070,55-59,39154536.693885505
S0,2070,60-64,31494007.233160913
S0,2070,65-69,23964149.885777332
S0,2070,70-74,18212891.48158539
S0,2070,75+,25342448.05533327
S0,2070,0-8,
S0,2070,9-14,
S0,2070,0-17,
S0,2070,18-29,
S0,2070,30-65,
S0,2070,66+,
S0,2070,15-26,
S0,2070,27-45,
S0,2070,46-65,
S0,2071,00-04,61573411.95492467
S0,2071,05-09,63629656.64443421
S0,2071,10-14,65664084.73306774
S0,2071,15-19,66819946.5832542
S0,2071,20-24,69872883.9503933
S0,2071,25-29,70865461.82048573
S0,2071,30-34,66586717.512783065
S0,2071,35-39,61802257.3646071
S0,2071,40-44,57051613.874770336
S0,2071,45-49,51591722.45105373
S0,2071,50-54,46125087.71520609
S0,2071,55-59,39095715.40495719
S0,2071,60-64,31446694.245819096
S0,2071,65-69,23928148.893213607
S0,2071,70-74,18185530.520569958
S0,2071,75+,25304376.465548716
S0,2071,0-8,
S0,2071,9-14,
S0,2071,0-17,
S0,2071,18-29,
S0,2071,30-65,
S0,2071,66+,
S0,2071,15-26,
S0,2071,27-45,
S0,2071,46-65,
S0,2072,00-04,61468806.98661404
S0,2072,05-09,63521558.39219216
S0,2072,10-14,65552530.26037292
S0,2072,15-19,66706428.45630714
S0,2072,20-24,69754179.29233804
S0,2072,25-29,70745070.90575975
S0,2072,30-34,66473595.61074467
S0,2072,35-39,61697263.61863953
S0,2072,40-44,56954690.83490679
S0,2072,45-49,51504075.0344052
S0,2072,50-54,46046727.377755426
S0,2072,55-59,39029297.02823948
S0,2072,60-64,31393270.53011747
S0,2072,65-69,23887498.177632995
S0,2072,70-74,18154635.743369535
S0,2072,75+,25261387.72391074
S0,2072,0-8,
S0,2072,9-14,
S0,2072,0-17,
S0,2072,18-29,
S0,2072,30-65,
S0,2072,66+,
S0,2072,15-26,
S0,2072,27-45,
S0,2072,46-65,
S0,2073,00-04,61350694.936453596
S0,2073,05-09,63399501.988970906
S0,2073,10-14,65426571.35337897
S0,2073,15-19,66578252.33885674
S0,2073,20-24,69620146.93466972
S0,2073,25-29,70609134.55408722
S0,2073,30-34,66345866.88061279
S0,2073,35-39,61578712.590036124
S0,2073,40-44,56845252.63965713
S0,2073,45-49,51405110.17414277
S0,2073,50-54,45958248.78771301
S0,2073,55-59,38954302.40065008
S0,2073,60-64,31332948.494839307
S0,2073,65-69,23841598.4518814
S0,2073,70-74,18119751.68830675
S0,2073,75+,25212848.075262308
S0,2073,0-8,
S0,2073,9-14,
S0,2073,0-17,
S0,2073,18-29,
S0,2073,30-65,
S0,2073,66+,
S0,2073,15-26,
S0,2073,27-45,
S0,2073,46-65,
S0,2074,00-04,61221769.82169975
S0,2074,05-09,63266271.41875929
S0,2074,10-14,65289081.00826684
S0,2074,15-19,66438341.79942784
S0,2074,20-24,69473844.0208718
S0,2074,25-29,70460753.33714285
S0,2074,30-34,66206444.68645696
S0,2074,35-39,61449308.30871078
S0,2074,40-44,56725795.464357495
S0,2074,45-49,51297085.15934872
S0,2074,50-54,45861670.05286776
S0,2074,55-59,38872442.07433492
S0,2074,60-64,31267104.025034096
S0,2074,65-69,23791496.64261083
S0,2074,70-74,18081674.0256471
S0,2074,75+,25159864.660245713
S0,2074,0-8,
S0,2074,9-14,
S0,2074,0-17,
S0,2074,18-29,
S0,2074,30-65,
S0,2074,66+,
S0,2074,15-26,
S0,2074,27-45,
S0,2074,46-65,
S0,2075,00-04,61080777.78856438
S0,2075,05-09,63120570.9553097
S0,2075,10-14,65138722.07059312
S0,2075,15-19,66285336.146116525
S0,2075,20-24,69313847.6903711
S0,2075,25-29,70298484.1819357
S0,2075,30-34,66053973.08574707
S0,2075,35-39,61307792.26076834
S0,2075,40-44,56595157.53512033
S0,2075,45-49,51178949.39895501
S0,2075,50-54,45756051.90228882
S0,2075,55-59,38782919.92139882
S0,2075,60-64,31195096.754097894
S0,2075,65-69,23736705.487556927
S0,2075,70-74,18040032.4332725
S0,2075,75+,25101922.191705693
S0,2075,0-8,
S0,2075,9-14,
S0,2075,0-17,
S0,2075,18-29,
S0,2075,30-65,
S0,2075,66+,
S0,2075,15-26,
S0,2075,27-45,
S0,2075,46-65,
S0,2076,00-04,60927581.509499334
S0,2076,05-09,62962258.685019225
S0,2076,10-14,64975348.0893578
S0,2076,15-19,66119086.34999717
S0,2076,20-24,69140002.10525748
S0,2076,25-29,70122169.03680336
S0,2076,30-34,65888303.56972965
S0,2076,35-39,61154026.6082655
S0,2076,40-44,56453211.60939073
S0,2076,45-49,51050587.82763516
S0,2076,50-54,45641291.46291782
S0,2076,55-59,38685648.746434376
S0,2076,60-64,31116856.54628087
S0,2076,65-69,23677171.61962641
S0,2076,70-74,17994786.3518857
S0,2076,75+,25038964.23314038
S0,2076,0-8,
S0,2076,9-14,
S0,2076,0-17,
S0,2076,18-29,
S0,2076,30-65,
S0,2076,66+,
S0,2076,15-26,
S0,2076,27-45,
S0,2076,46-65,
S0,2077,00-04,60764388.658025004
S0,2077,05-09,62793616.006686896
S0,2077,10-14,64801313.4064189
S0,2077,15-19,65941988.195581615
S0,2077,20-24,68954812.51107115
S0,2077,25-29,69934348.73550197
S0,2077,30-34,65711823.5606442
S0,2077,35-39,60990227.22982165
S0,2077,40-44,56302003.23464204
S0,2077,45-49,50913850.232105725
S0,2077,50-54,45519042.5189376
S0,2077,55-59,38582030.30017975
S0,2077,60-64,31033510.901781365
S0,2077,65-69,23613752.966600582
S0,2077,70-74,17946587.811525494
S0,2077,75+,24971898.056050546
S0,2077,0-8,
S0,2077,9-14,
S0,2077,0-17,
S0,2077,18-29,
S0,2077,30-65,
S0,2077,66+,
S0,2077,15-26,
S0,2077,27-45,
S0,2077,46-65,
S0,2078,00-04,60590861.76057075
S0,2078,05-09,62614294.17680892
S0,2078,10-14,64616258.12791262
S0,2078,15-19,65753675.45392068
S0,2078,20-24,68757895.94622383
S0,2078,25-29,69734634.8762899
S0,2078,30-34,65524168.10783099
S0,2078,35-39,60816055.39760293
S0,2078,40-44,56141219.72052247
S0,2078,45-49,50768453.846766464
S0,2078,50-54,45389052.26645843
S0,2078,55-59,38471850.30555899
S0,2078,60-64,30944887.46652878
S0,2078,65-69,23546318.38229816
S0,2078,70-74,17895337.14034125
S0,2078,75+,24900584.971381873
S0,2078,0-8,
S0,2078,9-14,
S0,2078,0-17,
S0,2078,18-29,
S0,2078,30-65,
S0,2078,66+,
S0,2078,15-26,
S0,2078,27-45,
S0,2078,46-65,
S0,2079,00-04,60407458.52630304
S0,2079,05-09,62424766.18975375
S0,2079,10-14,64420670.37123459
S0,2079,15-19,65554644.83456931
S0,2079,20-24,68549771.81443954
S0,2079,25-29,69523554.24127054
S0,2079,30-34,65325832.187124565
S0,2079,35-39,60631970.52190994
S0,2079,40-44,55971285.163176715
S0,2079,45-49,50614782.18137471
S0,2079,50-54,45251663.57872346
S0,2079,55-59,38355399.38260983
S0,2079,60-64,30851220.00116346
S0,2079,65-69,23475045.73786084
S0,2079,70-74,17841169.52142175
S0,2079,75+,24825213.08053543
S0,2079,0-8,
S0,2079,9-14,
S0,2079,0-17,
S0,2079,18-29,
S0,2079,30-65,
S0,2079,66+,
S0,2079,15-26,
S0,2079,27-45,
S0,2079,46-65,
S0,2080,00-04,60214513.24717355
S0,2080,05-09,62225377.50115614
S0,2080,10-14,64214906.63725669
S0,2080,15-19,65345259.11375916
S0,2080,20-24,68330819.46683761
S0,2080,25-29,69301491.5704281
S0,2080,30-34,65117177.30851842
S0,2080,35-39,60438308.13713296
S0,2080,40-44,55792509.3049879
S0,2080,45-49,50453115.33568525
S0,2080,50-54,45107126.87624874
S0,2080,55-59,38232889.78825604
S0,2080,60-64,30752679.234843716
S0,2080,65-69,23400064.94305557
S0,2080,70-74,17784183.686935633
S0,2080,75+,24745919.765038848
S0,2080,0-8,
S0,2080,9-14,
S0,2080,0-17,
S0,2080,18-29,
S0,2080,30-65,
S0,2080,66+,
S0,2080,15-26,
S0,2080,27-45,
S0,2080,46-65,
S0,2081,00-04,60012425.845271595
S0,2081,05-09,62016541.3885074
S0,2081,10-14,63999393.41717254
S0,2081,15-19,65125952.29005866
S0,2081,20-24,68101492.73095252
S0,2081,25-29,69068907.13813505
S0,2081,30-34,64898635.955747746
S0,2081,35-39,60235469.65172255
S0,2081,40-44,55605262.698762715
S0,2081,45-49,50283788.40026362
S0,2081,50-54,44955741.74356048
S0,2081,55-59,38104575.45093347
S0,2081,60-64,30649469.415267803
S0,2081,65-69,23321531.4122892
S0,2081,70-74,17724497.75272427
S0,2081,75+,24662869.377959203
S0,2081,0-8,
S0,2081,9-14,
S0,2081,0-17,
S0,2081,18-29,
S0,2081,30-65,
S0,2081,66+,
S0,2081,15-26,
S0,2081,27-45,
S0,2081,46-65,
S0,2082,00-04,59802226.27720827
S0,2082,05-09,61799322.20382962
S0,2082,10-14,63775229.09348248
S0,2082,15-19,64897842.080410086
S0,2082,20-24,67862960.39110973
S0,2082,25-29,68826986.33185944
S0,2082,30-34,64671321.94446329
S0,2082,35-39,60024488.85025437
S0,2082,40-44,55410499.66366289
S0,2082,45-49,50107664.36505841
S0,2082,50-54,44798279.72859667
S0,2082,55-59,37971110.33619751
S0,2082,60-64,30542116.560559496
S0,2082,65-69,23239845.39876131
S0,2082,70-74,17662415.91351704
S0,2082,75+,24576485.19306031
S0,2082,0-8,
S0,2082,9-14,
S0,2082,0-17,
S0,2082,18-29,
S0,2082,30-65,
S0,2082,66+,
S0,2082,15-26,
S0,2082,27-45,
S0,2082,46-65,
S0,2083,00-04,59585156.26222541
S0,2083,05-09,61575003.13359077
S0,2083,10-14,63543737.87991649
S0,2083,15-19,64662276.00821324
S0,2083,20-24,67616631.53772232
S0,2083,25-29,68577158.25882035
S0,2083,30-34,64436578.09465456
S0,2083,35-39,59806612.0669777
S0,2083,40-44,55209370.73016057
S0,2083,45-49,49925783.65372737
S0,2083,50-54,44635671.012211815
S0,2083,55-59,37833282.86717674
S0,2083,60-64,30431254.839982793
S0,2083,65-69,23155489.44910946
S0,2083,70-74,17598304.907528587
S0,2083,75+,24487277.510651372
S0,2083,0-8,
S0,2083,9-14,
S0,2083,0-17,
S0,2083,18-29,
S0,2083,30-65,
S0,2083,66+,
S0,2083,15-26,
S0,2083,27-45,
S0,2083,46-65,
S0,2084,00-04,59360025.652902834
S0,2084,05-09,61342354.28538607
S0,2084,10-14,63303650.560776435
S0,2084,15-19,64417962.51621114
S0,2084,20-24,67361155.60355787
S0,2084,25-29,68318053.1663293
S0,2084,30-34,64193117.3571301
S0,2084,35-39,59580644.73113814
S0,2084,40-44,55000773.15229912
S0,2084,45-49,49737149.05410652
S0,2084,50-54,44467024.0463756
S0,2084,55-59,37690337.36600064
S0,2084,60-64,30316276.422968566
S0,2084,65-69,23068001.058109898
S0,2084,70-74,17531813.228133798
S0,2084,75+,24394757.22451899
S0,2084,0-8,
S0,2084,9-14,
S0,2084,0-17,
S0,2084,18-29,
S0,2084,30-65,
S0,2084,66+,
S0,2084,15-26,
S0,2084,27-45,
S0,2084,46-65,
S0,2085,00-04,59128805.20314398
S0,2085,05-09,61103412.22646462
S0,2085,10-14,63057068.81838252
S0,2085,15-19,64167040.281900786
S0,2085,20-24,67098768.98017591
S0,2085,25-29,68051939.21496181
S0,2085,30-34,63943070.94452359
S0,2085,35-39,59348564.92119651
S0,2085,40-44,54786532.956721686
S0,2085,45-49,49543411.84042573
S0,2085,50-54,44293815.1370742
S0,2085,55-59,37543525.152537525
S0,2085,60-64,30198187.810431223
S0,2085,65-69,22978146.08380643
S0,2085,70-74,17463522.931842476
S0,2085,75+,24299734.24103523
S0,2085,0-8,
S0,2085,9-14,
S0,2085,0-17,
S0,2085,18-29,
S0,2085,30-65,
S0,2085,66+,
S0,2085,15-26,
S0,2085,27-45,
S0,2085,46-65,
S0,2086,00-04,58890001.25388937
S0,2086,05-09,60856633.41700823
S0,2086,10-14,62802399.76138882
S0,2086,15-19,63907888.37482855
S0,2086,20-24,66827776.67841136
S0,2086,25-29,67777097.3374178
S0,2086,30-34,63684823.58409481
S0,2086,35-39,59108873.42671959
S0,2086,40-44,54565266.17497151
S0,2086,45-49,49343320.49127036
S0,2086,50-54,44114925.37351575
S0,2086,55-59,37391897.835791245
S0,2086,60-64,30076226.162725203
S0,2086,65-69,22885344.07279827
S0,2086,70-74,17392992.87073784
S0,2086,75+,24201594.722019743
S0,2086,0-8,
S0,2086,9-14,
S0,2086,0-17,
S0,2086,18-29,
S0,2086,30-65,
S0,2086,66+,
S0,2086,15-26,
S0,2086,27-45,
S0,2086,46-65,
S0,2087,00-04,58645816.07730651
S0,2087,05-09,60604293.674084745
S0,2087,10-14,62541991.97145779
S0,2087,15-19,63642896.71791611
S0,2087,20-24,66550677.81440379
S0,2087,25-29,67496062.15098166
S0,2087,30-34,63420756.85695234
S0,2087,35-39,58863780.70489931
S0,2087,40-44,54339013.349830925
S0,2087,45-49,49138720.26761952
S0,2087,50-54,43932004.4936905
S0,2087,55-59,37236853.73693929
S0,2087,60-64,29951516.22147682
S0,2087,65-69,22790450.85383766
S0,2087,70-74,17320873.479584575
S0,2087,75+,24101243.719218716
S0,2087,0-8,
S0,2087,9-14,
S0,2087,0-17,
S0,2087,18-29,
S0,2087,30-65,
S0,2087,66+,
S0,2087,15-26,
S0,2087,27-45,
S0,2087,46-65,
S0,2088,00-04,58398304.185264654
S0,2088,05-09,60348516.12000721
S0,2088,10-14,62278036.45339462
S0,2088,15-19,63374294.88345766
S0,2088,20-24,66269803.8274036
S0,2088,25-29,67211198.21411799
S0,2088,30-34,63153092.55326699
S0,2088,35-39,58615348.903459236
S0,2088,40-44,54109678.114932396
S0,2088,45-49,48931332.62363272
S0,2088,50-54,43746591.54728197
S0,2088,55-59,37079697.35753163
S0,2088,60-64,29825107.26436164
S0,2088,65-69,22694264.834294766
S0,2088,70-74,17247771.55256733
S0,2088,75+,23999525.56040507
S0,2088,0-8,
S0,2088,9-14,
S0,2088,0-17,
S0,2088,18-29,
S0,2088,30-65,
S0,2088,66+,
S0,2088,15-26,
S0,2088,27-45,
S0,2088,46-65,
S0,2089,00-04,58144916.50914252
S0,2089,05-09,60086666.559983045
S0,2089,10-14,62007814.789417654
S0,2089,15-19,63099316.6023169
S0,2089,20-24,65982262.06016967
S0,2089,25-29,66919571.778000385
S0,2089,30-34,62879074.05931838
S0,2089,35-39,58361019.479840726
S0,2089,40-44,53874898.59890802
S0,2089,45-49,48719021.72118378
S0,2089,50-54,43556777.00857097
S0,2089,55-59,36918810.17979905
S0,2089,60-64,29695697.43431186
S0,2089,65-69,22595795.416254476
S0,2089,70-74,17172934.22958401
S0,2089,75+,23895392.673421007
S0,2089,0-8,
S0,2089,9-14,
S0,2089,0-17,
S0,2089,18-29,
S0,2089,30-65,
S0,2089,66+,
S0,2089,15-26,
S0,2089,27-45,
S0,2089,46-65,
S0,2090,00-04,57887043.56435616
S0,2090,05-09,59820181.94570415
S0,2090,10-14,61732809.874809146
S0,2090,15-19,62819470.87266167
S0,2090,20-24,65689630.45550575
S0,2090,25-29,66622783.200867906
S0,2090,30-34,62600205.10625063
S0,2090,35-39,58102188.11748709
S0,2090,40-44,53635963.201183565
S0,2090,45-49,48502952.65869959
S0,2090,50-54,43363602.52270106
S0,2090,55-59,36755075.10422152
S0,2090,60-64,29563996.89358332
S0,2090,65-69,22495582.970290042
S0,2090,70-74,17096772.19537232
S0,2090,75+,23789416.508255284
S0,2090,0-8,
S0,2090,9-14,
S0,2090,0-17,
S0,2090,18-29,
S0,2090,30-65,
S0,2090,66+,
S0,2090,15-26,
S0,2090,27-45,
S0,2090,46-65,
S0,2091,00-04,57624416.02317108
S0,2091,05-09,59548783.95523365
S0,2091,10-14,61452734.488857865
S0,2091,15-19,62534465.41793511
S0,2091,20-24,65391603.383027844
S0,2091,25-29,66320522.51071025
S0,2091,30-34,62316194.43767231
S0,2091,35-39,57838584.48767305
S0,2091,40-44,53392622.372782834
S0,2091,45-49,48282899.769268334
S0,2091,50-54,43166866.334320635
S0,2091,55-59,36588321.12256477
S0,2091,60-64,29429868.09145969
S0,2091,65-69,22393522.832490057
S0,2091,70-74,17019205.90475877
S0,2091,75+,23681486.381251212
S0,2091,0-8,
S0,2091,9-14,
S0,2091,0-17,
S0,2091,18-29,
S0,2091,30-65,
S0,2091,66+,
S0,2091,15-26,
S0,2091,27-45,
S0,2091,46-65,
S0,2092,00-04,57358913.63039361
S0,2092,05-09,59274415.107473955
S0,2092,10-14,61169593.25853375
S0,2092,15-19,62246340.15185265
S0,2092,20-24,65090313.95809437
S0,2092,25-29,66014953.12481372
S0,2092,30-34,62029074.84716169
S0,2092,35-39,57572095.32151535
S0,2092,40-44,53146617.814733416
S0,2092,45-49,48060438.07154249
S0,2092,50-54,42967976.57384377
S0,2092,55-59,36419741.76894762
S0,2092,60-64,29294271.048805647
S0,2092,65-69,22290345.493697546
S0,2092,70-74,16940790.534977525
S0,2092,75+,23572374.7974354
S0,2092,0-8,
S0,2092,9-14,
S0,2092,0-17,
S0,2092,18-29,
S0,2092,30-65,
S0,2092,66+,
S0,2092,15-26,
S0,2092,27-45,
S0,2092,46-65,
S0,2093,00-04,57091829.52910505
S0,2093,05-09,58998411.730032116
S0,2093,10-14,60884765.23778502
S0,2093,15-19,61956498.40336548
S0,2093,20-24,64787229.626370266
S0,2093,25-29,65707563.33461375
S0,2093,30-34,61740244.7654752
S0,2093,35-39,57304018.568225905
S0,2093,40-44,52899147.70490807
S0,2093,45-49,47836651.076680884
S0,2093,50-54,42767901.94409466
S0,2093,55-59,36250158.11779621
S0,2093,60-64,29157866.198002703
S0,2093,65-69,22186553.484456267
S0,2093,70-74,16861908.012126625
S0,2093,75+,23462613.19039768
S0,2093,0-8,
S0,2093,9-14,
S0,2093,0-17,
S0,2093,18-29,
S0,2093,30-65,
S0,2093,66+,
S0,2093,15-26,
S0,2093,27-45,
S0,2093,46-65,
S0,2094,00-04,56820279.61882101
S0,2094,05-09,58717793.40786004
S0,2094,10-14,60595174.71889024
S0,2094,15-19,61661810.324147955
S0,2094,20-24,64479077.53985107
S0,2094,25-29,65395033.79972818
S0,2094,30-34,61446585.26874401
S0,2094,35-39,57031459.40819436
S0,2094,40-44,52647539.74398178
S0,2094,45-49,47609122.22683838
S0,2094,50-54,42564481.94456505
S0,2094,55-59,36077738.92461463
S0,2094,60-64,29019180.574938104
S0,2094,65-69,22081026.00954597
S0,2094,70-74,16781706.52540467
S0,2094,75+,23351016.30237653
S0,2094,0-8,
S0,2094,9-14,
S0,2094,0-17,
S0,2094,18-29,
S0,2094,30-65,
S0,2094,66+,
S0,2094,15-26,
S0,2094,27-45,
S0,2094,46-65,
S0,2095,00-04,56546511.97222209
S0,2095,05-09,58434883.28804734
S0,2095,10-14,60303219.12681416
S0,2095,15-19,61364715.54019549
S0,2095,20-24,64168408.7886345
S0,2095,25-29,65079951.84971469
S0,2095,30-34,61150527.46766637
S0,2095,35-39,56756674.26934912
S0,2095,40-44,52393876.91177428
S0,2095,45-49,47379735.1587683
S0,2095,50-54,42359400.62274052
S0,2095,55-59,35903911.59137618
S0,2095,60-64,28879362.312417656
S0,2095,65-69,21974636.69633462
S0,2095,70-74,16700850.036626458
S0,2095,75+,23238508.007421266
S0,2095,0-8,
S0,2095,9-14,
S0,2095,0-17,
S0,2095,18-29,
S0,2095,30-65,
S0,2095,66+,
S0,2095,15-26,
S0,2095,27-45,
S0,2095,46-65,
S0,2096,00-04,56270710.38328973
S0,2096,05-09,58149871.30237723
S0,2096,10-14,60009094.46602019
S0,2096,15-19,61065413.50616936
S0,2096,20-24,63855431.94026834
S0,2096,25-29,64762529.0149232
S0,2096,30-34,60852270.120724805
S0,2096,35-39,56479847.6287653
S0,2096,40-44,52138329.50489454
S0,2096,45-49,47148643.87153909
S0,2096,50-54,42152795.660020396
S0,2096,55-59,35728792.81710671
S0,2096,60-64,28738505.2774686
S0,2096,65-69,21867456.9693156
S0,2096,70-74,16619392.82881698
S0,2096,75+,23125163.838005275
S0,2096,0-8,
S0,2096,9-14,
S0,2096,0-17,
S0,2096,18-29,
S0,2096,30-65,
S0,2096,66+,
S0,2096,15-26,
S0,2096,27-45,
S0,2096,46-65,
S0,2097,00-04,55994188.86060552
S0,2097,05-09,57864115.34076071
S0,2097,10-14,59714202.04217101
S0,2097,15-19,60765330.19442426
S0,2097,20-24,63541638.11837579
S0,2097,25-29,64444277.60110411
S0,2097,30-34,60553234.22304455
S0,2097,35-39,56202298.378704354
S0,2097,40-44,51882115.03440537
S0,2097,45-49,46916949.35929556
S0,2097,50-54,41945651.38972579
S0,2097,55-59,35553216.924672484
S0,2097,60-64,28597280.55887409
S0,2097,65-69,21759997.46761039
S0,2097,70-74,16537722.990639921
S0,2097,75+,23011523.80266095
S0,2097,0-8,
S0,2097,9-14,
S0,2097,0-17,
S0,2097,18-29,
S0,2097,30-65,
S0,2097,66+,
S0,2097,15-26,
S0,2097,27-45,
S0,2097,46-65,
S0,2098,00-04,55716350.07372976
S0,2098,05-09,57576998.12490207
S0,2098,10-14,59417904.84076044
S0,2098,15-19,60463817.377311155
S0,2098,20-24,63226349.47842677
S0,2098,25-29,64124510.13462025
S0,2098,30-34,60252773.80955739
S0,2098,35-39,55923426.96867213
S0,2098,40-44,51624680.03632739
S0,2098,45-49,46684151.12506543
S0,2098,50-54,41737520.3473091
S0,2098,55-59,35376804.642239496
S0,2098,60-64,28455383.088795476
S0,2098,65-69,21652026.061615545
S0,2098,70-74,16455664.1022641
S0,2098,75+,22897342.420849867
S0,2098,0-8,
S0,2098,9-14,
S0,2098,0-17,
S0,2098,18-29,
S0,2098,30-65,
S0,2098,66+,
S0,2098,15-26,
S0,2098,27-45,
S0,2098,46-65,
S0,2099,00-04,55436227.99439271
S0,2099,05-09,57287521.366008356
S0,2099,10-14,59119172.65475368
S0,2099,15-19,60159826.713422105
S0,2099,20-24,62908469.78132978
S0,2099,25-29,63802114.80377733
S0,2099,30-34,59949844.19799772
S0,2099,35-39,55642263.78003201
S0,2099,40-44,51365129.425101995
S0,2099,45-49,46449439.74379344
S0,2099,50-54,41527678.87401468
S0,2099,55-59,35198942.595217936
S0,2099,60-64,28312319.49850972
S0,2099,65-69,21543167.341433518
S0,2099,70-74,16372930.85001232
S0,2099,75+,22782222.690972865
S0,2099,0-8,
S0,2099,9-14,
S0,2099,0-17,
S0,2099,18-29,
S0,2099,30-65,
S0,2099,66+,
S0,2099,15-26,
S0,2099,27-45,
S0,2099,46-65,
S0,2100,00-04,55156417.26975536
S0,2100,05-09,56998366.3595075
S0,2100,10-14,58820772.50851427
S0,2100,15-19,59856173.93408002
S0,2100,20-24,62590943.40639095
S0,2100,25-29,63480077.81420353
S0,2100,30-34,59647251.291629076
S0,2100,35-39,55361413.10328092
S0,2100,40-44,51105867.30346227
S0,2100,45-49,46214989.24339098
S0,2100,50-54,41318070.63877505
S0,2100,55-59,35021278.24123207
S0,2100,60-64,28169414.922898196
S0,2100,65-69,21434429.617333673
S0,2100,70-74,16290289.55547759
S0,2100,75+,22667230.916268136
S0,2100,0-8,
S0,2100,9-14,
S0,2100,0-17,
S0,2100,18-29,
S0,2100,30-65,
S0,2100,66+,
S0,2100,15-26,
S0,2100,27-45,
S0,2100,46-65,
S1,1950,00-04,
S1,1950,05-09,
S1,1950,10-14,
S1,1950,15-19,13170079.443757916
S1,1950,20-24,13793015.848257866
S1,1950,25-29,14026939.130444188
S1,1950,30-34,13238219.977077007
S1,1950,35-39,12321652.866708392
S1,1950,40-44,11378309.50744978
S1,1950,45-49,10288087.316739578
S1,1950,50-54,9208367.002163108
S1,1950,55-59,7815988.436399867
S1,1950,60-64,6291495.556088196
S1,1950,65-69,4789143.956427045
S1,1950,70-74,3640156.3865312515
S1,1950,75+,5083615.136902595
S1,1950,0-8,22045691.38407725
S1,1950,9-14,15466066.849499729
S1,1950,0-17,
S1,1950,18-29,
S1,1950,30-65,
S1,1950,66+,
S1,1950,15-26,
S1,1950,27-45,
S1,1950,46-65,
S1,1951,00-04,
S1,1951,05-09,
S1,1951,10-14,
S1,1951,15-19,13446185.151331162
S1,1951,20-24,14082181.180677889
S1,1951,25-29,14321008.575525165
S1,1951,30-34,13515754.22502064
S1,1951,35-39,12579971.63371073
S1,1951,40-44,11616851.439634608
S1,1951,45-49,10503773.155256677
S1,1951,50-54,9401416.914852237
S1,1951,55-59,7979847.661914205
S1,1951,60-64,6423394.36806013
S1,1951,65-69,4889546.538386121
S1,1951,70-74,3716470.880993684
S1,1951,75+,5190191.195186722
S1,1951,0-8,22519534.975808866
S1,1951,9-14,15778643.005168129
S1,1951,0-17,
S1,1951,18-29,
S1,1951,30-65,
S1,1951,66+,
S1,1951,15-26,
S1,1951,27-45,
S1,1951,46-65,
S1,1952,00-04,
S1,1952,05-09,
S1,1952,10-14,
S1,1952,15-19,13737526.788494172
S1,1952,20-24,14387303.092493791
S1,1952,25-29,14631305.216339001
S1,1952,30-34,13808603.23156734
S1,1952,35-39,12852544.82008149
S1,1952,40-44,11868556.475599218
S1,1952,45-49,10731360.863814928
S1,1952,50-54,9605119.613037523
S1,1952,55-59,8152748.886757396
S1,1952,60-64,6562571.555513109
S1,1952,65-69,4995489.486326051
S1,1952,70-74,3796996.52441978
S1,1952,75+,5302648.281191153
S1,1952,0-8,23010862.446105383
S1,1952,9-14,16117131.110647287
S1,1952,0-17,
S1,1952,18-29,
S1,1952,30-65,
S1,1952,66+,
S1,1952,15-26,
S1,1952,27-45,
S1,1952,46-65,
S1,1953,00-04,
S1,1953,05-09,
S1,1953,10-14,
S1,1953,15-19,14043798.30593726
S1,1953,20-24,14708061.05845768
S1,1953,25-29,14957503.09167522
S1,1953,30-34,14116459.363942202
S1,1953,35-39,13139086.092441272
S1,1953,40-44,12133160.203592338
S1,1953,45-49,10970611.365494952
S1,1953,50-54,9819261.110586505
S1,1953,55-59,8334510.481207643
S1,1953,60-64,6708880.915238563
S1,1953,65-69,5106861.509027366
S1,1953,70-74,3881648.7260252545
S1,1953,75+,5420868.260707964
S1,1953,0-8,23514406.863316026
S1,1953,9-14,16485926.390795212
S1,1953,0-17,
S1,1953,18-29,
S1,1953,30-65,
S1,1953,66+,
S1,1953,15-26,
S1,1953,27-45,
S1,1953,46-65,
S1,1954,00-04,
S1,1954,05-09,
S1,1954,10-14,
S1,1954,15-19,14355296.368020598
S1,1954,20-24,15034292.781308329
S1,1954,25-29,15289267.5563281
S1,1954,30-34,14429569.082520762
S1,1954,35-39,13430517.21144355
S1,1954,40-44,12402279.41251517
S1,1954,45-49,11213944.69354313
S1,1954,50-54,10037056.947610512
S1,1954,55-59,8519373.849845735
S1,1954,60-64,6857687.054312865
S1,1954,65-69,5220134.103003419
S1,1954,70-74,3967745.523309357
S1,1954,75+,5541105.672356475
S1,1954,0-8,24012841.96362725
S1,1954,9-14,16874717.525146984
S1,1954,0-17,
S1,1954,18-29,
S1,1954,30-65,
S1,1954,66+,
S1,1954,15-26,
S1,1954,27-45,
S1,1954,46-65,
S1,1955,00-04,
S1,1955,05-09,
S1,1955,10-14,
S1,1955,15-19,14689632.994365672
S1,1955,20-24,15384443.31802481
S1,1955,25-29,15645356.48706292
S1,1955,30-34,14765635.52956468
S1,1955,35-39,13743315.616953762
S1,1955,40-44,12691130.03262543
S1,1955,45-49,11475118.851201879
S1,1955,50-54,10270821.244234381
S1,1955,55-59,8717791.119577277
S1,1955,60-64,7017403.433236036
S1,1955,65-69,5341711.671332483
S1,1955,70-74,4060154.8068553377
S1,1955,75+,5670158.708199343
S1,1955,0-8,24585349.013739176
S1,1955,9-14,17254486.788146455
S1,1955,0-17,
S1,1955,18-29,
S1,1955,30-65,
S1,1955,66+,
S1,1955,15-26,
S1,1955,27-45,
S1,1955,46-65,
S1,1956,00-04,
S1,1956,05-09,
S1,1956,10-14,
S1,1956,15-19,15032920.911093598
S1,1956,20-24,15743968.53548187
S1,1956,25-29,16010979.088864459
S1,1956,30-34,15110699.57997713
S1,1956,35-39,14064488.663883397
S1,1956,40-44,12987714.133228509
S1,1956,45-49,11743285.49948679
S1,1956,50-54,10510844.17941394
S1,1956,55-59,8921520.671776224
S1,1956,60-64,7181395.944577813
S1,1956,65-69,5466544.270766137
S1,1956,70-74,4155038.1906521195
S1,1956,75+,5802666.917982468
S1,1956,0-8,25182778.28493079
S1,1956,9-14,17634829.39690427
S1,1956,0-17,
S1,1956,18-29,
S1,1956,30-65,
S1,1956,66+,
S1,1956,15-26,
S1,1956,27-45,
S1,1956,46-65,
S1,1957,00-04,
S1,1957,05-09,
S1,1957,10-14,
S1,1957,15-19,15387921.59488298
S1,1957,20-24,16115760.5264535
S1,1957,25-29,16389076.50308619
S1,1957,30-34,15467536.998011379
S1,1957,35-39,14396619.932474198
S1,1957,40-44,13294417.496162761
S1,1957,45-49,12020601.824564733
S1,1957,50-54,10759056.54565755
S1,1957,55-59,9132201.347717552
S1,1957,60-64,7350983.77690693
S1,1957,65-69,5595636.079707593
S1,1957,70-74,4253158.935620848
S1,1957,75+,5939696.224254252
S1,1957,0-8,25825563.619184107
S1,1957,9-14,18003176.90204877
S1,1957,0-17,
S1,1957,18-29,
S1,1957,30-65,
S1,1957,66+,
S1,1957,15-26,
S1,1957,27-45,
S1,1957,46-65,
S1,1958,00-04,
S1,1958,05-09,
S1,1958,10-14,
S1,1958,15-19,15734850.731889987
S1,1958,20-24,16479099.191599369
S1,1958,25-29,16758577.22691677
S1,1958,30-34,15816261.107973602
S1,1958,35-39,14721199.62949137
S1,1958,40-44,13594147.434381858
S1,1958,45-49,12291612.88941755
S1,1958,50-54,11001625.37988113
S1,1958,55-59,9338091.838710915
S1,1958,60-64,7516715.740262063
S1,1958,65-69,5721792.7659220435
S1,1958,70-74,4349048.737891433
S1,1958,75+,6073609.935242322
S1,1958,0-8,26491624.345146075
S1,1958,9-14,18325259.18366435
S1,1958,0-17,
S1,1958,18-29,
S1,1958,30-65,
S1,1958,66+,
S1,1958,15-26,
S1,1958,27-45,
S1,1958,46-65,
S1,1959,00-04,
S1,1959,05-09,
S1,1959,10-14,
S1,1959,15-19,16108070.792645082
S1,1959,20-24,16869972.32451146
S1,1959,25-29,17156079.390577115
S1,1959,30-34,16191412.168013394
S1,1959,35-39,15070376.568867821
S1,1959,40-44,13916591.45484473
S1,1959,45-49,12583161.667828837
S1,1959,50-54,11262576.523469822
S1,1959,55-59,9559585.087217994
S1,1959,60-64,7695007.174547718
S1,1959,65-69,5857509.836271968
S1,1959,70-74,4452205.244542813
S1,1959,75+,6217671.871873207
S1,1959,0-8,26881114.304794814
S1,1959,9-14,18998795.51377741
S1,1959,0-17,
S1,1959,18-29,
S1,1959,30-65,
S1,1959,66+,
S1,1959,15-26,
S1,1959,27-45,
S1,1959,46-65,
S1,1960,00-04,
S1,1960,05-09,
S1,1960,10-14,
S1,1960,15-19,16485548.28140372
S1,1960,20-24,17265304.25907138
S1,1960,25-29,17558115.97513546
S1,1960,30-34,16570842.683517992
S1,1960,35-39,15423536.66948401
S1,1960,40-44,14242713.686493563
S1,1960,45-49,12878036.22656153
S1,1960,50-54,11526504.41140613
S1,1960,55-59,9783604.972575417
S1,1960,60-64,7875332.430229751
S1,1960,65-69,5994775.070069211
S1,1960,70-74,4556538.486976502
S1,1960,75+,6363377.164228365
S1,1960,0-8,27516141.625562027
S1,1960,9-14,19438920.72776907
S1,1960,0-17,
S1,1960,18-29,
S1,1960,30-65,
S1,1960,66+,
S1,1960,15-26,
S1,1960,27-45,
S1,1960,46-65,
S1,1961,00-04,
S1,1961,05-09,
S1,1961,10-14,
S1,1961,15-19,16876051.79141375
S1,1961,20-24,17674278.337426044
S1,1961,25-29,17974026.068049237
S1,1961,30-34,16963366.615466136
S1,1961,35-39,15788883.64511332
S1,1961,40-44,14580089.76836264
S1,1961,45-49,13183086.33849388
S1,1961,50-54,11799539.942525078
S1,1961,55-59,10015355.352794921
S1,1961,60-64,8061880.36324388
S1,1961,65-69,6136777.0627614
S1,1961,70-74,4664472.068698335
S1,1961,75+,6514110.465646788
S1,1961,0-8,28187519.102439564
S1,1961,9-14,19879797.229268383
S1,1961,0-17,
S1,1961,18-29,
S1,1961,30-65,
S1,1961,66+,
S1,1961,15-26,
S1,1961,27-45,
S1,1961,46-65,
S1,1962,00-04,
S1,1962,05-09,
S1,1962,10-14,
S1,1962,15-19,17279679.78315536
S1,1962,20-24,18096997.67717392
S1,1962,25-29,18403914.535744585
S1,1962,30-34,17369082.933761675
S1,1962,35-39,16166509.61333661
S1,1962,40-44,14928804.765528668
S1,1962,45-49,13498388.918121539
S1,1962,50-54,12081751.959253978
S1,1962,55-59,10254894.660779499
S1,1962,60-64,8254698.009272486
S1,1962,65-69,6283551.618340128
S1,1962,70-74,4776033.203784531
S1,1962,75+,6669909.781608222
S1,1962,0-8,28872615.55485942
S1,1962,9-14,20344336.639500193
S1,1962,0-17,
S1,1962,18-29,
S1,1962,30-65,
S1,1962,66+,
S1,1962,15-26,
S1,1962,27-45,
S1,1962,46-65,
S1,1963,00-04,
S1,1963,05-09,
S1,1963,10-14,
S1,1963,15-19,17684116.083285496
S1,1963,20-24,18520563.55778443
S1,1963,25-29,18834663.90125098
S1,1963,30-34,17775611.74254388
S1,1963,35-39,16544891.818104653
S1,1963,40-44,15278218.10191591
S1,1963,45-49,13814322.925016988
S1,1963,50-54,12364529.13584576
S1,1963,55-59,10494913.67194618
S1,1963,60-64,8447901.793338913
S1,1963,65-69,6430620.105724685
S1,1963,70-74,4887817.752021373
S1,1963,75+,6826021.102427091
S1,1963,0-8,29563225.314768977
S1,1963,9-14,20805665.01148661
S1,1963,0-17,
S1,1963,18-29,
S1,1963,30-65,
S1,1963,66+,
S1,1963,15-26,
S1,1963,27-45,
S1,1963,46-65,
S1,1964,00-04,
S1,1964,05-09,
S1,1964,10-14,
S1,1964,15-19,18101730.046449944
S1,1964,20-24,18957930.39653278
S1,1964,25-29,19279448.28287501
S1,1964,30-34,18195386.39413037
S1,1964,35-39,16935602.77078926
S1,1964,40-44,15639016.29966482
S1,1964,45-49,14140550.94331204
S1,1964,50-54,12656519.98179838
S1,1964,55-59,10742753.172149
S1,1964,60-64,8647400.695728209
S1,1964,65-69,6582480.4947488755
S1,1964,70-74,5003244.552718327
S1,1964,75+,6987218.965628354
S1,1964,0-8,30283372.932990886
S1,1964,9-14,21274988.883401785
S1,1964,0-17,
S1,1964,18-29,
S1,1964,30-65,
S1,1964,66+,
S1,1964,15-26,
S1,1964,27-45,
S1,1964,46-65,
S1,1965,00-04,
S1,1965,05-09,
S1,1965,10-14,
S1,1965,15-19,18525404.3865076
S1,1965,20-24,19401644.26415757
S1,1965,25-29,19730687.33610158
S1,1965,30-34,18621252.77832934
S1,1965,35-39,17331983.68625873
S1,1965,40-44,16005050.368944902
S1,1965,45-49,14471513.15375194
S1,1965,50-54,12952748.17307928
S1,1965,55-59,10994189.297256019
S1,1965,60-64,8849794.708542211
S1,1965,65-69,6736544.668305706
S1,1965,70-74,5120346.416936864
S1,1965,75+,7150756.117961565
S1,1965,0-8,30996108.38671021
S1,1965,9-14,21768986.424869195
S1,1965,0-17,
S1,1965,18-29,
S1,1965,30-65,
S1,1965,66+,
S1,1965,15-26,
S1,1965,27-45,
S1,1965,46-65,
S1,1966,00-04,
S1,1966,05-09,
S1,1966,10-14,
S1,1966,15-19,18932940.769381896
S1,1966,20-24,19828456.859459788
S1,1966,25-29,20164738.47910576
S1,1966,30-34,19030897.70934068
S1,1966,35-39,17713266.26407271
S1,1966,40-44,16357142.026378904
S1,1966,45-49,14789868.856135052
S1,1966,50-54,13237692.891618479
S1,1966,55-59,11236048.100732509
S1,1966,60-64,9044479.437115591
S1,1966,65-69,6884740.464192998
S1,1966,70-74,5232987.815434032
S1,1966,75+,7308064.062356708
S1,1966,0-8,31683382.9362576
S1,1966,9-14,22242479.8365973
S1,1966,0-17,
S1,1966,18-29,
S1,1966,30-65,
S1,1966,66+,
S1,1966,15-26,
S1,1966,27-45,
S1,1966,46-65,
S1,1967,00-04,
S1,1967,05-09,
S1,1967,10-14,
S1,1967,15-19,19338018.722079713
S1,1967,20-24,20252694.742397457
S1,1967,25-29,20596171.24379347
S1,1967,30-34,19438071.49052992
S1,1967,35-39,18092248.78565993
S1,1967,40-44,16707109.719445808
S1,1967,45-49,15106304.10356376
S1,1967,50-54,13520918.70425352
S1,1967,55-59,11476447.910592977
S1,1967,60-64,9237989.745853746
S1,1967,65-69,7032042.280961009
S1,1967,70-74,5344949.713830541
S1,1967,75+,7464423.0593357375
S1,1967,0-8,32366353.458431806
S1,1967,9-14,22713275.03711616
S1,1967,0-17,
S1,1967,18-29,
S1,1967,30-65,
S1,1967,66+,
S1,1967,15-26,
S1,1967,27-45,
S1,1967,46-65,
S1,1968,00-04,
S1,1968,05-09,
S1,1968,10-14,
S1,1968,15-19,19763842.7562816
S1,1968,20-24,20698659.98333604
S1,1968,25-29,21049699.85260236
S1,1968,30-34,19866098.69115268
S1,1968,35-39,18490640.910334915
S1,1968,40-44,17075001.0201438
S1,1968,45-49,15438945.5932483
S1,1968,50-54,13818649.936780829
S1,1968,55-59,11729159.80511694
S1,1968,60-64,9441410.691816714
S1,1968,65-69,7186888.165422695
S1,1968,70-74,5462645.744766268
S1,1968,75+,7628789.987809477
S1,1968,0-8,33094636.374713875
S1,1968,9-14,23197847.995336704
S1,1968,0-17,
S1,1968,18-29,
S1,1968,30-65,
S1,1968,66+,
S1,1968,15-26,
S1,1968,27-45,
S1,1968,46-65,
S1,1969,00-04,
S1,1969,05-09,
S1,1969,10-14,
S1,1969,15-19,20191758.799113635
S1,1969,20-24,21146816.183586113
S1,1969,25-29,21505456.578397233
S1,1969,30-34,20296228.72422667
S1,1969,35-39,18890990.27484621
S1,1969,40-44,17444699.714774955
S1,1969,45-49,15773221.29991278
S1,1969,50-54,14117843.877511252
S1,1969,55-59,11983113.23469252
S1,1969,60-64,9645831.013907675
S1,1969,65-69,7342494.78413284
S1,1969,70-74,5580919.998377734
S1,1969,75+,7793964.425970927
S1,1969,0-8,33817075.17850377
S1,1969,9-14,23694223.642251745
S1,1969,0-17,
S1,1969,18-29,
S1,1969,30-65,
S1,1969,66+,
S1,1969,15-26,
S1,1969,27-45,
S1,1969,46-65,
S1,1970,00-04,
S1,1970,05-09,
S1,1970,10-14,
S1,1970,15-19,20629449.77083996
S1,1970,20-24,21605209.66066737
S1,1970,25-29,21971624.20058725
S1,1970,30-34,20736184.26059514
S1,1970,35-39,19300484.859866366
S1,1970,40-44,17822843.4736024
S1,1970,45-49,16115132.8999224
S1,1970,50-54,14423872.335304637
S1,1970,55-59,12242867.747817418
S1,1970,60-64,9854920.92982776
S1,1970,65-69,7501655.940371681
S1,1970,70-74,5701896.002574263
S1,1970,75+,7962911.96031615
S1,1970,0-8,34536398.01272391
S1,1970,9-14,24221556.758933954
S1,1970,0-17,
S1,1970,18-29,
S1,1970,30-65,
S1,1970,66+,
S1,1970,15-26,
S1,1970,27-45,
S1,1970,46-65,
S1,1971,00-04,
S1,1971,05-09,
S1,1971,10-14,
S1,1971,15-19,21106226.39236064
S1,1971,20-24,22104537.51398799
S1,1971,25-29,22479420.42743986
S1,1971,30-34,21215427.67158382
S1,1971,35-39,19746547.16726758
S1,1971,40-44,18234755.337061193
S1,1971,45-49,16487577.085527511
S1,1971,50-54,14757229.026717354
S1,1971,55-59,12525818.24758208
S1,1971,60-64,10082682.501681142
S1,1971,65-69,7675030.131869339
S1,1971,70-74,5833675.121385873
S1,1971,75+,8146946.450042223
S1,1971,0-8,35325207.05686413
S1,1971,9-14,24790729.603534907
S1,1971,0-17,
S1,1971,18-29,
S1,1971,30-65,
S1,1971,66+,
S1,1971,15-26,
S1,1971,27-45,
S1,1971,46-65,
S1,1972,00-04,
S1,1972,05-09,
S1,1972,10-14,
S1,1972,15-19,21564093.465299115
S1,1972,20-24,22584061.40907191
S1,1972,25-29,22967076.82992165
S1,1972,30-34,21675663.698078893
S1,1972,35-39,20174918.093649305
S1,1972,40-44,18630330.268208105
S1,1972,45-49,16845249.67558036
S1,1972,50-54,15077364.380784772
S1,1972,55-59,12797546.5817032
S1,1972,60-64,10301410.76880915
S1,1972,65-69,7841528.089195594
S1,1972,70-74,5960227.717887426
S1,1972,75+,8323681.9050270775
S1,1972,0-8,36079221.904159
S1,1972,9-14,25340837.409146525
S1,1972,0-17,
S1,1972,18-29,
S1,1972,30-65,
S1,1972,66+,
S1,1972,15-26,
S1,1972,27-45,
S1,1972,46-65,
S1,1973,00-04,
S1,1973,05-09,
S1,1973,10-14,
S1,1973,15-19,22056000.91814416
S1,1973,20-24,23099235.77244174
S1,1973,25-29,23490988.316434342
S1,1973,30-34,22170116.22563847
S1,1973,35-39,20635136.49266407
S1,1973,40-44,19055314.43564569
S1,1973,45-49,17229513.6314841
S1,1973,50-54,15421300.374203812
S1,1973,55-59,13089476.70859686
S1,1973,60-64,10536400.5095163
S1,1973,65-69,8020404.428930266
S1,1973,70-74,6096188.936929648
S1,1973,75+,8513556.854826525
S1,1973,0-8,36900321.69031373
S1,1973,9-14,25920815.99334013
S1,1973,0-17,
S1,1973,18-29,
S1,1973,30-65,
S1,1973,66+,
S1,1973,15-26,
S1,1973,27-45,
S1,1973,46-65,
S1,1974,00-04,
S1,1974,05-09,
S1,1974,10-14,
S1,1974,15-19,22553470.28182369
S1,1974,20-24,23620235.121500846
S1,1974,25-29,24020823.57774714
S1,1974,30-34,22670159.440743573
S1,1974,35-39,21100558.499969184
S1,1974,40-44,19485103.82412979
S1,1974,45-49,17618122.39218248
S1,1974,50-54,15769125.19125644
S1,1974,55-59,13384707.63796117
S1,1974,60-64,10774047.237787427
S1,1974,65-69,8201303.291898228
S1,1974,70-74,6233687.4455024265
S1,1974,75+,8705578.687203944
S1,1974,0-8,37738390.937030055
S1,1974,9-14,26499666.86306263
S1,1974,0-17,
S1,1974,18-29,
S1,1974,30-65,
S1,1974,66+,
S1,1974,15-26,
S1,1974,27-45,
S1,1974,46-65,
S1,1975,00-04,
S1,1975,05-09,
S1,1975,10-14,
S1,1975,15-19,23085752.53717111
S1,1975,20-24,24177693.989923477
S1,1975,25-29,24587736.69530715
S1,1975,30-34,23205195.665564794
S1,1975,35-39,21598550.725870896
S1,1975,40-44,19944969.86157704
S1,1975,45-49,18033925.98270378
S1,1975,50-54,16141290.77893642
S1,1975,55-59,13700598.819215057
S1,1975,60-64,11028324.477222761
S1,1975,65-69,8394861.452059412
S1,1975,70-74,6380808.095724357
S1,1975,75+,8911038.20185185
S1,1975,0-8,38656246.91764261
S1,1975,9-14,27097887.027615555
S1,1975,0-17,
S1,1975,18-29,
S1,1975,30-65,
S1,1975,66+,
S1,1975,15-26,
S1,1975,27-45,
S1,1975,46-65,
S1,1976,00-04,
S1,1976,05-09,
S1,1976,10-14,
S1,1976,15-19,23626431.11664737
S1,1976,20-24,24743946.323280822
S1,1976,25-29,25163592.41097201
S1,1976,30-34,23748671.656166535
S1,1976,35-39,22104398.37828798
S1,1976,40-44,20412089.91560563
S1,1976,45-49,18456288.5401733
S1,1976,50-54,16519326.979195269
S1,1976,55-59,14021472.929583348
S1,1976,60-64,11286612.73543515
S1,1976,65-69,8591472.83639662
S1,1976,70-74,6530249.455781904
S1,1976,75+,9119738.674963053
S1,1976,0-8,39566341.088945
S1,1976,9-14,27727783.882335402
S1,1976,0-17,
S1,1976,18-29,
S1,1976,30-65,
S1,1976,66+,
S1,1976,15-26,
S1,1976,27-45,
S1,1976,46-65,
S1,1977,00-04,
S1,1977,05-09,
S1,1977,10-14,
S1,1977,15-19,24180848.96319715
S1,1977,20-24,25324587.78233007
S1,1977,25-29,25754081.285363093
S1,1977,30-34,24305957.99928894
S1,1977,35-39,22623100.203699682
S1,1977,40-44,20891080.029631644
S1,1977,45-49,18889383.81796727
S1,1977,50-54,16906969.515854307
S1,1977,55-59,14350500.821637604
S1,1977,60-64,11551464.396556841
S1,1977,65-69,8793080.343054267
S1,1977,70-74,6683488.293371575
S1,1977,75+,9333742.468100788
S1,1977,0-8,40486538.60212284
S1,1977,9-14,28386710.345513843
S1,1977,0-17,
S1,1977,18-29,
S1,1977,30-65,
S1,1977,66+,
S1,1977,15-26,
S1,1977,27-45,
S1,1977,46-65,
S1,1978,00-04,
S1,1978,05-09,
S1,1978,10-14,
S1,1978,15-19,24749430.341923393
S1,1978,20-24,25920062.69964443
S1,1978,25-29,26359655.186732166
S1,1978,30-34,24877481.1551356
S1,1978,35-39,23155053.13572697
S1,1978,40-44,21382306.748114794
S1,1978,45-49,19333543.23978308
S1,1978,50-54,17304515.03015937
S1,1978,55-59,14687934.28210037
S1,1978,60-64,11823082.136814754
S1,1978,65-69,8999838.251029864
S1,1978,70-74,6840641.873642048
S1,1978,75+,9553213.346450241
S1,1978,0-8,41427322.94342045
S1,1978,9-14,29065391.34654583
S1,1978,0-17,
S1,1978,18-29,
S1,1978,30-65,
S1,1978,66+,
S1,1978,15-26,
S1,1978,27-45,
S1,1978,46-65,
S1,1979,00-04,
S1,1979,05-09,
S1,1979,10-14,
S1,1979,15-19,25309232.45953276
S1,1979,20-24,26506343.1023594
S1,1979,25-29,26955878.63871158
S1,1979,30-34,25440179.62694011
S1,1979,35-39,23678792.373344123
S1,1979,40-44,21865948.611042526
S1,1979,45-49,19770844.5552881
S1,1979,50-54,17695922.18677894
S1,1979,55-59,15020157.553538632
S1,1979,60-64,12090505.924975533
S1,1979,65-69,9203403.684313156
S1,1979,70-74,6995368.901851075
S1,1979,75+,9769295.453692045
S1,1979,0-8,42389120.686737016
S1,1979,9-14,29698053.362115487
S1,1979,0-17,
S1,1979,18-29,
S1,1979,30-65,
S1,1979,66+,
S1,1979,15-26,
S1,1979,27-45,
S1,1979,46-65,
S1,1980,00-04,
S1,1980,05-09,
S1,1980,10-14,
S1,1980,15-19,25915232.8508237
S1,1980,20-24,27141006.92779957
S1,1980,25-29,27601306.074283514
S1,1980,30-34,26049315.39718076
S1,1980,35-39,24245753.75656609
S1,1980,40-44,22389503.54047099
S1,1980,45-49,20244234.633624665
S1,1980,50-54,18119630.6412565
S1,1980,55-59,15379797.90886151
S1,1980,60-64,12379999.14975646
S1,1980,65-69,9423768.574588666
S1,1980,70-74,7162864.944985703
S1,1980,75+,10003209.969947718
S1,1980,0-8,43410082.598529615
S1,1980,9-14,30403135.7209467
S1,1980,0-17,
S1,1980,18-29,
S1,1980,30-65,
S1,1980,66+,
S1,1980,15-26,
S1,1980,27-45,
S1,1980,46-65,
S1,1981,00-04,
S1,1981,05-09,
S1,1981,10-14,
S1,1981,15-19,26529754.261779413
S1,1981,20-24,27784594.811730146
S1,1981,25-29,28255808.916323364
S1,1981,30-34,26667016.273898777
S1,1981,35-39,24820687.22885768
S1,1981,40-44,22920420.217372485
S1,1981,45-49,20724281.087476153
S1,1981,50-54,18549296.893987358
S1,1981,55-59,15744495.195803568
S1,1981,60-64,12673562.96177897
S1,1981,65-69,9647232.033100171
S1,1981,70-74,7332716.163294852
S1,1981,75+,10240413.57680719
S1,1981,0-8,44412949.385098055
S1,1981,9-14,31150583.250671353
S1,1981,0-17,
S1,1981,18-29,
S1,1981,30-65,
S1,1981,66+,
S1,1981,15-26,
S1,1981,27-45,
S1,1981,46-65,
S1,1982,00-04,
S1,1982,05-09,
S1,1982,10-14,
S1,1982,15-19,27155404.630785454
S1,1982,20-24,28439838.046368264
S1,1982,25-29,28922164.77852337
S1,1982,30-34,27295903.6886643
S1,1982,35-39,25406032.723221757
S1,1982,40-44,23460951.7739513
S1,1982,45-49,21213021.16331035
S1,1982,50-54,18986744.38528378
S1,1982,55-59,16115797.13595233
S1,1982,60-64,12972443.20263676
S1,1982,65-69,9874742.405862719
S1,1982,70-74,7505643.380340034
S1,1982,75+,10481912.931451961
S1,1982,0-8,45462707.24052933
S1,1982,9-14,31882837.833443455
S1,1982,0-17,
S1,1982,18-29,
S1,1982,30-65,
S1,1982,66+,
S1,1982,15-26,
S1,1982,27-45,
S1,1982,46-65,
S1,1983,00-04,
S1,1983,05-09,
S1,1983,10-14,
S1,1983,15-19,27795419.799097273
S1,1983,20-24,29110125.52620836
S1,1983,25-29,29603820.02948891
S1,1983,30-34,27939230.224617247
S1,1983,35-39,26004817.625548515
S1,1983,40-44,24013893.82001967
S1,1983,45-49,21712982.607259773
S1,1983,50-54,19434235.57787182
S1,1983,55-59,16495624.08961711
S1,1983,60-64,13278185.67020944
S1,1983,65-69,10107476.36835943
S1,1983,70-74,7682540.969481865
S1,1983,75+,10728957.059877418
S1,1983,0-8,46508379.04624511
S1,1983,9-14,32660093.092219636
S1,1983,0-17,
S1,1983,18-29,
S1,1983,30-65,
S1,1983,66+,
S1,1983,15-26,
S1,1983,27-45,
S1,1983,46-65,
S1,1984,00-04,
S1,1984,05-09,
S1,1984,10-14,
S1,1984,15-19,28456498.95141068
S1,1984,20-24,29802473.30313338
S1,1984,25-29,30307909.71015525
S1,1984,30-34,28603729.72729355
S1,1984,35-39,26623309.553938843
S1,1984,40-44,24585034.12604946
S1,1984,45-49,22229398.62975385
S1,1984,50-54,19896454.464096226
S1,1984,55-59,16887951.79212581
S1,1984,60-64,13593990.64061709
S1,1984,65-69,10347870.000041142
S1,1984,70-74,7865260.558120098
S1,1984,75+,10984131.829304043
S1,1984,0-8,47601586.15847998
S1,1984,9-14,33449808.66399271
S1,1984,0-17,
S1,1984,18-29,
S1,1984,30-65,
S1,1984,66+,
S1,1984,15-26,
S1,1984,27-45,
S1,1984,46-65,
S1,1985,00-04,
S1,1985,05-09,
S1,1985,10-14,
S1,1985,15-19,29132720.551172517
S1,1985,20-24,30510679.75566698
S1,1985,25-29,31028127.022363394
S1,1985,30-34,29283450.02276536
S1,1985,35-39,27255968.441747196
S1,1985,40-44,25169256.771825507
S1,1985,45-49,22757643.49672863
S1,1985,50-54,20369260.774186347
S1,1985,55-59,17289266.01553298
S1,1985,60-64,13917029.329032058
S1,1985,65-69,10593770.0040263
S1,1985,70-74,8052165.457638388
S1,1985,75+,11245151.542596586
S1,1985,0-8,48775805.00788166
S1,1985,9-14,34201642.06590159
S1,1985,0-17,
S1,1985,18-29,
S1,1985,30-65,
S1,1985,66+,
S1,1985,15-26,
S1,1985,27-45,
S1,1985,46-65,
S1,1986,00-04,
S1,1986,05-09,
S1,1986,10-14,
S1,1986,15-19,29818789.22623193
S1,1986,20-24,31229199.043914136
S1,1986,25-29,31758832.07129335
S1,1986,30-34,29973068.341212373
S1,1986,35-39,27897840.04874128
S1,1986,40-44,25761986.812789056
S1,1986,45-49,23293580.615743984
S1,1986,50-54,20848952.04526892
S1,1986,55-59,17696424.13889433
S1,1986,60-64,14244772.076427048
S1,1986,65-69,10843250.780728208
S1,1986,70-74,8241792.048714126
S1,1986,75+,11509972.200389938
S1,1986,0-8,49903144.58496859
S1,1986,9-14,35028401.73175098
S1,1986,0-17,
S1,1986,18-29,
S1,1986,30-65,
S1,1986,66+,
S1,1986,15-26,
S1,1986,27-45,
S1,1986,46-65,
S1,1987,00-04,
S1,1987,05-09,
S1,1987,10-14,
S1,1987,15-19,30519942.268119417
S1,1987,20-24,31963516.179973025
S1,1987,25-29,32505602.89235647
S1,1987,30-34,30677849.07133185
S1,1987,35-39,28553824.276130956
S1,1987,40-44,26367749.01466149
S1,1987,45-49,23841301.2083297
S1,1987,50-54,21339190.13092019
S1,1987,55-59,18112534.31430687
S1,1987,60-64,14579720.796061672
S1,1987,65-69,11098216.809401441
S1,1987,70-74,8435587.897422712
S1,1987,75+,11780615.383086449
S1,1987,0-8,51132971.248068094
S1,1987,9-14,35795638.45041311
S1,1987,0-17,
S1,1987,18-29,
S1,1987,30-65,
S1,1987,66+,
S1,1987,15-26,
S1,1987,27-45,
S1,1987,46-65,
S1,1988,00-04,
S1,1988,05-09,
S1,1988,10-14,
S1,1988,15-19,31223363.14092312
S1,1988,20-24,32700208.41391209
S1,1988,25-29,33254789.091880728
S1,1988,30-34,31384909.365873713
S1,1988,35-39,29211930.23903708
S1,1988,40-44,26975470.512389798
S1,1988,45-49,24390793.365208965
S1,1988,50-54,21831013.85768051
S1,1988,55-59,18529990.36924068
S1,1988,60-64,14915752.884114241
S1,1988,65-69,11354007.50802241
S1,1988,70-74,8630010.565371722
S1,1988,75+,12052133.942398781
S1,1988,0-8,52334317.269145325
S1,1988,9-14,36597815.174186945
S1,1988,0-17,
S1,1988,18-29,
S1,1988,30-65,
S1,1988,66+,
S1,1988,15-26,
S1,1988,27-45,
S1,1988,46-65,
S1,1989,00-04,
S1,1989,05-09,
S1,1989,10-14,
S1,1989,15-19,31937122.75925544
S1,1989,20-24,33447728.40948587
S1,1989,25-29,34014986.68695763
S1,1989,30-34,32102361.89746918
S1,1989,35-39,29879708.917588115
S1,1989,40-44,27592124.184524875
S1,1989,45-49,24948361.852773834
S1,1989,50-54,22330066.315563973
S1,1989,55-59,18953582.113472614
S1,1989,60-64,15256723.90756401
S1,1989,65-69,11613557.769436972
S1,1989,70-74,8827290.820530083
S1,1989,75+,12327643.22959475
S1,1989,0-8,53508942.97430329
S1,1989,9-14,37456159.60820772
S1,1989,0-17,
S1,1989,18-29,
S1,1989,30-65,
S1,1989,66+,
S1,1989,15-26,
S1,1989,27-45,
S1,1989,46-65,
S1,1990,00-04,
S1,1990,05-09,
S1,1990,10-14,
S1,1990,15-19,32661709.474454783
S1,1990,20-24,34206587.61674133
S1,1990,25-29,34786715.8015946
S1,1990,30-34,32830697.5441325
S1,1990,35-39,30557617.203156333
S1,1990,40-44,28218131.94292396
S1,1990,45-49,25514388.15704596
S1,1990,50-54,22836688.95416999
S1,1990,55-59,19383599.36669817
S1,1990,60-64,15602867.157355715
S1,1990,65-69,11877045.17684581
S1,1990,70-74,9027563.641221289
S1,1990,75+,12607331.74697357
S1,1990,0-8,54671681.81115737
S1,1990,9-14,38357229.254506156
S1,1990,0-17,
S1,1990,18-29,
S1,1990,30-65,
S1,1990,66+,
S1,1990,15-26,
S1,1990,27-45,
S1,1990,46-65,
S1,1991,00-04,
S1,1991,05-09,
S1,1991,10-14,
S1,1991,15-19,33392256.683684617
S1,1991,20-24,34971689.24561445
S1,1991,25-29,35564793.206483714
S1,1991,30-34,33565024.52376267
S1,1991,35-39,31241102.003176942
S1,1991,40-44,28849289.278907996
S1,1991,45-49,26085070.627842978
S1,1991,50-54,23347479.101163562
S1,1991,55-59,19817153.96778987
S1,1991,60-64,15951857.802401552
S1,1991,65-69,12142700.04756308
S1,1991,70-74,9229483.918217106
S1,1991,75+,12889320.998968774
S1,1991,0-8,55899742.72795324
S1,1991,9-14,39209953.833945975
S1,1991,0-17,
S1,1991,18-29,
S1,1991,30-65,
S1,1991,66+,
S1,1991,15-26,
S1,1991,27-45,
S1,1991,46-65,
S1,1992,00-04,
S1,1992,05-09,
S1,1992,10-14,
S1,1992,15-19,34115537.09856423
S1,1992,20-24,35729180.36537359
S1,1992,25-29,36335131.03148196
S1,1992,30-34,34292047.11145298
S1,1992,35-39,31917788.14128975
S1,1992,40-44,29474168.457224395
S1,1992,45-49,26650076.48787186
S1,1992,50-54,23853188.38971649
S1,1992,55-59,20246395.976778135
S1,1992,60-64,16297377.017790765
S1,1992,65-69,12405712.43427761
S1,1992,70-74,9429395.682813551
S1,1992,75+,13168505.28794813
S1,1992,0-8,57123439.0952315
S1,1992,9-14,40046345.272053316
S1,1992,0-17,
S1,1992,18-29,
S1,1992,30-65,
S1,1992,66+,
S1,1992,15-26,
S1,1992,27-45,
S1,1992,46-65,
S1,1993,00-04,
S1,1993,05-09,
S1,1993,10-14,
S1,1993,15-19,34848174.65697788
S1,1993,20-24,36496471.21562112
S1,1993,25-29,37115434.78594536
S1,1993,30-34,35028475.2555023
S1,1993,35-39,32603228.628603168
S1,1993,40-44,30107131.75346054
S1,1993,45-49,27222391.8793371
S1,1993,50-54,24365440.08464755
S1,1993,55-59,20681191.128097236
S1,1993,60-64,16647366.246228373
S1,1993,65-69,12672127.435805272
S1,1993,70-74,9631893.723820899
S1,1993,75+,13451301.40908924
S1,1993,0-8,58344888.613613725
S1,1993,9-14,40911635.0995812
S1,1993,0-17,
S1,1993,18-29,
S1,1993,30-65,
S1,1993,66+,
S1,1993,15-26,
S1,1993,27-45,
S1,1993,46-65,
S1,1994,00-04,
S1,1994,05-09,
S1,1994,10-14,
S1,1994,15-19,35578013.91480945
S1,1994,20-24,37260831.40744388
S1,1994,25-29,37892758.17934862
S1,1994,30-34,35762090.62087204
S1,1994,35-39,33286051.083995346
S1,1994,40-44,30737677.45379275
S1,1994,45-49,27792521.318861052
S1,1994,50-54,24875735.240223445
S1,1994,55-59,21114325.58442323
S1,1994,60-64,16996018.69490303
S1,1994,65-69,12937524.868351819
S1,1994,70-74,9833618.325929966
S1,1994,75+,13733017.393754529
S1,1994,0-8,59545240.877551995
S1,1994,9-14,41790051.90503733
S1,1994,0-17,
S1,1994,18-29,
S1,1994,30-65,
S1,1994,66+,
S1,1994,15-26,
S1,1994,27-45,
S1,1994,46-65,
S1,1995,00-04,
S1,1995,05-09,
S1,1995,10-14,
S1,1995,15-19,36296493.94666182
S1,1995,20-24,38013295.08910324
S1,1995,25-29,38657983.30318104
S1,1995,30-34,36484287.98888464
S1,1995,35-39,33958246.08342202
S1,1995,40-44,31358409.334131785
S1,1995,45-49,28353777.257718302
S1,1995,50-54,25378088.15656506
S1,1995,55-59,21540718.731459547
S1,1995,60-64,17339244.71315455
S1,1995,65-69,13198791.65243261
S1,1995,70-74,10032203.28418412
S1,1995,75+,14010348.747835169
S1,1995,0-8,60768646.88269791
S1,1995,9-14,42613060.985357925
S1,1995,0-17,
S1,1995,18-29,
S1,1995,30-65,
S1,1995,66+,
S1,1995,15-26,
S1,1995,27-45,
S1,1995,46-65,
S1,1996,00-04,
S1,1996,05-09,
S1,1996,10-14,
S1,1996,15-19,37028328.49111087
S1,1996,20-24,38779744.94333494
S1,1996,25-29,39437431.7987183
S1,1996,30-34,37219908.96426397
S1,1996,35-39,34642935.28754378
S1,1996,40-44,31990678.86527205
S1,1996,45-49,28925465.35776743
S1,1996,50-54,25889778.393433124
S1,1996,55-59,21975037.321654744
S1,1996,60-64,17688850.33276038
S1,1996,65-69,13464914.64740922
S1,1996,70-74,10234479.375398047
S1,1996,75+,14292834.9077522
S1,1996,0-8,61936376.352553114
S1,1996,9-14,43529783.672043346
S1,1996,0-17,
S1,1996,18-29,
S1,1996,30-65,
S1,1996,66+,
S1,1996,15-26,
S1,1996,27-45,
S1,1996,46-65,
S1,1997,00-04,
S1,1997,05-09,
S1,1997,10-14,
S1,1997,15-19,37762617.59369504
S1,1997,20-24,39548765.45474475
S1,1997,25-29,40219494.54861144
S1,1997,30-34,37957997.19739051
S1,1997,35-39,35329920.92529081
S1,1997,40-44,32625069.01552357
S1,1997,45-49,29499070.88804363
S1,1997,50-54,26403184.82891887
S1,1997,55-59,22410812.60754282
S1,1997,60-64,18039628.522483584
S1,1997,65-69,13731930.213482957
S1,1997,70-74,10437433.89649617
S1,1997,75+,14576268.520487819
S1,1997,0-8,63221956.618666574
S1,1997,9-14,44335646.77248774
S1,1997,0-17,
S1,1997,18-29,
S1,1997,30-65,
S1,1997,66+,
S1,1997,15-26,
S1,1997,27-45,
S1,1997,46-65,
S1,1998,00-04,
S1,1998,05-09,
S1,1998,10-14,
S1,1998,15-19,38499260.58133904
S1,1998,20-24,40320251.188484766
S1,1998,25-29,41004064.32988549
S1,1998,30-34,38698451.4943177
S1,1998,35-39,36019108.80902423
S1,1998,40-44,33261492.80823492
S1,1998,45-49,30074515.20563561
S1,1998,50-54,26918237.07357416
S1,1998,55-59,22847984.84312183
S1,1998,60-64,18391531.18966017
S1,1998,65-69,13999801.742078163
S1,1998,70-74,10641039.021849971
S1,1998,75+,14860610.72650656
S1,1998,0-8,64452570.33489367
S1,1998,9-14,45203180.8901417
S1,1998,0-17,
S1,1998,18-29,
S1,1998,30-65,
S1,1998,66+,
S1,1998,15-26,
S1,1998,27-45,
S1,1998,46-65,
S1,1999,00-04,
S1,1999,05-09,
S1,1999,10-14,
S1,1999,15-19,39238668.91770302
S1,1999,20-24,41094633.07018524
S1,1999,25-29,41791579.376473606
S1,1999,30-34,39441685.447573
S1,1999,35-39,36710883.89560087
S1,1999,40-44,33900305.72804045
S1,1999,45-49,30652119.73412181
S1,1999,50-54,27435222.818024274
S1,1999,55-59,23286798.217898957
S1,1999,60-64,18744754.89512334
S1,1999,65-69,14268678.85709873
S1,1999,70-74,10845408.478341402
S1,1999,75+,15146020.34967124
S1,1999,0-8,65684365.40518821
S1,1999,9-14,46077410.07490374
S1,1999,0-17,
S1,1999,18-29,
S1,1999,30-65,
S1,1999,66+,
S1,1999,15-26,
S1,1999,27-45,
S1,1999,46-65,
S1,2000,00-04,
S1,2000,05-09,
S1,2000,10-14,
S1,2000,15-19,39978184.88101244
S1,2000,20-24,41869127.669517465
S1,2000,25-29,42579209.0523333
S1,2000,30-34,40185027.58462367
S1,2000,35-39,37402759.67571297
S1,2000,40-44,34539211.6323038
S1,2000,45-49,31229808.33768267
S1,2000,50-54,27952283.813988026
S1,2000,55-59,23725675.46556044
S1,2000,60-64,19098030.01519277
S1,2000,65-69,14537595.109387793
S1,2000,70-74,11049807.68248276
S1,2000,75+,15431471.516546529
S1,2000,0-8,66946541.29929997
S1,2000,9-14,46921564.98494532
S1,2000,0-17,
S1,2000,18-29,
S1,2000,30-65,
S1,2000,66+,
S1,2000,15-26,
S1,2000,27-45,
S1,2000,46-65,
S1,2001,00-04,
S1,2001,05-09,
S1,2001,10-14,
S1,2001,15-19,40729269.87172559
S1,2001,20-24,42655738.503911875
S1,2001,25-29,43379160.44909706
S1,2001,30-34,40939998.60594536
S1,2001,35-39,38105459.19764705
S1,2001,40-44,35188112.61480964
S1,2001,45-49,31816534.33274961
S1,2001,50-54,28477433.739912067
S1,2001,55-59,24171418.53242933
S1,2001,60-64,19456831.79019315
S1,2001,65-69,14810718.30195456
S1,2001,70-74,11257404.51873936
S1,2001,75+,15721388.296790361
S1,2001,0-8,68200177.13307711
S1,2001,9-14,47807211.50742259
S1,2001,0-17,
S1,2001,18-29,
S1,2001,30-65,
S1,2001,66+,
S1,2001,15-26,
S1,2001,27-45,
S1,2001,46-65,
S1,2002,00-04,
S1,2002,05-09,
S1,2002,10-14,
S1,2002,15-19,41492895.140053004
S1,2002,20-24,43455482.76309797
S1,2002,25-29,44192468.00756999
S1,2002,30-34,41707574.78688965
S1,2002,35-39,38819891.142933205
S1,2002,40-44,35847847.78860593
S1,2002,45-49,32413056.432055905
S1,2002,50-54,29011351.682693854
S1,2002,55-59,24624603.82204568
S1,2002,60-64,19821624.197309233
S1,2002,65-69,15088401.618475363
S1,2002,70-74,11468467.436718661
S1,2002,75+,16016145.590363888
S1,2002,0-8,69474380.35505609
S1,2002,9-14,48708008.56307098
S1,2002,0-17,
S1,2002,18-29,
S1,2002,30-65,
S1,2002,66+,
S1,2002,15-26,
S1,2002,27-45,
S1,2002,46-65,
S1,2003,00-04,
S1,2003,05-09,
S1,2003,10-14,
S1,2003,15-19,42226536.97956059
S1,2003,20-24,44223825.39629819
S1,2003,25-29,44973841.38274711
S1,2003,30-34,42445012.408072114
S1,2003,35-39,39506271.21478542
S1,2003,40-44,36481678.7349704
S1,2003,45-49,32986156.33903064
S1,2003,50-54,29524305.559333507
S1,2003,55-59,25059994.97959623
S1,2003,60-64,20172093.182157308
S1,2003,65-69,15355181.81497031
S1,2003,70-74,11671243.05693527
S1,2003,75+,16299329.361298049
S1,2003,0-8,70721913.1185288
S1,2003,9-14,49550075.59519321
S1,2003,0-17,
S1,2003,18-29,
S1,2003,30-65,
S1,2003,66+,
S1,2003,15-26,
S1,2003,27-45,
S1,2003,46-65,
S1,2004,00-04,
S1,2004,05-09,
S1,2004,10-14,
S1,2004,15-19,42954111.7253685
S1,2004,20-24,44985813.96611486
S1,2004,25-29,45748752.932512544
S1,2004,30-34,43176351.54508363
S1,2004,35-39,40186975.03974814
S1,2004,40-44,37110268.00680886
S1,2004,45-49,33554516.806884475
S1,2004,50-54,30033017.39433161
S1,2004,55-59,25491785.52604936
S1,2004,60-64,20519663.84788645
S1,2004,65-69,15619755.784445211
S1,2004,70-74,11872341.75713232
S1,2004,75+,16580171.250431096
S1,2004,0-8,71925601.0304006
S1,2004,9-14,50418706.842682205
S1,2004,0-17,
S1,2004,18-29,
S1,2004,30-65,
S1,2004,66+,
S1,2004,15-26,
S1,2004,27-45,
S1,2004,46-65,
S1,2005,00-04,
S1,2005,05-09,
S1,2005,10-14,
S1,2005,15-19,43688905.6157116
S1,2005,20-24,45755363.141424395
S1,2005,25-29,46531353.31220502
S1,2005,30-34,43914947.17768513
S1,2005,35-39,40874432.9464411
S1,2005,40-44,37745094.2691872
S1,2005,45-49,34128516.66284126
S1,2005,50-54,30546776.771571625
S1,2005,55-59,25927860.38608224
S1,2005,60-64,20870683.180417914
S1,2005,65-69,15886954.91062999
S1,2005,70-74,12075435.799513679
S1,2005,75+,16863799.709879927
S1,2005,0-8,73158811.1712739
S1,2005,9-14,51278377.83314657
S1,2005,0-17,
S1,2005,18-29,
S1,2005,30-65,
S1,2005,66+,
S1,2005,15-26,
S1,2005,27-45,
S1,2005,46-65,
S1,2006,00-04,
S1,2006,05-09,
S1,2006,10-14,
S1,2006,15-19,44380300.16512522
S1,2006,20-24,46479460.21450479
S1,2006,25-29,47267730.742664784
S1,2006,30-34,44609918.92597079
S1,2006,35-39,41521287.33089557
S1,2006,40-44,38342425.607132986
S1,2006,45-49,34668614.20174081
S1,2006,50-54,31030191.832314726
S1,2006,55-59,26338179.23239476
S1,2006,60-64,21200970.158086915
S1,2006,65-69,16138372.37868483
S1,2006,70-74,12266534.44059696
S1,2006,75+,17130676.140806604
S1,2006,0-8,74336781.16851504
S1,2006,9-14,52069676.53260332
S1,2006,0-17,
S1,2006,18-29,
S1,2006,30-65,
S1,2006,66+,
S1,2006,15-26,
S1,2006,27-45,
S1,2006,46-65,
S1,2007,00-04,
S1,2007,05-09,
S1,2007,10-14,
S1,2007,15-19,45081698.48897946
S1,2007,20-24,47214034.23421187
S1,2007,25-29,48014762.80400607
S1,2007,30-34,45314946.207118765
S1,2007,35-39,42177501.03900038
S1,2007,40-44,38948399.72072138
S1,2007,45-49,35216526.40154515
S1,2007,50-54,31520601.416276127
S1,2007,55-59,26754434.97420453
S1,2007,60-64,21536036.0516847
S1,2007,65-69,16393427.601250457
S1,2007,70-74,12460398.084243422
S1,2007,75+,17401414.001680594
S1,2007,0-8,75549081.83643104
S1,2007,9-14,52855137.87229058
S1,2007,0-17,
S1,2007,18-29,
S1,2007,30-65,
S1,2007,66+,
S1,2007,15-26,
S1,2007,27-45,
S1,2007,46-65,
S1,2008,00-04,
S1,2008,05-09,
S1,2008,10-14,
S1,2008,15-19,45745084.03458017
S1,2008,20-24,47908797.49536386
S1,2008,25-29,48721308.93441445
S1,2008,30-34,45981764.03610596
S1,2008,35-39,42798150.78106081
S1,2008,40-44,39521532.63862425
S1,2008,45-49,35734744.112148084
S1,2008,50-54,31984432.905972775
S1,2008,55-59,27148131.441673245
S1,2008,60-64,21852942.8121901
S1,2008,65-69,16634659.925631039
S1,2008,70-74,12643755.15060459
S1,2008,75+,17657479.03269425
S1,2008,0-8,76680511.55551516
S1,2008,9-14,53613200.03580991
S1,2008,0-17,
S1,2008,18-29,
S1,2008,30-65,
S1,2008,66+,
S1,2008,15-26,
S1,2008,27-45,
S1,2008,46-65,
S1,2009,00-04,
S1,2009,05-09,
S1,2009,10-14,
S1,2009,15-19,46406212.65419744
S1,2009,20-24,48601197.07936485
S1,2009,25-29,49425451.30078122
S1,2009,30-34,46646313.26202446
S1,2009,35-39,43416688.99003351
S1,2009,40-44,40092715.682003945
S1,2009,45-49,36251198.77707736
S1,2009,50-54,32446686.37916308
S1,2009,55-59,27540488.501322635
S1,2009,60-64,22168771.41368698
S1,2009,65-69,16875071.54551399
S1,2009,70-74,12826488.41180439
S1,2009,75+,17912672.89636672
S1,2009,0-8,77788457.32908809
S1,2009,9-14,54388317.84179163
S1,2009,0-17,
S1,2009,18-29,
S1,2009,30-65,
S1,2009,66+,
S1,2009,15-26,
S1,2009,27-45,
S1,2009,46-65,
S1,2010,00-04,
S1,2010,05-09,
S1,2010,10-14,
S1,2010,15-19,47097667.33878398
S1,2010,20-24,49325357.13197368
S1,2010,25-29,50161892.77887362
S1,2010,30-34,47341345.456615776
S1,2010,35-39,44063599.63570714
S1,2010,40-44,40690098.973820806
S1,2010,45-49,36791343.29184462
S1,2010,50-54,32930143.48572257
S1,2010,55-59,27950843.035788566
S1,2010,60-64,22499087.11860662
S1,2010,65-69,17126510.88101476
S1,2010,70-74,13017603.67400485
S1,2010,75+,18179572.539307922
S1,2010,0-8,78853670.20194882
S1,2010,9-14,55292544.94599784
S1,2010,0-17,
S1,2010,18-29,
S1,2010,30-65,
S1,2010,66+,
S1,2010,15-26,
S1,2010,27-45,
S1,2010,46-65,
S1,2011,00-04,
S1,2011,05-09,
S1,2011,10-14,
S1,2011,15-19,47788441.0972405
S1,2011,20-24,50048804.051078424
S1,2011,25-29,50897609.02904175
S1,2011,30-34,48035693.20204065
S1,2011,35-39,44709873.22103217
S1,2011,40-44,41286893.97850607
S1,2011,45-49,37330955.88670117
S1,2011,50-54,33413124.496618923
S1,2011,55-59,28360793.4640545
S1,2011,60-64,22829077.537430655
S1,2011,65-69,17377702.60576463
S1,2011,70-74,13208530.73099276
S1,2011,75+,18446209.346599855
S1,2011,0-8,79907043.57311971
S1,2011,9-14,56206672.099935904
S1,2011,0-17,
S1,2011,18-29,
S1,2011,30-65,
S1,2011,66+,
S1,2011,15-26,
S1,2011,27-45,
S1,2011,46-65,
S1,2012,00-04,
S1,2012,05-09,
S1,2012,10-14,
S1,2012,15-19,48464939.03432122
S1,2012,20-24,50757299.9115108
S1,2012,25-29,51618120.65737516
S1,2012,30-34,48715691.26457001
S1,2012,35-39,45342790.644298255
S1,2012,40-44,41871355.36631523
S1,2012,45-49,37859416.62044254
S1,2012,50-54,33886124.01856165
S1,2012,55-59,28762271.684140503
S1,2012,60-64,23152248.23530092
S1,2012,65-69,17623703.096554473
S1,2012,70-74,13395512.00902193
S1,2012,75+,18707335.725352015
S1,2012,0-8,81035867.09749204
S1,2012,9-14,57004687.9063098
S1,2012,0-17,
S1,2012,18-29,
S1,2012,30-65,
S1,2012,66+,
S1,2012,15-26,
S1,2012,27-45,
S1,2012,46-65,
S1,2013,00-04,
S1,2013,05-09,
S1,2013,10-14,
S1,2013,15-19,49147134.881209545
S1,2013,20-24,51468079.32357386
S1,2013,25-29,52333803.72608161
S1,2013,30-34,49378835.65120704
S1,2013,35-39,45950422.14630905
S1,2013,40-44,42429720.04559071
S1,2013,45-49,38364061.69836552
S1,2013,50-54,34335742.102773204
S1,2013,55-59,29141296.446925923
S1,2013,60-64,23455960.522652537
S1,2013,65-69,17854372.443992153
S1,2013,70-74,13570963.45863171
S1,2013,75+,18949145.812026054
S1,2013,0-8,82242250.41927974
S1,2013,9-14,57770398.37434678
S1,2013,0-17,
S1,2013,18-29,
S1,2013,30-65,
S1,2013,66+,
S1,2013,15-26,
S1,2013,27-45,
S1,2013,46-65,
S1,2014,00-04,
S1,2014,05-09,
S1,2014,10-14,
S1,2014,15-19,49830038.93140941
S1,2014,20-24,52179608.833414294
S1,2014,25-29,53050236.05008417
S1,2014,30-34,50042671.00345777
S1,2014,35-39,46558752.41695347
S1,2014,40-44,42988758.54118331
S1,2014,45-49,38869336.6156051
S1,2014,50-54,34785923.28062257
S1,2014,55-59,29520803.677317046
S1,2014,60-64,23760071.00956547
S1,2014,65-69,18085351.32057483
S1,2014,70-74,13746653.36249366
S1,2014,75+,19191275.684527315
S1,2014,0-8,83423394.11299568
S1,2014,9-14,58563438.32042767
S1,2014,0-17,
S1,2014,18-29,
S1,2014,30-65,
S1,2014,66+,
S1,2014,15-26,
S1,2014,27-45,
S1,2014,46-65,
S1,2015,00-04,
S1,2015,05-09,
S1,2015,10-14,
S1,2015,15-19,50513514.75856172
S1,2015,20-24,52891723.45378089
S1,2015,25-29,53767304.930316284
S1,2015,30-34,50707185.10974946
S1,2015,35-39,47167794.71411351
S1,2015,40-44,43548491.39788702
S1,2015,45-49,39375256.28584379
S1,2015,50-54,35236701.05029693
S1,2015,55-59,29900839.286107626
S1,2015,60-64,24064620.025812875
S1,2015,65-69,18316673.728857316
S1,2015,70-74,13922599.698266268
S1,2015,75+,19433765.51981053
S1,2015,0-8,84691565.35495174
S1,2015,9-14,59270864.445922196
S1,2015,0-17,
S1,2015,18-29,
S1,2015,30-65,
S1,2015,66+,
S1,2015,15-26,
S1,2015,27-45,
S1,2015,46-65,
S1,2016,00-04,
S1,2016,05-09,
S1,2016,10-14,
S1,2016,15-19,51178765.56573183
S1,2016,20-24,53584945.12398697
S1,2016,25-29,54465339.58684478
S1,2016,30-34,51354025.40906695
S1,2016,35-39,47760650.98875473
S1,2016,40-44,44093375.77854154
S1,2016,45-49,39867753.33390495
S1,2016,50-54,35675455.96135639
S1,2016,55-59,30270735.22623975
S1,2016,60-64,24361052.900349125
S1,2016,65-69,18541836.644092917
S1,2016,70-74,14093824.16899399
S1,2016,75+,19669659.661042348
S1,2016,0-8,85889460.41457824
S1,2016,9-14,59996406.55266603
S1,2016,0-17,
S1,2016,18-29,
S1,2016,30-65,
S1,2016,66+,
S1,2016,15-26,
S1,2016,27-45,
S1,2016,46-65,
S1,2017,00-04,
S1,2017,05-09,
S1,2017,10-14,
S1,2017,15-19,51806779.085725054
S1,2017,20-24,54239545.72660783
S1,2017,25-29,55124457.3728985
S1,2017,30-34,51964708.05029767
S1,2017,35-39,48320250.34291609
S1,2017,40-44,44607672.42185643
S1,2017,45-49,40332566.98681501
S1,2017,50-54,36089415.812264346
S1,2017,55-59,30619701.719107937
S1,2017,60-64,24640717.082278
S1,2017,65-69,18754262.252018683
S1,2017,70-74,14255288.247738034
S1,2017,75+,19891958.227309264
S1,2017,0-8,86989825.33396949
S1,2017,9-14,60712641.02223202
S1,2017,0-17,
S1,2017,18-29,
S1,2017,30-65,
S1,2017,66+,
S1,2017,15-26,
S1,2017,27-45,
S1,2017,46-65,
S1,2018,00-04,
S1,2018,05-09,
S1,2018,10-14,
S1,2018,15-19,52434983.24352619
S1,2018,20-24,54894357.62940727
S1,2018,25-29,55783801.18950969
S1,2018,30-34,52575648.58499676
S1,2018,35-39,48880200.41446756
S1,2018,40-44,45122346.61290013
S1,2018,45-49,40797753.13633602
S1,2018,50-54,36503721.44839823
S1,2018,55-59,30968983.073089816
S1,2018,60-64,24920653.059573043
S1,2018,65-69,18966906.76117956
S1,2018,70-74,14416918.17233176
S1,2018,75+,20114487.554726224
S1,2018,0-8,88015750.08850329
S1,2018,9-14,61503794.06662972
S1,2018,0-17,
S1,2018,18-29,
S1,2018,30-65,
S1,2018,66+,
S1,2018,15-26,
S1,2018,27-45,
S1,2018,46-65,
S1,2019,00-04,
S1,2019,05-09,
S1,2019,10-14,
S1,2019,15-19,53064431.05799347
S1,2019,20-24,55550425.321880676
S1,2019,25-29,56444414.77025359
S1,2019,30-34,53187789.0556288
S1,2019,35-39,49441313.64961185
S1,2019,40-44,45638124.95457673
S1,2019,45-49,41263943.64337344
S1,2019,50-54,36918919.177268244
S1,2019,55-59,31319021.843832336
S1,2019,60-64,25201202.690387912
S1,2019,65-69,19180016.564451326
S1,2019,70-74,14578889.21234804
S1,2019,75+,20337458.218138542
S1,2019,0-8,88971456.88391258
S1,2019,9-14,62368605.48417517
S1,2019,0-17,
S1,2019,18-29,
S1,2019,30-65,
S1,2019,66+,
S1,2019,15-26,
S1,2019,27-45,
S1,2019,46-65,
S1,2020,00-04,
S1,2020,05-09,
S1,2020,10-14,
S1,2020,15-19,53694584.63782908
S1,2020,20-24,56207268.95193531
S1,2020,25-29,57105867.85677714
S1,2020,30-34,53800805.99862478
S1,2020,35-39,50003375.045273885
S1,2020,40-44,46154844.42572347
S1,2020,45-49,41731025.18733229
S1,2020,50-54,37334942.25888407
S1,2020,55-59,31669790.771059234
S1,2020,60-64,25482359.625914834
S1,2020,65-69,19393608.6958257
S1,2020,70-74,14741238.277776074
S1,2020,75+,20560970.0453663
S1,2020,0-8,90016660.16407977
S1,2020,9-14,63145771.05582594
S1,2020,0-17,
S1,2020,18-29,
S1,2020,30-65,
S1,2020,66+,
S1,2020,15-26,
S1,2020,27-45,
S1,2020,46-65,
S1,2021,00-04,
S1,2021,05-09,
S1,2021,10-14,
S1,2021,15-19,54305941.25758326
S1,2021,20-24,56843979.89782679
S1,2021,25-29,57746411.86713497
S1,2021,30-34,54393808.964516595
S1,2021,35-39,50547194.1647391
S1,2021,40-44,46655165.19914797
S1,2021,45-49,42183379.57172605
S1,2021,50-54,37737755.12988637
S1,2021,55-59,32009362.278907582
S1,2021,60-64,25754563.539274115
S1,2021,65-69,19600386.99028574
S1,2021,70-74,14898385.660120588
S1,2021,75+,20777052.96866734
S1,2021,0-8,91018992.52249853
S1,2021,9-14,63910724.57582
S1,2021,0-17,
S1,2021,18-29,
S1,2021,30-65,
S1,2021,66+,
S1,2021,15-26,
S1,2021,27-45,
S1,2021,46-65,
S1,2022,00-04,
S1,2022,05-09,
S1,2022,10-14,
S1,2022,15-19,54878564.50496528
S1,2022,20-24,57439219.31773675
S1,2022,25-29,58343861.77639865
S1,2022,30-34,54945526.909327395
S1,2022,35-39,51053270.12730593
S1,2022,40-44,47121515.68268676
S1,2022,45-49,42605242.83185201
S1,2022,50-54,38113240.25790016
S1,2022,55-59,32325778.37374398
S1,2022,60-64,26008257.42996358
S1,2022,65-69,19793083.895920355
S1,2022,70-74,15044793.89495764
S1,2022,75+,20977830.448255274
S1,2022,0-8,91990111.59666102
S1,2022,9-14,64593207.13792078
S1,2022,0-17,
S1,2022,18-29,
S1,2022,30-65,
S1,2022,66+,
S1,2022,15-26,
S1,2022,27-45,
S1,2022,46-65,
S1,2023,00-04,
S1,2023,05-09,
S1,2023,10-14,
S1,2023,15-19,55451910.55251614
S1,2023,20-24,58035212.15113202
S1,2023,25-29,58942115.46037291
S1,2023,30-34,55498069.925371185
S1,2023,35-39,51560222.11692249
S1,2023,40-44,47588739.03591327
S1,2023,45-49,43027926.00203574
S1,2023,50-54,38489483.70264307
S1,2023,55-59,32642861.08018426
S1,2023,60-64,26262498.95617681
S1,2023,65-69,19986210.49629923
S1,2023,70-74,15191526.00088709
S1,2023,75+,21179051.778147228
S1,2023,0-8,93009177.68201704
S1,2023,9-14,65229867.27099518
S1,2023,0-17,
S1,2023,18-29,
S1,2023,30-65,
S1,2023,66+,
S1,2023,15-26,
S1,2023,27-45,
S1,2023,46-65,
S1,2024,00-04,
S1,2024,05-09,
S1,2024,10-14,
S1,2024,15-19,56026431.486174606
S1,2024,20-24,58632426.901460245
S1,2024,25-29,59541611.13972694
S1,2024,30-34,56051797.79529476
S1,2024,35-39,52068341.288894586
S1,2024,40-44,48057073.917032026
S1,2024,45-49,43451634.04588878
S1,2024,50-54,38866649.440509975
S1,2024,55-59,32960740.662465885
S1,2024,60-64,26517396.707120948
S1,2024,65-69,20179844.278787486
S1,2024,70-74,15338641.68867395
S1,2024,75+,21380793.14086046
S1,2024,0-8,94285233.65209423
S1,2024,9-14,65612806.082693726
S1,2024,0-17,
S1,2024,18-29,
S1,2024,30-65,
S1,2024,66+,
S1,2024,15-26,
S1,2024,27-45,
S1,2024,46-65,
S1,2025,00-04,
S1,2025,05-09,
S1,2025,10-14,
S1,2025,15-19,56601705.235892236
S1,2025,20-24,59230425.70450574
S1,2025,25-29,60141922.56404762
S1,2025,30-34,56606330.05791998
S1,2025,35-39,52577318.95097136
S1,2025,40-44,48526244.36666322
S1,2025,45-49,43876117.998068705
S1,2025,50-54,39244510.11488482
S1,2025,55-59,33279216.03113497
S1,2025,60-64,26772783.52587092
S1,2025,65-69,20373856.14963809
S1,2025,70-74,15486042.52916171
S1,2025,75+,21582914.373877477
S1,2025,0-8,95110912.40438913
S1,2025,9-14,66448053.09599273
S1,2025,0-17,
S1,2025,18-29,
S1,2025,30-65,
S1,2025,66+,
S1,2025,15-26,
S1,2025,27-45,
S1,2025,46-65,
S1,2026,00-04,
S1,2026,05-09,
S1,2026,10-14,
S1,2026,15-19,57154413.316435136
S1,2026,20-24,59804630.17648398
S1,2026,25-29,60717932.369024806
S1,2026,30-34,57138103.850165725
S1,2026,35-39,53065688.39372641
S1,2026,40-44,48976807.09907328
S1,2026,45-49,44283851.97488799
S1,2026,50-54,39607388.220544174
S1,2026,55-59,33585060.57414995
S1,2026,60-64,27018091.04352687
S1,2026,65-69,20560222.31335476
S1,2026,70-74,15627610.238034368
S1,2026,75+,21776863.3415858
S1,2026,0-8,95858890.35780722
S1,2026,9-14,67294650.34536408
S1,2026,0-17,
S1,2026,18-29,
S1,2026,30-65,
S1,2026,66+,
S1,2026,15-26,
S1,2026,27-45,
S1,2026,46-65,
S1,2027,00-04,
S1,2027,05-09,
S1,2027,10-14,
S1,2027,15-19,57660981.48470882
S1,2027,20-24,60330226.45565738
S1,2027,25-29,61244250.44928943
S1,2027,30-34,57623246.21035772
S1,2027,35-39,53511659.22136901
S1,2027,40-44,49388996.17847748
S1,2027,45-49,44657028.25102497
S1,2027,50-54,39939353.94573947
S1,2027,55-59,33864825.8471138
S1,2027,60-64,27242569.253262278
S1,2027,65-69,20730760.20936917
S1,2027,70-74,15757092.640044678
S1,2027,75+,21953857.737811197
S1,2027,0-8,96878989.7824886
S1,2027,9-14,67733664.30084406
S1,2027,0-17,
S1,2027,18-29,
S1,2027,30-65,
S1,2027,66+,
S1,2027,15-26,
S1,2027,27-45,
S1,2027,46-65,
S1,2028,00-04,
S1,2028,05-09,
S1,2028,10-14,
S1,2028,15-19,58168103.971340194
S1,2028,20-24,60856362.2263319
S1,2028,25-29,61771130.47262738
S1,2028,30-34,58108963.510366574
S1,2028,35-39,53958266.08498153
S1,2028,40-44,49801834.5287134
S1,2028,45-49,45030818.70128522
S1,2028,50-54,40271886.771004595
S1,2028,55-59,34145095.04872537
S1,2028,60-64,27467466.42307227
S1,2028,65-69,20901633.44271138
S1,2028,70-74,15886827.801999602
S1,2028,75+,22131197.50488897
S1,2028,0-8,97520155.05144139
S1,2028,9-14,68553085.07955031
S1,2028,0-17,
S1,2028,18-29,
S1,2028,30-65,
S1,2028,66+,
S1,2028,15-26,
S1,2028,27-45,
S1,2028,46-65,
S1,2029,00-04,
S1,2029,05-09,
S1,2029,10-14,
S1,2029,15-19,58676438.56540367
S1,2029,20-24,61383784.63497362
S1,2029,25-29,62299341.666070335
S1,2029,30-34,58595981.6597257
S1,2029,35-39,54406187.42380777
S1,2029,40-44,50215923.23635943
S1,2029,45-49,45405758.11486226
S1,2029,50-54,40605448.84971521
S1,2029,55-59,34426244.60139035
S1,2029,60-64,27693085.413377993
S1,2029,65-69,21073059.575252667
S1,2029,70-74,16016982.30895567
S1,2029,75+,22309111.439859007
S1,2029,0-8,98471755.33184782
S1,2029,9-14,69065302.70130353
S1,2029,0-17,
S1,2029,18-29,
S1,2029,30-65,
S1,2029,66+,
S1,2029,15-26,
S1,2029,27-45,
S1,2029,46-65,
S1,2030,00-04,
S1,2030,05-09,
S1,2030,10-14,
S1,2030,15-19,59185946.76305161
S1,2030,20-24,61912408.24470118
S1,2030,25-29,62828781.6218115
S1,2030,30-34,59084178.08598099
S1,2030,35-39,54855311.32909107
S1,2030,40-44,50631166.98947271
S1,2030,45-49,45781766.21753034
S1,2030,50-54,40939969.12342118
S1,2030,55-59,34708213.16977666
S1,2030,60-64,27919377.68695633
S1,2030,65-69,21245005.05984495
S1,2030,70-74,16147523.9183204
S1,2030,75+,22487541.004866235
S1,2030,0-8,99551965.36251952
S1,2030,9-14,69452308.22446701
S1,2030,0-17,
S1,2030,18-29,
S1,2030,30-65,
S1,2030,66+,
S1,2030,15-26,
S1,2030,27-45,
S1,2030,46-65,
S1,2031,00-04,
S1,2031,05-09,
S1,2031,10-14,
S1,2031,15-19,59671190.46823862
S1,2031,20-24,62415828.30495014
S1,2031,25-29,63332868.91931293
S1,2031,30-34,59548977.984053
S1,2031,35-39,55283171.24563371
S1,2031,40-44,51027014.365406804
S1,2031,45-49,46140285.14235136
S1,2031,50-54,41258896.68276109
S1,2031,55-59,34977091.9223636
S1,2031,60-64,28135215.35499753
S1,2031,65-69,21409035.924756795
S1,2031,70-74,16272035.52103156
S1,2031,75+,22657611.858396243
S1,2031,0-8,100381059.15823278
S1,2031,9-14,70020194.387311
S1,2031,0-17,
S1,2031,18-29,
S1,2031,30-65,
S1,2031,66+,
S1,2031,15-26,
S1,2031,27-45,
S1,2031,46-65,
S1,2032,00-04,
S1,2032,05-09,
S1,2032,10-14,
S1,2032,15-19,60107477.94634421
S1,2032,20-24,62868414.936014615
S1,2032,25-29,63785747.35756954
S1,2032,30-34,59966388.89678326
S1,2032,35-39,55667743.85748548
S1,2032,40-44,51383231.97903274
S1,2032,45-49,46463031.41157009
S1,2032,50-54,41545890.07773446
S1,2032,55-59,35219115.44896969
S1,2032,60-64,28329584.450570114
S1,2032,65-69,21556784.686172467
S1,2032,70-74,16384120.949150559
S1,2032,75+,22810446.129071884
S1,2032,0-8,101059549.20334132
S1,2032,9-14,70597367.04551403
S1,2032,0-17,
S1,2032,18-29,
S1,2032,30-65,
S1,2032,66+,
S1,2032,15-26,
S1,2032,27-45,
S1,2032,46-65,
S1,2033,00-04,
S1,2033,05-09,
S1,2033,10-14,
S1,2033,15-19,60544331.55408537
S1,2033,20-24,63321547.46612027
S1,2033,25-29,64239221.539791346
S1,2033,30-34,60384444.10917957
S1,2033,35-39,56053081.800346464
S1,2033,40-44,51740232.2955737
S1,2033,45-49,46786528.06396131
S1,2033,50-54,41833583.72186669
S1,2033,55-59,35461763.65426746
S1,2033,60-64,28524481.385591336
S1,2033,65-69,21704949.946795307
S1,2033,70-74,16496517.040189343
S1,2033,75+,22963691.76914623
S1,2033,0-8,101771426.54839848
S1,2033,9-14,71142705.52728221
S1,2033,0-17,
S1,2033,18-29,
S1,2033,30-65,
S1,2033,66+,
S1,2033,15-26,
S1,2033,27-45,
S1,2033,46-65,
S1,2034,00-04,
S1,2034,05-09,
S1,2034,10-14,
S1,2034,15-19,60982501.76763864
S1,2034,20-24,63776096.6658708
S1,2034,25-29,64694155.991146974
S1,2034,30-34,60803908.0085839
S1,2034,35-39,56439804.6596314
S1,2034,40-44,52098559.379285924
S1,2034,45-49,47111244.80985625
S1,2034,50-54,42122375.884409174
S1,2034,55-59,35705352.97905984
S1,2034,60-64,28720142.64606321
S1,2034,65-69,21853708.54608465
S1,2034,70-74,16609369.914972547
S1,2034,75+,23117571.763077132
S1,2034,0-8,102458379.3352721
S1,2034,9-14,71716378.21007314
S1,2034,0-17,
S1,2034,18-29,
S1,2034,30-65,
S1,2034,66+,
S1,2034,15-26,
S1,2034,27-45,
S1,2034,46-65,
S1,2035,00-04,
S1,2035,05-09,
S1,2035,10-14,
S1,2035,15-19,61421487.08661348
S1,2035,20-24,64231459.03727861
S1,2035,25-29,65149916.490233876
S1,2035,30-34,61224161.97167479
S1,2035,35-39,56827365.151384294
S1,2035,40-44,52457685.70393735
S1,2035,45-49,47436698.60835459
S1,2035,50-54,42411819.792844854
S1,2035,55-59,35949494.01021168
S1,2035,60-64,28916262.204717323
S1,2035,65-69,22002814.515908428
S1,2035,70-74,16722478.733133543
S1,2035,75+,23271789.500061054
S1,2035,0-8,103188341.50818843
S1,2035,9-14,72249495.69601144
S1,2035,0-17,
S1,2035,18-29,
S1,2035,30-65,
S1,2035,66+,
S1,2035,15-26,
S1,2035,27-45,
S1,2035,46-65,
S1,2036,00-04,
S1,2036,05-09,
S1,2036,10-14,
S1,2036,15-19,61861640.36805946
S1,2036,20-24,64688037.62111415
S1,2036,25-29,65606962.25929008
S1,2036,30-34,61645717.82369036
S1,2036,35-39,57216283.677510604
S1,2036,40-44,52818156.85891189
S1,2036,45-49,47763411.12843183
S1,2036,50-54,42702422.46644301
S1,2036,55-59,36194657.58327278
S1,2036,60-64,29113224.264185663
S1,2036,65-69,22152584.92703319
S1,2036,70-74,16836091.713485472
S1,2036,75+,23426690.931268428
S1,2036,0-8,103937293.40571243
S1,2036,9-14,72766756.82597229
S1,2036,0-17,
S1,2036,18-29,
S1,2036,30-65,
S1,2036,66+,
S1,2036,15-26,
S1,2036,27-45,
S1,2036,46-65,
S1,2037,00-04,
S1,2037,05-09,
S1,2037,10-14,
S1,2037,15-19,62259696.869312555
S1,2037,20-24,65104280.9307837
S1,2037,25-29,66029118.5050572
S1,2037,30-34,62042384.94418922
S1,2037,35-39,57584449.04719477
S1,2037,40-44,53158021.92871611
S1,2037,45-49,48070750.80142752
S1,2037,50-54,42977196.57170261
S1,2037,55-59,36427556.65733436
S1,2037,60-64,29300556.965385452
S1,2037,65-69,22295128.51943233
S1,2037,70-74,16944425.661993347
S1,2037,75+,23577432.91891306
S1,2037,0-8,104622668.02698389
S1,2037,9-14,73218406.62846299
S1,2037,0-17,
S1,2037,18-29,
S1,2037,30-65,
S1,2037,66+,
S1,2037,15-26,
S1,2037,27-45,
S1,2037,46-65,
S1,2038,00-04,
S1,2038,05-09,
S1,2038,10-14,
S1,2038,15-19,62640722.80102418
S1,2038,20-24,65502715.56100908
S1,2038,25-29,66433213.09053674
S1,2038,30-34,62422080.93883234
S1,2038,35-39,57936862.718536004
S1,2038,40-44,53483346.10875272
S1,2038,45-49,48364941.161053576
S1,2038,50-54,43240214.658675626
S1,2038,55-59,36650491.307088204
S1,2038,60-64,29479874.767732624
S1,2038,65-69,22431573.48373371
S1,2038,70-74,17048124.6181372
S1,2038,75+,23721725.51584225
S1,2038,0-8,105275591.39743838
S1,2038,9-14,73653860.88550371
S1,2038,0-17,
S1,2038,18-29,
S1,2038,30-65,
S1,2038,66+,
S1,2038,15-26,
S1,2038,27-45,
S1,2038,46-65,
S1,2039,00-04,
S1,2039,05-09,
S1,2039,10-14,
S1,2039,15-19,63004866.71034551
S1,2039,20-24,65883496.84591402
S1,2039,25-29,66819403.5564483
S1,2039,30-34,62784953.8362802
S1,2039,35-39,58273662.08388108
S1,2039,40-44,53794256.23023215
S1,2039,45-49,48646096.90065806
S1,2039,50-54,43491579.26785675
S1,2039,55-59,36863548.44605995
S1,2039,60-64,29651247.580245066
S1,2039,65-69,22561973.014507648
S1,2039,70-74,17147229.010095827
S1,2039,75+,23859624.97611228
S1,2039,0-8,105888277.67856973
S1,2039,9-14,74081329.75159168
S1,2039,0-17,
S1,2039,18-29,
S1,2039,30-65,
S1,2039,66+,
S1,2039,15-26,
S1,2039,27-45,
S1,2039,46-65,
S1,2040,00-04,
S1,2040,05-09,
S1,2040,10-14,
S1,2040,15-19,63353261.32952534
S1,2040,20-24,66247809.271165095
S1,2040,25-29,67188891.21464613
S1,2040,30-34,63132132.41508071
S1,2040,35-39,58595894.81557247
S1,2040,40-44,54091719.43255199
S1,2040,45-49,48915092.6035171
S1,2040,50-54,43732072.31208799
S1,2040,55-59,37067390.82511817
S1,2040,60-64,29815208.48752574
S1,2040,65-69,22686732.74191843
S1,2040,70-74,17242047.11912265
S1,2040,75+,23991560.25970777
S1,2040,0-8,106462298.4310695
S1,2040,9-14,74502477.2474882
S1,2040,0-17,
S1,2040,18-29,
S1,2040,30-65,
S1,2040,66+,
S1,2040,15-26,
S1,2040,27-45,
S1,2040,46-65,
S1,2041,00-04,
S1,2041,05-09,
S1,2041,10-14,
S1,2041,15-19,63686723.587598875
S1,2041,20-24,66596507.090478346
S1,2041,25-29,67542542.4539305
S1,2041,30-34,63464430.75285107
S1,2041,35-39,58904316.49725053
S1,2041,40-44,54376433.21881218
S1,2041,45-49,49172559.021048546
S1,2041,50-54,43962257.70866249
S1,2041,55-59,37262496.42167373
S1,2041,60-64,29972141.951384395
S1,2041,65-69,22806145.207349084
S1,2041,70-74,17332801.278348126
S1,2041,75+,24117840.733530555
S1,2041,0-8,107025094.36449412
S1,2041,9-14,74892196.172228
S1,2041,0-17,
S1,2041,18-29,
S1,2041,30-65,
S1,2041,66+,
S1,2041,15-26,
S1,2041,27-45,
S1,2041,46-65,
S1,2042,00-04,
S1,2042,05-09,
S1,2042,10-14,
S1,2042,15-19,64004105.8976022
S1,2042,20-24,66928390.28477482
S1,2042,25-29,67879140.20837523
S1,2042,30-34,63780705.26817736
S1,2042,35-39,59197865.71733798
S1,2042,40-44,54647417.766494095
S1,2042,45-49,49417610.10064146
S1,2042,50-54,44181343.29068879
S1,2042,55-59,37448193.79350564
S1,2042,60-64,30121507.896316294
S1,2042,65-69,22919799.461178377
S1,2042,70-74,17419179.16370103
S1,2042,75+,24238031.812190313
S1,2042,0-8,107572171.69137934
S1,2042,9-14,75251702.30022372
S1,2042,0-17,
S1,2042,18-29,
S1,2042,30-65,
S1,2042,66+,
S1,2042,15-26,
S1,2042,27-45,
S1,2042,46-65,
S1,2043,00-04,
S1,2043,05-09,
S1,2043,10-14,
S1,2043,15-19,64304700.05095552
S1,2043,20-24,67242718.28812417
S1,2043,25-29,68197933.3919552
S1,2043,30-34,64080250.224418715
S1,2043,35-39,59475887.44853903
S1,2043,40-44,54904068.39923233
S1,2043,45-49,49649699.03400946
S1,2043,50-54,44388840.18943032
S1,2043,55-59,37624068.57450765
S1,2043,60-64,30262973.02635504
S1,2043,65-69,23027441.89469792
S1,2043,70-74,17500988.03110712
S1,2043,75+,24351865.300672952
S1,2043,0-8,108075791.40159534
S1,2043,9-14,75606711.6864473
S1,2043,0-17,
S1,2043,18-29,
S1,2043,30-65,
S1,2043,66+,
S1,2043,15-26,
S1,2043,27-45,
S1,2043,46-65,
S1,2044,00-04,
S1,2044,05-09,
S1,2044,10-14,
S1,2044,15-19,64588171.29464644
S1,2044,20-24,67539141.05297947
S1,2044,25-29,68498566.98453012
S1,2044,30-34,64362732.03698839
S1,2044,35-39,59738072.07534389
S1,2044,40-44,55146099.301180236
S1,2044,45-49,49868567.35814281
S1,2044,50-54,44584517.32849677
S1,2044,55-59,37789924.90387513
S1,2044,60-64,30396379.80058412
S1,2044,65-69,23128952.63322462
S1,2044,70-74,17578136.77511909
S1,2044,75+,24459214.429702513
S1,2044,0-8,108544269.60434751
S1,2044,9-14,75947952.01987322
S1,2044,0-17,
S1,2044,18-29,
S1,2044,30-65,
S1,2044,66+,
S1,2044,15-26,
S1,2044,27-45,
S1,2044,46-65,
S1,2045,00-04,
S1,2045,05-09,
S1,2045,10-14,
S1,2045,15-19,64856858.965269506
S1,2045,20-24,67820104.79791382
S1,2045,25-29,68783521.95438257
S1,2045,30-34,64630481.877234854
S1,2045,35-39,59986583.26728046
S1,2045,40-44,55375507.82395116
S1,2045,45-49,50076021.27628582
S1,2045,50-54,44769989.52668297
S1,2045,55-59,37947131.50520654
S1,2045,60-64,30522829.153775036
S1,2045,65-69,23225169.390603017
S1,2045,70-74,17651262.06306778
S1,2045,75+,24560965.09423836
S1,2045,0-8,108986658.46926612
S1,2045,9-14,76273053.30497207
S1,2045,0-17,
S1,2045,18-29,
S1,2045,30-65,
S1,2045,66+,
S1,2045,15-26,
S1,2045,27-45,
S1,2045,46-65,
S1,2046,00-04,
S1,2046,05-09,
S1,2046,10-14,
S1,2046,15-19,65109603.03001829
S1,2046,20-24,68084396.48936763
S1,2046,25-29,69051568.03622869
S1,2046,30-34,64882343.761342935
S1,2046,35-39,60220348.10152079
S1,2046,40-44,55591303.51862779
S1,2046,45-49,50271165.12638491
S1,2046,50-54,44944456.02586689
S1,2046,55-59,38095009.65433675
S1,2046,60-64,30641775.153181035
S1,2046,65-69,23315676.76036948
S1,2046,70-74,17720048.18365612
S1,2046,75+,24656677.99571259
S1,2046,0-8,109411569.8248419
S1,2046,9-14,76570090.14940219
S1,2046,0-17,
S1,2046,18-29,
S1,2046,30-65,
S1,2046,66+,
S1,2046,15-26,
S1,2046,27-45,
S1,2046,46-65,
S1,2047,00-04,
S1,2047,05-09,
S1,2047,10-14,
S1,2047,15-19,65346549.06510089
S1,2047,20-24,68332168.35478218
S1,2047,25-29,69302859.61997367
S1,2047,30-34,65118462.757399924
S1,2047,35-39,60439501.22256458
S1,2047,40-44,55793610.67979631
S1,2047,45-49,50454111.307921104
S1,2047,50-54,45108017.31573318
S1,2047,55-59,38233644.52652092
S1,2047,60-64,30753286.30963966
S1,2047,65-69,23400526.87320291
S1,2047,70-74,17784534.75649936
S1,2047,75+,24746408.263100337
S1,2047,0-8,109816753.60681117
S1,2047,9-14,76841728.4470985
S1,2047,0-17,
S1,2047,18-29,
S1,2047,30-65,
S1,2047,66+,
S1,2047,15-26,
S1,2047,27-45,
S1,2047,46-65,
S1,2048,00-04,
S1,2048,05-09,
S1,2048,10-14,
S1,2048,15-19,65567305.06662995
S1,2048,20-24,68563010.47999959
S1,2048,25-29,69536980.96843223
S1,2048,30-34,65338448.22977309
S1,2048,35-39,60643680.06314897
S1,2048,40-44,55982094.610176034
S1,2048,45-49,50624557.1544484
S1,2048,50-54,45260402.80023067
S1,2048,55-59,38362806.764011815
S1,2048,60-64,30857178.13892096
S1,2048,65-69,23479579.352945257
S1,2048,70-74,17844615.094911546
S1,2048,75+,24830007.446508247
S1,2048,0-8,110200532.84580082
S1,2048,9-14,77088525.4319374
S1,2048,0-17,
S1,2048,18-29,
S1,2048,30-65,
S1,2048,66+,
S1,2048,15-26,
S1,2048,27-45,
S1,2048,46-65,
S1,2049,00-04,
S1,2049,05-09,
S1,2049,10-14,
S1,2049,15-19,65772594.49937914
S1,2049,20-24,68777679.38418457
S1,2049,25-29,69754699.34748708
S1,2049,30-34,65543021.118046775
S1,2049,35-39,60833553.76113513
S1,2049,40-44,56157373.01204044
S1,2049,45-49,50783061.25356998
S1,2049,50-54,45402111.87928184
S1,2049,55-59,38482919.65916967
S1,2049,60-64,30953791.116836436
S1,2049,65-69,23553093.27153102
S1,2049,70-74,17900486.09505009
S1,2049,75+,24907749.518394094
S1,2049,0-8,110549450.8979614
S1,2049,9-14,77326004.28132553
S1,2049,0-17,
S1,2049,18-29,
S1,2049,30-65,
S1,2049,66+,
S1,2049,15-26,
S1,2049,27-45,
S1,2049,46-65,
S1,2050,00-04,
S1,2050,05-09,
S1,2050,10-14,
S1,2050,15-19,65963731.6443047
S1,2050,20-24,68977549.39649226
S1,2050,25-29,69957408.60929891
S1,2050,30-34,65733491.11579664
S1,2050,35-39,61010337.90459304
S1,2050,40-44,56320568.03309348
S1,2050,45-49,50930638.36243222
S1,2050,50-54,45534051.78684136
S1,2050,55-59,38594752.18528543
S1,2050,60-64,31043743.76814547
S1,2050,65-69,23621539.271515526
S1,2050,70-74,17952505.447958834
S1,2050,75+,24980132.190321546
S1,2050,0-8,110853492.51247029
S1,2050,9-14,77567934.41048715
S1,2050,0-17,
S1,2050,18-29,
S1,2050,30-65,
S1,2050,66+,
S1,2050,15-26,
S1,2050,27-45,
S1,2050,46-65,
S1,2051,00-04,
S1,2051,05-09,
S1,2051,10-14,
S1,2051,15-19,66141616.29566339
S1,2051,20-24,69163561.42189035
S1,2051,25-29,70146063.02484243
S1,2051,30-34,65910754.87662777
S1,2051,35-39,61174864.71981263
S1,2051,40-44,56472447.92768336
S1,2051,45-49,51067983.21274227
S1,2051,50-54,45656843.64117015
S1,2051,55-59,38698830.8034233
S1,2051,60-64,31127459.55255326
S1,2051,65-69,23685239.56822597
S1,2051,70-74,18000918.03913615
S1,2051,75+,25047496.20983354
S1,2051,0-8,111156559.55636264
S1,2051,9-14,77772984.16049354
S1,2051,0-17,
S1,2051,18-29,
S1,2051,30-65,
S1,2051,66+,
S1,2051,15-26,
S1,2051,27-45,
S1,2051,46-65,
S1,2052,00-04,
S1,2052,05-09,
S1,2052,10-14,
S1,2052,15-19,66305598.70018687
S1,2052,20-24,69335036.02052535
S1,2052,25-29,70319973.50249463
S1,2052,30-34,66074164.91517767
S1,2052,35-39,61326533.24524313
S1,2052,40-44,56612457.92923991
S1,2052,45-49,51194594.1295961
S1,2052,50-54,45770038.924602054
S1,2052,55-59,38794775.3491239
S1,2052,60-64,31204632.684236586
S1,2052,65-69,23743961.485736273
S1,2052,70-74,18045547.03354253
S1,2052,75+,25109595.518647224
S1,2052,0-8,111439660.75384465
S1,2052,9-14,77958288.82605729
S1,2052,0-17,
S1,2052,18-29,
S1,2052,30-65,
S1,2052,66+,
S1,2052,15-26,
S1,2052,27-45,
S1,2052,46-65,
S1,2053,00-04,
S1,2053,05-09,
S1,2053,10-14,
S1,2053,15-19,66455714.58948711
S1,2053,20-24,69492010.55655125
S1,2053,25-29,70479177.93718536
S1,2053,30-34,66223756.83834028
S1,2053,35-39,61465376.52931384
S1,2053,40-44,56740628.54581098
S1,2053,45-49,51310498.7013937
S1,2053,50-54,45873662.302283004
S1,2053,55-59,38882606.72861371
S1,2053,60-64,31275279.97914847
S1,2053,65-69,23797717.819497127
S1,2053,70-74,18086402.15579393
S1,2053,75+,25166443.64814372
S1,2053,0-8,111689736.49800712
S1,2053,9-14,78137010.07928531
S1,2053,0-17,
S1,2053,18-29,
S1,2053,30-65,
S1,2053,66+,
S1,2053,15-26,
S1,2053,27-45,
S1,2053,46-65,
S1,2054,00-04,
S1,2054,05-09,
S1,2054,10-14,
S1,2054,15-19,66592836.69815065
S1,2054,20-24,69635397.63893606
S1,2054,25-29,70624601.90193121
S1,2054,30-34,66360400.33449995
S1,2054,35-39,61592201.77062771
S1,2054,40-44,56857704.92789729
S1,2054,45-49,51416370.76705388
S1,2054,50-54,45968316.21347583
S1,2054,55-59,38962835.57060117
S1,2054,60-64,31339812.162216168
S1,2054,65-69,23846821.094797794
S1,2054,70-74,18123720.926904276
S1,2054,75+,25218371.098505404
S1,2054,0-8,111912692.00595027
S1,2054,9-14,78305735.6168657
S1,2054,0-17,
S1,2054,18-29,
S1,2054,30-65,
S1,2054,66+,
S1,2054,15-26,
S1,2054,27-45,
S1,2054,46-65,
S1,2055,00-04,
S1,2055,05-09,
S1,2055,10-14,
S1,2055,15-19,66714145.36036259
S1,2055,20-24,69762248.77411847
S1,2055,25-29,70753255.01840392
S1,2055,30-34,66481285.57963397
S1,2055,35-39,61704401.03964746
S1,2055,40-44,56961279.61345258
S1,2055,45-49,51510033.26084157
S1,2055,50-54,46052054.27331054
S1,2055,55-59,39033812.11542802
S1,2055,60-64,31396902.2469141
S1,2055,65-69,23890261.592431646
S1,2055,70-74,18156735.954480164
S1,2055,75+,25264310.076521784
S1,2055,0-8,112126808.01865089
S1,2055,9-14,78438130.4922292
S1,2055,0-17,
S1,2055,18-29,
S1,2055,30-65,
S1,2055,66+,
S1,2055,15-26,
S1,2055,27-45,
S1,2055,46-65,
S1,2056,00-04,
S1,2056,05-09,
S1,2056,10-14,
S1,2056,15-19,66823315.87352817
S1,2056,20-24,69876407.18021238
S1,2056,25-29,70869035.09947623
S1,2056,30-34,66590075.04284949
S1,2056,35-39,61805373.645826936
S1,2056,40-44,57054490.61229515
S1,2056,45-49,51594323.88217662
S1,2056,50-54,46127413.49990618
S1,2056,55-59,39097686.74466043
S1,2056,60-64,31448279.895710915
S1,2056,65-69,23929355.43233048
S1,2056,70-74,18186447.49722503
S1,2056,75+,25305652.398767374
S1,2056,0-8,112309547.11320214
S1,2056,9-14,78567230.39398412
S1,2056,0-17,
S1,2056,18-29,
S1,2056,30-65,
S1,2056,66+,
S1,2056,15-26,
S1,2056,27-45,
S1,2056,46-65,
S1,2057,00-04,
S1,2057,05-09,
S1,2057,10-14,
S1,2057,15-19,66919132.720472656
S1,2057,20-24,69976601.80426379
S1,2057,25-29,70970653.03627664
S1,2057,30-34,66685557.44962615
S1,2057,35-39,61893995.348440096
S1,2057,40-44,57136300.102336645
S1,2057,45-49,51668304.12949
S1,2057,50-54,46193554.8348802
S1,2057,55-59,39153748.27075693
S1,2057,60-64,31493373.063896965
S1,2057,65-69,23963667.339139767
S1,2057,70-74,18212524.74337073
S1,2057,75+,25341937.75502405
S1,2057,0-8,112484311.55340421
S1,2057,9-14,78666161.0067225
S1,2057,0-17,
S1,2057,18-29,
S1,2057,30-65,
S1,2057,66+,
S1,2057,15-26,
S1,2057,27-45,
S1,2057,46-65,
S1,2058,00-04,
S1,2058,05-09,
S1,2058,10-14,
S1,2058,15-19,67002960.04581759
S1,2058,20-24,70064259.11731479
S1,2058,25-29,71059555.56355333
S1,2058,30-34,66769092.183160275
S1,2058,35-39,61971527.85482575
S1,2058,40-44,57207872.80543325
S1,2058,45-49,51733027.25969514
S1,2058,50-54,46251419.93253705
S1,2058,55-59,39202794.84176487
S1,2058,60-64,31532823.74298848
S1,2058,65-69,23993685.81153818
S1,2058,70-74,18235338.954717316
S1,2058,75+,25373682.7399738
S1,2058,0-8,112626824.86476415
S1,2058,9-14,78763095.40189621
S1,2058,0-17,
S1,2058,18-29,
S1,2058,30-65,
S1,2058,66+,
S1,2058,15-26,
S1,2058,27-45,
S1,2058,46-65,
S1,2059,00-04,
S1,2059,05-09,
S1,2059,10-14,
S1,2059,15-19,67073123.44213506
S1,2059,20-24,70137628.20991568
S1,2059,25-29,71133966.89934717
S1,2059,30-34,66839010.68039389
S1,2059,35-39,62036422.493305966
S1,2059,40-44,57267779.093892455
S1,2059,45-49,51787200.46177222
S1,2059,50-54,46299852.967506774
S1,2059,55-59,39243846.77781896
S1,2059,60-64,31565843.92609345
S1,2059,65-69,24018811.246079605
S1,2059,70-74,18254434.42920365
S1,2059,75+,25400253.263976038
S1,2059,0-8,112735736.98467581
S1,2059,9-14,78854600.79813096
S1,2059,0-17,
S1,2059,18-29,
S1,2059,30-65,
S1,2059,66+,
S1,2059,15-26,
S1,2059,27-45,
S1,2059,46-65,
S1,2060,00-04,
S1,2060,05-09,
S1,2060,10-14,
S1,2060,15-19,67129976.0501659
S1,2060,20-24,70197078.35745908
S1,2060,25-29,71194261.56478488
S1,2060,30-34,66895664.84946144
S1,2060,35-39,62089005.886335045
S1,2060,40-44,57316320.48320813
S1,2060,45-49,51831096.39590758
S1,2060,50-54,46339097.70903006
S1,2060,55-59,39277110.69820887
S1,2060,60-64,31592599.80773122
S1,2060,65-69,24039170.102072306
S1,2060,70-74,18269907.276629984
S1,2060,75+,25421783.059646685
S1,2060,0-8,112821938.9707785
S1,2060,9-14,78930794.8630465
S1,2060,0-17,
S1,2060,18-29,
S1,2060,30-65,
S1,2060,66+,
S1,2060,15-26,
S1,2060,27-45,
S1,2060,46-65,
S1,2061,00-04,
S1,2061,05-09,
S1,2061,10-14,
S1,2061,15-19,67173167.29863352
S1,2061,20-24,70242242.97141293
S1,2061,25-29,71240067.7637684
S1,2061,30-34,66938705.342724234
S1,2061,35-39,62128953.787975
S1,2061,40-44,57353197.65172356
S1,2061,45-49,51864444.38579976
S1,2061,50-54,46368912.16153963
S1,2061,55-59,39302381.48701397
S1,2061,60-64,31612926.402619507
S1,2061,65-69,24054636.840330314
S1,2061,70-74,18281662.08649429
S1,2061,75+,25438139.367412932
S1,2061,0-8,112886847.51967236
S1,2061,9-14,78989259.51430345
S1,2061,0-17,
S1,2061,18-29,
S1,2061,30-65,
S1,2061,66+,
S1,2061,15-26,
S1,2061,27-45,
S1,2061,46-65,
S1,2062,00-04,
S1,2062,05-09,
S1,2062,10-14,
S1,2062,15-19,67200767.35930584
S1,2062,20-24,70271104.0515992
S1,2062,25-29,71269338.82945806
S1,2062,30-34,66966209.067843735
S1,2062,35-39,62154481.28597777
S1,2062,40-44,57376762.89062173
S1,2062,45-49,51885754.40986669
S1,2062,50-54,46387964.18544195
S1,2062,55-59,39318530.02008503
S1,2062,60-64,31625915.49814427
S1,2062,65-69,24064520.391500257
S1,2062,70-74,18289173.64212088
S1,2062,75+,25448591.3710651
S1,2062,0-8,112943649.98619695
S1,2062,9-14,79011294.9589371
S1,2062,0-17,
S1,2062,18-29,
S1,2062,30-65,
S1,2062,66+,
S1,2062,15-26,
S1,2062,27-45,
S1,2062,46-65,
S1,2063,00-04,
S1,2063,05-09,
S1,2063,10-14,
S1,2063,15-19,67215147.20530578
S1,2063,20-24,70286140.89856116
S1,2063,25-29,71284589.28205192
S1,2063,30-34,66980538.72227231
S1,2063,35-39,62167781.31072778
S1,2063,40-44,57389040.56313595
S1,2063,45-49,51896857.09793593
S1,2063,50-54,46397890.437885925
S1,2063,55-59,39326943.531252384
S1,2063,60-64,31632682.917808384
S1,2063,65-69,24069669.798432514
S1,2063,70-74,18293087.22095003
S1,2063,75+,25454036.946156144
S1,2063,0-8,112968366.89405754
S1,2063,9-14,79027653.21518116
S1,2063,0-17,
S1,2063,18-29,
S1,2063,30-65,
S1,2063,66+,
S1,2063,15-26,
S1,2063,27-45,
S1,2063,46-65,
S1,2064,00-04,
S1,2064,05-09,
S1,2064,10-14,
S1,2064,15-19,67216141.58796474
S1,2064,20-24,70287180.71358176
S1,2064,25-29,71285643.86814421
S1,2064,30-34,66981529.63412721
S1,2064,35-39,62168701.02252272
S1,2064,40-44,57389889.578114346
S1,2064,45-49,51897624.8614074
S1,2064,50-54,46398576.84949972
S1,2064,55-59,39327525.33509132
S1,2064,60-64,31633150.892553035
S1,2064,65-69,24070025.885761775
S1,2064,70-74,18293357.84936443
S1,2064,75+,25454413.513849482
S1,2064,0-8,112989900.3831108
S1,2064,9-14,79008960.12030871
S1,2064,0-17,
S1,2064,18-29,
S1,2064,30-65,
S1,2064,66+,
S1,2064,15-26,
S1,2064,27-45,
S1,2064,46-65,
S1,2065,00-04,
S1,2065,05-09,
S1,2065,10-14,
S1,2065,15-19,67203080.59977919
S1,2065,20-24,70273522.98174518
S1,2065,25-29,71271792.12166837
S1,2065,30-34,66968514.23415729
S1,2065,35-39,62156620.819012314
S1,2065,40-44,57378737.9610765
S1,2065,45-49,51887540.46427958
S1,2065,50-54,46389560.99036616
S1,2065,55-59,39319883.47509112
S1,2065,60-64,31627004.15160184
S1,2065,65-69,24065348.760352716
S1,2065,70-74,18289803.20720407
S1,2065,75+,25449467.383555174
S1,2065,0-8,112962347.64569788
S1,2065,9-14,78999204.93153855
S1,2065,0-17,
S1,2065,18-29,
S1,2065,30-65,
S1,2065,66+,
S1,2065,15-26,
S1,2065,27-45,
S1,2065,46-65,
S1,2066,00-04,
S1,2066,05-09,
S1,2066,10-14,
S1,2066,15-19,67174651.24452499
S1,2066,20-24,70243794.71732666
S1,2066,25-29,71241641.55297798
S1,2066,30-34,66940184.1090348
S1,2066,35-39,62130326.300384685
S1,2066,40-44,57354464.66123703
S1,2066,45-49,51865590.14134854
S1,2066,50-54,46369936.51336734
S1,2066,55-59,39303249.72964536
S1,2066,60-64,31613624.774813954
S1,2066,65-69,24055168.239711143
S1,2066,70-74,18282065.95307426
S1,2066,75+,25438701.33023113
S1,2066,0-8,112895064.37690799
S1,2066,9-14,78985281.45913947
S1,2066,0-17,
S1,2066,18-29,
S1,2066,30-65,
S1,2066,66+,
S1,2066,15-26,
S1,2066,27-45,
S1,2066,46-65,
S1,2067,00-04,
S1,2067,05-09,
S1,2067,10-14,
S1,2067,15-19,67134091.20772986
S1,2067,20-24,70201381.53250794
S1,2067,25-29,71198625.86850174
S1,2067,30-34,66899765.643434495
S1,2067,35-39,62092812.025667205
S1,2067,40-44,57319834.050524116
S1,2067,45-49,51834273.71163046
S1,2067,50-54,46341938.3578678
S1,2067,55-59,39279518.43777158
S1,2067,60-64,31594536.47647016
S1,2067,65-69,24040643.73543996
S1,2067,70-74,18271027.24644892
S1,2067,75+,25423341.449042924
S1,2067,0-8,112817153.30679326
S1,2067,9-14,78947335.2267869
S1,2067,0-17,
S1,2067,18-29,
S1,2067,30-65,
S1,2067,66+,
S1,2067,15-26,
S1,2067,27-45,
S1,2067,46-65,
S1,2068,00-04,
S1,2068,05-09,
S1,2068,10-14,
S1,2068,15-19,67077976.59800479
S1,2068,20-24,70142703.10168408
S1,2068,25-29,71139113.88239011
S1,2068,30-34,66843846.896755375
S1,2068,35-39,62040911.212669365
S1,2068,40-44,57271922.77237339
S1,2068,45-49,51790947.58644749
S1,2068,50-54,46303203.04860729
S1,2068,55-59,39246686.31317331
S1,2068,60-64,31568127.910391055
S1,2068,65-69,24020549.155823477
S1,2068,70-74,18255755.25058562
S1,2068,75+,25402091.129605282
S1,2068,0-8,112727871.74844292
S1,2068,9-14,78876328.78183517
S1,2068,0-17,
S1,2068,18-29,
S1,2068,30-65,
S1,2068,66+,
S1,2068,15-26,
S1,2068,27-45,
S1,2068,46-65,
S1,2069,00-04,
S1,2069,05-09,
S1,2069,10-14,
S1,2069,15-19,67006535.37500491
S1,2069,20-24,70067997.7997616
S1,2069,25-29,71063347.35577968
S1,2069,30-34,66772655.03297961
S1,2069,35-39,61974834.70294365
S1,2069,40-44,57210925.461274795
S1,2069,45-49,51735787.7735916
S1,2069,50-54,46253887.94367459
S1,2069,55-59,39204886.732877254
S1,2069,60-64,31534506.35857754
S1,2069,65-69,23994966.13296182
S1,2069,70-74,18236312.00634908
S1,2069,75+,25375036.699088864
S1,2069,0-8,112610222.91502571
S1,2069,9-14,78789910.06414191
S1,2069,0-17,
S1,2069,18-29,
S1,2069,30-65,
S1,2069,66+,
S1,2069,15-26,
S1,2069,27-45,
S1,2069,46-65,
S1,2070,00-04,
S1,2070,05-09,
S1,2070,10-14,
S1,2070,15-19,66920480.24387242
S1,2070,20-24,69978010.89467683
S1,2070,25-29,70972082.14349568
S1,2070,30-34,66686900.26961555
S1,2070,35-39,61895241.6826893
S1,2070,40-44,57137450.632808775
S1,2070,45-49,51669344.55314778
S1,2070,50-54,46194485.01573471
S1,2070,55-59,39154536.693885505
S1,2070,60-64,31494007.233160913
S1,2070,65-69,23964149.885777332
S1,2070,70-74,18212891.48158539
S1,2070,75+,25342448.05533327
S1,2070,0-8,112466128.0830021
S1,2070,9-14,78688193.59656443
S1,2070,0-17,
S1,2070,18-29,
S1,2070,30-65,
S1,2070,66+,
S1,2070,15-26,
S1,2070,27-45,
S1,2070,46-65,
S1,2071,00-04,
S1,2071,05-09,
S1,2071,10-14,
S1,2071,15-19,66819946.5832542
S1,2071,20-24,69872883.9503933
S1,2071,25-29,70865461.82048573
S1,2071,30-34,66586717.512783065
S1,2071,35-39,61802257.3646071
S1,2071,40-44,57051613.874770336
S1,2071,45-49,51591722.45105373
S1,2071,50-54,46125087.71520609
S1,2071,55-59,39095715.40495719
S1,2071,60-64,31446694.245819096
S1,2071,65-69,23928148.893213607
S1,2071,70-74,18185530.520569958
S1,2071,75+,25304376.465548716
S1,2071,0-8,112314373.81743264
S1,2071,9-14,78552779.51499398
S1,2071,0-17,
S1,2071,18-29,
S1,2071,30-65,
S1,2071,66+,
S1,2071,15-26,
S1,2071,27-45,
S1,2071,46-65,
S1,2072,00-04,
S1,2072,05-09,
S1,2072,10-14,
S1,2072,15-19,66706428.45630714
S1,2072,20-24,69754179.29233804
S1,2072,25-29,70745070.90575975
S1,2072,30-34,66473595.61074467
S1,2072,35-39,61697263.61863953
S1,2072,40-44,56954690.83490679
S1,2072,45-49,51504075.0344052
S1,2072,50-54,46046727.377755426
S1,2072,55-59,39029297.02823948
S1,2072,60-64,31393270.53011747
S1,2072,65-69,23887498.177632995
S1,2072,70-74,18154635.743369535
S1,2072,75+,25261387.72391074
S1,2072,0-8,112112771.31019318
S1,2072,9-14,78430124.32898594
S1,2072,0-17,
S1,2072,18-29,
S1,2072,30-65,
S1,2072,66+,
S1,2072,15-26,
S1,2072,27-45,
S1,2072,46-65,
S1,2073,00-04,
S1,2073,05-09,
S1,2073,10-14,
S1,2073,15-19,66578252.33885674
S1,2073,20-24,69620146.93466972
S1,2073,25-29,70609134.55408722
S1,2073,30-34,66345866.88061279
S1,2073,35-39,61578712.590036124
S1,2073,40-44,56845252.63965713
S1,2073,45-49,51405110.17414277
S1,2073,50-54,45958248.78771301
S1,2073,55-59,38954302.40065008
S1,2073,60-64,31332948.494839307
S1,2073,65-69,23841598.4518814
S1,2073,70-74,18119751.68830675
S1,2073,75+,25212848.075262308
S1,2073,0-8,111901227.33335926
S1,2073,9-14,78275540.94544421
S1,2073,0-17,
S1,2073,18-29,
S1,2073,30-65,
S1,2073,66+,
S1,2073,15-26,
S1,2073,27-45,
S1,2073,46-65,
S1,2074,00-04,
S1,2074,05-09,
S1,2074,10-14,
S1,2074,15-19,66438341.79942784
S1,2074,20-24,69473844.0208718
S1,2074,25-29,70460753.33714285
S1,2074,30-34,66206444.68645696
S1,2074,35-39,61449308.30871078
S1,2074,40-44,56725795.464357495
S1,2074,45-49,51297085.15934872
S1,2074,50-54,45861670.05286776
S1,2074,55-59,38872442.07433492
S1,2074,60-64,31267104.025034096
S1,2074,65-69,23791496.64261083
S1,2074,70-74,18081674.0256471
S1,2074,75+,25159864.660245713
S1,2074,0-8,111654720.05070004
S1,2074,9-14,78122402.19802584
S1,2074,0-17,
S1,2074,18-29,
S1,2074,30-65,
S1,2074,66+,
S1,2074,15-26,
S1,2074,27-45,
S1,2074,46-65,
S1,2075,00-04,
S1,2075,05-09,
S1,2075,10-14,
S1,2075,15-19,66285336.146116525
S1,2075,20-24,69313847.6903711
S1,2075,25-29,70298484.1819357
S1,2075,30-34,66053973.08574707
S1,2075,35-39,61307792.26076834
S1,2075,40-44,56595157.53512033
S1,2075,45-49,51178949.39895501
S1,2075,50-54,45756051.90228882
S1,2075,55-59,38782919.92139882
S1,2075,60-64,31195096.754097894
S1,2075,65-69,23736705.487556927
S1,2075,70-74,18040032.4332725
S1,2075,75+,25101922.191705693
S1,2075,0-8,111396432.07270193
S1,2075,9-14,77943638.74176525
S1,2075,0-17,
S1,2075,18-29,
S1,2075,30-65,
S1,2075,66+,
S1,2075,15-26,
S1,2075,27-45,
S1,2075,46-65,
S1,2076,00-04,
S1,2076,05-09,
S1,2076,10-14,
S1,2076,15-19,66119086.34999717
S1,2076,20-24,69140002.10525748
S1,2076,25-29,70122169.03680336
S1,2076,30-34,65888303.56972965
S1,2076,35-39,61154026.6082655
S1,2076,40-44,56453211.60939073
S1,2076,45-49,51050587.82763516
S1,2076,50-54,45641291.46291782
S1,2076,55-59,38685648.746434376
S1,2076,60-64,31116856.54628087
S1,2076,65-69,23677171.61962641
S1,2076,70-74,17994786.3518857
S1,2076,75+,25038964.23314038
S1,2076,0-8,111109402.55709827
S1,2076,9-14,77755785.72677809
S1,2076,0-17,
S1,2076,18-29,
S1,2076,30-65,
S1,2076,66+,
S1,2076,15-26,
S1,2076,27-45,
S1,2076,46-65,
S1,2077,00-04,
S1,2077,05-09,
S1,2077,10-14,
S1,2077,15-19,65941988.195581615
S1,2077,20-24,68954812.51107115
S1,2077,25-29,69934348.73550197
S1,2077,30-34,65711823.5606442
S1,2077,35-39,60990227.22982165
S1,2077,40-44,56302003.23464204
S1,2077,45-49,50913850.232105725
S1,2077,50-54,45519042.5189376
S1,2077,55-59,38582030.30017975
S1,2077,60-64,31033510.901781365
S1,2077,65-69,23613752.966600582
S1,2077,70-74,17946587.811525494
S1,2077,75+,24971898.056050546
S1,2077,0-8,110819383.21978524
S1,2077,9-14,77539934.85134554
S1,2077,0-17,
S1,2077,18-29,
S1,2077,30-65,
S1,2077,66+,
S1,2077,15-26,
S1,2077,27-45,
S1,2077,46-65,
S1,2078,00-04,
S1,2078,05-09,
S1,2078,10-14,
S1,2078,15-19,65753675.45392068
S1,2078,20-24,68757895.94622383
S1,2078,25-29,69734634.8762899
S1,2078,30-34,65524168.10783099
S1,2078,35-39,60816055.39760293
S1,2078,40-44,56141219.72052247
S1,2078,45-49,50768453.846766464
S1,2078,50-54,45389052.26645843
S1,2078,55-59,38471850.30555899
S1,2078,60-64,30944887.46652878
S1,2078,65-69,23546318.38229816
S1,2078,70-74,17895337.14034125
S1,2078,75+,24900584.971381873
S1,2078,0-8,110507214.2151815
S1,2078,9-14,77314199.85011078
S1,2078,0-17,
S1,2078,18-29,
S1,2078,30-65,
S1,2078,66+,
S1,2078,15-26,
S1,2078,27-45,
S1,2078,46-65,
S1,2079,00-04,
S1,2079,05-09,
S1,2079,10-14,
S1,2079,15-19,65554644.83456931
S1,2079,20-24,68549771.81443954
S1,2079,25-29,69523554.24127054
S1,2079,30-34,65325832.187124565
S1,2079,35-39,60631970.52190994
S1,2079,40-44,55971285.163176715
S1,2079,45-49,50614782.18137471
S1,2079,50-54,45251663.57872346
S1,2079,55-59,38355399.38260983
S1,2079,60-64,30851220.00116346
S1,2079,65-69,23475045.73786084
S1,2079,70-74,17841169.52142175
S1,2079,75+,24825213.08053543
S1,2079,0-8,110186070.04405947
S1,2079,9-14,77066825.0432319
S1,2079,0-17,
S1,2079,18-29,
S1,2079,30-65,
S1,2079,66+,
S1,2079,15-26,
S1,2079,27-45,
S1,2079,46-65,
S1,2080,00-04,
S1,2080,05-09,
S1,2080,10-14,
S1,2080,15-19,65345259.11375916
S1,2080,20-24,68330819.46683761
S1,2080,25-29,69301491.5704281
S1,2080,30-34,65117177.30851842
S1,2080,35-39,60438308.13713296
S1,2080,40-44,55792509.3049879
S1,2080,45-49,50453115.33568525
S1,2080,50-54,45107126.87624874
S1,2080,55-59,38232889.78825604
S1,2080,60-64,30752679.234843716
S1,2080,65-69,23400064.94305557
S1,2080,70-74,17784183.686935633
S1,2080,75+,24745919.765038848
S1,2080,0-8,109827912.50714241
S1,2080,9-14,76826884.87844397
S1,2080,0-17,
S1,2080,18-29,
S1,2080,30-65,
S1,2080,66+,
S1,2080,15-26,
S1,2080,27-45,
S1,2080,46-65,
S1,2081,00-04,
S1,2081,05-09,
S1,2081,10-14,
S1,2081,15-19,65125952.29005866
S1,2081,20-24,68101492.73095252
S1,2081,25-29,69068907.13813505
S1,2081,30-34,64898635.955747746
S1,2081,35-39,60235469.65172255
S1,2081,40-44,55605262.698762715
S1,2081,45-49,50283788.40026362
S1,2081,50-54,44955741.74356048
S1,2081,55-59,38104575.45093347
S1,2081,60-64,30649469.415267803
S1,2081,65-69,23321531.4122892
S1,2081,70-74,17724497.75272427
S1,2081,75+,24662869.377959203
S1,2081,0-8,109446907.91898394
S1,2081,9-14,76581452.7319676
S1,2081,0-17,
S1,2081,18-29,
S1,2081,30-65,
S1,2081,66+,
S1,2081,15-26,
S1,2081,27-45,
S1,2081,46-65,
S1,2082,00-04,
S1,2082,05-09,
S1,2082,10-14,
S1,2082,15-19,64897842.080410086
S1,2082,20-24,67862960.39110973
S1,2082,25-29,68826986.33185944
S1,2082,30-34,64671321.94446329
S1,2082,35-39,60024488.85025437
S1,2082,40-44,55410499.66366289
S1,2082,45-49,50107664.36505841
S1,2082,50-54,44798279.72859667
S1,2082,55-59,37971110.33619751
S1,2082,60-64,30542116.560559496
S1,2082,65-69,23239845.39876131
S1,2082,70-74,17662415.91351704
S1,2082,75+,24576485.19306031
S1,2082,0-8,109074823.97631705
S1,2082,9-14,76301953.59820332
S1,2082,0-17,
S1,2082,18-29,
S1,2082,30-65,
S1,2082,66+,
S1,2082,15-26,
S1,2082,27-45,
S1,2082,46-65,
S1,2083,00-04,
S1,2083,05-09,
S1,2083,10-14,
S1,2083,15-19,64662276.00821324
S1,2083,20-24,67616631.53772232
S1,2083,25-29,68577158.25882035
S1,2083,30-34,64436578.09465456
S1,2083,35-39,59806612.0669777
S1,2083,40-44,55209370.73016057
S1,2083,45-49,49925783.65372737
S1,2083,50-54,44635671.012211815
S1,2083,55-59,37833282.86717674
S1,2083,60-64,30431254.839982793
S1,2083,65-69,23155489.44910946
S1,2083,70-74,17598304.907528587
S1,2083,75+,24487277.510651372
S1,2083,0-8,108677386.9590122
S1,2083,9-14,76026510.31672049
S1,2083,0-17,
S1,2083,18-29,
S1,2083,30-65,
S1,2083,66+,
S1,2083,15-26,
S1,2083,27-45,
S1,2083,46-65,
S1,2084,00-04,
S1,2084,05-09,
S1,2084,10-14,
S1,2084,15-19,64417962.51621114
S1,2084,20-24,67361155.60355787
S1,2084,25-29,68318053.1663293
S1,2084,30-34,64193117.3571301
S1,2084,35-39,59580644.73113814
S1,2084,40-44,55000773.15229912
S1,2084,45-49,49737149.05410652
S1,2084,50-54,44467024.0463756
S1,2084,55-59,37690337.36600064
S1,2084,60-64,30316276.422968566
S1,2084,65-69,23068001.058109898
S1,2084,70-74,17531813.228133798
S1,2084,75+,24394757.22451899
S1,2084,0-8,108264577.51901543
S1,2084,9-14,75741452.9800499
S1,2084,0-17,
S1,2084,18-29,
S1,2084,30-65,
S1,2084,66+,
S1,2084,15-26,
S1,2084,27-45,
S1,2084,46-65,
S1,2085,00-04,
S1,2085,05-09,
S1,2085,10-14,
S1,2085,15-19,64167040.281900786
S1,2085,20-24,67098768.98017591
S1,2085,25-29,68051939.21496181
S1,2085,30-34,63943070.94452359
S1,2085,35-39,59348564.92119651
S1,2085,40-44,54786532.956721686
S1,2085,45-49,49543411.84042573
S1,2085,50-54,44293815.1370742
S1,2085,55-59,37543525.152537525
S1,2085,60-64,30198187.810431223
S1,2085,65-69,22978146.08380643
S1,2085,70-74,17463522.931842476
S1,2085,75+,24299734.24103523
S1,2085,0-8,107852474.08506943
S1,2085,9-14,75436812.16292168
S1,2085,0-17,
S1,2085,18-29,
S1,2085,30-65,
S1,2085,66+,
S1,2085,15-26,
S1,2085,27-45,
S1,2085,46-65,
S1,2086,00-04,
S1,2086,05-09,
S1,2086,10-14,
S1,2086,15-19,63907888.37482855
S1,2086,20-24,66827776.67841136
S1,2086,25-29,67777097.3374178
S1,2086,30-34,63684823.58409481
S1,2086,35-39,59108873.42671959
S1,2086,40-44,54565266.17497151
S1,2086,45-49,49343320.49127036
S1,2086,50-54,44114925.37351575
S1,2086,55-59,37391897.835791245
S1,2086,60-64,30076226.162725203
S1,2086,65-69,22885344.07279827
S1,2086,70-74,17392992.87073784
S1,2086,75+,24201594.722019743
S1,2086,0-8,107411196.4361567
S1,2086,9-14,75137837.99612972
S1,2086,0-17,
S1,2086,18-29,
S1,2086,30-65,
S1,2086,66+,
S1,2086,15-26,
S1,2086,27-45,
S1,2086,46-65,
S1,2087,00-04,
S1,2087,05-09,
S1,2087,10-14,
S1,2087,15-19,63642896.71791611
S1,2087,20-24,66550677.81440379
S1,2087,25-29,67496062.15098166
S1,2087,30-34,63420756.85695234
S1,2087,35-39,58863780.70489931
S1,2087,40-44,54339013.349830925
S1,2087,45-49,49138720.26761952
S1,2087,50-54,43932004.4936905
S1,2087,55-59,37236853.73693929
S1,2087,60-64,29951516.22147682
S1,2087,65-69,22790450.85383766
S1,2087,70-74,17320873.479584575
S1,2087,75+,24101243.719218716
S1,2087,0-8,106953692.11358282
S1,2087,9-14,74838409.60926624
S1,2087,0-17,
S1,2087,18-29,
S1,2087,30-65,
S1,2087,66+,
S1,2087,15-26,
S1,2087,27-45,
S1,2087,46-65,
S1,2088,00-04,
S1,2088,05-09,
S1,2088,10-14,
S1,2088,15-19,63374294.88345766
S1,2088,20-24,66269803.8274036
S1,2088,25-29,67211198.21411799
S1,2088,30-34,63153092.55326699
S1,2088,35-39,58615348.903459236
S1,2088,40-44,54109678.114932396
S1,2088,45-49,48931332.62363272
S1,2088,50-54,43746591.54728197
S1,2088,55-59,37079697.35753163
S1,2088,60-64,29825107.26436164
S1,2088,65-69,22694264.834294766
S1,2088,70-74,17247771.55256733
S1,2088,75+,23999525.56040507
S1,2088,0-8,106511928.08071813
S1,2088,9-14,74512928.67794837
S1,2088,0-17,
S1,2088,18-29,
S1,2088,30-65,
S1,2088,66+,
S1,2088,15-26,
S1,2088,27-45,
S1,2088,46-65,
S1,2089,00-04,
S1,2089,05-09,
S1,2089,10-14,
S1,2089,15-19,63099316.6023169
S1,2089,20-24,65982262.06016967
S1,2089,25-29,66919571.778000385
S1,2089,30-34,62879074.05931838
S1,2089,35-39,58361019.479840726
S1,2089,40-44,53874898.59890802
S1,2089,45-49,48719021.72118378
S1,2089,50-54,43556777.00857097
S1,2089,55-59,36918810.17979905
S1,2089,60-64,29695697.43431186
S1,2089,65-69,22595795.416254476
S1,2089,70-74,17172934.22958401
S1,2089,75+,23895392.673421007
S1,2089,0-8,106052350.46666327
S1,2089,9-14,74187047.39187995
S1,2089,0-17,
S1,2089,18-29,
S1,2089,30-65,
S1,2089,66+,
S1,2089,15-26,
S1,2089,27-45,
S1,2089,46-65,
S1,2090,00-04,
S1,2090,05-09,
S1,2090,10-14,
S1,2090,15-19,62819470.87266167
S1,2090,20-24,65689630.45550575
S1,2090,25-29,66622783.200867906
S1,2090,30-34,62600205.10625063
S1,2090,35-39,58102188.11748709
S1,2090,40-44,53635963.201183565
S1,2090,45-49,48502952.65869959
S1,2090,50-54,43363602.52270106
S1,2090,55-59,36755075.10422152
S1,2090,60-64,29563996.89358332
S1,2090,65-69,22495582.970290042
S1,2090,70-74,17096772.19537232
S1,2090,75+,23789416.508255284
S1,2090,0-8,105573704.66319554
S1,2090,9-14,73866330.72167394
S1,2090,0-17,
S1,2090,18-29,
S1,2090,30-65,
S1,2090,66+,
S1,2090,15-26,
S1,2090,27-45,
S1,2090,46-65,
S1,2091,00-04,
S1,2091,05-09,
S1,2091,10-14,
S1,2091,15-19,62534465.41793511
S1,2091,20-24,65391603.383027844
S1,2091,25-29,66320522.51071025
S1,2091,30-34,62316194.43767231
S1,2091,35-39,57838584.48767305
S1,2091,40-44,53392622.372782834
S1,2091,45-49,48282899.769268334
S1,2091,50-54,43166866.334320635
S1,2091,55-59,36588321.12256477
S1,2091,60-64,29429868.09145969
S1,2091,65-69,22393522.832490057
S1,2091,70-74,17019205.90475877
S1,2091,75+,23681486.381251212
S1,2091,0-8,105112061.68650678
S1,2091,9-14,73513872.78075582
S1,2091,0-17,
S1,2091,18-29,
S1,2091,30-65,
S1,2091,66+,
S1,2091,15-26,
S1,2091,27-45,
S1,2091,46-65,
S1,2092,00-04,
S1,2092,05-09,
S1,2092,10-14,
S1,2092,15-19,62246340.15185265
S1,2092,20-24,65090313.95809437
S1,2092,25-29,66014953.12481372
S1,2092,30-34,62029074.84716169
S1,2092,35-39,57572095.32151535
S1,2092,40-44,53146617.814733416
S1,2092,45-49,48060438.07154249
S1,2092,50-54,42967976.57384377
S1,2092,55-59,36419741.76894762
S1,2092,60-64,29294271.048805647
S1,2092,65-69,22290345.493697546
S1,2092,70-74,16940790.534977525
S1,2092,75+,23572374.7974354
S1,2092,0-8,104616972.4386129
S1,2092,9-14,73185949.55778842
S1,2092,0-17,
S1,2092,18-29,
S1,2092,30-65,
S1,2092,66+,
S1,2092,15-26,
S1,2092,27-45,
S1,2092,46-65,
S1,2093,00-04,
S1,2093,05-09,
S1,2093,10-14,
S1,2093,15-19,61956498.40336548
S1,2093,20-24,64787229.626370266
S1,2093,25-29,65707563.33461375
S1,2093,30-34,61740244.7654752
S1,2093,35-39,57304018.568225905
S1,2093,40-44,52899147.70490807
S1,2093,45-49,47836651.076680884
S1,2093,50-54,42767901.94409466
S1,2093,55-59,36250158.11779621
S1,2093,60-64,29157866.198002703
S1,2093,65-69,22186553.484456267
S1,2093,70-74,16861908.012126625
S1,2093,75+,23462613.19039768
S1,2093,0-8,104134384.90539782
S1,2093,9-14,72840621.59152435
S1,2093,0-17,
S1,2093,18-29,
S1,2093,30-65,
S1,2093,66+,
S1,2093,15-26,
S1,2093,27-45,
S1,2093,46-65,
S1,2094,00-04,
S1,2094,05-09,
S1,2094,10-14,
S1,2094,15-19,61661810.324147955
S1,2094,20-24,64479077.53985107
S1,2094,25-29,65395033.79972818
S1,2094,30-34,61446585.26874401
S1,2094,35-39,57031459.40819436
S1,2094,40-44,52647539.74398178
S1,2094,45-49,47609122.22683838
S1,2094,50-54,42564481.94456505
S1,2094,55-59,36077738.92461463
S1,2094,60-64,29019180.574938104
S1,2094,65-69,22081026.00954597
S1,2094,70-74,16781706.52540467
S1,2094,75+,23351016.30237653
S1,2094,0-8,103640426.7392558
S1,2094,9-14,72492821.00631548
S1,2094,0-17,
S1,2094,18-29,
S1,2094,30-65,
S1,2094,66+,
S1,2094,15-26,
S1,2094,27-45,
S1,2094,46-65,
S1,2095,00-04,
S1,2095,05-09,
S1,2095,10-14,
S1,2095,15-19,61364715.54019549
S1,2095,20-24,64168408.7886345
S1,2095,25-29,65079951.84971469
S1,2095,30-34,61150527.46766637
S1,2095,35-39,56756674.26934912
S1,2095,40-44,52393876.91177428
S1,2095,45-49,47379735.1587683
S1,2095,50-54,42359400.62274052
S1,2095,55-59,35903911.59137618
S1,2095,60-64,28879362.312417656
S1,2095,65-69,21974636.69633462
S1,2095,70-74,16700850.036626458
S1,2095,75+,23238508.007421266
S1,2095,0-8,103145273.2174871
S1,2095,9-14,72139341.1695965
S1,2095,0-17,
S1,2095,18-29,
S1,2095,30-65,
S1,2095,66+,
S1,2095,15-26,
S1,2095,27-45,
S1,2095,46-65,
S1,2096,00-04,
S1,2096,05-09,
S1,2096,10-14,
S1,2096,15-19,61065413.50616936
S1,2096,20-24,63855431.94026834
S1,2096,25-29,64762529.0149232
S1,2096,30-34,60852270.120724805
S1,2096,35-39,56479847.6287653
S1,2096,40-44,52138329.50489454
S1,2096,45-49,47148643.87153909
S1,2096,50-54,42152795.660020396
S1,2096,55-59,35728792.81710671
S1,2096,60-64,28738505.2774686
S1,2096,65-69,21867456.9693156
S1,2096,70-74,16619392.82881698
S1,2096,75+,23125163.838005275
S1,2096,0-8,102634422.759951
S1,2096,9-14,71795253.39173615
S1,2096,0-17,
S1,2096,18-29,
S1,2096,30-65,
S1,2096,66+,
S1,2096,15-26,
S1,2096,27-45,
S1,2096,46-65,
S1,2097,00-04,
S1,2097,05-09,
S1,2097,10-14,
S1,2097,15-19,60765330.19442426
S1,2097,20-24,63541638.11837579
S1,2097,25-29,64444277.60110411
S1,2097,30-34,60553234.22304455
S1,2097,35-39,56202298.378704354
S1,2097,40-44,51882115.03440537
S1,2097,45-49,46916949.35929556
S1,2097,50-54,41945651.38972579
S1,2097,55-59,35553216.924672484
S1,2097,60-64,28597280.55887409
S1,2097,65-69,21759997.46761039
S1,2097,70-74,16537722.990639921
S1,2097,75+,23011523.80266095
S1,2097,0-8,102126938.73464233
S1,2097,9-14,71445567.5088949
S1,2097,0-17,
S1,2097,18-29,
S1,2097,30-65,
S1,2097,66+,
S1,2097,15-26,
S1,2097,27-45,
S1,2097,46-65,
S1,2098,00-04,
S1,2098,05-09,
S1,2098,10-14,
S1,2098,15-19,60463817.377311155
S1,2098,20-24,63226349.47842677
S1,2098,25-29,64124510.13462025
S1,2098,30-34,60252773.80955739
S1,2098,35-39,55923426.96867213
S1,2098,40-44,51624680.03632739
S1,2098,45-49,46684151.12506543
S1,2098,50-54,41737520.3473091
S1,2098,55-59,35376804.642239496
S1,2098,60-64,28455383.088795476
S1,2098,65-69,21652026.061615545
S1,2098,70-74,16455664.1022641
S1,2098,75+,22897342.420849867
S1,2098,0-8,101619085.33837205
S1,2098,9-14,71092167.70102023
S1,2098,0-17,
S1,2098,18-29,
S1,2098,30-65,
S1,2098,66+,
S1,2098,15-26,
S1,2098,27-45,
S1,2098,46-65,
S1,2099,00-04,
S1,2099,05-09,
S1,2099,10-14,
S1,2099,15-19,60159826.713422105
S1,2099,20-24,62908469.78132978
S1,2099,25-29,63802114.80377733
S1,2099,30-34,59949844.19799772
S1,2099,35-39,55642263.78003201
S1,2099,40-44,51365129.425101995
S1,2099,45-49,46449439.74379344
S1,2099,50-54,41527678.87401468
S1,2099,55-59,35198942.595217936
S1,2099,60-64,28312319.49850972
S1,2099,65-69,21543167.341433518
S1,2099,70-74,16372930.85001232
S1,2099,75+,22782222.690972865
S1,2099,0-8,101103118.3435
S1,2099,9-14,70739803.67165476
S1,2099,0-17,
S1,2099,18-29,
S1,2099,30-65,
S1,2099,66+,
S1,2099,15-26,
S1,2099,27-45,
S1,2099,46-65,
S1,2100,00-04,
S1,2100,05-09,
S1,2100,10-14,
S1,2100,15-19,59856173.93408002
S1,2100,20-24,62590943.40639095
S1,2100,25-29,63480077.81420353
S1,2100,30-34,59647251.291629076
S1,2100,35-39,55361413.10328092
S1,2100,40-44,51105867.30346227
S1,2100,45-49,46214989.24339098
S1,2100,50-54,41318070.63877505
S1,2100,55-59,35021278.24123207
S1,2100,60-64,28169414.922898196
S1,2100,65-69,21434429.617333673
S1,2100,70-74,16290289.55547759
S1,2100,75+,22667230.916268136
S1,2100,0-8,100596499.1630762
S1,2100,9-14,70379056.97470091
S1,2100,0-17,
S1,2100,18-29,
S1,2100,30-65,
S1,2100,66+,
S1,2100,15-26,
S1,2100,27-45,
S1,2100,46-65,
S2,1950,00-04,
S2,1950,05-09,
S2,1950,10-14,
S2,1950,15-19,
S2,1950,20-24,
S2,1950,25-29,
S2,1950,30-34,
S2,1950,35-39,
S2,1950,40-44,
S2,1950,45-49,
S2,1950,50-54,
S2,1950,55-59,
S2,1950,60-64,
S2,1950,65-69,
S2,1950,70-74,
S2,1950,75+,
S2,1950,0-8,
S2,1950,9-14,
S2,1950,0-17,45342891.75989065
S2,1950,18-29,33158900.896146297
S2,1950,30-65,71641803.12808873
S2,1950,66+,12413233.014398092
S2,1950,15-26,
S2,1950,27-45,
S2,1950,46-65,
S2,1951,00-04,
S2,1951,05-09,
S2,1951,10-14,
S2,1951,15-19,
S2,1951,20-24,
S2,1951,25-29,
S2,1951,30-34,
S2,1951,35-39,
S2,1951,40-44,
S2,1951,45-49,
S2,1951,50-54,
S2,1951,55-59,
S2,1951,60-64,
S2,1951,65-69,
S2,1951,70-74,
S2,1951,75+,
S2,1951,0-8,
S2,1951,9-14,
S2,1951,0-17,46288143.58355233
S2,1951,18-29,33859409.30495887
S2,1951,30-65,73190045.6626716
S2,1951,66+,12627172.350344198
S2,1951,15-26,
S2,1951,27-45,
S2,1951,46-65,
S2,1952,00-04,
S2,1952,05-09,
S2,1952,10-14,
S2,1952,15-19,
S2,1952,20-24,
S2,1952,25-29,
S2,1952,30-34,
S2,1952,35-39,
S2,1952,40-44,
S2,1952,45-49,
S2,1952,50-54,
S2,1952,55-59,
S2,1952,60-64,
S2,1952,65-69,
S2,1952,70-74,
S2,1952,75+,
S2,1952,0-8,
S2,1952,9-14,
S2,1952,0-17,47296357.81535967
S2,1952,18-29,34587770.838719964
S2,1952,30-65,74831568.48524088
S2,1952,66+,12845071.2530671
S2,1952,15-26,
S2,1952,27-45,
S2,1952,46-65,
S2,1953,00-04,
S2,1953,05-09,
S2,1953,10-14,
S2,1953,15-19,
S2,1953,20-24,
S2,1953,25-29,
S2,1953,30-34,
S2,1953,35-39,
S2,1953,40-44,
S2,1953,45-49,
S2,1953,50-54,
S2,1953,55-59,
S2,1953,60-64,
S2,1953,65-69,
S2,1953,70-74,
S2,1953,75+,
S2,1953,0-8,
S2,1953,9-14,
S2,1953,0-17,48368707.51937849
S2,1953,18-29,35340988.19080291
S2,1953,30-65,76524914.24064793
S2,1953,66+,13106433.787616128
S2,1953,15-26,
S2,1953,27-45,
S2,1953,46-65,
S2,1954,00-04,
S2,1954,05-09,
S2,1954,10-14,
S2,1954,15-19,
S2,1954,20-24,
S2,1954,25-29,
S2,1954,30-34,
S2,1954,35-39,
S2,1954,40-44,
S2,1954,45-49,
S2,1954,50-54,
S2,1954,55-59,
S2,1954,60-64,
S2,1954,65-69,
S2,1954,70-74,
S2,1954,75+,
S2,1954,0-8,
S2,1954,9-14,
S2,1954,0-17,49465308.87339637
S2,1954,18-29,36101107.32103489
S2,1954,30-65,78175249.28116249
S2,1954,66+,13444164.269298464
S2,1954,15-26,
S2,1954,27-45,
S2,1954,46-65,
S2,1955,00-04,
S2,1955,05-09,
S2,1955,10-14,
S2,1955,15-19,
S2,1955,20-24,
S2,1955,25-29,
S2,1955,30-34,
S2,1955,35-39,
S2,1955,40-44,
S2,1955,45-49,
S2,1955,50-54,
S2,1955,55-59,
S2,1955,60-64,
S2,1955,65-69,
S2,1955,70-74,
S2,1955,75+,
S2,1955,0-8,
S2,1955,9-14,
S2,1955,0-17,50596119.43692827
S2,1955,18-29,36963149.16441076
S2,1955,30-65,79885709.68319832
S2,1955,66+,13867531.330582274
S2,1955,15-26,
S2,1955,27-45,
S2,1955,46-65,
S2,1956,00-04,
S2,1956,05-09,
S2,1956,10-14,
S2,1956,15-19,
S2,1956,20-24,
S2,1956,25-29,
S2,1956,30-34,
S2,1956,35-39,
S2,1956,40-44,
S2,1956,45-49,
S2,1956,50-54,
S2,1956,55-59,
S2,1956,60-64,
S2,1956,65-69,
S2,1956,70-74,
S2,1956,75+,
S2,1956,0-8,
S2,1956,9-14,
S2,1956,0-17,51716870.25693865
S2,1956,18-29,37888605.96033633
S2,1956,30-65,81696278.13217461
S2,1956,66+,14247919.91956992
S2,1956,15-26,
S2,1956,27-45,
S2,1956,46-65,
S2,1957,00-04,
S2,1957,05-09,
S2,1957,10-14,
S2,1957,15-19,
S2,1957,20-24,
S2,1957,25-29,
S2,1957,30-34,
S2,1957,35-39,
S2,1957,40-44,
S2,1957,45-49,
S2,1957,50-54,
S2,1957,55-59,
S2,1957,60-64,
S2,1957,65-69,
S2,1957,70-74,
S2,1957,75+,
S2,1957,0-8,
S2,1957,9-14,
S2,1957,0-17,52898304.05379222
S2,1957,18-29,38823195.09186332
S2,1957,30-65,83563521.68120858
S2,1957,66+,14646387.47986924
S2,1957,15-26,
S2,1957,27-45,
S2,1957,46-65,
S2,1958,00-04,
S2,1958,05-09,
S2,1958,10-14,
S2,1958,15-19,
S2,1958,20-24,
S2,1958,25-29,
S2,1958,30-34,
S2,1958,35-39,
S2,1958,40-44,
S2,1958,45-49,
S2,1958,50-54,
S2,1958,55-59,
S2,1958,60-64,
S2,1958,65-69,
S2,1958,70-74,
S2,1958,75+,
S2,1958,0-8,
S2,1958,9-14,
S2,1958,0-17,54118990.20411945
S2,1958,18-29,39670420.47509712
S2,1958,30-65,85404255.34569377
S2,1958,66+,15019850.113480521
S2,1958,15-26,
S2,1958,27-45,
S2,1958,46-65,
S2,1959,00-04,
S2,1959,05-09,
S2,1959,10-14,
S2,1959,15-19,
S2,1959,20-24,
S2,1959,25-29,
S2,1959,30-34,
S2,1959,35-39,
S2,1959,40-44,
S2,1959,45-49,
S2,1959,50-54,
S2,1959,55-59,
S2,1959,60-64,
S2,1959,65-69,
S2,1959,70-74,
S2,1959,75+,
S2,1959,0-8,
S2,1959,9-14,
S2,1959,0-17,55462367.71516676
S2,1959,18-29,40551664.611139126
S2,1959,30-65,87472549.07838045
S2,1959,66+,15333548.519097863
S2,1959,15-26,
S2,1959,27-45,
S2,1959,46-65,
S2,1960,00-04,
S2,1960,05-09,
S2,1960,10-14,
S2,1960,15-19,
S2,1960,20-24,
S2,1960,25-29,
S2,1960,30-34,
S2,1960,35-39,
S2,1960,40-44,
S2,1960,45-49,
S2,1960,50-54,
S2,1960,55-59,
S2,1960,60-64,
S2,1960,65-69,
S2,1960,70-74,
S2,1960,75+,
S2,1960,0-8,
S2,1960,9-14,
S2,1960,0-17,56788038.60520674
S2,1960,18-29,41475992.26373491
S2,1960,30-65,89637732.16374587
S2,1960,66+,15577529.637796601
S2,1960,15-26,
S2,1960,27-45,
S2,1960,46-65,
S2,1961,00-04,
S2,1961,05-09,
S2,1961,10-14,
S2,1961,15-19,
S2,1961,20-24,
S2,1961,25-29,
S2,1961,30-34,
S2,1961,35-39,
S2,1961,40-44,
S2,1961,45-49,
S2,1961,50-54,
S2,1961,55-59,
S2,1961,60-64,
S2,1961,65-69,
S2,1961,70-74,
S2,1961,75+,
S2,1961,0-8,
S2,1961,9-14,
S2,1961,0-17,58147045.6508693
S2,1961,18-29,42444626.87772767
S2,1961,30-65,91815259.40651335
S2,1961,66+,15892302.216593035
S2,1961,15-26,
S2,1961,27-45,
S2,1961,46-65,
S2,1962,00-04,
S2,1962,05-09,
S2,1962,10-14,
S2,1962,15-19,
S2,1962,20-24,
S2,1962,25-29,
S2,1962,30-34,
S2,1962,35-39,
S2,1962,40-44,
S2,1962,45-49,
S2,1962,50-54,
S2,1962,55-59,
S2,1962,60-64,
S2,1962,65-69,
S2,1962,70-74,
S2,1962,75+,
S2,1962,0-8,
S2,1962,9-14,
S2,1962,0-17,59533958.98966833
S2,1962,18-29,43463585.20076515
S2,1962,30-65,94073818.11778103
S2,1962,66+,16209807.346006328
S2,1962,15-26,
S2,1962,27-45,
S2,1962,46-65,
S2,1963,00-04,
S2,1963,05-09,
S2,1963,10-14,
S2,1963,15-19,
S2,1963,20-24,
S2,1963,25-29,
S2,1963,30-34,
S2,1963,35-39,
S2,1963,40-44,
S2,1963,45-49,
S2,1963,50-54,
S2,1963,55-59,
S2,1963,60-64,
S2,1963,65-69,
S2,1963,70-74,
S2,1963,75+,
S2,1963,0-8,
S2,1963,9-14,
S2,1963,0-17,60894671.62252329
S2,1963,18-29,44513562.24605321
S2,1963,30-65,96294087.88398413
S2,1963,66+,16570760.26490129
S2,1963,15-26,
S2,1963,27-45,
S2,1963,46-65,
S2,1964,00-04,
S2,1964,05-09,
S2,1964,10-14,
S2,1964,15-19,
S2,1964,20-24,
S2,1964,25-29,
S2,1964,30-34,
S2,1964,35-39,
S2,1964,40-44,
S2,1964,45-49,
S2,1964,50-54,
S2,1964,55-59,
S2,1964,60-64,
S2,1964,65-69,
S2,1964,70-74,
S2,1964,75+,
S2,1964,0-8,
S2,1964,9-14,
S2,1964,0-17,62263098.621178135
S2,1964,18-29,45634371.92107227
S2,1964,30-65,98525057.04235235
S2,1964,66+,17005117.228315275
S2,1964,15-26,
S2,1964,27-45,
S2,1964,46-65,
S2,1965,00-04,
S2,1965,05-09,
S2,1965,10-14,
S2,1965,15-19,
S2,1965,20-24,
S2,1965,25-29,
S2,1965,30-34,
S2,1965,35-39,
S2,1965,40-44,
S2,1965,45-49,
S2,1965,50-54,
S2,1965,55-59,
S2,1965,60-64,
S2,1965,65-69,
S2,1965,70-74,
S2,1965,75+,
S2,1965,0-8,
S2,1965,9-14,
S2,1965,0-17,63782384.12938589
S2,1965,18-29,46640446.668960266
S2,1965,30-65,100747442.07813986
S2,1965,66+,17486737.29122668
S2,1965,15-26,
S2,1965,27-45,
S2,1965,46-65,
S2,1966,00-04,
S2,1966,05-09,
S2,1966,10-14,
S2,1966,15-19,
S2,1966,20-24,
S2,1966,25-29,
S2,1966,30-34,
S2,1966,35-39,
S2,1966,40-44,
S2,1966,45-49,
S2,1966,50-54,
S2,1966,55-59,
S2,1966,60-64,
S2,1966,65-69,
S2,1966,70-74,
S2,1966,75+,
S2,1966,0-8,
S2,1966,9-14,
S2,1966,0-17,65294723.09777732
S2,1966,18-29,47557275.783025034
S2,1966,30-65,102919305.52965014
S2,1966,66+,17915882.09772753
S2,1966,15-26,
S2,1966,27-45,
S2,1966,46-65,
S2,1967,00-04,
S2,1967,05-09,
S2,1967,10-14,
S2,1967,15-19,
S2,1967,20-24,
S2,1967,25-29,
S2,1967,30-34,
S2,1967,35-39,
S2,1967,40-44,
S2,1967,45-49,
S2,1967,50-54,
S2,1967,55-59,
S2,1967,60-64,
S2,1967,65-69,
S2,1967,70-74,
S2,1967,75+,
S2,1967,0-8,
S2,1967,9-14,
S2,1967,0-17,66875800.40578414
S2,1967,18-29,48390712.798034474
S2,1967,30-65,105073441.60686769
S2,1967,66+,18347063.907159243
S2,1967,15-26,
S2,1967,27-45,
S2,1967,46-65,
S2,1968,00-04,
S2,1968,05-09,
S2,1968,10-14,
S2,1968,15-19,
S2,1968,20-24,
S2,1968,25-29,
S2,1968,30-34,
S2,1968,35-39,
S2,1968,40-44,
S2,1968,45-49,
S2,1968,50-54,
S2,1968,55-59,
S2,1968,60-64,
S2,1968,65-69,
S2,1968,70-74,
S2,1968,75+,
S2,1968,0-8,
S2,1968,9-14,
S2,1968,0-17,68172830.75468157
S2,1968,18-29,49631856.207589
S2,1968,30-65,107376792.74165066
S2,1968,66+,18761437.804941986
S2,1968,15-26,
S2,1968,27-45,
S2,1968,46-65,
S2,1969,00-04,
S2,1969,05-09,
S2,1969,10-14,
S2,1969,15-19,
S2,1969,20-24,
S2,1969,25-29,
S2,1969,30-34,
S2,1969,35-39,
S2,1969,40-44,
S2,1969,45-49,
S2,1969,50-54,
S2,1969,55-59,
S2,1969,60-64,
S2,1969,65-69,
S2,1969,70-74,
S2,1969,75+,
S2,1969,0-8,
S2,1969,9-14,
S2,1969,0-17,69387869.83453727
S2,1969,18-29,50967460.547315225
S2,1969,30-65,109726838.65892768
S2,1969,66+,19142468.68942588
S2,1969,15-26,
S2,1969,27-45,
S2,1969,46-65,
S2,1970,00-04,
S2,1970,05-09,
S2,1970,10-14,
S2,1970,15-19,
S2,1970,20-24,
S2,1970,25-29,
S2,1970,30-34,
S2,1970,35-39,
S2,1970,40-44,
S2,1970,45-49,
S2,1970,50-54,
S2,1970,55-59,
S2,1970,60-64,
S2,1970,65-69,
S2,1970,70-74,
S2,1970,75+,
S2,1970,0-8,
S2,1970,9-14,
S2,1970,0-17,70914118.44534704
S2,1970,18-29,52050119.9584054
S2,1970,30-65,112170893.34706156
S2,1970,66+,19491877.063136667
S2,1970,15-26,
S2,1970,27-45,
S2,1970,46-65,
S2,1971,00-04,
S2,1971,05-09,
S2,1971,10-14,
S2,1971,15-19,
S2,1971,20-24,
S2,1971,25-29,
S2,1971,30-34,
S2,1971,35-39,
S2,1971,40-44,
S2,1971,45-49,
S2,1971,50-54,
S2,1971,55-59,
S2,1971,60-64,
S2,1971,65-69,
S2,1971,70-74,
S2,1971,75+,
S2,1971,0-8,
S2,1971,9-14,
S2,1971,0-17,72577510.48204184
S2,1971,18-29,53228610.512145676
S2,1971,30-65,114795574.70801206
S2,1971,66+,19910114.03270604
S2,1971,15-26,
S2,1971,27-45,
S2,1971,46-65,
S2,1972,00-04,
S2,1972,05-09,
S2,1972,10-14,
S2,1972,15-19,
S2,1972,20-24,
S2,1972,25-29,
S2,1972,30-34,
S2,1972,35-39,
S2,1972,40-44,
S2,1972,45-49,
S2,1972,50-54,
S2,1972,55-59,
S2,1972,60-64,
S2,1972,65-69,
S2,1972,70-74,
S2,1972,75+,
S2,1972,0-8,
S2,1972,9-14,
S2,1972,0-17,74164090.08097821
S2,1972,18-29,54371200.93662
S2,1972,30-65,117313066.98790479
S2,1972,66+,20314854.19101911
S2,1972,15-26,
S2,1972,27-45,
S2,1972,46-65,
S2,1973,00-04,
S2,1973,05-09,
S2,1973,10-14,
S2,1973,15-19,
S2,1973,20-24,
S2,1973,25-29,
S2,1973,30-34,
S2,1973,35-39,
S2,1973,40-44,
S2,1973,45-49,
S2,1973,50-54,
S2,1973,55-59,
S2,1973,60-64,
S2,1973,65-69,
S2,1973,70-74,
S2,1973,75+,
S2,1973,0-8,
S2,1973,9-14,
S2,1973,0-17,75871870.61440125
S2,1973,18-29,55595492.07627283
S2,1973,30-65,119998205.74018064
S2,1973,66+,20769202.858255114
S2,1973,15-26,
S2,1973,27-45,
S2,1973,46-65,
S2,1974,00-04,
S2,1974,05-09,
S2,1974,10-14,
S2,1974,15-19,
S2,1974,20-24,
S2,1974,25-29,
S2,1974,30-34,
S2,1974,35-39,
S2,1974,40-44,
S2,1974,45-49,
S2,1974,50-54,
S2,1974,55-59,
S2,1974,60-64,
S2,1974,65-69,
S2,1974,70-74,
S2,1974,75+,
S2,1974,0-8,
S2,1974,9-14,
S2,1974,0-17,77628354.8174945
S2,1974,18-29,56804231.96366988
S2,1974,30-65,122683077.5461517
S2,1974,66+,21259316.10248296
S2,1974,15-26,
S2,1974,27-45,
S2,1974,46-65,
S2,1975,00-04,
S2,1975,05-09,
S2,1975,10-14,
S2,1975,15-19,
S2,1975,20-24,
S2,1975,25-29,
S2,1975,30-34,
S2,1975,35-39,
S2,1975,40-44,
S2,1975,45-49,
S2,1975,50-54,
S2,1975,55-59,
S2,1975,60-64,
S2,1975,65-69,
S2,1975,70-74,
S2,1975,75+,
S2,1975,0-8,
S2,1975,9-14,
S2,1975,0-17,79462157.56294146
S2,1975,18-29,58143159.604718454
S2,1975,30-65,125538964.3339173
S2,1975,66+,21800599.726809084
S2,1975,15-26,
S2,1975,27-45,
S2,1975,46-65,
S2,1976,00-04,
S2,1976,05-09,
S2,1976,10-14,
S2,1976,15-19,
S2,1976,20-24,
S2,1976,25-29,
S2,1976,30-34,
S2,1976,35-39,
S2,1976,40-44,
S2,1976,45-49,
S2,1976,50-54,
S2,1976,55-59,
S2,1976,60-64,
S2,1976,65-69,
S2,1976,70-74,
S2,1976,75+,
S2,1976,0-8,
S2,1976,9-14,
S2,1976,0-17,81330617.1920509
S2,1976,18-29,59497477.63012971
S2,1976,30-65,128458771.75853787
S2,1976,66+,22331550.343050946
S2,1976,15-26,
S2,1976,27-45,
S2,1976,46-65,
S2,1977,00-04,
S2,1977,05-09,
S2,1977,10-14,
S2,1977,15-19,
S2,1977,20-24,
S2,1977,25-29,
S2,1977,30-34,
S2,1977,35-39,
S2,1977,40-44,
S2,1977,45-49,
S2,1977,50-54,
S2,1977,55-59,
S2,1977,60-64,
S2,1977,65-69,
S2,1977,70-74,
S2,1977,75+,
S2,1977,0-8,
S2,1977,9-14,
S2,1977,0-17,83264612.92781126
S2,1977,18-29,60868154.050715744
S2,1977,30-65,131461906.25266528
S2,1977,66+,22866861.63649762
S2,1977,15-26,
S2,1977,27-45,
S2,1977,46-65,
S2,1978,00-04,
S2,1978,05-09,
S2,1978,10-14,
S2,1978,15-19,
S2,1978,20-24,
S2,1978,25-29,
S2,1978,30-34,
S2,1978,35-39,
S2,1978,40-44,
S2,1978,45-49,
S2,1978,50-54,
S2,1978,55-59,
S2,1978,60-64,
S2,1978,65-69,
S2,1978,70-74,
S2,1978,75+,
S2,1978,0-8,
S2,1978,9-14,
S2,1978,0-17,85256089.30124873
S2,1978,18-29,62265773.21701756
S2,1978,30-65,134550110.08903635
S2,1978,66+,23407499.10992073
S2,1978,15-26,
S2,1978,27-45,
S2,1978,46-65,
S2,1979,00-04,
S2,1979,05-09,
S2,1979,10-14,
S2,1979,15-19,
S2,1979,20-24,
S2,1979,25-29,
S2,1979,30-34,
S2,1979,35-39,
S2,1979,40-44,
S2,1979,45-49,
S2,1979,50-54,
S2,1979,55-59,
S2,1979,60-64,
S2,1979,65-69,
S2,1979,70-74,
S2,1979,75+,
S2,1979,0-8,
S2,1979,9-14,
S2,1979,0-17,87177084.78404905
S2,1979,18-29,63681543.46540721
S2,1979,30-65,137602275.5090266
S2,1979,66+,23928143.36273765
S2,1979,15-26,
S2,1979,27-45,
S2,1979,46-65,
S2,1980,00-04,
S2,1980,05-09,
S2,1980,10-14,
S2,1980,15-19,
S2,1980,20-24,
S2,1980,25-29,
S2,1980,30-34,
S2,1980,35-39,
S2,1980,40-44,
S2,1980,45-49,
S2,1980,50-54,
S2,1980,55-59,
S2,1980,60-64,
S2,1980,65-69,
S2,1980,70-74,
S2,1980,75+,
S2,1980,0-8,
S2,1980,9-14,
S2,1980,0-17,89244850.7583511
S2,1980,18-29,65225913.414032
S2,1980,30-65,140912271.59587297
S2,1980,66+,24485806.92136611
S2,1980,15-26,
S2,1980,27-45,
S2,1980,46-65,
S2,1981,00-04,
S2,1981,05-09,
S2,1981,10-14,
S2,1981,15-19,
S2,1981,20-24,
S2,1981,25-29,
S2,1981,30-34,
S2,1981,35-39,
S2,1981,40-44,
S2,1981,45-49,
S2,1981,50-54,
S2,1981,55-59,
S2,1981,60-64,
S2,1981,65-69,
S2,1981,70-74,
S2,1981,75+,
S2,1981,0-8,
S2,1981,9-14,
S2,1981,0-17,91333531.80414954
S2,1981,18-29,66800158.82145277
S2,1981,30-65,144261434.2422997
S2,1981,66+,25058687.390077524
S2,1981,15-26,
S2,1981,27-45,
S2,1981,46-65,
S2,1982,00-04,
S2,1982,05-09,
S2,1982,10-14,
S2,1982,15-19,
S2,1982,20-24,
S2,1982,25-29,
S2,1982,30-34,
S2,1982,35-39,
S2,1982,40-44,
S2,1982,45-49,
S2,1982,50-54,
S2,1982,55-59,
S2,1982,60-64,
S2,1982,65-69,
S2,1982,70-74,
S2,1982,75+,
S2,1982,0-8,
S2,1982,9-14,
S2,1982,0-17,93462816.49177904
S2,1982,18-29,68400136.03787084
S2,1982,30-65,147669201.1572109
S2,1982,66+,25643991.633464437
S2,1982,15-26,
S2,1982,27-45,
S2,1982,46-65,
S2,1983,00-04,
S2,1983,05-09,
S2,1983,10-14,
S2,1983,15-19,
S2,1983,20-24,
S2,1983,25-29,
S2,1983,30-34,
S2,1983,35-39,
S2,1983,40-44,
S2,1983,45-49,
S2,1983,50-54,
S2,1983,55-59,
S2,1983,60-64,
S2,1983,65-69,
S2,1983,70-74,
S2,1983,75+,
S2,1983,0-8,
S2,1983,9-14,
S2,1983,0-17,95659413.43206057
S2,1983,18-29,70018424.06119873
S2,1983,30-65,151151159.9213138
S2,1983,66+,26246784.09154849
S2,1983,15-26,
S2,1983,27-45,
S2,1983,46-65,
S2,1984,00-04,
S2,1984,05-09,
S2,1984,10-14,
S2,1984,15-19,
S2,1984,20-24,
S2,1984,25-29,
S2,1984,30-34,
S2,1984,35-39,
S2,1984,40-44,
S2,1984,45-49,
S2,1984,50-54,
S2,1984,55-59,
S2,1984,60-64,
S2,1984,65-69,
S2,1984,70-74,
S2,1984,75+,
S2,1984,0-8,
S2,1984,9-14,
S2,1984,0-17,97972063.66025043
S2,1984,18-29,71646213.12692156
S2,1984,30-65,154742209.2209193
S2,1984,66+,26874922.100420758
S2,1984,15-26,
S2,1984,27-45,
S2,1984,46-65,
S2,1985,00-04,
S2,1985,05-09,
S2,1985,10-14,
S2,1985,15-19,
S2,1985,20-24,
S2,1985,25-29,
S2,1985,30-34,
S2,1985,35-39,
S2,1985,40-44,
S2,1985,45-49,
S2,1985,50-54,
S2,1985,55-59,
S2,1985,60-64,
S2,1985,65-69,
S2,1985,70-74,
S2,1985,75+,
S2,1985,0-8,
S2,1985,9-14,
S2,1985,0-17,100332404.69085976
S2,1985,18-29,73316569.71212637
S2,1985,30-65,158412055.1248511
S2,1985,66+,27520906.73122823
S2,1985,15-26,
S2,1985,27-45,
S2,1985,46-65,
S2,1986,00-04,
S2,1986,05-09,
S2,1986,10-14,
S2,1986,15-19,
S2,1986,20-24,
S2,1986,25-29,
S2,1986,30-34,
S2,1986,35-39,
S2,1986,40-44,
S2,1986,45-49,
S2,1986,50-54,
S2,1986,55-59,
S2,1986,60-64,
S2,1986,65-69,
S2,1986,70-74,
S2,1986,75+,
S2,1986,0-8,
S2,1986,9-14,
S2,1986,0-17,102685763.4954074
S2,1986,18-29,75052603.16275159
S2,1986,30-65,162138961.38526213
S2,1986,66+,28172677.723647103
S2,1986,15-26,
S2,1986,27-45,
S2,1986,46-65,
S2,1987,00-04,
S2,1987,05-09,
S2,1987,10-14,
S2,1987,15-19,
S2,1987,20-24,
S2,1987,25-29,
S2,1987,30-34,
S2,1987,35-39,
S2,1987,40-44,
S2,1987,45-49,
S2,1987,50-54,
S2,1987,55-59,
S2,1987,60-64,
S2,1987,65-69,
S2,1987,70-74,
S2,1987,75+,
S2,1987,0-8,
S2,1987,9-14,
S2,1987,0-17,105078861.04312634
S2,1987,18-29,76838809.99580374
S2,1987,30-65,165947766.03323832
S2,1987,66+,28838822.86841498
S2,1987,15-26,
S2,1987,27-45,
S2,1987,46-65,
S2,1988,00-04,
S2,1988,05-09,
S2,1988,10-14,
S2,1988,15-19,
S2,1988,20-24,
S2,1988,25-29,
S2,1988,30-34,
S2,1988,35-39,
S2,1988,40-44,
S2,1988,45-49,
S2,1988,50-54,
S2,1988,55-59,
S2,1988,60-64,
S2,1988,65-69,
S2,1988,70-74,
S2,1988,75+,
S2,1988,0-8,
S2,1988,9-14,
S2,1988,0-17,107519037.79373984
S2,1988,18-29,78591455.29630837
S2,1988,30-65,169770877.00699475
S2,1988,66+,29505135.602343183
S2,1988,15-26,
S2,1988,27-45,
S2,1988,46-65,
S2,1989,00-04,
S2,1989,05-09,
S2,1989,10-14,
S2,1989,15-19,
S2,1989,20-24,
S2,1989,25-29,
S2,1989,30-34,
S2,1989,35-39,
S2,1989,40-44,
S2,1989,45-49,
S2,1989,50-54,
S2,1989,55-59,
S2,1989,60-64,
S2,1989,65-69,
S2,1989,70-74,
S2,1989,75+,
S2,1989,0-8,
S2,1989,9-14,
S2,1989,0-17,110020868.01060939
S2,1989,18-29,80344072.42760056
S2,1989,30-65,173653521.10239524
S2,1989,66+,30177899.90612322
S2,1989,15-26,
S2,1989,27-45,
S2,1989,46-65,
S2,1990,00-04,
S2,1990,05-09,
S2,1990,10-14,
S2,1990,15-19,
S2,1990,20-24,
S2,1990,25-29,
S2,1990,30-34,
S2,1990,35-39,
S2,1990,40-44,
S2,1990,45-49,
S2,1990,50-54,
S2,1990,55-59,
S2,1990,60-64,
S2,1990,65-69,
S2,1990,70-74,
S2,1990,75+,
S2,1990,0-8,
S2,1990,9-14,
S2,1990,0-17,112504394.35759877
S2,1990,18-29,82179529.60085545
S2,1990,30-65,177598006.81235552
S2,1990,66+,30857924.078167707
S2,1990,15-26,
S2,1990,27-45,
S2,1990,46-65,
S2,1991,00-04,
S2,1991,05-09,
S2,1991,10-14,
S2,1991,15-19,
S2,1991,20-24,
S2,1991,25-29,
S2,1991,30-34,
S2,1991,35-39,
S2,1991,40-44,
S2,1991,45-49,
S2,1991,50-54,
S2,1991,55-59,
S2,1991,60-64,
S2,1991,65-69,
S2,1991,70-74,
S2,1991,75+,
S2,1991,0-8,
S2,1991,9-14,
S2,1991,0-17,114983830.54168482
S2,1991,18-29,84054605.15599717
S2,1991,30-65,181573618.57600054
S2,1991,66+,31544863.693794053
S2,1991,15-26,
S2,1991,27-45,
S2,1991,46-65,
S2,1992,00-04,
S2,1992,05-09,
S2,1992,10-14,
S2,1992,15-19,
S2,1992,20-24,
S2,1992,25-29,
S2,1992,30-34,
S2,1992,35-39,
S2,1992,40-44,
S2,1992,45-49,
S2,1992,50-54,
S2,1992,55-59,
S2,1992,60-64,
S2,1992,65-69,
S2,1992,70-74,
S2,1992,75+,
S2,1992,0-8,
S2,1992,9-14,
S2,1992,0-17,117452620.99861306
S2,1992,18-29,85897011.86409153
S2,1992,30-65,185503049.54741716
S2,1992,66+,32231605.439746447
S2,1992,15-26,
S2,1992,27-45,
S2,1992,46-65,
S2,1993,00-04,
S2,1993,05-09,
S2,1993,10-14,
S2,1993,15-19,
S2,1993,20-24,
S2,1993,25-29,
S2,1993,30-34,
S2,1993,35-39,
S2,1993,40-44,
S2,1993,45-49,
S2,1993,50-54,
S2,1993,55-59,
S2,1993,60-64,
S2,1993,65-69,
S2,1993,70-74,
S2,1993,75+,
S2,1993,0-8,
S2,1993,9-14,
S2,1993,0-17,119921990.93653323
S2,1993,18-29,87794613.43520606
S2,1993,30-65,189482896.1603177
S2,1993,66+,32927651.38427404
S2,1993,15-26,
S2,1993,27-45,
S2,1993,46-65,
S2,1994,00-04,
S2,1994,05-09,
S2,1994,10-14,
S2,1994,15-19,
S2,1994,20-24,
S2,1994,25-29,
S2,1994,30-34,
S2,1994,35-39,
S2,1994,40-44,
S2,1994,45-49,
S2,1994,50-54,
S2,1994,55-59,
S2,1994,60-64,
S2,1994,65-69,
S2,1994,70-74,
S2,1994,75+,
S2,1994,0-8,
S2,1994,9-14,
S2,1994,0-17,122449786.17616488
S2,1994,18-29,89617110.1080264
S2,1994,30-65,193451664.5026767
S2,1994,66+,33616916.08243054
S2,1994,15-26,
S2,1994,27-45,
S2,1994,46-65,
S2,1995,00-04,
S2,1995,05-09,
S2,1995,10-14,
S2,1995,15-19,
S2,1995,20-24,
S2,1995,25-29,
S2,1995,30-34,
S2,1995,35-39,
S2,1995,40-44,
S2,1995,45-49,
S2,1995,50-54,
S2,1995,55-59,
S2,1995,60-64,
S2,1995,65-69,
S2,1995,70-74,
S2,1995,75+,
S2,1995,0-8,
S2,1995,9-14,
S2,1995,0-17,124924095.85300715
S2,1995,18-29,91425384.35399476
S2,1995,30-65,197364712.78310978
S2,1995,66+,34289403.16667805
S2,1995,15-26,
S2,1995,27-45,
S2,1995,46-65,
S2,1996,00-04,
S2,1996,05-09,
S2,1996,10-14,
S2,1996,15-19,
S2,1996,20-24,
S2,1996,25-29,
S2,1996,30-34,
S2,1996,35-39,
S2,1996,40-44,
S2,1996,45-49,
S2,1996,50-54,
S2,1996,55-59,
S2,1996,60-64,
S2,1996,65-69,
S2,1996,70-74,
S2,1996,75+,
S2,1996,0-8,
S2,1996,9-14,
S2,1996,0-17,127492764.2300406
S2,1996,18-29,93218901.02771997
S2,1996,30-65,201348130.59856924
S2,1996,66+,34976752.85468564
S2,1996,15-26,
S2,1996,27-45,
S2,1996,46-65,
S2,1997,00-04,
S2,1997,05-09,
S2,1997,10-14,
S2,1997,15-19,
S2,1997,20-24,
S2,1997,25-29,
S2,1997,30-34,
S2,1997,35-39,
S2,1997,40-44,
S2,1997,45-49,
S2,1997,50-54,
S2,1997,55-59,
S2,1997,60-64,
S2,1997,65-69,
S2,1997,70-74,
S2,1997,75+,
S2,1997,0-8,
S2,1997,9-14,
S2,1997,0-17,130115529.31999697
S2,1997,18-29,94972951.66820854
S2,1997,30-65,205340766.04708493
S2,1997,66+,35670550.56857584
S2,1997,15-26,
S2,1997,27-45,
S2,1997,46-65,
S2,1998,00-04,
S2,1998,05-09,
S2,1998,10-14,
S2,1998,15-19,
S2,1998,20-24,
S2,1998,25-29,
S2,1998,30-34,
S2,1998,35-39,
S2,1998,40-44,
S2,1998,45-49,
S2,1998,50-54,
S2,1998,55-59,
S2,1998,60-64,
S2,1998,65-69,
S2,1998,70-74,
S2,1998,75+,
S2,1998,0-8,
S2,1998,9-14,
S2,1998,0-17,132663544.14665529
S2,1998,18-29,96815783.17808935
S2,1998,30-65,209342113.77168465
S2,1998,66+,36370659.14231866
S2,1998,15-26,
S2,1998,27-45,
S2,1998,46-65,
S2,1999,00-04,
S2,1999,05-09,
S2,1999,10-14,
S2,1999,15-19,
S2,1999,20-24,
S2,1999,25-29,
S2,1999,30-34,
S2,1999,35-39,
S2,1999,40-44,
S2,1999,45-49,
S2,1999,50-54,
S2,1999,55-59,
S2,1999,60-64,
S2,1999,65-69,
S2,1999,70-74,
S2,1999,75+,
S2,1999,0-8,
S2,1999,9-14,
S2,1999,0-17,135132495.03967413
S2,1999,18-29,98754161.80477968
S2,1999,30-65,213359542.69271722
S2,1999,66+,37072335.72877683
S2,1999,15-26,
S2,1999,27-45,
S2,1999,46-65,
S2,2000,00-04,
S2,2000,05-09,
S2,2000,10-14,
S2,2000,15-19,
S2,2000,20-24,
S2,2000,25-29,
S2,2000,30-34,
S2,2000,35-39,
S2,2000,40-44,
S2,2000,45-49,
S2,2000,50-54,
S2,2000,55-59,
S2,2000,60-64,
S2,2000,65-69,
S2,2000,70-74,
S2,2000,75+,
S2,2000,0-8,
S2,2000,9-14,
S2,2000,0-17,137635164.38513488
S2,2000,18-29,100659463.50197364
S2,2000,30-65,217378534.02947575
S2,2000,66+,37773136.80400573
S2,2000,15-26,
S2,2000,27-45,
S2,2000,46-65,
S2,2001,00-04,
S2,2001,05-09,
S2,2001,10-14,
S2,2001,15-19,
S2,2001,20-24,
S2,2001,25-29,
S2,2001,30-34,
S2,2001,35-39,
S2,2001,40-44,
S2,2001,45-49,
S2,2001,50-54,
S2,2001,55-59,
S2,2001,60-64,
S2,2001,65-69,
S2,2001,70-74,
S2,2001,75+,
S2,2001,0-8,
S2,2001,9-14,
S2,2001,0-17,140240093.1299701
S2,2001,18-29,102531464.33526413
S2,2001,30-65,221458542.00963452
S2,2001,66+,38486757.92153594
S2,2001,15-26,
S2,2001,27-45,
S2,2001,46-65,
S2,2002,00-04,
S2,2002,05-09,
S2,2002,10-14,
S2,2002,15-19,
S2,2002,20-24,
S2,2002,25-29,
S2,2002,30-34,
S2,2002,35-39,
S2,2002,40-44,
S2,2002,45-49,
S2,2002,50-54,
S2,2002,55-59,
S2,2002,60-64,
S2,2002,65-69,
S2,2002,70-74,
S2,2002,75+,
S2,2002,0-8,
S2,2002,9-14,
S2,2002,0-17,142891603.15261096
S2,2002,18-29,104431631.67623706
S2,2002,30-65,225644041.25355923
S2,2002,66+,39174923.244532175
S2,2002,15-26,
S2,2002,27-45,
S2,2002,46-65,
S2,2003,00-04,
S2,2003,05-09,
S2,2003,10-14,
S2,2003,15-19,
S2,2003,20-24,
S2,2003,25-29,
S2,2003,30-34,
S2,2003,35-39,
S2,2003,40-44,
S2,2003,45-49,
S2,2003,50-54,
S2,2003,55-59,
S2,2003,60-64,
S2,2003,65-69,
S2,2003,70-74,
S2,2003,75+,
S2,2003,0-8,
S2,2003,9-14,
S2,2003,0-17,145380100.05532274
S2,2003,18-29,106316092.41700517
S2,2003,30-65,229659667.85754392
S2,2003,66+,39841598.793605395
S2,2003,15-26,
S2,2003,27-45,
S2,2003,46-65,
S2,2004,00-04,
S2,2004,05-09,
S2,2004,10-14,
S2,2004,15-19,
S2,2004,20-24,
S2,2004,25-29,
S2,2004,30-34,
S2,2004,35-39,
S2,2004,40-44,
S2,2004,45-49,
S2,2004,50-54,
S2,2004,55-59,
S2,2004,60-64,
S2,2004,65-69,
S2,2004,70-74,
S2,2004,75+,
S2,2004,0-8,
S2,2004,9-14,
S2,2004,0-17,147882672.37047556
S2,2004,18-29,108150314.12660319
S2,2004,30-65,233606838.82378772
S2,2004,66+,40538008.135013364
S2,2004,15-26,
S2,2004,27-45,
S2,2004,46-65,
S2,2005,00-04,
S2,2005,05-09,
S2,2005,10-14,
S2,2005,15-19,
S2,2005,20-24,
S2,2005,25-29,
S2,2005,30-34,
S2,2005,35-39,
S2,2005,40-44,
S2,2005,45-49,
S2,2005,50-54,
S2,2005,55-59,
S2,2005,60-64,
S2,2005,65-69,
S2,2005,70-74,
S2,2005,75+,
S2,2005,0-8,
S2,2005,9-14,
S2,2005,0-17,150371588.18228614
S2,2005,18-29,110041222.89147533
S2,2005,30-65,237552648.142919
S2,2005,66+,41281853.67133101
S2,2005,15-26,
S2,2005,27-45,
S2,2005,46-65,
S2,2006,00-04,
S2,2006,05-09,
S2,2006,10-14,
S2,2006,15-19,
S2,2006,20-24,
S2,2006,25-29,
S2,2006,30-34,
S2,2006,35-39,
S2,2006,40-44,
S2,2006,45-49,
S2,2006,50-54,
S2,2006,55-59,
S2,2006,60-64,
S2,2006,65-69,
S2,2006,70-74,
S2,2006,75+,
S2,2006,0-8,
S2,2006,9-14,
S2,2006,0-17,152746511.89510995
S2,2006,18-29,111787436.92830326
S2,2006,30-65,241283327.60057706
S2,2006,66+,41963842.64804795
S2,2006,15-26,
S2,2006,27-45,
S2,2006,46-65,
S2,2007,00-04,
S2,2007,05-09,
S2,2007,10-14,
S2,2007,15-19,
S2,2007,20-24,
S2,2007,25-29,
S2,2007,30-34,
S2,2007,35-39,
S2,2007,40-44,
S2,2007,45-49,
S2,2007,50-54,
S2,2007,55-59,
S2,2007,60-64,
S2,2007,65-69,
S2,2007,70-74,
S2,2007,75+,
S2,2007,0-8,
S2,2007,9-14,
S2,2007,0-17,155212025.33172244
S2,2007,18-29,113502689.90419656
S2,2007,30-65,245090252.79537174
S2,2007,66+,42633432.702353776
S2,2007,15-26,
S2,2007,27-45,
S2,2007,46-65,
S2,2008,00-04,
S2,2008,05-09,
S2,2008,10-14,
S2,2008,15-19,
S2,2008,20-24,
S2,2008,25-29,
S2,2008,30-34,
S2,2008,35-39,
S2,2008,40-44,
S2,2008,45-49,
S2,2008,50-54,
S2,2008,55-59,
S2,2008,60-64,
S2,2008,65-69,
S2,2008,70-74,
S2,2008,75+,
S2,2008,0-8,
S2,2008,9-14,
S2,2008,0-17,157486739.053973
S2,2008,18-29,115182163.00171056
S2,2008,30-65,248708586.3470263
S2,2008,66+,43249006.4896788
S2,2008,15-26,
S2,2008,27-45,
S2,2008,46-65,
S2,2009,00-04,
S2,2009,05-09,
S2,2009,10-14,
S2,2009,15-19,
S2,2009,20-24,
S2,2009,25-29,
S2,2009,30-34,
S2,2009,35-39,
S2,2009,40-44,
S2,2009,45-49,
S2,2009,50-54,
S2,2009,55-59,
S2,2009,60-64,
S2,2009,65-69,
S2,2009,70-74,
S2,2009,75+,
S2,2009,0-8,
S2,2009,9-14,
S2,2009,0-17,159778613.0948448
S2,2009,18-29,116831023.11037843
S2,2009,30-65,252331262.59297255
S2,2009,66+,43845833.26602447
S2,2009,15-26,
S2,2009,27-45,
S2,2009,46-65,
S2,2010,00-04,
S2,2010,05-09,
S2,2010,10-14,
S2,2010,15-19,
S2,2010,20-24,
S2,2010,25-29,
S2,2010,30-34,
S2,2010,35-39,
S2,2010,40-44,
S2,2010,45-49,
S2,2010,50-54,
S2,2010,55-59,
S2,2010,60-64,
S2,2010,65-69,
S2,2010,70-74,
S2,2010,75+,
S2,2010,0-8,
S2,2010,9-14,
S2,2010,0-17,162175395.87988004
S2,2010,18-29,118555736.51769792
S2,2010,30-65,256083533.44045815
S2,2010,66+,44506614.65197557
S2,2010,15-26,
S2,2010,27-45,
S2,2010,46-65,
S2,2011,00-04,
S2,2011,05-09,
S2,2011,10-14,
S2,2011,15-19,
S2,2011,20-24,
S2,2011,25-29,
S2,2011,30-34,
S2,2011,35-39,
S2,2011,40-44,
S2,2011,45-49,
S2,2011,50-54,
S2,2011,55-59,
S2,2011,60-64,
S2,2011,65-69,
S2,2011,70-74,
S2,2011,75+,
S2,2011,0-8,
S2,2011,9-14,
S2,2011,0-17,164546019.96151143
S2,2011,18-29,120302549.88890487
S2,2011,30-65,259827960.50201994
S2,2011,66+,45170893.96772147
S2,2011,15-26,
S2,2011,27-45,
S2,2011,46-65,
S2,2012,00-04,
S2,2012,05-09,
S2,2012,10-14,
S2,2012,15-19,
S2,2012,20-24,
S2,2012,25-29,
S2,2012,30-34,
S2,2012,35-39,
S2,2012,40-44,
S2,2012,45-49,
S2,2012,50-54,
S2,2012,55-59,
S2,2012,60-64,
S2,2012,65-69,
S2,2012,70-74,
S2,2012,75+,
S2,2012,0-8,
S2,2012,9-14,
S2,2012,0-17,166879208.01164216
S2,2012,18-29,122001706.59536684
S2,2012,30-65,263486273.47660148
S2,2012,66+,45830175.18795603
S2,2012,15-26,
S2,2012,27-45,
S2,2012,46-65,
S2,2013,00-04,
S2,2013,05-09,
S2,2013,10-14,
S2,2013,15-19,
S2,2013,20-24,
S2,2013,25-29,
S2,2013,30-34,
S2,2013,35-39,
S2,2013,40-44,
S2,2013,45-49,
S2,2013,50-54,
S2,2013,55-59,
S2,2013,60-64,
S2,2013,65-69,
S2,2013,70-74,
S2,2013,75+,
S2,2013,0-8,
S2,2013,9-14,
S2,2013,0-17,169249895.0134074
S2,2013,18-29,123711771.71108408
S2,2013,30-65,266954728.3604109
S2,2013,66+,46475791.96806295
S2,2013,15-26,
S2,2013,27-45,
S2,2013,46-65,
S2,2014,00-04,
S2,2014,05-09,
S2,2014,10-14,
S2,2014,15-19,
S2,2014,20-24,
S2,2014,25-29,
S2,2014,30-34,
S2,2014,35-39,
S2,2014,40-44,
S2,2014,45-49,
S2,2014,50-54,
S2,2014,55-59,
S2,2014,60-64,
S2,2014,65-69,
S2,2014,70-74,
S2,2014,75+,
S2,2014,0-8,
S2,2014,9-14,
S2,2014,0-17,171612868.05616933
S2,2014,18-29,125433848.1921619
S2,2014,30-65,270390710.62544644
S2,2014,66+,47158886.286854126
S2,2014,15-26,
S2,2014,27-45,
S2,2014,46-65,
S2,2015,00-04,
S2,2015,05-09,
S2,2015,10-14,
S2,2015,15-19,
S2,2015,20-24,
S2,2015,25-29,
S2,2015,30-34,
S2,2015,35-39,
S2,2015,40-44,
S2,2015,45-49,
S2,2015,50-54,
S2,2015,55-59,
S2,2015,60-64,
S2,2015,65-69,
S2,2015,70-74,
S2,2015,75+,
S2,2015,0-8,
S2,2015,9-14,
S2,2015,0-17,174003174.14043906
S2,2015,18-29,127131798.80309373
S2,2015,30-65,274227831.6131988
S2,2015,66+,47446095.203546524
S2,2015,15-26,
S2,2015,27-45,
S2,2015,46-65,
S2,2016,00-04,
S2,2016,05-09,
S2,2016,10-14,
S2,2016,15-19,
S2,2016,20-24,
S2,2016,25-29,
S2,2016,30-34,
S2,2016,35-39,
S2,2016,40-44,
S2,2016,45-49,
S2,2016,50-54,
S2,2016,55-59,
S2,2016,60-64,
S2,2016,65-69,
S2,2016,70-74,
S2,2016,75+,
S2,2016,0-8,
S2,2016,9-14,
S2,2016,0-17,176389165.71423584
S2,2016,18-29,128725751.52957202
S2,2016,30-65,277639779.90565
S2,2016,66+,48048590.166692615
S2,2016,15-26,
S2,2016,27-45,
S2,2016,46-65,
S2,2017,00-04,
S2,2017,05-09,
S2,2017,10-14,
S2,2017,15-19,
S2,2017,20-24,
S2,2017,25-29,
S2,2017,30-34,
S2,2017,35-39,
S2,2017,40-44,
S2,2017,45-49,
S2,2017,50-54,
S2,2017,55-59,
S2,2017,60-64,
S2,2017,65-69,
S2,2017,70-74,
S2,2017,75+,
S2,2017,0-8,
S2,2017,9-14,
S2,2017,0-17,178680249.81078935
S2,2017,18-29,130192998.73064356
S2,2017,30-65,280840083.74983156
S2,2017,66+,48636457.3927699
S2,2017,15-26,
S2,2017,27-45,
S2,2017,46-65,
S2,2018,00-04,
S2,2018,05-09,
S2,2018,10-14,
S2,2018,15-19,
S2,2018,20-24,
S2,2018,25-29,
S2,2018,30-34,
S2,2018,35-39,
S2,2018,40-44,
S2,2018,45-49,
S2,2018,50-54,
S2,2018,55-59,
S2,2018,60-64,
S2,2018,65-69,
S2,2018,70-74,
S2,2018,75+,
S2,2018,0-8,
S2,2018,9-14,
S2,2018,0-17,180936470.19337377
S2,2018,18-29,131696216.02420238
S2,2018,30-65,284048538.19766444
S2,2018,66+,49219080.62033469
S2,2018,15-26,
S2,2018,27-45,
S2,2018,46-65,
S2,2019,00-04,
S2,2019,05-09,
S2,2019,10-14,
S2,2019,15-19,
S2,2019,20-24,
S2,2019,25-29,
S2,2019,30-34,
S2,2019,35-39,
S2,2019,40-44,
S2,2019,45-49,
S2,2019,50-54,
S2,2019,55-59,
S2,2019,60-64,
S2,2019,65-69,
S2,2019,70-74,
S2,2019,75+,
S2,2019,0-8,
S2,2019,9-14,
S2,2019,0-17,183049865.55055726
S2,2019,18-29,133349467.96765824
S2,2019,30-65,287250880.5317186
S2,2019,66+,49815798.47789861
S2,2019,15-26,
S2,2019,27-45,
S2,2019,46-65,
S2,2020,00-04,
S2,2020,05-09,
S2,2020,10-14,
S2,2020,15-19,
S2,2020,20-24,
S2,2020,25-29,
S2,2020,30-34,
S2,2020,35-39,
S2,2020,40-44,
S2,2020,45-49,
S2,2020,50-54,
S2,2020,55-59,
S2,2020,60-64,
S2,2020,65-69,
S2,2020,70-74,
S2,2020,75+,
S2,2020,0-8,
S2,2020,9-14,
S2,2020,0-17,185042877.76517102
S2,2020,18-29,135127274.90127617
S2,2020,30-65,290518433.1756839
S2,2020,66+,50354527.156096645
S2,2020,15-26,
S2,2020,27-45,
S2,2020,46-65,
S2,2021,00-04,
S2,2021,05-09,
S2,2021,10-14,
S2,2021,15-19,
S2,2021,20-24,
S2,2021,25-29,
S2,2021,30-34,
S2,2021,35-39,
S2,2021,40-44,
S2,2021,45-49,
S2,2021,50-54,
S2,2021,55-59,
S2,2021,60-64,
S2,2021,65-69,
S2,2021,70-74,
S2,2021,75+,
S2,2021,0-8,
S2,2021,9-14,
S2,2021,0-17,187044001.03852674
S2,2021,18-29,136782049.0823368
S2,2021,30-65,293661558.3549572
S2,2021,66+,50895496.112314165
S2,2021,15-26,
S2,2021,27-45,
S2,2021,46-65,
S2,2022,00-04,
S2,2022,05-09,
S2,2022,10-14,
S2,2022,15-19,
S2,2022,20-24,
S2,2022,25-29,
S2,2022,30-34,
S2,2022,35-39,
S2,2022,40-44,
S2,2022,45-49,
S2,2022,50-54,
S2,2022,55-59,
S2,2022,60-64,
S2,2022,65-69,
S2,2022,70-74,
S2,2022,75+,
S2,2022,0-8,
S2,2022,9-14,
S2,2022,0-17,189048207.19079354
S2,2022,18-29,138196757.14288893
S2,2022,30-65,296589205.5919794
S2,2022,66+,51399334.259933695
S2,2022,15-26,
S2,2022,27-45,
S2,2022,46-65,
S2,2023,00-04,
S2,2023,05-09,
S2,2023,10-14,
S2,2023,15-19,
S2,2023,20-24,
S2,2023,25-29,
S2,2023,30-34,
S2,2023,35-39,
S2,2023,40-44,
S2,2023,45-49,
S2,2023,50-54,
S2,2023,55-59,
S2,2023,60-64,
S2,2023,65-69,
S2,2023,70-74,
S2,2023,75+,
S2,2023,0-8,
S2,2023,9-14,
S2,2023,0-17,191059153.31810823
S2,2023,18-29,139609129.79892504
S2,2023,30-65,299526550.790506
S2,2023,66+,51900038.304074466
S2,2023,15-26,
S2,2023,27-45,
S2,2023,46-65,
S2,2024,00-04,
S2,2024,05-09,
S2,2024,10-14,
S2,2024,15-19,
S2,2024,20-24,
S2,2024,25-29,
S2,2024,30-34,
S2,2024,35-39,
S2,2024,40-44,
S2,2024,45-49,
S2,2024,50-54,
S2,2024,55-59,
S2,2024,60-64,
S2,2024,65-69,
S2,2024,70-74,
S2,2024,75+,
S2,2024,0-8,
S2,2024,9-14,
S2,2024,0-17,193148888.32748052
S2,2024,18-29,140949620.93466923
S2,2024,30-65,302462799.98305976
S2,2024,66+,52410112.982469246
S2,2024,15-26,
S2,2024,27-45,
S2,2024,46-65,
S2,2025,00-04,
S2,2025,05-09,
S2,2025,10-14,
S2,2025,15-19,
S2,2025,20-24,
S2,2025,25-29,
S2,2025,30-34,
S2,2025,35-39,
S2,2025,40-44,
S2,2025,45-49,
S2,2025,50-54,
S2,2025,55-59,
S2,2025,60-64,
S2,2025,65-69,
S2,2025,70-74,
S2,2025,75+,
S2,2025,0-8,
S2,2025,9-14,
S2,2025,0-17,195366249.72511634
S2,2025,18-29,142166769.27971116
S2,2025,30-65,305407326.6829339
S2,2025,66+,52918007.415257335
S2,2025,15-26,
S2,2025,27-45,
S2,2025,46-65,
S2,2026,00-04,
S2,2026,05-09,
S2,2026,10-14,
S2,2026,15-19,
S2,2026,20-24,
S2,2026,25-29,
S2,2026,30-34,
S2,2026,35-39,
S2,2026,40-44,
S2,2026,45-49,
S2,2026,50-54,
S2,2026,55-59,
S2,2026,60-64,
S2,2026,65-69,
S2,2026,70-74,
S2,2026,75+,
S2,2026,0-8,
S2,2026,9-14,
S2,2026,0-17,197417976.75171974
S2,2026,18-29,143412539.8133955
S2,2026,30-65,308262869.9344607
S2,2026,66+,53376817.11458873
S2,2026,15-26,
S2,2026,27-45,
S2,2026,46-65,
S2,2027,00-04,
S2,2027,05-09,
S2,2027,10-14,
S2,2027,15-19,
S2,2027,20-24,
S2,2027,25-29,
S2,2027,30-34,
S2,2027,35-39,
S2,2027,40-44,
S2,2027,45-49,
S2,2027,50-54,
S2,2027,55-59,
S2,2027,60-64,
S2,2027,65-69,
S2,2027,70-74,
S2,2027,75+,
S2,2027,0-8,
S2,2027,9-14,
S2,2027,0-17,199173080.36898342
S2,2027,18-29,144675032.10400492
S2,2027,30-65,310865300.24284095
S2,2027,66+,53804089.25172889
S2,2027,15-26,
S2,2027,27-45,
S2,2027,46-65,
S2,2028,00-04,
S2,2028,05-09,
S2,2028,10-14,
S2,2028,15-19,
S2,2028,20-24,
S2,2028,25-29,
S2,2028,30-34,
S2,2028,35-39,
S2,2028,40-44,
S2,2028,45-49,
S2,2028,50-54,
S2,2028,55-59,
S2,2028,60-64,
S2,2028,65-69,
S2,2028,70-74,
S2,2028,75+,
S2,2028,0-8,
S2,2028,9-14,
S2,2028,0-17,200794530.0168116
S2,2028,18-29,146074306.7844796
S2,2028,30-65,313471263.2173641
S2,2028,66+,54232726.60038485
S2,2028,15-26,
S2,2028,27-45,
S2,2028,46-65,
S2,2029,00-04,
S2,2029,05-09,
S2,2029,10-14,
S2,2029,15-19,
S2,2029,20-24,
S2,2029,25-29,
S2,2029,30-34,
S2,2029,35-39,
S2,2029,40-44,
S2,2029,45-49,
S2,2029,50-54,
S2,2029,55-59,
S2,2029,60-64,
S2,2029,65-69,
S2,2029,70-74,
S2,2029,75+,
S2,2029,0-8,
S2,2029,9-14,
S2,2029,0-17,202459615.96847388
S2,2029,18-29,147437006.93112507
S2,2029,30-65,316071777.0658525
S2,2029,66+,54676005.55745345
S2,2029,15-26,
S2,2029,27-45,
S2,2029,46-65,
S2,2030,00-04,
S2,2030,05-09,
S2,2030,10-14,
S2,2030,15-19,
S2,2030,20-24,
S2,2030,25-29,
S2,2030,30-34,
S2,2030,35-39,
S2,2030,40-44,
S2,2030,45-49,
S2,2030,50-54,
S2,2030,55-59,
S2,2030,60-64,
S2,2030,65-69,
S2,2030,70-74,
S2,2030,75+,
S2,2030,0-8,
S2,2030,9-14,
S2,2030,0-17,204081224.5720268
S2,2030,18-29,148850185.644524
S2,2030,30-65,318676739.3296927
S2,2030,66+,55123313.25556813
S2,2030,15-26,
S2,2030,27-45,
S2,2030,46-65,
S2,2031,00-04,
S2,2031,05-09,
S2,2031,10-14,
S2,2031,15-19,
S2,2031,20-24,
S2,2031,25-29,
S2,2031,30-34,
S2,2031,35-39,
S2,2031,40-44,
S2,2031,45-49,
S2,2031,50-54,
S2,2031,55-59,
S2,2031,60-64,
S2,2031,65-69,
S2,2031,70-74,
S2,2031,75+,
S2,2031,0-8,
S2,2031,9-14,
S2,2031,0-17,205674826.834844
S2,2031,18-29,150146314.40320152
S2,2031,30-65,321138617.5910894
S2,2031,66+,55570718.41066218
S2,2031,15-26,
S2,2031,27-45,
S2,2031,46-65,
S2,2032,00-04,
S2,2032,05-09,
S2,2032,10-14,
S2,2032,15-19,
S2,2032,20-24,
S2,2032,25-29,
S2,2032,30-34,
S2,2032,35-39,
S2,2032,40-44,
S2,2032,45-49,
S2,2032,50-54,
S2,2032,55-59,
S2,2032,60-64,
S2,2032,65-69,
S2,2032,70-74,
S2,2032,75+,
S2,2032,0-8,
S2,2032,9-14,
S2,2032,0-17,207269611.25271583
S2,2032,18-29,151148945.23606783
S2,2032,30-65,323373915.9545297
S2,2032,66+,55952421.93201097
S2,2032,15-26,
S2,2032,27-45,
S2,2032,46-65,
S2,2033,00-04,
S2,2033,05-09,
S2,2033,10-14,
S2,2033,15-19,
S2,2033,20-24,
S2,2033,25-29,
S2,2033,30-34,
S2,2033,35-39,
S2,2033,40-44,
S2,2033,45-49,
S2,2033,50-54,
S2,2033,55-59,
S2,2033,60-64,
S2,2033,65-69,
S2,2033,70-74,
S2,2033,75+,
S2,2033,0-8,
S2,2033,9-14,
S2,2033,0-17,209110445.73245692
S2,2033,18-29,151908786.90322074
S2,2033,30-65,325629702.5010926
S2,2033,66+,56319571.285824805
S2,2033,15-26,
S2,2033,27-45,
S2,2033,46-65,
S2,2034,00-04,
S2,2034,05-09,
S2,2034,10-14,
S2,2034,15-19,
S2,2034,20-24,
S2,2034,25-29,
S2,2034,30-34,
S2,2034,35-39,
S2,2034,40-44,
S2,2034,45-49,
S2,2034,50-54,
S2,2034,55-59,
S2,2034,60-64,
S2,2034,65-69,
S2,2034,70-74,
S2,2034,75+,
S2,2034,0-8,
S2,2034,9-14,
S2,2034,0-17,210808912.23492086
S2,2034,18-29,152818599.73508075
S2,2034,30-65,327892099.398332
S2,2034,66+,56689939.19269192
S2,2034,15-26,
S2,2034,27-45,
S2,2034,46-65,
S2,2035,00-04,
S2,2035,05-09,
S2,2035,10-14,
S2,2035,15-19,
S2,2035,20-24,
S2,2035,25-29,
S2,2035,30-34,
S2,2035,35-39,
S2,2035,40-44,
S2,2035,45-49,
S2,2035,50-54,
S2,2035,55-59,
S2,2035,60-64,
S2,2035,65-69,
S2,2035,70-74,
S2,2035,75+,
S2,2035,0-8,
S2,2035,9-14,
S2,2035,0-17,212020621.23737523
S2,2035,18-29,154220078.58095056
S2,2035,30-65,330125463.60856634
S2,2035,66+,57095106.583661504
S2,2035,15-26,
S2,2035,27-45,
S2,2035,46-65,
S2,2036,00-04,
S2,2036,05-09,
S2,2036,10-14,
S2,2036,15-19,
S2,2036,20-24,
S2,2036,25-29,
S2,2036,30-34,
S2,2036,35-39,
S2,2036,40-44,
S2,2036,45-49,
S2,2036,50-54,
S2,2036,55-59,
S2,2036,60-64,
S2,2036,65-69,
S2,2036,70-74,
S2,2036,75+,
S2,2036,0-8,
S2,2036,9-14,
S2,2036,0-17,213513263.84190336
S2,2036,18-29,155347426.63824505
S2,2036,30-65,332387480.6513646
S2,2036,66+,57481760.72286862
S2,2036,15-26,
S2,2036,27-45,
S2,2036,46-65,
S2,2037,00-04,
S2,2037,05-09,
S2,2037,10-14,
S2,2037,15-19,
S2,2037,20-24,
S2,2037,25-29,
S2,2037,30-34,
S2,2037,35-39,
S2,2037,40-44,
S2,2037,45-49,
S2,2037,50-54,
S2,2037,55-59,
S2,2037,60-64,
S2,2037,65-69,
S2,2037,70-74,
S2,2037,75+,
S2,2037,0-8,
S2,2037,9-14,
S2,2037,0-17,214771687.8031689
S2,2037,18-29,156462483.1574314
S2,2037,30-65,334546557.21236956
S2,2037,66+,57831346.80391914
S2,2037,15-26,
S2,2037,27-45,
S2,2037,46-65,
S2,2038,00-04,
S2,2038,05-09,
S2,2038,10-14,
S2,2038,15-19,
S2,2038,20-24,
S2,2038,25-29,
S2,2038,30-34,
S2,2038,35-39,
S2,2038,40-44,
S2,2038,45-49,
S2,2038,50-54,
S2,2038,55-59,
S2,2038,60-64,
S2,2038,65-69,
S2,2038,70-74,
S2,2038,75+,
S2,2038,0-8,
S2,2038,9-14,
S2,2038,0-17,215944991.45093426
S2,2038,18-29,157561112.28457785
S2,2038,30-65,336595423.9163107
S2,2038,66+,58183811.36207349
S2,2038,15-26,
S2,2038,27-45,
S2,2038,46-65,
S2,2039,00-04,
S2,2039,05-09,
S2,2039,10-14,
S2,2039,15-19,
S2,2039,20-24,
S2,2039,25-29,
S2,2039,30-34,
S2,2039,35-39,
S2,2039,40-44,
S2,2039,45-49,
S2,2039,50-54,
S2,2039,55-59,
S2,2039,60-64,
S2,2039,65-69,
S2,2039,70-74,
S2,2039,75+,
S2,2039,0-8,
S2,2039,9-14,
S2,2039,0-17,217473235.45615754
S2,2039,18-29,158204139.08671173
S2,2039,30-65,338574308.67708707
S2,2039,66+,58499862.66884195
S2,2039,15-26,
S2,2039,27-45,
S2,2039,46-65,
S2,2040,00-04,
S2,2040,05-09,
S2,2040,10-14,
S2,2040,15-19,
S2,2040,20-24,
S2,2040,25-29,
S2,2040,30-34,
S2,2040,35-39,
S2,2040,40-44,
S2,2040,45-49,
S2,2040,50-54,
S2,2040,55-59,
S2,2040,60-64,
S2,2040,65-69,
S2,2040,70-74,
S2,2040,75+,
S2,2040,0-8,
S2,2040,9-14,
S2,2040,0-17,218905320.97211602
S2,2040,18-29,158849416.52177826
S2,2040,30-65,340445973.1369061
S2,2040,66+,58823877.87529697
S2,2040,15-26,
S2,2040,27-45,
S2,2040,46-65,
S2,2041,00-04,
S2,2041,05-09,
S2,2041,10-14,
S2,2041,15-19,
S2,2041,20-24,
S2,2041,25-29,
S2,2041,30-34,
S2,2041,35-39,
S2,2041,40-44,
S2,2041,45-49,
S2,2041,50-54,
S2,2041,55-59,
S2,2041,60-64,
S2,2041,65-69,
S2,2041,70-74,
S2,2041,75+,
S2,2041,0-8,
S2,2041,9-14,
S2,2041,0-17,220029283.81003958
S2,2041,18-29,159713779.85869026
S2,2041,30-65,342190499.5705419
S2,2041,66+,59180923.22036876
S2,2041,15-26,
S2,2041,27-45,
S2,2041,46-65,
S2,2042,00-04,
S2,2042,05-09,
S2,2042,10-14,
S2,2042,15-19,
S2,2042,20-24,
S2,2042,25-29,
S2,2042,30-34,
S2,2042,35-39,
S2,2042,40-44,
S2,2042,45-49,
S2,2042,50-54,
S2,2042,55-59,
S2,2042,60-64,
S2,2042,65-69,
S2,2042,70-74,
S2,2042,75+,
S2,2042,0-8,
S2,2042,9-14,
S2,2042,0-17,221036721.9242679
S2,2042,18-29,160598788.4580874
S2,2042,30-65,343919432.79506844
S2,2042,66+,59452221.47516292
S2,2042,15-26,
S2,2042,27-45,
S2,2042,46-65,
S2,2043,00-04,
S2,2043,05-09,
S2,2043,10-14,
S2,2043,15-19,
S2,2043,20-24,
S2,2043,25-29,
S2,2043,30-34,
S2,2043,35-39,
S2,2043,40-44,
S2,2043,45-49,
S2,2043,50-54,
S2,2043,55-59,
S2,2043,60-64,
S2,2043,65-69,
S2,2043,70-74,
S2,2043,75+,
S2,2043,0-8,
S2,2043,9-14,
S2,2043,0-17,222016616.26786318
S2,2043,18-29,161411238.55121434
S2,2043,30-65,345488867.72619957
S2,2043,66+,59777214.39677092
S2,2043,15-26,
S2,2043,27-45,
S2,2043,46-65,
S2,2044,00-04,
S2,2044,05-09,
S2,2044,10-14,
S2,2044,15-19,
S2,2044,20-24,
S2,2044,25-29,
S2,2044,30-34,
S2,2044,35-39,
S2,2044,40-44,
S2,2044,45-49,
S2,2044,50-54,
S2,2044,55-59,
S2,2044,60-64,
S2,2044,65-69,
S2,2044,70-74,
S2,2044,75+,
S2,2044,0-8,
S2,2044,9-14,
S2,2044,0-17,222930784.09994557
S2,2044,18-29,162187316.85643113
S2,2044,30-65,347002663.88764447
S2,2044,66+,60049932.755013056
S2,2044,15-26,
S2,2044,27-45,
S2,2044,46-65,
S2,2045,00-04,
S2,2045,05-09,
S2,2045,10-14,
S2,2045,15-19,
S2,2045,20-24,
S2,2045,25-29,
S2,2045,30-34,
S2,2045,35-39,
S2,2045,40-44,
S2,2045,45-49,
S2,2045,50-54,
S2,2045,55-59,
S2,2045,60-64,
S2,2045,65-69,
S2,2045,70-74,
S2,2045,75+,
S2,2045,0-8,
S2,2045,9-14,
S2,2045,0-17,223826501.68390983
S2,2045,18-29,162893695.80789426
S2,2045,30-65,348471746.7899053
S2,2045,66+,60274194.18842074
S2,2045,15-26,
S2,2045,27-45,
S2,2045,46-65,
S2,2046,00-04,
S2,2046,05-09,
S2,2046,10-14,
S2,2046,15-19,
S2,2046,20-24,
S2,2046,25-29,
S2,2046,30-34,
S2,2046,35-39,
S2,2046,40-44,
S2,2046,45-49,
S2,2046,50-54,
S2,2046,55-59,
S2,2046,60-64,
S2,2046,65-69,
S2,2046,70-74,
S2,2046,75+,
S2,2046,0-8,
S2,2046,9-14,
S2,2046,0-17,224710341.22362268
S2,2046,18-29,163516886.306236
S2,2046,30-65,349871394.69131523
S2,2046,66+,60467409.58968393
S2,2046,15-26,
S2,2046,27-45,
S2,2046,46-65,
S2,2047,00-04,
S2,2047,05-09,
S2,2047,10-14,
S2,2047,15-19,
S2,2047,20-24,
S2,2047,25-29,
S2,2047,30-34,
S2,2047,35-39,
S2,2047,40-44,
S2,2047,45-49,
S2,2047,50-54,
S2,2047,55-59,
S2,2047,60-64,
S2,2047,65-69,
S2,2047,70-74,
S2,2047,75+,
S2,2047,0-8,
S2,2047,9-14,
S2,2047,0-17,225560344.73666695
S2,2047,18-29,164079714.35709944
S2,2047,30-65,351139168.64024186
S2,2047,66+,60692935.37213645
S2,2047,15-26,
S2,2047,27-45,
S2,2047,46-65,
S2,2048,00-04,
S2,2048,05-09,
S2,2048,10-14,
S2,2048,15-19,
S2,2048,20-24,
S2,2048,25-29,
S2,2048,30-34,
S2,2048,35-39,
S2,2048,40-44,
S2,2048,45-49,
S2,2048,50-54,
S2,2048,55-59,
S2,2048,60-64,
S2,2048,65-69,
S2,2048,70-74,
S2,2048,75+,
S2,2048,0-8,
S2,2048,9-14,
S2,2048,0-17,226329619.59353572
S2,2048,18-29,164626735.19926432
S2,2048,30-65,352315301.39374584
S2,2048,66+,60908068.2613292
S2,2048,15-26,
S2,2048,27-45,
S2,2048,46-65,
S2,2049,00-04,
S2,2049,05-09,
S2,2049,10-14,
S2,2049,15-19,
S2,2049,20-24,
S2,2049,25-29,
S2,2049,30-34,
S2,2049,35-39,
S2,2049,40-44,
S2,2049,45-49,
S2,2049,50-54,
S2,2049,55-59,
S2,2049,60-64,
S2,2049,65-69,
S2,2049,70-74,
S2,2049,75+,
S2,2049,0-8,
S2,2049,9-14,
S2,2049,0-17,227025765.41867566
S2,2049,18-29,165154662.99166209
S2,2049,30-65,353417873.148926
S2,2049,66+,61099287.53612956
S2,2049,15-26,
S2,2049,27-45,
S2,2049,46-65,
S2,2050,00-04,
S2,2050,05-09,
S2,2050,10-14,
S2,2050,15-19,
S2,2050,20-24,
S2,2050,25-29,
S2,2050,30-34,
S2,2050,35-39,
S2,2050,40-44,
S2,2050,45-49,
S2,2050,50-54,
S2,2050,55-59,
S2,2050,60-64,
S2,2050,65-69,
S2,2050,70-74,
S2,2050,75+,
S2,2050,0-8,
S2,2050,9-14,
S2,2050,0-17,227678306.58497673
S2,2050,18-29,165641809.9880766
S2,2050,30-65,354460742.666376
S2,2050,66+,61261017.39960756
S2,2050,15-26,
S2,2050,27-45,
S2,2050,46-65,
S2,2051,00-04,
S2,2051,05-09,
S2,2051,10-14,
S2,2051,15-19,
S2,2051,20-24,
S2,2051,25-29,
S2,2051,30-34,
S2,2051,35-39,
S2,2051,40-44,
S2,2051,45-49,
S2,2051,50-54,
S2,2051,55-59,
S2,2051,60-64,
S2,2051,65-69,
S2,2051,70-74,
S2,2051,75+,
S2,2051,0-8,
S2,2051,9-14,
S2,2051,0-17,228310668.14180428
S2,2051,18-29,166070116.31744808
S2,2051,30-65,355407420.9927746
S2,2051,66+,61435417.55843376
S2,2051,15-26,
S2,2051,27-45,
S2,2051,46-65,
S2,2052,00-04,
S2,2052,05-09,
S2,2052,10-14,
S2,2052,15-19,
S2,2052,20-24,
S2,2052,25-29,
S2,2052,30-34,
S2,2052,35-39,
S2,2052,40-44,
S2,2052,45-49,
S2,2052,50-54,
S2,2052,55-59,
S2,2052,60-64,
S2,2052,65-69,
S2,2052,70-74,
S2,2052,75+,
S2,2052,0-8,
S2,2052,9-14,
S2,2052,0-17,228889761.04065853
S2,2052,18-29,166468796.7624503
S2,2052,30-65,356326073.2110679
S2,2052,66+,61550228.00407745
S2,2052,15-26,
S2,2052,27-45,
S2,2052,46-65,
S2,2053,00-04,
S2,2053,05-09,
S2,2053,10-14,
S2,2053,15-19,
S2,2053,20-24,
S2,2053,25-29,
S2,2053,30-34,
S2,2053,35-39,
S2,2053,40-44,
S2,2053,45-49,
S2,2053,50-54,
S2,2053,55-59,
S2,2053,60-64,
S2,2053,65-69,
S2,2053,70-74,
S2,2053,75+,
S2,2053,0-8,
S2,2053,9-14,
S2,2053,0-17,229400916.85875598
S2,2053,18-29,166852732.80176023
S2,2053,30-65,357088019.6337035
S2,2053,66+,61734353.61463527
S2,2053,15-26,
S2,2053,27-45,
S2,2053,46-65,
S2,2054,00-04,
S2,2054,05-09,
S2,2054,10-14,
S2,2054,15-19,
S2,2054,20-24,
S2,2054,25-29,
S2,2054,30-34,
S2,2054,35-39,
S2,2054,40-44,
S2,2054,45-49,
S2,2054,50-54,
S2,2054,55-59,
S2,2054,60-64,
S2,2054,65-69,
S2,2054,70-74,
S2,2054,75+,
S2,2054,0-8,
S2,2054,9-14,
S2,2054,0-17,229856603.1397113
S2,2054,18-29,167214660.72212264
S2,2054,30-65,357829506.479875
S2,2054,66+,61857048.386704445
S2,2054,15-26,
S2,2054,27-45,
S2,2054,46-65,
S2,2055,00-04,
S2,2055,05-09,
S2,2055,10-14,
S2,2055,15-19,
S2,2055,20-24,
S2,2055,25-29,
S2,2055,30-34,
S2,2055,35-39,
S2,2055,40-44,
S2,2055,45-49,
S2,2055,50-54,
S2,2055,55-59,
S2,2055,60-64,
S2,2055,65-69,
S2,2055,70-74,
S2,2055,75+,
S2,2055,0-8,
S2,2055,9-14,
S2,2055,0-17,230261957.59850484
S2,2055,18-29,167532630.06526026
S2,2055,30-65,358486686.1837427
S2,2055,66+,61964389.56891914
S2,2055,15-26,
S2,2055,27-45,
S2,2055,46-65,
S2,2056,00-04,
S2,2056,05-09,
S2,2056,10-14,
S2,2056,15-19,
S2,2056,20-24,
S2,2056,25-29,
S2,2056,30-34,
S2,2056,35-39,
S2,2056,40-44,
S2,2056,45-49,
S2,2056,50-54,
S2,2056,55-59,
S2,2056,60-64,
S2,2056,65-69,
S2,2056,70-74,
S2,2056,75+,
S2,2056,0-8,
S2,2056,9-14,
S2,2056,0-17,230646776.22607794
S2,2056,18-29,167798759.4343252
S2,2056,30-65,359057151.58348066
S2,2056,66+,62081947.068267986
S2,2056,15-26,
S2,2056,27-45,
S2,2056,46-65,
S2,2057,00-04,
S2,2057,05-09,
S2,2057,10-14,
S2,2057,15-19,
S2,2057,20-24,
S2,2057,25-29,
S2,2057,30-34,
S2,2057,35-39,
S2,2057,40-44,
S2,2057,45-49,
S2,2057,50-54,
S2,2057,55-59,
S2,2057,60-64,
S2,2057,65-69,
S2,2057,70-74,
S2,2057,75+,
S2,2057,0-8,
S2,2057,9-14,
S2,2057,0-17,230996859.07035294
S2,2057,18-29,168020001.05078685
S2,2057,30-65,359584638.871023
S2,2057,66+,62158324.16593845
S2,2057,15-26,
S2,2057,27-45,
S2,2057,46-65,
S2,2058,00-04,
S2,2058,05-09,
S2,2058,10-14,
S2,2058,15-19,
S2,2058,20-24,
S2,2058,25-29,
S2,2058,30-34,
S2,2058,35-39,
S2,2058,40-44,
S2,2058,45-49,
S2,2058,50-54,
S2,2058,55-59,
S2,2058,60-64,
S2,2058,65-69,
S2,2058,70-74,
S2,2058,75+,
S2,2058,0-8,
S2,2058,9-14,
S2,2058,0-17,231301568.3691818
S2,2058,18-29,168215126.62416428
S2,2058,30-65,360035689.44842196
S2,2058,66+,62235576.67821207
S2,2058,15-26,
S2,2058,27-45,
S2,2058,46-65,
S2,2059,00-04,
S2,2059,05-09,
S2,2059,10-14,
S2,2059,15-19,
S2,2059,20-24,
S2,2059,25-29,
S2,2059,30-34,
S2,2059,35-39,
S2,2059,40-44,
S2,2059,45-49,
S2,2059,50-54,
S2,2059,55-59,
S2,2059,60-64,
S2,2059,65-69,
S2,2059,70-74,
S2,2059,75+,
S2,2059,0-8,
S2,2059,9-14,
S2,2059,0-17,231529206.89626378
S2,2059,18-29,168405849.43794093
S2,2059,30-65,360401730.60339516
S2,2059,66+,62311724.73664786
S2,2059,15-26,
S2,2059,27-45,
S2,2059,46-65,
S2,2060,00-04,
S2,2060,05-09,
S2,2060,10-14,
S2,2060,15-19,
S2,2060,20-24,
S2,2060,25-29,
S2,2060,30-34,
S2,2060,35-39,
S2,2060,40-44,
S2,2060,45-49,
S2,2060,50-54,
S2,2060,55-59,
S2,2060,60-64,
S2,2060,65-69,
S2,2060,70-74,
S2,2060,75+,
S2,2060,0-8,
S2,2060,9-14,
S2,2060,0-17,231715932.13382164
S2,2060,18-29,168558117.67241323
S2,2060,30-65,360718083.8657243
S2,2060,66+,62353672.40250703
S2,2060,15-26,
S2,2060,27-45,
S2,2060,46-65,
S2,2061,00-04,
S2,2061,05-09,
S2,2061,10-14,
S2,2061,15-19,
S2,2061,20-24,
S2,2061,25-29,
S2,2061,30-34,
S2,2061,35-39,
S2,2061,40-44,
S2,2061,45-49,
S2,2061,50-54,
S2,2061,55-59,
S2,2061,60-64,
S2,2061,65-69,
S2,2061,70-74,
S2,2061,75+,
S2,2061,0-8,
S2,2061,9-14,
S2,2061,0-17,231874759.46011105
S2,2061,18-29,168656825.60767955
S2,2061,30-65,360940496.357737
S2,2061,66+,62403463.15589617
S2,2061,15-26,
S2,2061,27-45,
S2,2061,46-65,
S2,2062,00-04,
S2,2062,05-09,
S2,2062,10-14,
S2,2062,15-19,
S2,2062,20-24,
S2,2062,25-29,
S2,2062,30-34,
S2,2062,35-39,
S2,2062,40-44,
S2,2062,45-49,
S2,2062,50-54,
S2,2062,55-59,
S2,2062,60-64,
S2,2062,65-69,
S2,2062,70-74,
S2,2062,75+,
S2,2062,0-8,
S2,2062,9-14,
S2,2062,0-17,231975364.64782268
S2,2062,18-29,168720790.5376745
S2,2062,30-65,361073942.6049807
S2,2062,66+,62443960.15768674
S2,2062,15-26,
S2,2062,27-45,
S2,2062,46-65,
S2,2063,00-04,
S2,2063,05-09,
S2,2063,10-14,
S2,2063,15-19,
S2,2063,20-24,
S2,2063,25-29,
S2,2063,30-34,
S2,2063,35-39,
S2,2063,40-44,
S2,2063,45-49,
S2,2063,50-54,
S2,2063,55-59,
S2,2063,60-64,
S2,2063,65-69,
S2,2063,70-74,
S2,2063,75+,
S2,2063,0-8,
S2,2063,9-14,
S2,2063,0-17,232012450.22039008
S2,2063,18-29,168769447.27476746
S2,2063,30-65,361138468.7665624
S2,2063,66+,62470059.77999491
S2,2063,15-26,
S2,2063,27-45,
S2,2063,46-65,
S2,2064,00-04,
S2,2064,05-09,
S2,2064,10-14,
S2,2064,15-19,
S2,2064,20-24,
S2,2064,25-29,
S2,2064,30-34,
S2,2064,35-39,
S2,2064,40-44,
S2,2064,45-49,
S2,2064,50-54,
S2,2064,55-59,
S2,2064,60-64,
S2,2064,65-69,
S2,2064,70-74,
S2,2064,75+,
S2,2064,0-8,
S2,2064,9-14,
S2,2064,0-17,232014339.66911352
S2,2064,18-29,168773487.00399673
S2,2064,30-65,361144352.7282161
S2,2064,66+,62470442.69407535
S2,2064,15-26,
S2,2064,27-45,
S2,2064,46-65,
S2,2065,00-04,
S2,2065,05-09,
S2,2065,10-14,
S2,2065,15-19,
S2,2065,20-24,
S2,2065,25-29,
S2,2065,30-34,
S2,2065,35-39,
S2,2065,40-44,
S2,2065,45-49,
S2,2065,50-54,
S2,2065,55-59,
S2,2065,60-64,
S2,2065,65-69,
S2,2065,70-74,
S2,2065,75+,
S2,2065,0-8,
S2,2065,9-14,
S2,2065,0-17,231977721.50663468
S2,2065,18-29,168732226.77379453
S2,2065,30-65,361085641.5637857
S2,2065,66+,62446839.882911064
S2,2065,15-26,
S2,2065,27-45,
S2,2065,46-65,
S2,2066,00-04,
S2,2066,05-09,
S2,2066,10-14,
S2,2066,15-19,
S2,2066,20-24,
S2,2066,25-29,
S2,2066,30-34,
S2,2066,35-39,
S2,2066,40-44,
S2,2066,45-49,
S2,2066,50-54,
S2,2066,55-59,
S2,2066,60-64,
S2,2066,65-69,
S2,2066,70-74,
S2,2066,75+,
S2,2066,0-8,
S2,2066,9-14,
S2,2066,0-17,231893164.51229212
S2,2066,18-29,168647268.838585
S2,2066,30-65,360995075.31728506
S2,2066,66+,62358236.4355632
S2,2066,15-26,
S2,2066,27-45,
S2,2066,46-65,
S2,2067,00-04,
S2,2067,05-09,
S2,2067,10-14,
S2,2067,15-19,
S2,2067,20-24,
S2,2067,25-29,
S2,2067,30-34,
S2,2067,35-39,
S2,2067,40-44,
S2,2067,45-49,
S2,2067,50-54,
S2,2067,55-59,
S2,2067,60-64,
S2,2067,65-69,
S2,2067,70-74,
S2,2067,75+,
S2,2067,0-8,
S2,2067,9-14,
S2,2067,0-17,231769764.1071299
S2,2067,18-29,168528823.03518978
S2,2067,30-65,360831075.29343665
S2,2067,66+,62266615.840861015
S2,2067,15-26,
S2,2067,27-45,
S2,2067,46-65,
S2,2068,00-04,
S2,2068,05-09,
S2,2068,10-14,
S2,2068,15-19,
S2,2068,20-24,
S2,2068,25-29,
S2,2068,30-34,
S2,2068,35-39,
S2,2068,40-44,
S2,2068,45-49,
S2,2068,50-54,
S2,2068,55-59,
S2,2068,60-64,
S2,2068,65-69,
S2,2068,70-74,
S2,2068,75+,
S2,2068,0-8,
S2,2068,9-14,
S2,2068,0-17,231568658.9368088
S2,2068,18-29,168395335.17554826
S2,2068,30-65,360517253.0622697
S2,2068,66+,62226788.214162014
S2,2068,15-26,
S2,2068,27-45,
S2,2068,46-65,
S2,2069,00-04,
S2,2069,05-09,
S2,2069,10-14,
S2,2069,15-19,
S2,2069,20-24,
S2,2069,25-29,
S2,2069,30-34,
S2,2069,35-39,
S2,2069,40-44,
S2,2069,45-49,
S2,2069,50-54,
S2,2069,55-59,
S2,2069,60-64,
S2,2069,65-69,
S2,2069,70-74,
S2,2069,75+,
S2,2069,0-8,
S2,2069,9-14,
S2,2069,0-17,231308841.24018687
S2,2069,18-29,168229172.26952693
S2,2069,30-65,360089817.2134653
S2,2069,66+,62203981.63085357
S2,2069,15-26,
S2,2069,27-45,
S2,2069,46-65,
S2,2070,00-04,
S2,2070,05-09,
S2,2070,10-14,
S2,2070,15-19,
S2,2070,20-24,
S2,2070,25-29,
S2,2070,30-34,
S2,2070,35-39,
S2,2070,40-44,
S2,2070,45-49,
S2,2070,50-54,
S2,2070,55-59,
S2,2070,60-64,
S2,2070,65-69,
S2,2070,70-74,
S2,2070,75+,
S2,2070,0-8,
S2,2070,9-14,
S2,2070,0-17,230991684.94275805
S2,2070,18-29,168033210.01885346
S2,2070,30-65,359598149.3529165
S2,2070,66+,62153306.15082197
S2,2070,15-26,
S2,2070,27-45,
S2,2070,46-65,
S2,2071,00-04,
S2,2071,05-09,
S2,2071,10-14,
S2,2071,15-19,
S2,2071,20-24,
S2,2071,25-29,
S2,2071,30-34,
S2,2071,35-39,
S2,2071,40-44,
S2,2071,45-49,
S2,2071,50-54,
S2,2071,55-59,
S2,2071,60-64,
S2,2071,65-69,
S2,2071,70-74,
S2,2071,75+,
S2,2071,0-8,
S2,2071,9-14,
S2,2071,0-17,230643010.54816914
S2,2071,18-29,167782435.13839072
S2,2071,30-65,359011357.6329094
S2,2071,66+,62106506.81561943
S2,2071,15-26,
S2,2071,27-45,
S2,2071,46-65,
S2,2072,00-04,
S2,2072,05-09,
S2,2072,10-14,
S2,2072,15-19,
S2,2072,20-24,
S2,2072,25-29,
S2,2072,30-34,
S2,2072,35-39,
S2,2072,40-44,
S2,2072,45-49,
S2,2072,50-54,
S2,2072,55-59,
S2,2072,60-64,
S2,2072,65-69,
S2,2072,70-74,
S2,2072,75+,
S2,2072,0-8,
S2,2072,9-14,
S2,2072,0-17,230260599.53481752
S2,2072,18-29,167487974.7587665
S2,2072,30-65,358383068.1469913
S2,2072,66+,62019373.532730594
S2,2072,15-26,
S2,2072,27-45,
S2,2072,46-65,
S2,2073,00-04,
S2,2073,05-09,
S2,2073,10-14,
S2,2073,15-19,
S2,2073,20-24,
S2,2073,25-29,
S2,2073,30-34,
S2,2073,35-39,
S2,2073,40-44,
S2,2073,45-49,
S2,2073,50-54,
S2,2073,55-59,
S2,2073,60-64,
S2,2073,65-69,
S2,2073,70-74,
S2,2073,75+,
S2,2073,0-8,
S2,2073,9-14,
S2,2073,0-17,229841371.25925744
S2,2073,18-29,167142930.84715974
S2,2073,30-65,357689210.65422285
S2,2073,66+,61905429.5288789
S2,2073,15-26,
S2,2073,27-45,
S2,2073,46-65,
S2,2074,00-04,
S2,2074,05-09,
S2,2074,10-14,
S2,2074,15-19,
S2,2074,20-24,
S2,2074,25-29,
S2,2074,30-34,
S2,2074,35-39,
S2,2074,40-44,
S2,2074,45-49,
S2,2074,50-54,
S2,2074,55-59,
S2,2074,60-64,
S2,2074,65-69,
S2,2074,70-74,
S2,2074,75+,
S2,2074,0-8,
S2,2074,9-14,
S2,2074,0-17,229374009.5888647
S2,2074,18-29,166776051.81730363
S2,2074,30-65,356976909.40653145
S2,2074,66+,61735975.69308303
S2,2074,15-26,
S2,2074,27-45,
S2,2074,46-65,
S2,2075,00-04,
S2,2075,05-09,
S2,2075,10-14,
S2,2075,15-19,
S2,2075,20-24,
S2,2075,25-29,
S2,2075,30-34,
S2,2075,35-39,
S2,2075,40-44,
S2,2075,45-49,
S2,2075,50-54,
S2,2075,55-59,
S2,2075,60-64,
S2,2075,65-69,
S2,2075,70-74,
S2,2075,75+,
S2,2075,0-8,
S2,2075,9-14,
S2,2075,0-17,228822926.91399667
S2,2075,18-29,166414811.9188938
S2,2075,30-65,356235761.66769785
S2,2075,66+,61512839.303213544
S2,2075,15-26,
S2,2075,27-45,
S2,2075,46-65,
S2,2076,00-04,
S2,2076,05-09,
S2,2076,10-14,
S2,2076,15-19,
S2,2076,20-24,
S2,2076,25-29,
S2,2076,30-34,
S2,2076,35-39,
S2,2076,40-44,
S2,2076,45-49,
S2,2076,50-54,
S2,2076,55-59,
S2,2076,60-64,
S2,2076,65-69,
S2,2076,70-74,
S2,2076,75+,
S2,2076,0-8,
S2,2076,9-14,
S2,2076,0-17,228225708.95776457
S2,2076,18-29,166020736.8181698
S2,2076,30-65,355330192.646113
S2,2076,66+,61370655.929193616
S2,2076,15-26,
S2,2076,27-45,
S2,2076,46-65,
S2,2077,00-04,
S2,2077,05-09,
S2,2077,10-14,
S2,2077,15-19,
S2,2077,20-24,
S2,2077,25-29,
S2,2077,30-34,
S2,2077,35-39,
S2,2077,40-44,
S2,2077,45-49,
S2,2077,50-54,
S2,2077,55-59,
S2,2077,60-64,
S2,2077,65-69,
S2,2077,70-74,
S2,2077,75+,
S2,2077,0-8,
S2,2077,9-14,
S2,2077,0-17,227605436.60598698
S2,2077,18-29,165585030.90729856
S2,2077,30-65,354376535.91617095
S2,2077,66+,61208190.896117985
S2,2077,15-26,
S2,2077,27-45,
S2,2077,46-65,
S2,2078,00-04,
S2,2078,05-09,
S2,2078,10-14,
S2,2078,15-19,
S2,2078,20-24,
S2,2078,25-29,
S2,2078,30-34,
S2,2078,35-39,
S2,2078,40-44,
S2,2078,45-49,
S2,2078,50-54,
S2,2078,55-59,
S2,2078,60-64,
S2,2078,65-69,
S2,2078,70-74,
S2,2078,75+,
S2,2078,0-8,
S2,2078,9-14,
S2,2078,0-17,226962009.5678342
S2,2078,18-29,165105610.7738925
S2,2078,30-65,353371145.4806459
S2,2078,66+,61026782.124644406
S2,2078,15-26,
S2,2078,27-45,
S2,2078,46-65,
S2,2079,00-04,
S2,2079,05-09,
S2,2079,10-14,
S2,2079,15-19,
S2,2079,20-24,
S2,2079,25-29,
S2,2079,30-34,
S2,2079,35-39,
S2,2079,40-44,
S2,2079,45-49,
S2,2079,50-54,
S2,2079,55-59,
S2,2079,60-64,
S2,2079,65-69,
S2,2079,70-74,
S2,2079,75+,
S2,2079,0-8,
S2,2079,9-14,
S2,2079,0-17,226272922.9364453
S2,2079,18-29,164607943.04112542
S2,2079,30-65,352263231.09172505
S2,2079,66+,60880350.264175475
S2,2079,15-26,
S2,2079,27-45,
S2,2079,46-65,
S2,2080,00-04,
S2,2080,05-09,
S2,2080,10-14,
S2,2080,15-19,
S2,2080,20-24,
S2,2080,25-29,
S2,2080,30-34,
S2,2080,35-39,
S2,2080,40-44,
S2,2080,45-49,
S2,2080,50-54,
S2,2080,55-59,
S2,2080,60-64,
S2,2080,65-69,
S2,2080,70-74,
S2,2080,75+,
S2,2080,0-8,
S2,2080,9-14,
S2,2080,0-17,225569211.04990625
S2,2080,18-29,164063156.48670498
S2,2080,30-65,351013603.3973662
S2,2080,66+,60810370.98333689
S2,2080,15-26,
S2,2080,27-45,
S2,2080,46-65,
S2,2081,00-04,
S2,2081,05-09,
S2,2081,10-14,
S2,2081,15-19,
S2,2081,20-24,
S2,2081,25-29,
S2,2081,30-34,
S2,2081,35-39,
S2,2081,40-44,
S2,2081,45-49,
S2,2081,50-54,
S2,2081,55-59,
S2,2081,60-64,
S2,2081,65-69,
S2,2081,70-74,
S2,2081,75+,
S2,2081,0-8,
S2,2081,9-14,
S2,2081,0-17,224818219.53456202
S2,2081,18-29,163506493.27553567
S2,2081,30-65,349932052.53932136
S2,2081,66+,60509789.319909714
S2,2081,15-26,
S2,2081,27-45,
S2,2081,46-65,
S2,2082,00-04,
S2,2082,05-09,
S2,2082,10-14,
S2,2082,15-19,
S2,2082,20-24,
S2,2082,25-29,
S2,2082,30-34,
S2,2082,35-39,
S2,2082,40-44,
S2,2082,45-49,
S2,2082,50-54,
S2,2082,55-59,
S2,2082,60-64,
S2,2082,65-69,
S2,2082,70-74,
S2,2082,75+,
S2,2082,0-8,
S2,2082,9-14,
S2,2082,0-17,224028753.68480375
S2,2082,18-29,162935812.69309586
S2,2082,30-65,348795432.0860209
S2,2082,66+,60208795.868110396
S2,2082,15-26,
S2,2082,27-45,
S2,2082,46-65,
S2,2083,00-04,
S2,2083,05-09,
S2,2083,10-14,
S2,2083,15-19,
S2,2083,20-24,
S2,2083,25-29,
S2,2083,30-34,
S2,2083,35-39,
S2,2083,40-44,
S2,2083,45-49,
S2,2083,50-54,
S2,2083,55-59,
S2,2083,60-64,
S2,2083,65-69,
S2,2083,70-74,
S2,2083,75+,
S2,2083,0-8,
S2,2083,9-14,
S2,2083,0-17,223209607.6599449
S2,2083,18-29,162350355.4205437
S2,2083,30-65,347447429.59459364
S2,2083,66+,60072195.53758728
S2,2083,15-26,
S2,2083,27-45,
S2,2083,46-65,
S2,2084,00-04,
S2,2084,05-09,
S2,2084,10-14,
S2,2084,15-19,
S2,2084,20-24,
S2,2084,25-29,
S2,2084,30-34,
S2,2084,35-39,
S2,2084,40-44,
S2,2084,45-49,
S2,2084,50-54,
S2,2084,55-59,
S2,2084,60-64,
S2,2084,65-69,
S2,2084,70-74,
S2,2084,75+,
S2,2084,0-8,
S2,2084,9-14,
S2,2084,0-17,222357274.03317773
S2,2084,18-29,161745927.7519859
S2,2084,30-65,346228441.2223347
S2,2084,66+,59751452.418446586
S2,2084,15-26,
S2,2084,27-45,
S2,2084,46-65,
S2,2085,00-04,
S2,2085,05-09,
S2,2085,10-14,
S2,2085,15-19,
S2,2085,20-24,
S2,2085,25-29,
S2,2085,30-34,
S2,2085,35-39,
S2,2085,40-44,
S2,2085,45-49,
S2,2085,50-54,
S2,2085,55-59,
S2,2085,60-64,
S2,2085,65-69,
S2,2085,70-74,
S2,2085,75+,
S2,2085,0-8,
S2,2085,9-14,
S2,2085,0-17,221479010.52516124
S2,2085,18-29,161128024.19986847
S2,2085,30-65,344811482.4313026
S2,2085,66+,59587029.58829196
S2,2085,15-26,
S2,2085,27-45,
S2,2085,46-65,
S2,2086,00-04,
S2,2086,05-09,
S2,2086,10-14,
S2,2086,15-19,
S2,2086,20-24,
S2,2086,25-29,
S2,2086,30-34,
S2,2086,35-39,
S2,2086,40-44,
S2,2086,45-49,
S2,2086,50-54,
S2,2086,55-59,
S2,2086,60-64,
S2,2086,65-69,
S2,2086,70-74,
S2,2086,75+,
S2,2086,0-8,
S2,2086,9-14,
S2,2086,0-17,220580623.68873766
S2,2086,18-29,160481173.1342065
S2,2086,30-65,343331947.37300843
S2,2086,66+,59433317.34163593
S2,2086,15-26,
S2,2086,27-45,
S2,2086,46-65,
S2,2087,00-04,
S2,2087,05-09,
S2,2087,10-14,
S2,2087,15-19,
S2,2087,20-24,
S2,2087,25-29,
S2,2087,30-34,
S2,2087,35-39,
S2,2087,40-44,
S2,2087,45-49,
S2,2087,50-54,
S2,2087,55-59,
S2,2087,60-64,
S2,2087,65-69,
S2,2087,70-74,
S2,2087,75+,
S2,2087,0-8,
S2,2087,9-14,
S2,2087,0-17,219678840.16770452
S2,2087,18-29,159802898.23844612
S2,2087,30-65,341924424.38012236
S2,2087,66+,59170789.30392737
S2,2087,15-26,
S2,2087,27-45,
S2,2087,46-65,
S2,2088,00-04,
S2,2088,05-09,
S2,2088,10-14,
S2,2088,15-19,
S2,2088,20-24,
S2,2088,25-29,
S2,2088,30-34,
S2,2088,35-39,
S2,2088,40-44,
S2,2088,45-49,
S2,2088,50-54,
S2,2088,55-59,
S2,2088,60-64,
S2,2088,65-69,
S2,2088,70-74,
S2,2088,75+,
S2,2088,0-8,
S2,2088,9-14,
S2,2088,0-17,218766006.35645586
S2,2088,18-29,159114147.32718983
S2,2088,30-65,340505759.1552259
S2,2088,66+,58896651.15650789
S2,2088,15-26,
S2,2088,27-45,
S2,2088,46-65,
S2,2089,00-04,
S2,2089,05-09,
S2,2089,10-14,
S2,2089,15-19,
S2,2089,20-24,
S2,2089,25-29,
S2,2089,30-34,
S2,2089,35-39,
S2,2089,40-44,
S2,2089,45-49,
S2,2089,50-54,
S2,2089,55-59,
S2,2089,60-64,
S2,2089,65-69,
S2,2089,70-74,
S2,2089,75+,
S2,2089,0-8,
S2,2089,9-14,
S2,2089,0-17,217822707.2840425
S2,2089,18-29,158417841.01498765
S2,2089,30-65,339057356.61253434
S2,2089,66+,58612064.18865798
S2,2089,15-26,
S2,2089,27-45,
S2,2089,46-65,
S2,2090,00-04,
S2,2090,05-09,
S2,2090,10-14,
S2,2090,15-19,
S2,2090,20-24,
S2,2090,25-29,
S2,2090,30-34,
S2,2090,35-39,
S2,2090,40-44,
S2,2090,45-49,
S2,2090,50-54,
S2,2090,55-59,
S2,2090,60-64,
S2,2090,65-69,
S2,2090,70-74,
S2,2090,75+,
S2,2090,0-8,
S2,2090,9-14,
S2,2090,0-17,216841437.9379663
S2,2090,18-29,157730481.97593853
S2,2090,30-65,337575818.8767187
S2,2090,66+,58329936.40132566
S2,2090,15-26,
S2,2090,27-45,
S2,2090,46-65,
S2,2091,00-04,
S2,2091,05-09,
S2,2091,10-14,
S2,2091,15-19,
S2,2091,20-24,
S2,2091,25-29,
S2,2091,30-34,
S2,2091,35-39,
S2,2091,40-44,
S2,2091,45-49,
S2,2091,50-54,
S2,2091,55-59,
S2,2091,60-64,
S2,2091,65-69,
S2,2091,70-74,
S2,2091,75+,
S2,2091,0-8,
S2,2091,9-14,
S2,2091,0-17,215856136.66426066
S2,2091,18-29,157016389.11467516
S2,2091,30-65,336036460.04700166
S2,2091,66+,58073111.68724006
S2,2091,15-26,
S2,2091,27-45,
S2,2091,46-65,
S2,2092,00-04,
S2,2092,05-09,
S2,2092,10-14,
S2,2092,15-19,
S2,2092,20-24,
S2,2092,25-29,
S2,2092,30-34,
S2,2092,35-39,
S2,2092,40-44,
S2,2092,45-49,
S2,2092,50-54,
S2,2092,55-59,
S2,2092,60-64,
S2,2092,65-69,
S2,2092,70-74,
S2,2092,75+,
S2,2092,0-8,
S2,2092,9-14,
S2,2092,0-17,214868801.11592513
S2,2092,18-29,156285728.11523694
S2,2092,30-65,334483740.110926
S2,2092,66+,57809986.16173452
S2,2092,15-26,
S2,2092,27-45,
S2,2092,46-65,
S2,2093,00-04,
S2,2093,05-09,
S2,2093,10-14,
S2,2093,15-19,
S2,2093,20-24,
S2,2093,25-29,
S2,2093,30-34,
S2,2093,35-39,
S2,2093,40-44,
S2,2093,45-49,
S2,2093,50-54,
S2,2093,55-59,
S2,2093,60-64,
S2,2093,65-69,
S2,2093,70-74,
S2,2093,75+,
S2,2093,0-8,
S2,2093,9-14,
S2,2093,0-17,213867643.45949876
S2,2093,18-29,155558654.40177292
S2,2093,30-65,332922054.3173315
S2,2093,66+,57545008.74483269
S2,2093,15-26,
S2,2093,27-45,
S2,2093,46-65,
S2,2094,00-04,
S2,2094,05-09,
S2,2094,10-14,
S2,2094,15-19,
S2,2094,20-24,
S2,2094,25-29,
S2,2094,30-34,
S2,2094,35-39,
S2,2094,40-44,
S2,2094,45-49,
S2,2094,50-54,
S2,2094,55-59,
S2,2094,60-64,
S2,2094,65-69,
S2,2094,70-74,
S2,2094,75+,
S2,2094,0-8,
S2,2094,9-14,
S2,2094,0-17,212857566.8558246
S2,2094,18-29,154811602.55347386
S2,2094,30-65,331332597.0617099
S2,2094,66+,57277259.867493644
S2,2094,15-26,
S2,2094,27-45,
S2,2094,46-65,
S2,2095,00-04,
S2,2095,05-09,
S2,2095,10-14,
S2,2095,15-19,
S2,2095,20-24,
S2,2095,25-29,
S2,2095,30-34,
S2,2095,35-39,
S2,2095,40-44,
S2,2095,45-49,
S2,2095,50-54,
S2,2095,55-59,
S2,2095,60-64,
S2,2095,65-69,
S2,2095,70-74,
S2,2095,75+,
S2,2095,0-8,
S2,2095,9-14,
S2,2095,0-17,211833580.407776
S2,2095,18-29,154064110.15785232
S2,2095,30-65,329738182.35895073
S2,2095,66+,56999300.715524144
S2,2095,15-26,
S2,2095,27-45,
S2,2095,46-65,
S2,2096,00-04,
S2,2096,05-09,
S2,2096,10-14,
S2,2096,15-19,
S2,2096,20-24,
S2,2096,25-29,
S2,2096,30-34,
S2,2096,35-39,
S2,2096,40-44,
S2,2096,45-49,
S2,2096,50-54,
S2,2096,55-59,
S2,2096,60-64,
S2,2096,65-69,
S2,2096,70-74,
S2,2096,75+,
S2,2096,0-8,
S2,2096,9-14,
S2,2096,0-17,210788090.5409909
S2,2096,18-29,153324960.07205722
S2,2096,30-65,328135899.92214674
S2,2096,66+,56715298.59451053
S2,2096,15-26,
S2,2096,27-45,
S2,2096,46-65,
S2,2097,00-04,
S2,2097,05-09,
S2,2097,10-14,
S2,2097,15-19,
S2,2097,20-24,
S2,2097,25-29,
S2,2097,30-34,
S2,2097,35-39,
S2,2097,40-44,
S2,2097,45-49,
S2,2097,50-54,
S2,2097,55-59,
S2,2097,60-64,
S2,2097,65-69,
S2,2097,70-74,
S2,2097,75+,
S2,2097,0-8,
S2,2097,9-14,
S2,2097,0-17,209746169.72836393
S2,2097,18-29,152577582.4290775
S2,2097,30-65,326522629.45295537
S2,2097,66+,56437360.67667823
S2,2097,15-26,
S2,2097,27-45,
S2,2097,46-65,
S2,2098,00-04,
S2,2098,05-09,
S2,2098,10-14,
S2,2098,15-19,
S2,2098,20-24,
S2,2098,25-29,
S2,2098,30-34,
S2,2098,35-39,
S2,2098,40-44,
S2,2098,45-49,
S2,2098,50-54,
S2,2098,55-59,
S2,2098,60-64,
S2,2098,65-69,
S2,2098,70-74,
S2,2098,75+,
S2,2098,0-8,
S2,2098,9-14,
S2,2098,0-17,208715959.87467092
S2,2098,18-29,151809970.15507957
S2,2098,30-65,324897052.53869563
S2,2098,66+,56162720.064000346
S2,2098,15-26,
S2,2098,27-45,
S2,2098,46-65,
S2,2099,00-04,
S2,2099,05-09,
S2,2099,10-14,
S2,2099,15-19,
S2,2099,20-24,
S2,2099,25-29,
S2,2099,30-34,
S2,2099,35-39,
S2,2099,40-44,
S2,2099,45-49,
S2,2099,50-54,
S2,2099,55-59,
S2,2099,60-64,
S2,2099,65-69,
S2,2099,70-74,
S2,2099,75+,
S2,2099,0-8,
S2,2099,9-14,
S2,2099,0-17,207659809.3646354
S2,2099,18-29,151053523.94904855
S2,2099,30-65,323264878.1198632
S2,2099,66+,55879060.877223104
S2,2099,15-26,
S2,2099,27-45,
S2,2099,46-65,
S2,2100,00-04,
S2,2100,05-09,
S2,2100,10-14,
S2,2100,15-19,
S2,2100,20-24,
S2,2100,25-29,
S2,2100,30-34,
S2,2100,35-39,
S2,2100,40-44,
S2,2100,45-49,
S2,2100,50-54,
S2,2100,55-59,
S2,2100,60-64,
S2,2100,65-69,
S2,2100,70-74,
S2,2100,75+,
S2,2100,0-8,
S2,2100,9-14,
S2,2100,0-17,206619771.29085732
S2,2100,18-29,150282980.0015943
S2,2100,30-65,321636542.4670705
S2,2100,66+,55593692.366677605
S2,2100,15-26,
S2,2100,27-45,
S2,2100,46-65,
S3,1950,00-04,
S3,1950,05-09,
S3,1950,10-14,
S3,1950,15-19,
S3,1950,20-24,
S3,1950,25-29,
S3,1950,30-34,
S3,1950,35-39,
S3,1950,40-44,
S3,1950,45-49,
S3,1950,50-54,
S3,1950,55-59,
S3,1950,60-64,
S3,1950,65-69,
S3,1950,70-74,
S3,1950,75+,
S3,1950,0-8,22045691.38407725
S3,1950,9-14,15466066.849499729
S3,1950,0-17,
S3,1950,18-29,
S3,1950,30-65,
S3,1950,66+,12413233.014398092
S3,1950,15-26,32596608.65094444
S3,1950,27-45,47473449.04958563
S3,1950,46-65,32561779.85001863
S3,1951,00-04,
S3,1951,05-09,
S3,1951,10-14,
S3,1951,15-19,
S3,1951,20-24,
S3,1951,25-29,
S3,1951,30-34,
S3,1951,35-39,
S3,1951,40-44,
S3,1951,45-49,
S3,1951,50-54,
S3,1951,55-59,
S3,1951,60-64,
S3,1951,65-69,
S3,1951,70-74,
S3,1951,75+,
S3,1951,0-8,22519534.975808866
S3,1951,9-14,15778643.005168129
S3,1951,0-17,
S3,1951,18-29,
S3,1951,30-65,
S3,1951,66+,12627172.350344198
S3,1951,15-26,33289697.400604647
S3,1951,27-45,48502411.074415
S3,1951,46-65,33247312.095186148
S3,1952,00-04,
S3,1952,05-09,
S3,1952,10-14,
S3,1952,15-19,
S3,1952,20-24,
S3,1952,25-29,
S3,1952,30-34,
S3,1952,35-39,
S3,1952,40-44,
S3,1952,45-49,
S3,1952,50-54,
S3,1952,55-59,
S3,1952,60-64,
S3,1952,65-69,
S3,1952,70-74,
S3,1952,75+,
S3,1952,0-8,23010862.446105383
S3,1952,9-14,16117131.110647287
S3,1952,0-17,
S3,1952,18-29,
S3,1952,30-65,
S3,1952,66+,12845071.2530671
S3,1952,15-26,34011728.27610588
S3,1952,27-45,49586986.48060719
S3,1952,46-65,33988988.825854786
S3,1953,00-04,
S3,1953,05-09,
S3,1953,10-14,
S3,1953,15-19,
S3,1953,20-24,
S3,1953,25-29,
S3,1953,30-34,
S3,1953,35-39,
S3,1953,40-44,
S3,1953,45-49,
S3,1953,50-54,
S3,1953,55-59,
S3,1953,60-64,
S3,1953,65-69,
S3,1953,70-74,
S3,1953,75+,
S3,1953,0-8,23514406.863316026
S3,1953,9-14,16485926.390795212
S3,1953,0-17,
S3,1953,18-29,
S3,1953,30-65,
S3,1953,66+,13106433.787616128
S3,1953,15-26,34761767.403657414
S3,1953,27-45,50709861.5807384
S3,1953,46-65,34762647.71232227
S3,1954,00-04,
S3,1954,05-09,
S3,1954,10-14,
S3,1954,15-19,
S3,1954,20-24,
S3,1954,25-29,
S3,1954,30-34,
S3,1954,35-39,
S3,1954,40-44,
S3,1954,45-49,
S3,1954,50-54,
S3,1954,55-59,
S3,1954,60-64,
S3,1954,65-69,
S3,1954,70-74,
S3,1954,75+,
S3,1954,0-8,24012841.96362725
S3,1954,9-14,16874717.525146984
S3,1954,0-17,
S3,1954,18-29,
S3,1954,30-65,
S3,1954,66+,13444164.269298464
S3,1954,15-26,35527908.78818317
S3,1954,27-45,51808595.5456696
S3,1954,46-65,35517601.65296676
S3,1955,00-04,
S3,1955,05-09,
S3,1955,10-14,
S3,1955,15-19,
S3,1955,20-24,
S3,1955,25-29,
S3,1955,30-34,
S3,1955,35-39,
S3,1955,40-44,
S3,1955,45-49,
S3,1955,50-54,
S3,1955,55-59,
S3,1955,60-64,
S3,1955,65-69,
S3,1955,70-74,
S3,1955,75+,
S3,1955,0-8,24585349.013739176
S3,1955,9-14,17254486.788146455
S3,1955,0-17,
S3,1955,18-29,
S3,1955,30-65,
S3,1955,66+,13867531.330582274
S3,1955,15-26,36362296.18634745
S3,1955,27-45,52955931.70169461
S3,1955,46-65,36286914.59460966
S3,1956,00-04,
S3,1956,05-09,
S3,1956,10-14,
S3,1956,15-19,
S3,1956,20-24,
S3,1956,25-29,
S3,1956,30-34,
S3,1956,35-39,
S3,1956,40-44,
S3,1956,45-49,
S3,1956,50-54,
S3,1956,55-59,
S3,1956,60-64,
S3,1956,65-69,
S3,1956,70-74,
S3,1956,75+,
S3,1956,0-8,25182778.28493079
S3,1956,9-14,17634829.39690427
S3,1956,0-17,
S3,1956,18-29,
S3,1956,30-65,
S3,1956,66+,14247919.91956992
S3,1956,15-26,37223599.96667936
S3,1956,27-45,54154889.78828013
S3,1956,46-65,37105656.91265504
S3,1957,00-04,
S3,1957,05-09,
S3,1957,10-14,
S3,1957,15-19,
S3,1957,20-24,
S3,1957,25-29,
S3,1957,30-34,
S3,1957,35-39,
S3,1957,40-44,
S3,1957,45-49,
S3,1957,50-54,
S3,1957,55-59,
S3,1957,60-64,
S3,1957,65-69,
S3,1957,70-74,
S3,1957,75+,
S3,1957,0-8,25825563.619184107
S3,1957,9-14,18003176.90204877
S3,1957,0-17,
S3,1957,18-29,
S3,1957,30-65,
S3,1957,66+,14646387.47986924
S3,1957,15-26,38104679.96663186
S3,1957,27-45,55418054.15263345
S3,1957,46-65,37933546.18636592
S3,1958,00-04,
S3,1958,05-09,
S3,1958,10-14,
S3,1958,15-19,
S3,1958,20-24,
S3,1958,25-29,
S3,1958,30-34,
S3,1958,35-39,
S3,1958,40-44,
S3,1958,45-49,
S3,1958,50-54,
S3,1958,55-59,
S3,1958,60-64,
S3,1958,65-69,
S3,1958,70-74,
S3,1958,75+,
S3,1958,0-8,26491624.345146075
S3,1958,9-14,18325259.18366435
S3,1958,0-17,
S3,1958,18-29,
S3,1958,30-65,
S3,1958,66+,15019850.113480521
S3,1958,15-26,38958904.613653354
S3,1958,27-45,56670911.8258936
S3,1958,46-65,38746966.05655293
S3,1959,00-04,
S3,1959,05-09,
S3,1959,10-14,
S3,1959,15-19,
S3,1959,20-24,
S3,1959,25-29,
S3,1959,30-34,
S3,1959,35-39,
S3,1959,40-44,
S3,1959,45-49,
S3,1959,50-54,
S3,1959,55-59,
S3,1959,60-64,
S3,1959,65-69,
S3,1959,70-74,
S3,1959,75+,
S3,1959,0-8,26881114.304794814
S3,1959,9-14,18998795.51377741
S3,1959,0-17,
S3,1959,18-29,
S3,1959,30-65,
S3,1959,66+,15333548.519097863
S3,1959,15-26,39877316.83859023
S3,1959,27-45,58034830.2991622
S3,1959,46-65,39694524.448361695
S3,1960,00-04,
S3,1960,05-09,
S3,1960,10-14,
S3,1960,15-19,
S3,1960,20-24,
S3,1960,25-29,
S3,1960,30-34,
S3,1960,35-39,
S3,1960,40-44,
S3,1960,45-49,
S3,1960,50-54,
S3,1960,55-59,
S3,1960,60-64,
S3,1960,65-69,
S3,1960,70-74,
S3,1960,75+,
S3,1960,0-8,27516141.625562027
S3,1960,9-14,19438920.72776907
S3,1960,0-17,
S3,1960,18-29,
S3,1960,30-65,
S3,1960,66+,15577529.637796601
S3,1960,15-26,40808905.17611132
S3,1960,27-45,59418989.791270934
S3,1960,46-65,40718805.711974174
S3,1961,00-04,
S3,1961,05-09,
S3,1961,10-14,
S3,1961,15-19,
S3,1961,20-24,
S3,1961,25-29,
S3,1961,30-34,
S3,1961,35-39,
S3,1961,40-44,
S3,1961,45-49,
S3,1961,50-54,
S3,1961,55-59,
S3,1961,60-64,
S3,1961,65-69,
S3,1961,70-74,
S3,1961,75+,
S3,1961,0-8,28187519.102439564
S3,1961,9-14,19879797.229268383
S3,1961,0-17,
S3,1961,18-29,
S3,1961,30-65,
S3,1961,66+,15892302.216593035
S3,1961,15-26,41767350.36430555
S3,1961,27-45,60845642.31261444
S3,1961,46-65,41726622.92648238
S3,1962,00-04,
S3,1962,05-09,
S3,1962,10-14,
S3,1962,15-19,
S3,1962,20-24,
S3,1962,25-29,
S3,1962,30-34,
S3,1962,35-39,
S3,1962,40-44,
S3,1962,45-49,
S3,1962,50-54,
S3,1962,55-59,
S3,1962,60-64,
S3,1962,65-69,
S3,1962,70-74,
S3,1962,75+,
S3,1962,0-8,28872615.55485942
S3,1962,9-14,20344336.639500193
S3,1962,0-17,
S3,1962,18-29,
S3,1962,30-65,
S3,1962,66+,16209807.346006328
S3,1962,15-26,42786905.85326623
S3,1962,27-45,62287345.34669367
S3,1962,46-65,42780158.91389498
S3,1963,00-04,
S3,1963,05-09,
S3,1963,10-14,
S3,1963,15-19,
S3,1963,20-24,
S3,1963,25-29,
S3,1963,30-34,
S3,1963,35-39,
S3,1963,40-44,
S3,1963,45-49,
S3,1963,50-54,
S3,1963,55-59,
S3,1963,60-64,
S3,1963,65-69,
S3,1963,70-74,
S3,1963,75+,
S3,1963,0-8,29563225.314768977
S3,1963,9-14,20805665.01148661
S3,1963,0-17,
S3,1963,18-29,
S3,1963,30-65,
S3,1963,66+,16570760.26490129
S3,1963,15-26,43839669.60521821
S3,1963,27-45,63694779.22574262
S3,1963,46-65,43798982.59534422
S3,1964,00-04,
S3,1964,05-09,
S3,1964,10-14,
S3,1964,15-19,
S3,1964,20-24,
S3,1964,25-29,
S3,1964,30-34,
S3,1964,35-39,
S3,1964,40-44,
S3,1964,45-49,
S3,1964,50-54,
S3,1964,55-59,
S3,1964,60-64,
S3,1964,65-69,
S3,1964,70-74,
S3,1964,75+,
S3,1964,0-8,30283372.932990886
S3,1964,9-14,21274988.883401785
S3,1964,0-17,
S3,1964,18-29,
S3,1964,30-65,
S3,1964,66+,17005117.228315275
S3,1964,15-26,44884295.10884083
S3,1964,27-45,65183217.31476328
S3,1964,46-65,44796653.344606
S3,1965,00-04,
S3,1965,05-09,
S3,1965,10-14,
S3,1965,15-19,
S3,1965,20-24,
S3,1965,25-29,
S3,1965,30-34,
S3,1965,35-39,
S3,1965,40-44,
S3,1965,45-49,
S3,1965,50-54,
S3,1965,55-59,
S3,1965,60-64,
S3,1965,65-69,
S3,1965,70-74,
S3,1965,75+,
S3,1965,0-8,30996108.38671021
S3,1965,9-14,21768986.424869195
S3,1965,0-17,
S3,1965,18-29,
S3,1965,30-65,
S3,1965,66+,17486737.29122668
S3,1965,15-26,45870726.62619147
S3,1965,27-45,66762804.75945097
S3,1965,46-65,45771646.67926418
S3,1966,00-04,
S3,1966,05-09,
S3,1966,10-14,
S3,1966,15-19,
S3,1966,20-24,
S3,1966,25-29,
S3,1966,30-34,
S3,1966,35-39,
S3,1966,40-44,
S3,1966,45-49,
S3,1966,50-54,
S3,1966,55-59,
S3,1966,60-64,
S3,1966,65-69,
S3,1966,70-74,
S3,1966,75+,
S3,1966,0-8,31683382.9362576
S3,1966,9-14,22242479.8365973
S3,1966,0-17,
S3,1966,18-29,
S3,1966,30-65,
S3,1966,66+,17915882.09772753
S3,1966,15-26,46790284.51335073
S3,1966,27-45,68315999.9056381
S3,1966,46-65,46739157.21860872
S3,1967,00-04,
S3,1967,05-09,
S3,1967,10-14,
S3,1967,15-19,
S3,1967,20-24,
S3,1967,25-29,
S3,1967,30-34,
S3,1967,35-39,
S3,1967,40-44,
S3,1967,45-49,
S3,1967,50-54,
S3,1967,55-59,
S3,1967,60-64,
S3,1967,65-69,
S3,1967,70-74,
S3,1967,75+,
S3,1967,0-8,32366353.458431806
S3,1967,9-14,22713275.03711616
S3,1967,0-17,
S3,1967,18-29,
S3,1967,30-65,
S3,1967,66+,18347063.907159243
S3,1967,15-26,47766555.33342791
S3,1967,27-45,69797901.33448792
S3,1967,46-65,47695869.64722253
S3,1968,00-04,
S3,1968,05-09,
S3,1968,10-14,
S3,1968,15-19,
S3,1968,20-24,
S3,1968,25-29,
S3,1968,30-34,
S3,1968,35-39,
S3,1968,40-44,
S3,1968,45-49,
S3,1968,50-54,
S3,1968,55-59,
S3,1968,60-64,
S3,1968,65-69,
S3,1968,70-74,
S3,1968,75+,
S3,1968,0-8,33094636.374713875
S3,1968,9-14,23197847.995336704
S3,1968,0-17,
S3,1968,18-29,
S3,1968,30-65,
S3,1968,66+,18761437.804941986
S3,1968,15-26,48846149.93542777
S3,1968,27-45,71305626.98229736
S3,1968,46-65,48737218.41614549
S3,1969,00-04,
S3,1969,05-09,
S3,1969,10-14,
S3,1969,15-19,
S3,1969,20-24,
S3,1969,25-29,
S3,1969,30-34,
S3,1969,35-39,
S3,1969,40-44,
S3,1969,45-49,
S3,1969,50-54,
S3,1969,55-59,
S3,1969,60-64,
S3,1969,65-69,
S3,1969,70-74,
S3,1969,75+,
S3,1969,0-8,33817075.17850377
S3,1969,9-14,23694223.642251745
S3,1969,0-17,
S3,1969,18-29,
S3,1969,30-65,
S3,1969,66+,19142468.68942588
S3,1969,15-26,49961143.41695263
S3,1969,27-45,72795075.68330018
S3,1969,46-65,49814651.11977185
S3,1970,00-04,
S3,1970,05-09,
S3,1970,10-14,
S3,1970,15-19,
S3,1970,20-24,
S3,1970,25-29,
S3,1970,30-34,
S3,1970,35-39,
S3,1970,40-44,
S3,1970,45-49,
S3,1970,50-54,
S3,1970,55-59,
S3,1970,60-64,
S3,1970,65-69,
S3,1970,70-74,
S3,1970,75+,
S3,1970,0-8,34536398.01272391
S3,1970,9-14,24221556.758933954
S3,1970,0-17,
S3,1970,18-29,
S3,1970,30-65,
S3,1970,66+,19491877.063136667
S3,1970,15-26,51055407.55758555
S3,1970,27-45,74368274.23343526
S3,1970,46-65,50953495.188135326
S3,1971,00-04,
S3,1971,05-09,
S3,1971,10-14,
S3,1971,15-19,
S3,1971,20-24,
S3,1971,25-29,
S3,1971,30-34,
S3,1971,35-39,
S3,1971,40-44,
S3,1971,45-49,
S3,1971,50-54,
S3,1971,55-59,
S3,1971,60-64,
S3,1971,65-69,
S3,1971,70-74,
S3,1971,75+,
S3,1971,0-8,35325207.05686413
S3,1971,9-14,24790729.603534907
S3,1971,0-17,
S3,1971,18-29,
S3,1971,30-65,
S3,1971,66+,19910114.03270604
S3,1971,15-26,52237610.63981258
S3,1971,27-45,76089499.75696771
S3,1971,46-65,52158648.645020284
S3,1972,00-04,
S3,1972,05-09,
S3,1972,10-14,
S3,1972,15-19,
S3,1972,20-24,
S3,1972,25-29,
S3,1972,30-34,
S3,1972,35-39,
S3,1972,40-44,
S3,1972,45-49,
S3,1972,50-54,
S3,1972,55-59,
S3,1972,60-64,
S3,1972,65-69,
S3,1972,70-74,
S3,1972,75+,
S3,1972,0-8,36079221.904159
S3,1972,9-14,25340837.409146525
S3,1972,0-17,
S3,1972,18-29,
S3,1972,30-65,
S3,1972,66+,20314854.19101911
S3,1972,15-26,53355424.730589
S3,1972,27-45,77751265.49877544
S3,1972,46-65,53321608.46283305
S3,1973,00-04,
S3,1973,05-09,
S3,1973,10-14,
S3,1973,15-19,
S3,1973,20-24,
S3,1973,25-29,
S3,1973,30-34,
S3,1973,35-39,
S3,1973,40-44,
S3,1973,45-49,
S3,1973,50-54,
S3,1973,55-59,
S3,1973,60-64,
S3,1973,65-69,
S3,1973,70-74,
S3,1973,75+,
S3,1973,0-8,36900321.69031373
S3,1973,9-14,25920815.99334013
S3,1973,0-17,
S3,1973,18-29,
S3,1973,30-65,
S3,1973,66+,20769202.858255114
S3,1973,15-26,54514437.87259959
S3,1973,27-45,79577778.30437046
S3,1973,46-65,54552214.570230804
S3,1974,00-04,
S3,1974,05-09,
S3,1974,10-14,
S3,1974,15-19,
S3,1974,20-24,
S3,1974,25-29,
S3,1974,30-34,
S3,1974,35-39,
S3,1974,40-44,
S3,1974,45-49,
S3,1974,50-54,
S3,1974,55-59,
S3,1974,60-64,
S3,1974,65-69,
S3,1974,70-74,
S3,1974,75+,
S3,1974,0-8,37738390.937030055
S3,1974,9-14,26499666.86306263
S3,1974,0-17,
S3,1974,18-29,
S3,1974,30-65,
S3,1974,66+,21259316.10248296
S3,1974,15-26,55618607.716869794
S3,1974,27-45,81498192.186358
S3,1974,46-65,55760806.62399557
S3,1975,00-04,
S3,1975,05-09,
S3,1975,10-14,
S3,1975,15-19,
S3,1975,20-24,
S3,1975,25-29,
S3,1975,30-34,
S3,1975,35-39,
S3,1975,40-44,
S3,1975,45-49,
S3,1975,50-54,
S3,1975,55-59,
S3,1975,60-64,
S3,1975,65-69,
S3,1975,70-74,
S3,1975,75+,
S3,1975,0-8,38656246.91764261
S3,1975,9-14,27097887.027615555
S3,1975,0-17,
S3,1975,18-29,
S3,1975,30-65,
S3,1975,66+,21800599.726809084
S3,1975,15-26,57153039.55255641
S3,1975,27-45,83208113.59422672
S3,1975,46-65,57028994.409535915
S3,1976,00-04,
S3,1976,05-09,
S3,1976,10-14,
S3,1976,15-19,
S3,1976,20-24,
S3,1976,25-29,
S3,1976,30-34,
S3,1976,35-39,
S3,1976,40-44,
S3,1976,45-49,
S3,1976,50-54,
S3,1976,55-59,
S3,1976,60-64,
S3,1976,65-69,
S3,1976,70-74,
S3,1976,75+,
S3,1976,0-8,39566341.088945
S3,1976,9-14,27727783.882335402
S3,1976,0-17,
S3,1976,18-29,
S3,1976,30-65,
S3,1976,66+,22331550.343050946
S3,1976,15-26,58838804.860339224
S3,1976,27-45,84815136.51083325
S3,1976,46-65,58338800.23826558
S3,1977,00-04,
S3,1977,05-09,
S3,1977,10-14,
S3,1977,15-19,
S3,1977,20-24,
S3,1977,25-29,
S3,1977,30-34,
S3,1977,35-39,
S3,1977,40-44,
S3,1977,45-49,
S3,1977,50-54,
S3,1977,55-59,
S3,1977,60-64,
S3,1977,65-69,
S3,1977,70-74,
S3,1977,75+,
S3,1977,0-8,40486538.60212284
S3,1977,9-14,28386710.345513843
S3,1977,0-17,
S3,1977,18-29,
S3,1977,30-65,
S3,1977,66+,22866861.63649762
S3,1977,15-26,60115533.568123214
S3,1977,27-45,86909831.65652658
S3,1977,46-65,59696059.05890581
S3,1978,00-04,
S3,1978,05-09,
S3,1978,10-14,
S3,1978,15-19,
S3,1978,20-24,
S3,1978,25-29,
S3,1978,30-34,
S3,1978,35-39,
S3,1978,40-44,
S3,1978,45-49,
S3,1978,50-54,
S3,1978,55-59,
S3,1978,60-64,
S3,1978,65-69,
S3,1978,70-74,
S3,1978,75+,
S3,1978,0-8,41427322.94342045
S3,1978,9-14,29065391.34654583
S3,1978,0-17,
S3,1978,18-29,
S3,1978,30-65,
S3,1978,66+,23407499.10992073
S3,1978,15-26,61388978.95941372
S3,1978,27-45,89088791.09921901
S3,1978,46-65,61101488.25870365
S3,1979,00-04,
S3,1979,05-09,
S3,1979,10-14,
S3,1979,15-19,
S3,1979,20-24,
S3,1979,25-29,
S3,1979,30-34,
S3,1979,35-39,
S3,1979,40-44,
S3,1979,45-49,
S3,1979,50-54,
S3,1979,55-59,
S3,1979,60-64,
S3,1979,65-69,
S3,1979,70-74,
S3,1979,75+,
S3,1979,0-8,42389120.686737016
S3,1979,9-14,29698053.362115487
S3,1979,0-17,
S3,1979,18-29,
S3,1979,30-65,
S3,1979,66+,23928143.36273765
S3,1979,15-26,62598961.93649161
S3,1979,27-45,91278806.13324085
S3,1979,46-65,62495961.63989786
S3,1980,00-04,
S3,1980,05-09,
S3,1980,10-14,
S3,1980,15-19,
S3,1980,20-24,
S3,1980,25-29,
S3,1980,30-34,
S3,1980,35-39,
S3,1980,40-44,
S3,1980,45-49,
S3,1980,50-54,
S3,1980,55-59,
S3,1980,60-64,
S3,1980,65-69,
S3,1980,70-74,
S3,1980,75+,
S3,1980,0-8,43410082.598529615
S3,1980,9-14,30403135.7209467
S3,1980,0-17,
S3,1980,18-29,
S3,1980,30-65,
S3,1980,66+,24485806.92136611
S3,1980,15-26,64123045.28193192
S3,1980,27-45,93436213.80457377
S3,1980,46-65,64010558.362274066
S3,1981,00-04,
S3,1981,05-09,
S3,1981,10-14,
S3,1981,15-19,
S3,1981,20-24,
S3,1981,25-29,
S3,1981,30-34,
S3,1981,35-39,
S3,1981,40-44,
S3,1981,45-49,
S3,1981,50-54,
S3,1981,55-59,
S3,1981,60-64,
S3,1981,65-69,
S3,1981,70-74,
S3,1981,75+,
S3,1981,0-8,44412949.385098055
S3,1981,9-14,31150583.250671353
S3,1981,0-17,
S3,1981,18-29,
S3,1981,30-65,
S3,1981,66+,25058687.390077524
S3,1981,15-26,65652955.28629779
S3,1981,27-45,95636575.25737691
S3,1981,46-65,65542061.68845788
S3,1982,00-04,
S3,1982,05-09,
S3,1982,10-14,
S3,1982,15-19,
S3,1982,20-24,
S3,1982,25-29,
S3,1982,30-34,
S3,1982,35-39,
S3,1982,40-44,
S3,1982,45-49,
S3,1982,50-54,
S3,1982,55-59,
S3,1982,60-64,
S3,1982,65-69,
S3,1982,70-74,
S3,1982,75+,
S3,1982,0-8,45462707.24052933
S3,1982,9-14,31882837.833443455
S3,1982,0-17,
S3,1982,18-29,
S3,1982,30-65,
S3,1982,66+,25643991.633464437
S3,1982,15-26,67185744.09645043
S3,1982,27-45,97951186.56995708
S3,1982,46-65,67049677.94648044
S3,1983,00-04,
S3,1983,05-09,
S3,1983,10-14,
S3,1983,15-19,
S3,1983,20-24,
S3,1983,25-29,
S3,1983,30-34,
S3,1983,35-39,
S3,1983,40-44,
S3,1983,45-49,
S3,1983,50-54,
S3,1983,55-59,
S3,1983,60-64,
S3,1983,65-69,
S3,1983,70-74,
S3,1983,75+,
S3,1983,0-8,46508379.04624511
S3,1983,9-14,32660093.092219636
S3,1983,0-17,
S3,1983,18-29,
S3,1983,30-65,
S3,1983,66+,26246784.09154849
S3,1983,15-26,68770739.99289712
S3,1983,27-45,100293024.21612011
S3,1983,46-65,68596761.06709112
S3,1984,00-04,
S3,1984,05-09,
S3,1984,10-14,
S3,1984,15-19,
S3,1984,20-24,
S3,1984,25-29,
S3,1984,30-34,
S3,1984,35-39,
S3,1984,40-44,
S3,1984,45-49,
S3,1984,50-54,
S3,1984,55-59,
S3,1984,60-64,
S3,1984,65-69,
S3,1984,70-74,
S3,1984,75+,
S3,1984,0-8,47601586.15847998
S3,1984,9-14,33449808.66399271
S3,1984,0-17,
S3,1984,18-29,
S3,1984,30-65,
S3,1984,66+,26874922.100420758
S3,1984,15-26,70419238.65327428
S3,1984,27-45,102653008.45076236
S3,1984,46-65,70236844.08158198
S3,1985,00-04,
S3,1985,05-09,
S3,1985,10-14,
S3,1985,15-19,
S3,1985,20-24,
S3,1985,25-29,
S3,1985,30-34,
S3,1985,35-39,
S3,1985,40-44,
S3,1985,45-49,
S3,1985,50-54,
S3,1985,55-59,
S3,1985,60-64,
S3,1985,65-69,
S3,1985,70-74,
S3,1985,75+,
S3,1985,0-8,48775805.00788166
S3,1985,9-14,34201642.06590159
S3,1985,0-17,
S3,1985,18-29,
S3,1985,30-65,
S3,1985,66+,27520906.73122823
S3,1985,15-26,72072060.10315242
S3,1985,27-45,105044382.96628512
S3,1985,46-65,71967139.38461648
S3,1986,00-04,
S3,1986,05-09,
S3,1986,10-14,
S3,1986,15-19,
S3,1986,20-24,
S3,1986,25-29,
S3,1986,30-34,
S3,1986,35-39,
S3,1986,40-44,
S3,1986,45-49,
S3,1986,50-54,
S3,1986,55-59,
S3,1986,60-64,
S3,1986,65-69,
S3,1986,70-74,
S3,1986,75+,
S3,1986,0-8,49903144.58496859
S3,1986,9-14,35028401.73175098
S3,1986,0-17,
S3,1986,18-29,
S3,1986,30-65,
S3,1986,66+,28172677.723647103
S3,1986,15-26,73791036.29654229
S3,1986,27-45,107456269.25237188
S3,1986,46-65,73698476.17778744
S3,1987,00-04,
S3,1987,05-09,
S3,1987,10-14,
S3,1987,15-19,
S3,1987,20-24,
S3,1987,25-29,
S3,1987,30-34,
S3,1987,35-39,
S3,1987,40-44,
S3,1987,45-49,
S3,1987,50-54,
S3,1987,55-59,
S3,1987,60-64,
S3,1987,65-69,
S3,1987,70-74,
S3,1987,75+,
S3,1987,0-8,51132971.248068094
S3,1987,9-14,35795638.45041311
S3,1987,0-17,
S3,1987,18-29,
S3,1987,30-65,
S3,1987,66+,28838822.86841498
S3,1987,15-26,75570400.12477003
S3,1987,27-45,109929419.41977973
S3,1987,46-65,75437007.82913752
S3,1988,00-04,
S3,1988,05-09,
S3,1988,10-14,
S3,1988,15-19,
S3,1988,20-24,
S3,1988,25-29,
S3,1988,30-34,
S3,1988,35-39,
S3,1988,40-44,
S3,1988,45-49,
S3,1988,50-54,
S3,1988,55-59,
S3,1988,60-64,
S3,1988,65-69,
S3,1988,70-74,
S3,1988,75+,
S3,1988,0-8,52334317.269145325
S3,1988,9-14,36597815.174186945
S3,1988,0-17,
S3,1988,18-29,
S3,1988,30-65,
S3,1988,66+,29505135.602343183
S3,1988,15-26,77335379.74553904
S3,1988,27-45,112456052.29928279
S3,1988,46-65,77157805.60888885
S3,1989,00-04,
S3,1989,05-09,
S3,1989,10-14,
S3,1989,15-19,
S3,1989,20-24,
S3,1989,25-29,
S3,1989,30-34,
S3,1989,35-39,
S3,1989,40-44,
S3,1989,45-49,
S3,1989,50-54,
S3,1989,55-59,
S3,1989,60-64,
S3,1989,65-69,
S3,1989,70-74,
S3,1989,75+,
S3,1989,0-8,53508942.97430329
S3,1989,9-14,37456159.60820772
S3,1989,0-17,
S3,1989,18-29,
S3,1989,30-65,
S3,1989,66+,30177899.90612322
S3,1989,15-26,79098535.81206204
S3,1989,27-45,115070494.39307135
S3,1989,46-65,78884328.75296074
S3,1990,00-04,
S3,1990,05-09,
S3,1990,10-14,
S3,1990,15-19,
S3,1990,20-24,
S3,1990,25-29,
S3,1990,30-34,
S3,1990,35-39,
S3,1990,40-44,
S3,1990,45-49,
S3,1990,50-54,
S3,1990,55-59,
S3,1990,60-64,
S3,1990,65-69,
S3,1990,70-74,
S3,1990,75+,
S3,1990,0-8,54671681.81115737
S3,1990,9-14,38357229.254506156
S3,1990,0-17,
S3,1990,18-29,
S3,1990,30-65,
S3,1990,66+,30857924.078167707
S3,1990,15-26,80870907.98378408
S3,1990,27-45,117697061.47298047
S3,1990,46-65,80685050.24838173
S3,1991,00-04,
S3,1991,05-09,
S3,1991,10-14,
S3,1991,15-19,
S3,1991,20-24,
S3,1991,25-29,
S3,1991,30-34,
S3,1991,35-39,
S3,1991,40-44,
S3,1991,45-49,
S3,1991,50-54,
S3,1991,55-59,
S3,1991,60-64,
S3,1991,65-69,
S3,1991,70-74,
S3,1991,75+,
S3,1991,0-8,55899742.72795324
S3,1991,9-14,39209953.833945975
S3,1991,0-17,
S3,1991,18-29,
S3,1991,30-65,
S3,1991,66+,31544863.693794053
S3,1991,15-26,82637138.93156886
S3,1991,27-45,120359260.66811755
S3,1991,46-65,82505958.11209683
S3,1992,00-04,
S3,1992,05-09,
S3,1992,10-14,
S3,1992,15-19,
S3,1992,20-24,
S3,1992,25-29,
S3,1992,30-34,
S3,1992,35-39,
S3,1992,40-44,
S3,1992,45-49,
S3,1992,50-54,
S3,1992,55-59,
S3,1992,60-64,
S3,1992,65-69,
S3,1992,70-74,
S3,1992,75+,
S3,1992,0-8,57123439.0952315
S3,1992,9-14,40046345.272053316
S3,1992,0-17,
S3,1992,18-29,
S3,1992,30-65,
S3,1992,66+,32231605.439746447
S3,1992,15-26,84385504.42746276
S3,1992,27-45,122981354.30320211
S3,1992,46-65,84316039.31217213
S3,1993,00-04,
S3,1993,05-09,
S3,1993,10-14,
S3,1993,15-19,
S3,1993,20-24,
S3,1993,25-29,
S3,1993,30-34,
S3,1993,35-39,
S3,1993,40-44,
S3,1993,45-49,
S3,1993,50-54,
S3,1993,55-59,
S3,1993,60-64,
S3,1993,65-69,
S3,1993,70-74,
S3,1993,75+,
S3,1993,0-8,58344888.613613725
S3,1993,9-14,40911635.0995812
S3,1993,0-17,
S3,1993,18-29,
S3,1993,30-65,
S3,1993,66+,32927651.38427404
S3,1993,15-26,86219362.43257615
S3,1993,27-45,125531125.91631375
S3,1993,46-65,86192488.46997212
S3,1994,00-04,
S3,1994,05-09,
S3,1994,10-14,
S3,1994,15-19,
S3,1994,20-24,
S3,1994,25-29,
S3,1994,30-34,
S3,1994,35-39,
S3,1994,40-44,
S3,1994,45-49,
S3,1994,50-54,
S3,1994,55-59,
S3,1994,60-64,
S3,1994,65-69,
S3,1994,70-74,
S3,1994,75+,
S3,1994,0-8,59545240.877551995
S3,1994,9-14,41790051.90503733
S3,1994,0-17,
S3,1994,18-29,
S3,1994,30-65,
S3,1994,66+,33616916.08243054
S3,1994,15-26,88069610.1776482
S3,1994,27-45,127992087.84819981
S3,1994,46-65,88121569.9784306
S3,1995,00-04,
S3,1995,05-09,
S3,1995,10-14,
S3,1995,15-19,
S3,1995,20-24,
S3,1995,25-29,
S3,1995,30-34,
S3,1995,35-39,
S3,1995,40-44,
S3,1995,45-49,
S3,1995,50-54,
S3,1995,55-59,
S3,1995,60-64,
S3,1995,65-69,
S3,1995,70-74,
S3,1995,75+,
S3,1995,0-8,60768646.88269791
S3,1995,9-14,42613060.985357925
S3,1995,0-17,
S3,1995,18-29,
S3,1995,30-65,
S3,1995,66+,34289403.16667805
S3,1995,15-26,89849304.68582533
S3,1995,27-45,131031576.50717531
S3,1995,46-65,89451603.92905524
S3,1996,00-04,
S3,1996,05-09,
S3,1996,10-14,
S3,1996,15-19,
S3,1996,20-24,
S3,1996,25-29,
S3,1996,30-34,
S3,1996,35-39,
S3,1996,40-44,
S3,1996,45-49,
S3,1996,50-54,
S3,1996,55-59,
S3,1996,60-64,
S3,1996,65-69,
S3,1996,70-74,
S3,1996,75+,
S3,1996,0-8,61936376.352553114
S3,1996,9-14,43529783.672043346
S3,1996,0-17,
S3,1996,18-29,
S3,1996,30-65,
S3,1996,66+,34976752.85468564
S3,1996,15-26,91624631.954065
S3,1996,27-45,133680168.37901402
S3,1996,46-65,91288835.49865438
S3,1997,00-04,
S3,1997,05-09,
S3,1997,10-14,
S3,1997,15-19,
S3,1997,20-24,
S3,1997,25-29,
S3,1997,30-34,
S3,1997,35-39,
S3,1997,40-44,
S3,1997,45-49,
S3,1997,50-54,
S3,1997,55-59,
S3,1997,60-64,
S3,1997,65-69,
S3,1997,70-74,
S3,1997,75+,
S3,1997,0-8,63221956.618666574
S3,1997,9-14,44335646.77248774
S3,1997,0-17,
S3,1997,18-29,
S3,1997,30-65,
S3,1997,66+,35670550.56857584
S3,1997,15-26,93463317.49671
S3,1997,27-45,136249851.185302
S3,1997,46-65,93158474.96212418
S3,1998,00-04,
S3,1998,05-09,
S3,1998,10-14,
S3,1998,15-19,
S3,1998,20-24,
S3,1998,25-29,
S3,1998,30-34,
S3,1998,35-39,
S3,1998,40-44,
S3,1998,45-49,
S3,1998,50-54,
S3,1998,55-59,
S3,1998,60-64,
S3,1998,65-69,
S3,1998,70-74,
S3,1998,75+,
S3,1998,0-8,64452570.33489367
S3,1998,9-14,45203180.8901417
S3,1998,0-17,
S3,1998,18-29,
S3,1998,30-65,
S3,1998,66+,36370659.14231866
S3,1998,15-26,95327858.92826994
S3,1998,27-45,138813160.30252156
S3,1998,46-65,95024670.64060242
S3,1999,00-04,
S3,1999,05-09,
S3,1999,10-14,
S3,1999,15-19,
S3,1999,20-24,
S3,1999,25-29,
S3,1999,30-34,
S3,1999,35-39,
S3,1999,40-44,
S3,1999,45-49,
S3,1999,50-54,
S3,1999,55-59,
S3,1999,60-64,
S3,1999,65-69,
S3,1999,70-74,
S3,1999,75+,
S3,1999,0-8,65684365.40518821
S3,1999,9-14,46077410.07490374
S3,1999,0-17,
S3,1999,18-29,
S3,1999,30-65,
S3,1999,66+,37072335.72877683
S3,1999,15-26,97190927.07562958
S3,1999,27-45,141370178.38456148
S3,1999,46-65,96923318.5968881
S3,2000,00-04,
S3,2000,05-09,
S3,2000,10-14,
S3,2000,15-19,
S3,2000,20-24,
S3,2000,25-29,
S3,2000,30-34,
S3,2000,35-39,
S3,2000,40-44,
S3,2000,45-49,
S3,2000,50-54,
S3,2000,55-59,
S3,2000,60-64,
S3,2000,65-69,
S3,2000,70-74,
S3,2000,75+,
S3,2000,0-8,66946541.29929997
S3,2000,9-14,46921564.98494532
S3,2000,0-17,
S3,2000,18-29,
S3,2000,30-65,
S3,2000,66+,37773136.80400573
S3,2000,15-26,99037020.74891141
S3,2000,27-45,144040074.53766075
S3,2000,46-65,98727960.34576681
S3,2001,00-04,
S3,2001,05-09,
S3,2001,10-14,
S3,2001,15-19,
S3,2001,20-24,
S3,2001,25-29,
S3,2001,30-34,
S3,2001,35-39,
S3,2001,40-44,
S3,2001,45-49,
S3,2001,50-54,
S3,2001,55-59,
S3,2001,60-64,
S3,2001,65-69,
S3,2001,70-74,
S3,2001,75+,
S3,2001,0-8,68200177.13307711
S3,2001,9-14,47807211.50742259
S3,2001,0-17,
S3,2001,18-29,
S3,2001,30-65,
S3,2001,66+,38486757.92153594
S3,2001,15-26,100819322.36468616
S3,2001,27-45,146814629.05596057
S3,2001,46-65,100588759.4137223
S3,2002,00-04,
S3,2002,05-09,
S3,2002,10-14,
S3,2002,15-19,
S3,2002,20-24,
S3,2002,25-29,
S3,2002,30-34,
S3,2002,35-39,
S3,2002,40-44,
S3,2002,45-49,
S3,2002,50-54,
S3,2002,55-59,
S3,2002,60-64,
S3,2002,65-69,
S3,2002,70-74,
S3,2002,75+,
S3,2002,0-8,69474380.35505609
S3,2002,9-14,48708008.56307098
S3,2002,0-17,
S3,2002,18-29,
S3,2002,30-65,
S3,2002,66+,39174923.244532175
S3,2002,15-26,102676642.87974645
S3,2002,27-45,149590298.50821945
S3,2002,46-65,102517945.7763142
S3,2003,00-04,
S3,2003,05-09,
S3,2003,10-14,
S3,2003,15-19,
S3,2003,20-24,
S3,2003,25-29,
S3,2003,30-34,
S3,2003,35-39,
S3,2003,40-44,
S3,2003,45-49,
S3,2003,50-54,
S3,2003,55-59,
S3,2003,60-64,
S3,2003,65-69,
S3,2003,70-74,
S3,2003,75+,
S3,2003,0-8,70721913.1185288
S3,2003,9-14,49550075.59519321
S3,2003,0-17,
S3,2003,18-29,
S3,2003,30-65,
S3,2003,66+,39841598.793605395
S3,2003,15-26,104472699.42205915
S3,2003,27-45,152252705.0528385
S3,2003,46-65,104358467.14125209
S3,2004,00-04,
S3,2004,05-09,
S3,2004,10-14,
S3,2004,15-19,
S3,2004,20-24,
S3,2004,25-29,
S3,2004,30-34,
S3,2004,35-39,
S3,2004,40-44,
S3,2004,45-49,
S3,2004,50-54,
S3,2004,55-59,
S3,2004,60-64,
S3,2004,65-69,
S3,2004,70-74,
S3,2004,75+,
S3,2004,0-8,71925601.0304006
S3,2004,9-14,50418706.842682205
S3,2004,0-17,
S3,2004,18-29,
S3,2004,30-65,
S3,2004,66+,40538008.135013364
S3,2004,15-26,106201431.1713371
S3,2004,27-45,154935367.56467116
S3,2004,46-65,106158718.71177544
S3,2005,00-04,
S3,2005,05-09,
S3,2005,10-14,
S3,2005,15-19,
S3,2005,20-24,
S3,2005,25-29,
S3,2005,30-34,
S3,2005,35-39,
S3,2005,40-44,
S3,2005,45-49,
S3,2005,50-54,
S3,2005,55-59,
S3,2005,60-64,
S3,2005,65-69,
S3,2005,70-74,
S3,2005,75+,
S3,2005,0-8,73158811.1712739
S3,2005,9-14,51278377.83314657
S3,2005,0-17,
S3,2005,18-29,
S3,2005,30-65,
S3,2005,66+,41281853.67133101
S3,2005,15-26,108064494.86711368
S3,2005,27-45,157527810.38565156
S3,2005,46-65,107935964.95949481
S3,2006,00-04,
S3,2006,05-09,
S3,2006,10-14,
S3,2006,15-19,
S3,2006,20-24,
S3,2006,25-29,
S3,2006,30-34,
S3,2006,35-39,
S3,2006,40-44,
S3,2006,45-49,
S3,2006,50-54,
S3,2006,55-59,
S3,2006,60-64,
S3,2006,65-69,
S3,2006,70-74,
S3,2006,75+,
S3,2006,0-8,74336781.16851504
S3,2006,9-14,52069676.53260332
S3,2006,0-17,
S3,2006,18-29,
S3,2006,30-65,
S3,2006,66+,41963842.64804795
S3,2006,15-26,109881090.76309606
S3,2006,27-45,159948282.77445835
S3,2006,46-65,109581445.18531743
S3,2007,00-04,
S3,2007,05-09,
S3,2007,10-14,
S3,2007,15-19,
S3,2007,20-24,
S3,2007,25-29,
S3,2007,30-34,
S3,2007,35-39,
S3,2007,40-44,
S3,2007,45-49,
S3,2007,50-54,
S3,2007,55-59,
S3,2007,60-64,
S3,2007,65-69,
S3,2007,70-74,
S3,2007,75+,
S3,2007,0-8,75549081.83643104
S3,2007,9-14,52855137.87229058
S3,2007,0-17,
S3,2007,18-29,
S3,2007,30-65,
S3,2007,66+,42633432.702353776
S3,2007,15-26,111696335.44650795
S3,2007,27-45,162415539.08410272
S3,2007,46-65,111288873.7919585
S3,2008,00-04,
S3,2008,05-09,
S3,2008,10-14,
S3,2008,15-19,
S3,2008,20-24,
S3,2008,25-29,
S3,2008,30-34,
S3,2008,35-39,
S3,2008,40-44,
S3,2008,45-49,
S3,2008,50-54,
S3,2008,55-59,
S3,2008,60-64,
S3,2008,65-69,
S3,2008,70-74,
S3,2008,75+,
S3,2008,0-8,76680511.55551516
S3,2008,9-14,53613200.03580991
S3,2008,0-17,
S3,2008,18-29,
S3,2008,30-65,
S3,2008,66+,43249006.4896788
S3,2008,15-26,113296728.82502414
S3,2008,27-45,164865209.6004449
S3,2008,46-65,112921838.38591574
S3,2009,00-04,
S3,2009,05-09,
S3,2009,10-14,
S3,2009,15-19,
S3,2009,20-24,
S3,2009,25-29,
S3,2009,30-34,
S3,2009,35-39,
S3,2009,40-44,
S3,2009,45-49,
S3,2009,50-54,
S3,2009,55-59,
S3,2009,60-64,
S3,2009,65-69,
S3,2009,70-74,
S3,2009,75+,
S3,2009,0-8,77788457.32908809
S3,2009,9-14,54388317.84179163
S3,2009,0-17,
S3,2009,18-29,
S3,2009,30-65,
S3,2009,66+,43845833.26602447
S3,2009,15-26,114887354.15986732
S3,2009,27-45,167287780.4065437
S3,2009,46-65,114588989.0609051
S3,2010,00-04,
S3,2010,05-09,
S3,2010,10-14,
S3,2010,15-19,
S3,2010,20-24,
S3,2010,25-29,
S3,2010,30-34,
S3,2010,35-39,
S3,2010,40-44,
S3,2010,45-49,
S3,2010,50-54,
S3,2010,55-59,
S3,2010,60-64,
S3,2010,65-69,
S3,2010,70-74,
S3,2010,75+,
S3,2010,0-8,78853670.20194882
S3,2010,9-14,55292544.94599784
S3,2010,0-17,
S3,2010,18-29,
S3,2010,30-65,
S3,2010,66+,44506614.65197557
S3,2010,15-26,116607540.43863402
S3,2010,27-45,169761170.2042629
S3,2010,46-65,116299740.04719241
S3,2011,00-04,
S3,2011,05-09,
S3,2011,10-14,
S3,2011,15-19,
S3,2011,20-24,
S3,2011,25-29,
S3,2011,30-34,
S3,2011,35-39,
S3,2011,40-44,
S3,2011,45-49,
S3,2011,50-54,
S3,2011,55-59,
S3,2011,60-64,
S3,2011,65-69,
S3,2011,70-74,
S3,2011,75+,
S3,2011,0-8,79907043.57311971
S3,2011,9-14,56206672.099935904
S3,2011,0-17,
S3,2011,18-29,
S3,2011,30-65,
S3,2011,66+,45170893.96772147
S3,2011,15-26,118338481.78467225
S3,2011,27-45,172185475.67348492
S3,2011,46-65,118038857.2212234
S3,2012,00-04,
S3,2012,05-09,
S3,2012,10-14,
S3,2012,15-19,
S3,2012,20-24,
S3,2012,25-29,
S3,2012,30-34,
S3,2012,35-39,
S3,2012,40-44,
S3,2012,45-49,
S3,2012,50-54,
S3,2012,55-59,
S3,2012,60-64,
S3,2012,65-69,
S3,2012,70-74,
S3,2012,75+,
S3,2012,0-8,81035867.09749204
S3,2012,9-14,57004687.9063098
S3,2012,0-17,
S3,2012,18-29,
S3,2012,30-65,
S3,2012,66+,45830175.18795603
S3,2012,15-26,120036049.19774878
S3,2012,27-45,174594252.3698143
S3,2012,46-65,119696331.5122456
S3,2013,00-04,
S3,2013,05-09,
S3,2013,10-14,
S3,2013,15-19,
S3,2013,20-24,
S3,2013,25-29,
S3,2013,30-34,
S3,2013,35-39,
S3,2013,40-44,
S3,2013,45-49,
S3,2013,50-54,
S3,2013,55-59,
S3,2013,60-64,
S3,2013,65-69,
S3,2013,70-74,
S3,2013,75+,
S3,2013,0-8,82242250.41927974
S3,2013,9-14,57770398.37434678
S3,2013,0-17,
S3,2013,18-29,
S3,2013,30-65,
S3,2013,66+,46475791.96806295
S3,2013,15-26,121700807.98847878
S3,2013,27-45,176992854.23704973
S3,2013,46-65,121210084.06574744
S3,2014,00-04,
S3,2014,05-09,
S3,2014,10-14,
S3,2014,15-19,
S3,2014,20-24,
S3,2014,25-29,
S3,2014,30-34,
S3,2014,35-39,
S3,2014,40-44,
S3,2014,45-49,
S3,2014,50-54,
S3,2014,55-59,
S3,2014,60-64,
S3,2014,65-69,
S3,2014,70-74,
S3,2014,75+,
S3,2014,0-8,83423394.11299568
S3,2014,9-14,58563438.32042767
S3,2014,0-17,
S3,2014,18-29,
S3,2014,30-65,
S3,2014,66+,47158886.286854126
S3,2014,15-26,123300035.14004022
S3,2014,27-45,179461149.68905345
S3,2014,46-65,122689409.6112606
S3,2015,00-04,
S3,2015,05-09,
S3,2015,10-14,
S3,2015,15-19,
S3,2015,20-24,
S3,2015,25-29,
S3,2015,30-34,
S3,2015,35-39,
S3,2015,40-44,
S3,2015,45-49,
S3,2015,50-54,
S3,2015,55-59,
S3,2015,60-64,
S3,2015,65-69,
S3,2015,70-74,
S3,2015,75+,
S3,2015,0-8,84691565.35495174
S3,2015,9-14,59270864.445922196
S3,2015,0-17,
S3,2015,18-29,
S3,2015,30-65,
S3,2015,66+,47446095.203546524
S3,2015,15-26,125006873.24614958
S3,2015,27-45,181770490.70036808
S3,2015,46-65,124623010.80934006
S3,2016,00-04,
S3,2016,05-09,
S3,2016,10-14,
S3,2016,15-19,
S3,2016,20-24,
S3,2016,25-29,
S3,2016,30-34,
S3,2016,35-39,
S3,2016,40-44,
S3,2016,45-49,
S3,2016,50-54,
S3,2016,55-59,
S3,2016,60-64,
S3,2016,65-69,
S3,2016,70-74,
S3,2016,75+,
S3,2016,0-8,85889460.41457824
S3,2016,9-14,59996406.55266603
S3,2016,0-17,
S3,2016,18-29,
S3,2016,30-65,
S3,2016,66+,48048590.166692615
S3,2016,15-26,126620747.85954592
S3,2016,27-45,184097892.37898356
S3,2016,46-65,126150189.94368416
S3,2017,00-04,
S3,2017,05-09,
S3,2017,10-14,
S3,2017,15-19,
S3,2017,20-24,
S3,2017,25-29,
S3,2017,30-34,
S3,2017,35-39,
S3,2017,40-44,
S3,2017,45-49,
S3,2017,50-54,
S3,2017,55-59,
S3,2017,60-64,
S3,2017,65-69,
S3,2017,70-74,
S3,2017,75+,
S3,2017,0-8,86989825.33396949
S3,2017,9-14,60712641.02223202
S3,2017,0-17,
S3,2017,18-29,
S3,2017,30-65,
S3,2017,66+,48636457.3927699
S3,2017,15-26,128182282.76312785
S3,2017,27-45,186295998.26249117
S3,2017,46-65,127532584.90944384
S3,2018,00-04,
S3,2018,05-09,
S3,2018,10-14,
S3,2018,15-19,
S3,2018,20-24,
S3,2018,25-29,
S3,2018,30-34,
S3,2018,35-39,
S3,2018,40-44,
S3,2018,45-49,
S3,2018,50-54,
S3,2018,55-59,
S3,2018,60-64,
S3,2018,65-69,
S3,2018,70-74,
S3,2018,75+,
S3,2018,0-8,88015750.08850329
S3,2018,9-14,61503794.06662972
S3,2018,0-17,
S3,2018,18-29,
S3,2018,30-65,
S3,2018,66+,49219080.62033469
S3,2018,15-26,129743233.70085858
S3,2018,27-45,188464591.75703147
S3,2018,46-65,128953854.80221754
S3,2019,00-04,
S3,2019,05-09,
S3,2019,10-14,
S3,2019,15-19,
S3,2019,20-24,
S3,2019,25-29,
S3,2019,30-34,
S3,2019,35-39,
S3,2019,40-44,
S3,2019,45-49,
S3,2019,50-54,
S3,2019,55-59,
S3,2019,60-64,
S3,2019,65-69,
S3,2019,70-74,
S3,2019,75+,
S3,2019,0-8,88971456.88391258
S3,2019,9-14,62368605.48417517
S3,2019,0-17,
S3,2019,18-29,
S3,2019,30-65,
S3,2019,66+,49815798.47789861
S3,2019,15-26,131279929.43425135
S3,2019,27-45,190700471.33949125
S3,2019,46-65,130329750.90810372
S3,2020,00-04,
S3,2020,05-09,
S3,2020,10-14,
S3,2020,15-19,
S3,2020,20-24,
S3,2020,25-29,
S3,2020,30-34,
S3,2020,35-39,
S3,2020,40-44,
S3,2020,45-49,
S3,2020,50-54,
S3,2020,55-59,
S3,2020,60-64,
S3,2020,65-69,
S3,2020,70-74,
S3,2020,75+,
S3,2020,0-8,90016660.16407977
S3,2020,9-14,63145771.05582594
S3,2020,0-17,
S3,2020,18-29,
S3,2020,30-65,
S3,2020,66+,50354527.156096645
S3,2020,15-26,132837379.7729998
S3,2020,27-45,192881837.68418357
S3,2020,46-65,131806937.16504212
S3,2021,00-04,
S3,2021,05-09,
S3,2021,10-14,
S3,2021,15-19,
S3,2021,20-24,
S3,2021,25-29,
S3,2021,30-34,
S3,2021,35-39,
S3,2021,40-44,
S3,2021,45-49,
S3,2021,50-54,
S3,2021,55-59,
S3,2021,60-64,
S3,2021,65-69,
S3,2021,70-74,
S3,2021,75+,
S3,2021,0-8,91018992.52249853
S3,2021,9-14,63910724.57582
S3,2021,0-17,
S3,2021,18-29,
S3,2021,30-65,
S3,2021,66+,50895496.112314165
S3,2021,15-26,134348935.99587393
S3,2021,27-45,194910351.4104139
S3,2021,46-65,133298603.97121446
S3,2022,00-04,
S3,2022,05-09,
S3,2022,10-14,
S3,2022,15-19,
S3,2022,20-24,
S3,2022,25-29,
S3,2022,30-34,
S3,2022,35-39,
S3,2022,40-44,
S3,2022,45-49,
S3,2022,50-54,
S3,2022,55-59,
S3,2022,60-64,
S3,2022,65-69,
S3,2022,70-74,
S3,2022,75+,
S3,2022,0-8,91990111.59666102
S3,2022,9-14,64593207.13792078
S3,2022,0-17,
S3,2022,18-29,
S3,2022,30-65,
S3,2022,66+,51399334.259933695
S3,2022,15-26,135724823.3362723
S3,2022,27-45,196953622.4115699
S3,2022,46-65,134572405.4432379
S3,2023,00-04,
S3,2023,05-09,
S3,2023,10-14,
S3,2023,15-19,
S3,2023,20-24,
S3,2023,25-29,
S3,2023,30-34,
S3,2023,35-39,
S3,2023,40-44,
S3,2023,45-49,
S3,2023,50-54,
S3,2023,55-59,
S3,2023,60-64,
S3,2023,65-69,
S3,2023,70-74,
S3,2023,75+,
S3,2023,0-8,93009177.68201704
S3,2023,9-14,65229867.27099518
S3,2023,0-17,
S3,2023,18-29,
S3,2023,30-65,
S3,2023,66+,51900038.304074466
S3,2023,15-26,137108437.01103908
S3,2023,27-45,198872573.60642213
S3,2023,46-65,135974778.33706582
S3,2024,00-04,
S3,2024,05-09,
S3,2024,10-14,
S3,2024,15-19,
S3,2024,20-24,
S3,2024,25-29,
S3,2024,30-34,
S3,2024,35-39,
S3,2024,40-44,
S3,2024,45-49,
S3,2024,50-54,
S3,2024,55-59,
S3,2024,60-64,
S3,2024,65-69,
S3,2024,70-74,
S3,2024,75+,
S3,2024,0-8,94285233.65209423
S3,2024,9-14,65612806.082693726
S3,2024,0-17,
S3,2024,18-29,
S3,2024,30-65,
S3,2024,66+,52410112.982469246
S3,2024,15-26,138505089.9112869
S3,2024,27-45,200848904.67960715
S3,2024,46-65,137309274.91952738
S3,2025,00-04,
S3,2025,05-09,
S3,2025,10-14,
S3,2025,15-19,
S3,2025,20-24,
S3,2025,25-29,
S3,2025,30-34,
S3,2025,35-39,
S3,2025,40-44,
S3,2025,45-49,
S3,2025,50-54,
S3,2025,55-59,
S3,2025,60-64,
S3,2025,65-69,
S3,2025,70-74,
S3,2025,75+,
S3,2025,0-8,95110912.40438913
S3,2025,9-14,66448053.09599273
S3,2025,0-17,
S3,2025,18-29,
S3,2025,30-65,
S3,2025,66+,52918007.415257335
S3,2025,15-26,139946648.001065
S3,2025,27-45,202849642.60407647
S3,2025,46-65,138585089.5822381
S3,2026,00-04,
S3,2026,05-09,
S3,2026,10-14,
S3,2026,15-19,
S3,2026,20-24,
S3,2026,25-29,
S3,2026,30-34,
S3,2026,35-39,
S3,2026,40-44,
S3,2026,45-49,
S3,2026,50-54,
S3,2026,55-59,
S3,2026,60-64,
S3,2026,65-69,
S3,2026,70-74,
S3,2026,75+,
S3,2026,0-8,95858890.35780722
S3,2026,9-14,67294650.34536408
S3,2026,0-17,
S3,2026,18-29,
S3,2026,30-65,
S3,2026,66+,53376817.11458873
S3,2026,15-26,141431288.87676308
S3,2026,27-45,204699144.96527913
S3,2026,46-65,139809411.95436236
S3,2027,00-04,
S3,2027,05-09,
S3,2027,10-14,
S3,2027,15-19,
S3,2027,20-24,
S3,2027,25-29,
S3,2027,30-34,
S3,2027,35-39,
S3,2027,40-44,
S3,2027,45-49,
S3,2027,50-54,
S3,2027,55-59,
S3,2027,60-64,
S3,2027,65-69,
S3,2027,70-74,
S3,2027,75+,
S3,2027,0-8,96878989.7824886
S3,2027,9-14,67733664.30084406
S3,2027,0-17,
S3,2027,18-29,
S3,2027,30-65,
S3,2027,66+,53804089.25172889
S3,2027,15-26,142872325.27202907
S3,2027,27-45,206230661.4029068
S3,2027,46-65,140997771.9575607
S3,2028,00-04,
S3,2028,05-09,
S3,2028,10-14,
S3,2028,15-19,
S3,2028,20-24,
S3,2028,25-29,
S3,2028,30-34,
S3,2028,35-39,
S3,2028,40-44,
S3,2028,45-49,
S3,2028,50-54,
S3,2028,55-59,
S3,2028,60-64,
S3,2028,65-69,
S3,2028,70-74,
S3,2028,75+,
S3,2028,0-8,97520155.05144139
S3,2028,9-14,68553085.07955031
S3,2028,0-17,
S3,2028,18-29,
S3,2028,30-65,
S3,2028,66+,54232726.60038485
S3,2028,15-26,144148802.4349023
S3,2028,27-45,207918314.12942144
S3,2028,46-65,142199743.3233398
S3,2029,00-04,
S3,2029,05-09,
S3,2029,10-14,
S3,2029,15-19,
S3,2029,20-24,
S3,2029,25-29,
S3,2029,30-34,
S3,2029,35-39,
S3,2029,40-44,
S3,2029,45-49,
S3,2029,50-54,
S3,2029,55-59,
S3,2029,60-64,
S3,2029,65-69,
S3,2029,70-74,
S3,2029,75+,
S3,2029,0-8,98471755.33184782
S3,2029,9-14,69065302.70130353
S3,2029,0-17,
S3,2029,18-29,
S3,2029,30-65,
S3,2029,66+,54676005.55745345
S3,2029,15-26,145222576.67337757
S3,2029,27-45,209832192.2174263
S3,2029,46-65,143376573.04149634
S3,2030,00-04,
S3,2030,05-09,
S3,2030,10-14,
S3,2030,15-19,
S3,2030,20-24,
S3,2030,25-29,
S3,2030,30-34,
S3,2030,35-39,
S3,2030,40-44,
S3,2030,45-49,
S3,2030,50-54,
S3,2030,55-59,
S3,2030,60-64,
S3,2030,65-69,
S3,2030,70-74,
S3,2030,75+,
S3,2030,0-8,99551965.36251952
S3,2030,9-14,69452308.22446701
S3,2030,0-17,
S3,2030,18-29,
S3,2030,30-65,
S3,2030,66+,55123313.25556813
S3,2030,15-26,146281769.53420678
S3,2030,27-45,211797391.693786
S3,2030,46-65,144524714.73126423
S3,2031,00-04,
S3,2031,05-09,
S3,2031,10-14,
S3,2031,15-19,
S3,2031,20-24,
S3,2031,25-29,
S3,2031,30-34,
S3,2031,35-39,
S3,2031,40-44,
S3,2031,45-49,
S3,2031,50-54,
S3,2031,55-59,
S3,2031,60-64,
S3,2031,65-69,
S3,2031,70-74,
S3,2031,75+,
S3,2031,0-8,100381059.15823278
S3,2031,9-14,70020194.387311
S3,2031,0-17,
S3,2031,18-29,
S3,2031,30-65,
S3,2031,66+,55570718.41066218
S3,2031,15-26,147356235.36042008
S3,2031,27-45,213560713.9892736
S3,2031,46-65,145641555.93389753
S3,2032,00-04,
S3,2032,05-09,
S3,2032,10-14,
S3,2032,15-19,
S3,2032,20-24,
S3,2032,25-29,
S3,2032,30-34,
S3,2032,35-39,
S3,2032,40-44,
S3,2032,45-49,
S3,2032,50-54,
S3,2032,55-59,
S3,2032,60-64,
S3,2032,65-69,
S3,2032,70-74,
S3,2032,75+,
S3,2032,0-8,101059549.20334132
S3,2032,9-14,70597367.04551403
S3,2032,0-17,
S3,2032,18-29,
S3,2032,30-65,
S3,2032,66+,55952421.93201097
S3,2032,15-26,148350122.30053887
S3,2032,27-45,215201068.07484865
S3,2032,46-65,146584365.81907055
S3,2033,00-04,
S3,2033,05-09,
S3,2033,10-14,
S3,2033,15-19,
S3,2033,20-24,
S3,2033,25-29,
S3,2033,30-34,
S3,2033,35-39,
S3,2033,40-44,
S3,2033,45-49,
S3,2033,50-54,
S3,2033,55-59,
S3,2033,60-64,
S3,2033,65-69,
S3,2033,70-74,
S3,2033,75+,
S3,2033,0-8,101771426.54839848
S3,2033,9-14,71142705.52728221
S3,2033,0-17,
S3,2033,18-29,
S3,2033,30-65,
S3,2033,66+,56319571.285824805
S3,2033,15-26,149424305.41999874
S3,2033,27-45,216614742.10443988
S3,2033,46-65,147695755.53665093
S3,2034,00-04,
S3,2034,05-09,
S3,2034,10-14,
S3,2034,15-19,
S3,2034,20-24,
S3,2034,25-29,
S3,2034,30-34,
S3,2034,35-39,
S3,2034,40-44,
S3,2034,45-49,
S3,2034,50-54,
S3,2034,55-59,
S3,2034,60-64,
S3,2034,65-69,
S3,2034,70-74,
S3,2034,75+,
S3,2034,0-8,102458379.3352721
S3,2034,9-14,71716378.21007314
S3,2034,0-17,
S3,2034,18-29,
S3,2034,30-65,
S3,2034,66+,56689939.19269192
S3,2034,15-26,150611775.62700197
S3,2034,27-45,218014298.84997076
S3,2034,46-65,148718779.34601575
S3,2035,00-04,
S3,2035,05-09,
S3,2035,10-14,
S3,2035,15-19,
S3,2035,20-24,
S3,2035,25-29,
S3,2035,30-34,
S3,2035,35-39,
S3,2035,40-44,
S3,2035,45-49,
S3,2035,50-54,
S3,2035,55-59,
S3,2035,60-64,
S3,2035,65-69,
S3,2035,70-74,
S3,2035,75+,
S3,2035,0-8,103188341.50818843
S3,2035,9-14,72249495.69601144
S3,2035,0-17,
S3,2035,18-29,
S3,2035,30-65,
S3,2035,66+,57095106.583661504
S3,2035,15-26,151976085.8664276
S3,2035,27-45,219244633.34551945
S3,2035,46-65,149707607.0107453
S3,2036,00-04,
S3,2036,05-09,
S3,2036,10-14,
S3,2036,15-19,
S3,2036,20-24,
S3,2036,25-29,
S3,2036,30-34,
S3,2036,35-39,
S3,2036,40-44,
S3,2036,45-49,
S3,2036,50-54,
S3,2036,55-59,
S3,2036,60-64,
S3,2036,65-69,
S3,2036,70-74,
S3,2036,75+,
S3,2036,0-8,103937293.40571243
S3,2036,9-14,72766756.82597229
S3,2036,0-17,
S3,2036,18-29,
S3,2036,30-65,
S3,2036,66+,57481760.72286862
S3,2036,15-26,153162852.39399594
S3,2036,27-45,220618643.26482257
S3,2036,46-65,150762625.24100974
S3,2037,00-04,
S3,2037,05-09,
S3,2037,10-14,
S3,2037,15-19,
S3,2037,20-24,
S3,2037,25-29,
S3,2037,30-34,
S3,2037,35-39,
S3,2037,40-44,
S3,2037,45-49,
S3,2037,50-54,
S3,2037,55-59,
S3,2037,60-64,
S3,2037,65-69,
S3,2037,70-74,
S3,2037,75+,
S3,2037,0-8,104622668.02698389
S3,2037,9-14,73218406.62846299
S3,2037,0-17,
S3,2037,18-29,
S3,2037,30-65,
S3,2037,66+,57831346.80391914
S3,2037,15-26,154058103.16611332
S3,2037,27-45,222152013.45417097
S3,2037,46-65,151729536.89723885
S3,2038,00-04,
S3,2038,05-09,
S3,2038,10-14,
S3,2038,15-19,
S3,2038,20-24,
S3,2038,25-29,
S3,2038,30-34,
S3,2038,35-39,
S3,2038,40-44,
S3,2038,45-49,
S3,2038,50-54,
S3,2038,55-59,
S3,2038,60-64,
S3,2038,65-69,
S3,2038,70-74,
S3,2038,75+,
S3,2038,0-8,105275591.39743838
S3,2038,9-14,73653860.88550371
S3,2038,0-17,
S3,2038,18-29,
S3,2038,30-65,
S3,2038,66+,58183811.36207349
S3,2038,15-26,154977343.87991408
S3,2038,27-45,223535109.01923388
S3,2038,46-65,152659622.4697329
S3,2039,00-04,
S3,2039,05-09,
S3,2039,10-14,
S3,2039,15-19,
S3,2039,20-24,
S3,2039,25-29,
S3,2039,30-34,
S3,2039,35-39,
S3,2039,40-44,
S3,2039,45-49,
S3,2039,50-54,
S3,2039,55-59,
S3,2039,60-64,
S3,2039,65-69,
S3,2039,70-74,
S3,2039,75+,
S3,2039,0-8,105888277.67856973
S3,2039,9-14,74081329.75159168
S3,2039,0-17,
S3,2039,18-29,
S3,2039,30-65,
S3,2039,66+,58499862.66884195
S3,2039,15-26,155772476.07499784
S3,2039,27-45,224919258.20910144
S3,2039,46-65,153590341.50569558
S3,2040,00-04,
S3,2040,05-09,
S3,2040,10-14,
S3,2040,15-19,
S3,2040,20-24,
S3,2040,25-29,
S3,2040,30-34,
S3,2040,35-39,
S3,2040,40-44,
S3,2040,45-49,
S3,2040,50-54,
S3,2040,55-59,
S3,2040,60-64,
S3,2040,65-69,
S3,2040,70-74,
S3,2040,75+,
S3,2040,0-8,106462298.4310695
S3,2040,9-14,74502477.2474882
S3,2040,0-17,
S3,2040,18-29,
S3,2040,30-65,
S3,2040,66+,58823877.87529697
S3,2040,15-26,156312380.89528936
S3,2040,27-45,226505800.27706084
S3,2040,46-65,154417753.77989247
S3,2041,00-04,
S3,2041,05-09,
S3,2041,10-14,
S3,2041,15-19,
S3,2041,20-24,
S3,2041,25-29,
S3,2041,30-34,
S3,2041,35-39,
S3,2041,40-44,
S3,2041,45-49,
S3,2041,50-54,
S3,2041,55-59,
S3,2041,60-64,
S3,2041,65-69,
S3,2041,70-74,
S3,2041,75+,
S3,2041,0-8,107025094.36449412
S3,2041,9-14,74892196.172228
S3,2041,0-17,
S3,2041,18-29,
S3,2041,30-65,
S3,2041,66+,59180923.22036876
S3,2041,15-26,157058950.4606636
S3,2041,27-45,227758502.6807383
S3,2041,46-65,155198819.56114775
S3,2042,00-04,
S3,2042,05-09,
S3,2042,10-14,
S3,2042,15-19,
S3,2042,20-24,
S3,2042,25-29,
S3,2042,30-34,
S3,2042,35-39,
S3,2042,40-44,
S3,2042,45-49,
S3,2042,50-54,
S3,2042,55-59,
S3,2042,60-64,
S3,2042,65-69,
S3,2042,70-74,
S3,2042,75+,
S3,2042,0-8,107572171.69137934
S3,2042,9-14,75251702.30022372
S3,2042,0-17,
S3,2042,18-29,
S3,2042,30-65,
S3,2042,66+,59452221.47516292
S3,2042,15-26,158297641.60929155
S3,2042,27-45,228412348.30190113
S3,2042,46-65,156021079.27462798
S3,2043,00-04,
S3,2043,05-09,
S3,2043,10-14,
S3,2043,15-19,
S3,2043,20-24,
S3,2043,25-29,
S3,2043,30-34,
S3,2043,35-39,
S3,2043,40-44,
S3,2043,45-49,
S3,2043,50-54,
S3,2043,55-59,
S3,2043,60-64,
S3,2043,65-69,
S3,2043,70-74,
S3,2043,75+,
S3,2043,0-8,108075791.40159534
S3,2043,9-14,75606711.6864473
S3,2043,0-17,
S3,2043,18-29,
S3,2043,30-65,
S3,2043,66+,59777214.39677092
S3,2043,15-26,159100775.0755247
S3,2043,27-45,229403449.35090718
S3,2043,46-65,156729995.03080264
S3,2044,00-04,
S3,2044,05-09,
S3,2044,10-14,
S3,2044,15-19,
S3,2044,20-24,
S3,2044,25-29,
S3,2044,30-34,
S3,2044,35-39,
S3,2044,40-44,
S3,2044,45-49,
S3,2044,50-54,
S3,2044,55-59,
S3,2044,60-64,
S3,2044,65-69,
S3,2044,70-74,
S3,2044,75+,
S3,2044,0-8,108544269.60434751
S3,2044,9-14,75947952.01987322
S3,2044,0-17,
S3,2044,18-29,
S3,2044,30-65,
S3,2044,66+,60049932.755013056
S3,2044,15-26,159796853.70898524
S3,2044,27-45,230420342.329284
S3,2044,46-65,157411347.1815313
S3,2045,00-04,
S3,2045,05-09,
S3,2045,10-14,
S3,2045,15-19,
S3,2045,20-24,
S3,2045,25-29,
S3,2045,30-34,
S3,2045,35-39,
S3,2045,40-44,
S3,2045,45-49,
S3,2045,50-54,
S3,2045,55-59,
S3,2045,60-64,
S3,2045,65-69,
S3,2045,70-74,
S3,2045,75+,
S3,2045,0-8,108986658.46926612
S3,2045,9-14,76273053.30497207
S3,2045,0-17,
S3,2045,18-29,
S3,2045,30-65,
S3,2045,66+,60274194.18842074
S3,2045,15-26,160454624.21789694
S3,2045,27-45,231405627.16678146
S3,2045,46-65,158071981.12279278
S3,2046,00-04,
S3,2046,05-09,
S3,2046,10-14,
S3,2046,15-19,
S3,2046,20-24,
S3,2046,25-29,
S3,2046,30-34,
S3,2046,35-39,
S3,2046,40-44,
S3,2046,45-49,
S3,2046,50-54,
S3,2046,55-59,
S3,2046,60-64,
S3,2046,65-69,
S3,2046,70-74,
S3,2046,75+,
S3,2046,0-8,109411569.8248419
S3,2046,9-14,76570090.14940219
S3,2046,0-17,
S3,2046,18-29,
S3,2046,30-65,
S3,2046,66+,60467409.58968393
S3,2046,15-26,160735681.49765047
S3,2046,27-45,232769217.33930185
S3,2046,46-65,158612063.40997759
S3,2047,00-04,
S3,2047,05-09,
S3,2047,10-14,
S3,2047,15-19,
S3,2047,20-24,
S3,2047,25-29,
S3,2047,30-34,
S3,2047,35-39,
S3,2047,40-44,
S3,2047,45-49,
S3,2047,50-54,
S3,2047,55-59,
S3,2047,60-64,
S3,2047,65-69,
S3,2047,70-74,
S3,2047,75+,
S3,2047,0-8,109816753.60681117
S3,2047,9-14,76841728.4470985
S3,2047,0-17,
S3,2047,18-29,
S3,2047,30-65,
S3,2047,66+,60692935.37213645
S3,2047,15-26,161209347.15189594
S3,2047,27-45,233828699.3172523
S3,2047,46-65,159082699.21095037
S3,2048,00-04,
S3,2048,05-09,
S3,2048,10-14,
S3,2048,15-19,
S3,2048,20-24,
S3,2048,25-29,
S3,2048,30-34,
S3,2048,35-39,
S3,2048,40-44,
S3,2048,45-49,
S3,2048,50-54,
S3,2048,55-59,
S3,2048,60-64,
S3,2048,65-69,
S3,2048,70-74,
S3,2048,75+,
S3,2048,0-8,110200532.84580082
S3,2048,9-14,77088525.4319374
S3,2048,0-17,
S3,2048,18-29,
S3,2048,30-65,
S3,2048,66+,60908068.2613292
S3,2048,15-26,161839788.93878528
S3,2048,27-45,234502463.78410548
S3,2048,46-65,159640345.18591675
S3,2049,00-04,
S3,2049,05-09,
S3,2049,10-14,
S3,2049,15-19,
S3,2049,20-24,
S3,2049,25-29,
S3,2049,30-34,
S3,2049,35-39,
S3,2049,40-44,
S3,2049,45-49,
S3,2049,50-54,
S3,2049,55-59,
S3,2049,60-64,
S3,2049,65-69,
S3,2049,70-74,
S3,2049,75+,
S3,2049,0-8,110549450.8979614
S3,2049,9-14,77326004.28132553
S3,2049,0-17,
S3,2049,18-29,
S3,2049,30-65,
S3,2049,66+,61099287.53612956
S3,2049,15-26,162567233.28294644
S3,2049,27-45,234925794.1835773
S3,2049,46-65,160229818.913453
S3,2050,00-04,
S3,2050,05-09,
S3,2050,10-14,
S3,2050,15-19,
S3,2050,20-24,
S3,2050,25-29,
S3,2050,30-34,
S3,2050,35-39,
S3,2050,40-44,
S3,2050,45-49,
S3,2050,50-54,
S3,2050,55-59,
S3,2050,60-64,
S3,2050,65-69,
S3,2050,70-74,
S3,2050,75+,
S3,2050,0-8,110853492.51247029
S3,2050,9-14,77567934.41048715
S3,2050,0-17,
S3,2050,18-29,
S3,2050,30-65,
S3,2050,66+,61261017.39960756
S3,2050,15-26,163187588.71342313
S3,2050,27-45,235402561.89861804
S3,2050,46-65,160769281.7044308
S3,2051,00-04,
S3,2051,05-09,
S3,2051,10-14,
S3,2051,15-19,
S3,2051,20-24,
S3,2051,25-29,
S3,2051,30-34,
S3,2051,35-39,
S3,2051,40-44,
S3,2051,45-49,
S3,2051,50-54,
S3,2051,55-59,
S3,2051,60-64,
S3,2051,65-69,
S3,2051,70-74,
S3,2051,75+,
S3,2051,0-8,111156559.55636264
S3,2051,9-14,77772984.16049354
S3,2051,0-17,
S3,2051,18-29,
S3,2051,30-65,
S3,2051,66+,61435417.55843376
S3,2051,15-26,163611120.97889668
S3,2051,27-45,235962087.9854031
S3,2051,46-65,161285452.77087104
S3,2052,00-04,
S3,2052,05-09,
S3,2052,10-14,
S3,2052,15-19,
S3,2052,20-24,
S3,2052,25-29,
S3,2052,30-34,
S3,2052,35-39,
S3,2052,40-44,
S3,2052,45-49,
S3,2052,50-54,
S3,2052,55-59,
S3,2052,60-64,
S3,2052,65-69,
S3,2052,70-74,
S3,2052,75+,
S3,2052,0-8,111439660.75384465
S3,2052,9-14,77958288.82605729
S3,2052,0-17,
S3,2052,18-29,
S3,2052,30-65,
S3,2052,66+,61550228.00407745
S3,2052,15-26,163950969.33281052
S3,2052,27-45,236579486.27184927
S3,2052,46-65,161756225.8296149
S3,2053,00-04,
S3,2053,05-09,
S3,2053,10-14,
S3,2053,15-19,
S3,2053,20-24,
S3,2053,25-29,
S3,2053,30-34,
S3,2053,35-39,
S3,2053,40-44,
S3,2053,45-49,
S3,2053,50-54,
S3,2053,55-59,
S3,2053,60-64,
S3,2053,65-69,
S3,2053,70-74,
S3,2053,75+,
S3,2053,0-8,111689736.49800712
S3,2053,9-14,78137010.07928531
S3,2053,0-17,
S3,2053,18-29,
S3,2053,30-65,
S3,2053,66+,61734353.61463527
S3,2053,15-26,164296941.74366528
S3,2053,27-45,237135285.99188796
S3,2053,46-65,162082694.981374
S3,2054,00-04,
S3,2054,05-09,
S3,2054,10-14,
S3,2054,15-19,
S3,2054,20-24,
S3,2054,25-29,
S3,2054,30-34,
S3,2054,35-39,
S3,2054,40-44,
S3,2054,45-49,
S3,2054,50-54,
S3,2054,55-59,
S3,2054,60-64,
S3,2054,65-69,
S3,2054,70-74,
S3,2054,75+,
S3,2054,0-8,111912692.00595027
S3,2054,9-14,78305735.6168657
S3,2054,0-17,
S3,2054,18-29,
S3,2054,30-65,
S3,2054,66+,61857048.386704445
S3,2054,15-26,164591426.41649073
S3,2054,27-45,237751001.87859133
S3,2054,46-65,162339914.4238108
S3,2055,00-04,
S3,2055,05-09,
S3,2055,10-14,
S3,2055,15-19,
S3,2055,20-24,
S3,2055,25-29,
S3,2055,30-34,
S3,2055,35-39,
S3,2055,40-44,
S3,2055,45-49,
S3,2055,50-54,
S3,2055,55-59,
S3,2055,60-64,
S3,2055,65-69,
S3,2055,70-74,
S3,2055,75+,
S3,2055,0-8,112126808.01865089
S3,2055,9-14,78438130.4922292
S3,2055,0-17,
S3,2055,18-29,
S3,2055,30-65,
S3,2055,66+,61964389.56891914
S3,2055,15-26,164875948.8404611
S3,2055,27-45,238361763.40702912
S3,2055,46-65,162478623.08913752
S3,2056,00-04,
S3,2056,05-09,
S3,2056,10-14,
S3,2056,15-19,
S3,2056,20-24,
S3,2056,25-29,
S3,2056,30-34,
S3,2056,35-39,
S3,2056,40-44,
S3,2056,45-49,
S3,2056,50-54,
S3,2056,55-59,
S3,2056,60-64,
S3,2056,65-69,
S3,2056,70-74,
S3,2056,75+,
S3,2056,0-8,112309547.11320214
S3,2056,9-14,78567230.39398412
S3,2056,0-17,
S3,2056,18-29,
S3,2056,30-65,
S3,2056,66+,62081947.068267986
S3,2056,15-26,165169471.71284404
S3,2056,27-45,238702747.93373817
S3,2056,46-65,162753690.09011522
S3,2057,00-04,
S3,2057,05-09,
S3,2057,10-14,
S3,2057,15-19,
S3,2057,20-24,
S3,2057,25-29,
S3,2057,30-34,
S3,2057,35-39,
S3,2057,40-44,
S3,2057,45-49,
S3,2057,50-54,
S3,2057,55-59,
S3,2057,60-64,
S3,2057,65-69,
S3,2057,70-74,
S3,2057,75+,
S3,2057,0-8,112484311.55340421
S3,2057,9-14,78666161.0067225
S3,2057,0-17,
S3,2057,18-29,
S3,2057,30-65,
S3,2057,66+,62158324.16593845
S3,2057,15-26,165426166.03072363
S3,2057,27-45,239020364.54184866
S3,2057,46-65,163004495.85946387
S3,2058,00-04,
S3,2058,05-09,
S3,2058,10-14,
S3,2058,15-19,
S3,2058,20-24,
S3,2058,25-29,
S3,2058,30-34,
S3,2058,35-39,
S3,2058,40-44,
S3,2058,45-49,
S3,2058,50-54,
S3,2058,55-59,
S3,2058,60-64,
S3,2058,65-69,
S3,2058,70-74,
S3,2058,75+,
S3,2058,0-8,112626824.86476415
S3,2058,9-14,78763095.40189621
S3,2058,0-17,
S3,2058,18-29,
S3,2058,30-65,
S3,2058,66+,62235576.67821207
S3,2058,15-26,165615916.5402653
S3,2058,27-45,239344766.08933735
S3,2058,46-65,163201781.5455051
S3,2059,00-04,
S3,2059,05-09,
S3,2059,10-14,
S3,2059,15-19,
S3,2059,20-24,
S3,2059,25-29,
S3,2059,30-34,
S3,2059,35-39,
S3,2059,40-44,
S3,2059,45-49,
S3,2059,50-54,
S3,2059,55-59,
S3,2059,60-64,
S3,2059,65-69,
S3,2059,70-74,
S3,2059,75+,
S3,2059,0-8,112735736.98467581
S3,2059,9-14,78854600.79813096
S3,2059,0-17,
S3,2059,18-29,
S3,2059,30-65,
S3,2059,66+,62311724.73664786
S3,2059,15-26,165774777.4815594
S3,2059,27-45,239529615.28098896
S3,2059,46-65,163442056.3922447
S3,2060,00-04,
S3,2060,05-09,
S3,2060,10-14,
S3,2060,15-19,
S3,2060,20-24,
S3,2060,25-29,
S3,2060,30-34,
S3,2060,35-39,
S3,2060,40-44,
S3,2060,45-49,
S3,2060,50-54,
S3,2060,55-59,
S3,2060,60-64,
S3,2060,65-69,
S3,2060,70-74,
S3,2060,75+,
S3,2060,0-8,112821938.9707785
S3,2060,9-14,78930794.8630465
S3,2060,0-17,
S3,2060,18-29,
S3,2060,30-65,
S3,2060,66+,62353672.40250703
S3,2060,15-26,165924877.9970957
S3,2060,27-45,239464060.54603544
S3,2060,46-65,163850461.29500306
S3,2061,00-04,
S3,2061,05-09,
S3,2061,10-14,
S3,2061,15-19,
S3,2061,20-24,
S3,2061,25-29,
S3,2061,30-34,
S3,2061,35-39,
S3,2061,40-44,
S3,2061,45-49,
S3,2061,50-54,
S3,2061,55-59,
S3,2061,60-64,
S3,2061,65-69,
S3,2061,70-74,
S3,2061,75+,
S3,2061,0-8,112886847.51967236
S3,2061,9-14,78989259.51430345
S3,2061,0-17,
S3,2061,18-29,
S3,2061,30-65,
S3,2061,66+,62403463.15589617
S3,2061,15-26,166047108.5857251
S3,2061,27-45,239800153.2184039
S3,2061,46-65,163748712.58742294
S3,2062,00-04,
S3,2062,05-09,
S3,2062,10-14,
S3,2062,15-19,
S3,2062,20-24,
S3,2062,25-29,
S3,2062,30-34,
S3,2062,35-39,
S3,2062,40-44,
S3,2062,45-49,
S3,2062,50-54,
S3,2062,55-59,
S3,2062,60-64,
S3,2062,65-69,
S3,2062,70-74,
S3,2062,75+,
S3,2062,0-8,112943649.98619695
S3,2062,9-14,79011294.9589371
S3,2062,0-17,
S3,2062,18-29,
S3,2062,30-65,
S3,2062,66+,62443960.15768674
S3,2062,15-26,166120904.0803165
S3,2062,27-45,240079970.0400882
S3,2062,46-65,163614278.72493908
S3,2063,00-04,
S3,2063,05-09,
S3,2063,10-14,
S3,2063,15-19,
S3,2063,20-24,
S3,2063,25-29,
S3,2063,30-34,
S3,2063,35-39,
S3,2063,40-44,
S3,2063,45-49,
S3,2063,50-54,
S3,2063,55-59,
S3,2063,60-64,
S3,2063,65-69,
S3,2063,70-74,
S3,2063,75+,
S3,2063,0-8,112968366.89405754
S3,2063,9-14,79027653.21518116
S3,2063,0-17,
S3,2063,18-29,
S3,2063,30-65,
S3,2063,66+,62470059.77999491
S3,2063,15-26,166141943.6491992
S3,2063,27-45,239977886.92453438
S3,2063,46-65,163804515.57874772
S3,2064,00-04,
S3,2064,05-09,
S3,2064,10-14,
S3,2064,15-19,
S3,2064,20-24,
S3,2064,25-29,
S3,2064,30-34,
S3,2064,35-39,
S3,2064,40-44,
S3,2064,45-49,
S3,2064,50-54,
S3,2064,55-59,
S3,2064,60-64,
S3,2064,65-69,
S3,2064,70-74,
S3,2064,75+,
S3,2064,0-8,112989900.3831108
S3,2064,9-14,79008960.12030871
S3,2064,0-17,
S3,2064,18-29,
S3,2064,30-65,
S3,2064,66+,62470442.69407535
S3,2064,15-26,166120810.91515827
S3,2064,27-45,240205615.1834798
S3,2064,46-65,163606892.79926872
S3,2065,00-04,
S3,2065,05-09,
S3,2065,10-14,
S3,2065,15-19,
S3,2065,20-24,
S3,2065,25-29,
S3,2065,30-34,
S3,2065,35-39,
S3,2065,40-44,
S3,2065,45-49,
S3,2065,50-54,
S3,2065,55-59,
S3,2065,60-64,
S3,2065,65-69,
S3,2065,70-74,
S3,2065,75+,
S3,2065,0-8,112962347.64569788
S3,2065,9-14,78999204.93153855
S3,2065,0-17,
S3,2065,18-29,
S3,2065,30-65,
S3,2065,66+,62446839.882911064
S3,2065,15-26,166073633.2387163
S3,2065,27-45,240028083.67712495
S3,2065,46-65,163732320.35113722
S3,2066,00-04,
S3,2066,05-09,
S3,2066,10-14,
S3,2066,15-19,
S3,2066,20-24,
S3,2066,25-29,
S3,2066,30-34,
S3,2066,35-39,
S3,2066,40-44,
S3,2066,45-49,
S3,2066,50-54,
S3,2066,55-59,
S3,2066,60-64,
S3,2066,65-69,
S3,2066,70-74,
S3,2066,75+,
S3,2066,0-8,112895064.37690799
S3,2066,9-14,78985281.45913947
S3,2066,0-17,
S3,2066,18-29,
S3,2066,30-65,
S3,2066,66+,62358236.4355632
S3,2066,15-26,166022933.23085755
S3,2066,27-45,239723371.3896573
S3,2066,46-65,163908858.2115998
S3,2067,00-04,
S3,2067,05-09,
S3,2067,10-14,
S3,2067,15-19,
S3,2067,20-24,
S3,2067,25-29,
S3,2067,30-34,
S3,2067,35-39,
S3,2067,40-44,
S3,2067,45-49,
S3,2067,50-54,
S3,2067,55-59,
S3,2067,60-64,
S3,2067,65-69,
S3,2067,70-74,
S3,2067,75+,
S3,2067,0-8,112817153.30679326
S3,2067,9-14,78947335.2267869
S3,2067,0-17,
S3,2067,18-29,
S3,2067,30-65,
S3,2067,66+,62266615.840861015
S3,2067,15-26,165940584.38215175
S3,2067,27-45,239598748.70375964
S3,2067,46-65,163825840.81626475
S3,2068,00-04,
S3,2068,05-09,
S3,2068,10-14,
S3,2068,15-19,
S3,2068,20-24,
S3,2068,25-29,
S3,2068,30-34,
S3,2068,35-39,
S3,2068,40-44,
S3,2068,45-49,
S3,2068,50-54,
S3,2068,55-59,
S3,2068,60-64,
S3,2068,65-69,
S3,2068,70-74,
S3,2068,75+,
S3,2068,0-8,112727871.74844292
S3,2068,9-14,78876328.78183517
S3,2068,0-17,
S3,2068,18-29,
S3,2068,30-65,
S3,2068,66+,62226788.214162014
S3,2068,15-26,165789520.59350666
S3,2068,27-45,239463136.04690403
S3,2068,46-65,163624390.00393796
S3,2069,00-04,
S3,2069,05-09,
S3,2069,10-14,
S3,2069,15-19,
S3,2069,20-24,
S3,2069,25-29,
S3,2069,30-34,
S3,2069,35-39,
S3,2069,40-44,
S3,2069,45-49,
S3,2069,50-54,
S3,2069,55-59,
S3,2069,60-64,
S3,2069,65-69,
S3,2069,70-74,
S3,2069,75+,
S3,2069,0-8,112610222.91502571
S3,2069,9-14,78789910.06414191
S3,2069,0-17,
S3,2069,18-29,
S3,2069,30-65,
S3,2069,66+,62203981.63085357
S3,2069,15-26,165602076.86775056
S3,2069,27-45,239285393.87394914
S3,2069,46-65,163340227.0023117
S3,2070,00-04,
S3,2070,05-09,
S3,2070,10-14,
S3,2070,15-19,
S3,2070,20-24,
S3,2070,25-29,
S3,2070,30-34,
S3,2070,35-39,
S3,2070,40-44,
S3,2070,45-49,
S3,2070,50-54,
S3,2070,55-59,
S3,2070,60-64,
S3,2070,65-69,
S3,2070,70-74,
S3,2070,75+,
S3,2070,0-8,112466128.0830021
S3,2070,9-14,78688193.59656443
S3,2070,0-17,
S3,2070,18-29,
S3,2070,30-65,
S3,2070,66+,62153306.15082197
S3,2070,15-26,165391270.17858306
S3,2070,27-45,239028682.39455095
S3,2070,46-65,163048770.0618276
S3,2071,00-04,
S3,2071,05-09,
S3,2071,10-14,
S3,2071,15-19,
S3,2071,20-24,
S3,2071,25-29,
S3,2071,30-34,
S3,2071,35-39,
S3,2071,40-44,
S3,2071,45-49,
S3,2071,50-54,
S3,2071,55-59,
S3,2071,60-64,
S3,2071,65-69,
S3,2071,70-74,
S3,2071,75+,
S3,2071,0-8,112314373.81743264
S3,2071,9-14,78552779.51499398
S3,2071,0-17,
S3,2071,18-29,
S3,2071,30-65,
S3,2071,66+,62106506.81561943
S3,2071,15-26,165144635.7819896
S3,2071,27-45,238650229.19554043
S3,2071,46-65,162774785.00951263
S3,2072,00-04,
S3,2072,05-09,
S3,2072,10-14,
S3,2072,15-19,
S3,2072,20-24,
S3,2072,25-29,
S3,2072,30-34,
S3,2072,35-39,
S3,2072,40-44,
S3,2072,45-49,
S3,2072,50-54,
S3,2072,55-59,
S3,2072,60-64,
S3,2072,65-69,
S3,2072,70-74,
S3,2072,75+,
S3,2072,0-8,112112771.31019318
S3,2072,9-14,78430124.32898594
S3,2072,0-17,
S3,2072,18-29,
S3,2072,30-65,
S3,2072,66+,62019373.532730594
S3,2072,15-26,164856916.09926623
S3,2072,27-45,238239503.1103582
S3,2072,46-65,162492327.5917718
S3,2073,00-04,
S3,2073,05-09,
S3,2073,10-14,
S3,2073,15-19,
S3,2073,20-24,
S3,2073,25-29,
S3,2073,30-34,
S3,2073,35-39,
S3,2073,40-44,
S3,2073,45-49,
S3,2073,50-54,
S3,2073,55-59,
S3,2073,60-64,
S3,2073,65-69,
S3,2073,70-74,
S3,2073,75+,
S3,2073,0-8,111901227.33335926
S3,2073,9-14,78275540.94544421
S3,2073,0-17,
S3,2073,18-29,
S3,2073,30-65,
S3,2073,66+,61905429.5288789
S3,2073,15-26,164531437.5970451
S3,2073,27-45,237780435.71736327
S3,2073,46-65,162184871.1674281
S3,2074,00-04,
S3,2074,05-09,
S3,2074,10-14,
S3,2074,15-19,
S3,2074,20-24,
S3,2074,25-29,
S3,2074,30-34,
S3,2074,35-39,
S3,2074,40-44,
S3,2074,45-49,
S3,2074,50-54,
S3,2074,55-59,
S3,2074,60-64,
S3,2074,65-69,
S3,2074,70-74,
S3,2074,75+,
S3,2074,0-8,111654720.05070004
S3,2074,9-14,78122402.19802584
S3,2074,0-17,
S3,2074,18-29,
S3,2074,30-65,
S3,2074,66+,61735975.69308303
S3,2074,15-26,164176143.54436323
S3,2074,27-45,237274953.6126357
S3,2074,46-65,161898751.40697488
S3,2075,00-04,
S3,2075,05-09,
S3,2075,10-14,
S3,2075,15-19,
S3,2075,20-24,
S3,2075,25-29,
S3,2075,30-34,
S3,2075,35-39,
S3,2075,40-44,
S3,2075,45-49,
S3,2075,50-54,
S3,2075,55-59,
S3,2075,60-64,
S3,2075,65-69,
S3,2075,70-74,
S3,2075,75+,
S3,2075,0-8,111396432.07270193
S3,2075,9-14,77943638.74176525
S3,2075,0-17,
S3,2075,18-29,
S3,2075,30-65,
S3,2075,66+,61512839.303213544
S3,2075,15-26,163816723.20472145
S3,2075,27-45,236712490.95716316
S3,2075,46-65,161604215.5242366
S3,2076,00-04,
S3,2076,05-09,
S3,2076,10-14,
S3,2076,15-19,
S3,2076,20-24,
S3,2076,25-29,
S3,2076,30-34,
S3,2076,35-39,
S3,2076,40-44,
S3,2076,45-49,
S3,2076,50-54,
S3,2076,55-59,
S3,2076,60-64,
S3,2076,65-69,
S3,2076,70-74,
S3,2076,75+,
S3,2076,0-8,111109402.55709827
S3,2076,9-14,77755785.72677809
S3,2076,0-17,
S3,2076,18-29,
S3,2076,30-65,
S3,2076,66+,61370655.929193616
S3,2076,15-26,163424144.5822897
S3,2076,27-45,236114051.52004254
S3,2076,46-65,161173254.03583875
S3,2077,00-04,
S3,2077,05-09,
S3,2077,10-14,
S3,2077,15-19,
S3,2077,20-24,
S3,2077,25-29,
S3,2077,30-34,
S3,2077,35-39,
S3,2077,40-44,
S3,2077,45-49,
S3,2077,50-54,
S3,2077,55-59,
S3,2077,60-64,
S3,2077,65-69,
S3,2077,70-74,
S3,2077,75+,
S3,2077,0-8,110819383.21978524
S3,2077,9-14,77539934.85134554
S3,2077,0-17,
S3,2077,18-29,
S3,2077,30-65,
S3,2077,66+,61208190.896117985
S3,2077,15-26,162996516.66035652
S3,2077,27-45,235470936.42635432
S3,2077,46-65,160740232.27161488
S3,2078,00-04,
S3,2078,05-09,
S3,2078,10-14,
S3,2078,15-19,
S3,2078,20-24,
S3,2078,25-29,
S3,2078,30-34,
S3,2078,35-39,
S3,2078,40-44,
S3,2078,45-49,
S3,2078,50-54,
S3,2078,55-59,
S3,2078,60-64,
S3,2078,65-69,
S3,2078,70-74,
S3,2078,75+,
S3,2078,0-8,110507214.2151815
S3,2078,9-14,77314199.85011078
S3,2078,0-17,
S3,2078,18-29,
S3,2078,30-65,
S3,2078,66+,61026782.124644406
S3,2078,15-26,162521527.5098734
S3,2078,27-45,234796095.4282232
S3,2078,46-65,160299728.8189837
S3,2079,00-04,
S3,2079,05-09,
S3,2079,10-14,
S3,2079,15-19,
S3,2079,20-24,
S3,2079,25-29,
S3,2079,30-34,
S3,2079,35-39,
S3,2079,40-44,
S3,2079,45-49,
S3,2079,50-54,
S3,2079,55-59,
S3,2079,60-64,
S3,2079,65-69,
S3,2079,70-74,
S3,2079,75+,
S3,2079,0-8,110186070.04405947
S3,2079,9-14,77066825.0432319
S3,2079,0-17,
S3,2079,18-29,
S3,2079,30-65,
S3,2079,66+,60880350.264175475
S3,2079,15-26,162016316.5807919
S3,2079,27-45,234101356.26718578
S3,2079,46-65,159773529.13402686
S3,2080,00-04,
S3,2080,05-09,
S3,2080,10-14,
S3,2080,15-19,
S3,2080,20-24,
S3,2080,25-29,
S3,2080,30-34,
S3,2080,35-39,
S3,2080,40-44,
S3,2080,45-49,
S3,2080,50-54,
S3,2080,55-59,
S3,2080,60-64,
S3,2080,65-69,
S3,2080,70-74,
S3,2080,75+,
S3,2080,0-8,109827912.50714241
S3,2080,9-14,76826884.87844397
S3,2080,0-17,
S3,2080,18-29,
S3,2080,30-65,
S3,2080,66+,60810370.98333689
S3,2080,15-26,161486264.20078754
S3,2080,27-45,233372895.57161507
S3,2080,46-65,159132013.77598852
S3,2081,00-04,
S3,2081,05-09,
S3,2081,10-14,
S3,2081,15-19,
S3,2081,20-24,
S3,2081,25-29,
S3,2081,30-34,
S3,2081,35-39,
S3,2081,40-44,
S3,2081,45-49,
S3,2081,50-54,
S3,2081,55-59,
S3,2081,60-64,
S3,2081,65-69,
S3,2081,70-74,
S3,2081,75+,
S3,2081,0-8,109446907.91898394
S3,2081,9-14,76581452.7319676
S3,2081,0-17,
S3,2081,18-29,
S3,2081,30-65,
S3,2081,66+,60509789.319909714
S3,2081,15-26,160937272.69105047
S3,2081,27-45,232602665.9828042
S3,2081,46-65,158688466.02461287
S3,2082,00-04,
S3,2082,05-09,
S3,2082,10-14,
S3,2082,15-19,
S3,2082,20-24,
S3,2082,25-29,
S3,2082,30-34,
S3,2082,35-39,
S3,2082,40-44,
S3,2082,45-49,
S3,2082,50-54,
S3,2082,55-59,
S3,2082,60-64,
S3,2082,65-69,
S3,2082,70-74,
S3,2082,75+,
S3,2082,0-8,109074823.97631705
S3,2082,9-14,76301953.59820332
S3,2082,0-17,
S3,2082,18-29,
S3,2082,30-65,
S3,2082,66+,60208795.868110396
S3,2082,15-26,160406641.1923458
S3,2082,27-45,231754413.11955947
S3,2082,46-65,158222166.57749495
S3,2083,00-04,
S3,2083,05-09,
S3,2083,10-14,
S3,2083,15-19,
S3,2083,20-24,
S3,2083,25-29,
S3,2083,30-34,
S3,2083,35-39,
S3,2083,40-44,
S3,2083,45-49,
S3,2083,50-54,
S3,2083,55-59,
S3,2083,60-64,
S3,2083,65-69,
S3,2083,70-74,
S3,2083,75+,
S3,2083,0-8,108677386.9590122
S3,2083,9-14,76026510.31672049
S3,2083,0-17,
S3,2083,18-29,
S3,2083,30-65,
S3,2083,66+,60072195.53758728
S3,2083,15-26,159848938.25815117
S3,2083,27-45,230881268.48123175
S3,2083,46-65,157573288.65996668
S3,2084,00-04,
S3,2084,05-09,
S3,2084,10-14,
S3,2084,15-19,
S3,2084,20-24,
S3,2084,25-29,
S3,2084,30-34,
S3,2084,35-39,
S3,2084,40-44,
S3,2084,45-49,
S3,2084,50-54,
S3,2084,55-59,
S3,2084,60-64,
S3,2084,65-69,
S3,2084,70-74,
S3,2084,75+,
S3,2084,0-8,108264577.51901543
S3,2084,9-14,75741452.9800499
S3,2084,0-17,
S3,2084,18-29,
S3,2084,30-65,
S3,2084,66+,59751452.418446586
S3,2084,15-26,159243716.16101348
S3,2084,27-45,229999452.57822132
S3,2084,46-65,157082443.76919827
S3,2085,00-04,
S3,2085,05-09,
S3,2085,10-14,
S3,2085,15-19,
S3,2085,20-24,
S3,2085,25-29,
S3,2085,30-34,
S3,2085,35-39,
S3,2085,40-44,
S3,2085,45-49,
S3,2085,50-54,
S3,2085,55-59,
S3,2085,60-64,
S3,2085,65-69,
S3,2085,70-74,
S3,2085,75+,
S3,2085,0-8,107852474.08506943
S3,2085,9-14,75436812.16292168
S3,2085,0-17,
S3,2085,18-29,
S3,2085,30-65,
S3,2085,66+,59587029.58829196
S3,2085,15-26,158602411.64358982
S3,2085,27-45,229122351.9634019
S3,2085,46-65,156404467.30134943
S3,2086,00-04,
S3,2086,05-09,
S3,2086,10-14,
S3,2086,15-19,
S3,2086,20-24,
S3,2086,25-29,
S3,2086,30-34,
S3,2086,35-39,
S3,2086,40-44,
S3,2086,45-49,
S3,2086,50-54,
S3,2086,55-59,
S3,2086,60-64,
S3,2086,65-69,
S3,2086,70-74,
S3,2086,75+,
S3,2086,0-8,107411196.4361567
S3,2086,9-14,75137837.99612972
S3,2086,0-17,
S3,2086,18-29,
S3,2086,30-65,
S3,2086,66+,59433317.34163593
S3,2086,15-26,157952282.63135257
S3,2086,27-45,228222682.09100932
S3,2086,46-65,155669745.04130423
S3,2087,00-04,
S3,2087,05-09,
S3,2087,10-14,
S3,2087,15-19,
S3,2087,20-24,
S3,2087,25-29,
S3,2087,30-34,
S3,2087,35-39,
S3,2087,40-44,
S3,2087,45-49,
S3,2087,50-54,
S3,2087,55-59,
S3,2087,60-64,
S3,2087,65-69,
S3,2087,70-74,
S3,2087,75+,
S3,2087,0-8,106953692.11358282
S3,2087,9-14,74838409.60926624
S3,2087,0-17,
S3,2087,18-29,
S3,2087,30-65,
S3,2087,66+,59170789.30392737
S3,2087,15-26,157287225.43637535
S3,2087,27-45,227282371.49987736
S3,2087,46-65,155044464.12717116
S3,2088,00-04,
S3,2088,05-09,
S3,2088,10-14,
S3,2088,15-19,
S3,2088,20-24,
S3,2088,25-29,
S3,2088,30-34,
S3,2088,35-39,
S3,2088,40-44,
S3,2088,45-49,
S3,2088,50-54,
S3,2088,55-59,
S3,2088,60-64,
S3,2088,65-69,
S3,2088,70-74,
S3,2088,75+,
S3,2088,0-8,106511928.08071813
S3,2088,9-14,74512928.67794837
S3,2088,0-17,
S3,2088,18-29,
S3,2088,30-65,
S3,2088,66+,58896651.15650789
S3,2088,15-26,156624240.93742982
S3,2088,27-45,226316468.88188657
S3,2088,46-65,154420346.26088876
S3,2089,00-04,
S3,2089,05-09,
S3,2089,10-14,
S3,2089,15-19,
S3,2089,20-24,
S3,2089,25-29,
S3,2089,30-34,
S3,2089,35-39,
S3,2089,40-44,
S3,2089,45-49,
S3,2089,50-54,
S3,2089,55-59,
S3,2089,60-64,
S3,2089,65-69,
S3,2089,70-74,
S3,2089,75+,
S3,2089,0-8,106052350.46666327
S3,2089,9-14,74187047.39187995
S3,2089,0-17,
S3,2089,18-29,
S3,2089,30-65,
S3,2089,66+,58612064.18865798
S3,2089,15-26,155956361.98539072
S3,2089,27-45,225322743.69139007
S3,2089,46-65,153779401.3762405
S3,2090,00-04,
S3,2090,05-09,
S3,2090,10-14,
S3,2090,15-19,
S3,2090,20-24,
S3,2090,25-29,
S3,2090,30-34,
S3,2090,35-39,
S3,2090,40-44,
S3,2090,45-49,
S3,2090,50-54,
S3,2090,55-59,
S3,2090,60-64,
S3,2090,65-69,
S3,2090,70-74,
S3,2090,75+,
S3,2090,0-8,105573704.66319554
S3,2090,9-14,73866330.72167394
S3,2090,0-17,
S3,2090,18-29,
S3,2090,30-65,
S3,2090,66+,58329936.40132566
S3,2090,15-26,155272615.63164085
S3,2090,27-45,224318703.29730868
S3,2090,46-65,153116384.47680455
S3,2091,00-04,
S3,2091,05-09,
S3,2091,10-14,
S3,2091,15-19,
S3,2091,20-24,
S3,2091,25-29,
S3,2091,30-34,
S3,2091,35-39,
S3,2091,40-44,
S3,2091,45-49,
S3,2091,50-54,
S3,2091,55-59,
S3,2091,60-64,
S3,2091,65-69,
S3,2091,70-74,
S3,2091,75+,
S3,2091,0-8,105112061.68650678
S3,2091,9-14,73513872.78075582
S3,2091,0-17,
S3,2091,18-29,
S3,2091,30-65,
S3,2091,66+,58073111.68724006
S3,2091,15-26,154578306.8008477
S3,2091,27-45,223283770.8224732
S3,2091,46-65,152420973.73535398
S3,2092,00-04,
S3,2092,05-09,
S3,2092,10-14,
S3,2092,15-19,
S3,2092,20-24,
S3,2092,25-29,
S3,2092,30-34,
S3,2092,35-39,
S3,2092,40-44,
S3,2092,45-49,
S3,2092,50-54,
S3,2092,55-59,
S3,2092,60-64,
S3,2092,65-69,
S3,2092,70-74,
S3,2092,75+,
S3,2092,0-8,104616972.4386129
S3,2092,9-14,73185949.55778842
S3,2092,0-17,
S3,2092,18-29,
S3,2092,30-65,
S3,2092,66+,57809986.16173452
S3,2092,15-26,153860111.52854466
S3,2092,27-45,222261535.61492047
S3,2092,46-65,151713700.20222154
S3,2093,00-04,
S3,2093,05-09,
S3,2093,10-14,
S3,2093,15-19,
S3,2093,20-24,
S3,2093,25-29,
S3,2093,30-34,
S3,2093,35-39,
S3,2093,40-44,
S3,2093,45-49,
S3,2093,50-54,
S3,2093,55-59,
S3,2093,60-64,
S3,2093,65-69,
S3,2093,70-74,
S3,2093,75+,
S3,2093,0-8,104134384.90539782
S3,2093,9-14,72840621.59152435
S3,2093,0-17,
S3,2093,18-29,
S3,2093,30-65,
S3,2093,66+,57545008.74483269
S3,2093,15-26,153141779.30328983
S3,2093,27-45,221219069.87743658
S3,2093,46-65,151012496.50095463
S3,2094,00-04,
S3,2094,05-09,
S3,2094,10-14,
S3,2094,15-19,
S3,2094,20-24,
S3,2094,25-29,
S3,2094,30-34,
S3,2094,35-39,
S3,2094,40-44,
S3,2094,45-49,
S3,2094,50-54,
S3,2094,55-59,
S3,2094,60-64,
S3,2094,65-69,
S3,2094,70-74,
S3,2094,75+,
S3,2094,0-8,103640426.7392558
S3,2094,9-14,72492821.00631548
S3,2094,0-17,
S3,2094,18-29,
S3,2094,30-65,
S3,2094,66+,57277259.867493644
S3,2094,15-26,152398673.64114904
S3,2094,27-45,220181616.8232467
S3,2094,46-65,150288228.26104128
S3,2095,00-04,
S3,2095,05-09,
S3,2095,10-14,
S3,2095,15-19,
S3,2095,20-24,
S3,2095,25-29,
S3,2095,30-34,
S3,2095,35-39,
S3,2095,40-44,
S3,2095,45-49,
S3,2095,50-54,
S3,2095,55-59,
S3,2095,60-64,
S3,2095,65-69,
S3,2095,70-74,
S3,2095,75+,
S3,2095,0-8,103145273.2174871
S3,2095,9-14,72139341.1695965
S3,2095,0-17,
S3,2095,18-29,
S3,2095,30-65,
S3,2095,66+,56999300.715524144
S3,2095,15-26,151650053.9452913
S3,2095,27-45,219145492.1169392
S3,2095,46-65,149555712.47526485
S3,2096,00-04,
S3,2096,05-09,
S3,2096,10-14,
S3,2096,15-19,
S3,2096,20-24,
S3,2096,25-29,
S3,2096,30-34,
S3,2096,35-39,
S3,2096,40-44,
S3,2096,45-49,
S3,2096,50-54,
S3,2096,55-59,
S3,2096,60-64,
S3,2096,65-69,
S3,2096,70-74,
S3,2096,75+,
S3,2096,0-8,102634422.759951
S3,2096,9-14,71795253.39173615
S3,2096,0-17,
S3,2096,18-29,
S3,2096,30-65,
S3,2096,66+,56715298.59451053
S3,2096,15-26,150907703.24049067
S3,2096,27-45,218084346.77765182
S3,2096,46-65,148827224.36536518
S3,2097,00-04,
S3,2097,05-09,
S3,2097,10-14,
S3,2097,15-19,
S3,2097,20-24,
S3,2097,25-29,
S3,2097,30-34,
S3,2097,35-39,
S3,2097,40-44,
S3,2097,45-49,
S3,2097,50-54,
S3,2097,55-59,
S3,2097,60-64,
S3,2097,65-69,
S3,2097,70-74,
S3,2097,75+,
S3,2097,0-8,102126938.73464233
S3,2097,9-14,71445567.5088949
S3,2097,0-17,
S3,2097,18-29,
S3,2097,30-65,
S3,2097,66+,56437360.67667823
S3,2097,15-26,150188318.33601633
S3,2097,27-45,216993700.87452203
S3,2097,46-65,148091856.15632105
S3,2098,00-04,
S3,2098,05-09,
S3,2098,10-14,
S3,2098,15-19,
S3,2098,20-24,
S3,2098,25-29,
S3,2098,30-34,
S3,2098,35-39,
S3,2098,40-44,
S3,2098,45-49,
S3,2098,50-54,
S3,2098,55-59,
S3,2098,60-64,
S3,2098,65-69,
S3,2098,70-74,
S3,2098,75+,
S3,2098,0-8,101619085.33837205
S3,2098,9-14,71092167.70102023
S3,2098,0-17,
S3,2098,18-29,
S3,2098,30-65,
S3,2098,66+,56162720.064000346
S3,2098,15-26,149444110.34726936
S3,2098,27-45,215906548.72954872
S3,2098,46-65,147361070.45223567
S3,2099,00-04,
S3,2099,05-09,
S3,2099,10-14,
S3,2099,15-19,
S3,2099,20-24,
S3,2099,25-29,
S3,2099,30-34,
S3,2099,35-39,
S3,2099,40-44,
S3,2099,45-49,
S3,2099,50-54,
S3,2099,55-59,
S3,2099,60-64,
S3,2099,65-69,
S3,2099,70-74,
S3,2099,75+,
S3,2099,0-8,101103118.3435
S3,2099,9-14,70739803.67165476
S3,2099,0-17,
S3,2099,18-29,
S3,2099,30-65,
S3,2099,66+,55879060.877223104
S3,2099,15-26,148683665.91231674
S3,2099,27-45,214830429.93310797
S3,2099,46-65,146621193.57296762
S3,2100,00-04,
S3,2100,05-09,
S3,2100,10-14,
S3,2100,15-19,
S3,2100,20-24,
S3,2100,25-29,
S3,2100,30-34,
S3,2100,35-39,
S3,2100,40-44,
S3,2100,45-49,
S3,2100,50-54,
S3,2100,55-59,
S3,2100,60-64,
S3,2100,65-69,
S3,2100,70-74,
S3,2100,75+,
S3,2100,0-8,100596499.1630762
S3,2100,9-14,70379056.97470091
S3,2100,0-17,
S3,2100,18-29,
S3,2100,30-65,
S3,2100,66+,55593692.366677605
S3,2100,15-26,147933841.10446274
S3,2100,27-45,213732772.35334364
S3,2100,46-65,145897124.16393852
