scheme,year,band,females
S0,1950,00-04,12084545.13035202
S0,1950,05-09,12510734.03589012
S0,1950,10-14,12916479.06733484
S0,1950,15-19,13170079.443757921
S0,1950,20-24,13793015.84825787
S0,1950,25-29,14026939.13044419
S0,1950,30-34,13238219.977077007
S0,1950,35-39,12321652.86670839
S0,1950,40-44,11378309.50744978
S0,1950,45-49,10288087.31673958
S0,1950,50-54,9208367.002163108
S0,1950,55-59,7815988.436399868
S0,1950,60-64,6291495.556088196
S0,1950,65-69,4789143.956427046
S0,1950,70-74,3640156.386531252
S0,1950,75+,5083615.136902594
S0,1950,0-8,
S0,1950,9-14,
S0,1950,0-17,
S0,1950,18-29,
S0,1950,30-65,
S0,1950,66+,
S0,1950,15-26,
S0,1950,27-45,
S0,1950,46-65,
S0,1951,00-04,12337893.023822628
S0,1951,05-09,12773016.81770563
S0,1951,10-14,13187268.139448728
S0,1951,15-19,13446185.15133116
S0,1951,20-24,14082181.18067789
S0,1951,25-29,14321008.57552516
S0,1951,30-34,13515754.22502064
S0,1951,35-39,12579971.63371073
S0,1951,40-44,11616851.43963461
S0,1951,45-49,10503773.15525668
S0,1951,50-54,9401416.914852237
S0,1951,55-59,7979847.661914207
S0,1951,60-64,6423394.368060129
S0,1951,65-69,4889546.538386121
S0,1951,70-74,3716470.880993684
S0,1951,75+,5190191.195186723
S0,1951,0-8,
S0,1951,9-14,
S0,1951,0-17,
S0,1951,18-29,
S0,1951,30-65,
S0,1951,66+,
S0,1951,15-26,
S0,1951,27-45,
S0,1951,46-65,
S0,1952,00-04,12605221.03635909
S0,1952,05-09,13049772.75920868
S0,1952,10-14,13472999.7611849
S0,1952,15-19,13737526.78849417
S0,1952,20-24,14387303.09249379
S0,1952,25-29,14631305.216339
S0,1952,30-34,13808603.23156734
S0,1952,35-39,12852544.82008149
S0,1952,40-44,11868556.47559922
S0,1952,45-49,10731360.86381493
S0,1952,50-54,9605119.613037521
S0,1952,55-59,8152748.886757396
S0,1952,60-64,6562571.555513108
S0,1952,65-69,4995489.486326051
S0,1952,70-74,3796996.52441978
S0,1952,75+,5302648.281191152
S0,1952,0-8,
S0,1952,9-14,
S0,1952,0-17,
S0,1952,18-29,
S0,1952,30-65,
S0,1952,66+,
S0,1952,15-26,
S0,1952,27-45,
S0,1952,46-65,
S0,1953,00-04,12886248.344545648
S0,1953,05-09,13340711.13310855
S0,1953,10-14,13773373.77645703
S0,1953,15-19,14043798.30593726
S0,1953,20-24,14708061.05845768
S0,1953,25-29,14957503.09167522
S0,1953,30-34,14116459.3639422
S0,1953,35-39,13139086.09244127
S0,1953,40-44,12133160.20359234
S0,1953,45-49,10970611.36549495
S0,1953,50-54,9819261.110586505
S0,1953,55-59,8334510.481207645
S0,1953,60-64,6708880.915238564
S0,1953,65-69,5106861.509027366
S0,1953,70-74,3881648.726025254
S0,1953,75+,5420868.260707964
S0,1953,0-8,
S0,1953,9-14,
S0,1953,0-17,
S0,1953,18-29,
S0,1953,30-65,
S0,1953,66+,
S0,1953,15-26,
S0,1953,27-45,
S0,1953,46-65,
S0,1954,00-04,13172071.4031945
S0,1954,05-09,13636614.39049299
S0,1954,10-14,14078873.69508674
S0,1954,15-19,14355296.368020602
S0,1954,20-24,15034292.78130833
S0,1954,25-29,15289267.5563281
S0,1954,30-34,14429569.08252076
S0,1954,35-39,13430517.21144355
S0,1954,40-44,12402279.41251517
S0,1954,45-49,11213944.69354313
S0,1954,50-54,10037056.94761051
S0,1954,55-59,8519373.849845735
S0,1954,60-64,6857687.054312864
S0,1954,65-69,5220134.10300342
S0,1954,70-74,3967745.5233093575
S0,1954,75+,5541105.672356473
S0,1954,0-8,
S0,1954,9-14,
S0,1954,0-17,
S0,1954,18-29,
S0,1954,30-65,
S0,1954,66+,
S0,1954,15-26,
S0,1954,27-45,
S0,1954,46-65,
S0,1955,00-04,13478850.57389355
S0,1955,05-09,13954212.824771408
S0,1955,10-14,14406772.403220668
S0,1955,15-19,14689632.99436567
S0,1955,20-24,15384443.31802481
S0,1955,25-29,15645356.48706292
S0,1955,30-34,14765635.529564679
S0,1955,35-39,13743315.61695376
S0,1955,40-44,12691130.03262543
S0,1955,45-49,11475118.85120188
S0,1955,50-54,10270821.24423438
S0,1955,55-59,8717791.11957728
S0,1955,60-64,7017403.433236036
S0,1955,65-69,5341711.671332484
S0,1955,70-74,4060154.8068553386
S0,1955,75+,5670158.708199339
S0,1955,0-8,
S0,1955,9-14,
S0,1955,0-17,
S0,1955,18-29,
S0,1955,30-65,
S0,1955,66+,
S0,1955,15-26,
S0,1955,27-45,
S0,1955,46-65,
S0,1956,00-04,13793843.23131214
S0,1956,05-09,14280314.41301608
S0,1956,10-14,14743450.03750684
S0,1956,15-19,15032920.9110936
S0,1956,20-24,15743968.53548187
S0,1956,25-29,16010979.08886446
S0,1956,30-34,15110699.57997713
S0,1956,35-39,14064488.6638834
S0,1956,40-44,12987714.13322851
S0,1956,45-49,11743285.49948679
S0,1956,50-54,10510844.17941394
S0,1956,55-59,8921520.671776224
S0,1956,60-64,7181395.944577811
S0,1956,65-69,5466544.270766137
S0,1956,70-74,4155038.190652119
S0,1956,75+,5802666.917982466
S0,1956,0-8,
S0,1956,9-14,
S0,1956,0-17,
S0,1956,18-29,
S0,1956,30-65,
S0,1956,66+,
S0,1956,15-26,
S0,1956,27-45,
S0,1956,46-65,
S0,1957,00-04,14119583.23940236
S0,1957,05-09,14617542.38164106
S0,1957,10-14,15091614.90018946
S0,1957,15-19,15387921.59488298
S0,1957,20-24,16115760.5264535
S0,1957,25-29,16389076.50308619
S0,1957,30-34,15467536.99801138
S0,1957,35-39,14396619.9324742
S0,1957,40-44,13294417.496162761
S0,1957,45-49,12020601.82456473
S0,1957,50-54,10759056.54565755
S0,1957,55-59,9132201.34771755
S0,1957,60-64,7350983.776906929
S0,1957,65-69,5595636.079707593
S0,1957,70-74,4253158.935620849
S0,1957,75+,5939696.224254253
S0,1957,0-8,
S0,1957,9-14,
S0,1957,0-17,
S0,1957,18-29,
S0,1957,30-65,
S0,1957,66+,
S0,1957,15-26,
S0,1957,27-45,
S0,1957,46-65,
S0,1958,00-04,14437916.99214083
S0,1958,05-09,14947102.89651348
S0,1958,10-14,15431863.64015612
S0,1958,15-19,15734850.73188999
S0,1958,20-24,16479099.191599373
S0,1958,25-29,16758577.226916771
S0,1958,30-34,15816261.107973602
S0,1958,35-39,14721199.62949137
S0,1958,40-44,13594147.43438186
S0,1958,45-49,12291612.88941755
S0,1958,50-54,11001625.37988113
S0,1958,55-59,9338091.838710913
S0,1958,60-64,7516715.740262063
S0,1958,65-69,5721792.765922043
S0,1958,70-74,4349048.737891433
S0,1958,75+,6073609.935242329
S0,1958,0-8,
S0,1958,9-14,
S0,1958,0-17,
S0,1958,18-29,
S0,1958,30-65,
S0,1958,66+,
S0,1958,15-26,
S0,1958,27-45,
S0,1958,46-65,
S0,1959,00-04,14780374.65817149
S0,1959,05-09,15301638.109220847
S0,1959,10-14,15797897.051179878
S0,1959,15-19,16108070.792645082
S0,1959,20-24,16869972.32451146
S0,1959,25-29,17156079.39057712
S0,1959,30-34,16191412.16801339
S0,1959,35-39,15070376.568867821
S0,1959,40-44,13916591.454844732
S0,1959,45-49,12583161.66782884
S0,1959,50-54,11262576.52346982
S0,1959,55-59,9559585.087217994
S0,1959,60-64,7695007.174547717
S0,1959,65-69,5857509.836271966
S0,1959,70-74,4452205.244542814
S0,1959,75+,6217671.871873208
S0,1959,0-8,
S0,1959,9-14,
S0,1959,0-17,
S0,1959,18-29,
S0,1959,30-65,
S0,1959,66+,
S0,1959,15-26,
S0,1959,27-45,
S0,1959,46-65,
S0,1960,00-04,15126738.83676859
S0,1960,05-09,15660217.60652475
S0,1960,10-14,16168105.91003776
S0,1960,15-19,16485548.28140372
S0,1960,20-24,17265304.25907138
S0,1960,25-29,17558115.97513546
S0,1960,30-34,16570842.68351799
S0,1960,35-39,15423536.669484008
S0,1960,40-44,14242713.68649356
S0,1960,45-49,12878036.226561531
S0,1960,50-54,11526504.41140613
S0,1960,55-59,9783604.972575417
S0,1960,60-64,7875332.430229751
S0,1960,65-69,5994775.070069211
S0,1960,70-74,4556538.486976503
S0,1960,75+,6363377.164228361
S0,1960,0-8,
S0,1960,9-14,
S0,1960,0-17,
S0,1960,18-29,
S0,1960,30-65,
S0,1960,66+,
S0,1960,15-26,
S0,1960,27-45,
S0,1960,46-65,
S0,1961,00-04,15485055.37619642
S0,1961,05-09,16031170.99178564
S0,1961,10-14,16551089.96372589
S0,1961,15-19,16876051.79141375
S0,1961,20-24,17674278.33742604
S0,1961,25-29,17974026.06804924
S0,1961,30-34,16963366.61546614
S0,1961,35-39,15788883.64511332
S0,1961,40-44,14580089.76836264
S0,1961,45-49,13183086.33849388
S0,1961,50-54,11799539.942525081
S0,1961,55-59,10015355.35279492
S0,1961,60-64,8061880.363243878
S0,1961,65-69,6136777.0627614
S0,1961,70-74,4664472.068698335
S0,1961,75+,6514110.4656467885
S0,1961,0-8,
S0,1961,9-14,
S0,1961,0-17,
S0,1961,18-29,
S0,1961,30-65,
S0,1961,66+,
S0,1961,15-26,
S0,1961,27-45,
S0,1961,46-65,
S0,1962,00-04,15855414.62140102
S0,1962,05-09,16414591.796169098
S0,1962,10-14,16946945.77678949
S0,1962,15-19,17279679.78315536
S0,1962,20-24,18096997.67717392
S0,1962,25-29,18403914.53574459
S0,1962,30-34,17369082.93376168
S0,1962,35-39,16166509.613336608
S0,1962,40-44,14928804.765528668
S0,1962,45-49,13498388.91812154
S0,1962,50-54,12081751.95925398
S0,1962,55-59,10254894.6607795
S0,1962,60-64,8254698.009272486
S0,1962,65-69,6283551.618340128
S0,1962,70-74,4776033.203784531
S0,1962,75+,6669909.781608222
S0,1962,0-8,
S0,1962,9-14,
S0,1962,0-17,
S0,1962,18-29,
S0,1962,30-65,
S0,1962,66+,
S0,1962,15-26,
S0,1962,27-45,
S0,1962,46-65,
S0,1963,00-04,16226515.55075735
S0,1963,05-09,16798780.44187889
S0,1963,10-14,17343594.33361935
S0,1963,15-19,17684116.0832855
S0,1963,20-24,18520563.55778443
S0,1963,25-29,18834663.90125098
S0,1963,30-34,17775611.74254388
S0,1963,35-39,16544891.81810465
S0,1963,40-44,15278218.10191591
S0,1963,45-49,13814322.92501699
S0,1963,50-54,12364529.13584576
S0,1963,55-59,10494913.67194618
S0,1963,60-64,8447901.793338913
S0,1963,65-69,6430620.105724687
S0,1963,70-74,4887817.752021372
S0,1963,75+,6826021.102427092
S0,1963,0-8,
S0,1963,9-14,
S0,1963,0-17,
S0,1963,18-29,
S0,1963,30-65,
S0,1963,66+,
S0,1963,15-26,
S0,1963,27-45,
S0,1963,46-65,
S0,1964,00-04,16609707.983762588
S0,1964,05-09,17195487.02555106
S0,1964,10-14,17753166.80707902
S0,1964,15-19,18101730.04644994
S0,1964,20-24,18957930.39653278
S0,1964,25-29,19279448.28287501
S0,1964,30-34,18195386.39413037
S0,1964,35-39,16935602.77078926
S0,1964,40-44,15639016.299664821
S0,1964,45-49,14140550.94331204
S0,1964,50-54,12656519.98179838
S0,1964,55-59,10742753.172149003
S0,1964,60-64,8647400.695728209
S0,1964,65-69,6582480.494748875
S0,1964,70-74,5003244.552718326
S0,1964,75+,6987218.96562835
S0,1964,0-8,
S0,1964,9-14,
S0,1964,0-17,
S0,1964,18-29,
S0,1964,30-65,
S0,1964,66+,
S0,1964,15-26,
S0,1964,27-45,
S0,1964,46-65,
S0,1965,00-04,16998461.27146015
S0,1965,05-09,17597950.58007464
S0,1965,10-14,18168682.96004462
S0,1965,15-19,18525404.3865076
S0,1965,20-24,19401644.26415757
S0,1965,25-29,19730687.33610158
S0,1965,30-34,18621252.77832934
S0,1965,35-39,17331983.68625873
S0,1965,40-44,16005050.3689449
S0,1965,45-49,14471513.15375194
S0,1965,50-54,12952748.173079282
S0,1965,55-59,10994189.29725602
S0,1965,60-64,8849794.70854221
S0,1965,65-69,6736544.668305706
S0,1965,70-74,5120346.416936864
S0,1965,75+,7150756.117961568
S0,1965,0-8,
S0,1965,9-14,
S0,1965,0-17,
S0,1965,18-29,
S0,1965,30-65,
S0,1965,66+,
S0,1965,15-26,
S0,1965,27-45,
S0,1965,46-65,
S0,1966,00-04,17372406.76147304
S0,1966,05-09,17985084.10632725
S0,1966,10-14,18568371.90505461
S0,1966,15-19,18932940.7693819
S0,1966,20-24,19828456.85945979
S0,1966,25-29,20164738.47910576
S0,1966,30-34,19030897.70934068
S0,1966,35-39,17713266.26407271
S0,1966,40-44,16357142.0263789
S0,1966,45-49,14789868.85613505
S0,1966,50-54,13237692.89161848
S0,1966,55-59,11236048.10073251
S0,1966,60-64,9044479.437115591
S0,1966,65-69,6884740.4641929995
S0,1966,70-74,5232987.815434033
S0,1966,75+,7308064.062356706
S0,1966,0-8,
S0,1966,9-14,
S0,1966,0-17,
S0,1966,18-29,
S0,1966,30-65,
S0,1966,66+,
S0,1966,15-26,
S0,1966,27-45,
S0,1966,46-65,
S0,1967,00-04,17744096.45564626
S0,1967,05-09,18369882.28098117
S0,1967,10-14,18965649.75892054
S0,1967,15-19,19338018.72207971
S0,1967,20-24,20252694.74239746
S0,1967,25-29,20596171.24379347
S0,1967,30-34,19438071.49052992
S0,1967,35-39,18092248.78565993
S0,1967,40-44,16707109.71944581
S0,1967,45-49,15106304.10356376
S0,1967,50-54,13520918.70425352
S0,1967,55-59,11476447.91059298
S0,1967,60-64,9237989.745853744
S0,1967,65-69,7032042.280961009
S0,1967,70-74,5344949.71383054
S0,1967,75+,7464423.059335743
S0,1967,0-8,
S0,1967,9-14,
S0,1967,0-17,
S0,1967,18-29,
S0,1967,30-65,
S0,1967,66+,
S0,1967,15-26,
S0,1967,27-45,
S0,1967,46-65,
S0,1968,00-04,18134822.25049637
S0,1968,05-09,18774387.90759791
S0,1968,10-14,19383274.2119563
S0,1968,15-19,19763842.7562816
S0,1968,20-24,20698659.98333604
S0,1968,25-29,21049699.852602363
S0,1968,30-34,19866098.69115268
S0,1968,35-39,18490640.91033491
S0,1968,40-44,17075001.0201438
S0,1968,45-49,15438945.5932483
S0,1968,50-54,13818649.936780833
S0,1968,55-59,11729159.80511694
S0,1968,60-64,9441410.691816716
S0,1968,65-69,7186888.165422695
S0,1968,70-74,5462645.744766268
S0,1968,75+,7628789.987809483
S0,1968,0-8,
S0,1968,9-14,
S0,1968,0-17,
S0,1968,18-29,
S0,1968,30-65,
S0,1968,66+,
S0,1968,15-26,
S0,1968,27-45,
S0,1968,46-65,
S0,1969,00-04,18527467.62167188
S0,1969,05-09,19180880.80875497
S0,1969,10-14,19802950.39032865
S0,1969,15-19,20191758.79911363
S0,1969,20-24,21146816.183586113
S0,1969,25-29,21505456.57839723
S0,1969,30-34,20296228.72422667
S0,1969,35-39,18890990.27484621
S0,1969,40-44,17444699.71477496
S0,1969,45-49,15773221.29991278
S0,1969,50-54,14117843.87751125
S0,1969,55-59,11983113.234692518
S0,1969,60-64,9645831.013907677
S0,1969,65-69,7342494.78413284
S0,1969,70-74,5580919.998377734
S0,1969,75+,7793964.425970924
S0,1969,0-8,
S0,1969,9-14,
S0,1969,0-17,
S0,1969,18-29,
S0,1969,30-65,
S0,1969,66+,
S0,1969,15-26,
S0,1969,27-45,
S0,1969,46-65,
S0,1970,00-04,18929082.23026723
S0,1970,05-09,19596659.26784193
S0,1970,10-14,20232213.2735487
S0,1970,15-19,20629449.77083996
S0,1970,20-24,21605209.66066737
S0,1970,25-29,21971624.20058725
S0,1970,30-34,20736184.26059514
S0,1970,35-39,19300484.85986637
S0,1970,40-44,17822843.4736024
S0,1970,45-49,16115132.8999224
S0,1970,50-54,14423872.335304633
S0,1970,55-59,12242867.74781742
S0,1970,60-64,9854920.92982776
S0,1970,65-69,7501655.940371679
S0,1970,70-74,5701896.002574263
S0,1970,75+,7962911.96031615
S0,1970,0-8,
S0,1970,9-14,
S0,1970,0-17,
S0,1970,18-29,
S0,1970,30-65,
S0,1970,66+,
S0,1970,15-26,
S0,1970,27-45,
S0,1970,46-65,
S0,1971,00-04,19366560.88212109
S0,1971,05-09,20049566.59705342
S0,1971,10-14,20699809.18122452
S0,1971,15-19,21106226.392360635
S0,1971,20-24,22104537.51398799
S0,1971,25-29,22479420.42743986
S0,1971,30-34,21215427.67158382
S0,1971,35-39,19746547.16726758
S0,1971,40-44,18234755.33706119
S0,1971,45-49,16487577.08552751
S0,1971,50-54,14757229.02671735
S0,1971,55-59,12525818.247582078
S0,1971,60-64,10082682.50168114
S0,1971,65-69,7675030.13186934
S0,1971,70-74,5833675.121385872
S0,1971,75+,8146946.450042227
S0,1971,0-8,
S0,1971,9-14,
S0,1971,0-17,
S0,1971,18-29,
S0,1971,30-65,
S0,1971,66+,
S0,1971,15-26,
S0,1971,27-45,
S0,1971,46-65,
S0,1972,00-04,19786688.59131645
S0,1972,05-09,20484511.06324184
S0,1972,10-14,21148859.658747233
S0,1972,15-19,21564093.465299115
S0,1972,20-24,22584061.40907191
S0,1972,25-29,22967076.829921648
S0,1972,30-34,21675663.698078886
S0,1972,35-39,20174918.09364931
S0,1972,40-44,18630330.2682081
S0,1972,45-49,16845249.67558036
S0,1972,50-54,15077364.38078477
S0,1972,55-59,12797546.5817032
S0,1972,60-64,10301410.76880915
S0,1972,65-69,7841528.089195594
S0,1972,70-74,5960227.717887425
S0,1972,75+,8323681.905027074
S0,1972,0-8,
S0,1972,9-14,
S0,1972,0-17,
S0,1972,18-29,
S0,1972,30-65,
S0,1972,66+,
S0,1972,15-26,
S0,1972,27-45,
S0,1972,46-65,
S0,1973,00-04,20238050.92661961
S0,1973,05-09,20951791.71550347
S0,1973,10-14,21631295.04153078
S0,1973,15-19,22056000.91814416
S0,1973,20-24,23099235.77244174
S0,1973,25-29,23490988.31643434
S0,1973,30-34,22170116.22563847
S0,1973,35-39,20635136.49266407
S0,1973,40-44,19055314.43564569
S0,1973,45-49,17229513.6314841
S0,1973,50-54,15421300.37420381
S0,1973,55-59,13089476.70859686
S0,1973,60-64,10536400.5095163
S0,1973,65-69,8020404.428930266
S0,1973,70-74,6096188.936929649
S0,1973,75+,8513556.854826523
S0,1973,0-8,
S0,1973,9-14,
S0,1973,0-17,
S0,1973,18-29,
S0,1973,30-65,
S0,1973,66+,
S0,1973,15-26,
S0,1973,27-45,
S0,1973,46-65,
S0,1974,00-04,20694516.73626225
S0,1974,05-09,21424355.82770767
S0,1974,10-14,22119185.236122765
S0,1974,15-19,22553470.28182369
S0,1974,20-24,23620235.12150085
S0,1974,25-29,24020823.57774714
S0,1974,30-34,22670159.44074357
S0,1974,35-39,21100558.499969177
S0,1974,40-44,19485103.82412979
S0,1974,45-49,17618122.39218248
S0,1974,50-54,15769125.19125644
S0,1974,55-59,13384707.63796117
S0,1974,60-64,10774047.23778743
S0,1974,65-69,8201303.291898228
S0,1974,70-74,6233687.445502426
S0,1974,75+,8705578.687203955
S0,1974,0-8,
S0,1974,9-14,
S0,1974,0-17,
S0,1974,18-29,
S0,1974,30-65,
S0,1974,66+,
S0,1974,15-26,
S0,1974,27-45,
S0,1974,46-65,
S0,1975,00-04,21182926.010048382
S0,1975,05-09,21929989.96280255
S0,1975,10-14,22641217.972407237
S0,1975,15-19,23085752.53717111
S0,1975,20-24,24177693.98992348
S0,1975,25-29,24587736.69530715
S0,1975,30-34,23205195.66556479
S0,1975,35-39,21598550.7258709
S0,1975,40-44,19944969.86157704
S0,1975,45-49,18033925.98270378
S0,1975,50-54,16141290.77893642
S0,1975,55-59,13700598.81921506
S0,1975,60-64,11028324.47722276
S0,1975,65-69,8394861.452059412
S0,1975,70-74,6380808.095724357
S0,1975,75+,8911038.201851854
S0,1975,0-8,
S0,1975,9-14,
S0,1975,0-17,
S0,1975,18-29,
S0,1975,30-65,
S0,1975,66+,
S0,1975,15-26,
S0,1975,27-45,
S0,1975,46-65,
S0,1976,00-04,21679039.54699384
S0,1976,05-09,22443600.069379106
S0,1976,10-14,23171485.354907446
S0,1976,15-19,23626431.11664737
S0,1976,20-24,24743946.32328082
S0,1976,25-29,25163592.41097201
S0,1976,30-34,23748671.65616654
S0,1976,35-39,22104398.37828798
S0,1976,40-44,20412089.91560563
S0,1976,45-49,18456288.5401733
S0,1976,50-54,16519326.97919527
S0,1976,55-59,14021472.92958335
S0,1976,60-64,11286612.73543515
S0,1976,65-69,8591472.83639662
S0,1976,70-74,6530249.455781904
S0,1976,75+,9119738.674963059
S0,1976,0-8,
S0,1976,9-14,
S0,1976,0-17,
S0,1976,18-29,
S0,1976,30-65,
S0,1976,66+,
S0,1976,15-26,
S0,1976,27-45,
S0,1976,46-65,
S0,1977,00-04,22187759.90181894
S0,1977,05-09,22970261.60187446
S0,1977,10-14,23715227.4439433
S0,1977,15-19,24180848.96319715
S0,1977,20-24,25324587.78233007
S0,1977,25-29,25754081.285363093
S0,1977,30-34,24305957.99928894
S0,1977,35-39,22623100.20369968
S0,1977,40-44,20891080.02963164
S0,1977,45-49,18889383.81796727
S0,1977,50-54,16906969.51585431
S0,1977,55-59,14350500.821637608
S0,1977,60-64,11551464.39655684
S0,1977,65-69,8793080.343054267
S0,1977,70-74,6683488.293371575
S0,1977,75+,9333742.468100784
S0,1977,0-8,
S0,1977,9-14,
S0,1977,0-17,
S0,1977,18-29,
S0,1977,30-65,
S0,1977,66+,
S0,1977,15-26,
S0,1977,27-45,
S0,1977,46-65,
S0,1978,00-04,22709476.36988107
S0,1978,05-09,23510377.58503016
S0,1978,10-14,24272860.33505505
S0,1978,15-19,24749430.34192339
S0,1978,20-24,25920062.69964444
S0,1978,25-29,26359655.18673217
S0,1978,30-34,24877481.1551356
S0,1978,35-39,23155053.13572697
S0,1978,40-44,21382306.748114794
S0,1978,45-49,19333543.23978308
S0,1978,50-54,17304515.03015937
S0,1978,55-59,14687934.28210037
S0,1978,60-64,11823082.13681475
S0,1978,65-69,8999838.251029862
S0,1978,70-74,6840641.873642048
S0,1978,75+,9553213.346450245
S0,1978,0-8,
S0,1978,9-14,
S0,1978,0-17,
S0,1978,18-29,
S0,1978,30-65,
S0,1978,66+,
S0,1978,15-26,
S0,1978,27-45,
S0,1978,46-65,
S0,1979,00-04,23223137.2011013
S0,1979,05-09,24042153.83103133
S0,1979,10-14,24821883.01671989
S0,1979,15-19,25309232.45953276
S0,1979,20-24,26506343.1023594
S0,1979,25-29,26955878.63871158
S0,1979,30-34,25440179.6269401
S0,1979,35-39,23678792.37334412
S0,1979,40-44,21865948.61104253
S0,1979,45-49,19770844.5552881
S0,1979,50-54,17695922.18677894
S0,1979,55-59,15020157.553538628
S0,1979,60-64,12090505.92497553
S0,1979,65-69,9203403.684313158
S0,1979,70-74,6995368.901851075
S0,1979,75+,9769295.453692047
S0,1979,0-8,
S0,1979,9-14,
S0,1979,0-17,
S0,1979,18-29,
S0,1979,30-65,
S0,1979,66+,
S0,1979,15-26,
S0,1979,27-45,
S0,1979,46-65,
S0,1980,00-04,23779188.446565673
S0,1980,05-09,24617815.48542473
S0,1980,10-14,25416214.38748592
S0,1980,15-19,25915232.8508237
S0,1980,20-24,27141006.927799575
S0,1980,25-29,27601306.07428351
S0,1980,30-34,26049315.39718076
S0,1980,35-39,24245753.75656609
S0,1980,40-44,22389503.54047099
S0,1980,45-49,20244234.63362467
S0,1980,50-54,18119630.6412565
S0,1980,55-59,15379797.90886151
S0,1980,60-64,12379999.14975646
S0,1980,65-69,9423768.574588664
S0,1980,70-74,7162864.944985703
S0,1980,75+,10003209.969947716
S0,1980,0-8,
S0,1980,9-14,
S0,1980,0-17,
S0,1980,18-29,
S0,1980,30-65,
S0,1980,66+,
S0,1980,15-26,
S0,1980,27-45,
S0,1980,46-65,
S0,1981,00-04,24343058.372785553
S0,1981,05-09,25201571.56409217
S0,1981,10-14,26018902.69889169
S0,1981,15-19,26529754.26177941
S0,1981,20-24,27784594.81173014
S0,1981,25-29,28255808.916323364
S0,1981,30-34,26667016.27389878
S0,1981,35-39,24820687.22885768
S0,1981,40-44,22920420.21737248
S0,1981,45-49,20724281.08747615
S0,1981,50-54,18549296.89398736
S0,1981,55-59,15744495.19580357
S0,1981,60-64,12673562.961778972
S0,1981,65-69,9647232.033100171
S0,1981,70-74,7332716.163294852
S0,1981,75+,10240413.57680719
S0,1981,0-8,
S0,1981,9-14,
S0,1981,0-17,
S0,1981,18-29,
S0,1981,30-65,
S0,1981,66+,
S0,1981,15-26,
S0,1981,27-45,
S0,1981,46-65,
S0,1982,00-04,24917139.96070327
S0,1982,05-09,25795899.4418789
S0,1982,10-14,26632505.67139063
S0,1982,15-19,27155404.63078545
S0,1982,20-24,28439838.046368256
S0,1982,25-29,28922164.77852337
S0,1982,30-34,27295903.688664295
S0,1982,35-39,25406032.72322176
S0,1982,40-44,23460951.7739513
S0,1982,45-49,21213021.16331035
S0,1982,50-54,18986744.38528378
S0,1982,55-59,16115797.13595233
S0,1982,60-64,12972443.20263676
S0,1982,65-69,9874742.405862719
S0,1982,70-74,7505643.380340034
S0,1982,75+,10481912.931451961
S0,1982,0-8,
S0,1982,9-14,
S0,1982,0-17,
S0,1982,18-29,
S0,1982,30-65,
S0,1982,66+,
S0,1982,15-26,
S0,1982,27-45,
S0,1982,46-65,
S0,1983,00-04,25504402.33968914
S0,1983,05-09,26403872.961239845
S0,1983,10-14,27260196.83753577
S0,1983,15-19,27795419.79909727
S0,1983,20-24,29110125.52620836
S0,1983,25-29,29603820.02948891
S0,1983,30-34,27939230.22461725
S0,1983,35-39,26004817.62554852
S0,1983,40-44,24013893.82001967
S0,1983,45-49,21712982.60725977
S0,1983,50-54,19434235.57787182
S0,1983,55-59,16495624.08961711
S0,1983,60-64,13278185.670209438
S0,1983,65-69,10107476.36835943
S0,1983,70-74,7682540.969481865
S0,1983,75+,10728957.059877424
S0,1983,0-8,
S0,1983,9-14,
S0,1983,0-17,
S0,1983,18-29,
S0,1983,30-65,
S0,1983,66+,
S0,1983,15-26,
S0,1983,27-45,
S0,1983,46-65,
S0,1984,00-04,26110992.518964976
S0,1984,05-09,27031855.91962546
S0,1984,10-14,27908546.38388224
S0,1984,15-19,28456498.95141068
S0,1984,20-24,29802473.30313338
S0,1984,25-29,30307909.71015524
S0,1984,30-34,28603729.72729355
S0,1984,35-39,26623309.55393884
S0,1984,40-44,24585034.12604946
S0,1984,45-49,22229398.62975385
S0,1984,50-54,19896454.46409623
S0,1984,55-59,16887951.79212581
S0,1984,60-64,13593990.64061709
S0,1984,65-69,10347870.00004114
S0,1984,70-74,7865260.558120097
S0,1984,75+,10984131.829304038
S0,1984,0-8,
S0,1984,9-14,
S0,1984,0-17,
S0,1984,18-29,
S0,1984,30-65,
S0,1984,66+,
S0,1984,15-26,
S0,1984,27-45,
S0,1984,46-65,
S0,1985,00-04,26731477.04036351
S0,1985,05-09,27674223.23563693
S0,1985,10-14,28571746.79778281
S0,1985,15-19,29132720.551172525
S0,1985,20-24,30510679.75566698
S0,1985,25-29,31028127.0223634
S0,1985,30-34,29283450.02276536
S0,1985,35-39,27255968.4417472
S0,1985,40-44,25169256.77182551
S0,1985,45-49,22757643.49672863
S0,1985,50-54,20369260.77418635
S0,1985,55-59,17289266.01553298
S0,1985,60-64,13917029.32903206
S0,1985,65-69,10593770.004026297
S0,1985,70-74,8052165.457638389
S0,1985,75+,11245151.542596588
S0,1985,0-8,
S0,1985,9-14,
S0,1985,0-17,
S0,1985,18-29,
S0,1985,30-65,
S0,1985,66+,
S0,1985,15-26,
S0,1985,27-45,
S0,1985,46-65,
S0,1986,00-04,27360996.9989698
S0,1986,05-09,28325944.64405194
S0,1986,10-14,29244604.67369782
S0,1986,15-19,29818789.22623193
S0,1986,20-24,31229199.04391414
S0,1986,25-29,31758832.07129335
S0,1986,30-34,29973068.34121238
S0,1986,35-39,27897840.04874128
S0,1986,40-44,25761986.81278906
S0,1986,45-49,23293580.61574398
S0,1986,50-54,20848952.04526892
S0,1986,55-59,17696424.13889433
S0,1986,60-64,14244772.07642705
S0,1986,65-69,10843250.78072821
S0,1986,70-74,8241792.0487141255
S0,1986,75+,11509972.200389935
S0,1986,0-8,
S0,1986,9-14,
S0,1986,0-17,
S0,1986,18-29,
S0,1986,30-65,
S0,1986,66+,
S0,1986,15-26,
S0,1986,27-45,
S0,1986,46-65,
S0,1987,00-04,28004358.00633175
S0,1987,05-09,28991995.23721426
S0,1987,10-14,29932256.45493519
S0,1987,15-19,30519942.26811942
S0,1987,20-24,31963516.17997302
S0,1987,25-29,32505602.89235647
S0,1987,30-34,30677849.07133186
S0,1987,35-39,28553824.27613096
S0,1987,40-44,26367749.01466149
S0,1987,45-49,23841301.2083297
S0,1987,50-54,21339190.13092019
S0,1987,55-59,18112534.31430687
S0,1987,60-64,14579720.79606167
S0,1987,65-69,11098216.80940144
S0,1987,70-74,8435587.897422712
S0,1987,75+,11780615.383086449
S0,1987,0-8,
S0,1987,9-14,
S0,1987,0-17,
S0,1987,18-29,
S0,1987,30-65,
S0,1987,66+,
S0,1987,15-26,
S0,1987,27-45,
S0,1987,46-65,
S0,1988,00-04,28649799.920279875
S0,1988,05-09,29660200.12485538
S0,1988,10-14,30622132.39819701
S0,1988,15-19,31223363.14092312
S0,1988,20-24,32700208.41391209
S0,1988,25-29,33254789.09188073
S0,1988,30-34,31384909.365873717
S0,1988,35-39,29211930.23903708
S0,1988,40-44,26975470.512389794
S0,1988,45-49,24390793.36520896
S0,1988,50-54,21831013.857680514
S0,1988,55-59,18529990.36924068
S0,1988,60-64,14915752.88411424
S0,1988,65-69,11354007.50802241
S0,1988,70-74,8630010.565371722
S0,1988,75+,12052133.942398781
S0,1988,0-8,
S0,1988,9-14,
S0,1988,0-17,
S0,1988,18-29,
S0,1988,30-65,
S0,1988,66+,
S0,1988,15-26,
S0,1988,27-45,
S0,1988,46-65,
S0,1989,00-04,29304728.41610211
S0,1989,05-09,30338226.16020676
S0,1989,10-14,31322148.00620214
S0,1989,15-19,31937122.75925544
S0,1989,20-24,33447728.40948586
S0,1989,25-29,34014986.68695763
S0,1989,30-34,32102361.897469193
S0,1989,35-39,29879708.917588115
S0,1989,40-44,27592124.18452488
S0,1989,45-49,24948361.85277383
S0,1989,50-54,22330066.31556397
S0,1989,55-59,18953582.11347261
S0,1989,60-64,15256723.90756401
S0,1989,65-69,11613557.76943697
S0,1989,70-74,8827290.820530083
S0,1989,75+,12327643.229594745
S0,1989,0-8,
S0,1989,9-14,
S0,1989,0-17,
S0,1989,18-29,
S0,1989,30-65,
S0,1989,66+,
S0,1989,15-26,
S0,1989,27-45,
S0,1989,46-65,
S0,1990,00-04,29969591.59312952
S0,1990,05-09,31026537.245839193
S0,1990,10-14,32032782.226694815
S0,1990,15-19,32661709.47445478
S0,1990,20-24,34206587.61674133
S0,1990,25-29,34786715.80159459
S0,1990,30-34,32830697.5441325
S0,1990,35-39,30557617.20315633
S0,1990,40-44,28218131.94292396
S0,1990,45-49,25514388.15704596
S0,1990,50-54,22836688.95416999
S0,1990,55-59,19383599.36669817
S0,1990,60-64,15602867.15735571
S0,1990,65-69,11877045.17684581
S0,1990,70-74,9027563.641221289
S0,1990,75+,12607331.746973574
S0,1990,0-8,
S0,1990,9-14,
S0,1990,0-17,
S0,1990,18-29,
S0,1990,30-65,
S0,1990,66+,
S0,1990,15-26,
S0,1990,27-45,
S0,1990,46-65,
S0,1991,00-04,30639923.97475951
S0,1991,05-09,31720510.41998492
S0,1991,10-14,32749262.16715479
S0,1991,15-19,33392256.68368461
S0,1991,20-24,34971689.24561445
S0,1991,25-29,35564793.20648371
S0,1991,30-34,33565024.52376267
S0,1991,35-39,31241102.00317694
S0,1991,40-44,28849289.278908
S0,1991,45-49,26085070.627842985
S0,1991,50-54,23347479.10116356
S0,1991,55-59,19817153.96778987
S0,1991,60-64,15951857.80240155
S0,1991,65-69,12142700.04756308
S0,1991,70-74,9229483.918217106
S0,1991,75+,12889320.99896877
S0,1991,0-8,
S0,1991,9-14,
S0,1991,0-17,
S0,1991,18-29,
S0,1991,30-65,
S0,1991,66+,
S0,1991,15-26,
S0,1991,27-45,
S0,1991,46-65,
S0,1992,00-04,31303588.52233026
S0,1992,05-09,32407580.603773065
S0,1992,10-14,33458615.24118151
S0,1992,15-19,34115537.09856423
S0,1992,20-24,35729180.36537359
S0,1992,25-29,36335131.03148197
S0,1992,30-34,34292047.11145298
S0,1992,35-39,31917788.14128975
S0,1992,40-44,29474168.45722439
S0,1992,45-49,26650076.48787186
S0,1992,50-54,23853188.38971649
S0,1992,55-59,20246395.97677813
S0,1992,60-64,16297377.01779076
S0,1992,65-69,12405712.43427761
S0,1992,70-74,9429395.682813551
S0,1992,75+,13168505.287948139
S0,1992,0-8,
S0,1992,9-14,
S0,1992,0-17,
S0,1992,18-29,
S0,1992,30-65,
S0,1992,66+,
S0,1992,15-26,
S0,1992,27-45,
S0,1992,46-65,
S0,1993,00-04,31975838.95761803
S0,1993,05-09,33103539.47609114
S0,1993,10-14,34177145.27948575
S0,1993,15-19,34848174.65697788
S0,1993,20-24,36496471.21562112
S0,1993,25-29,37115434.78594537
S0,1993,30-34,35028475.2555023
S0,1993,35-39,32603228.628603175
S0,1993,40-44,30107131.75346054
S0,1993,45-49,27222391.8793371
S0,1993,50-54,24365440.08464755
S0,1993,55-59,20681191.12809724
S0,1993,60-64,16647366.24622837
S0,1993,65-69,12672127.435805272
S0,1993,70-74,9631893.723820899
S0,1993,75+,13451301.40908923
S0,1993,0-8,
S0,1993,9-14,
S0,1993,0-17,
S0,1993,18-29,
S0,1993,30-65,
S0,1993,66+,
S0,1993,15-26,
S0,1993,27-45,
S0,1993,46-65,
S0,1994,00-04,32645521.74023392
S0,1994,05-09,33796840.14163951
S0,1994,10-14,34892930.9007159
S0,1994,15-19,35578013.91480945
S0,1994,20-24,37260831.40744387
S0,1994,25-29,37892758.17934862
S0,1994,30-34,35762090.62087204
S0,1994,35-39,33286051.083995335
S0,1994,40-44,30737677.45379275
S0,1994,45-49,27792521.318861052
S0,1994,50-54,24875735.24022345
S0,1994,55-59,21114325.58442323
S0,1994,60-64,16996018.69490303
S0,1994,65-69,12937524.86835182
S0,1994,70-74,9833618.325929966
S0,1994,75+,13733017.393754527
S0,1994,0-8,
S0,1994,9-14,
S0,1994,0-17,
S0,1994,18-29,
S0,1994,30-65,
S0,1994,66+,
S0,1994,15-26,
S0,1994,27-45,
S0,1994,46-65,
S0,1995,00-04,33304781.57289134
S0,1995,05-09,34479350.26824797
S0,1995,10-14,35597576.02691653
S0,1995,15-19,36296493.94666183
S0,1995,20-24,38013295.08910324
S0,1995,25-29,38657983.30318104
S0,1995,30-34,36484287.98888464
S0,1995,35-39,33958246.08342203
S0,1995,40-44,31358409.334131785
S0,1995,45-49,28353777.2577183
S0,1995,50-54,25378088.15656506
S0,1995,55-59,21540718.73145955
S0,1995,60-64,17339244.71315455
S0,1995,65-69,13198791.65243261
S0,1995,70-74,10032203.28418412
S0,1995,75+,14010348.747835176
S0,1995,0-8,
S0,1995,9-14,
S0,1995,0-17,
S0,1995,18-29,
S0,1995,30-65,
S0,1995,66+,
S0,1995,15-26,
S0,1995,27-45,
S0,1995,46-65,
S0,1996,00-04,33976295.18206222
S0,1996,05-09,35174546.32860417
S0,1996,10-14,36315318.51393007
S0,1996,15-19,37028328.49111086
S0,1996,20-24,38779744.94333494
S0,1996,25-29,39437431.7987183
S0,1996,30-34,37219908.96426397
S0,1996,35-39,34642935.28754378
S0,1996,40-44,31990678.865272038
S0,1996,45-49,28925465.357767425
S0,1996,50-54,25889778.393433124
S0,1996,55-59,21975037.32165475
S0,1996,60-64,17688850.33276038
S0,1996,65-69,13464914.64740922
S0,1996,70-74,10234479.37539805
S0,1996,75+,14292834.907752203
S0,1996,0-8,
S0,1996,9-14,
S0,1996,0-17,
S0,1996,18-29,
S0,1996,30-65,
S0,1996,66+,
S0,1996,15-26,
S0,1996,27-45,
S0,1996,46-65,
S0,1997,00-04,34650061.03418164
S0,1997,05-09,35872074.06236716
S0,1997,10-14,37035468.29460551
S0,1997,15-19,37762617.59369504
S0,1997,20-24,39548765.45474475
S0,1997,25-29,40219494.54861144
S0,1997,30-34,37957997.19739052
S0,1997,35-39,35329920.92529081
S0,1997,40-44,32625069.015523575
S0,1997,45-49,29499070.888043635
S0,1997,50-54,26403184.82891887
S0,1997,55-59,22410812.60754282
S0,1997,60-64,18039628.52248359
S0,1997,65-69,13731930.21348296
S0,1997,70-74,10437433.89649617
S0,1997,75+,14576268.520487817
S0,1997,0-8,
S0,1997,9-14,
S0,1997,0-17,
S0,1997,18-29,
S0,1997,30-65,
S0,1997,66+,
S0,1997,15-26,
S0,1997,27-45,
S0,1997,46-65,
S0,1998,00-04,35325986.75408006
S0,1998,05-09,36571837.83654741
S0,1998,10-14,37757926.63440791
S0,1998,15-19,38499260.58133905
S0,1998,20-24,40320251.18848477
S0,1998,25-29,41004064.3298855
S0,1998,30-34,38698451.4943177
S0,1998,35-39,36019108.80902424
S0,1998,40-44,33261492.80823492
S0,1998,45-49,30074515.20563561
S0,1998,50-54,26918237.07357416
S0,1998,55-59,22847984.843121834
S0,1998,60-64,18391531.18966017
S0,1998,65-69,13999801.74207816
S0,1998,70-74,10641039.02184997
S0,1998,75+,14860610.726506554
S0,1998,0-8,
S0,1998,9-14,
S0,1998,0-17,
S0,1998,18-29,
S0,1998,30-65,
S0,1998,66+,
S0,1998,15-26,
S0,1998,27-45,
S0,1998,46-65,
S0,1999,00-04,36004449.89082171
S0,1999,05-09,37274228.51533362
S0,1999,10-14,38483097.07393662
S0,1999,15-19,39238668.91770301
S0,1999,20-24,41094633.07018524
S0,1999,25-29,41791579.37647361
S0,1999,30-34,39441685.447573
S0,1999,35-39,36710883.89560086
S0,1999,40-44,33900305.72804044
S0,1999,45-49,30652119.734121814
S0,1999,50-54,27435222.81802427
S0,1999,55-59,23286798.21789896
S0,1999,60-64,18744754.89512334
S0,1999,65-69,14268678.857098728
S0,1999,70-74,10845408.4783414
S0,1999,75+,15146020.349671237
S0,1999,0-8,
S0,1999,9-14,
S0,1999,0-17,
S0,1999,18-29,
S0,1999,30-65,
S0,1999,66+,
S0,1999,15-26,
S0,1999,27-45,
S0,1999,46-65,
S0,2000,00-04,36683011.78343536
S0,2000,05-09,37976721.43284175
S0,2000,10-14,39208373.06796818
S0,2000,15-19,39978184.88101243
S0,2000,20-24,41869127.66951746
S0,2000,25-29,42579209.0523333
S0,2000,30-34,40185027.58462367
S0,2000,35-39,37402759.67571297
S0,2000,40-44,34539211.6323038
S0,2000,45-49,31229808.33768267
S0,2000,50-54,27952283.81398803
S0,2000,55-59,23725675.46556044
S0,2000,60-64,19098030.01519277
S0,2000,65-69,14537595.109387789
S0,2000,70-74,11049807.68248276
S0,2000,75+,15431471.516546534
S0,2000,0-8,
S0,2000,9-14,
S0,2000,0-17,
S0,2000,18-29,
S0,2000,30-65,
S0,2000,66+,
S0,2000,15-26,
S0,2000,27-45,
S0,2000,46-65,
S0,2001,00-04,37372189.13470071
S0,2001,05-09,38690204.18723887
S0,2001,10-14,39944995.31856013
S0,2001,15-19,40729269.87172559
S0,2001,20-24,42655738.50391188
S0,2001,25-29,43379160.44909707
S0,2001,30-34,40939998.60594536
S0,2001,35-39,38105459.19764704
S0,2001,40-44,35188112.61480964
S0,2001,45-49,31816534.332749613
S0,2001,50-54,28477433.73991207
S0,2001,55-59,24171418.53242933
S0,2001,60-64,19456831.79019315
S0,2001,65-69,14810718.30195456
S0,2001,70-74,11257404.51873936
S0,2001,75+,15721388.296790369
S0,2001,0-8,
S0,2001,9-14,
S0,2001,0-17,
S0,2001,18-29,
S0,2001,30-65,
S0,2001,66+,
S0,2001,15-26,
S0,2001,27-45,
S0,2001,46-65,
S0,2002,00-04,38072873.14022912
S0,2002,05-09,39415599.40417185
S0,2002,10-14,40693916.37372611
S0,2002,15-19,41492895.140053
S0,2002,20-24,43455482.76309797
S0,2002,25-29,44192468.00757
S0,2002,30-34,41707574.78688965
S0,2002,35-39,38819891.1429332
S0,2002,40-44,35847847.78860593
S0,2002,45-49,32413056.4320559
S0,2002,50-54,29011351.68269385
S0,2002,55-59,24624603.82204568
S0,2002,60-64,19821624.19730923
S0,2002,65-69,15088401.618475359
S0,2002,70-74,11468467.43671866
S0,2002,75+,16016145.590363884
S0,2002,0-8,
S0,2002,9-14,
S0,2002,0-17,
S0,2002,18-29,
S0,2002,30-65,
S0,2002,66+,
S0,2002,15-26,
S0,2002,27-45,
S0,2002,46-65,
S0,2003,00-04,38746045.0794649
S0,2003,05-09,40112512.2793657
S0,2003,10-14,41413431.3548914
S0,2003,15-19,42226536.97956059
S0,2003,20-24,44223825.396298185
S0,2003,25-29,44973841.38274713
S0,2003,30-34,42445012.40807212
S0,2003,35-39,39506271.21478542
S0,2003,40-44,36481678.73497039
S0,2003,45-49,32986156.33903064
S0,2003,50-54,29524305.55933351
S0,2003,55-59,25059994.97959623
S0,2003,60-64,20172093.18215731
S0,2003,65-69,15355181.81497031
S0,2003,70-74,11671243.05693527
S0,2003,75+,16299329.361298045
S0,2003,0-8,
S0,2003,9-14,
S0,2003,0-17,
S0,2003,18-29,
S0,2003,30-65,
S0,2003,66+,
S0,2003,15-26,
S0,2003,27-45,
S0,2003,46-65,
S0,2004,00-04,39413650.00082987
S0,2004,05-09,40803661.80317115
S0,2004,10-14,42126996.06908178
S0,2004,15-19,42954111.7253685
S0,2004,20-24,44985813.96611486
S0,2004,25-29,45748752.93251255
S0,2004,30-34,43176351.54508363
S0,2004,35-39,40186975.03974814
S0,2004,40-44,37110268.00680886
S0,2004,45-49,33554516.80688448
S0,2004,50-54,30033017.39433162
S0,2004,55-59,25491785.52604936
S0,2004,60-64,20519663.84788645
S0,2004,65-69,15619755.78444521
S0,2004,70-74,11872341.75713232
S0,2004,75+,16580171.250431094
S0,2004,0-8,
S0,2004,9-14,
S0,2004,0-17,
S0,2004,18-29,
S0,2004,30-65,
S0,2004,66+,
S0,2004,15-26,
S0,2004,27-45,
S0,2004,46-65,
S0,2005,00-04,40087879.03394072
S0,2005,05-09,41501669.05305424
S0,2005,10-14,42847640.91742551
S0,2005,15-19,43688905.6157116
S0,2005,20-24,45755363.1414244
S0,2005,25-29,46531353.31220501
S0,2005,30-34,43914947.17768512
S0,2005,35-39,40874432.94644109
S0,2005,40-44,37745094.2691872
S0,2005,45-49,34128516.66284126
S0,2005,50-54,30546776.77157162
S0,2005,55-59,25927860.38608224
S0,2005,60-64,20870683.18041791
S0,2005,65-69,15886954.91062999
S0,2005,70-74,12075435.79951368
S0,2005,75+,16863799.70987992
S0,2005,0-8,
S0,2005,9-14,
S0,2005,0-17,
S0,2005,18-29,
S0,2005,30-65,
S0,2005,66+,
S0,2005,15-26,
S0,2005,27-45,
S0,2005,46-65,
S0,2006,00-04,40722285.88554314
S0,2006,05-09,42158449.70183595
S0,2006,10-14,43525722.11373927
S0,2006,15-19,44380300.16512522
S0,2006,20-24,46479460.21450479
S0,2006,25-29,47267730.74266479
S0,2006,30-34,44609918.92597079
S0,2006,35-39,41521287.33089557
S0,2006,40-44,38342425.60713299
S0,2006,45-49,34668614.20174081
S0,2006,50-54,31030191.83231473
S0,2006,55-59,26338179.232394762
S0,2006,60-64,21200970.15808691
S0,2006,65-69,16138372.37868483
S0,2006,70-74,12266534.44059696
S0,2006,75+,17130676.140806604
S0,2006,0-8,
S0,2006,9-14,
S0,2006,0-17,
S0,2006,18-29,
S0,2006,30-65,
S0,2006,66+,
S0,2006,15-26,
S0,2006,27-45,
S0,2006,46-65,
S0,2007,00-04,41365871.95768239
S0,2007,05-09,42824733.29719561
S0,2007,10-14,44213614.45384362
S0,2007,15-19,45081698.48897946
S0,2007,20-24,47214034.23421188
S0,2007,25-29,48014762.80400608
S0,2007,30-34,45314946.20711877
S0,2007,35-39,42177501.03900038
S0,2007,40-44,38948399.72072138
S0,2007,45-49,35216526.40154515
S0,2007,50-54,31520601.41627613
S0,2007,55-59,26754434.97420453
S0,2007,60-64,21536036.0516847
S0,2007,65-69,16393427.601250462
S0,2007,70-74,12460398.08424342
S0,2007,75+,17401414.001680583
S0,2007,0-8,
S0,2007,9-14,
S0,2007,0-17,
S0,2007,18-29,
S0,2007,30-65,
S0,2007,66+,
S0,2007,15-26,
S0,2007,27-45,
S0,2007,46-65,
S0,2008,00-04,41974578.42743982
S0,2008,05-09,43454907.18184882
S0,2008,10-14,44864225.98203643
S0,2008,15-19,45745084.034580156
S0,2008,20-24,47908797.49536386
S0,2008,25-29,48721308.93441445
S0,2008,30-34,45981764.03610595
S0,2008,35-39,42798150.781060815
S0,2008,40-44,39521532.63862424
S0,2008,45-49,35734744.11214808
S0,2008,50-54,31984432.90597278
S0,2008,55-59,27148131.44167324
S0,2008,60-64,21852942.8121901
S0,2008,65-69,16634659.92563104
S0,2008,70-74,12643755.15060459
S0,2008,75+,17657479.03269426
S0,2008,0-8,
S0,2008,9-14,
S0,2008,0-17,
S0,2008,18-29,
S0,2008,30-65,
S0,2008,66+,
S0,2008,15-26,
S0,2008,27-45,
S0,2008,46-65,
S0,2009,00-04,42581213.99671264
S0,2009,05-09,44082937.13101266
S0,2009,10-14,45512624.04315442
S0,2009,15-19,46406212.65419743
S0,2009,20-24,48601197.07936484
S0,2009,25-29,49425451.30078121
S0,2009,30-34,46646313.26202446
S0,2009,35-39,43416688.99003351
S0,2009,40-44,40092715.68200395
S0,2009,45-49,36251198.77707736
S0,2009,50-54,32446686.37916308
S0,2009,55-59,27540488.501322635
S0,2009,60-64,22168771.41368698
S0,2009,65-69,16875071.54551399
S0,2009,70-74,12826488.41180439
S0,2009,75+,17912672.896366708
S0,2009,0-8,
S0,2009,9-14,
S0,2009,0-17,
S0,2009,18-29,
S0,2009,30-65,
S0,2009,66+,
S0,2009,15-26,
S0,2009,27-45,
S0,2009,46-65,
S0,2010,00-04,43215676.02688967
S0,2010,05-09,44739774.9043666
S0,2010,10-14,46190764.2166904
S0,2010,15-19,47097667.33878398
S0,2010,20-24,49325357.13197367
S0,2010,25-29,50161892.77887363
S0,2010,30-34,47341345.456615776
S0,2010,35-39,44063599.63570715
S0,2010,40-44,40690098.97382081
S0,2010,45-49,36791343.29184462
S0,2010,50-54,32930143.48572258
S0,2010,55-59,27950843.03578857
S0,2010,60-64,22499087.11860662
S0,2010,65-69,17126510.88101476
S0,2010,70-74,13017603.67400485
S0,2010,75+,18179572.539307922
S0,2010,0-8,
S0,2010,9-14,
S0,2010,0-17,
S0,2010,18-29,
S0,2010,30-65,
S0,2010,66+,
S0,2010,15-26,
S0,2010,27-45,
S0,2010,46-65,
S0,2011,00-04,43849513.25578254
S0,2011,05-09,45395965.84140137
S0,2011,10-14,46868236.57587171
S0,2011,15-19,47788441.09724051
S0,2011,20-24,50048804.05107842
S0,2011,25-29,50897609.02904175
S0,2011,30-34,48035693.20204065
S0,2011,35-39,44709873.22103217
S0,2011,40-44,41286893.97850607
S0,2011,45-49,37330955.88670117
S0,2011,50-54,33413124.49661892
S0,2011,55-59,28360793.4640545
S0,2011,60-64,22829077.53743065
S0,2011,65-69,17377702.60576463
S0,2011,70-74,13208530.73099276
S0,2011,75+,18446209.34659986
S0,2011,0-8,
S0,2011,9-14,
S0,2011,0-17,
S0,2011,18-29,
S0,2011,30-65,
S0,2011,66+,
S0,2011,15-26,
S0,2011,27-45,
S0,2011,46-65,
S0,2012,00-04,44470251.33759545
S0,2012,05-09,46038595.660210565
S0,2012,10-14,47531708.00599581
S0,2012,15-19,48464939.03432122
S0,2012,20-24,50757299.9115108
S0,2012,25-29,51618120.65737515
S0,2012,30-34,48715691.26457002
S0,2012,35-39,45342790.64429826
S0,2012,40-44,41871355.36631522
S0,2012,45-49,37859416.62044255
S0,2012,50-54,33886124.01856165
S0,2012,55-59,28762271.684140496
S0,2012,60-64,23152248.23530092
S0,2012,65-69,17623703.09655447
S0,2012,70-74,13395512.00902193
S0,2012,75+,18707335.72535202
S0,2012,0-8,
S0,2012,9-14,
S0,2012,0-17,
S0,2012,18-29,
S0,2012,30-65,
S0,2012,66+,
S0,2012,15-26,
S0,2012,27-45,
S0,2012,46-65,
S0,2013,00-04,45108603.74638819
S0,2013,05-09,46695645.57292831
S0,2013,10-14,48208399.474309996
S0,2013,15-19,49147134.88120954
S0,2013,20-24,51468079.32357386
S0,2013,25-29,52333803.72608162
S0,2013,30-34,49378835.65120704
S0,2013,35-39,45950422.14630903
S0,2013,40-44,42429720.04559071
S0,2013,45-49,38364061.69836552
S0,2013,50-54,34335742.1027732
S0,2013,55-59,29141296.44692592
S0,2013,60-64,23455960.522652537
S0,2013,65-69,17854372.44399215
S0,2013,70-74,13570963.45863171
S0,2013,75+,18949145.81202605
S0,2013,0-8,
S0,2013,9-14,
S0,2013,0-17,
S0,2013,18-29,
S0,2013,30-65,
S0,2013,66+,
S0,2013,15-26,
S0,2013,27-45,
S0,2013,46-65,
S0,2014,00-04,45747628.30109741
S0,2014,05-09,47353385.29675798
S0,2014,10-14,48885818.83556797
S0,2014,15-19,49830038.93140941
S0,2014,20-24,52179608.83341429
S0,2014,25-29,53050236.05008417
S0,2014,30-34,50042671.00345777
S0,2014,35-39,46558752.41695346
S0,2014,40-44,42988758.54118331
S0,2014,45-49,38869336.6156051
S0,2014,50-54,34785923.28062257
S0,2014,55-59,29520803.67731705
S0,2014,60-64,23760071.009565473
S0,2014,65-69,18085351.32057483
S0,2014,70-74,13746653.36249366
S0,2014,75+,19191275.68452732
S0,2014,0-8,
S0,2014,9-14,
S0,2014,0-17,
S0,2014,18-29,
S0,2014,30-65,
S0,2014,66+,
S0,2014,15-26,
S0,2014,27-45,
S0,2014,46-65,
S0,2015,00-04,46387056.145969
S0,2015,05-09,48011601.06885906
S0,2015,10-14,49563772.58604585
S0,2015,15-19,50513514.758561715
S0,2015,20-24,52891723.45378089
S0,2015,25-29,53767304.93031629
S0,2015,30-34,50707185.10974945
S0,2015,35-39,47167794.71411351
S0,2015,40-44,43548491.39788702
S0,2015,45-49,39375256.28584379
S0,2015,50-54,35236701.05029693
S0,2015,55-59,29900839.28610763
S0,2015,60-64,24064620.02581288
S0,2015,65-69,18316673.72885732
S0,2015,70-74,13922599.698266272
S0,2015,75+,19433765.51981054
S0,2015,0-8,
S0,2015,9-14,
S0,2015,0-17,
S0,2015,18-29,
S0,2015,30-65,
S0,2015,66+,
S0,2015,15-26,
S0,2015,27-45,
S0,2015,46-65,
S0,2016,00-04,47009601.29056149
S0,2016,05-09,48652459.46896984
S0,2016,10-14,50223806.20771295
S0,2016,15-19,51178765.56573182
S0,2016,20-24,53584945.12398696
S0,2016,25-29,54465339.58684477
S0,2016,30-34,51354025.40906696
S0,2016,35-39,47760650.98875472
S0,2016,40-44,44093375.77854155
S0,2016,45-49,39867753.33390496
S0,2016,50-54,35675455.96135639
S0,2016,55-59,30270735.22623975
S0,2016,60-64,24361052.90034913
S0,2016,65-69,18541836.64409292
S0,2016,70-74,14093824.16899399
S0,2016,75+,19669659.66104235
S0,2016,0-8,
S0,2016,9-14,
S0,2016,0-17,
S0,2016,18-29,
S0,2016,30-65,
S0,2016,66+,
S0,2016,15-26,
S0,2016,27-45,
S0,2016,46-65,
S0,2017,00-04,47597547.62597828
S0,2017,05-09,49257773.76171099
S0,2017,10-14,50847144.96851222
S0,2017,15-19,51806779.08572506
S0,2017,20-24,54239545.72660783
S0,2017,25-29,55124457.3728985
S0,2017,30-34,51964708.05029766
S0,2017,35-39,48320250.34291609
S0,2017,40-44,44607672.42185643
S0,2017,45-49,40332566.98681501
S0,2017,50-54,36089415.81226434
S0,2017,55-59,30619701.71910794
S0,2017,60-64,24640717.082278
S0,2017,65-69,18754262.25201868
S0,2017,70-74,14255288.24773803
S0,2017,75+,19891958.227309268
S0,2017,0-8,
S0,2017,9-14,
S0,2017,0-17,
S0,2017,18-29,
S0,2017,30-65,
S0,2017,66+,
S0,2017,15-26,
S0,2017,27-45,
S0,2017,46-65,
S0,2018,00-04,48185624.44484559
S0,2018,05-09,49863245.07444194
S0,2018,10-14,51470674.6358455
S0,2018,15-19,52434983.24352618
S0,2018,20-24,54894357.62940729
S0,2018,25-29,55783801.18950969
S0,2018,30-34,52575648.58499675
S0,2018,35-39,48880200.41446754
S0,2018,40-44,45122346.61290013
S0,2018,45-49,40797753.13633601
S0,2018,50-54,36503721.44839823
S0,2018,55-59,30968983.073089823
S0,2018,60-64,24920653.05957304
S0,2018,65-69,18966906.76117956
S0,2018,70-74,14416918.17233176
S0,2018,75+,20114487.55472623
S0,2018,0-8,
S0,2018,9-14,
S0,2018,0-17,
S0,2018,18-29,
S0,2018,30-65,
S0,2018,66+,
S0,2018,15-26,
S0,2018,27-45,
S0,2018,46-65,
S0,2019,00-04,48774784.15217724
S0,2019,05-09,50469862.027945384
S0,2019,10-14,52095416.18796512
S0,2019,15-19,53064431.05799347
S0,2019,20-24,55550425.32188067
S0,2019,25-29,56444414.77025359
S0,2019,30-34,53187789.05562879
S0,2019,35-39,49441313.64961186
S0,2019,40-44,45638124.95457673
S0,2019,45-49,41263943.64337344
S0,2019,50-54,36918919.17726825
S0,2019,55-59,31319021.84383234
S0,2019,60-64,25201202.69038791
S0,2019,65-69,19180016.56445133
S0,2019,70-74,14578889.21234804
S0,2019,75+,20337458.21813853
S0,2019,0-8,
S0,2019,9-14,
S0,2019,0-17,
S0,2019,18-29,
S0,2019,30-65,
S0,2019,66+,
S0,2019,15-26,
S0,2019,27-45,
S0,2019,46-65,
S0,2020,00-04,49364497.86978125
S0,2020,05-09,51077093.50616445
S0,2020,10-14,52720839.84396002
S0,2020,15-19,53694584.63782907
S0,2020,20-24,56207268.95193532
S0,2020,25-29,57105867.85677715
S0,2020,30-34,53800805.99862477
S0,2020,35-39,50003375.04527389
S0,2020,40-44,46154844.42572346
S0,2020,45-49,41731025.18733229
S0,2020,50-54,37334942.25888407
S0,2020,55-59,31669790.77105924
S0,2020,60-64,25482359.625914834
S0,2020,65-69,19393608.6958257
S0,2020,70-74,14741238.27777607
S0,2020,75+,20560970.045366284
S0,2020,0-8,
S0,2020,9-14,
S0,2020,0-17,
S0,2020,18-29,
S0,2020,30-65,
S0,2020,66+,
S0,2020,15-26,
S0,2020,27-45,
S0,2020,46-65,
S0,2021,00-04,49936789.41014617
S0,2021,05-09,51665770.95959793
S0,2021,10-14,53327156.72857442
S0,2021,15-19,54305941.25758326
S0,2021,20-24,56843979.897826776
S0,2021,25-29,57746411.86713499
S0,2021,30-34,54393808.96451659
S0,2021,35-39,50547194.1647391
S0,2021,40-44,46655165.19914797
S0,2021,45-49,42183379.57172604
S0,2021,50-54,37737755.12988637
S0,2021,55-59,32009362.27890758
S0,2021,60-64,25754563.53927411
S0,2021,65-69,19600386.99028574
S0,2021,70-74,14898385.660120588
S0,2021,75+,20777052.968667343
S0,2021,0-8,
S0,2021,9-14,
S0,2021,0-17,
S0,2021,18-29,
S0,2021,30-65,
S0,2021,66+,
S0,2021,15-26,
S0,2021,27-45,
S0,2021,46-65,
S0,2022,00-04,50473108.58880265
S0,2022,05-09,52216166.11286116
S0,2022,10-14,53894044.03291799
S0,2022,15-19,54878564.50496528
S0,2022,20-24,57439219.31773674
S0,2022,25-29,58343861.77639865
S0,2022,30-34,54945526.9093274
S0,2022,35-39,51053270.127305925
S0,2022,40-44,47121515.682686776
S0,2022,45-49,42605242.83185202
S0,2022,50-54,38113240.25790016
S0,2022,55-59,32325778.37374398
S0,2022,60-64,26008257.42996358
S0,2022,65-69,19793083.89592035
S0,2022,70-74,15044793.89495764
S0,2022,75+,20977830.448255282
S0,2022,0-8,
S0,2022,9-14,
S0,2022,0-17,
S0,2022,18-29,
S0,2022,30-65,
S0,2022,66+,
S0,2022,15-26,
S0,2022,27-45,
S0,2022,46-65,
S0,2023,00-04,51010091.09989662
S0,2023,05-09,52767260.04933964
S0,2023,10-14,54461693.80377597
S0,2023,15-19,55451910.55251614
S0,2023,20-24,58035212.15113201
S0,2023,25-29,58942115.460372925
S0,2023,30-34,55498069.92537119
S0,2023,35-39,51560222.1169225
S0,2023,40-44,47588739.03591327
S0,2023,45-49,43027926.00203574
S0,2023,50-54,38489483.70264307
S0,2023,55-59,32642861.08018426
S0,2023,60-64,26262498.95617681
S0,2023,65-69,19986210.49629923
S0,2023,70-74,15191526.00088709
S0,2023,75+,21179051.77814723
S0,2023,0-8,
S0,2023,9-14,
S0,2023,0-17,
S0,2023,18-29,
S0,2023,30-65,
S0,2023,66+,
S0,2023,15-26,
S0,2023,27-45,
S0,2023,46-65,
S0,2024,00-04,51548100.74251017
S0,2024,05-09,53319442.76186557
S0,2024,10-14,55030496.23041219
S0,2024,15-19,56026431.48617461
S0,2024,20-24,58632426.90146025
S0,2024,25-29,59541611.13972694
S0,2024,30-34,56051797.79529476
S0,2024,35-39,52068341.28889458
S0,2024,40-44,48057073.91703203
S0,2024,45-49,43451634.04588878
S0,2024,50-54,38866649.44050997
S0,2024,55-59,32960740.662465885
S0,2024,60-64,26517396.70712095
S0,2024,65-69,20179844.27878749
S0,2024,70-74,15338641.68867395
S0,2024,75+,21380793.140860472
S0,2024,0-8,
S0,2024,9-14,
S0,2024,0-17,
S0,2024,18-29,
S0,2024,30-65,
S0,2024,66+,
S0,2024,15-26,
S0,2024,27-45,
S0,2024,46-65,
S0,2025,00-04,52086690.84213822
S0,2025,05-09,53872269.90707219
S0,2025,10-14,55600004.75117146
S0,2025,15-19,56601705.23589223
S0,2025,20-24,59230425.70450575
S0,2025,25-29,60141922.564047635
S0,2025,30-34,56606330.05791998
S0,2025,35-39,52577318.95097136
S0,2025,40-44,48526244.36666322
S0,2025,45-49,43876117.9980687
S0,2025,50-54,39244510.11488482
S0,2025,55-59,33279216.03113497
S0,2025,60-64,26772783.52587092
S0,2025,65-69,20373856.14963809
S0,2025,70-74,15486042.52916171
S0,2025,75+,21582914.373877477
S0,2025,0-8,
S0,2025,9-14,
S0,2025,0-17,
S0,2025,18-29,
S0,2025,30-65,
S0,2025,66+,
S0,2025,15-26,
S0,2025,27-45,
S0,2025,46-65,
S0,2026,00-04,52604015.07920028
S0,2026,05-09,54402863.97765851
S0,2026,10-14,56146661.64631252
S0,2026,15-19,57154413.31643514
S0,2026,20-24,59804630.17648399
S0,2026,25-29,60717932.36902481
S0,2026,30-34,57138103.85016572
S0,2026,35-39,53065688.39372641
S0,2026,40-44,48976807.09907329
S0,2026,45-49,44283851.974888
S0,2026,50-54,39607388.22054417
S0,2026,55-59,33585060.57414995
S0,2026,60-64,27018091.04352687
S0,2026,65-69,20560222.31335476
S0,2026,70-74,15627610.23803437
S0,2026,75+,21776863.34158581
S0,2026,0-8,
S0,2026,9-14,
S0,2026,0-17,
S0,2026,18-29,
S0,2026,30-65,
S0,2026,66+,
S0,2026,15-26,
S0,2026,27-45,
S0,2026,46-65,
S0,2027,00-04,53077946.84809625
S0,2027,05-09,54888077.56026316
S0,2027,10-14,56646629.67497325
S0,2027,15-19,57660981.4847088
S0,2027,20-24,60330226.45565737
S0,2027,25-29,61244250.44928944
S0,2027,30-34,57623246.21035771
S0,2027,35-39,53511659.22136901
S0,2027,40-44,49388996.17847748
S0,2027,45-49,44657028.25102497
S0,2027,50-54,39939353.94573946
S0,2027,55-59,33864825.8471138
S0,2027,60-64,27242569.25326228
S0,2027,65-69,20730760.20936917
S0,2027,70-74,15757092.64004468
S0,2027,75+,21953857.737811215
S0,2027,0-8,
S0,2027,9-14,
S0,2027,0-17,
S0,2027,18-29,
S0,2027,30-65,
S0,2027,66+,
S0,2027,15-26,
S0,2027,27-45,
S0,2027,46-65,
S0,2028,00-04,53552343.4509556
S0,2028,05-09,55373770.36233806
S0,2028,10-14,57147126.31769805
S0,2028,15-19,58168103.971340194
S0,2028,20-24,60856362.22633189
S0,2028,25-29,61771130.47262737
S0,2028,30-34,58108963.51036657
S0,2028,35-39,53958266.08498153
S0,2028,40-44,49801834.52871341
S0,2028,45-49,45030818.70128523
S0,2028,50-54,40271886.77100459
S0,2028,55-59,34145095.04872537
S0,2028,60-64,27467466.42307227
S0,2028,65-69,20901633.44271138
S0,2028,70-74,15886827.8019996
S0,2028,75+,22131197.504888967
S0,2028,0-8,
S0,2028,9-14,
S0,2028,0-17,
S0,2028,18-29,
S0,2028,30-65,
S0,2028,66+,
S0,2028,15-26,
S0,2028,27-45,
S0,2028,46-65,
S0,2029,00-04,54027714.25146119
S0,2029,05-09,55860549.105949566
S0,2029,10-14,57648794.67574057
S0,2029,15-19,58676438.56540366
S0,2029,20-24,61383784.63497362
S0,2029,25-29,62299341.66607033
S0,2029,30-34,58595981.659725696
S0,2029,35-39,54406187.42380776
S0,2029,40-44,50215923.23635944
S0,2029,45-49,45405758.11486226
S0,2029,50-54,40605448.8497152
S0,2029,55-59,34426244.60139035
S0,2029,60-64,27693085.413378
S0,2029,65-69,21073059.575252675
S0,2029,70-74,16016982.30895567
S0,2029,75+,22309111.43985901
S0,2029,0-8,
S0,2029,9-14,
S0,2029,0-17,
S0,2029,18-29,
S0,2029,30-65,
S0,2029,66+,
S0,2029,15-26,
S0,2029,27-45,
S0,2029,46-65,
S0,2030,00-04,54504151.48476468
S0,2030,05-09,56348459.341374844
S0,2030,10-14,58151662.76084703
S0,2030,15-19,59185946.76305161
S0,2030,20-24,61912408.24470118
S0,2030,25-29,62828781.62181151
S0,2030,30-34,59084178.085981
S0,2030,35-39,54855311.32909107
S0,2030,40-44,50631166.98947272
S0,2030,45-49,45781766.21753033
S0,2030,50-54,40939969.12342118
S0,2030,55-59,34708213.16977666
S0,2030,60-64,27919377.68695633
S0,2030,65-69,21245005.05984495
S0,2030,70-74,16147523.918320403
S0,2030,75+,22487541.00486624
S0,2030,0-8,
S0,2030,9-14,
S0,2030,0-17,
S0,2030,18-29,
S0,2030,30-65,
S0,2030,66+,
S0,2030,15-26,
S0,2030,27-45,
S0,2030,46-65,
S0,2031,00-04,54957804.31001908
S0,2031,05-09,56812954.26173067
S0,2031,10-14,58630494.97379401
S0,2031,15-19,59671190.46823862
S0,2031,20-24,62415828.30495014
S0,2031,25-29,63332868.91931292
S0,2031,30-34,59548977.984052986
S0,2031,35-39,55283171.2456337
S0,2031,40-44,51027014.3654068
S0,2031,45-49,46140285.142351374
S0,2031,50-54,41258896.68276109
S0,2031,55-59,34977091.9223636
S0,2031,60-64,28135215.35499753
S0,2031,65-69,21409035.924756795
S0,2031,70-74,16272035.52103156
S0,2031,75+,22657611.858396247
S0,2031,0-8,
S0,2031,9-14,
S0,2031,0-17,
S0,2031,18-29,
S0,2031,30-65,
S0,2031,66+,
S0,2031,15-26,
S0,2031,27-45,
S0,2031,46-65,
S0,2032,00-04,55365649.63216871
S0,2032,05-09,57230348.25410673
S0,2032,10-14,59060918.36257993
S0,2032,15-19,60107477.94634421
S0,2032,20-24,62868414.93601461
S0,2032,25-29,63785747.357569546
S0,2032,30-34,59966388.89678326
S0,2032,35-39,55667743.85748547
S0,2032,40-44,51383231.97903274
S0,2032,45-49,46463031.41157008
S0,2032,50-54,41545890.07773446
S0,2032,55-59,35219115.44896969
S0,2032,60-64,28329584.450570114
S0,2032,65-69,21556784.68617247
S0,2032,70-74,16384120.949150562
S0,2032,75+,22810446.12907187
S0,2032,0-8,
S0,2032,9-14,
S0,2032,0-17,
S0,2032,18-29,
S0,2032,30-65,
S0,2032,66+,
S0,2032,15-26,
S0,2032,27-45,
S0,2032,46-65,
S0,2033,00-04,55773924.59245746
S0,2033,05-09,57648259.60578892
S0,2033,10-14,59491947.87743431
S0,2033,15-19,60544331.554085374
S0,2033,20-24,63321547.46612027
S0,2033,25-29,64239221.53979134
S0,2033,30-34,60384444.10917957
S0,2033,35-39,56053081.80034646
S0,2033,40-44,51740232.2955737
S0,2033,45-49,46786528.06396131
S0,2033,50-54,41833583.7218667
S0,2033,55-59,35461763.65426746
S0,2033,60-64,28524481.385591336
S0,2033,65-69,21704949.94679531
S0,2033,70-74,16496517.04018934
S0,2033,75+,22963691.76914623
S0,2033,0-8,
S0,2033,9-14,
S0,2033,0-17,
S0,2033,18-29,
S0,2033,30-65,
S0,2033,66+,
S0,2033,15-26,
S0,2033,27-45,
S0,2033,46-65,
S0,2034,00-04,56183270.42112027
S0,2034,05-09,58067307.47185572
S0,2034,10-14,59924179.65236925
S0,2034,15-19,60982501.76763863
S0,2034,20-24,63776096.6658708
S0,2034,25-29,64694155.99114697
S0,2034,30-34,60803908.0085839
S0,2034,35-39,56439804.6596314
S0,2034,40-44,52098559.37928592
S0,2034,45-49,47111244.80985625
S0,2034,50-54,42122375.88440917
S0,2034,55-59,35705352.97905984
S0,2034,60-64,28720142.64606321
S0,2034,65-69,21853708.54608465
S0,2034,70-74,16609369.91497255
S0,2034,75+,23117571.76307713
S0,2034,0-8,
S0,2034,9-14,
S0,2034,0-17,
S0,2034,18-29,
S0,2034,30-65,
S0,2034,66+,
S0,2034,15-26,
S0,2034,27-45,
S0,2034,46-65,
S0,2035,00-04,56593361.22269892
S0,2035,05-09,58487175.19908167
S0,2035,10-14,60357300.78241925
S0,2035,15-19,61421487.08661347
S0,2035,20-24,64231459.03727862
S0,2035,25-29,65149916.49023387
S0,2035,30-34,61224161.9716748
S0,2035,35-39,56827365.15138429
S0,2035,40-44,52457685.70393735
S0,2035,45-49,47436698.60835458
S0,2035,50-54,42411819.79284485
S0,2035,55-59,35949494.01021168
S0,2035,60-64,28916262.20471732
S0,2035,65-69,22002814.51590843
S0,2035,70-74,16722478.73313354
S0,2035,75+,23271789.50006107
S0,2035,0-8,
S0,2035,9-14,
S0,2035,0-17,
S0,2035,18-29,
S0,2035,30-65,
S0,2035,66+,
S0,2035,15-26,
S0,2035,27-45,
S0,2035,46-65,
S0,2036,00-04,57004419.50883731
S0,2036,05-09,58908082.65128961
S0,2036,10-14,60791548.07155777
S0,2036,15-19,61861640.36805944
S0,2036,20-24,64688037.621114165
S0,2036,25-29,65606962.25929007
S0,2036,30-34,61645717.82369037
S0,2036,35-39,57216283.67751061
S0,2036,40-44,52818156.85891189
S0,2036,45-49,47763411.12843183
S0,2036,50-54,42702422.466443
S0,2036,55-59,36194657.58327278
S0,2036,60-64,29113224.26418566
S0,2036,65-69,22152584.92703319
S0,2036,70-74,16836091.71348547
S0,2036,75+,23426690.931268416
S0,2036,0-8,
S0,2036,9-14,
S0,2036,0-17,
S0,2036,18-29,
S0,2036,30-65,
S0,2036,66+,
S0,2036,15-26,
S0,2036,27-45,
S0,2036,46-65,
S0,2037,00-04,57371221.6118958
S0,2037,05-09,59287134.11413778
S0,2037,10-14,61182718.929413274
S0,2037,15-19,62259696.86931254
S0,2037,20-24,65104280.93078369
S0,2037,25-29,66029118.5050572
S0,2037,30-34,62042384.94418922
S0,2037,35-39,57584449.04719478
S0,2037,40-44,53158021.92871612
S0,2037,45-49,48070750.80142753
S0,2037,50-54,42977196.5717026
S0,2037,55-59,36427556.65733436
S0,2037,60-64,29300556.96538545
S0,2037,65-69,22295128.51943233
S0,2037,70-74,16944425.66199335
S0,2037,75+,23577432.918913044
S0,2037,0-8,
S0,2037,9-14,
S0,2037,0-17,
S0,2037,18-29,
S0,2037,30-65,
S0,2037,66+,
S0,2037,15-26,
S0,2037,27-45,
S0,2037,46-65,
S0,2038,00-04,57722330.34302234
S0,2038,05-09,59649968.12474613
S0,2038,10-14,61557153.81517358
S0,2038,15-19,62640722.80102418
S0,2038,20-24,65502715.56100909
S0,2038,25-29,66433213.09053674
S0,2038,30-34,62422080.93883234
S0,2038,35-39,57936862.71853602
S0,2038,40-44,53483346.10875273
S0,2038,45-49,48364941.16105358
S0,2038,50-54,43240214.658675626
S0,2038,55-59,36650491.3070882
S0,2038,60-64,29479874.76773262
S0,2038,65-69,22431573.483733714
S0,2038,70-74,17048124.6181372
S0,2038,75+,23721725.515842255
S0,2038,0-8,
S0,2038,9-14,
S0,2038,0-17,
S0,2038,18-29,
S0,2038,30-65,
S0,2038,66+,
S0,2038,15-26,
S0,2038,27-45,
S0,2038,46-65,
S0,2039,00-04,58057882.58581829
S0,2039,05-09,59996726.13794517
S0,2039,10-14,61914998.70639797
S0,2039,15-19,63004866.71034549
S0,2039,20-24,65883496.84591402
S0,2039,25-29,66819403.5564483
S0,2039,30-34,62784953.83628021
S0,2039,35-39,58273662.083881065
S0,2039,40-44,53794256.23023216
S0,2039,45-49,48646096.90065807
S0,2039,50-54,43491579.26785675
S0,2039,55-59,36863548.44605995
S0,2039,60-64,29651247.58024507
S0,2039,65-69,22561973.01450765
S0,2039,70-74,17147229.01009583
S0,2039,75+,23859624.97611229
S0,2039,0-8,
S0,2039,9-14,
S0,2039,0-17,
S0,2039,18-29,
S0,2039,30-65,
S0,2039,66+,
S0,2039,15-26,
S0,2039,27-45,
S0,2039,46-65,
S0,2040,00-04,58378922.13323712
S0,2040,05-09,60328486.804164216
S0,2040,10-14,62257366.74115635
S0,2040,15-19,63353261.32952534
S0,2040,20-24,66247809.27116509
S0,2040,25-29,67188891.21464613
S0,2040,30-34,63132132.415080726
S0,2040,35-39,58595894.81557247
S0,2040,40-44,54091719.432551995
S0,2040,45-49,48915092.60351711
S0,2040,50-54,43732072.31208798
S0,2040,55-59,37067390.82511816
S0,2040,60-64,29815208.48752574
S0,2040,65-69,22686732.74191843
S0,2040,70-74,17242047.11912265
S0,2040,75+,23991560.259707768
S0,2040,0-8,
S0,2040,9-14,
S0,2040,0-17,
S0,2040,18-29,
S0,2040,30-65,
S0,2040,66+,
S0,2040,15-26,
S0,2040,27-45,
S0,2040,46-65,
S0,2041,00-04,58686201.77109496
S0,2041,05-09,60646028.04850899
S0,2041,10-14,62585060.71711816
S0,2041,15-19,63686723.58759887
S0,2041,20-24,66596507.09047835
S0,2041,25-29,67542542.4539305
S0,2041,30-34,63464430.75285107
S0,2041,35-39,58904316.49725051
S0,2041,40-44,54376433.21881218
S0,2041,45-49,49172559.02104854
S0,2041,50-54,43962257.70866248
S0,2041,55-59,37262496.42167373
S0,2041,60-64,29972141.95138439
S0,2041,65-69,22806145.20734908
S0,2041,70-74,17332801.27834813
S0,2041,75+,24117840.733530547
S0,2041,0-8,
S0,2041,9-14,
S0,2041,0-17,
S0,2041,18-29,
S0,2041,30-65,
S0,2041,66+,
S0,2041,15-26,
S0,2041,27-45,
S0,2041,46-65,
S0,2042,00-04,58978664.01807825
S0,2042,05-09,60948257.07506724
S0,2042,10-14,62896952.89845759
S0,2042,15-19,64004105.89760221
S0,2042,20-24,66928390.28477483
S0,2042,25-29,67879140.20837523
S0,2042,30-34,63780705.26817735
S0,2042,35-39,59197865.71733799
S0,2042,40-44,54647417.766494095
S0,2042,45-49,49417610.10064146
S0,2042,50-54,44181343.29068878
S0,2042,55-59,37448193.79350564
S0,2042,60-64,30121507.89631629
S0,2042,65-69,22919799.46117837
S0,2042,70-74,17419179.16370103
S0,2042,75+,24238031.812190313
S0,2042,0-8,
S0,2042,9-14,
S0,2042,0-17,
S0,2042,18-29,
S0,2042,30-65,
S0,2042,66+,
S0,2042,15-26,
S0,2042,27-45,
S0,2042,46-65,
S0,2043,00-04,59255656.27236873
S0,2043,05-09,61234499.48837665
S0,2043,10-14,63192347.32729727
S0,2043,15-19,64304700.05095553
S0,2043,20-24,67242718.28812417
S0,2043,25-29,68197933.39195521
S0,2043,30-34,64080250.22441871
S0,2043,35-39,59475887.44853905
S0,2043,40-44,54904068.39923232
S0,2043,45-49,49649699.03400944
S0,2043,50-54,44388840.18943031
S0,2043,55-59,37624068.57450765
S0,2043,60-64,30262973.02635504
S0,2043,65-69,23027441.89469792
S0,2043,70-74,17500988.03110712
S0,2043,75+,24351865.30067295
S0,2043,0-8,
S0,2043,9-14,
S0,2043,0-17,
S0,2043,18-29,
S0,2043,30-65,
S0,2043,66+,
S0,2043,15-26,
S0,2043,27-45,
S0,2043,46-65,
S0,2044,00-04,59516870.06492107
S0,2044,05-09,61504436.51806507
S0,2044,10-14,63470915.04123458
S0,2044,15-19,64588171.29464646
S0,2044,20-24,67539141.05297947
S0,2044,25-29,68498566.98453012
S0,2044,30-34,64362732.03698839
S0,2044,35-39,59738072.07534391
S0,2044,40-44,55146099.30118023
S0,2044,45-49,49868567.35814281
S0,2044,50-54,44584517.32849676
S0,2044,55-59,37789924.90387513
S0,2044,60-64,30396379.800584123
S0,2044,65-69,23128952.63322462
S0,2044,70-74,17578136.77511909
S0,2044,75+,24459214.42970251
S0,2044,0-8,
S0,2044,9-14,
S0,2044,0-17,
S0,2044,18-29,
S0,2044,30-65,
S0,2044,66+,
S0,2044,15-26,
S0,2044,27-45,
S0,2044,46-65,
S0,2045,00-04,59764461.05348717
S0,2045,05-09,61760295.81009603
S0,2045,10-14,63734954.91065501
S0,2045,15-19,64856858.96526951
S0,2045,20-24,67820104.79791382
S0,2045,25-29,68783521.95438255
S0,2045,30-34,64630481.87723484
S0,2045,35-39,59986583.26728047
S0,2045,40-44,55375507.82395117
S0,2045,45-49,50076021.27628583
S0,2045,50-54,44769989.52668298
S0,2045,55-59,37947131.50520654
S0,2045,60-64,30522829.153775044
S0,2045,65-69,23225169.39060302
S0,2045,70-74,17651262.06306778
S0,2045,75+,24560965.094238352
S0,2045,0-8,
S0,2045,9-14,
S0,2045,0-17,
S0,2045,18-29,
S0,2045,30-65,
S0,2045,66+,
S0,2045,15-26,
S0,2045,27-45,
S0,2045,46-65,
S0,2046,00-04,59997360.2881274
S0,2046,05-09,62000972.71693623
S0,2046,10-14,63983326.969180465
S0,2046,15-19,65109603.0300183
S0,2046,20-24,68084396.48936765
S0,2046,25-29,69051568.03622867
S0,2046,30-34,64882343.76134294
S0,2046,35-39,60220348.10152081
S0,2046,40-44,55591303.51862779
S0,2046,45-49,50271165.12638491
S0,2046,50-54,44944456.02586688
S0,2046,55-59,38095009.65433674
S0,2046,60-64,30641775.15318103
S0,2046,65-69,23315676.76036948
S0,2046,70-74,17720048.18365612
S0,2046,75+,24656677.99571258
S0,2046,0-8,
S0,2046,9-14,
S0,2046,0-17,
S0,2046,18-29,
S0,2046,30-65,
S0,2046,66+,
S0,2046,15-26,
S0,2046,27-45,
S0,2046,46-65,
S0,2047,00-04,60215701.91477099
S0,2047,05-09,62226605.86431956
S0,2047,10-14,64216174.274819106
S0,2047,15-19,65346549.06510089
S0,2047,20-24,68332168.3547822
S0,2047,25-29,69302859.61997367
S0,2047,30-34,65118462.75739993
S0,2047,35-39,60439501.22256456
S0,2047,40-44,55793610.67979632
S0,2047,45-49,50454111.3079211
S0,2047,50-54,45108017.315733194
S0,2047,55-59,38233644.52652092
S0,2047,60-64,30753286.30963966
S0,2047,65-69,23400526.873202913
S0,2047,70-74,17784534.75649936
S0,2047,75+,24746408.26310032
S0,2047,0-8,
S0,2047,9-14,
S0,2047,0-17,
S0,2047,18-29,
S0,2047,30-65,
S0,2047,66+,
S0,2047,15-26,
S0,2047,27-45,
S0,2047,46-65,
S0,2048,00-04,60419124.70869279
S0,2048,05-09,62436821.96441761
S0,2048,10-14,64433111.60462786
S0,2048,15-19,65567305.06662995
S0,2048,20-24,68563010.4799996
S0,2048,25-29,69536980.96843223
S0,2048,30-34,65338448.229773104
S0,2048,35-39,60643680.06314897
S0,2048,40-44,55982094.61017603
S0,2048,45-49,50624557.15444841
S0,2048,50-54,45260402.80023067
S0,2048,55-59,38362806.76401182
S0,2048,60-64,30857178.13892096
S0,2048,65-69,23479579.35294526
S0,2048,70-74,17844615.09491154
S0,2048,75+,24830007.446508233
S0,2048,0-8,
S0,2048,9-14,
S0,2048,0-17,
S0,2048,18-29,
S0,2048,30-65,
S0,2048,66+,
S0,2048,15-26,
S0,2048,27-45,
S0,2048,46-65,
S0,2049,00-04,60608295.33002678
S0,2049,05-09,62632309.94048606
S0,2049,10-14,64634849.90877409
S0,2049,15-19,65772594.49937914
S0,2049,20-24,68777679.38418458
S0,2049,25-29,69754699.34748708
S0,2049,30-34,65543021.11804678
S0,2049,35-39,60833553.76113512
S0,2049,40-44,56157373.01204044
S0,2049,45-49,50783061.25356998
S0,2049,50-54,45402111.87928185
S0,2049,55-59,38482919.65916967
S0,2049,60-64,30953791.11683644
S0,2049,65-69,23553093.27153102
S0,2049,70-74,17900486.09505009
S0,2049,75+,24907749.518394105
S0,2049,0-8,
S0,2049,9-14,
S0,2049,0-17,
S0,2049,18-29,
S0,2049,30-65,
S0,2049,66+,
S0,2049,15-26,
S0,2049,27-45,
S0,2049,46-65,
S0,2050,00-04,60784424.86568463
S0,2050,05-09,62814321.32369567
S0,2050,10-14,64822680.73357715
S0,2050,15-19,65963731.6443047
S0,2050,20-24,68977549.39649226
S0,2050,25-29,69957408.60929891
S0,2050,30-34,65733491.115796655
S0,2050,35-39,61010337.90459304
S0,2050,40-44,56320568.03309348
S0,2050,45-49,50930638.36243221
S0,2050,50-54,45534051.78684135
S0,2050,55-59,38594752.18528543
S0,2050,60-64,31043743.76814548
S0,2050,65-69,23621539.27151553
S0,2050,70-74,17952505.44795884
S0,2050,75+,24980132.190321535
S0,2050,0-8,
S0,2050,9-14,
S0,2050,0-17,
S0,2050,18-29,
S0,2050,30-65,
S0,2050,66+,
S0,2050,15-26,
S0,2050,27-45,
S0,2050,46-65,
S0,2051,00-04,60948342.46033461
S0,2051,05-09,62983712.94800906
S0,2051,10-14,64997488.30851254
S0,2051,15-19,66141616.29566339
S0,2051,20-24,69163561.42189035
S0,2051,25-29,70146063.02484243
S0,2051,30-34,65910754.87662777
S0,2051,35-39,61174864.71981264
S0,2051,40-44,56472447.92768336
S0,2051,45-49,51067983.21274227
S0,2051,50-54,45656843.64117016
S0,2051,55-59,38698830.80342329
S0,2051,60-64,31127459.55255325
S0,2051,65-69,23685239.56822597
S0,2051,70-74,18000918.03913615
S0,2051,75+,25047496.209833547
S0,2051,0-8,
S0,2051,9-14,
S0,2051,0-17,
S0,2051,18-29,
S0,2051,30-65,
S0,2051,66+,
S0,2051,15-26,
S0,2051,27-45,
S0,2051,46-65,
S0,2052,00-04,61099449.37770547
S0,2052,05-09,63139866.08235129
S0,2052,10-14,65158634.11984515
S0,2052,15-19,66305598.70018688
S0,2052,20-24,69335036.02052534
S0,2052,25-29,70319973.50249463
S0,2052,30-34,66074164.91517767
S0,2052,35-39,61326533.24524312
S0,2052,40-44,56612457.92923991
S0,2052,45-49,51194594.1295961
S0,2052,50-54,45770038.92460205
S0,2052,55-59,38794775.3491239
S0,2052,60-64,31204632.684236586
S0,2052,65-69,23743961.485736266
S0,2052,70-74,18045547.03354253
S0,2052,75+,25109595.51864723
S0,2052,0-8,
S0,2052,9-14,
S0,2052,0-17,
S0,2052,18-29,
S0,2052,30-65,
S0,2052,66+,
S0,2052,15-26,
S0,2052,27-45,
S0,2052,46-65,
S0,2053,00-04,61237778.54385268
S0,2053,05-09,63282814.75234376
S0,2053,10-14,65306153.28109601
S0,2053,15-19,66455714.5894871
S0,2053,20-24,69492010.55655125
S0,2053,25-29,70479177.93718535
S0,2053,30-34,66223756.8383403
S0,2053,35-39,61465376.52931383
S0,2053,40-44,56740628.54581098
S0,2053,45-49,51310498.70139369
S0,2053,50-54,45873662.30228299
S0,2053,55-59,38882606.72861371
S0,2053,60-64,31275279.97914847
S0,2053,65-69,23797717.81949713
S0,2053,70-74,18086402.15579393
S0,2053,75+,25166443.64814371
S0,2053,0-8,
S0,2053,9-14,
S0,2053,0-17,
S0,2053,18-29,
S0,2053,30-65,
S0,2053,66+,
S0,2053,15-26,
S0,2053,27-45,
S0,2053,46-65,
S0,2054,00-04,61364134.168431774
S0,2054,05-09,63413390.02423136
S0,2054,10-14,65440903.43015282
S0,2054,15-19,66592836.69815065
S0,2054,20-24,69635397.63893607
S0,2054,25-29,70624601.90193121
S0,2054,30-34,66360400.33449994
S0,2054,35-39,61592201.77062771
S0,2054,40-44,56857704.9278973
S0,2054,45-49,51416370.76705389
S0,2054,50-54,45968316.21347584
S0,2054,55-59,38962835.57060117
S0,2054,60-64,31339812.16221618
S0,2054,65-69,23846821.09479779
S0,2054,70-74,18123720.92690428
S0,2054,75+,25218371.098505404
S0,2054,0-8,
S0,2054,9-14,
S0,2054,0-17,
S0,2054,18-29,
S0,2054,30-65,
S0,2054,66+,
S0,2054,15-26,
S0,2054,27-45,
S0,2054,46-65,
S0,2055,00-04,61475917.97871619
S0,2055,05-09,63528906.85594456
S0,2055,10-14,65560113.6762193
S0,2055,15-19,66714145.3603626
S0,2055,20-24,69762248.77411848
S0,2055,25-29,70753255.01840393
S0,2055,30-34,66481285.57963397
S0,2055,35-39,61704401.03964746
S0,2055,40-44,56961279.61345258
S0,2055,45-49,51510033.26084158
S0,2055,50-54,46052054.27331054
S0,2055,55-59,39033812.11542803
S0,2055,60-64,31396902.2469141
S0,2055,65-69,23890261.59243165
S0,2055,70-74,18156735.95448016
S0,2055,75+,25264310.07652178
S0,2055,0-8,
S0,2055,9-14,
S0,2055,0-17,
S0,2055,18-29,
S0,2055,30-65,
S0,2055,66+,
S0,2055,15-26,
S0,2055,27-45,
S0,2055,46-65,
S0,2056,00-04,61576516.69697617
S0,2056,05-09,63632865.06937665
S0,2056,10-14,65667395.74083344
S0,2056,15-19,66823315.87352817
S0,2056,20-24,69876407.18021238
S0,2056,25-29,70869035.09947625
S0,2056,30-34,66590075.042849496
S0,2056,35-39,61805373.64582694
S0,2056,40-44,57054490.61229515
S0,2056,45-49,51594323.88217664
S0,2056,50-54,46127413.49990618
S0,2056,55-59,39097686.74466043
S0,2056,60-64,31448279.895710915
S0,2056,65-69,23929355.43233048
S0,2056,70-74,18186447.49722503
S0,2056,75+,25305652.39876738
S0,2056,0-8,
S0,2056,9-14,
S0,2056,0-17,
S0,2056,18-29,
S0,2056,30-65,
S0,2056,66+,
S0,2056,15-26,
S0,2056,27-45,
S0,2056,46-65,
S0,2057,00-04,61664810.24539713
S0,2057,05-09,63724107.18170358
S0,2057,10-14,65761555.13302599
S0,2057,15-19,66919132.72047265
S0,2057,20-24,69976601.80426379
S0,2057,25-29,70970653.03627664
S0,2057,30-34,66685557.44962616
S0,2057,35-39,61893995.3484401
S0,2057,40-44,57136300.10233662
S0,2057,45-49,51668304.12949
S0,2057,50-54,46193554.8348802
S0,2057,55-59,39153748.27075692
S0,2057,60-64,31493373.06389697
S0,2057,65-69,23963667.33913977
S0,2057,70-74,18212524.74337073
S0,2057,75+,25341937.755024042
S0,2057,0-8,
S0,2057,9-14,
S0,2057,0-17,
S0,2057,18-29,
S0,2057,30-65,
S0,2057,66+,
S0,2057,15-26,
S0,2057,27-45,
S0,2057,46-65,
S0,2058,00-04,61742055.65938608
S0,2058,05-09,63803932.20704202
S0,2058,10-14,65843932.40023224
S0,2058,15-19,67002960.0458176
S0,2058,20-24,70064259.11731479
S0,2058,25-29,71059555.56355335
S0,2058,30-34,66769092.18316029
S0,2058,35-39,61971527.85482574
S0,2058,40-44,57207872.80543326
S0,2058,45-49,51733027.25969515
S0,2058,50-54,46251419.932537064
S0,2058,55-59,39202794.84176487
S0,2058,60-64,31532823.74298848
S0,2058,65-69,23993685.81153818
S0,2058,70-74,18235338.95471732
S0,2058,75+,25373682.739973795
S0,2058,0-8,
S0,2058,9-14,
S0,2058,0-17,
S0,2058,18-29,
S0,2058,30-65,
S0,2058,66+,
S0,2058,15-26,
S0,2058,27-45,
S0,2058,46-65,
S0,2059,00-04,61806710.00178711
S0,2059,05-09,63870745.6818347
S0,2059,10-14,65912882.099184975
S0,2059,15-19,67073123.44213507
S0,2059,20-24,70137628.2099157
S0,2059,25-29,71133966.89934717
S0,2059,30-34,66839010.68039389
S0,2059,35-39,62036422.493305966
S0,2059,40-44,57267779.09389246
S0,2059,45-49,51787200.46177223
S0,2059,50-54,46299852.96750677
S0,2059,55-59,39243846.77781896
S0,2059,60-64,31565843.92609346
S0,2059,65-69,24018811.24607961
S0,2059,70-74,18254434.42920365
S0,2059,75+,25400253.26397605
S0,2059,0-8,
S0,2059,9-14,
S0,2059,0-17,
S0,2059,18-29,
S0,2059,30-65,
S0,2059,66+,
S0,2059,15-26,
S0,2059,27-45,
S0,2059,46-65,
S0,2060,00-04,61859098.68561572
S0,2060,05-09,63924883.88626795
S0,2060,10-14,65968751.26194133
S0,2060,15-19,67129976.05016589
S0,2060,20-24,70197078.3574591
S0,2060,25-29,71194261.56478488
S0,2060,30-34,66895664.84946145
S0,2060,35-39,62089005.88633506
S0,2060,40-44,57316320.483208135
S0,2060,45-49,51831096.39590758
S0,2060,50-54,46339097.70903006
S0,2060,55-59,39277110.69820887
S0,2060,60-64,31592599.80773121
S0,2060,65-69,24039170.102072313
S0,2060,70-74,18269907.27662998
S0,2060,75+,25421783.059646696
S0,2060,0-8,
S0,2060,9-14,
S0,2060,0-17,
S0,2060,18-29,
S0,2060,30-65,
S0,2060,66+,
S0,2060,15-26,
S0,2060,27-45,
S0,2060,46-65,
S0,2061,00-04,61898898.66557274
S0,2061,05-09,63966012.98694168
S0,2061,10-14,66011195.38146138
S0,2061,15-19,67173167.2986335
S0,2061,20-24,70242242.97141293
S0,2061,25-29,71240067.7637684
S0,2061,30-34,66938705.342724234
S0,2061,35-39,62128953.78797498
S0,2061,40-44,57353197.65172356
S0,2061,45-49,51864444.38579976
S0,2061,50-54,46368912.16153963
S0,2061,55-59,39302381.48701397
S0,2061,60-64,31612926.40261951
S0,2061,65-69,24054636.84033031
S0,2061,70-74,18281662.08649429
S0,2061,75+,25438139.367412925
S0,2061,0-8,
S0,2061,9-14,
S0,2061,0-17,
S0,2061,18-29,
S0,2061,30-65,
S0,2061,66+,
S0,2061,15-26,
S0,2061,27-45,
S0,2061,46-65,
S0,2062,00-04,61924331.63869913
S0,2062,05-09,63992295.29445232
S0,2062,10-14,66038318.01198262
S0,2062,15-19,67200767.35930584
S0,2062,20-24,70271104.0515992
S0,2062,25-29,71269338.82945806
S0,2062,30-34,66966209.06784372
S0,2062,35-39,62154481.28597778
S0,2062,40-44,57376762.89062173
S0,2062,45-49,51885754.40986669
S0,2062,50-54,46387964.18544195
S0,2062,55-59,39318530.02008502
S0,2062,60-64,31625915.49814427
S0,2062,65-69,24064520.39150026
S0,2062,70-74,18289173.64212088
S0,2062,75+,25448591.3710651
S0,2062,0-8,
S0,2062,9-14,
S0,2062,0-17,
S0,2062,18-29,
S0,2062,30-65,
S0,2062,66+,
S0,2062,15-26,
S0,2062,27-45,
S0,2062,46-65,
S0,2063,00-04,61937582.4152543
S0,2063,05-09,64005988.58081911
S0,2063,10-14,66052449.11316528
S0,2063,15-19,67215147.20530578
S0,2063,20-24,70286140.89856116
S0,2063,25-29,71284589.28205194
S0,2063,30-34,66980538.72227231
S0,2063,35-39,62167781.31072779
S0,2063,40-44,57389040.56313596
S0,2063,45-49,51896857.09793593
S0,2063,50-54,46397890.43788591
S0,2063,55-59,39326943.53125238
S0,2063,60-64,31632682.917808376
S0,2063,65-69,24069669.79843251
S0,2063,70-74,18293087.22095003
S0,2063,75+,25454036.946156144
S0,2063,0-8,
S0,2063,9-14,
S0,2063,0-17,
S0,2063,18-29,
S0,2063,30-65,
S0,2063,66+,
S0,2063,15-26,
S0,2063,27-45,
S0,2063,46-65,
S0,2064,00-04,61938498.7214807
S0,2064,05-09,64006935.48710081
S0,2064,10-14,66053426.294838026
S0,2064,15-19,67216141.58796474
S0,2064,20-24,70287180.71358176
S0,2064,25-29,71285643.86814421
S0,2064,30-34,66981529.63412721
S0,2064,35-39,62168701.02252272
S0,2064,40-44,57389889.57811434
S0,2064,45-49,51897624.8614074
S0,2064,50-54,46398576.84949972
S0,2064,55-59,39327525.33509132
S0,2064,60-64,31633150.89255303
S0,2064,65-69,24070025.885761783
S0,2064,70-74,18293357.84936443
S0,2064,75+,25454413.51384949
S0,2064,0-8,
S0,2064,9-14,
S0,2064,0-17,
S0,2064,18-29,
S0,2064,30-65,
S0,2064,66+,
S0,2064,15-26,
S0,2064,27-45,
S0,2064,46-65,
S0,2065,00-04,61926463.24933188
S0,2065,05-09,63994498.09024283
S0,2065,10-14,66040591.237661704
S0,2065,15-19,67203080.59977919
S0,2065,20-24,70273522.98174518
S0,2065,25-29,71271792.12166837
S0,2065,30-34,66968514.23415729
S0,2065,35-39,62156620.819012314
S0,2065,40-44,57378737.96107651
S0,2065,45-49,51887540.46427957
S0,2065,50-54,46389560.99036616
S0,2065,55-59,39319883.47509112
S0,2065,60-64,31627004.151601836
S0,2065,65-69,24065348.760352723
S0,2065,70-74,18289803.20720407
S0,2065,75+,25449467.38355517
S0,2065,0-8,
S0,2065,9-14,
S0,2065,0-17,
S0,2065,18-29,
S0,2065,30-65,
S0,2065,66+,
S0,2065,15-26,
S0,2065,27-45,
S0,2065,46-65,
S0,2066,00-04,61900266.095754415
S0,2066,05-09,63967426.08246751
S0,2066,10-14,66012653.65782556
S0,2066,15-19,67174651.24452499
S0,2066,20-24,70243794.71732666
S0,2066,25-29,71241641.55297798
S0,2066,30-34,66940184.10903481
S0,2066,35-39,62130326.30038469
S0,2066,40-44,57354464.66123704
S0,2066,45-49,51865590.14134854
S0,2066,50-54,46369936.51336733
S0,2066,55-59,39303249.72964536
S0,2066,60-64,31613624.77481395
S0,2066,65-69,24055168.239711143
S0,2066,70-74,18282065.95307426
S0,2066,75+,25438701.330231134
S0,2066,0-8,
S0,2066,9-14,
S0,2066,0-17,
S0,2066,18-29,
S0,2066,30-65,
S0,2066,66+,
S0,2066,15-26,
S0,2066,27-45,
S0,2066,46-65,
S0,2067,00-04,61862890.73132812
S0,2067,05-09,63928802.56738366
S0,2067,10-14,65972795.23486837
S0,2067,15-19,67134091.20772986
S0,2067,20-24,70201381.53250796
S0,2067,25-29,71198625.86850174
S0,2067,30-34,66899765.64343452
S0,2067,35-39,62092812.02566721
S0,2067,40-44,57319834.05052412
S0,2067,45-49,51834273.71163046
S0,2067,50-54,46341938.35786779
S0,2067,55-59,39279518.43777158
S0,2067,60-64,31594536.47647016
S0,2067,65-69,24040643.73543996
S0,2067,70-74,18271027.24644892
S0,2067,75+,25423341.449042927
S0,2067,0-8,
S0,2067,9-14,
S0,2067,0-17,
S0,2067,18-29,
S0,2067,30-65,
S0,2067,66+,
S0,2067,15-26,
S0,2067,27-45,
S0,2067,46-65,
S0,2068,00-04,61811182.10002915
S0,2068,05-09,63875367.12584089
S0,2068,10-14,65917651.30440804
S0,2068,15-19,67077976.59800479
S0,2068,20-24,70142703.10168408
S0,2068,25-29,71139113.88239011
S0,2068,30-34,66843846.89675539
S0,2068,35-39,62040911.21266937
S0,2068,40-44,57271922.77237339
S0,2068,45-49,51790947.58644751
S0,2068,50-54,46303203.0486073
S0,2068,55-59,39246686.31317331
S0,2068,60-64,31568127.91039105
S0,2068,65-69,24020549.15582347
S0,2068,70-74,18255755.25058562
S0,2068,75+,25402091.12960528
S0,2068,0-8,
S0,2068,9-14,
S0,2068,0-17,
S0,2068,18-29,
S0,2068,30-65,
S0,2068,66+,
S0,2068,15-26,
S0,2068,27-45,
S0,2068,46-65,
S0,2069,00-04,61745350.26269215
S0,2069,05-09,63807336.83365744
S0,2069,10-14,65847445.88281804
S0,2069,15-19,67006535.3750049
S0,2069,20-24,70067997.7997616
S0,2069,25-29,71063347.35577968
S0,2069,30-34,66772655.03297961
S0,2069,35-39,61974834.70294365
S0,2069,40-44,57210925.4612748
S0,2069,45-49,51735787.77359159
S0,2069,50-54,46253887.94367459
S0,2069,55-59,39204886.73287725
S0,2069,60-64,31534506.35857754
S0,2069,65-69,23994966.132961817
S0,2069,70-74,18236312.00634908
S0,2069,75+,25375036.69908885
S0,2069,0-8,
S0,2069,9-14,
S0,2069,0-17,
S0,2069,18-29,
S0,2069,30-65,
S0,2069,66+,
S0,2069,15-26,
S0,2069,27-45,
S0,2069,46-65,
S0,2070,00-04,61666051.96463899
S0,2070,05-09,63725390.36817157
S0,2070,10-14,65762879.34675597
S0,2070,15-19,66920480.24387242
S0,2070,20-24,69978010.89467683
S0,2070,25-29,70972082.14349568
S0,2070,30-34,66686900.26961556
S0,2070,35-39,61895241.6826893
S0,2070,40-44,57137450.63280877
S0,2070,45-49,51669344.55314778
S0,2070,50-54,46194485.01573472
S0,2070,55-59,39154536.69388551
S0,2070,60-64,31494007.233160913
S0,2070,65-69,23964149.88577734
S0,2070,70-74,18212891.48158539
S0,2070,75+,25342448.055333275
S0,2070,0-8,
S0,2070,9-14,
S0,2070,0-17,
S0,2070,18-29,
S0,2070,30-65,
S0,2070,66+,
S0,2070,15-26,
S0,2070,27-45,
S0,2070,46-65,
S0,2071,00-04,61573411.95492467
S0,2071,05-09,63629656.64443422
S0,2071,10-14,65664084.73306774
S0,2071,15-19,66819946.5832542
S0,2071,20-24,69872883.9503933
S0,2071,25-29,70865461.82048571
S0,2071,30-34,66586717.51278305
S0,2071,35-39,61802257.364607096
S0,2071,40-44,57051613.87477033
S0,2071,45-49,51591722.45105372
S0,2071,50-54,46125087.71520609
S0,2071,55-59,39095715.40495718
S0,2071,60-64,31446694.2458191
S0,2071,65-69,23928148.89321361
S0,2071,70-74,18185530.52056996
S0,2071,75+,25304376.465548713
S0,2071,0-8,
S0,2071,9-14,
S0,2071,0-17,
S0,2071,18-29,
S0,2071,30-65,
S0,2071,66+,
S0,2071,15-26,
S0,2071,27-45,
S0,2071,46-65,
S0,2072,00-04,61468806.98661403
S0,2072,05-09,63521558.39219216
S0,2072,10-14,65552530.26037292
S0,2072,15-19,66706428.45630714
S0,2072,20-24,69754179.29233804
S0,2072,25-29,70745070.90575975
S0,2072,30-34,66473595.61074466
S0,2072,35-39,61697263.61863952
S0,2072,40-44,56954690.83490679
S0,2072,45-49,51504075.0344052
S0,2072,50-54,46046727.37775543
S0,2072,55-59,39029297.02823947
S0,2072,60-64,31393270.53011747
S0,2072,65-69,23887498.17763299
S0,2072,70-74,18154635.74336954
S0,2072,75+,25261387.723910734
S0,2072,0-8,
S0,2072,9-14,
S0,2072,0-17,
S0,2072,18-29,
S0,2072,30-65,
S0,2072,66+,
S0,2072,15-26,
S0,2072,27-45,
S0,2072,46-65,
S0,2073,00-04,61350694.93645361
S0,2073,05-09,63399501.98897092
S0,2073,10-14,65426571.35337898
S0,2073,15-19,66578252.33885675
S0,2073,20-24,69620146.93466972
S0,2073,25-29,70609134.55408724
S0,2073,30-34,66345866.88061279
S0,2073,35-39,61578712.59003614
S0,2073,40-44,56845252.639657125
S0,2073,45-49,51405110.17414276
S0,2073,50-54,45958248.78771302
S0,2073,55-59,38954302.40065008
S0,2073,60-64,31332948.49483931
S0,2073,65-69,23841598.4518814
S0,2073,70-74,18119751.68830675
S0,2073,75+,25212848.075262304
S0,2073,0-8,
S0,2073,9-14,
S0,2073,0-17,
S0,2073,18-29,
S0,2073,30-65,
S0,2073,66+,
S0,2073,15-26,
S0,2073,27-45,
S0,2073,46-65,
S0,2074,00-04,61221769.82169977
S0,2074,05-09,63266271.41875927
S0,2074,10-14,65289081.00826684
S0,2074,15-19,66438341.79942784
S0,2074,20-24,69473844.0208718
S0,2074,25-29,70460753.33714285
S0,2074,30-34,66206444.68645696
S0,2074,35-39,61449308.30871078
S0,2074,40-44,56725795.464357495
S0,2074,45-49,51297085.15934871
S0,2074,50-54,45861670.05286776
S0,2074,55-59,38872442.07433493
S0,2074,60-64,31267104.0250341
S0,2074,65-69,23791496.642610833
S0,2074,70-74,18081674.0256471
S0,2074,75+,25159864.66024572
S0,2074,0-8,
S0,2074,9-14,
S0,2074,0-17,
S0,2074,18-29,
S0,2074,30-65,
S0,2074,66+,
S0,2074,15-26,
S0,2074,27-45,
S0,2074,46-65,
S0,2075,00-04,61080777.78856438
S0,2075,05-09,63120570.95530969
S0,2075,10-14,65138722.07059313
S0,2075,15-19,66285336.14611654
S0,2075,20-24,69313847.69037108
S0,2075,25-29,70298484.1819357
S0,2075,30-34,66053973.08574706
S0,2075,35-39,61307792.26076835
S0,2075,40-44,56595157.53512033
S0,2075,45-49,51178949.39895502
S0,2075,50-54,45756051.90228881
S0,2075,55-59,38782919.92139882
S0,2075,60-64,31195096.754097894
S0,2075,65-69,23736705.487556934
S0,2075,70-74,18040032.4332725
S0,2075,75+,25101922.191705696
S0,2075,0-8,
S0,2075,9-14,
S0,2075,0-17,
S0,2075,18-29,
S0,2075,30-65,
S0,2075,66+,
S0,2075,15-26,
S0,2075,27-45,
S0,2075,46-65,
S0,2076,00-04,60927581.50949933
S0,2076,05-09,62962258.685019225
S0,2076,10-14,64975348.08935779
S0,2076,15-19,66119086.34999716
S0,2076,20-24,69140002.10525748
S0,2076,25-29,70122169.03680336
S0,2076,30-34,65888303.56972964
S0,2076,35-39,61154026.60826549
S0,2076,40-44,56453211.60939074
S0,2076,45-49,51050587.82763517
S0,2076,50-54,45641291.46291782
S0,2076,55-59,38685648.74643437
S0,2076,60-64,31116856.54628087
S0,2076,65-69,23677171.61962641
S0,2076,70-74,17994786.3518857
S0,2076,75+,25038964.233140364
S0,2076,0-8,
S0,2076,9-14,
S0,2076,0-17,
S0,2076,18-29,
S0,2076,30-65,
S0,2076,66+,
S0,2076,15-26,
S0,2076,27-45,
S0,2076,46-65,
S0,2077,00-04,60764388.658025
S0,2077,05-09,62793616.006686896
S0,2077,10-14,64801313.4064189
S0,2077,15-19,65941988.19558162
S0,2077,20-24,68954812.51107115
S0,2077,25-29,69934348.73550196
S0,2077,30-34,65711823.56064418
S0,2077,35-39,60990227.22982167
S0,2077,40-44,56302003.23464204
S0,2077,45-49,50913850.23210572
S0,2077,50-54,45519042.5189376
S0,2077,55-59,38582030.30017976
S0,2077,60-64,31033510.901781365
S0,2077,65-69,23613752.96660058
S0,2077,70-74,17946587.81152549
S0,2077,75+,24971898.05605054
S0,2077,0-8,
S0,2077,9-14,
S0,2077,0-17,
S0,2077,18-29,
S0,2077,30-65,
S0,2077,66+,
S0,2077,15-26,
S0,2077,27-45,
S0,2077,46-65,
S0,2078,00-04,60590861.760570765
S0,2078,05-09,62614294.17680892
S0,2078,10-14,64616258.12791262
S0,2078,15-19,65753675.45392069
S0,2078,20-24,68757895.94622384
S0,2078,25-29,69734634.8762899
S0,2078,30-34,65524168.10783099
S0,2078,35-39,60816055.39760293
S0,2078,40-44,56141219.72052246
S0,2078,45-49,50768453.84676646
S0,2078,50-54,45389052.26645842
S0,2078,55-59,38471850.30555899
S0,2078,60-64,30944887.46652878
S0,2078,65-69,23546318.38229816
S0,2078,70-74,17895337.14034125
S0,2078,75+,24900584.971381888
S0,2078,0-8,
S0,2078,9-14,
S0,2078,0-17,
S0,2078,18-29,
S0,2078,30-65,
S0,2078,66+,
S0,2078,15-26,
S0,2078,27-45,
S0,2078,46-65,
S0,2079,00-04,60407458.52630304
S0,2079,05-09,62424766.18975374
S0,2079,10-14,64420670.37123458
S0,2079,15-19,65554644.83456931
S0,2079,20-24,68549771.81443954
S0,2079,25-29,69523554.24127054
S0,2079,30-34,65325832.18712457
S0,2079,35-39,60631970.52190994
S0,2079,40-44,55971285.163176715
S0,2079,45-49,50614782.1813747
S0,2079,50-54,45251663.57872345
S0,2079,55-59,38355399.38260983
S0,2079,60-64,30851220.00116346
S0,2079,65-69,23475045.73786084
S0,2079,70-74,17841169.52142175
S0,2079,75+,24825213.08053542
S0,2079,0-8,
S0,2079,9-14,
S0,2079,0-17,
S0,2079,18-29,
S0,2079,30-65,
S0,2079,66+,
S0,2079,15-26,
S0,2079,27-45,
S0,2079,46-65,
S0,2080,00-04,60214513.24717354
S0,2080,05-09,62225377.50115614
S0,2080,10-14,64214906.6372567
S0,2080,15-19,65345259.11375917
S0,2080,20-24,68330819.46683761
S0,2080,25-29,69301491.5704281
S0,2080,30-34,65117177.308518425
S0,2080,35-39,60438308.13713296
S0,2080,40-44,55792509.30498791
S0,2080,45-49,50453115.33568525
S0,2080,50-54,45107126.87624873
S0,2080,55-59,38232889.78825604
S0,2080,60-64,30752679.23484372
S0,2080,65-69,23400064.94305557
S0,2080,70-74,17784183.68693563
S0,2080,75+,24745919.76503885
S0,2080,0-8,
S0,2080,9-14,
S0,2080,0-17,
S0,2080,18-29,
S0,2080,30-65,
S0,2080,66+,
S0,2080,15-26,
S0,2080,27-45,
S0,2080,46-65,
S0,2081,00-04,60012425.8452716
S0,2081,05-09,62016541.3885074
S0,2081,10-14,63999393.41717255
S0,2081,15-19,65125952.29005866
S0,2081,20-24,68101492.73095252
S0,2081,25-29,69068907.13813503
S0,2081,30-34,64898635.95574774
S0,2081,35-39,60235469.65172254
S0,2081,40-44,55605262.69876272
S0,2081,45-49,50283788.40026364
S0,2081,50-54,44955741.74356048
S0,2081,55-59,38104575.45093348
S0,2081,60-64,30649469.4152678
S0,2081,65-69,23321531.4122892
S0,2081,70-74,17724497.75272427
S0,2081,75+,24662869.377959184
S0,2081,0-8,
S0,2081,9-14,
S0,2081,0-17,
S0,2081,18-29,
S0,2081,30-65,
S0,2081,66+,
S0,2081,15-26,
S0,2081,27-45,
S0,2081,46-65,
S0,2082,00-04,59802226.27720827
S0,2082,05-09,61799322.20382962
S0,2082,10-14,63775229.09348248
S0,2082,15-19,64897842.08041009
S0,2082,20-24,67862960.39110973
S0,2082,25-29,68826986.33185944
S0,2082,30-34,64671321.9444633
S0,2082,35-39,60024488.85025437
S0,2082,40-44,55410499.6636629
S0,2082,45-49,50107664.36505842
S0,2082,50-54,44798279.72859667
S0,2082,55-59,37971110.33619751
S0,2082,60-64,30542116.5605595
S0,2082,65-69,23239845.39876131
S0,2082,70-74,17662415.91351704
S0,2082,75+,24576485.193060294
S0,2082,0-8,
S0,2082,9-14,
S0,2082,0-17,
S0,2082,18-29,
S0,2082,30-65,
S0,2082,66+,
S0,2082,15-26,
S0,2082,27-45,
S0,2082,46-65,
S0,2083,00-04,59585156.2622254
S0,2083,05-09,61575003.13359078
S0,2083,10-14,63543737.8799165
S0,2083,15-19,64662276.00821324
S0,2083,20-24,67616631.53772233
S0,2083,25-29,68577158.25882037
S0,2083,30-34,64436578.094654545
S0,2083,35-39,59806612.06697769
S0,2083,40-44,55209370.730160564
S0,2083,45-49,49925783.65372737
S0,2083,50-54,44635671.01221182
S0,2083,55-59,37833282.86717675
S0,2083,60-64,30431254.839982793
S0,2083,65-69,23155489.449109465
S0,2083,70-74,17598304.90752859
S0,2083,75+,24487277.510651372
S0,2083,0-8,
S0,2083,9-14,
S0,2083,0-17,
S0,2083,18-29,
S0,2083,30-65,
S0,2083,66+,
S0,2083,15-26,
S0,2083,27-45,
S0,2083,46-65,
S0,2084,00-04,59360025.65290284
S0,2084,05-09,61342354.28538606
S0,2084,10-14,63303650.56077643
S0,2084,15-19,64417962.51621115
S0,2084,20-24,67361155.60355787
S0,2084,25-29,68318053.1663293
S0,2084,30-34,64193117.35713011
S0,2084,35-39,59580644.73113814
S0,2084,40-44,55000773.15229911
S0,2084,45-49,49737149.05410652
S0,2084,50-54,44467024.04637562
S0,2084,55-59,37690337.36600064
S0,2084,60-64,30316276.422968574
S0,2084,65-69,23068001.05810989
S0,2084,70-74,17531813.2281338
S0,2084,75+,24394757.224518985
S0,2084,0-8,
S0,2084,9-14,
S0,2084,0-17,
S0,2084,18-29,
S0,2084,30-65,
S0,2084,66+,
S0,2084,15-26,
S0,2084,27-45,
S0,2084,46-65,
S0,2085,00-04,59128805.20314397
S0,2085,05-09,61103412.226464614
S0,2085,10-14,63057068.81838252
S0,2085,15-19,64167040.28190079
S0,2085,20-24,67098768.98017592
S0,2085,25-29,68051939.21496183
S0,2085,30-34,63943070.94452358
S0,2085,35-39,59348564.92119651
S0,2085,40-44,54786532.95672167
S0,2085,45-49,49543411.84042572
S0,2085,50-54,44293815.13707421
S0,2085,55-59,37543525.15253752
S0,2085,60-64,30198187.81043122
S0,2085,65-69,22978146.083806425
S0,2085,70-74,17463522.93184248
S0,2085,75+,24299734.241035223
S0,2085,0-8,
S0,2085,9-14,
S0,2085,0-17,
S0,2085,18-29,
S0,2085,30-65,
S0,2085,66+,
S0,2085,15-26,
S0,2085,27-45,
S0,2085,46-65,
S0,2086,00-04,58890001.25388936
S0,2086,05-09,60856633.41700823
S0,2086,10-14,62802399.76138882
S0,2086,15-19,63907888.37482855
S0,2086,20-24,66827776.67841136
S0,2086,25-29,67777097.3374178
S0,2086,30-34,63684823.58409481
S0,2086,35-39,59108873.4267196
S0,2086,40-44,54565266.17497152
S0,2086,45-49,49343320.49127036
S0,2086,50-54,44114925.37351574
S0,2086,55-59,37391897.83579125
S0,2086,60-64,30076226.16272521
S0,2086,65-69,22885344.07279827
S0,2086,70-74,17392992.87073784
S0,2086,75+,24201594.722019758
S0,2086,0-8,
S0,2086,9-14,
S0,2086,0-17,
S0,2086,18-29,
S0,2086,30-65,
S0,2086,66+,
S0,2086,15-26,
S0,2086,27-45,
S0,2086,46-65,
S0,2087,00-04,58645816.07730651
S0,2087,05-09,60604293.67408475
S0,2087,10-14,62541991.97145779
S0,2087,15-19,63642896.717916116
S0,2087,20-24,66550677.81440379
S0,2087,25-29,67496062.15098168
S0,2087,30-34,63420756.85695235
S0,2087,35-39,58863780.704899296
S0,2087,40-44,54339013.34983094
S0,2087,45-49,49138720.26761953
S0,2087,50-54,43932004.4936905
S0,2087,55-59,37236853.73693929
S0,2087,60-64,29951516.221476823
S0,2087,65-69,22790450.85383766
S0,2087,70-74,17320873.47958457
S0,2087,75+,24101243.719218705
S0,2087,0-8,
S0,2087,9-14,
S0,2087,0-17,
S0,2087,18-29,
S0,2087,30-65,
S0,2087,66+,
S0,2087,15-26,
S0,2087,27-45,
S0,2087,46-65,
S0,2088,00-04,58398304.18526465
S0,2088,05-09,60348516.12000722
S0,2088,10-14,62278036.45339462
S0,2088,15-19,63374294.88345766
S0,2088,20-24,66269803.8274036
S0,2088,25-29,67211198.21411799
S0,2088,30-34,63153092.55326699
S0,2088,35-39,58615348.90345924
S0,2088,40-44,54109678.1149324
S0,2088,45-49,48931332.62363273
S0,2088,50-54,43746591.54728197
S0,2088,55-59,37079697.35753164
S0,2088,60-64,29825107.26436164
S0,2088,65-69,22694264.83429477
S0,2088,70-74,17247771.55256733
S0,2088,75+,23999525.56040507
S0,2088,0-8,
S0,2088,9-14,
S0,2088,0-17,
S0,2088,18-29,
S0,2088,30-65,
S0,2088,66+,
S0,2088,15-26,
S0,2088,27-45,
S0,2088,46-65,
S0,2089,00-04,58144916.50914251
S0,2089,05-09,60086666.55998304
S0,2089,10-14,62007814.78941765
S0,2089,15-19,63099316.60231691
S0,2089,20-24,65982262.06016967
S0,2089,25-29,66919571.778000385
S0,2089,30-34,62879074.05931838
S0,2089,35-39,58361019.47984073
S0,2089,40-44,53874898.59890802
S0,2089,45-49,48719021.72118378
S0,2089,50-54,43556777.00857097
S0,2089,55-59,36918810.17979904
S0,2089,60-64,29695697.43431186
S0,2089,65-69,22595795.41625448
S0,2089,70-74,17172934.22958401
S0,2089,75+,23895392.673421018
S0,2089,0-8,
S0,2089,9-14,
S0,2089,0-17,
S0,2089,18-29,
S0,2089,30-65,
S0,2089,66+,
S0,2089,15-26,
S0,2089,27-45,
S0,2089,46-65,
S0,2090,00-04,57887043.56435616
S0,2090,05-09,59820181.94570415
S0,2090,10-14,61732809.87480915
S0,2090,15-19,62819470.87266168
S0,2090,20-24,65689630.45550574
S0,2090,25-29,66622783.20086791
S0,2090,30-34,62600205.10625064
S0,2090,35-39,58102188.11748709
S0,2090,40-44,53635963.20118357
S0,2090,45-49,48502952.65869959
S0,2090,50-54,43363602.52270106
S0,2090,55-59,36755075.10422152
S0,2090,60-64,29563996.89358332
S0,2090,65-69,22495582.97029004
S0,2090,70-74,17096772.19537232
S0,2090,75+,23789416.508255277
S0,2090,0-8,
S0,2090,9-14,
S0,2090,0-17,
S0,2090,18-29,
S0,2090,30-65,
S0,2090,66+,
S0,2090,15-26,
S0,2090,27-45,
S0,2090,46-65,
S0,2091,00-04,57624416.02317107
S0,2091,05-09,59548783.95523365
S0,2091,10-14,61452734.48885785
S0,2091,15-19,62534465.4179351
S0,2091,20-24,65391603.38302784
S0,2091,25-29,66320522.51071025
S0,2091,30-34,62316194.43767232
S0,2091,35-39,57838584.48767306
S0,2091,40-44,53392622.37278284
S0,2091,45-49,48282899.76926833
S0,2091,50-54,43166866.33432062
S0,2091,55-59,36588321.12256477
S0,2091,60-64,29429868.09145969
S0,2091,65-69,22393522.83249006
S0,2091,70-74,17019205.90475877
S0,2091,75+,23681486.381251212
S0,2091,0-8,
S0,2091,9-14,
S0,2091,0-17,
S0,2091,18-29,
S0,2091,30-65,
S0,2091,66+,
S0,2091,15-26,
S0,2091,27-45,
S0,2091,46-65,
S0,2092,00-04,57358913.63039361
S0,2092,05-09,59274415.10747397
S0,2092,10-14,61169593.25853376
S0,2092,15-19,62246340.15185265
S0,2092,20-24,65090313.95809437
S0,2092,25-29,66014953.12481372
S0,2092,30-34,62029074.84716169
S0,2092,35-39,57572095.32151535
S0,2092,40-44,53146617.81473342
S0,2092,45-49,48060438.07154249
S0,2092,50-54,42967976.57384378
S0,2092,55-59,36419741.76894763
S0,2092,60-64,29294271.048805647
S0,2092,65-69,22290345.493697554
S0,2092,70-74,16940790.53497752
S0,2092,75+,23572374.7974354
S0,2092,0-8,
S0,2092,9-14,
S0,2092,0-17,
S0,2092,18-29,
S0,2092,30-65,
S0,2092,66+,
S0,2092,15-26,
S0,2092,27-45,
S0,2092,46-65,
S0,2093,00-04,57091829.52910506
S0,2093,05-09,58998411.7300321
S0,2093,10-14,60884765.23778502
S0,2093,15-19,61956498.40336548
S0,2093,20-24,64787229.62637028
S0,2093,25-29,65707563.33461374
S0,2093,30-34,61740244.7654752
S0,2093,35-39,57304018.56822591
S0,2093,40-44,52899147.70490809
S0,2093,45-49,47836651.07668088
S0,2093,50-54,42767901.94409466
S0,2093,55-59,36250158.11779621
S0,2093,60-64,29157866.1980027
S0,2093,65-69,22186553.48445627
S0,2093,70-74,16861908.01212662
S0,2093,75+,23462613.190397684
S0,2093,0-8,
S0,2093,9-14,
S0,2093,0-17,
S0,2093,18-29,
S0,2093,30-65,
S0,2093,66+,
S0,2093,15-26,
S0,2093,27-45,
S0,2093,46-65,
S0,2094,00-04,56820279.61882101
S0,2094,05-09,58717793.40786004
S0,2094,10-14,60595174.71889025
S0,2094,15-19,61661810.32414794
S0,2094,20-24,64479077.53985107
S0,2094,25-29,65395033.79972817
S0,2094,30-34,61446585.26874401
S0,2094,35-39,57031459.40819438
S0,2094,40-44,52647539.74398178
S0,2094,45-49,47609122.22683838
S0,2094,50-54,42564481.94456504
S0,2094,55-59,36077738.92461462
S0,2094,60-64,29019180.5749381
S0,2094,65-69,22081026.009545967
S0,2094,70-74,16781706.52540467
S0,2094,75+,23351016.302376542
S0,2094,0-8,
S0,2094,9-14,
S0,2094,0-17,
S0,2094,18-29,
S0,2094,30-65,
S0,2094,66+,
S0,2094,15-26,
S0,2094,27-45,
S0,2094,46-65,
S0,2095,00-04,56546511.97222209
S0,2095,05-09,58434883.28804734
S0,2095,10-14,60303219.12681416
S0,2095,15-19,61364715.54019548
S0,2095,20-24,64168408.7886345
S0,2095,25-29,65079951.8497147
S0,2095,30-34,61150527.46766638
S0,2095,35-39,56756674.26934913
S0,2095,40-44,52393876.91177428
S0,2095,45-49,47379735.15876831
S0,2095,50-54,42359400.62274052
S0,2095,55-59,35903911.59137617
S0,2095,60-64,28879362.31241765
S0,2095,65-69,21974636.696334623
S0,2095,70-74,16700850.03662646
S0,2095,75+,23238508.007421285
S0,2095,0-8,
S0,2095,9-14,
S0,2095,0-17,
S0,2095,18-29,
S0,2095,30-65,
S0,2095,66+,
S0,2095,15-26,
S0,2095,27-45,
S0,2095,46-65,
S0,2096,00-04,56270710.38328974
S0,2096,05-09,58149871.30237724
S0,2096,10-14,60009094.46602018
S0,2096,15-19,61065413.50616936
S0,2096,20-24,63855431.94026834
S0,2096,25-29,64762529.01492321
S0,2096,30-34,60852270.12072481
S0,2096,35-39,56479847.6287653
S0,2096,40-44,52138329.50489455
S0,2096,45-49,47148643.87153909
S0,2096,50-54,42152795.6600204
S0,2096,55-59,35728792.81710671
S0,2096,60-64,28738505.2774686
S0,2096,65-69,21867456.9693156
S0,2096,70-74,16619392.82881698
S0,2096,75+,23125163.83800526
S0,2096,0-8,
S0,2096,9-14,
S0,2096,0-17,
S0,2096,18-29,
S0,2096,30-65,
S0,2096,66+,
S0,2096,15-26,
S0,2096,27-45,
S0,2096,46-65,
S0,2097,00-04,55994188.86060552
S0,2097,05-09,57864115.34076071
S0,2097,10-14,59714202.042171
S0,2097,15-19,60765330.19442426
S0,2097,20-24,63541638.11837579
S0,2097,25-29,64444277.60110412
S0,2097,30-34,60553234.22304456
S0,2097,35-39,56202298.378704354
S0,2097,40-44,51882115.03440537
S0,2097,45-49,46916949.35929556
S0,2097,50-54,41945651.3897258
S0,2097,55-59,35553216.92467248
S0,2097,60-64,28597280.55887409
S0,2097,65-69,21759997.46761039
S0,2097,70-74,16537722.99063992
S0,2097,75+,23011523.80266096
S0,2097,0-8,
S0,2097,9-14,
S0,2097,0-17,
S0,2097,18-29,
S0,2097,30-65,
S0,2097,66+,
S0,2097,15-26,
S0,2097,27-45,
S0,2097,46-65,
S0,2098,00-04,55716350.07372976
S0,2098,05-09,57576998.124902084
S0,2098,10-14,59417904.84076045
S0,2098,15-19,60463817.377311155
S0,2098,20-24,63226349.478426784
S0,2098,25-29,64124510.134620234
S0,2098,30-34,60252773.80955739
S0,2098,35-39,55923426.96867212
S0,2098,40-44,51624680.03632739
S0,2098,45-49,46684151.12506542
S0,2098,50-54,41737520.3473091
S0,2098,55-59,35376804.6422395
S0,2098,60-64,28455383.08879547
S0,2098,65-69,21652026.06161554
S0,2098,70-74,16455664.1022641
S0,2098,75+,22897342.420849882
S0,2098,0-8,
S0,2098,9-14,
S0,2098,0-17,
S0,2098,18-29,
S0,2098,30-65,
S0,2098,66+,
S0,2098,15-26,
S0,2098,27-45,
S0,2098,46-65,
S0,2099,00-04,55436227.99439271
S0,2099,05-09,57287521.36600836
S0,2099,10-14,59119172.654753685
S0,2099,15-19,60159826.71342212
S0,2099,20-24,62908469.78132978
S0,2099,25-29,63802114.80377734
S0,2099,30-34,59949844.19799772
S0,2099,35-39,55642263.78003202
S0,2099,40-44,51365129.42510199
S0,2099,45-49,46449439.74379344
S0,2099,50-54,41527678.87401468
S0,2099,55-59,35198942.59521793
S0,2099,60-64,28312319.49850972
S0,2099,65-69,21543167.34143352
S0,2099,70-74,16372930.85001232
S0,2099,75+,22782222.69097285
S0,2099,0-8,
S0,2099,9-14,
S0,2099,0-17,
S0,2099,18-29,
S0,2099,30-65,
S0,2099,66+,
S0,2099,15-26,
S0,2099,27-45,
S0,2099,46-65,
S0,2100,00-04,55156417.26975536
S0,2100,05-09,56998366.3595075
S0,2100,10-14,58820772.50851426
S0,2100,15-19,59856173.93408001
S0,2100,20-24,62590943.40639096
S0,2100,25-29,63480077.81420353
S0,2100,30-34,59647251.29162908
S0,2100,35-39,55361413.10328092
S0,2100,40-44,51105867.30346227
S0,2100,45-49,46214989.24339099
S0,2100,50-54,41318070.63877505
S0,2100,55-59,35021278.24123207
S0,2100,60-64,28169414.922898196
S0,2100,65-69,21434429.61733367
S0,2100,70-74,16290289.55547759
S0,2100,75+,22667230.916268144
S0,2100,0-8,
S0,2100,9-14,
S0,2100,0-17,
S0,2100,18-29,
S0,2100,30-65,
S0,2100,66+,
S0,2100,15-26,
S0,2100,27-45,
S0,2100,46-65,
S1,1950,00-04,
S1,1950,05-09,
S1,1950,10-14,
S1,1950,15-19,13170079.443757921
S1,1950,20-24,13793015.84825787
S1,1950,25-29,14026939.13044419
S1,1950,30-34,13238219.977077007
S1,1950,35-39,12321652.86670839
S1,1950,40-44,11378309.50744978
S1,1950,45-49,10288087.31673958
S1,1950,50-54,9208367.002163108
S1,1950,55-59,7815988.436399868
S1,1950,60-64,6291495.556088196
S1,1950,65-69,4789143.956427046
S1,1950,70-74,3640156.386531252
S1,1950,75+,5083615.136902594
S1,1950,0-8,22093132.359064117
S1,1950,9-14,15418625.874512864
S1,1950,0-17,
S1,1950,18-29,
S1,1950,30-65,
S1,1950,66+,
S1,1950,15-26,
S1,1950,27-45,
S1,1950,46-65,
S1,1951,00-04,
S1,1951,05-09,
S1,1951,10-14,
S1,1951,15-19,13446185.15133116
S1,1951,20-24,14082181.18067789
S1,1951,25-29,14321008.57552516
S1,1951,30-34,13515754.22502064
S1,1951,35-39,12579971.63371073
S1,1951,40-44,11616851.43963461
S1,1951,45-49,10503773.15525668
S1,1951,50-54,9401416.914852237
S1,1951,55-59,7979847.661914207
S1,1951,60-64,6423394.368060129
S1,1951,65-69,4889546.538386121
S1,1951,70-74,3716470.880993684
S1,1951,75+,5190191.195186723
S1,1951,0-8,22556306.477987133
S1,1951,9-14,15741871.502989855
S1,1951,0-17,
S1,1951,18-29,
S1,1951,30-65,
S1,1951,66+,
S1,1951,15-26,
S1,1951,27-45,
S1,1951,46-65,
S1,1952,00-04,
S1,1952,05-09,
S1,1952,10-14,
S1,1952,15-19,13737526.78849417
S1,1952,20-24,14387303.09249379
S1,1952,25-29,14631305.216339
S1,1952,30-34,13808603.23156734
S1,1952,35-39,12852544.82008149
S1,1952,40-44,11868556.47559922
S1,1952,45-49,10731360.86381493
S1,1952,50-54,9605119.613037521
S1,1952,55-59,8152748.886757396
S1,1952,60-64,6562571.555513108
S1,1952,65-69,4995489.486326051
S1,1952,70-74,3796996.52441978
S1,1952,75+,5302648.281191152
S1,1952,0-8,23045039.243726034
S1,1952,9-14,16082954.313026637
S1,1952,0-17,
S1,1952,18-29,
S1,1952,30-65,
S1,1952,66+,
S1,1952,15-26,
S1,1952,27-45,
S1,1952,46-65,
S1,1953,00-04,
S1,1953,05-09,
S1,1953,10-14,
S1,1953,15-19,14043798.30593726
S1,1953,20-24,14708061.05845768
S1,1953,25-29,14957503.09167522
S1,1953,30-34,14116459.3639422
S1,1953,35-39,13139086.09244127
S1,1953,40-44,12133160.20359234
S1,1953,45-49,10970611.36549495
S1,1953,50-54,9819261.110586505
S1,1953,55-59,8334510.481207645
S1,1953,60-64,6708880.915238564
S1,1953,65-69,5106861.509027366
S1,1953,70-74,3881648.726025254
S1,1953,75+,5420868.260707964
S1,1953,0-8,23558817.251032487
S1,1953,9-14,16441516.00307874
S1,1953,0-17,
S1,1953,18-29,
S1,1953,30-65,
S1,1953,66+,
S1,1953,15-26,
S1,1953,27-45,
S1,1953,46-65,
S1,1954,00-04,
S1,1954,05-09,
S1,1954,10-14,
S1,1954,15-19,14355296.368020602
S1,1954,20-24,15034292.78130833
S1,1954,25-29,15289267.5563281
S1,1954,30-34,14429569.08252076
S1,1954,35-39,13430517.21144355
S1,1954,40-44,12402279.41251517
S1,1954,45-49,11213944.69354313
S1,1954,50-54,10037056.94761051
S1,1954,55-59,8519373.849845735
S1,1954,60-64,6857687.054312864
S1,1954,65-69,5220134.10300342
S1,1954,70-74,3967745.5233093575
S1,1954,75+,5541105.672356473
S1,1954,0-8,24081362.915588897
S1,1954,9-14,16806196.57318534
S1,1954,0-17,
S1,1954,18-29,
S1,1954,30-65,
S1,1954,66+,
S1,1954,15-26,
S1,1954,27-45,
S1,1954,46-65,
S1,1955,00-04,
S1,1955,05-09,
S1,1955,10-14,
S1,1955,15-19,14689632.99436567
S1,1955,20-24,15384443.31802481
S1,1955,25-29,15645356.48706292
S1,1955,30-34,14765635.529564679
S1,1955,35-39,13743315.61695376
S1,1955,40-44,12691130.03262543
S1,1955,45-49,11475118.85120188
S1,1955,50-54,10270821.24423438
S1,1955,55-59,8717791.11957728
S1,1955,60-64,7017403.433236036
S1,1955,65-69,5341711.671332484
S1,1955,70-74,4060154.8068553386
S1,1955,75+,5670158.708199339
S1,1955,0-8,24642220.833710674
S1,1955,9-14,17197614.96817495
S1,1955,0-17,
S1,1955,18-29,
S1,1955,30-65,
S1,1955,66+,
S1,1955,15-26,
S1,1955,27-45,
S1,1955,46-65,
S1,1956,00-04,
S1,1956,05-09,
S1,1956,10-14,
S1,1956,15-19,15032920.9110936
S1,1956,20-24,15743968.53548187
S1,1956,25-29,16010979.08886446
S1,1956,30-34,15110699.57997713
S1,1956,35-39,14064488.6638834
S1,1956,40-44,12987714.13322851
S1,1956,45-49,11743285.49948679
S1,1956,50-54,10510844.17941394
S1,1956,55-59,8921520.671776224
S1,1956,60-64,7181395.944577811
S1,1956,65-69,5466544.270766137
S1,1956,70-74,4155038.190652119
S1,1956,75+,5802666.917982466
S1,1956,0-8,25218094.76172501
S1,1956,9-14,17599512.920110054
S1,1956,0-17,
S1,1956,18-29,
S1,1956,30-65,
S1,1956,66+,
S1,1956,15-26,
S1,1956,27-45,
S1,1956,46-65,
S1,1957,00-04,
S1,1957,05-09,
S1,1957,10-14,
S1,1957,15-19,15387921.59488298
S1,1957,20-24,16115760.5264535
S1,1957,25-29,16389076.50308619
S1,1957,30-34,15467536.99801138
S1,1957,35-39,14396619.9324742
S1,1957,40-44,13294417.496162761
S1,1957,45-49,12020601.82456473
S1,1957,50-54,10759056.54565755
S1,1957,55-59,9132201.34771755
S1,1957,60-64,7350983.776906929
S1,1957,65-69,5595636.079707593
S1,1957,70-74,4253158.935620849
S1,1957,75+,5939696.224254253
S1,1957,0-8,25813617.14471521
S1,1957,9-14,18015123.376517672
S1,1957,0-17,
S1,1957,18-29,
S1,1957,30-65,
S1,1957,66+,
S1,1957,15-26,
S1,1957,27-45,
S1,1957,46-65,
S1,1958,00-04,
S1,1958,05-09,
S1,1958,10-14,
S1,1958,15-19,15734850.73188999
S1,1958,20-24,16479099.191599373
S1,1958,25-29,16758577.226916771
S1,1958,30-34,15816261.107973602
S1,1958,35-39,14721199.62949137
S1,1958,40-44,13594147.43438186
S1,1958,45-49,12291612.88941755
S1,1958,50-54,11001625.37988113
S1,1958,55-59,9338091.838710913
S1,1958,60-64,7516715.740262063
S1,1958,65-69,5721792.765922043
S1,1958,70-74,4349048.737891433
S1,1958,75+,6073609.935242329
S1,1958,0-8,26395599.30935161
S1,1958,9-14,18421284.219458815
S1,1958,0-17,
S1,1958,18-29,
S1,1958,30-65,
S1,1958,66+,
S1,1958,15-26,
S1,1958,27-45,
S1,1958,46-65,
S1,1959,00-04,
S1,1959,05-09,
S1,1959,10-14,
S1,1959,15-19,16108070.792645082
S1,1959,20-24,16869972.32451146
S1,1959,25-29,17156079.39057712
S1,1959,30-34,16191412.16801339
S1,1959,35-39,15070376.568867821
S1,1959,40-44,13916591.454844732
S1,1959,45-49,12583161.66782884
S1,1959,50-54,11262576.52346982
S1,1959,55-59,9559585.087217994
S1,1959,60-64,7695007.174547717
S1,1959,65-69,5857509.836271966
S1,1959,70-74,4452205.244542814
S1,1959,75+,6217671.871873208
S1,1959,0-8,27021685.145548165
S1,1959,9-14,18858224.673024047
S1,1959,0-17,
S1,1959,18-29,
S1,1959,30-65,
S1,1959,66+,
S1,1959,15-26,
S1,1959,27-45,
S1,1959,46-65,
S1,1960,00-04,
S1,1960,05-09,
S1,1960,10-14,
S1,1960,15-19,16485548.28140372
S1,1960,20-24,17265304.25907138
S1,1960,25-29,17558115.97513546
S1,1960,30-34,16570842.68351799
S1,1960,35-39,15423536.669484008
S1,1960,40-44,14242713.68649356
S1,1960,45-49,12878036.226561531
S1,1960,50-54,11526504.41140613
S1,1960,55-59,9783604.972575417
S1,1960,60-64,7875332.430229751
S1,1960,65-69,5994775.070069211
S1,1960,70-74,4556538.486976503
S1,1960,75+,6363377.164228361
S1,1960,0-8,27654912.92198839
S1,1960,9-14,19300149.43134271
S1,1960,0-17,
S1,1960,18-29,
S1,1960,30-65,
S1,1960,66+,
S1,1960,15-26,
S1,1960,27-45,
S1,1960,46-65,
S1,1961,00-04,
S1,1961,05-09,
S1,1961,10-14,
S1,1961,15-19,16876051.79141375
S1,1961,20-24,17674278.33742604
S1,1961,25-29,17974026.06804924
S1,1961,30-34,16963366.61546614
S1,1961,35-39,15788883.64511332
S1,1961,40-44,14580089.76836264
S1,1961,45-49,13183086.33849388
S1,1961,50-54,11799539.942525081
S1,1961,55-59,10015355.35279492
S1,1961,60-64,8061880.363243878
S1,1961,65-69,6136777.0627614
S1,1961,70-74,4664472.068698335
S1,1961,75+,6514110.4656467885
S1,1961,0-8,28309992.169624932
S1,1961,9-14,19757324.162083015
S1,1961,0-17,
S1,1961,18-29,
S1,1961,30-65,
S1,1961,66+,
S1,1961,15-26,
S1,1961,27-45,
S1,1961,46-65,
S1,1962,00-04,
S1,1962,05-09,
S1,1962,10-14,
S1,1962,15-19,17279679.78315536
S1,1962,20-24,18096997.67717392
S1,1962,25-29,18403914.53574459
S1,1962,30-34,17369082.93376168
S1,1962,35-39,16166509.613336608
S1,1962,40-44,14928804.765528668
S1,1962,45-49,13498388.91812154
S1,1962,50-54,12081751.95925398
S1,1962,55-59,10254894.6607795
S1,1962,60-64,8254698.009272486
S1,1962,65-69,6283551.618340128
S1,1962,70-74,4776033.203784531
S1,1962,75+,6669909.781608222
S1,1962,0-8,28987088.058336295
S1,1962,9-14,20229864.13602331
S1,1962,0-17,
S1,1962,18-29,
S1,1962,30-65,
S1,1962,66+,
S1,1962,15-26,
S1,1962,27-45,
S1,1962,46-65,
S1,1963,00-04,
S1,1963,05-09,
S1,1963,10-14,
S1,1963,15-19,17684116.0832855
S1,1963,20-24,18520563.55778443
S1,1963,25-29,18834663.90125098
S1,1963,30-34,17775611.74254388
S1,1963,35-39,16544891.81810465
S1,1963,40-44,15278218.10191591
S1,1963,45-49,13814322.92501699
S1,1963,50-54,12364529.13584576
S1,1963,55-59,10494913.67194618
S1,1963,60-64,8447901.793338913
S1,1963,65-69,6430620.105724687
S1,1963,70-74,4887817.752021372
S1,1963,75+,6826021.102427092
S1,1963,0-8,29665539.90426046
S1,1963,9-14,20703350.421995126
S1,1963,0-17,
S1,1963,18-29,
S1,1963,30-65,
S1,1963,66+,
S1,1963,15-26,
S1,1963,27-45,
S1,1963,46-65,
S1,1964,00-04,
S1,1964,05-09,
S1,1964,10-14,
S1,1964,15-19,18101730.04644994
S1,1964,20-24,18957930.39653278
S1,1964,25-29,19279448.28287501
S1,1964,30-34,18195386.39413037
S1,1964,35-39,16935602.77078926
S1,1964,40-44,15639016.299664821
S1,1964,45-49,14140550.94331204
S1,1964,50-54,12656519.98179838
S1,1964,55-59,10742753.172149003
S1,1964,60-64,8647400.695728209
S1,1964,65-69,6582480.494748875
S1,1964,70-74,5003244.552718326
S1,1964,75+,6987218.96562835
S1,1964,0-8,30366097.60420343
S1,1964,9-14,21192264.21218923
S1,1964,0-17,
S1,1964,18-29,
S1,1964,30-65,
S1,1964,66+,
S1,1964,15-26,
S1,1964,27-45,
S1,1964,46-65,
S1,1965,00-04,
S1,1965,05-09,
S1,1965,10-14,
S1,1965,15-19,18525404.3865076
S1,1965,20-24,19401644.26415757
S1,1965,25-29,19730687.33610158
S1,1965,30-34,18621252.77832934
S1,1965,35-39,17331983.68625873
S1,1965,40-44,16005050.3689449
S1,1965,45-49,14471513.15375194
S1,1965,50-54,12952748.173079282
S1,1965,55-59,10994189.29725602
S1,1965,60-64,8849794.70854221
S1,1965,65-69,6736544.668305706
S1,1965,70-74,5120346.416936864
S1,1965,75+,7150756.117961568
S1,1965,0-8,31076821.73551986
S1,1965,9-14,21688273.076059546
S1,1965,0-17,
S1,1965,18-29,
S1,1965,30-65,
S1,1965,66+,
S1,1965,15-26,
S1,1965,27-45,
S1,1965,46-65,
S1,1966,00-04,
S1,1966,05-09,
S1,1966,10-14,
S1,1966,15-19,18932940.7693819
S1,1966,20-24,19828456.85945979
S1,1966,25-29,20164738.47910576
S1,1966,30-34,19030897.70934068
S1,1966,35-39,17713266.26407271
S1,1966,40-44,16357142.0263789
S1,1966,45-49,14789868.85613505
S1,1966,50-54,13237692.89161848
S1,1966,55-59,11236048.10073251
S1,1966,60-64,9044479.437115591
S1,1966,65-69,6884740.4641929995
S1,1966,70-74,5232987.815434033
S1,1966,75+,7308064.062356706
S1,1966,0-8,31760474.046534847
S1,1966,9-14,22165388.72632006
S1,1966,0-17,
S1,1966,18-29,
S1,1966,30-65,
S1,1966,66+,
S1,1966,15-26,
S1,1966,27-45,
S1,1966,46-65,
S1,1967,00-04,
S1,1967,05-09,
S1,1967,10-14,
S1,1967,15-19,19338018.72207971
S1,1967,20-24,20252694.74239746
S1,1967,25-29,20596171.24379347
S1,1967,30-34,19438071.49052992
S1,1967,35-39,18092248.78565993
S1,1967,40-44,16707109.71944581
S1,1967,45-49,15106304.10356376
S1,1967,50-54,13520918.70425352
S1,1967,55-59,11476447.91059298
S1,1967,60-64,9237989.745853744
S1,1967,65-69,7032042.280961009
S1,1967,70-74,5344949.71383054
S1,1967,75+,7464423.059335743
S1,1967,0-8,32440002.280431196
S1,1967,9-14,22639626.215116773
S1,1967,0-17,
S1,1967,18-29,
S1,1967,30-65,
S1,1967,66+,
S1,1967,15-26,
S1,1967,27-45,
S1,1967,46-65,
S1,1968,00-04,
S1,1968,05-09,
S1,1968,10-14,
S1,1968,15-19,19763842.7562816
S1,1968,20-24,20698659.98333604
S1,1968,25-29,21049699.852602363
S1,1968,30-34,19866098.69115268
S1,1968,35-39,18490640.91033491
S1,1968,40-44,17075001.0201438
S1,1968,45-49,15438945.5932483
S1,1968,50-54,13818649.936780833
S1,1968,55-59,11729159.80511694
S1,1968,60-64,9441410.691816716
S1,1968,65-69,7186888.165422695
S1,1968,70-74,5462645.744766268
S1,1968,75+,7628789.987809483
S1,1968,0-8,33154332.576574694
S1,1968,9-14,23138151.79347588
S1,1968,0-17,
S1,1968,18-29,
S1,1968,30-65,
S1,1968,66+,
S1,1968,15-26,
S1,1968,27-45,
S1,1968,46-65,
S1,1969,00-04,
S1,1969,05-09,
S1,1969,10-14,
S1,1969,15-19,20191758.79911363
S1,1969,20-24,21146816.183586113
S1,1969,25-29,21505456.57839723
S1,1969,30-34,20296228.72422667
S1,1969,35-39,18890990.27484621
S1,1969,40-44,17444699.71477496
S1,1969,45-49,15773221.29991278
S1,1969,50-54,14117843.87751125
S1,1969,55-59,11983113.234692518
S1,1969,60-64,9645831.013907677
S1,1969,65-69,7342494.78413284
S1,1969,70-74,5580919.998377734
S1,1969,75+,7793964.425970924
S1,1969,0-8,33872172.26867586
S1,1969,9-14,23639126.552079644
S1,1969,0-17,
S1,1969,18-29,
S1,1969,30-65,
S1,1969,66+,
S1,1969,15-26,
S1,1969,27-45,
S1,1969,46-65,
S1,1970,00-04,
S1,1970,05-09,
S1,1970,10-14,
S1,1970,15-19,20629449.77083996
S1,1970,20-24,21605209.66066737
S1,1970,25-29,21971624.20058725
S1,1970,30-34,20736184.26059514
S1,1970,35-39,19300484.85986637
S1,1970,40-44,17822843.4736024
S1,1970,45-49,16115132.8999224
S1,1970,50-54,14423872.335304633
S1,1970,55-59,12242867.74781742
S1,1970,60-64,9854920.92982776
S1,1970,65-69,7501655.940371679
S1,1970,70-74,5701896.002574263
S1,1970,75+,7962911.96031615
S1,1970,0-8,34606409.64454077
S1,1970,9-14,24151545.127117086
S1,1970,0-17,
S1,1970,18-29,
S1,1970,30-65,
S1,1970,66+,
S1,1970,15-26,
S1,1970,27-45,
S1,1970,46-65,
S1,1971,00-04,
S1,1971,05-09,
S1,1971,10-14,
S1,1971,15-19,21106226.392360635
S1,1971,20-24,22104537.51398799
S1,1971,25-29,22479420.42743986
S1,1971,30-34,21215427.67158382
S1,1971,35-39,19746547.16726758
S1,1971,40-44,18234755.33706119
S1,1971,45-49,16487577.08552751
S1,1971,50-54,14757229.02671735
S1,1971,55-59,12525818.247582078
S1,1971,60-64,10082682.50168114
S1,1971,65-69,7675030.13186934
S1,1971,70-74,5833675.121385872
S1,1971,75+,8146946.450042227
S1,1971,0-8,35406214.15976383
S1,1971,9-14,24709722.500635203
S1,1971,0-17,
S1,1971,18-29,
S1,1971,30-65,
S1,1971,66+,
S1,1971,15-26,
S1,1971,27-45,
S1,1971,46-65,
S1,1972,00-04,
S1,1972,05-09,
S1,1972,10-14,
S1,1972,15-19,21564093.465299115
S1,1972,20-24,22584061.40907191
S1,1972,25-29,22967076.829921648
S1,1972,30-34,21675663.698078886
S1,1972,35-39,20174918.09364931
S1,1972,40-44,18630330.2682081
S1,1972,45-49,16845249.67558036
S1,1972,50-54,15077364.38078477
S1,1972,55-59,12797546.5817032
S1,1972,60-64,10301410.76880915
S1,1972,65-69,7841528.089195594
S1,1972,70-74,5960227.717887425
S1,1972,75+,8323681.905027074
S1,1972,0-8,36174297.441909924
S1,1972,9-14,25245761.871395603
S1,1972,0-17,
S1,1972,18-29,
S1,1972,30-65,
S1,1972,66+,
S1,1972,15-26,
S1,1972,27-45,
S1,1972,46-65,
S1,1973,00-04,
S1,1973,05-09,
S1,1973,10-14,
S1,1973,15-19,22056000.91814416
S1,1973,20-24,23099235.77244174
S1,1973,25-29,23490988.31643434
S1,1973,30-34,22170116.22563847
S1,1973,35-39,20635136.49266407
S1,1973,40-44,19055314.43564569
S1,1973,45-49,17229513.6314841
S1,1973,50-54,15421300.37420381
S1,1973,55-59,13089476.70859686
S1,1973,60-64,10536400.5095163
S1,1973,65-69,8020404.428930266
S1,1973,70-74,6096188.936929649
S1,1973,75+,8513556.854826523
S1,1973,0-8,36999484.299022384
S1,1973,9-14,25821653.384631477
S1,1973,0-17,
S1,1973,18-29,
S1,1973,30-65,
S1,1973,66+,
S1,1973,15-26,
S1,1973,27-45,
S1,1973,46-65,
S1,1974,00-04,
S1,1974,05-09,
S1,1974,10-14,
S1,1974,15-19,22553470.28182369
S1,1974,20-24,23620235.12150085
S1,1974,25-29,24020823.57774714
S1,1974,30-34,22670159.44074357
S1,1974,35-39,21100558.499969177
S1,1974,40-44,19485103.82412979
S1,1974,45-49,17618122.39218248
S1,1974,50-54,15769125.19125644
S1,1974,55-59,13384707.63796117
S1,1974,60-64,10774047.23778743
S1,1974,65-69,8201303.291898228
S1,1974,70-74,6233687.445502426
S1,1974,75+,8705578.687203955
S1,1974,0-8,37834001.39842839
S1,1974,9-14,26404056.4016643
S1,1974,0-17,
S1,1974,18-29,
S1,1974,30-65,
S1,1974,66+,
S1,1974,15-26,
S1,1974,27-45,
S1,1974,46-65,
S1,1975,00-04,
S1,1975,05-09,
S1,1975,10-14,
S1,1975,15-19,23085752.53717111
S1,1975,20-24,24177693.98992348
S1,1975,25-29,24587736.69530715
S1,1975,30-34,23205195.66556479
S1,1975,35-39,21598550.7258709
S1,1975,40-44,19944969.86157704
S1,1975,45-49,18033925.98270378
S1,1975,50-54,16141290.77893642
S1,1975,55-59,13700598.81921506
S1,1975,60-64,11028324.47722276
S1,1975,65-69,8394861.452059412
S1,1975,70-74,6380808.095724357
S1,1975,75+,8911038.201851854
S1,1975,0-8,38726917.98029043
S1,1975,9-14,27027215.96496775
S1,1975,0-17,
S1,1975,18-29,
S1,1975,30-65,
S1,1975,66+,
S1,1975,15-26,
S1,1975,27-45,
S1,1975,46-65,
S1,1976,00-04,
S1,1976,05-09,
S1,1976,10-14,
S1,1976,15-19,23626431.11664737
S1,1976,20-24,24743946.32328082
S1,1976,25-29,25163592.41097201
S1,1976,30-34,23748671.65616654
S1,1976,35-39,22104398.37828798
S1,1976,40-44,20412089.91560563
S1,1976,45-49,18456288.5401733
S1,1976,50-54,16519326.97919527
S1,1976,55-59,14021472.92958335
S1,1976,60-64,11286612.73543515
S1,1976,65-69,8591472.83639662
S1,1976,70-74,6530249.455781904
S1,1976,75+,9119738.674963059
S1,1976,0-8,39633919.60249712
S1,1976,9-14,27660205.368783265
S1,1976,0-17,
S1,1976,18-29,
S1,1976,30-65,
S1,1976,66+,
S1,1976,15-26,
S1,1976,27-45,
S1,1976,46-65,
S1,1977,00-04,
S1,1977,05-09,
S1,1977,10-14,
S1,1977,15-19,24180848.96319715
S1,1977,20-24,25324587.78233007
S1,1977,25-29,25754081.285363093
S1,1977,30-34,24305957.99928894
S1,1977,35-39,22623100.20369968
S1,1977,40-44,20891080.02963164
S1,1977,45-49,18889383.81796727
S1,1977,50-54,16906969.51585431
S1,1977,55-59,14350500.821637608
S1,1977,60-64,11551464.39655684
S1,1977,65-69,8793080.343054267
S1,1977,70-74,6683488.293371575
S1,1977,75+,9333742.468100784
S1,1977,0-8,40563969.1833185
S1,1977,9-14,28309279.764318194
S1,1977,0-17,
S1,1977,18-29,
S1,1977,30-65,
S1,1977,66+,
S1,1977,15-26,
S1,1977,27-45,
S1,1977,46-65,
S1,1978,00-04,
S1,1978,05-09,
S1,1978,10-14,
S1,1978,15-19,24749430.34192339
S1,1978,20-24,25920062.69964444
S1,1978,25-29,26359655.18673217
S1,1978,30-34,24877481.1551356
S1,1978,35-39,23155053.13572697
S1,1978,40-44,21382306.748114794
S1,1978,45-49,19333543.23978308
S1,1978,50-54,17304515.03015937
S1,1978,55-59,14687934.28210037
S1,1978,60-64,11823082.13681475
S1,1978,65-69,8999838.251029862
S1,1978,70-74,6840641.873642048
S1,1978,75+,9553213.346450245
S1,1978,0-8,41517778.4379052
S1,1978,9-14,28974935.85206108
S1,1978,0-17,
S1,1978,18-29,
S1,1978,30-65,
S1,1978,66+,
S1,1978,15-26,
S1,1978,27-45,
S1,1978,46-65,
S1,1979,00-04,
S1,1979,05-09,
S1,1979,10-14,
S1,1979,15-19,25309232.45953276
S1,1979,20-24,26506343.1023594
S1,1979,25-29,26955878.63871158
S1,1979,30-34,25440179.6269401
S1,1979,35-39,23678792.37334412
S1,1979,40-44,21865948.61104253
S1,1979,45-49,19770844.5552881
S1,1979,50-54,17695922.18677894
S1,1979,55-59,15020157.553538628
S1,1979,60-64,12090505.92497553
S1,1979,65-69,9203403.684313158
S1,1979,70-74,6995368.901851075
S1,1979,75+,9769295.453692047
S1,1979,0-8,42456860.26592636
S1,1979,9-14,29630313.782926157
S1,1979,0-17,
S1,1979,18-29,
S1,1979,30-65,
S1,1979,66+,
S1,1979,15-26,
S1,1979,27-45,
S1,1979,46-65,
S1,1980,00-04,
S1,1980,05-09,
S1,1980,10-14,
S1,1980,15-19,25915232.8508237
S1,1980,20-24,27141006.927799575
S1,1980,25-29,27601306.07428351
S1,1980,30-34,26049315.39718076
S1,1980,35-39,24245753.75656609
S1,1980,40-44,22389503.54047099
S1,1980,45-49,20244234.63362467
S1,1980,50-54,18119630.6412565
S1,1980,55-59,15379797.90886151
S1,1980,60-64,12379999.14975646
S1,1980,65-69,9423768.574588664
S1,1980,70-74,7162864.944985703
S1,1980,75+,10003209.969947716
S1,1980,0-8,43473440.83490546
S1,1980,9-14,30339777.48457087
S1,1980,0-17,
S1,1980,18-29,
S1,1980,30-65,
S1,1980,66+,
S1,1980,15-26,
S1,1980,27-45,
S1,1980,46-65,
S1,1981,00-04,
S1,1981,05-09,
S1,1981,10-14,
S1,1981,15-19,26529754.26177941
S1,1981,20-24,27784594.81173014
S1,1981,25-29,28255808.916323364
S1,1981,30-34,26667016.27389878
S1,1981,35-39,24820687.22885768
S1,1981,40-44,22920420.21737248
S1,1981,45-49,20724281.08747615
S1,1981,50-54,18549296.89398736
S1,1981,55-59,15744495.19580357
S1,1981,60-64,12673562.961778972
S1,1981,65-69,9647232.033100171
S1,1981,70-74,7332716.163294852
S1,1981,75+,10240413.57680719
S1,1981,0-8,44504315.62405929
S1,1981,9-14,31059217.01171012
S1,1981,0-17,
S1,1981,18-29,
S1,1981,30-65,
S1,1981,66+,
S1,1981,15-26,
S1,1981,27-45,
S1,1981,46-65,
S1,1982,00-04,
S1,1982,05-09,
S1,1982,10-14,
S1,1982,15-19,27155404.63078545
S1,1982,20-24,28439838.046368256
S1,1982,25-29,28922164.77852337
S1,1982,30-34,27295903.688664295
S1,1982,35-39,25406032.72322176
S1,1982,40-44,23460951.7739513
S1,1982,45-49,21213021.16331035
S1,1982,50-54,18986744.38528378
S1,1982,55-59,16115797.13595233
S1,1982,60-64,12972443.20263676
S1,1982,65-69,9874742.405862719
S1,1982,70-74,7505643.380340034
S1,1982,75+,10481912.931451961
S1,1982,0-8,45553859.514206395
S1,1982,9-14,31791685.55976641
S1,1982,0-17,
S1,1982,18-29,
S1,1982,30-65,
S1,1982,66+,
S1,1982,15-26,
S1,1982,27-45,
S1,1982,46-65,
S1,1983,00-04,
S1,1983,05-09,
S1,1983,10-14,
S1,1983,15-19,27795419.79909727
S1,1983,20-24,29110125.52620836
S1,1983,25-29,29603820.02948891
S1,1983,30-34,27939230.22461725
S1,1983,35-39,26004817.62554852
S1,1983,40-44,24013893.82001967
S1,1983,45-49,21712982.60725977
S1,1983,50-54,19434235.57787182
S1,1983,55-59,16495624.08961711
S1,1983,60-64,13278185.670209438
S1,1983,65-69,10107476.36835943
S1,1983,70-74,7682540.969481865
S1,1983,75+,10728957.059877424
S1,1983,0-8,46627500.70868102
S1,1983,9-14,32540971.42978374
S1,1983,0-17,
S1,1983,18-29,
S1,1983,30-65,
S1,1983,66+,
S1,1983,15-26,
S1,1983,27-45,
S1,1983,46-65,
S1,1984,00-04,
S1,1984,05-09,
S1,1984,10-14,
S1,1984,15-19,28456498.95141068
S1,1984,20-24,29802473.30313338
S1,1984,25-29,30307909.71015524
S1,1984,30-34,28603729.72729355
S1,1984,35-39,26623309.55393884
S1,1984,40-44,24585034.12604946
S1,1984,45-49,22229398.62975385
S1,1984,50-54,19896454.46409623
S1,1984,55-59,16887951.79212581
S1,1984,60-64,13593990.64061709
S1,1984,65-69,10347870.00004114
S1,1984,70-74,7865260.558120097
S1,1984,75+,10984131.829304038
S1,1984,0-8,47736477.254665345
S1,1984,9-14,33314917.56780733
S1,1984,0-17,
S1,1984,18-29,
S1,1984,30-65,
S1,1984,66+,
S1,1984,15-26,
S1,1984,27-45,
S1,1984,46-65,
S1,1985,00-04,
S1,1985,05-09,
S1,1985,10-14,
S1,1985,15-19,29132720.551172525
S1,1985,20-24,30510679.75566698
S1,1985,25-29,31028127.0223634
S1,1985,30-34,29283450.02276536
S1,1985,35-39,27255968.4417472
S1,1985,40-44,25169256.77182551
S1,1985,45-49,22757643.49672863
S1,1985,50-54,20369260.77418635
S1,1985,55-59,17289266.01553298
S1,1985,60-64,13917029.32903206
S1,1985,65-69,10593770.004026297
S1,1985,70-74,8052165.457638389
S1,1985,75+,11245151.542596588
S1,1985,0-8,48870855.628873065
S1,1985,9-14,34106591.4449102
S1,1985,0-17,
S1,1985,18-29,
S1,1985,30-65,
S1,1985,66+,
S1,1985,15-26,
S1,1985,27-45,
S1,1985,46-65,
S1,1986,00-04,
S1,1986,05-09,
S1,1986,10-14,
S1,1986,15-19,29818789.22623193
S1,1986,20-24,31229199.04391414
S1,1986,25-29,31758832.07129335
S1,1986,30-34,29973068.34121238
S1,1986,35-39,27897840.04874128
S1,1986,40-44,25761986.81278906
S1,1986,45-49,23293580.61574398
S1,1986,50-54,20848952.04526892
S1,1986,55-59,17696424.13889433
S1,1986,60-64,14244772.07642705
S1,1986,65-69,10843250.78072821
S1,1986,70-74,8241792.0487141255
S1,1986,75+,11509972.200389935
S1,1986,0-8,50021752.71421135
S1,1986,9-14,34909793.60250821
S1,1986,0-17,
S1,1986,18-29,
S1,1986,30-65,
S1,1986,66+,
S1,1986,15-26,
S1,1986,27-45,
S1,1986,46-65,
S1,1987,00-04,
S1,1987,05-09,
S1,1987,10-14,
S1,1987,15-19,30519942.26811942
S1,1987,20-24,31963516.17997302
S1,1987,25-29,32505602.89235647
S1,1987,30-34,30677849.07133186
S1,1987,35-39,28553824.27613096
S1,1987,40-44,26367749.01466149
S1,1987,45-49,23841301.2083297
S1,1987,50-54,21339190.13092019
S1,1987,55-59,18112534.31430687
S1,1987,60-64,14579720.79606167
S1,1987,65-69,11098216.80940144
S1,1987,70-74,8435587.897422712
S1,1987,75+,11780615.383086449
S1,1987,0-8,51197954.19610316
S1,1987,9-14,35730655.50237804
S1,1987,0-17,
S1,1987,18-29,
S1,1987,30-65,
S1,1987,66+,
S1,1987,15-26,
S1,1987,27-45,
S1,1987,46-65,
S1,1988,00-04,
S1,1988,05-09,
S1,1988,10-14,
S1,1988,15-19,31223363.14092312
S1,1988,20-24,32700208.41391209
S1,1988,25-29,33254789.09188073
S1,1988,30-34,31384909.365873717
S1,1988,35-39,29211930.23903708
S1,1988,40-44,26975470.512389794
S1,1988,45-49,24390793.36520896
S1,1988,50-54,21831013.857680514
S1,1988,55-59,18529990.36924068
S1,1988,60-64,14915752.88411424
S1,1988,65-69,11354007.50802241
S1,1988,70-74,8630010.565371722
S1,1988,75+,12052133.942398781
S1,1988,0-8,52377960.02016418
S1,1988,9-14,36554172.42316809
S1,1988,0-17,
S1,1988,18-29,
S1,1988,30-65,
S1,1988,66+,
S1,1988,15-26,
S1,1988,27-45,
S1,1988,46-65,
S1,1989,00-04,
S1,1989,05-09,
S1,1989,10-14,
S1,1989,15-19,31937122.75925544
S1,1989,20-24,33447728.40948586
S1,1989,25-29,34014986.68695763
S1,1989,30-34,32102361.897469193
S1,1989,35-39,29879708.917588115
S1,1989,40-44,27592124.18452488
S1,1989,45-49,24948361.85277383
S1,1989,50-54,22330066.31556397
S1,1989,55-59,18953582.11347261
S1,1989,60-64,15256723.90756401
S1,1989,65-69,11613557.76943697
S1,1989,70-74,8827290.820530083
S1,1989,75+,12327643.229594745
S1,1989,0-8,53575309.34426752
S1,1989,9-14,37389793.23824349
S1,1989,0-17,
S1,1989,18-29,
S1,1989,30-65,
S1,1989,66+,
S1,1989,15-26,
S1,1989,27-45,
S1,1989,46-65,
S1,1990,00-04,
S1,1990,05-09,
S1,1990,10-14,
S1,1990,15-19,32661709.47445478
S1,1990,20-24,34206587.61674133
S1,1990,25-29,34786715.80159459
S1,1990,30-34,32830697.5441325
S1,1990,35-39,30557617.20315633
S1,1990,40-44,28218131.94292396
S1,1990,45-49,25514388.15704596
S1,1990,50-54,22836688.95416999
S1,1990,55-59,19383599.36669817
S1,1990,60-64,15602867.15735571
S1,1990,65-69,11877045.17684581
S1,1990,70-74,9027563.641221289
S1,1990,75+,12607331.746973574
S1,1990,0-8,54790821.38980088
S1,1990,9-14,38238089.675862655
S1,1990,0-17,
S1,1990,18-29,
S1,1990,30-65,
S1,1990,66+,
S1,1990,15-26,
S1,1990,27-45,
S1,1990,46-65,
S1,1991,00-04,
S1,1991,05-09,
S1,1991,10-14,
S1,1991,15-19,33392256.68368461
S1,1991,20-24,34971689.24561445
S1,1991,25-29,35564793.20648371
S1,1991,30-34,33565024.52376267
S1,1991,35-39,31241102.00317694
S1,1991,40-44,28849289.278908
S1,1991,45-49,26085070.627842985
S1,1991,50-54,23347479.10116356
S1,1991,55-59,19817153.96778987
S1,1991,60-64,15951857.80240155
S1,1991,65-69,12142700.04756308
S1,1991,70-74,9229483.918217106
S1,1991,75+,12889320.99896877
S1,1991,0-8,56016332.31074744
S1,1991,9-14,39093364.25115177
S1,1991,0-17,
S1,1991,18-29,
S1,1991,30-65,
S1,1991,66+,
S1,1991,15-26,
S1,1991,27-45,
S1,1991,46-65,
S1,1992,00-04,
S1,1992,05-09,
S1,1992,10-14,
S1,1992,15-19,34115537.09856423
S1,1992,20-24,35729180.36537359
S1,1992,25-29,36335131.03148197
S1,1992,30-34,34292047.11145298
S1,1992,35-39,31917788.14128975
S1,1992,40-44,29474168.45722439
S1,1992,45-49,26650076.48787186
S1,1992,50-54,23853188.38971649
S1,1992,55-59,20246395.97677813
S1,1992,60-64,16297377.01779076
S1,1992,65-69,12405712.43427761
S1,1992,70-74,9429395.682813551
S1,1992,75+,13168505.287948139
S1,1992,0-8,57229653.00534872
S1,1992,9-14,39940131.36193612
S1,1992,0-17,
S1,1992,18-29,
S1,1992,30-65,
S1,1992,66+,
S1,1992,15-26,
S1,1992,27-45,
S1,1992,46-65,
S1,1993,00-04,
S1,1993,05-09,
S1,1993,10-14,
S1,1993,15-19,34848174.65697788
S1,1993,20-24,36496471.21562112
S1,1993,25-29,37115434.78594537
S1,1993,30-34,35028475.2555023
S1,1993,35-39,32603228.628603175
S1,1993,40-44,30107131.75346054
S1,1993,45-49,27222391.8793371
S1,1993,50-54,24365440.08464755
S1,1993,55-59,20681191.12809724
S1,1993,60-64,16647366.24622837
S1,1993,65-69,12672127.435805272
S1,1993,70-74,9631893.723820899
S1,1993,75+,13451301.40908923
S1,1993,0-8,58458670.53849095
S1,1993,9-14,40797853.17470397
S1,1993,0-17,
S1,1993,18-29,
S1,1993,30-65,
S1,1993,66+,
S1,1993,15-26,
S1,1993,27-45,
S1,1993,46-65,
S1,1994,00-04,
S1,1994,05-09,
S1,1994,10-14,
S1,1994,15-19,35578013.91480945
S1,1994,20-24,37260831.40744387
S1,1994,25-29,37892758.17934862
S1,1994,30-34,35762090.62087204
S1,1994,35-39,33286051.083995335
S1,1994,40-44,30737677.45379275
S1,1994,45-49,27792521.318861052
S1,1994,50-54,24875735.24022345
S1,1994,55-59,21114325.58442323
S1,1994,60-64,16996018.69490303
S1,1994,65-69,12937524.86835182
S1,1994,70-74,9833618.325929966
S1,1994,75+,13733017.393754527
S1,1994,0-8,59682993.85354554
S1,1994,9-14,41652298.9290438
S1,1994,0-17,
S1,1994,18-29,
S1,1994,30-65,
S1,1994,66+,
S1,1994,15-26,
S1,1994,27-45,
S1,1994,46-65,
S1,1995,00-04,
S1,1995,05-09,
S1,1995,10-14,
S1,1995,15-19,36296493.94666183
S1,1995,20-24,38013295.08910324
S1,1995,25-29,38657983.30318104
S1,1995,30-34,36484287.98888464
S1,1995,35-39,33958246.08342203
S1,1995,40-44,31358409.334131785
S1,1995,45-49,28353777.2577183
S1,1995,50-54,25378088.15656506
S1,1995,55-59,21540718.73145955
S1,1995,60-64,17339244.71315455
S1,1995,65-69,13198791.65243261
S1,1995,70-74,10032203.28418412
S1,1995,75+,14010348.747835176
S1,1995,0-8,60888261.78748973
S1,1995,9-14,42493446.08056613
S1,1995,0-17,
S1,1995,18-29,
S1,1995,30-65,
S1,1995,66+,
S1,1995,15-26,
S1,1995,27-45,
S1,1995,46-65,
S1,1996,00-04,
S1,1996,05-09,
S1,1996,10-14,
S1,1996,15-19,37028328.49111086
S1,1996,20-24,38779744.94333494
S1,1996,25-29,39437431.7987183
S1,1996,30-34,37219908.96426397
S1,1996,35-39,34642935.28754378
S1,1996,40-44,31990678.865272038
S1,1996,45-49,28925465.357767425
S1,1996,50-54,25889778.393433124
S1,1996,55-59,21975037.32165475
S1,1996,60-64,17688850.33276038
S1,1996,65-69,13464914.64740922
S1,1996,70-74,10234479.37539805
S1,1996,75+,14292834.907752203
S1,1996,0-8,62115932.24494557
S1,1996,9-14,43350227.7796509
S1,1996,0-17,
S1,1996,18-29,
S1,1996,30-65,
S1,1996,66+,
S1,1996,15-26,
S1,1996,27-45,
S1,1996,46-65,
S1,1997,00-04,
S1,1997,05-09,
S1,1997,10-14,
S1,1997,15-19,37762617.59369504
S1,1997,20-24,39548765.45474475
S1,1997,25-29,40219494.54861144
S1,1997,30-34,37957997.19739052
S1,1997,35-39,35329920.92529081
S1,1997,40-44,32625069.015523575
S1,1997,45-49,29499070.888043635
S1,1997,50-54,26403184.82891887
S1,1997,55-59,22410812.60754282
S1,1997,60-64,18039628.52248359
S1,1997,65-69,13731930.21348296
S1,1997,70-74,10437433.89649617
S1,1997,75+,14576268.520487817
S1,1997,0-8,63347720.284075364
S1,1997,9-14,44209883.10707894
S1,1997,0-17,
S1,1997,18-29,
S1,1997,30-65,
S1,1997,66+,
S1,1997,15-26,
S1,1997,27-45,
S1,1997,46-65,
S1,1998,00-04,
S1,1998,05-09,
S1,1998,10-14,
S1,1998,15-19,38499260.58133905
S1,1998,20-24,40320251.18848477
S1,1998,25-29,41004064.3298855
S1,1998,30-34,38698451.4943177
S1,1998,35-39,36019108.80902424
S1,1998,40-44,33261492.80823492
S1,1998,45-49,30074515.20563561
S1,1998,50-54,26918237.07357416
S1,1998,55-59,22847984.843121834
S1,1998,60-64,18391531.18966017
S1,1998,65-69,13999801.74207816
S1,1998,70-74,10641039.02184997
S1,1998,75+,14860610.726506554
S1,1998,0-8,64583457.02331799
S1,1998,9-14,45072294.201717384
S1,1998,0-17,
S1,1998,18-29,
S1,1998,30-65,
S1,1998,66+,
S1,1998,15-26,
S1,1998,27-45,
S1,1998,46-65,
S1,1999,00-04,
S1,1999,05-09,
S1,1999,10-14,
S1,1999,15-19,39238668.91770301
S1,1999,20-24,41094633.07018524
S1,1999,25-29,41791579.37647361
S1,1999,30-34,39441685.447573
S1,1999,35-39,36710883.89560086
S1,1999,40-44,33900305.72804044
S1,1999,45-49,30652119.734121814
S1,1999,50-54,27435222.81802427
S1,1999,55-59,23286798.21789896
S1,1999,60-64,18744754.89512334
S1,1999,65-69,14268678.857098728
S1,1999,70-74,10845408.4783414
S1,1999,75+,15146020.349671237
S1,1999,0-8,65823832.7030886
S1,1999,9-14,45937942.77700334
S1,1999,0-17,
S1,1999,18-29,
S1,1999,30-65,
S1,1999,66+,
S1,1999,15-26,
S1,1999,27-45,
S1,1999,46-65,
S1,2000,00-04,
S1,2000,05-09,
S1,2000,10-14,
S1,2000,15-19,39978184.88101243
S1,2000,20-24,41869127.66951746
S1,2000,25-29,42579209.0523333
S1,2000,30-34,40185027.58462367
S1,2000,35-39,37402759.67571297
S1,2000,40-44,34539211.6323038
S1,2000,45-49,31229808.33768267
S1,2000,50-54,27952283.81398803
S1,2000,55-59,23725675.46556044
S1,2000,60-64,19098030.01519277
S1,2000,65-69,14537595.109387789
S1,2000,70-74,11049807.68248276
S1,2000,75+,15431471.516546534
S1,2000,0-8,67064388.929708764
S1,2000,9-14,46803717.35453653
S1,2000,0-17,
S1,2000,18-29,
S1,2000,30-65,
S1,2000,66+,
S1,2000,15-26,
S1,2000,27-45,
S1,2000,46-65,
S1,2001,00-04,
S1,2001,05-09,
S1,2001,10-14,
S1,2001,15-19,40729269.87172559
S1,2001,20-24,42655738.50391188
S1,2001,25-29,43379160.44909707
S1,2001,30-34,40939998.60594536
S1,2001,35-39,38105459.19764704
S1,2001,40-44,35188112.61480964
S1,2001,45-49,31816534.332749613
S1,2001,50-54,28477433.73991207
S1,2001,55-59,24171418.53242933
S1,2001,60-64,19456831.79019315
S1,2001,65-69,14810718.30195456
S1,2001,70-74,11257404.51873936
S1,2001,75+,15721388.296790369
S1,2001,0-8,68324352.48449181
S1,2001,9-14,47683036.1560079
S1,2001,0-17,
S1,2001,18-29,
S1,2001,30-65,
S1,2001,66+,
S1,2001,15-26,
S1,2001,27-45,
S1,2001,46-65,
S1,2002,00-04,
S1,2002,05-09,
S1,2002,10-14,
S1,2002,15-19,41492895.140053
S1,2002,20-24,43455482.76309797
S1,2002,25-29,44192468.00757
S1,2002,30-34,41707574.78688965
S1,2002,35-39,38819891.1429332
S1,2002,40-44,35847847.78860593
S1,2002,45-49,32413056.4320559
S1,2002,50-54,29011351.68269385
S1,2002,55-59,24624603.82204568
S1,2002,60-64,19821624.19730923
S1,2002,65-69,15088401.618475359
S1,2002,70-74,11468467.43671866
S1,2002,75+,16016145.590363884
S1,2002,0-8,69605352.6635666
S1,2002,9-14,48577036.25456047
S1,2002,0-17,
S1,2002,18-29,
S1,2002,30-65,
S1,2002,66+,
S1,2002,15-26,
S1,2002,27-45,
S1,2002,46-65,
S1,2003,00-04,
S1,2003,05-09,
S1,2003,10-14,
S1,2003,15-19,42226536.97956059
S1,2003,20-24,44223825.396298185
S1,2003,25-29,44973841.38274713
S1,2003,30-34,42445012.40807212
S1,2003,35-39,39506271.21478542
S1,2003,40-44,36481678.73497039
S1,2003,45-49,32986156.33903064
S1,2003,50-54,29524305.55933351
S1,2003,55-59,25059994.97959623
S1,2003,60-64,20172093.18215731
S1,2003,65-69,15355181.81497031
S1,2003,70-74,11671243.05693527
S1,2003,75+,16299329.361298045
S1,2003,0-8,70836054.90295745
S1,2003,9-14,49435933.810764536
S1,2003,0-17,
S1,2003,18-29,
S1,2003,30-65,
S1,2003,66+,
S1,2003,15-26,
S1,2003,27-45,
S1,2003,46-65,
S1,2004,00-04,
S1,2004,05-09,
S1,2004,10-14,
S1,2004,15-19,42954111.7253685
S1,2004,20-24,44985813.96611486
S1,2004,25-29,45748752.93251255
S1,2004,30-34,43176351.54508363
S1,2004,35-39,40186975.03974814
S1,2004,40-44,37110268.00680886
S1,2004,45-49,33554516.80688448
S1,2004,50-54,30033017.39433162
S1,2004,55-59,25491785.52604936
S1,2004,60-64,20519663.84788645
S1,2004,65-69,15619755.78444521
S1,2004,70-74,11872341.75713232
S1,2004,75+,16580171.250431094
S1,2004,0-8,72056579.4433668
S1,2004,9-14,50287728.429716006
S1,2004,0-17,
S1,2004,18-29,
S1,2004,30-65,
S1,2004,66+,
S1,2004,15-26,
S1,2004,27-45,
S1,2004,46-65,
S1,2005,00-04,
S1,2005,05-09,
S1,2005,10-14,
S1,2005,15-19,43688905.6157116
S1,2005,20-24,45755363.1414244
S1,2005,25-29,46531353.31220501
S1,2005,30-34,43914947.17768512
S1,2005,35-39,40874432.94644109
S1,2005,40-44,37745094.2691872
S1,2005,45-49,34128516.66284126
S1,2005,50-54,30546776.77157162
S1,2005,55-59,25927860.38608224
S1,2005,60-64,20870683.18041791
S1,2005,65-69,15886954.91062999
S1,2005,70-74,12075435.79951368
S1,2005,75+,16863799.70987992
S1,2005,0-8,73289214.2763841
S1,2005,9-14,51147974.72803636
S1,2005,0-17,
S1,2005,18-29,
S1,2005,30-65,
S1,2005,66+,
S1,2005,15-26,
S1,2005,27-45,
S1,2005,46-65,
S1,2006,00-04,
S1,2006,05-09,
S1,2006,10-14,
S1,2006,15-19,44380300.16512522
S1,2006,20-24,46479460.21450479
S1,2006,25-29,47267730.74266479
S1,2006,30-34,44609918.92597079
S1,2006,35-39,41521287.33089557
S1,2006,40-44,38342425.60713299
S1,2006,45-49,34668614.20174081
S1,2006,50-54,31030191.83231473
S1,2006,55-59,26338179.232394762
S1,2006,60-64,21200970.15808691
S1,2006,65-69,16138372.37868483
S1,2006,70-74,12266534.44059696
S1,2006,75+,17130676.140806604
S1,2006,0-8,74449045.6470119
S1,2006,9-14,51957412.05410646
S1,2006,0-17,
S1,2006,18-29,
S1,2006,30-65,
S1,2006,66+,
S1,2006,15-26,
S1,2006,27-45,
S1,2006,46-65,
S1,2007,00-04,
S1,2007,05-09,
S1,2007,10-14,
S1,2007,15-19,45081698.48897946
S1,2007,20-24,47214034.23421188
S1,2007,25-29,48014762.80400608
S1,2007,30-34,45314946.20711877
S1,2007,35-39,42177501.03900038
S1,2007,40-44,38948399.72072138
S1,2007,45-49,35216526.40154515
S1,2007,50-54,31520601.41627613
S1,2007,55-59,26754434.97420453
S1,2007,60-64,21536036.0516847
S1,2007,65-69,16393427.601250462
S1,2007,70-74,12460398.08424342
S1,2007,75+,17401414.001680583
S1,2007,0-8,75625658.59543888
S1,2007,9-14,52778561.11328274
S1,2007,0-17,
S1,2007,18-29,
S1,2007,30-65,
S1,2007,66+,
S1,2007,15-26,
S1,2007,27-45,
S1,2007,46-65,
S1,2008,00-04,
S1,2008,05-09,
S1,2008,10-14,
S1,2008,15-19,45745084.034580156
S1,2008,20-24,47908797.49536386
S1,2008,25-29,48721308.93441445
S1,2008,30-34,45981764.03610595
S1,2008,35-39,42798150.781060815
S1,2008,40-44,39521532.63862424
S1,2008,45-49,35734744.11214808
S1,2008,50-54,31984432.90597278
S1,2008,55-59,27148131.44167324
S1,2008,60-64,21852942.8121901
S1,2008,65-69,16634659.92563104
S1,2008,70-74,12643755.15060459
S1,2008,75+,17657479.03269426
S1,2008,0-8,76738504.17291887
S1,2008,9-14,53555207.41840619
S1,2008,0-17,
S1,2008,18-29,
S1,2008,30-65,
S1,2008,66+,
S1,2008,15-26,
S1,2008,27-45,
S1,2008,46-65,
S1,2009,00-04,
S1,2009,05-09,
S1,2009,10-14,
S1,2009,15-19,46406212.65419743
S1,2009,20-24,48601197.07936484
S1,2009,25-29,49425451.30078121
S1,2009,30-34,46646313.26202446
S1,2009,35-39,43416688.99003351
S1,2009,40-44,40092715.68200395
S1,2009,45-49,36251198.77707736
S1,2009,50-54,32446686.37916308
S1,2009,55-59,27540488.501322635
S1,2009,60-64,22168771.41368698
S1,2009,65-69,16875071.54551399
S1,2009,70-74,12826488.41180439
S1,2009,75+,17912672.896366708
S1,2009,0-8,77847563.70152278
S1,2009,9-14,54329211.469356954
S1,2009,0-17,
S1,2009,18-29,
S1,2009,30-65,
S1,2009,66+,
S1,2009,15-26,
S1,2009,27-45,
S1,2009,46-65,
S1,2010,00-04,
S1,2010,05-09,
S1,2010,10-14,
S1,2010,15-19,47097667.33878398
S1,2010,20-24,49325357.13197367
S1,2010,25-29,50161892.77887363
S1,2010,30-34,47341345.456615776
S1,2010,35-39,44063599.63570715
S1,2010,40-44,40690098.97382081
S1,2010,45-49,36791343.29184462
S1,2010,50-54,32930143.48572258
S1,2010,55-59,27950843.03578857
S1,2010,60-64,22499087.11860662
S1,2010,65-69,17126510.88101476
S1,2010,70-74,13017603.67400485
S1,2010,75+,18179572.539307922
S1,2010,0-8,79007495.95038293
S1,2010,9-14,55138719.19756372
S1,2010,0-17,
S1,2010,18-29,
S1,2010,30-65,
S1,2010,66+,
S1,2010,15-26,
S1,2010,27-45,
S1,2010,46-65,
S1,2011,00-04,
S1,2011,05-09,
S1,2011,10-14,
S1,2011,15-19,47788441.09724051
S1,2011,20-24,50048804.05107842
S1,2011,25-29,50897609.02904175
S1,2011,30-34,48035693.20204065
S1,2011,35-39,44709873.22103217
S1,2011,40-44,41286893.97850607
S1,2011,45-49,37330955.88670117
S1,2011,50-54,33413124.49661892
S1,2011,55-59,28360793.4640545
S1,2011,60-64,22829077.53743065
S1,2011,65-69,17377702.60576463
S1,2011,70-74,13208530.73099276
S1,2011,75+,18446209.34659986
S1,2011,0-8,80166285.92890364
S1,2011,9-14,55947429.74415198
S1,2011,0-17,
S1,2011,18-29,
S1,2011,30-65,
S1,2011,66+,
S1,2011,15-26,
S1,2011,27-45,
S1,2011,46-65,
S1,2012,00-04,
S1,2012,05-09,
S1,2012,10-14,
S1,2012,15-19,48464939.03432122
S1,2012,20-24,50757299.9115108
S1,2012,25-29,51618120.65737515
S1,2012,30-34,48715691.26457002
S1,2012,35-39,45342790.64429826
S1,2012,40-44,41871355.36631522
S1,2012,45-49,37859416.62044255
S1,2012,50-54,33886124.01856165
S1,2012,55-59,28762271.684140496
S1,2012,60-64,23152248.23530092
S1,2012,65-69,17623703.09655447
S1,2012,70-74,13395512.00902193
S1,2012,75+,18707335.72535202
S1,2012,0-8,81301127.86576389
S1,2012,9-14,56739427.13803792
S1,2012,0-17,
S1,2012,18-29,
S1,2012,30-65,
S1,2012,66+,
S1,2012,15-26,
S1,2012,27-45,
S1,2012,46-65,
S1,2013,00-04,
S1,2013,05-09,
S1,2013,10-14,
S1,2013,15-19,49147134.88120954
S1,2013,20-24,51468079.32357386
S1,2013,25-29,52333803.72608162
S1,2013,30-34,49378835.65120704
S1,2013,35-39,45950422.14630903
S1,2013,40-44,42429720.04559071
S1,2013,45-49,38364061.69836552
S1,2013,50-54,34335742.1027732
S1,2013,55-59,29141296.44692592
S1,2013,60-64,23455960.522652537
S1,2013,65-69,17854372.44399215
S1,2013,70-74,13570963.45863171
S1,2013,75+,18949145.81202605
S1,2013,0-8,82465120.20473084
S1,2013,9-14,57547528.58889566
S1,2013,0-17,
S1,2013,18-29,
S1,2013,30-65,
S1,2013,66+,
S1,2013,15-26,
S1,2013,27-45,
S1,2013,46-65,
S1,2014,00-04,
S1,2014,05-09,
S1,2014,10-14,
S1,2014,15-19,49830038.93140941
S1,2014,20-24,52179608.83341429
S1,2014,25-29,53050236.05008417
S1,2014,30-34,50042671.00345777
S1,2014,35-39,46558752.41695346
S1,2014,40-44,42988758.54118331
S1,2014,45-49,38869336.6156051
S1,2014,50-54,34785923.28062257
S1,2014,55-59,29520803.67731705
S1,2014,60-64,23760071.009565473
S1,2014,65-69,18085351.32057483
S1,2014,70-74,13746653.36249366
S1,2014,75+,19191275.68452732
S1,2014,0-8,83630336.53850378
S1,2014,9-14,58356495.894919574
S1,2014,0-17,
S1,2014,18-29,
S1,2014,30-65,
S1,2014,66+,
S1,2014,15-26,
S1,2014,27-45,
S1,2014,46-65,
S1,2015,00-04,
S1,2015,05-09,
S1,2015,10-14,
S1,2015,15-19,50513514.758561715
S1,2015,20-24,52891723.45378089
S1,2015,25-29,53767304.93031629
S1,2015,30-34,50707185.10974945
S1,2015,35-39,47167794.71411351
S1,2015,40-44,43548491.39788702
S1,2015,45-49,39375256.28584379
S1,2015,50-54,35236701.05029693
S1,2015,55-59,29900839.28610763
S1,2015,60-64,24064620.02581288
S1,2015,65-69,18316673.72885732
S1,2015,70-74,13922599.698266272
S1,2015,75+,19433765.51981054
S1,2015,0-8,84796337.00105625
S1,2015,9-14,59166092.79981767
S1,2015,0-17,
S1,2015,18-29,
S1,2015,30-65,
S1,2015,66+,
S1,2015,15-26,
S1,2015,27-45,
S1,2015,46-65,
S1,2016,00-04,
S1,2016,05-09,
S1,2016,10-14,
S1,2016,15-19,51178765.56573182
S1,2016,20-24,53584945.12398696
S1,2016,25-29,54465339.58684477
S1,2016,30-34,51354025.40906696
S1,2016,35-39,47760650.98875472
S1,2016,40-44,44093375.77854155
S1,2016,45-49,39867753.33390496
S1,2016,50-54,35675455.96135639
S1,2016,55-59,30270735.22623975
S1,2016,60-64,24361052.90034913
S1,2016,65-69,18541836.64409292
S1,2016,70-74,14093824.16899399
S1,2016,75+,19669659.66104235
S1,2016,0-8,85931568.86573736
S1,2016,9-14,59954298.10150692
S1,2016,0-17,
S1,2016,18-29,
S1,2016,30-65,
S1,2016,66+,
S1,2016,15-26,
S1,2016,27-45,
S1,2016,46-65,
S1,2017,00-04,
S1,2017,05-09,
S1,2017,10-14,
S1,2017,15-19,51806779.08572506
S1,2017,20-24,54239545.72660783
S1,2017,25-29,55124457.3728985
S1,2017,30-34,51964708.05029766
S1,2017,35-39,48320250.34291609
S1,2017,40-44,44607672.42185643
S1,2017,45-49,40332566.98681501
S1,2017,50-54,36089415.81226434
S1,2017,55-59,30619701.71910794
S1,2017,60-64,24640717.082278
S1,2017,65-69,18754262.25201868
S1,2017,70-74,14255288.24773803
S1,2017,75+,19891958.227309268
S1,2017,0-8,87003766.63534707
S1,2017,9-14,60698699.72085442
S1,2017,0-17,
S1,2017,18-29,
S1,2017,30-65,
S1,2017,66+,
S1,2017,15-26,
S1,2017,27-45,
S1,2017,46-65,
S1,2018,00-04,
S1,2018,05-09,
S1,2018,10-14,
S1,2018,15-19,52434983.24352618
S1,2018,20-24,54894357.62940729
S1,2018,25-29,55783801.18950969
S1,2018,30-34,52575648.58499675
S1,2018,35-39,48880200.41446754
S1,2018,40-44,45122346.61290013
S1,2018,45-49,40797753.13633601
S1,2018,50-54,36503721.44839823
S1,2018,55-59,30968983.073089823
S1,2018,60-64,24920653.05957304
S1,2018,65-69,18966906.76117956
S1,2018,70-74,14416918.17233176
S1,2018,75+,20114487.55472623
S1,2018,0-8,88076220.50439915
S1,2018,9-14,61443323.65073389
S1,2018,0-17,
S1,2018,18-29,
S1,2018,30-65,
S1,2018,66+,
S1,2018,15-26,
S1,2018,27-45,
S1,2018,46-65,
S1,2019,00-04,
S1,2019,05-09,
S1,2019,10-14,
S1,2019,15-19,53064431.05799347
S1,2019,20-24,55550425.32188067
S1,2019,25-29,56444414.77025359
S1,2019,30-34,53187789.05562879
S1,2019,35-39,49441313.64961186
S1,2019,40-44,45638124.95457673
S1,2019,45-49,41263943.64337344
S1,2019,50-54,36918919.17726825
S1,2019,55-59,31319021.84383234
S1,2019,60-64,25201202.69038791
S1,2019,65-69,19180016.56445133
S1,2019,70-74,14578889.21234804
S1,2019,75+,20337458.21813853
S1,2019,0-8,89150673.77453354
S1,2019,9-14,62189388.5935542
S1,2019,0-17,
S1,2019,18-29,
S1,2019,30-65,
S1,2019,66+,
S1,2019,15-26,
S1,2019,27-45,
S1,2019,46-65,
S1,2020,00-04,
S1,2020,05-09,
S1,2020,10-14,
S1,2020,15-19,53694584.63782907
S1,2020,20-24,56207268.95193532
S1,2020,25-29,57105867.85677715
S1,2020,30-34,53800805.99862477
S1,2020,35-39,50003375.04527389
S1,2020,40-44,46154844.42572346
S1,2020,45-49,41731025.18733229
S1,2020,50-54,37334942.25888407
S1,2020,55-59,31669790.77105924
S1,2020,60-64,25482359.625914834
S1,2020,65-69,19393608.6958257
S1,2020,70-74,14741238.27777607
S1,2020,75+,20560970.045366284
S1,2020,0-8,90226172.67471282
S1,2020,9-14,62936258.54519291
S1,2020,0-17,
S1,2020,18-29,
S1,2020,30-65,
S1,2020,66+,
S1,2020,15-26,
S1,2020,27-45,
S1,2020,46-65,
S1,2021,00-04,
S1,2021,05-09,
S1,2021,10-14,
S1,2021,15-19,54305941.25758326
S1,2021,20-24,56843979.897826776
S1,2021,25-29,57746411.86713499
S1,2021,30-34,54393808.96451659
S1,2021,35-39,50547194.1647391
S1,2021,40-44,46655165.19914797
S1,2021,45-49,42183379.57172604
S1,2021,50-54,37737755.12988637
S1,2021,55-59,32009362.27890758
S1,2021,60-64,25754563.53927411
S1,2021,65-69,19600386.99028574
S1,2021,70-74,14898385.660120588
S1,2021,75+,20777052.968667343
S1,2021,0-8,91269406.1778245
S1,2021,9-14,63660310.920494
S1,2021,0-17,
S1,2021,18-29,
S1,2021,30-65,
S1,2021,66+,
S1,2021,15-26,
S1,2021,27-45,
S1,2021,46-65,
S1,2022,00-04,
S1,2022,05-09,
S1,2022,10-14,
S1,2022,15-19,54878564.50496528
S1,2022,20-24,57439219.31773674
S1,2022,25-29,58343861.77639865
S1,2022,30-34,54945526.9093274
S1,2022,35-39,51053270.127305925
S1,2022,40-44,47121515.682686776
S1,2022,45-49,42605242.83185202
S1,2022,50-54,38113240.25790016
S1,2022,55-59,32325778.37374398
S1,2022,60-64,26008257.42996358
S1,2022,65-69,19793083.89592035
S1,2022,70-74,15044793.89495764
S1,2022,75+,20977830.448255282
S1,2022,0-8,92246041.47909158
S1,2022,9-14,64337277.25549022
S1,2022,0-17,
S1,2022,18-29,
S1,2022,30-65,
S1,2022,66+,
S1,2022,15-26,
S1,2022,27-45,
S1,2022,46-65,
S1,2023,00-04,
S1,2023,05-09,
S1,2023,10-14,
S1,2023,15-19,55451910.55251614
S1,2023,20-24,58035212.15113201
S1,2023,25-29,58942115.460372925
S1,2023,30-34,55498069.92537119
S1,2023,35-39,51560222.1169225
S1,2023,40-44,47588739.03591327
S1,2023,45-49,43027926.00203574
S1,2023,50-54,38489483.70264307
S1,2023,55-59,32642861.08018426
S1,2023,60-64,26262498.95617681
S1,2023,65-69,19986210.49629923
S1,2023,70-74,15191526.00088709
S1,2023,75+,21179051.77814723
S1,2023,0-8,93223899.13936831
S1,2023,9-14,65015145.8136439
S1,2023,0-17,
S1,2023,18-29,
S1,2023,30-65,
S1,2023,66+,
S1,2023,15-26,
S1,2023,27-45,
S1,2023,46-65,
S1,2024,00-04,
S1,2024,05-09,
S1,2024,10-14,
S1,2024,15-19,56026431.48617461
S1,2024,20-24,58632426.90146025
S1,2024,25-29,59541611.13972694
S1,2024,30-34,56051797.79529476
S1,2024,35-39,52068341.28889458
S1,2024,40-44,48057073.91703203
S1,2024,45-49,43451634.04588878
S1,2024,50-54,38866649.44050997
S1,2024,55-59,32960740.662465885
S1,2024,60-64,26517396.70712095
S1,2024,65-69,20179844.27878749
S1,2024,70-74,15338641.68867395
S1,2024,75+,21380793.140860472
S1,2024,0-8,94203654.95200261
S1,2024,9-14,65694384.78278531
S1,2024,0-17,
S1,2024,18-29,
S1,2024,30-65,
S1,2024,66+,
S1,2024,15-26,
S1,2024,27-45,
S1,2024,46-65,
S1,2025,00-04,
S1,2025,05-09,
S1,2025,10-14,
S1,2025,15-19,56601705.23589223
S1,2025,20-24,59230425.70450575
S1,2025,25-29,60141922.564047635
S1,2025,30-34,56606330.05791998
S1,2025,35-39,52577318.95097136
S1,2025,40-44,48526244.36666322
S1,2025,45-49,43876117.9980687
S1,2025,50-54,39244510.11488482
S1,2025,55-59,33279216.03113497
S1,2025,60-64,26772783.52587092
S1,2025,65-69,20373856.14963809
S1,2025,70-74,15486042.52916171
S1,2025,75+,21582914.373877477
S1,2025,0-8,95184506.76779598
S1,2025,9-14,66374458.73258591
S1,2025,0-17,
S1,2025,18-29,
S1,2025,30-65,
S1,2025,66+,
S1,2025,15-26,
S1,2025,27-45,
S1,2025,46-65,
S1,2026,00-04,
S1,2026,05-09,
S1,2026,10-14,
S1,2026,15-19,57154413.31643514
S1,2026,20-24,59804630.17648399
S1,2026,25-29,60717932.36902481
S1,2026,30-34,57138103.85016572
S1,2026,35-39,53065688.39372641
S1,2026,40-44,48976807.09907329
S1,2026,45-49,44283851.974888
S1,2026,50-54,39607388.22054417
S1,2026,55-59,33585060.57414995
S1,2026,60-64,27018091.04352687
S1,2026,65-69,20560222.31335476
S1,2026,70-74,15627610.23803437
S1,2026,75+,21776863.34158581
S1,2026,0-8,96126306.2613271
S1,2026,9-14,67027234.44184422
S1,2026,0-17,
S1,2026,18-29,
S1,2026,30-65,
S1,2026,66+,
S1,2026,15-26,
S1,2026,27-45,
S1,2026,46-65,
S1,2027,00-04,
S1,2027,05-09,
S1,2027,10-14,
S1,2027,15-19,57660981.4847088
S1,2027,20-24,60330226.45565737
S1,2027,25-29,61244250.44928944
S1,2027,30-34,57623246.21035771
S1,2027,35-39,53511659.22136901
S1,2027,40-44,49388996.17847748
S1,2027,45-49,44657028.25102497
S1,2027,50-54,39939353.94573946
S1,2027,55-59,33864825.8471138
S1,2027,60-64,27242569.25326228
S1,2027,65-69,20730760.20936917
S1,2027,70-74,15757092.64004468
S1,2027,75+,21953857.737811215
S1,2027,0-8,96988408.89630677
S1,2027,9-14,67624245.18702589
S1,2027,0-17,
S1,2027,18-29,
S1,2027,30-65,
S1,2027,66+,
S1,2027,15-26,
S1,2027,27-45,
S1,2027,46-65,
S1,2028,00-04,
S1,2028,05-09,
S1,2028,10-14,
S1,2028,15-19,58168103.971340194
S1,2028,20-24,60856362.22633189
S1,2028,25-29,61771130.47262737
S1,2028,30-34,58108963.51036657
S1,2028,35-39,53958266.08498153
S1,2028,40-44,49801834.52871341
S1,2028,45-49,45030818.70128523
S1,2028,50-54,40271886.77100459
S1,2028,55-59,34145095.04872537
S1,2028,60-64,27467466.42307227
S1,2028,65-69,20901633.44271138
S1,2028,70-74,15886827.8019996
S1,2028,75+,22131197.504888967
S1,2028,0-8,97851359.74082604
S1,2028,9-14,68221880.39016567
S1,2028,0-17,
S1,2028,18-29,
S1,2028,30-65,
S1,2028,66+,
S1,2028,15-26,
S1,2028,27-45,
S1,2028,46-65,
S1,2029,00-04,
S1,2029,05-09,
S1,2029,10-14,
S1,2029,15-19,58676438.56540366
S1,2029,20-24,61383784.63497362
S1,2029,25-29,62299341.66607033
S1,2029,30-34,58595981.659725696
S1,2029,35-39,54406187.42380776
S1,2029,40-44,50215923.23635944
S1,2029,45-49,45405758.11486226
S1,2029,50-54,40605448.8497152
S1,2029,55-59,34426244.60139035
S1,2029,60-64,27693085.413378
S1,2029,65-69,21073059.575252675
S1,2029,70-74,16016982.30895567
S1,2029,75+,22309111.43985901
S1,2029,0-8,98716153.53622083
S1,2029,9-14,68820904.49693048
S1,2029,0-17,
S1,2029,18-29,
S1,2029,30-65,
S1,2029,66+,
S1,2029,15-26,
S1,2029,27-45,
S1,2029,46-65,
S1,2030,00-04,
S1,2030,05-09,
S1,2030,10-14,
S1,2030,15-19,59185946.76305161
S1,2030,20-24,61912408.24470118
S1,2030,25-29,62828781.62181151
S1,2030,30-34,59084178.085981
S1,2030,35-39,54855311.32909107
S1,2030,40-44,50631166.98947272
S1,2030,45-49,45781766.21753033
S1,2030,50-54,40939969.12342118
S1,2030,55-59,34708213.16977666
S1,2030,60-64,27919377.68695633
S1,2030,65-69,21245005.05984495
S1,2030,70-74,16147523.918320403
S1,2030,75+,22487541.00486624
S1,2030,0-8,99582918.95786457
S1,2030,9-14,69421354.629122
S1,2030,0-17,
S1,2030,18-29,
S1,2030,30-65,
S1,2030,66+,
S1,2030,15-26,
S1,2030,27-45,
S1,2030,46-65,
S1,2031,00-04,
S1,2031,05-09,
S1,2031,10-14,
S1,2031,15-19,59671190.46823862
S1,2031,20-24,62415828.30495014
S1,2031,25-29,63332868.91931292
S1,2031,30-34,59548977.984052986
S1,2031,35-39,55283171.2456337
S1,2031,40-44,51027014.3654068
S1,2031,45-49,46140285.142351374
S1,2031,50-54,41258896.68276109
S1,2031,55-59,34977091.9223636
S1,2031,60-64,28135215.35499753
S1,2031,65-69,21409035.924756795
S1,2031,70-74,16272035.52103156
S1,2031,75+,22657611.858396247
S1,2031,0-8,100408167.71940362
S1,2031,9-14,69993085.82614014
S1,2031,0-17,
S1,2031,18-29,
S1,2031,30-65,
S1,2031,66+,
S1,2031,15-26,
S1,2031,27-45,
S1,2031,46-65,
S1,2032,00-04,
S1,2032,05-09,
S1,2032,10-14,
S1,2032,15-19,60107477.94634421
S1,2032,20-24,62868414.93601461
S1,2032,25-29,63785747.357569546
S1,2032,30-34,59966388.89678326
S1,2032,35-39,55667743.85748547
S1,2032,40-44,51383231.97903274
S1,2032,45-49,46463031.41157008
S1,2032,50-54,41545890.07773446
S1,2032,55-59,35219115.44896969
S1,2032,60-64,28329584.450570114
S1,2032,65-69,21556784.68617247
S1,2032,70-74,16384120.949150562
S1,2032,75+,22810446.12907187
S1,2032,0-8,101149928.23545408
S1,2032,9-14,70506988.01340128
S1,2032,0-17,
S1,2032,18-29,
S1,2032,30-65,
S1,2032,66+,
S1,2032,15-26,
S1,2032,27-45,
S1,2032,46-65,
S1,2033,00-04,
S1,2033,05-09,
S1,2033,10-14,
S1,2033,15-19,60544331.554085374
S1,2033,20-24,63321547.46612027
S1,2033,25-29,64239221.53979134
S1,2033,30-34,60384444.10917957
S1,2033,35-39,56053081.80034646
S1,2033,40-44,51740232.2955737
S1,2033,45-49,46786528.06396131
S1,2033,50-54,41833583.7218667
S1,2033,55-59,35461763.65426746
S1,2033,60-64,28524481.385591336
S1,2033,65-69,21704949.94679531
S1,2033,70-74,16496517.04018934
S1,2033,75+,22963691.76914623
S1,2033,0-8,101892532.27708857
S1,2033,9-14,71021599.79859209
S1,2033,0-17,
S1,2033,18-29,
S1,2033,30-65,
S1,2033,66+,
S1,2033,15-26,
S1,2033,27-45,
S1,2033,46-65,
S1,2034,00-04,
S1,2034,05-09,
S1,2034,10-14,
S1,2034,15-19,60982501.76763863
S1,2034,20-24,63776096.6658708
S1,2034,25-29,64694155.99114697
S1,2034,30-34,60803908.0085839
S1,2034,35-39,56439804.6596314
S1,2034,40-44,52098559.37928592
S1,2034,45-49,47111244.80985625
S1,2034,50-54,42122375.88440917
S1,2034,55-59,35705352.97905984
S1,2034,60-64,28720142.64606321
S1,2034,65-69,21853708.54608465
S1,2034,70-74,16609369.91497255
S1,2034,75+,23117571.76307713
S1,2034,0-8,102637116.39860485
S1,2034,9-14,71537641.14674039
S1,2034,0-17,
S1,2034,18-29,
S1,2034,30-65,
S1,2034,66+,
S1,2034,15-26,
S1,2034,27-45,
S1,2034,46-65,
S1,2035,00-04,
S1,2035,05-09,
S1,2035,10-14,
S1,2035,15-19,61421487.08661347
S1,2035,20-24,64231459.03727862
S1,2035,25-29,65149916.49023387
S1,2035,30-34,61224161.9716748
S1,2035,35-39,56827365.15138429
S1,2035,40-44,52457685.70393735
S1,2035,45-49,47436698.60835458
S1,2035,50-54,42411819.79284485
S1,2035,55-59,35949494.01021168
S1,2035,60-64,28916262.20471732
S1,2035,65-69,22002814.51590843
S1,2035,70-74,16722478.73313354
S1,2035,75+,23271789.50006107
S1,2035,0-8,103383101.38196425
S1,2035,9-14,72054735.82223558
S1,2035,0-17,
S1,2035,18-29,
S1,2035,30-65,
S1,2035,66+,
S1,2035,15-26,
S1,2035,27-45,
S1,2035,46-65,
S1,2036,00-04,
S1,2036,05-09,
S1,2036,10-14,
S1,2036,15-19,61861640.36805944
S1,2036,20-24,64688037.621114165
S1,2036,25-29,65606962.25929007
S1,2036,30-34,61645717.82369037
S1,2036,35-39,57216283.67751061
S1,2036,40-44,52818156.85891189
S1,2036,45-49,47763411.12843183
S1,2036,50-54,42702422.466443
S1,2036,55-59,36194657.58327278
S1,2036,60-64,29113224.26418566
S1,2036,65-69,22152584.92703319
S1,2036,70-74,16836091.71348547
S1,2036,75+,23426690.931268416
S1,2036,0-8,104130885.62986901
S1,2036,9-14,72573164.6018157
S1,2036,0-17,
S1,2036,18-29,
S1,2036,30-65,
S1,2036,66+,
S1,2036,15-26,
S1,2036,27-45,
S1,2036,46-65,
S1,2037,00-04,
S1,2037,05-09,
S1,2037,10-14,
S1,2037,15-19,62259696.86931254
S1,2037,20-24,65104280.93078369
S1,2037,25-29,66029118.5050572
S1,2037,30-34,62042384.94418922
S1,2037,35-39,57584449.04719478
S1,2037,40-44,53158021.92871612
S1,2037,45-49,48070750.80142753
S1,2037,50-54,42977196.5717026
S1,2037,55-59,36427556.65733436
S1,2037,60-64,29300556.96538545
S1,2037,65-69,22295128.51943233
S1,2037,70-74,16944425.66199335
S1,2037,75+,23577432.918913044
S1,2037,0-8,104800928.90320605
S1,2037,9-14,73040145.75224082
S1,2037,0-17,
S1,2037,18-29,
S1,2037,30-65,
S1,2037,66+,
S1,2037,15-26,
S1,2037,27-45,
S1,2037,46-65,
S1,2038,00-04,
S1,2038,05-09,
S1,2038,10-14,
S1,2038,15-19,62640722.80102418
S1,2038,20-24,65502715.56100909
S1,2038,25-29,66433213.09053674
S1,2038,30-34,62422080.93883234
S1,2038,35-39,57936862.71853602
S1,2038,40-44,53483346.10875273
S1,2038,45-49,48364941.16105358
S1,2038,50-54,43240214.658675626
S1,2038,55-59,36650491.3070882
S1,2038,60-64,29479874.76773262
S1,2038,65-69,22431573.483733714
S1,2038,70-74,17048124.6181372
S1,2038,75+,23721725.515842255
S1,2038,0-8,105442304.84281926
S1,2038,9-14,73487147.44012281
S1,2038,0-17,
S1,2038,18-29,
S1,2038,30-65,
S1,2038,66+,
S1,2038,15-26,
S1,2038,27-45,
S1,2038,46-65,
S1,2039,00-04,
S1,2039,05-09,
S1,2039,10-14,
S1,2039,15-19,63004866.71034549
S1,2039,20-24,65883496.84591402
S1,2039,25-29,66819403.5564483
S1,2039,30-34,62784953.83628021
S1,2039,35-39,58273662.083881065
S1,2039,40-44,53794256.23023216
S1,2039,45-49,48646096.90065807
S1,2039,50-54,43491579.26785675
S1,2039,55-59,36863548.44605995
S1,2039,60-64,29651247.58024507
S1,2039,65-69,22561973.01450765
S1,2039,70-74,17147229.01009583
S1,2039,75+,23859624.97611229
S1,2039,0-8,106055263.49617445
S1,2039,9-14,73914343.933987
S1,2039,0-17,
S1,2039,18-29,
S1,2039,30-65,
S1,2039,66+,
S1,2039,15-26,
S1,2039,27-45,
S1,2039,46-65,
S1,2040,00-04,
S1,2040,05-09,
S1,2040,10-14,
S1,2040,15-19,63353261.32952534
S1,2040,20-24,66247809.27116509
S1,2040,25-29,67188891.21464613
S1,2040,30-34,63132132.415080726
S1,2040,35-39,58595894.81557247
S1,2040,40-44,54091719.432551995
S1,2040,45-49,48915092.60351711
S1,2040,50-54,43732072.31208798
S1,2040,55-59,37067390.82511816
S1,2040,60-64,29815208.48752574
S1,2040,65-69,22686732.74191843
S1,2040,70-74,17242047.11912265
S1,2040,75+,23991560.259707768
S1,2040,0-8,106641711.57656848
S1,2040,9-14,74323064.1019892
S1,2040,0-17,
S1,2040,18-29,
S1,2040,30-65,
S1,2040,66+,
S1,2040,15-26,
S1,2040,27-45,
S1,2040,46-65,
S1,2041,00-04,
S1,2041,05-09,
S1,2041,10-14,
S1,2041,15-19,63686723.58759887
S1,2041,20-24,66596507.09047835
S1,2041,25-29,67542542.4539305
S1,2041,30-34,63464430.75285107
S1,2041,35-39,58904316.49725051
S1,2041,40-44,54376433.21881218
S1,2041,45-49,49172559.02104854
S1,2041,50-54,43962257.70866248
S1,2041,55-59,37262496.42167373
S1,2041,60-64,29972141.95138439
S1,2041,65-69,22806145.20734908
S1,2041,70-74,17332801.27834813
S1,2041,75+,24117840.733530547
S1,2041,0-8,107203024.20990215
S1,2041,9-14,74714266.32681996
S1,2041,0-17,
S1,2041,18-29,
S1,2041,30-65,
S1,2041,66+,
S1,2041,15-26,
S1,2041,27-45,
S1,2041,46-65,
S1,2042,00-04,
S1,2042,05-09,
S1,2042,10-14,
S1,2042,15-19,64004105.89760221
S1,2042,20-24,66928390.28477483
S1,2042,25-29,67879140.20837523
S1,2042,30-34,63780705.26817735
S1,2042,35-39,59197865.71733799
S1,2042,40-44,54647417.766494095
S1,2042,45-49,49417610.10064146
S1,2042,50-54,44181343.29068878
S1,2042,55-59,37448193.79350564
S1,2042,60-64,30121507.89631629
S1,2042,65-69,22919799.46117837
S1,2042,70-74,17419179.16370103
S1,2042,75+,24238031.812190313
S1,2042,0-8,107737269.67813204
S1,2042,9-14,75086604.31347103
S1,2042,0-17,
S1,2042,18-29,
S1,2042,30-65,
S1,2042,66+,
S1,2042,15-26,
S1,2042,27-45,
S1,2042,46-65,
S1,2043,00-04,
S1,2043,05-09,
S1,2043,10-14,
S1,2043,15-19,64304700.05095553
S1,2043,20-24,67242718.28812417
S1,2043,25-29,68197933.39195521
S1,2043,30-34,64080250.22441871
S1,2043,35-39,59475887.44853905
S1,2043,40-44,54904068.39923232
S1,2043,45-49,49649699.03400944
S1,2043,50-54,44388840.18943031
S1,2043,55-59,37624068.57450765
S1,2043,60-64,30262973.02635504
S1,2043,65-69,23027441.89469792
S1,2043,70-74,17500988.03110712
S1,2043,75+,24351865.30067295
S1,2043,0-8,108243255.86307007
S1,2043,9-14,75439247.22497259
S1,2043,0-17,
S1,2043,18-29,
S1,2043,30-65,
S1,2043,66+,
S1,2043,15-26,
S1,2043,27-45,
S1,2043,46-65,
S1,2044,00-04,
S1,2044,05-09,
S1,2044,10-14,
S1,2044,15-19,64588171.29464646
S1,2044,20-24,67539141.05297947
S1,2044,25-29,68498566.98453012
S1,2044,30-34,64362732.03698839
S1,2044,35-39,59738072.07534391
S1,2044,40-44,55146099.30118023
S1,2044,45-49,49868567.35814281
S1,2044,50-54,44584517.32849676
S1,2044,55-59,37789924.90387513
S1,2044,60-64,30396379.800584123
S1,2044,65-69,23128952.63322462
S1,2044,70-74,17578136.77511909
S1,2044,75+,24459214.42970251
S1,2044,0-8,108720419.27937311
S1,2044,9-14,75771802.34484759
S1,2044,0-17,
S1,2044,18-29,
S1,2044,30-65,
S1,2044,66+,
S1,2044,15-26,
S1,2044,27-45,
S1,2044,46-65,
S1,2045,00-04,
S1,2045,05-09,
S1,2045,10-14,
S1,2045,15-19,64856858.96526951
S1,2045,20-24,67820104.79791382
S1,2045,25-29,68783521.95438255
S1,2045,30-34,64630481.87723484
S1,2045,35-39,59986583.26728047
S1,2045,40-44,55375507.82395117
S1,2045,45-49,50076021.27628583
S1,2045,50-54,44769989.52668298
S1,2045,55-59,37947131.50520654
S1,2045,60-64,30522829.153775044
S1,2045,65-69,23225169.39060302
S1,2045,70-74,17651262.06306778
S1,2045,75+,24560965.094238352
S1,2045,0-8,109172697.701564
S1,2045,9-14,76087014.07267421
S1,2045,0-17,
S1,2045,18-29,
S1,2045,30-65,
S1,2045,66+,
S1,2045,15-26,
S1,2045,27-45,
S1,2045,46-65,
S1,2046,00-04,
S1,2046,05-09,
S1,2046,10-14,
S1,2046,15-19,65109603.0300183
S1,2046,20-24,68084396.48936765
S1,2046,25-29,69051568.03622867
S1,2046,30-34,64882343.76134294
S1,2046,35-39,60220348.10152081
S1,2046,40-44,55591303.51862779
S1,2046,45-49,50271165.12638491
S1,2046,50-54,44944456.02586688
S1,2046,55-59,38095009.65433674
S1,2046,60-64,30641775.15318103
S1,2046,65-69,23315676.76036948
S1,2046,70-74,17720048.18365612
S1,2046,75+,24656677.99571258
S1,2046,0-8,109598138.46167639
S1,2046,9-14,76383521.51256771
S1,2046,0-17,
S1,2046,18-29,
S1,2046,30-65,
S1,2046,66+,
S1,2046,15-26,
S1,2046,27-45,
S1,2046,46-65,
S1,2047,00-04,
S1,2047,05-09,
S1,2047,10-14,
S1,2047,15-19,65346549.06510089
S1,2047,20-24,68332168.3547822
S1,2047,25-29,69302859.61997367
S1,2047,30-34,65118462.75739993
S1,2047,35-39,60439501.22256456
S1,2047,40-44,55793610.67979632
S1,2047,45-49,50454111.3079211
S1,2047,50-54,45108017.315733194
S1,2047,55-59,38233644.52652092
S1,2047,60-64,30753286.30963966
S1,2047,65-69,23400526.873202913
S1,2047,70-74,17784534.75649936
S1,2047,75+,24746408.26310032
S1,2047,0-8,109996986.60622665
S1,2047,9-14,76661495.44768302
S1,2047,0-17,
S1,2047,18-29,
S1,2047,30-65,
S1,2047,66+,
S1,2047,15-26,
S1,2047,27-45,
S1,2047,46-65,
S1,2048,00-04,
S1,2048,05-09,
S1,2048,10-14,
S1,2048,15-19,65567305.06662995
S1,2048,20-24,68563010.4799996
S1,2048,25-29,69536980.96843223
S1,2048,30-34,65338448.229773104
S1,2048,35-39,60643680.06314897
S1,2048,40-44,55982094.61017603
S1,2048,45-49,50624557.15444841
S1,2048,50-54,45260402.80023067
S1,2048,55-59,38362806.76401182
S1,2048,60-64,30857178.13892096
S1,2048,65-69,23479579.35294526
S1,2048,70-74,17844615.09491154
S1,2048,75+,24830007.446508233
S1,2048,0-8,110368582.28022689
S1,2048,9-14,76920475.99751139
S1,2048,0-17,
S1,2048,18-29,
S1,2048,30-65,
S1,2048,66+,
S1,2048,15-26,
S1,2048,27-45,
S1,2048,46-65,
S1,2049,00-04,
S1,2049,05-09,
S1,2049,10-14,
S1,2049,15-19,65772594.49937914
S1,2049,20-24,68777679.38418458
S1,2049,25-29,69754699.34748708
S1,2049,30-34,65543021.11804678
S1,2049,35-39,60833553.76113512
S1,2049,40-44,56157373.01204044
S1,2049,45-49,50783061.25356998
S1,2049,50-54,45402111.87928185
S1,2049,55-59,38482919.65916967
S1,2049,60-64,30953791.11683644
S1,2049,65-69,23553093.27153102
S1,2049,70-74,17900486.09505009
S1,2049,75+,24907749.518394105
S1,2049,0-8,110714143.28241561
S1,2049,9-14,77161311.8968713
S1,2049,0-17,
S1,2049,18-29,
S1,2049,30-65,
S1,2049,66+,
S1,2049,15-26,
S1,2049,27-45,
S1,2049,46-65,
S1,2050,00-04,
S1,2050,05-09,
S1,2050,10-14,
S1,2050,15-19,65963731.6443047
S1,2050,20-24,68977549.39649226
S1,2050,25-29,69957408.60929891
S1,2050,30-34,65733491.115796655
S1,2050,35-39,61010337.90459304
S1,2050,40-44,56320568.03309348
S1,2050,45-49,50930638.36243221
S1,2050,50-54,45534051.78684135
S1,2050,55-59,38594752.18528543
S1,2050,60-64,31043743.76814548
S1,2050,65-69,23621539.27151553
S1,2050,70-74,17952505.44795884
S1,2050,75+,24980132.190321535
S1,2050,0-8,111035881.92464113
S1,2050,9-14,77385544.99831629
S1,2050,0-17,
S1,2050,18-29,
S1,2050,30-65,
S1,2050,66+,
S1,2050,15-26,
S1,2050,27-45,
S1,2050,46-65,
S1,2051,00-04,
S1,2051,05-09,
S1,2051,10-14,
S1,2051,15-19,66141616.29566339
S1,2051,20-24,69163561.42189035
S1,2051,25-29,70146063.02484243
S1,2051,30-34,65910754.87662777
S1,2051,35-39,61174864.71981264
S1,2051,40-44,56472447.92768336
S1,2051,45-49,51067983.21274227
S1,2051,50-54,45656843.64117016
S1,2051,55-59,38698830.80342329
S1,2051,60-64,31127459.55255325
S1,2051,65-69,23685239.56822597
S1,2051,70-74,18000918.03913615
S1,2051,75+,25047496.209833547
S1,2051,0-8,111335312.81874186
S1,2051,9-14,77594230.89811435
S1,2051,0-17,
S1,2051,18-29,
S1,2051,30-65,
S1,2051,66+,
S1,2051,15-26,
S1,2051,27-45,
S1,2051,46-65,
S1,2052,00-04,
S1,2052,05-09,
S1,2052,10-14,
S1,2052,15-19,66305598.70018688
S1,2052,20-24,69335036.02052534
S1,2052,25-29,70319973.50249463
S1,2052,30-34,66074164.91517767
S1,2052,35-39,61326533.24524312
S1,2052,40-44,56612457.92923991
S1,2052,45-49,51194594.1295961
S1,2052,50-54,45770038.92460205
S1,2052,55-59,38794775.3491239
S1,2052,60-64,31204632.684236586
S1,2052,65-69,23743961.485736266
S1,2052,70-74,18045547.03354253
S1,2052,75+,25109595.51864723
S1,2052,0-8,111611342.2435865
S1,2052,9-14,77786607.33631541
S1,2052,0-17,
S1,2052,18-29,
S1,2052,30-65,
S1,2052,66+,
S1,2052,15-26,
S1,2052,27-45,
S1,2052,46-65,
S1,2053,00-04,
S1,2053,05-09,
S1,2053,10-14,
S1,2053,15-19,66455714.5894871
S1,2053,20-24,69492010.55655125
S1,2053,25-29,70479177.93718535
S1,2053,30-34,66223756.8383403
S1,2053,35-39,61465376.52931383
S1,2053,40-44,56740628.54581098
S1,2053,45-49,51310498.70139369
S1,2053,50-54,45873662.30228299
S1,2053,55-59,38882606.72861371
S1,2053,60-64,31275279.97914847
S1,2053,65-69,23797717.81949713
S1,2053,70-74,18086402.15579393
S1,2053,75+,25166443.64814371
S1,2053,0-8,111864030.34572768
S1,2053,9-14,77962716.23156476
S1,2053,0-17,
S1,2053,18-29,
S1,2053,30-65,
S1,2053,66+,
S1,2053,15-26,
S1,2053,27-45,
S1,2053,46-65,
S1,2054,00-04,
S1,2054,05-09,
S1,2054,10-14,
S1,2054,15-19,66592836.69815065
S1,2054,20-24,69635397.63893607
S1,2054,25-29,70624601.90193121
S1,2054,30-34,66360400.33449994
S1,2054,35-39,61592201.77062771
S1,2054,40-44,56857704.9278973
S1,2054,45-49,51416370.76705389
S1,2054,50-54,45968316.21347584
S1,2054,55-59,38962835.57060117
S1,2054,60-64,31339812.16221618
S1,2054,65-69,23846821.09479779
S1,2054,70-74,18123720.92690428
S1,2054,75+,25218371.098505404
S1,2054,0-8,112094846.18781687
S1,2054,9-14,78123581.4349991
S1,2054,0-17,
S1,2054,18-29,
S1,2054,30-65,
S1,2054,66+,
S1,2054,15-26,
S1,2054,27-45,
S1,2054,46-65,
S1,2055,00-04,
S1,2055,05-09,
S1,2055,10-14,
S1,2055,15-19,66714145.3603626
S1,2055,20-24,69762248.77411848
S1,2055,25-29,70753255.01840393
S1,2055,30-34,66481285.57963397
S1,2055,35-39,61704401.03964746
S1,2055,40-44,56961279.61345258
S1,2055,45-49,51510033.26084158
S1,2055,50-54,46052054.27331054
S1,2055,55-59,39033812.11542803
S1,2055,60-64,31396902.2469141
S1,2055,65-69,23890261.59243165
S1,2055,70-74,18156735.95448016
S1,2055,75+,25264310.07652178
S1,2055,0-8,112299043.46347183
S1,2055,9-14,78265895.04740821
S1,2055,0-17,
S1,2055,18-29,
S1,2055,30-65,
S1,2055,66+,
S1,2055,15-26,
S1,2055,27-45,
S1,2055,46-65,
S1,2056,00-04,
S1,2056,05-09,
S1,2056,10-14,
S1,2056,15-19,66823315.87352817
S1,2056,20-24,69876407.18021238
S1,2056,25-29,70869035.09947625
S1,2056,30-34,66590075.042849496
S1,2056,35-39,61805373.64582694
S1,2056,40-44,57054490.61229515
S1,2056,45-49,51594323.88217664
S1,2056,50-54,46127413.49990618
S1,2056,55-59,39097686.74466043
S1,2056,60-64,31448279.895710915
S1,2056,65-69,23929355.43233048
S1,2056,70-74,18186447.49722503
S1,2056,75+,25305652.39876738
S1,2056,0-8,112482808.75247751
S1,2056,9-14,78393968.75470877
S1,2056,0-17,
S1,2056,18-29,
S1,2056,30-65,
S1,2056,66+,
S1,2056,15-26,
S1,2056,27-45,
S1,2056,46-65,
S1,2057,00-04,
S1,2057,05-09,
S1,2057,10-14,
S1,2057,15-19,66919132.72047265
S1,2057,20-24,69976601.80426379
S1,2057,25-29,70970653.03627664
S1,2057,30-34,66685557.44962616
S1,2057,35-39,61893995.3484401
S1,2057,40-44,57136300.10233662
S1,2057,45-49,51668304.12949
S1,2057,50-54,46193554.8348802
S1,2057,55-59,39153748.27075692
S1,2057,60-64,31493373.06389697
S1,2057,65-69,23963667.33913977
S1,2057,70-74,18212524.74337073
S1,2057,75+,25341937.755024042
S1,2057,0-8,112644095.99076
S1,2057,9-14,78506376.56936671
S1,2057,0-17,
S1,2057,18-29,
S1,2057,30-65,
S1,2057,66+,
S1,2057,15-26,
S1,2057,27-45,
S1,2057,46-65,
S1,2058,00-04,
S1,2058,05-09,
S1,2058,10-14,
S1,2058,15-19,67002960.0458176
S1,2058,20-24,70064259.11731479
S1,2058,25-29,71059555.56355335
S1,2058,30-34,66769092.18316029
S1,2058,35-39,61971527.85482574
S1,2058,40-44,57207872.80543326
S1,2058,45-49,51733027.25969515
S1,2058,50-54,46251419.932537064
S1,2058,55-59,39202794.84176487
S1,2058,60-64,31532823.74298848
S1,2058,65-69,23993685.81153818
S1,2058,70-74,18235338.95471732
S1,2058,75+,25373682.739973795
S1,2058,0-8,112785201.42501973
S1,2058,9-14,78604718.84164065
S1,2058,0-17,
S1,2058,18-29,
S1,2058,30-65,
S1,2058,66+,
S1,2058,15-26,
S1,2058,27-45,
S1,2058,46-65,
S1,2059,00-04,
S1,2059,05-09,
S1,2059,10-14,
S1,2059,15-19,67073123.44213507
S1,2059,20-24,70137628.2099157
S1,2059,25-29,71133966.89934717
S1,2059,30-34,66839010.68039389
S1,2059,35-39,62036422.493305966
S1,2059,40-44,57267779.09389246
S1,2059,45-49,51787200.46177223
S1,2059,50-54,46299852.96750677
S1,2059,55-59,39243846.77781896
S1,2059,60-64,31565843.92609346
S1,2059,65-69,24018811.24607961
S1,2059,70-74,18254434.42920365
S1,2059,75+,25400253.26397605
S1,2059,0-8,112903306.54725485
S1,2059,9-14,78687031.23555192
S1,2059,0-17,
S1,2059,18-29,
S1,2059,30-65,
S1,2059,66+,
S1,2059,15-26,
S1,2059,27-45,
S1,2059,46-65,
S1,2060,00-04,
S1,2060,05-09,
S1,2060,10-14,
S1,2060,15-19,67129976.05016589
S1,2060,20-24,70197078.3574591
S1,2060,25-29,71194261.56478488
S1,2060,30-34,66895664.84946145
S1,2060,35-39,62089005.88633506
S1,2060,40-44,57316320.483208135
S1,2060,45-49,51831096.39590758
S1,2060,50-54,46339097.70903006
S1,2060,55-59,39277110.69820887
S1,2060,60-64,31592599.80773121
S1,2060,65-69,24039170.102072313
S1,2060,70-74,18269907.27662998
S1,2060,75+,25421783.059646696
S1,2060,0-8,112999005.79463011
S1,2060,9-14,78753728.03919493
S1,2060,0-17,
S1,2060,18-29,
S1,2060,30-65,
S1,2060,66+,
S1,2060,15-26,
S1,2060,27-45,
S1,2060,46-65,
S1,2061,00-04,
S1,2061,05-09,
S1,2061,10-14,
S1,2061,15-19,67173167.2986335
S1,2061,20-24,70242242.97141293
S1,2061,25-29,71240067.7637684
S1,2061,30-34,66938705.342724234
S1,2061,35-39,62128953.78797498
S1,2061,40-44,57353197.65172356
S1,2061,45-49,51864444.38579976
S1,2061,50-54,46368912.16153963
S1,2061,55-59,39302381.48701397
S1,2061,60-64,31612926.40261951
S1,2061,65-69,24054636.84033031
S1,2061,70-74,18281662.08649429
S1,2061,75+,25438139.367412925
S1,2061,0-8,113071709.0551261
S1,2061,9-14,78804397.97884971
S1,2061,0-17,
S1,2061,18-29,
S1,2061,30-65,
S1,2061,66+,
S1,2061,15-26,
S1,2061,27-45,
S1,2061,46-65,
S1,2062,00-04,
S1,2062,05-09,
S1,2062,10-14,
S1,2062,15-19,67200767.35930584
S1,2062,20-24,70271104.0515992
S1,2062,25-29,71269338.82945806
S1,2062,30-34,66966209.06784372
S1,2062,35-39,62154481.28597778
S1,2062,40-44,57376762.89062173
S1,2062,45-49,51885754.40986669
S1,2062,50-54,46387964.18544195
S1,2062,55-59,39318530.02008502
S1,2062,60-64,31625915.49814427
S1,2062,65-69,24064520.39150026
S1,2062,70-74,18289173.64212088
S1,2062,75+,25448591.3710651
S1,2062,0-8,113118167.87426098
S1,2062,9-14,78836777.07087308
S1,2062,0-17,
S1,2062,18-29,
S1,2062,30-65,
S1,2062,66+,
S1,2062,15-26,
S1,2062,27-45,
S1,2062,46-65,
S1,2063,00-04,
S1,2063,05-09,
S1,2063,10-14,
S1,2063,15-19,67215147.20530578
S1,2063,20-24,70286140.89856116
S1,2063,25-29,71284589.28205194
S1,2063,30-34,66980538.72227231
S1,2063,35-39,62167781.31072779
S1,2063,40-44,57389040.56313596
S1,2063,45-49,51896857.09793593
S1,2063,50-54,46397890.43788591
S1,2063,55-59,39326943.53125238
S1,2063,60-64,31632682.917808376
S1,2063,65-69,24069669.79843251
S1,2063,70-74,18293087.22095003
S1,2063,75+,25454036.946156144
S1,2063,0-8,113142373.27990958
S1,2063,9-14,78853646.8293291
S1,2063,0-17,
S1,2063,18-29,
S1,2063,30-65,
S1,2063,66+,
S1,2063,15-26,
S1,2063,27-45,
S1,2063,46-65,
S1,2064,00-04,
S1,2064,05-09,
S1,2064,10-14,
S1,2064,15-19,67216141.58796474
S1,2064,20-24,70287180.71358176
S1,2064,25-29,71285643.86814421
S1,2064,30-34,66981529.63412721
S1,2064,35-39,62168701.02252272
S1,2064,40-44,57389889.57811434
S1,2064,45-49,51897624.8614074
S1,2064,50-54,46398576.84949972
S1,2064,55-59,39327525.33509132
S1,2064,60-64,31633150.89255303
S1,2064,65-69,24070025.885761783
S1,2064,70-74,18293357.84936443
S1,2064,75+,25454413.51384949
S1,2064,0-8,113144047.11116132
S1,2064,9-14,78854813.3922582
S1,2064,0-17,
S1,2064,18-29,
S1,2064,30-65,
S1,2064,66+,
S1,2064,15-26,
S1,2064,27-45,
S1,2064,46-65,
S1,2065,00-04,
S1,2065,05-09,
S1,2065,10-14,
S1,2065,15-19,67203080.59977919
S1,2065,20-24,70273522.98174518
S1,2065,25-29,71271792.12166837
S1,2065,30-34,66968514.23415729
S1,2065,35-39,62156620.819012314
S1,2065,40-44,57378737.96107651
S1,2065,45-49,51887540.46427957
S1,2065,50-54,46389560.99036616
S1,2065,55-59,39319883.47509112
S1,2065,60-64,31627004.151601836
S1,2065,65-69,24065348.760352723
S1,2065,70-74,18289803.20720407
S1,2065,75+,25449467.38355517
S1,2065,0-8,113122061.72152613
S1,2065,9-14,78839490.85571027
S1,2065,0-17,
S1,2065,18-29,
S1,2065,30-65,
S1,2065,66+,
S1,2065,15-26,
S1,2065,27-45,
S1,2065,46-65,
S1,2066,00-04,
S1,2066,05-09,
S1,2066,10-14,
S1,2066,15-19,67174651.24452499
S1,2066,20-24,70243794.71732666
S1,2066,25-29,71241641.55297798
S1,2066,30-34,66940184.10903481
S1,2066,35-39,62130326.30038469
S1,2066,40-44,57354464.66123704
S1,2066,45-49,51865590.14134854
S1,2066,50-54,46369936.51336733
S1,2066,55-59,39303249.72964536
S1,2066,60-64,31613624.77481395
S1,2066,65-69,24055168.239711143
S1,2066,70-74,18282065.95307426
S1,2066,75+,25438701.330231134
S1,2066,0-8,113074206.96172842
S1,2066,9-14,78806138.87431906
S1,2066,0-17,
S1,2066,18-29,
S1,2066,30-65,
S1,2066,66+,
S1,2066,15-26,
S1,2066,27-45,
S1,2066,46-65,
S1,2067,00-04,
S1,2067,05-09,
S1,2067,10-14,
S1,2067,15-19,67134091.20772986
S1,2067,20-24,70201381.53250796
S1,2067,25-29,71198625.86850174
S1,2067,30-34,66899765.64343452
S1,2067,35-39,62092812.02566721
S1,2067,40-44,57319834.05052412
S1,2067,45-49,51834273.71163046
S1,2067,50-54,46341938.35786779
S1,2067,55-59,39279518.43777158
S1,2067,60-64,31594536.47647016
S1,2067,65-69,24040643.73543996
S1,2067,70-74,18271027.24644892
S1,2067,75+,25423341.449042927
S1,2067,0-8,113005932.78523505
S1,2067,9-14,78758555.7483451
S1,2067,0-17,
S1,2067,18-29,
S1,2067,30-65,
S1,2067,66+,
S1,2067,15-26,
S1,2067,27-45,
S1,2067,46-65,
S1,2068,00-04,
S1,2068,05-09,
S1,2068,10-14,
S1,2068,15-19,67077976.59800479
S1,2068,20-24,70142703.10168408
S1,2068,25-29,71139113.88239011
S1,2068,30-34,66843846.89675539
S1,2068,35-39,62040911.21266937
S1,2068,40-44,57271922.77237339
S1,2068,45-49,51790947.58644751
S1,2068,50-54,46303203.0486073
S1,2068,55-59,39246686.31317331
S1,2068,60-64,31568127.91039105
S1,2068,65-69,24020549.15582347
S1,2068,70-74,18255755.25058562
S1,2068,75+,25402091.12960528
S1,2068,0-8,112911475.80070184
S1,2068,9-14,78692724.72957622
S1,2068,0-17,
S1,2068,18-29,
S1,2068,30-65,
S1,2068,66+,
S1,2068,15-26,
S1,2068,27-45,
S1,2068,46-65,
S1,2069,00-04,
S1,2069,05-09,
S1,2069,10-14,
S1,2069,15-19,67006535.3750049
S1,2069,20-24,70067997.7997616
S1,2069,25-29,71063347.35577968
S1,2069,30-34,66772655.03297961
S1,2069,35-39,61974834.70294365
S1,2069,40-44,57210925.4612748
S1,2069,45-49,51735787.77359159
S1,2069,50-54,46253887.94367459
S1,2069,55-59,39204886.73287725
S1,2069,60-64,31534506.35857754
S1,2069,65-69,23994966.132961817
S1,2069,70-74,18236312.00634908
S1,2069,75+,25375036.69908885
S1,2069,0-8,112791219.72961813
S1,2069,9-14,78608913.24954952
S1,2069,0-17,
S1,2069,18-29,
S1,2069,30-65,
S1,2069,66+,
S1,2069,15-26,
S1,2069,27-45,
S1,2069,46-65,
S1,2070,00-04,
S1,2070,05-09,
S1,2070,10-14,
S1,2070,15-19,66920480.24387242
S1,2070,20-24,69978010.89467683
S1,2070,25-29,70972082.14349568
S1,2070,30-34,66686900.26961556
S1,2070,35-39,61895241.6826893
S1,2070,40-44,57137450.63280877
S1,2070,45-49,51669344.55314778
S1,2070,50-54,46194485.01573472
S1,2070,55-59,39154536.69388551
S1,2070,60-64,31494007.233160913
S1,2070,65-69,23964149.88577734
S1,2070,70-74,18212891.48158539
S1,2070,75+,25342448.055333275
S1,2070,0-8,112646364.25917624
S1,2070,9-14,78507957.42039028
S1,2070,0-17,
S1,2070,18-29,
S1,2070,30-65,
S1,2070,66+,
S1,2070,15-26,
S1,2070,27-45,
S1,2070,46-65,
S1,2071,00-04,
S1,2071,05-09,
S1,2071,10-14,
S1,2071,15-19,66819946.5832542
S1,2071,20-24,69872883.9503933
S1,2071,25-29,70865461.82048571
S1,2071,30-34,66586717.51278305
S1,2071,35-39,61802257.364607096
S1,2071,40-44,57051613.87477033
S1,2071,45-49,51591722.45105372
S1,2071,50-54,46125087.71520609
S1,2071,55-59,39095715.40495718
S1,2071,60-64,31446694.2458191
S1,2071,65-69,23928148.89321361
S1,2071,70-74,18185530.52056996
S1,2071,75+,25304376.465548713
S1,2071,0-8,112477137.27047202
S1,2071,9-14,78390016.06195459
S1,2071,0-17,
S1,2071,18-29,
S1,2071,30-65,
S1,2071,66+,
S1,2071,15-26,
S1,2071,27-45,
S1,2071,46-65,
S1,2072,00-04,
S1,2072,05-09,
S1,2072,10-14,
S1,2072,15-19,66706428.45630714
S1,2072,20-24,69754179.29233804
S1,2072,25-29,70745070.90575975
S1,2072,30-34,66473595.61074466
S1,2072,35-39,61697263.61863952
S1,2072,40-44,56954690.83490679
S1,2072,45-49,51504075.0344052
S1,2072,50-54,46046727.37775543
S1,2072,55-59,39029297.02823947
S1,2072,60-64,31393270.53011747
S1,2072,65-69,23887498.17763299
S1,2072,70-74,18154635.74336954
S1,2072,75+,25261387.723910734
S1,2072,0-8,112286053.70036775
S1,2072,9-14,78256841.93881135
S1,2072,0-17,
S1,2072,18-29,
S1,2072,30-65,
S1,2072,66+,
S1,2072,15-26,
S1,2072,27-45,
S1,2072,46-65,
S1,2073,00-04,
S1,2073,05-09,
S1,2073,10-14,
S1,2073,15-19,66578252.33885675
S1,2073,20-24,69620146.93466972
S1,2073,25-29,70609134.55408724
S1,2073,30-34,66345866.88061279
S1,2073,35-39,61578712.59003614
S1,2073,40-44,56845252.639657125
S1,2073,45-49,51405110.17414276
S1,2073,50-54,45958248.78771302
S1,2073,55-59,38954302.40065008
S1,2073,60-64,31332948.49483931
S1,2073,65-69,23841598.4518814
S1,2073,70-74,18119751.68830675
S1,2073,75+,25212848.075262304
S1,2073,0-8,112070296.52763036
S1,2073,9-14,78106471.75117315
S1,2073,0-17,
S1,2073,18-29,
S1,2073,30-65,
S1,2073,66+,
S1,2073,15-26,
S1,2073,27-45,
S1,2073,46-65,
S1,2074,00-04,
S1,2074,05-09,
S1,2074,10-14,
S1,2074,15-19,66438341.79942784
S1,2074,20-24,69473844.0208718
S1,2074,25-29,70460753.33714285
S1,2074,30-34,66206444.68645696
S1,2074,35-39,61449308.30871078
S1,2074,40-44,56725795.464357495
S1,2074,45-49,51297085.15934871
S1,2074,50-54,45861670.05286776
S1,2074,55-59,38872442.07433493
S1,2074,60-64,31267104.0250341
S1,2074,65-69,23791496.642610833
S1,2074,70-74,18081674.0256471
S1,2074,75+,25159864.66024572
S1,2074,0-8,111834786.95670721
S1,2074,9-14,77942335.2920187
S1,2074,0-17,
S1,2074,18-29,
S1,2074,30-65,
S1,2074,66+,
S1,2074,15-26,
S1,2074,27-45,
S1,2074,46-65,
S1,2075,00-04,
S1,2075,05-09,
S1,2075,10-14,
S1,2075,15-19,66285336.14611654
S1,2075,20-24,69313847.69037108
S1,2075,25-29,70298484.1819357
S1,2075,30-34,66053973.08574706
S1,2075,35-39,61307792.26076835
S1,2075,40-44,56595157.53512033
S1,2075,45-49,51178949.39895502
S1,2075,50-54,45756051.90228881
S1,2075,55-59,38782919.92139882
S1,2075,60-64,31195096.754097894
S1,2075,65-69,23736705.487556934
S1,2075,70-74,18040032.4332725
S1,2075,75+,25101922.191705696
S1,2075,0-8,111577234.55281214
S1,2075,9-14,77762836.26165508
S1,2075,0-17,
S1,2075,18-29,
S1,2075,30-65,
S1,2075,66+,
S1,2075,15-26,
S1,2075,27-45,
S1,2075,46-65,
S1,2076,00-04,
S1,2076,05-09,
S1,2076,10-14,
S1,2076,15-19,66119086.34999716
S1,2076,20-24,69140002.10525748
S1,2076,25-29,70122169.03680336
S1,2076,30-34,65888303.56972964
S1,2076,35-39,61154026.60826549
S1,2076,40-44,56453211.60939074
S1,2076,45-49,51050587.82763517
S1,2076,50-54,45641291.46291782
S1,2076,55-59,38685648.74643437
S1,2076,60-64,31116856.54628087
S1,2076,65-69,23677171.61962641
S1,2076,70-74,17994786.3518857
S1,2076,75+,25038964.233140364
S1,2076,0-8,111297388.45751472
S1,2076,9-14,77567799.82636164
S1,2076,0-17,
S1,2076,18-29,
S1,2076,30-65,
S1,2076,66+,
S1,2076,15-26,
S1,2076,27-45,
S1,2076,46-65,
S1,2077,00-04,
S1,2077,05-09,
S1,2077,10-14,
S1,2077,15-19,65941988.19558162
S1,2077,20-24,68954812.51107115
S1,2077,25-29,69934348.73550196
S1,2077,30-34,65711823.56064418
S1,2077,35-39,60990227.22982167
S1,2077,40-44,56302003.23464204
S1,2077,45-49,50913850.23210572
S1,2077,50-54,45519042.5189376
S1,2077,55-59,38582030.30017976
S1,2077,60-64,31033510.901781365
S1,2077,65-69,23613752.96660058
S1,2077,70-74,17946587.81152549
S1,2077,75+,24971898.05605054
S1,2077,0-8,110999281.46337453
S1,2077,9-14,77360036.60775629
S1,2077,0-17,
S1,2077,18-29,
S1,2077,30-65,
S1,2077,66+,
S1,2077,15-26,
S1,2077,27-45,
S1,2077,46-65,
S1,2078,00-04,
S1,2078,05-09,
S1,2078,10-14,
S1,2078,15-19,65753675.45392069
S1,2078,20-24,68757895.94622384
S1,2078,25-29,69734634.8762899
S1,2078,30-34,65524168.10783099
S1,2078,35-39,60816055.39760293
S1,2078,40-44,56141219.72052246
S1,2078,45-49,50768453.84676646
S1,2078,50-54,45389052.26645842
S1,2078,55-59,38471850.30555899
S1,2078,60-64,30944887.46652878
S1,2078,65-69,23546318.38229816
S1,2078,70-74,17895337.14034125
S1,2078,75+,24900584.971381888
S1,2078,0-8,110682297.10201788
S1,2078,9-14,77139116.9632744
S1,2078,0-17,
S1,2078,18-29,
S1,2078,30-65,
S1,2078,66+,
S1,2078,15-26,
S1,2078,27-45,
S1,2078,46-65,
S1,2079,00-04,
S1,2079,05-09,
S1,2079,10-14,
S1,2079,15-19,65554644.83456931
S1,2079,20-24,68549771.81443954
S1,2079,25-29,69523554.24127054
S1,2079,30-34,65325832.18712457
S1,2079,35-39,60631970.52190994
S1,2079,40-44,55971285.163176715
S1,2079,45-49,50614782.1813747
S1,2079,50-54,45251663.57872345
S1,2079,55-59,38355399.38260983
S1,2079,60-64,30851220.00116346
S1,2079,65-69,23475045.73786084
S1,2079,70-74,17841169.52142175
S1,2079,75+,24825213.08053542
S1,2079,0-8,110347271.478106
S1,2079,9-14,76905623.60918532
S1,2079,0-17,
S1,2079,18-29,
S1,2079,30-65,
S1,2079,66+,
S1,2079,15-26,
S1,2079,27-45,
S1,2079,46-65,
S1,2080,00-04,
S1,2080,05-09,
S1,2080,10-14,
S1,2080,15-19,65345259.11375917
S1,2080,20-24,68330819.46683761
S1,2080,25-29,69301491.5704281
S1,2080,30-34,65117177.308518425
S1,2080,35-39,60438308.13713296
S1,2080,40-44,55792509.30498791
S1,2080,45-49,50453115.33568525
S1,2080,50-54,45107126.87624873
S1,2080,55-59,38232889.78825604
S1,2080,60-64,30752679.23484372
S1,2080,65-69,23400064.94305557
S1,2080,70-74,17784183.68693563
S1,2080,75+,24745919.76503885
S1,2080,0-8,109994815.24809843
S1,2080,9-14,76659982.13748792
S1,2080,0-17,
S1,2080,18-29,
S1,2080,30-65,
S1,2080,66+,
S1,2080,15-26,
S1,2080,27-45,
S1,2080,46-65,
S1,2081,00-04,
S1,2081,05-09,
S1,2081,10-14,
S1,2081,15-19,65125952.29005866
S1,2081,20-24,68101492.73095252
S1,2081,25-29,69068907.13813503
S1,2081,30-34,64898635.95574774
S1,2081,35-39,60235469.65172254
S1,2081,40-44,55605262.69876272
S1,2081,45-49,50283788.40026364
S1,2081,50-54,44955741.74356048
S1,2081,55-59,38104575.45093348
S1,2081,60-64,30649469.4152678
S1,2081,65-69,23321531.4122892
S1,2081,70-74,17724497.75272427
S1,2081,75+,24662869.377959184
S1,2081,0-8,109625658.95607753
S1,2081,9-14,76402701.69487403
S1,2081,0-17,
S1,2081,18-29,
S1,2081,30-65,
S1,2081,66+,
S1,2081,15-26,
S1,2081,27-45,
S1,2081,46-65,
S1,2082,00-04,
S1,2082,05-09,
S1,2082,10-14,
S1,2082,15-19,64897842.08041009
S1,2082,20-24,67862960.39110973
S1,2082,25-29,68826986.33185944
S1,2082,30-34,64671321.9444633
S1,2082,35-39,60024488.85025437
S1,2082,40-44,55410499.6636629
S1,2082,45-49,50107664.36505842
S1,2082,50-54,44798279.72859667
S1,2082,55-59,37971110.33619751
S1,2082,60-64,30542116.5605595
S1,2082,65-69,23239845.39876131
S1,2082,70-74,17662415.91351704
S1,2082,75+,24576485.193060294
S1,2082,0-8,109241684.04027194
S1,2082,9-14,76135093.53424841
S1,2082,0-17,
S1,2082,18-29,
S1,2082,30-65,
S1,2082,66+,
S1,2082,15-26,
S1,2082,27-45,
S1,2082,46-65,
S1,2083,00-04,
S1,2083,05-09,
S1,2083,10-14,
S1,2083,15-19,64662276.00821324
S1,2083,20-24,67616631.53772233
S1,2083,25-29,68577158.25882037
S1,2083,30-34,64436578.094654545
S1,2083,35-39,59806612.06697769
S1,2083,40-44,55209370.730160564
S1,2083,45-49,49925783.65372737
S1,2083,50-54,44635671.01221182
S1,2083,55-59,37833282.86717675
S1,2083,60-64,30431254.839982793
S1,2083,65-69,23155489.449109465
S1,2083,70-74,17598304.90752859
S1,2083,75+,24487277.510651372
S1,2083,0-8,108845158.76909804
S1,2083,9-14,75858738.50663465
S1,2083,0-17,
S1,2083,18-29,
S1,2083,30-65,
S1,2083,66+,
S1,2083,15-26,
S1,2083,27-45,
S1,2083,46-65,
S1,2084,00-04,
S1,2084,05-09,
S1,2084,10-14,
S1,2084,15-19,64417962.51621115
S1,2084,20-24,67361155.60355787
S1,2084,25-29,68318053.1663293
S1,2084,30-34,64193117.35713011
S1,2084,35-39,59580644.73113814
S1,2084,40-44,55000773.15229911
S1,2084,45-49,49737149.05410652
S1,2084,50-54,44467024.04637562
S1,2084,55-59,37690337.36600064
S1,2084,60-64,30316276.422968574
S1,2084,65-69,23068001.05810989
S1,2084,70-74,17531813.2281338
S1,2084,75+,24394757.224518985
S1,2084,0-8,108433909.08121169
S1,2084,9-14,75572121.41785365
S1,2084,0-17,
S1,2084,18-29,
S1,2084,30-65,
S1,2084,66+,
S1,2084,15-26,
S1,2084,27-45,
S1,2084,46-65,
S1,2085,00-04,
S1,2085,05-09,
S1,2085,10-14,
S1,2085,15-19,64167040.28190079
S1,2085,20-24,67098768.98017592
S1,2085,25-29,68051939.21496183
S1,2085,30-34,63943070.94452358
S1,2085,35-39,59348564.92119651
S1,2085,40-44,54786532.95672167
S1,2085,45-49,49543411.84042572
S1,2085,50-54,44293815.13707421
S1,2085,55-59,37543525.15253752
S1,2085,60-64,30198187.81043122
S1,2085,65-69,22978146.083806425
S1,2085,70-74,17463522.93184248
S1,2085,75+,24299734.241035223
S1,2085,0-8,108011534.98431565
S1,2085,9-14,75277751.26367544
S1,2085,0-17,
S1,2085,18-29,
S1,2085,30-65,
S1,2085,66+,
S1,2085,15-26,
S1,2085,27-45,
S1,2085,46-65,
S1,2086,00-04,
S1,2086,05-09,
S1,2086,10-14,
S1,2086,15-19,63907888.37482855
S1,2086,20-24,66827776.67841136
S1,2086,25-29,67777097.3374178
S1,2086,30-34,63684823.58409481
S1,2086,35-39,59108873.4267196
S1,2086,40-44,54565266.17497152
S1,2086,45-49,49343320.49127036
S1,2086,50-54,44114925.37351574
S1,2086,55-59,37391897.83579125
S1,2086,60-64,30076226.16272521
S1,2086,65-69,22885344.07279827
S1,2086,70-74,17392992.87073784
S1,2086,75+,24201594.722019758
S1,2086,0-8,107575307.98749594
S1,2086,9-14,74973726.44479047
S1,2086,0-17,
S1,2086,18-29,
S1,2086,30-65,
S1,2086,66+,
S1,2086,15-26,
S1,2086,27-45,
S1,2086,46-65,
S1,2087,00-04,
S1,2087,05-09,
S1,2087,10-14,
S1,2087,15-19,63642896.717916116
S1,2087,20-24,66550677.81440379
S1,2087,25-29,67496062.15098168
S1,2087,30-34,63420756.85695235
S1,2087,35-39,58863780.704899296
S1,2087,40-44,54339013.34983094
S1,2087,45-49,49138720.26761953
S1,2087,50-54,43932004.4936905
S1,2087,55-59,37236853.73693929
S1,2087,60-64,29951516.221476823
S1,2087,65-69,22790450.85383766
S1,2087,70-74,17320873.47958457
S1,2087,75+,24101243.719218705
S1,2087,0-8,107129251.01657432
S1,2087,9-14,74662850.70627475
S1,2087,0-17,
S1,2087,18-29,
S1,2087,30-65,
S1,2087,66+,
S1,2087,15-26,
S1,2087,27-45,
S1,2087,46-65,
S1,2088,00-04,
S1,2088,05-09,
S1,2088,10-14,
S1,2088,15-19,63374294.88345766
S1,2088,20-24,66269803.8274036
S1,2088,25-29,67211198.21411799
S1,2088,30-34,63153092.55326699
S1,2088,35-39,58615348.90345924
S1,2088,40-44,54109678.1149324
S1,2088,45-49,48931332.62363273
S1,2088,50-54,43746591.54728197
S1,2088,55-59,37079697.35753164
S1,2088,60-64,29825107.26436164
S1,2088,65-69,22694264.83429477
S1,2088,70-74,17247771.55256733
S1,2088,75+,23999525.56040507
S1,2088,0-8,106677117.0812704
S1,2088,9-14,74347739.67739606
S1,2088,0-17,
S1,2088,18-29,
S1,2088,30-65,
S1,2088,66+,
S1,2088,15-26,
S1,2088,27-45,
S1,2088,46-65,
S1,2089,00-04,
S1,2089,05-09,
S1,2089,10-14,
S1,2089,15-19,63099316.60231691
S1,2089,20-24,65982262.06016967
S1,2089,25-29,66919571.778000385
S1,2089,30-34,62879074.05931838
S1,2089,35-39,58361019.47984073
S1,2089,40-44,53874898.59890802
S1,2089,45-49,48719021.72118378
S1,2089,50-54,43556777.00857097
S1,2089,55-59,36918810.17979904
S1,2089,60-64,29695697.43431186
S1,2089,65-69,22595795.41625448
S1,2089,70-74,17172934.22958401
S1,2089,75+,23895392.673421018
S1,2089,0-8,106214249.75712894
S1,2089,9-14,74025148.10141426
S1,2089,0-17,
S1,2089,18-29,
S1,2089,30-65,
S1,2089,66+,
S1,2089,15-26,
S1,2089,27-45,
S1,2089,46-65,
S1,2090,00-04,
S1,2090,05-09,
S1,2090,10-14,
S1,2090,15-19,62819470.87266168
S1,2090,20-24,65689630.45550574
S1,2090,25-29,66622783.20086791
S1,2090,30-34,62600205.10625064
S1,2090,35-39,58102188.11748709
S1,2090,40-44,53635963.20118357
S1,2090,45-49,48502952.65869959
S1,2090,50-54,43363602.52270106
S1,2090,55-59,36755075.10422152
S1,2090,60-64,29563996.89358332
S1,2090,65-69,22495582.97029004
S1,2090,70-74,17096772.19537232
S1,2090,75+,23789416.508255277
S1,2090,0-8,105743189.12091948
S1,2090,9-14,73696846.26394999
S1,2090,0-17,
S1,2090,18-29,
S1,2090,30-65,
S1,2090,66+,
S1,2090,15-26,
S1,2090,27-45,
S1,2090,46-65,
S1,2091,00-04,
S1,2091,05-09,
S1,2091,10-14,
S1,2091,15-19,62534465.4179351
S1,2091,20-24,65391603.38302784
S1,2091,25-29,66320522.51071025
S1,2091,30-34,62316194.43767232
S1,2091,35-39,57838584.48767306
S1,2091,40-44,53392622.37278284
S1,2091,45-49,48282899.76926833
S1,2091,50-54,43166866.33432062
S1,2091,55-59,36588321.12256477
S1,2091,60-64,29429868.09145969
S1,2091,65-69,22393522.83249006
S1,2091,70-74,17019205.90475877
S1,2091,75+,23681486.381251212
S1,2091,0-8,105263443.18735796
S1,2091,9-14,73362491.27990457
S1,2091,0-17,
S1,2091,18-29,
S1,2091,30-65,
S1,2091,66+,
S1,2091,15-26,
S1,2091,27-45,
S1,2091,46-65,
S1,2092,00-04,
S1,2092,05-09,
S1,2092,10-14,
S1,2092,15-19,62246340.15185265
S1,2092,20-24,65090313.95809437
S1,2092,25-29,66014953.12481372
S1,2092,30-34,62029074.84716169
S1,2092,35-39,57572095.32151535
S1,2092,40-44,53146617.81473342
S1,2092,45-49,48060438.07154249
S1,2092,50-54,42967976.57384378
S1,2092,55-59,36419741.76894763
S1,2092,60-64,29294271.048805647
S1,2092,65-69,22290345.493697554
S1,2092,70-74,16940790.53497752
S1,2092,75+,23572374.7974354
S1,2092,0-8,104778445.71637277
S1,2092,9-14,73024476.28002857
S1,2092,0-17,
S1,2092,18-29,
S1,2092,30-65,
S1,2092,66+,
S1,2092,15-26,
S1,2092,27-45,
S1,2092,46-65,
S1,2093,00-04,
S1,2093,05-09,
S1,2093,10-14,
S1,2093,15-19,61956498.40336548
S1,2093,20-24,64787229.62637028
S1,2093,25-29,65707563.33461374
S1,2093,30-34,61740244.7654752
S1,2093,35-39,57304018.56822591
S1,2093,40-44,52899147.70490809
S1,2093,45-49,47836651.07668088
S1,2093,50-54,42767901.94409466
S1,2093,55-59,36250158.11779621
S1,2093,60-64,29157866.1980027
S1,2093,65-69,22186553.48445627
S1,2093,70-74,16861908.01212662
S1,2093,75+,23462613.190397684
S1,2093,0-8,104290558.91313075
S1,2093,9-14,72684447.58379143
S1,2093,0-17,
S1,2093,18-29,
S1,2093,30-65,
S1,2093,66+,
S1,2093,15-26,
S1,2093,27-45,
S1,2093,46-65,
S1,2094,00-04,
S1,2094,05-09,
S1,2094,10-14,
S1,2094,15-19,61661810.32414794
S1,2094,20-24,64479077.53985107
S1,2094,25-29,65395033.79972817
S1,2094,30-34,61446585.26874401
S1,2094,35-39,57031459.40819438
S1,2094,40-44,52647539.74398178
S1,2094,45-49,47609122.22683838
S1,2094,50-54,42564481.94456504
S1,2094,55-59,36077738.92461462
S1,2094,60-64,29019180.5749381
S1,2094,65-69,22081026.009545967
S1,2094,70-74,16781706.52540467
S1,2094,75+,23351016.302376542
S1,2094,0-8,103794514.34510903
S1,2094,9-14,72338733.40046227
S1,2094,0-17,
S1,2094,18-29,
S1,2094,30-65,
S1,2094,66+,
S1,2094,15-26,
S1,2094,27-45,
S1,2094,46-65,
S1,2095,00-04,
S1,2095,05-09,
S1,2095,10-14,
S1,2095,15-19,61364715.54019548
S1,2095,20-24,64168408.7886345
S1,2095,25-29,65079951.8497147
S1,2095,30-34,61150527.46766638
S1,2095,35-39,56756674.26934913
S1,2095,40-44,52393876.91177428
S1,2095,45-49,47379735.15876831
S1,2095,50-54,42359400.62274052
S1,2095,55-59,35903911.59137617
S1,2095,60-64,28879362.31241765
S1,2095,65-69,21974636.696334623
S1,2095,70-74,16700850.03662646
S1,2095,75+,23238508.007421285
S1,2095,0-8,103294418.60265994
S1,2095,9-14,71990195.78442362
S1,2095,0-17,
S1,2095,18-29,
S1,2095,30-65,
S1,2095,66+,
S1,2095,15-26,
S1,2095,27-45,
S1,2095,46-65,
S1,2096,00-04,
S1,2096,05-09,
S1,2096,10-14,
S1,2096,15-19,61065413.50616936
S1,2096,20-24,63855431.94026834
S1,2096,25-29,64762529.01492321
S1,2096,30-34,60852270.12072481
S1,2096,35-39,56479847.6287653
S1,2096,40-44,52138329.50489455
S1,2096,45-49,47148643.87153909
S1,2096,50-54,42152795.6600204
S1,2096,55-59,35728792.81710671
S1,2096,60-64,28738505.2774686
S1,2096,65-69,21867456.9693156
S1,2096,70-74,16619392.82881698
S1,2096,75+,23125163.83800526
S1,2096,0-8,102790607.4251915
S1,2096,9-14,71639068.72649562
S1,2096,0-17,
S1,2096,18-29,
S1,2096,30-65,
S1,2096,66+,
S1,2096,15-26,
S1,2096,27-45,
S1,2096,46-65,
S1,2097,00-04,
S1,2097,05-09,
S1,2097,10-14,
S1,2097,15-19,60765330.19442426
S1,2097,20-24,63541638.11837579
S1,2097,25-29,64444277.60110412
S1,2097,30-34,60553234.22304456
S1,2097,35-39,56202298.378704354
S1,2097,40-44,51882115.03440537
S1,2097,45-49,46916949.35929556
S1,2097,50-54,41945651.3897258
S1,2097,55-59,35553216.92467248
S1,2097,60-64,28597280.55887409
S1,2097,65-69,21759997.46761039
S1,2097,70-74,16537722.99063992
S1,2097,75+,23011523.80266096
S1,2097,0-8,102285481.1332141
S1,2097,9-14,71287025.11032313
S1,2097,0-17,
S1,2097,18-29,
S1,2097,30-65,
S1,2097,66+,
S1,2097,15-26,
S1,2097,27-45,
S1,2097,46-65,
S1,2098,00-04,
S1,2098,05-09,
S1,2098,10-14,
S1,2098,15-19,60463817.377311155
S1,2098,20-24,63226349.478426784
S1,2098,25-29,64124510.134620234
S1,2098,30-34,60252773.80955739
S1,2098,35-39,55923426.96867212
S1,2098,40-44,51624680.03632739
S1,2098,45-49,46684151.12506542
S1,2098,50-54,41737520.3473091
S1,2098,55-59,35376804.6422395
S1,2098,60-64,28455383.08879547
S1,2098,65-69,21652026.06161554
S1,2098,70-74,16455664.1022641
S1,2098,75+,22897342.420849882
S1,2098,0-8,101777948.57365143
S1,2098,9-14,70933304.46574086
S1,2098,0-17,
S1,2098,18-29,
S1,2098,30-65,
S1,2098,66+,
S1,2098,15-26,
S1,2098,27-45,
S1,2098,46-65,
S1,2099,00-04,
S1,2099,05-09,
S1,2099,10-14,
S1,2099,15-19,60159826.71342212
S1,2099,20-24,62908469.78132978
S1,2099,25-29,63802114.80377734
S1,2099,30-34,59949844.19799772
S1,2099,35-39,55642263.78003202
S1,2099,40-44,51365129.42510199
S1,2099,45-49,46449439.74379344
S1,2099,50-54,41527678.87401468
S1,2099,55-59,35198942.59521793
S1,2099,60-64,28312319.49850972
S1,2099,65-69,21543167.34143352
S1,2099,70-74,16372930.85001232
S1,2099,75+,22782222.69097285
S1,2099,0-8,101266245.0871994
S1,2099,9-14,70576676.92795536
S1,2099,0-17,
S1,2099,18-29,
S1,2099,30-65,
S1,2099,66+,
S1,2099,15-26,
S1,2099,27-45,
S1,2099,46-65,
S1,2100,00-04,
S1,2100,05-09,
S1,2100,10-14,
S1,2100,15-19,59856173.93408001
S1,2100,20-24,62590943.40639096
S1,2100,25-29,63480077.81420353
S1,2100,30-34,59647251.29162908
S1,2100,35-39,55361413.10328092
S1,2100,40-44,51105867.30346227
S1,2100,45-49,46214989.24339099
S1,2100,50-54,41318070.63877505
S1,2100,55-59,35021278.24123207
S1,2100,60-64,28169414.922898196
S1,2100,65-69,21434429.61733367
S1,2100,70-74,16290289.55547759
S1,2100,75+,22667230.916268144
S1,2100,0-8,100755110.35736138
S1,2100,9-14,70220445.78041577
S1,2100,0-17,
S1,2100,18-29,
S1,2100,30-65,
S1,2100,66+,
S1,2100,15-26,
S1,2100,27-45,
S1,2100,46-65,
S2,1950,00-04,
S2,1950,05-09,
S2,1950,10-14,
S2,1950,15-19,
S2,1950,20-24,
S2,1950,25-29,
S2,1950,30-34,
S2,1950,35-39,
S2,1950,40-44,
S2,1950,45-49,
S2,1950,50-54,
S2,1950,55-59,
S2,1950,60-64,
S2,1950,65-69,
S2,1950,70-74,
S2,1950,75+,
S2,1950,0-8,
S2,1950,9-14,
S2,1950,0-17,45413805.89983172
S2,1950,18-29,33087986.756205227
S2,1950,30-65,71499949.45391138
S2,1950,66+,12555086.68857547
S2,1950,15-26,
S2,1950,27-45,
S2,1950,46-65,
S2,1951,00-04,
S2,1951,05-09,
S2,1951,10-14,
S2,1951,15-19,
S2,1951,20-24,
S2,1951,25-29,
S2,1951,30-34,
S2,1951,35-39,
S2,1951,40-44,
S2,1951,45-49,
S2,1951,50-54,
S2,1951,55-59,
S2,1951,60-64,
S2,1951,65-69,
S2,1951,70-74,
S2,1951,75+,
S2,1951,0-8,
S2,1951,9-14,
S2,1951,0-17,46365889.07177568
S2,1951,18-29,33781663.816735506
S2,1951,30-65,72998918.70612647
S2,1951,66+,12818299.30688931
S2,1951,15-26,
S2,1951,27-45,
S2,1951,46-65,
S2,1952,00-04,
S2,1952,05-09,
S2,1952,10-14,
S2,1952,15-19,
S2,1952,20-24,
S2,1952,25-29,
S2,1952,30-34,
S2,1952,35-39,
S2,1952,40-44,
S2,1952,45-49,
S2,1952,50-54,
S2,1952,55-59,
S2,1952,60-64,
S2,1952,65-69,
S2,1952,70-74,
S2,1952,75+,
S2,1952,0-8,
S2,1952,9-14,
S2,1952,0-17,47370509.62984917
S2,1952,18-29,34513619.024230465
S2,1952,30-65,74580603.34363621
S2,1952,66+,13096036.394671785
S2,1952,15-26,
S2,1952,27-45,
S2,1952,46-65,
S2,1953,00-04,
S2,1953,05-09,
S2,1953,10-14,
S2,1953,15-19,
S2,1953,20-24,
S2,1953,25-29,
S2,1953,30-34,
S2,1953,35-39,
S2,1953,40-44,
S2,1953,45-49,
S2,1953,50-54,
S2,1953,55-59,
S2,1953,60-64,
S2,1953,65-69,
S2,1953,70-74,
S2,1953,75+,
S2,1953,0-8,
S2,1953,9-14,
S2,1953,0-17,48426612.23767358
S2,1953,18-29,35283083.47250781
S2,1953,30-65,76243341.83430894
S2,1953,66+,13388006.193955095
S2,1953,15-26,
S2,1953,27-45,
S2,1953,46-65,
S2,1954,00-04,
S2,1954,05-09,
S2,1954,10-14,
S2,1954,15-19,
S2,1954,20-24,
S2,1954,25-29,
S2,1954,30-34,
S2,1954,35-39,
S2,1954,40-44,
S2,1954,45-49,
S2,1954,50-54,
S2,1954,55-59,
S2,1954,60-64,
S2,1954,65-69,
S2,1954,70-74,
S2,1954,75+,
S2,1954,0-8,
S2,1954,9-14,
S2,1954,0-17,49500737.309586585
S2,1954,18-29,36065678.884844676
S2,1954,30-65,77934455.07239248
S2,1954,66+,13684958.478068545
S2,1954,15-26,
S2,1954,27-45,
S2,1954,46-65,
S2,1955,00-04,
S2,1955,05-09,
S2,1955,10-14,
S2,1955,15-19,
S2,1955,20-24,
S2,1955,25-29,
S2,1955,30-34,
S2,1955,35-39,
S2,1955,40-44,
S2,1955,45-49,
S2,1955,50-54,
S2,1955,55-59,
S2,1955,60-64,
S2,1955,65-69,
S2,1955,70-74,
S2,1955,75+,
S2,1955,0-8,
S2,1955,9-14,
S2,1955,0-17,50653615.59850502
S2,1955,18-29,36905653.002834
S2,1955,30-65,79749558.16165993
S2,1955,66+,14003682.852120664
S2,1955,15-26,
S2,1955,27-45,
S2,1955,46-65,
S2,1956,00-04,
S2,1956,05-09,
S2,1956,10-14,
S2,1956,15-19,
S2,1956,20-24,
S2,1956,25-29,
S2,1956,30-34,
S2,1956,35-39,
S2,1956,40-44,
S2,1956,45-49,
S2,1956,50-54,
S2,1956,55-59,
S2,1956,60-64,
S2,1956,65-69,
S2,1956,70-74,
S2,1956,75+,
S2,1956,0-8,
S2,1956,9-14,
S2,1956,0-17,51837360.22849125
S2,1956,18-29,37768115.98878378
S2,1956,30-65,81613257.52649705
S2,1956,66+,14330940.52524751
S2,1956,15-26,
S2,1956,27-45,
S2,1956,46-65,
S2,1957,00-04,
S2,1957,05-09,
S2,1957,10-14,
S2,1957,15-19,
S2,1957,20-24,
S2,1957,25-29,
S2,1957,30-34,
S2,1957,35-39,
S2,1957,40-44,
S2,1957,45-49,
S2,1957,50-54,
S2,1957,55-59,
S2,1957,60-64,
S2,1957,65-69,
S2,1957,70-74,
S2,1957,75+,
S2,1957,0-8,
S2,1957,9-14,
S2,1957,0-17,53061493.47816266
S2,1957,18-29,38660005.66749288
S2,1957,30-65,83540545.13743667
S2,1957,66+,14669364.0236412
S2,1957,15-26,
S2,1957,27-45,
S2,1957,46-65,
S2,1958,00-04,
S2,1958,05-09,
S2,1958,10-14,
S2,1958,15-19,
S2,1958,20-24,
S2,1958,25-29,
S2,1958,30-34,
S2,1958,35-39,
S2,1958,40-44,
S2,1958,45-49,
S2,1958,50-54,
S2,1958,55-59,
S2,1958,60-64,
S2,1958,65-69,
S2,1958,70-74,
S2,1958,75+,
S2,1958,0-8,
S2,1958,9-14,
S2,1958,0-17,54257793.96794441
S2,1958,18-29,39531616.71127214
S2,1958,30-65,85424012.57330285
S2,1958,66+,15000092.885871403
S2,1958,15-26,
S2,1958,27-45,
S2,1958,46-65,
S2,1959,00-04,
S2,1959,05-09,
S2,1959,10-14,
S2,1959,15-19,
S2,1959,20-24,
S2,1959,25-29,
S2,1959,30-34,
S2,1959,35-39,
S2,1959,40-44,
S2,1959,45-49,
S2,1959,50-54,
S2,1959,55-59,
S2,1959,60-64,
S2,1959,65-69,
S2,1959,70-74,
S2,1959,75+,
S2,1959,0-8,
S2,1959,9-14,
S2,1959,0-17,55544752.29415926
S2,1959,18-29,40469280.03214661
S2,1959,30-65,87450212.6120447
S2,1959,66+,15355884.985433571
S2,1959,15-26,
S2,1959,27-45,
S2,1959,46-65,
S2,1960,00-04,
S2,1960,05-09,
S2,1960,10-14,
S2,1960,15-19,
S2,1960,20-24,
S2,1960,25-29,
S2,1960,30-34,
S2,1960,35-39,
S2,1960,40-44,
S2,1960,45-49,
S2,1960,50-54,
S2,1960,55-59,
S2,1960,60-64,
S2,1960,65-69,
S2,1960,70-74,
S2,1960,75+,
S2,1960,0-8,
S2,1960,9-14,
S2,1960,0-17,56846391.32217332
S2,1960,18-29,41417639.54676832
S2,1960,30-65,89499526.09428222
S2,1960,66+,15715735.707260255
S2,1960,15-26,
S2,1960,27-45,
S2,1960,46-65,
S2,1961,00-04,
S2,1961,05-09,
S2,1961,10-14,
S2,1961,15-19,
S2,1961,20-24,
S2,1961,25-29,
S2,1961,30-34,
S2,1961,35-39,
S2,1961,40-44,
S2,1961,45-49,
S2,1961,50-54,
S2,1961,55-59,
S2,1961,60-64,
S2,1961,65-69,
S2,1961,70-74,
S2,1961,75+,
S2,1961,0-8,
S2,1961,9-14,
S2,1961,0-17,58192947.4065562
S2,1961,18-29,42398725.12204078
S2,1961,30-65,91619557.43855216
S2,1961,66+,16088004.184554225
S2,1961,15-26,
S2,1961,27-45,
S2,1961,46-65,
S2,1962,00-04,
S2,1962,05-09,
S2,1962,10-14,
S2,1962,15-19,
S2,1962,20-24,
S2,1962,25-29,
S2,1962,30-34,
S2,1962,35-39,
S2,1962,40-44,
S2,1962,45-49,
S2,1962,50-54,
S2,1962,55-59,
S2,1962,60-64,
S2,1962,65-69,
S2,1962,70-74,
S2,1962,75+,
S2,1962,0-8,
S2,1962,9-14,
S2,1962,0-17,59584760.064252816
S2,1962,18-29,43412784.12618065
S2,1962,30-65,93810841.18372256
S2,1962,66+,16472784.280064851
S2,1962,15-26,
S2,1962,27-45,
S2,1962,46-65,
S2,1963,00-04,
S2,1963,05-09,
S2,1963,10-14,
S2,1963,15-19,
S2,1963,20-24,
S2,1963,25-29,
S2,1963,30-34,
S2,1963,35-39,
S2,1963,40-44,
S2,1963,45-49,
S2,1963,50-54,
S2,1963,55-59,
S2,1963,60-64,
S2,1963,65-69,
S2,1963,70-74,
S2,1963,75+,
S2,1963,0-8,
S2,1963,9-14,
S2,1963,0-17,60979359.9762269
S2,1963,18-29,44428873.892349616
S2,1963,30-65,96006513.20985715
S2,1963,66+,16858334.939028192
S2,1963,15-26,
S2,1963,27-45,
S2,1963,46-65,
S2,1964,00-04,
S2,1964,05-09,
S2,1964,10-14,
S2,1964,15-19,
S2,1964,20-24,
S2,1964,25-29,
S2,1964,30-34,
S2,1964,35-39,
S2,1964,40-44,
S2,1964,45-49,
S2,1964,50-54,
S2,1964,55-59,
S2,1964,60-64,
S2,1964,65-69,
S2,1964,70-74,
S2,1964,75+,
S2,1964,0-8,
S2,1964,9-14,
S2,1964,0-17,62419399.84426262
S2,1964,18-29,45478070.69798777
S2,1964,30-65,98273726.35652187
S2,1964,66+,17256447.914145775
S2,1964,15-26,
S2,1964,27-45,
S2,1964,46-65,
S2,1965,00-04,
S2,1965,05-09,
S2,1965,10-14,
S2,1965,15-19,
S2,1965,20-24,
S2,1965,25-29,
S2,1965,30-34,
S2,1965,35-39,
S2,1965,40-44,
S2,1965,45-49,
S2,1965,50-54,
S2,1965,55-59,
S2,1965,60-64,
S2,1965,65-69,
S2,1965,70-74,
S2,1965,75+,
S2,1965,0-8,
S2,1965,9-14,
S2,1965,0-17,63880337.443483986
S2,1965,18-29,46542493.35486218
S2,1965,30-65,100573841.09982358
S2,1965,66+,17660338.269542996
S2,1965,15-26,
S2,1965,27-45,
S2,1965,46-65,
S2,1966,00-04,
S2,1966,05-09,
S2,1966,10-14,
S2,1966,15-19,
S2,1966,20-24,
S2,1966,25-29,
S2,1966,30-34,
S2,1966,35-39,
S2,1966,40-44,
S2,1966,45-49,
S2,1966,50-54,
S2,1966,55-59,
S2,1966,60-64,
S2,1966,65-69,
S2,1966,70-74,
S2,1966,75+,
S2,1966,0-8,
S2,1966,9-14,
S2,1966,0-17,65285627.23448403
S2,1966,18-29,47566371.64631831
S2,1966,30-65,102786343.37823245
S2,1966,66+,18048844.24914515
S2,1966,15-26,
S2,1966,27-45,
S2,1966,46-65,
S2,1967,00-04,
S2,1967,05-09,
S2,1967,10-14,
S2,1967,15-19,
S2,1967,20-24,
S2,1967,25-29,
S2,1967,30-34,
S2,1967,35-39,
S2,1967,40-44,
S2,1967,45-49,
S2,1967,50-54,
S2,1967,55-59,
S2,1967,60-64,
S2,1967,65-69,
S2,1967,70-74,
S2,1967,75+,
S2,1967,0-8,
S2,1967,9-14,
S2,1967,0-17,66682439.72879577
S2,1967,18-29,48584073.475022815
S2,1967,30-65,104985498.9160919
S2,1967,66+,18435006.597935084
S2,1967,15-26,
S2,1967,27-45,
S2,1967,46-65,
S2,1968,00-04,
S2,1968,05-09,
S2,1968,10-14,
S2,1968,15-19,
S2,1968,20-24,
S2,1968,25-29,
S2,1968,30-34,
S2,1968,35-39,
S2,1968,40-44,
S2,1968,45-49,
S2,1968,50-54,
S2,1968,55-59,
S2,1968,60-64,
S2,1968,65-69,
S2,1968,70-74,
S2,1968,75+,
S2,1968,0-8,
S2,1968,9-14,
S2,1968,0-17,68150790.02381954
S2,1968,18-29,49653896.938451044
S2,1968,30-65,107297284.28167878
S2,1968,66+,18840946.264913898
S2,1968,15-26,
S2,1968,27-45,
S2,1968,46-65,
S2,1969,00-04,
S2,1969,05-09,
S2,1969,10-14,
S2,1969,15-19,
S2,1969,20-24,
S2,1969,25-29,
S2,1969,30-34,
S2,1969,35-39,
S2,1969,40-44,
S2,1969,45-49,
S2,1969,50-54,
S2,1969,55-59,
S2,1969,60-64,
S2,1969,65-69,
S2,1969,70-74,
S2,1969,75+,
S2,1969,0-8,
S2,1969,9-14,
S2,1969,0-17,69626354.10022369
S2,1969,18-29,50728976.281628795
S2,1969,30-65,109620427.09669861
S2,1969,66+,19248880.251654923
S2,1969,15-26,
S2,1969,27-45,
S2,1969,46-65,
S2,1970,00-04,
S2,1970,05-09,
S2,1970,10-14,
S2,1970,15-19,
S2,1970,20-24,
S2,1970,25-29,
S2,1970,30-34,
S2,1970,35-39,
S2,1970,40-44,
S2,1970,45-49,
S2,1970,50-54,
S2,1970,55-59,
S2,1970,60-64,
S2,1970,65-69,
S2,1970,70-74,
S2,1970,75+,
S2,1970,0-8,
S2,1970,9-14,
S2,1970,0-17,71135624.63416184
S2,1970,18-29,51828613.76959059
S2,1970,30-65,111996637.69501044
S2,1970,66+,19666132.71518776
S2,1970,15-26,
S2,1970,27-45,
S2,1970,46-65,
S2,1971,00-04,
S2,1971,05-09,
S2,1971,10-14,
S2,1971,15-19,
S2,1971,20-24,
S2,1971,25-29,
S2,1971,30-34,
S2,1971,35-39,
S2,1971,40-44,
S2,1971,45-49,
S2,1971,50-54,
S2,1971,55-59,
S2,1971,60-64,
S2,1971,65-69,
S2,1971,70-74,
S2,1971,75+,
S2,1971,0-8,
S2,1971,9-14,
S2,1971,0-17,72779672.49581541
S2,1971,18-29,53026448.498372085
S2,1971,30-65,114585043.0637945
S2,1971,66+,20120645.676923554
S2,1971,15-26,
S2,1971,27-45,
S2,1971,46-65,
S2,1972,00-04,
S2,1972,05-09,
S2,1972,10-14,
S2,1972,15-19,
S2,1972,20-24,
S2,1972,25-29,
S2,1972,30-34,
S2,1972,35-39,
S2,1972,40-44,
S2,1972,45-49,
S2,1972,50-54,
S2,1972,55-59,
S2,1972,60-64,
S2,1972,65-69,
S2,1972,70-74,
S2,1972,75+,
S2,1972,0-8,
S2,1972,9-14,
S2,1972,0-17,74358515.392485
S2,1972,18-29,54176775.6251132
S2,1972,30-65,117070789.08465289
S2,1972,66+,20557132.094270993
S2,1972,15-26,
S2,1972,27-45,
S2,1972,46-65,
S2,1973,00-04,
S2,1973,05-09,
S2,1973,10-14,
S2,1973,15-19,
S2,1973,20-24,
S2,1973,25-29,
S2,1973,30-34,
S2,1973,35-39,
S2,1973,40-44,
S2,1973,45-49,
S2,1973,50-54,
S2,1973,55-59,
S2,1973,60-64,
S2,1973,65-69,
S2,1973,70-74,
S2,1973,75+,
S2,1973,0-8,
S2,1973,9-14,
S2,1973,0-17,76054738.23454033
S2,1973,18-29,55412624.45613373
S2,1973,30-65,119741339.26353538
S2,1973,66+,21026069.33490038
S2,1973,15-26,
S2,1973,27-45,
S2,1973,46-65,
S2,1974,00-04,
S2,1974,05-09,
S2,1974,10-14,
S2,1974,15-19,
S2,1974,20-24,
S2,1974,25-29,
S2,1974,30-34,
S2,1974,35-39,
S2,1974,40-44,
S2,1974,45-49,
S2,1974,50-54,
S2,1974,55-59,
S2,1974,60-64,
S2,1974,65-69,
S2,1974,70-74,
S2,1974,75+,
S2,1974,0-8,
S2,1974,9-14,
S2,1974,0-17,77770139.96918692
S2,1974,18-29,56662446.811977446
S2,1974,30-65,122442084.88240959
S2,1974,66+,21500308.766224947
S2,1974,15-26,
S2,1974,27-45,
S2,1974,46-65,
S2,1975,00-04,
S2,1975,05-09,
S2,1975,10-14,
S2,1975,15-19,
S2,1975,20-24,
S2,1975,25-29,
S2,1975,30-34,
S2,1975,35-39,
S2,1975,40-44,
S2,1975,45-49,
S2,1975,50-54,
S2,1975,55-59,
S2,1975,60-64,
S2,1975,65-69,
S2,1975,70-74,
S2,1975,75+,
S2,1975,0-8,
S2,1975,9-14,
S2,1975,0-17,79605585.46756083
S2,1975,18-29,57999731.70009908
S2,1975,30-65,125331828.60150272
S2,1975,66+,22007735.45922373
S2,1975,15-26,
S2,1975,27-45,
S2,1975,46-65,
S2,1976,00-04,
S2,1976,05-09,
S2,1976,10-14,
S2,1976,15-19,
S2,1976,20-24,
S2,1976,25-29,
S2,1976,30-34,
S2,1976,35-39,
S2,1976,40-44,
S2,1976,45-49,
S2,1976,50-54,
S2,1976,55-59,
S2,1976,60-64,
S2,1976,65-69,
S2,1976,70-74,
S2,1976,75+,
S2,1976,0-8,
S2,1976,9-14,
S2,1976,0-17,81469983.64126879
S2,1976,18-29,59358111.18091177
S2,1976,30-65,128267155.70172653
S2,1976,66+,22523166.39986223
S2,1976,15-26,
S2,1976,27-45,
S2,1976,46-65,
S2,1977,00-04,
S2,1977,05-09,
S2,1977,10-14,
S2,1977,15-19,
S2,1977,20-24,
S2,1977,25-29,
S2,1977,30-34,
S2,1977,35-39,
S2,1977,40-44,
S2,1977,45-49,
S2,1977,50-54,
S2,1977,55-59,
S2,1977,60-64,
S2,1977,65-69,
S2,1977,70-74,
S2,1977,75+,
S2,1977,0-8,
S2,1977,9-14,
S2,1977,0-17,83381758.32555498
S2,1977,18-29,60751008.65297203
S2,1977,30-65,131277072.85324712
S2,1977,66+,23051695.035915773
S2,1977,15-26,
S2,1977,27-45,
S2,1977,46-65,
S2,1978,00-04,
S2,1978,05-09,
S2,1978,10-14,
S2,1978,15-19,
S2,1978,20-24,
S2,1978,25-29,
S2,1978,30-34,
S2,1978,35-39,
S2,1978,40-44,
S2,1978,45-49,
S2,1978,50-54,
S2,1978,55-59,
S2,1978,60-64,
S2,1978,65-69,
S2,1978,70-74,
S2,1978,75+,
S2,1978,0-8,
S2,1978,9-14,
S2,1978,0-17,85342372.49512033
S2,1978,18-29,62179490.02314597
S2,1978,30-65,134363883.37804085
S2,1978,66+,23593725.82091617
S2,1978,15-26,
S2,1978,27-45,
S2,1978,46-65,
S2,1979,00-04,
S2,1979,05-09,
S2,1979,10-14,
S2,1979,15-19,
S2,1979,20-24,
S2,1979,25-29,
S2,1979,30-34,
S2,1979,35-39,
S2,1979,40-44,
S2,1979,45-49,
S2,1979,50-54,
S2,1979,55-59,
S2,1979,60-64,
S2,1979,65-69,
S2,1979,70-74,
S2,1979,75+,
S2,1979,0-8,
S2,1979,9-14,
S2,1979,0-17,87272713.52457218
S2,1979,18-29,63585914.72488408
S2,1979,30-65,137403031.56877053
S2,1979,66+,24127387.302993618
S2,1979,15-26,
S2,1979,27-45,
S2,1979,46-65,
S2,1980,00-04,
S2,1980,05-09,
S2,1980,10-14,
S2,1980,15-19,
S2,1980,20-24,
S2,1980,25-29,
S2,1980,30-34,
S2,1980,35-39,
S2,1980,40-44,
S2,1980,45-49,
S2,1980,50-54,
S2,1980,55-59,
S2,1980,60-64,
S2,1980,65-69,
S2,1980,70-74,
S2,1980,75+,
S2,1980,0-8,
S2,1980,9-14,
S2,1980,0-17,89362358.02997054
S2,1980,18-29,65108406.14241255
S2,1980,30-65,140692988.74263465
S2,1980,66+,24705089.774604388
S2,1980,15-26,
S2,1980,27-45,
S2,1980,46-65,
S2,1981,00-04,
S2,1981,05-09,
S2,1981,10-14,
S2,1981,15-19,
S2,1981,20-24,
S2,1981,25-29,
S2,1981,30-34,
S2,1981,35-39,
S2,1981,40-44,
S2,1981,45-49,
S2,1981,50-54,
S2,1981,55-59,
S2,1981,60-64,
S2,1981,65-69,
S2,1981,70-74,
S2,1981,75+,
S2,1981,0-8,
S2,1981,9-14,
S2,1981,0-17,91481385.19283706
S2,1981,18-29,66652305.432765275
S2,1981,30-65,144029206.26579502
S2,1981,66+,25290915.366582163
S2,1981,15-26,
S2,1981,27-45,
S2,1981,46-65,
S2,1982,00-04,
S2,1982,05-09,
S2,1982,10-14,
S2,1982,15-19,
S2,1982,20-24,
S2,1982,25-29,
S2,1982,30-34,
S2,1982,35-39,
S2,1982,40-44,
S2,1982,45-49,
S2,1982,50-54,
S2,1982,55-59,
S2,1982,60-64,
S2,1982,65-69,
S2,1982,70-74,
S2,1982,75+,
S2,1982,0-8,
S2,1982,9-14,
S2,1982,0-17,93638787.85244405
S2,1982,18-29,68224164.6772058
S2,1982,30-65,147425842.55419308
S2,1982,66+,25887350.23648218
S2,1982,15-26,
S2,1982,27-45,
S2,1982,46-65,
S2,1983,00-04,
S2,1983,05-09,
S2,1983,10-14,
S2,1983,15-19,
S2,1983,20-24,
S2,1983,25-29,
S2,1983,30-34,
S2,1983,35-39,
S2,1983,40-44,
S2,1983,45-49,
S2,1983,50-54,
S2,1983,55-59,
S2,1983,60-64,
S2,1983,65-69,
S2,1983,70-74,
S2,1983,75+,
S2,1983,0-8,
S2,1983,9-14,
S2,1983,0-17,95845724.01792312
S2,1983,18-29,69832113.47533618
S2,1983,30-65,150900464.88881537
S2,1983,66+,26497479.124046836
S2,1983,15-26,
S2,1983,27-45,
S2,1983,46-65,
S2,1984,00-04,
S2,1984,05-09,
S2,1984,10-14,
S2,1984,15-19,
S2,1984,20-24,
S2,1984,25-29,
S2,1984,30-34,
S2,1984,35-39,
S2,1984,40-44,
S2,1984,45-49,
S2,1984,50-54,
S2,1984,55-59,
S2,1984,60-64,
S2,1984,65-69,
S2,1984,70-74,
S2,1984,75+,
S2,1984,0-8,
S2,1984,9-14,
S2,1984,0-17,98125294.19331907
S2,1984,18-29,71492982.5938529
S2,1984,30-65,154489442.93388313
S2,1984,66+,27127688.38745709
S2,1984,15-26,
S2,1984,27-45,
S2,1984,46-65,
S2,1985,00-04,
S2,1985,05-09,
S2,1985,10-14,
S2,1985,15-19,
S2,1985,20-24,
S2,1985,25-29,
S2,1985,30-34,
S2,1985,35-39,
S2,1985,40-44,
S2,1985,45-49,
S2,1985,50-54,
S2,1985,55-59,
S2,1985,60-64,
S2,1985,65-69,
S2,1985,70-74,
S2,1985,75+,
S2,1985,0-8,
S2,1985,9-14,
S2,1985,0-17,100457079.40448675
S2,1985,18-29,73191894.99849938
S2,1985,30-65,158160628.85262322
S2,1985,66+,27772333.003456
S2,1985,15-26,
S2,1985,27-45,
S2,1985,46-65,
S2,1986,00-04,
S2,1986,05-09,
S2,1986,10-14,
S2,1986,15-19,
S2,1986,20-24,
S2,1986,25-29,
S2,1986,30-34,
S2,1986,35-39,
S2,1986,40-44,
S2,1986,45-49,
S2,1986,50-54,
S2,1986,55-59,
S2,1986,60-64,
S2,1986,65-69,
S2,1986,70-74,
S2,1986,75+,
S2,1986,0-8,
S2,1986,9-14,
S2,1986,0-17,102822819.85245872
S2,1986,18-29,74915546.80570027
S2,1986,30-65,161885274.2352227
S2,1986,66+,28426364.87368666
S2,1986,15-26,
S2,1986,27-45,
S2,1986,46-65,
S2,1987,00-04,
S2,1987,05-09,
S2,1987,10-14,
S2,1987,15-19,
S2,1987,20-24,
S2,1987,25-29,
S2,1987,30-34,
S2,1987,35-39,
S2,1987,40-44,
S2,1987,45-49,
S2,1987,50-54,
S2,1987,55-59,
S2,1987,60-64,
S2,1987,65-69,
S2,1987,70-74,
S2,1987,75+,
S2,1987,0-8,
S2,1987,9-14,
S2,1987,0-17,105240575.0593529
S2,1987,18-29,76677095.97957726
S2,1987,30-65,165691812.17362294
S2,1987,66+,29094776.72803036
S2,1987,15-26,
S2,1987,27-45,
S2,1987,46-65,
S2,1988,00-04,
S2,1988,05-09,
S2,1988,10-14,
S2,1988,15-19,
S2,1988,20-24,
S2,1988,25-29,
S2,1988,30-34,
S2,1988,35-39,
S2,1988,40-44,
S2,1988,45-49,
S2,1988,50-54,
S2,1988,55-59,
S2,1988,60-64,
S2,1988,65-69,
S2,1988,70-74,
S2,1988,75+,
S2,1988,0-8,
S2,1988,9-14,
S2,1988,0-17,107666150.3278861
S2,1988,18-29,78444342.76216209
S2,1988,30-65,169510662.09514937
S2,1988,66+,29765350.514188383
S2,1988,15-26,
S2,1988,27-45,
S2,1988,46-65,
S2,1989,00-04,
S2,1989,05-09,
S2,1989,10-14,
S2,1989,15-19,
S2,1989,20-24,
S2,1989,25-29,
S2,1989,30-34,
S2,1989,35-39,
S2,1989,40-44,
S2,1989,45-49,
S2,1989,50-54,
S2,1989,55-59,
S2,1989,60-64,
S2,1989,65-69,
S2,1989,70-74,
S2,1989,75+,
S2,1989,0-8,
S2,1989,9-14,
S2,1989,0-17,110127376.23806429
S2,1989,18-29,80237564.20014566
S2,1989,30-65,173385640.74284402
S2,1989,66+,30445780.26567439
S2,1989,15-26,
S2,1989,27-45,
S2,1989,46-65,
S2,1990,00-04,
S2,1990,05-09,
S2,1990,10-14,
S2,1990,15-19,
S2,1990,20-24,
S2,1990,25-29,
S2,1990,30-34,
S2,1990,35-39,
S2,1990,40-44,
S2,1990,45-49,
S2,1990,50-54,
S2,1990,55-59,
S2,1990,60-64,
S2,1990,65-69,
S2,1990,70-74,
S2,1990,75+,
S2,1990,0-8,
S2,1990,9-14,
S2,1990,0-17,112625936.75033638
S2,1990,18-29,82057987.20811781
S2,1990,30-65,177319399.36085173
S2,1990,66+,31136531.529671527
S2,1990,15-26,
S2,1990,27-45,
S2,1990,46-65,
S2,1991,00-04,
S2,1991,05-09,
S2,1991,10-14,
S2,1991,15-19,
S2,1991,20-24,
S2,1991,25-29,
S2,1991,30-34,
S2,1991,35-39,
S2,1991,40-44,
S2,1991,45-49,
S2,1991,50-54,
S2,1991,55-59,
S2,1991,60-64,
S2,1991,65-69,
S2,1991,70-74,
S2,1991,75+,
S2,1991,0-8,
S2,1991,9-14,
S2,1991,0-17,115145050.57210995
S2,1991,18-29,83893385.12557201
S2,1991,30-65,181285517.31455815
S2,1991,66+,31832964.95523634
S2,1991,15-26,
S2,1991,27-45,
S2,1991,46-65,
S2,1992,00-04,
S2,1992,05-09,
S2,1992,10-14,
S2,1992,15-19,
S2,1992,20-24,
S2,1992,25-29,
S2,1992,30-34,
S2,1992,35-39,
S2,1992,40-44,
S2,1992,45-49,
S2,1992,50-54,
S2,1992,55-59,
S2,1992,60-64,
S2,1992,65-69,
S2,1992,70-74,
S2,1992,75+,
S2,1992,0-8,
S2,1992,9-14,
S2,1992,0-17,117639106.62642334
S2,1992,18-29,85710526.23628126
S2,1992,30-65,185212184.06897995
S2,1992,66+,32522470.918183792
S2,1992,15-26,
S2,1992,27-45,
S2,1992,46-65,
S2,1993,00-04,
S2,1993,05-09,
S2,1993,10-14,
S2,1993,15-19,
S2,1993,20-24,
S2,1993,25-29,
S2,1993,30-34,
S2,1993,35-39,
S2,1993,40-44,
S2,1993,45-49,
S2,1993,50-54,
S2,1993,55-59,
S2,1993,60-64,
S2,1993,65-69,
S2,1993,70-74,
S2,1993,75+,
S2,1993,0-8,
S2,1993,9-14,
S2,1993,0-17,120165428.50738165
S2,1993,18-29,87551175.86435764
S2,1993,30-65,189189650.46303728
S2,1993,66+,33220897.081554327
S2,1993,15-26,
S2,1993,27-45,
S2,1993,46-65,
S2,1994,00-04,
S2,1994,05-09,
S2,1994,10-14,
S2,1994,15-19,
S2,1994,20-24,
S2,1994,25-29,
S2,1994,30-34,
S2,1994,35-39,
S2,1994,40-44,
S2,1994,45-49,
S2,1994,50-54,
S2,1994,55-59,
S2,1994,60-64,
S2,1994,65-69,
S2,1994,70-74,
S2,1994,75+,
S2,1994,0-8,
S2,1994,9-14,
S2,1994,0-17,122682101.131475
S2,1994,18-29,89384795.1527163
S2,1994,30-65,193151924.97074115
S2,1994,66+,33916655.61436599
S2,1994,15-26,
S2,1994,27-45,
S2,1994,46-65,
S2,1995,00-04,
S2,1995,05-09,
S2,1995,10-14,
S2,1995,15-19,
S2,1995,20-24,
S2,1995,25-29,
S2,1995,30-34,
S2,1995,35-39,
S2,1995,40-44,
S2,1995,45-49,
S2,1995,50-54,
S2,1995,55-59,
S2,1995,60-64,
S2,1995,65-69,
S2,1995,70-74,
S2,1995,75+,
S2,1995,0-8,
S2,1995,9-14,
S2,1995,0-17,125159604.2360529
S2,1995,18-29,91189875.970949
S2,1995,30-65,197052530.5958225
S2,1995,66+,34601585.35396534
S2,1995,15-26,
S2,1995,27-45,
S2,1995,46-65,
S2,1996,00-04,
S2,1996,05-09,
S2,1996,10-14,
S2,1996,15-19,
S2,1996,20-24,
S2,1996,25-29,
S2,1996,30-34,
S2,1996,35-39,
S2,1996,40-44,
S2,1996,45-49,
S2,1996,50-54,
S2,1996,55-59,
S2,1996,60-64,
S2,1996,65-69,
S2,1996,70-74,
S2,1996,75+,
S2,1996,0-8,
S2,1996,9-14,
S2,1996,0-17,127683157.119263
S2,1996,18-29,93028508.13849758
S2,1996,30-65,201025637.45217723
S2,1996,66+,35299246.00107764
S2,1996,15-26,
S2,1996,27-45,
S2,1996,46-65,
S2,1997,00-04,
S2,1997,05-09,
S2,1997,10-14,
S2,1997,15-19,
S2,1997,20-24,
S2,1997,25-29,
S2,1997,30-34,
S2,1997,35-39,
S2,1997,40-44,
S2,1997,45-49,
S2,1997,50-54,
S2,1997,55-59,
S2,1997,60-64,
S2,1997,65-69,
S2,1997,70-74,
S2,1997,75+,
S2,1997,0-8,
S2,1997,9-14,
S2,1997,0-17,130215173.94737136
S2,1997,18-29,94873307.04083419
S2,1997,30-65,205012070.0278904
S2,1997,66+,35999246.58777037
S2,1997,15-26,
S2,1997,27-45,
S2,1997,46-65,
S2,1998,00-04,
S2,1998,05-09,
S2,1998,10-14,
S2,1998,15-19,
S2,1998,20-24,
S2,1998,25-29,
S2,1998,30-34,
S2,1998,35-39,
S2,1998,40-44,
S2,1998,45-49,
S2,1998,50-54,
S2,1998,55-59,
S2,1998,60-64,
S2,1998,65-69,
S2,1998,70-74,
S2,1998,75+,
S2,1998,0-8,
S2,1998,9-14,
S2,1998,0-17,132755307.57383886
S2,1998,18-29,96724019.75090587
S2,1998,30-65,209011281.7719842
S2,1998,66+,36701491.14201908
S2,1998,15-26,
S2,1998,27-45,
S2,1998,46-65,
S2,1999,00-04,
S2,1999,05-09,
S2,1999,10-14,
S2,1999,15-19,
S2,1999,20-24,
S2,1999,25-29,
S2,1999,30-34,
S2,1999,35-39,
S2,1999,40-44,
S2,1999,45-49,
S2,1999,50-54,
S2,1999,55-59,
S2,1999,60-64,
S2,1999,65-69,
S2,1999,70-74,
S2,1999,75+,
S2,1999,0-8,
S2,1999,9-14,
S2,1999,0-17,135304976.83071375
S2,1999,18-29,98581680.01374003
S2,1999,30-65,213025506.50780243
S2,1999,66+,37406371.913691655
S2,1999,15-26,
S2,1999,27-45,
S2,1999,46-65,
S2,2000,00-04,
S2,2000,05-09,
S2,2000,10-14,
S2,2000,15-19,
S2,2000,20-24,
S2,2000,25-29,
S2,2000,30-34,
S2,2000,35-39,
S2,2000,40-44,
S2,2000,45-49,
S2,2000,50-54,
S2,2000,55-59,
S2,2000,60-64,
S2,2000,65-69,
S2,2000,70-74,
S2,2000,75+,
S2,2000,0-8,
S2,2000,9-14,
S2,2000,0-17,137855017.21285275
S2,2000,18-29,100439610.67425574
S2,2000,30-65,217040315.54694182
S2,2000,66+,38111355.28653954
S2,2000,15-26,
S2,2000,27-45,
S2,2000,46-65,
S2,2001,00-04,
S2,2001,05-09,
S2,2001,10-14,
S2,2001,15-19,
S2,2001,20-24,
S2,2001,25-29,
S2,2001,30-34,
S2,2001,35-39,
S2,2001,40-44,
S2,2001,45-49,
S2,2001,50-54,
S2,2001,55-59,
S2,2001,60-64,
S2,2001,65-69,
S2,2001,70-74,
S2,2001,75+,
S2,2001,0-8,
S2,2001,9-14,
S2,2001,0-17,140444950.5635351
S2,2001,18-29,102326606.9016992
S2,2001,30-65,221117932.47407714
S2,2001,66+,38827367.45709336
S2,2001,15-26,
S2,2001,27-45,
S2,2001,46-65,
S2,2002,00-04,
S2,2002,05-09,
S2,2002,10-14,
S2,2002,15-19,
S2,2002,20-24,
S2,2002,25-29,
S2,2002,30-34,
S2,2002,35-39,
S2,2002,40-44,
S2,2002,45-49,
S2,2002,50-54,
S2,2002,55-59,
S2,2002,60-64,
S2,2002,65-69,
S2,2002,70-74,
S2,2002,75+,
S2,2002,0-8,
S2,2002,9-14,
S2,2002,0-17,143078126.0021589
S2,2002,18-29,104245108.82668915
S2,2002,30-65,225263630.17622828
S2,2002,66+,39555334.321862824
S2,2002,15-26,
S2,2002,27-45,
S2,2002,46-65,
S2,2003,00-04,
S2,2003,05-09,
S2,2003,10-14,
S2,2003,15-19,
S2,2003,20-24,
S2,2003,25-29,
S2,2003,30-34,
S2,2003,35-39,
S2,2003,40-44,
S2,2003,45-49,
S2,2003,50-54,
S2,2003,55-59,
S2,2003,60-64,
S2,2003,65-69,
S2,2003,70-74,
S2,2003,75+,
S2,2003,0-8,
S2,2003,9-14,
S2,2003,0-17,145607910.9014583
S2,2003,18-29,106088281.57086957
S2,2003,30-65,229246548.78093973
S2,2003,66+,40254717.870209575
S2,2003,15-26,
S2,2003,27-45,
S2,2003,46-65,
S2,2004,00-04,
S2,2004,05-09,
S2,2004,10-14,
S2,2004,15-19,
S2,2004,20-24,
S2,2004,25-29,
S2,2004,30-34,
S2,2004,35-39,
S2,2004,40-44,
S2,2004,45-49,
S2,2004,50-54,
S2,2004,55-59,
S2,2004,60-64,
S2,2004,65-69,
S2,2004,70-74,
S2,2004,75+,
S2,2004,0-8,
S2,2004,9-14,
S2,2004,0-17,148116774.90830392
S2,2004,18-29,107916211.5887748
S2,2004,30-65,233196529.3236817
S2,2004,66+,40948317.63511961
S2,2004,15-26,
S2,2004,27-45,
S2,2004,46-65,
S2,2005,00-04,
S2,2005,05-09,
S2,2005,10-14,
S2,2005,15-19,
S2,2005,20-24,
S2,2005,25-29,
S2,2005,30-34,
S2,2005,35-39,
S2,2005,40-44,
S2,2005,45-49,
S2,2005,50-54,
S2,2005,55-59,
S2,2005,60-64,
S2,2005,65-69,
S2,2005,70-74,
S2,2005,75+,
S2,2005,0-8,
S2,2005,9-14,
S2,2005,0-17,150650532.37384745
S2,2005,18-29,109762278.69991404
S2,2005,30-65,237185702.37635246
S2,2005,66+,41648799.43789764
S2,2005,15-26,
S2,2005,27-45,
S2,2005,46-65,
S2,2006,00-04,
S2,2006,05-09,
S2,2006,10-14,
S2,2006,15-19,
S2,2006,20-24,
S2,2006,25-29,
S2,2006,30-34,
S2,2006,35-39,
S2,2006,40-44,
S2,2006,45-49,
S2,2006,50-54,
S2,2006,55-59,
S2,2006,60-64,
S2,2006,65-69,
S2,2006,70-74,
S2,2006,75+,
S2,2006,0-8,
S2,2006,9-14,
S2,2006,0-17,153034637.80019352
S2,2006,18-29,111499311.02321966
S2,2006,30-65,240939261.7642734
S2,2006,66+,42307908.48435144
S2,2006,15-26,
S2,2006,27-45,
S2,2006,46-65,
S2,2007,00-04,
S2,2007,05-09,
S2,2007,10-14,
S2,2007,15-19,
S2,2007,20-24,
S2,2007,25-29,
S2,2007,30-34,
S2,2007,35-39,
S2,2007,40-44,
S2,2007,45-49,
S2,2007,50-54,
S2,2007,55-59,
S2,2007,60-64,
S2,2007,65-69,
S2,2007,70-74,
S2,2007,75+,
S2,2007,0-8,
S2,2007,9-14,
S2,2007,0-17,155453238.8021093
S2,2007,18-29,113261476.43380973
S2,2007,30-65,244747131.33080122
S2,2007,66+,42976554.16692442
S2,2007,15-26,
S2,2007,27-45,
S2,2007,46-65,
S2,2008,00-04,
S2,2008,05-09,
S2,2008,10-14,
S2,2008,15-19,
S2,2008,20-24,
S2,2008,25-29,
S2,2008,30-34,
S2,2008,35-39,
S2,2008,40-44,
S2,2008,45-49,
S2,2008,50-54,
S2,2008,55-59,
S2,2008,60-64,
S2,2008,65-69,
S2,2008,70-74,
S2,2008,75+,
S2,2008,0-8,
S2,2008,9-14,
S2,2008,0-17,157740762.01207316
S2,2008,18-29,114928140.0436104
S2,2008,30-65,248348630.71290132
S2,2008,66+,43608962.12380364
S2,2008,15-26,
S2,2008,27-45,
S2,2008,46-65,
S2,2009,00-04,
S2,2009,05-09,
S2,2009,10-14,
S2,2009,15-19,
S2,2009,20-24,
S2,2009,25-29,
S2,2009,30-34,
S2,2009,35-39,
S2,2009,40-44,
S2,2009,45-49,
S2,2009,50-54,
S2,2009,55-59,
S2,2009,60-64,
S2,2009,65-69,
S2,2009,70-74,
S2,2009,75+,
S2,2009,0-8,
S2,2009,9-14,
S2,2009,0-17,160020502.76339817
S2,2009,18-29,116589133.44182503
S2,2009,30-65,251937877.31441477
S2,2009,66+,44239218.54458232
S2,2009,15-26,
S2,2009,27-45,
S2,2009,46-65,
S2,2010,00-04,
S2,2010,05-09,
S2,2010,10-14,
S2,2010,15-19,
S2,2010,20-24,
S2,2010,25-29,
S2,2010,30-34,
S2,2010,35-39,
S2,2010,40-44,
S2,2010,45-49,
S2,2010,50-54,
S2,2010,55-59,
S2,2010,60-64,
S2,2010,65-69,
S2,2010,70-74,
S2,2010,75+,
S2,2010,0-8,
S2,2010,9-14,
S2,2010,0-17,162404815.55121705
S2,2010,18-29,118326316.84636086
S2,2010,30-65,255691763.1743089
S2,2010,66+,44898384.91812463
S2,2010,15-26,
S2,2010,27-45,
S2,2010,46-65,
S2,2011,00-04,
S2,2011,05-09,
S2,2011,10-14,
S2,2011,15-19,
S2,2011,20-24,
S2,2011,25-29,
S2,2011,30-34,
S2,2011,35-39,
S2,2011,40-44,
S2,2011,45-49,
S2,2011,50-54,
S2,2011,55-59,
S2,2011,60-64,
S2,2011,65-69,
S2,2011,70-74,
S2,2011,75+,
S2,2011,0-8,
S2,2011,9-14,
S2,2011,0-17,164786780.3313999
S2,2011,18-29,120061789.51901637
S2,2011,30-65,259441952.3075371
S2,2011,66+,45556902.16220427
S2,2011,15-26,
S2,2011,27-45,
S2,2011,46-65,
S2,2012,00-04,
S2,2012,05-09,
S2,2012,10-14,
S2,2012,15-19,
S2,2012,20-24,
S2,2012,25-29,
S2,2012,30-34,
S2,2012,35-39,
S2,2012,40-44,
S2,2012,45-49,
S2,2012,50-54,
S2,2012,55-59,
S2,2012,60-64,
S2,2012,65-69,
S2,2012,70-74,
S2,2012,75+,
S2,2012,0-8,
S2,2012,9-14,
S2,2012,0-17,167119518.42439452
S2,2012,18-29,121761396.18261445
S2,2012,30-65,263114638.45294017
S2,2012,66+,46201810.21161753
S2,2012,15-26,
S2,2012,27-45,
S2,2012,46-65,
S2,2013,00-04,
S2,2013,05-09,
S2,2013,10-14,
S2,2013,15-19,
S2,2013,20-24,
S2,2013,25-29,
S2,2013,30-34,
S2,2013,35-39,
S2,2013,40-44,
S2,2013,45-49,
S2,2013,50-54,
S2,2013,55-59,
S2,2013,60-64,
S2,2013,65-69,
S2,2013,70-74,
S2,2013,75+,
S2,2013,0-8,
S2,2013,9-14,
S2,2013,0-17,169500929.72235224
S2,2013,18-29,123460737.0021393
S2,2013,30-65,266626913.10262233
S2,2013,66+,46803607.22585154
S2,2013,15-26,
S2,2013,27-45,
S2,2013,46-65,
S2,2014,00-04,
S2,2014,05-09,
S2,2014,10-14,
S2,2014,15-19,
S2,2014,20-24,
S2,2014,25-29,
S2,2014,30-34,
S2,2014,35-39,
S2,2014,40-44,
S2,2014,45-49,
S2,2014,50-54,
S2,2014,55-59,
S2,2014,60-64,
S2,2014,65-69,
S2,2014,70-74,
S2,2014,75+,
S2,2014,0-8,
S2,2014,9-14,
S2,2014,0-17,171884855.792269
S2,2014,18-29,125161860.45606221
S2,2014,30-65,270143386.80881953
S2,2014,66+,47406210.10348091
S2,2014,15-26,
S2,2014,27-45,
S2,2014,46-65,
S2,2015,00-04,
S2,2015,05-09,
S2,2015,10-14,
S2,2015,15-19,
S2,2015,20-24,
S2,2015,25-29,
S2,2015,30-34,
S2,2015,35-39,
S2,2015,40-44,
S2,2015,45-49,
S2,2015,50-54,
S2,2015,55-59,
S2,2015,60-64,
S2,2015,65-69,
S2,2015,70-74,
S2,2015,75+,
S2,2015,0-8,
S2,2015,9-14,
S2,2015,0-17,174270538.65601096
S2,2015,18-29,126864434.28752187
S2,2015,30-65,273664222.6155826
S2,2015,66+,48009704.20116274
S2,2015,15-26,
S2,2015,27-45,
S2,2015,46-65,
S2,2016,00-04,
S2,2016,05-09,
S2,2016,10-14,
S2,2016,15-19,
S2,2016,20-24,
S2,2016,25-29,
S2,2016,30-34,
S2,2016,35-39,
S2,2016,40-44,
S2,2016,45-49,
S2,2016,50-54,
S2,2016,55-59,
S2,2016,60-64,
S2,2016,65-69,
S2,2016,70-74,
S2,2016,75+,
S2,2016,0-8,
S2,2016,9-14,
S2,2016,0-17,176593126.30668336
S2,2016,18-29,128521790.93712443
S2,2016,30-65,277091416.927032
S2,2016,66+,48596953.145310685
S2,2016,15-26,
S2,2016,27-45,
S2,2016,46-65,
S2,2017,00-04,
S2,2017,05-09,
S2,2017,10-14,
S2,2017,15-19,
S2,2017,20-24,
S2,2017,25-29,
S2,2017,30-34,
S2,2017,35-39,
S2,2017,40-44,
S2,2017,45-49,
S2,2017,50-54,
S2,2017,55-59,
S2,2017,60-64,
S2,2017,65-69,
S2,2017,70-74,
S2,2017,75+,
S2,2017,0-8,
S2,2017,9-14,
S2,2017,0-17,178786533.80763653
S2,2017,18-29,130086714.73379633
S2,2017,30-65,280325884.8659393
S2,2017,66+,49150656.276662245
S2,2017,15-26,
S2,2017,27-45,
S2,2017,46-65,
S2,2018,00-04,
S2,2018,05-09,
S2,2018,10-14,
S2,2018,15-19,
S2,2018,20-24,
S2,2018,25-29,
S2,2018,30-34,
S2,2018,35-39,
S2,2018,40-44,
S2,2018,45-49,
S2,2018,50-54,
S2,2018,55-59,
S2,2018,60-64,
S2,2018,65-69,
S2,2018,70-74,
S2,2018,75+,
S2,2018,0-8,
S2,2018,9-14,
S2,2018,0-17,180980534.10124874
S2,2018,18-29,131652152.11632746
S2,2018,30-65,283562687.6819976
S2,2018,66+,49704931.13600165
S2,2018,15-26,
S2,2018,27-45,
S2,2018,46-65,
S2,2019,00-04,
S2,2019,05-09,
S2,2019,10-14,
S2,2019,15-19,
S2,2019,20-24,
S2,2019,25-29,
S2,2019,30-34,
S2,2019,35-39,
S2,2019,40-44,
S2,2019,45-49,
S2,2019,50-54,
S2,2019,55-59,
S2,2019,60-64,
S2,2019,65-69,
S2,2019,70-74,
S2,2019,75+,
S2,2019,0-8,
S2,2019,9-14,
S2,2019,0-17,183178721.00288382
S2,2019,18-29,133220612.51533166
S2,2019,30-65,286806318.3275696
S2,2019,66+,50260360.6820477
S2,2019,15-26,
S2,2019,27-45,
S2,2019,46-65,
S2,2020,00-04,
S2,2020,05-09,
S2,2020,10-14,
S2,2020,15-19,
S2,2020,20-24,
S2,2020,25-29,
S2,2020,30-34,
S2,2020,35-39,
S2,2020,40-44,
S2,2020,45-49,
S2,2020,50-54,
S2,2020,55-59,
S2,2020,60-64,
S2,2020,65-69,
S2,2020,70-74,
S2,2020,75+,
S2,2020,0-8,
S2,2020,9-14,
S2,2020,0-17,185379182.00260317
S2,2020,18-29,134790970.6638441
S2,2020,30-65,290055865.0519776
S2,2020,66+,50817095.2798029
S2,2020,15-26,
S2,2020,27-45,
S2,2020,46-65,
S2,2021,00-04,
S2,2021,05-09,
S2,2021,10-14,
S2,2021,15-19,
S2,2021,20-24,
S2,2021,25-29,
S2,2021,30-34,
S2,2021,35-39,
S2,2021,40-44,
S2,2021,45-49,
S2,2021,50-54,
S2,2021,55-59,
S2,2021,60-64,
S2,2021,65-69,
S2,2021,70-74,
S2,2021,75+,
S2,2021,0-8,
S2,2021,9-14,
S2,2021,0-17,187513281.85286844
S2,2021,18-29,136312768.2679951
S2,2021,30-65,293201306.2462549
S2,2021,66+,51355748.221016474
S2,2021,15-26,
S2,2021,27-45,
S2,2021,46-65,
S2,2022,00-04,
S2,2022,05-09,
S2,2022,10-14,
S2,2022,15-19,
S2,2022,20-24,
S2,2022,25-29,
S2,2022,30-34,
S2,2022,35-39,
S2,2022,40-44,
S2,2022,45-49,
S2,2022,50-54,
S2,2022,55-59,
S2,2022,60-64,
S2,2022,65-69,
S2,2022,70-74,
S2,2022,75+,
S2,2022,0-8,
S2,2022,9-14,
S2,2022,0-17,189510457.43756092
S2,2022,18-29,137734506.8961215
S2,2022,30-65,296131448.39196396
S2,2022,66+,51857091.45994913
S2,2022,15-26,
S2,2022,27-45,
S2,2022,46-65,
S2,2023,00-04,
S2,2023,05-09,
S2,2023,10-14,
S2,2023,15-19,
S2,2023,20-24,
S2,2023,25-29,
S2,2023,30-34,
S2,2023,35-39,
S2,2023,40-44,
S2,2023,45-49,
S2,2023,50-54,
S2,2023,55-59,
S2,2023,60-64,
S2,2023,65-69,
S2,2023,70-74,
S2,2023,75+,
S2,2023,0-8,
S2,2023,9-14,
S2,2023,0-17,191510191.28452185
S2,2023,18-29,139158091.8325114
S2,2023,30-65,299067042.91850686
S2,2023,66+,52359546.17607378
S2,2023,15-26,
S2,2023,27-45,
S2,2023,46-65,
S2,2024,00-04,
S2,2024,05-09,
S2,2024,10-14,
S2,2024,15-19,
S2,2024,20-24,
S2,2024,25-29,
S2,2024,30-34,
S2,2024,35-39,
S2,2024,40-44,
S2,2024,45-49,
S2,2024,50-54,
S2,2024,55-59,
S2,2024,60-64,
S2,2024,65-69,
S2,2024,70-74,
S2,2024,75+,
S2,2024,0-8,
S2,2024,9-14,
S2,2024,0-17,193513898.62649265
S2,2024,18-29,140584610.63565704
S2,2024,30-65,302009602.7129643
S2,2024,66+,52863310.252564356
S2,2024,15-26,
S2,2024,27-45,
S2,2024,46-65,
S2,2025,00-04,
S2,2025,05-09,
S2,2025,10-14,
S2,2025,15-19,
S2,2025,20-24,
S2,2025,25-29,
S2,2025,30-34,
S2,2025,35-39,
S2,2025,40-44,
S2,2025,45-49,
S2,2025,50-54,
S2,2025,55-59,
S2,2025,60-64,
S2,2025,65-69,
S2,2025,70-74,
S2,2025,75+,
S2,2025,0-8,
S2,2025,9-14,
S2,2025,0-17,195519988.64191723
S2,2025,18-29,142013030.36291027
S2,2025,30-65,304957292.2754417
S2,2025,66+,53368041.822749734
S2,2025,15-26,
S2,2025,27-45,
S2,2025,46-65,
S2,2026,00-04,
S2,2026,05-09,
S2,2026,10-14,
S2,2026,15-19,
S2,2026,20-24,
S2,2026,25-29,
S2,2026,30-34,
S2,2026,35-39,
S2,2026,40-44,
S2,2026,45-49,
S2,2026,50-54,
S2,2026,55-59,
S2,2026,60-64,
S2,2026,65-69,
S2,2026,70-74,
S2,2026,75+,
S2,2026,0-8,
S2,2026,9-14,
S2,2026,0-17,197446188.69303244
S2,2026,18-29,143384327.87208286
S2,2026,30-65,307787035.6187453
S2,2026,66+,53852651.43030391
S2,2026,15-26,
S2,2026,27-45,
S2,2026,46-65,
S2,2027,00-04,
S2,2027,05-09,
S2,2027,10-14,
S2,2027,15-19,
S2,2027,20-24,
S2,2027,25-29,
S2,2027,30-34,
S2,2027,35-39,
S2,2027,40-44,
S2,2027,45-49,
S2,2027,50-54,
S2,2027,55-59,
S2,2027,60-64,
S2,2027,65-69,
S2,2027,70-74,
S2,2027,75+,
S2,2027,0-8,
S2,2027,9-14,
S2,2027,0-17,199209242.9741579
S2,2027,18-29,144638869.49883032
S2,2027,30-65,310373830.9492184
S2,2027,66+,54295558.545351245
S2,2027,15-26,
S2,2027,27-45,
S2,2027,46-65,
S2,2028,00-04,
S2,2028,05-09,
S2,2028,10-14,
S2,2028,15-19,
S2,2028,20-24,
S2,2028,25-29,
S2,2028,30-34,
S2,2028,35-39,
S2,2028,40-44,
S2,2028,45-49,
S2,2028,50-54,
S2,2028,55-59,
S2,2028,60-64,
S2,2028,65-69,
S2,2028,70-74,
S2,2028,75+,
S2,2028,0-8,
S2,2028,9-14,
S2,2028,0-17,200974102.51379582
S2,2028,18-29,145894734.28749534
S2,2028,30-65,312964657.7566912
S2,2028,66+,54739332.06105764
S2,2028,15-26,
S2,2028,27-45,
S2,2028,46-65,
S2,2029,00-04,
S2,2029,05-09,
S2,2029,10-14,
S2,2029,15-19,
S2,2029,20-24,
S2,2029,25-29,
S2,2029,30-34,
S2,2029,35-39,
S2,2029,40-44,
S2,2029,45-49,
S2,2029,50-54,
S2,2029,55-59,
S2,2029,60-64,
S2,2029,65-69,
S2,2029,70-74,
S2,2029,75+,
S2,2029,0-8,
S2,2029,9-14,
S2,2029,0-17,202742921.17239353
S2,2029,18-29,147153701.7272054
S2,2029,30-65,315563241.21428907
S2,2029,66+,55184541.40901683
S2,2029,15-26,
S2,2029,27-45,
S2,2029,46-65,
S2,2030,00-04,
S2,2030,05-09,
S2,2030,10-14,
S2,2030,15-19,
S2,2030,20-24,
S2,2030,25-29,
S2,2030,30-34,
S2,2030,35-39,
S2,2030,40-44,
S2,2030,45-49,
S2,2030,50-54,
S2,2030,55-59,
S2,2030,60-64,
S2,2030,65-69,
S2,2030,70-74,
S2,2030,75+,
S2,2030,0-8,
S2,2030,9-14,
S2,2030,0-17,204515841.64481756
S2,2030,18-29,148415568.57173336
S2,2030,30-65,318168983.6141982
S2,2030,66+,55631068.97106261
S2,2030,15-26,
S2,2030,27-45,
S2,2030,46-65,
S2,2031,00-04,
S2,2031,05-09,
S2,2031,10-14,
S2,2031,15-19,
S2,2031,20-24,
S2,2031,25-29,
S2,2031,30-34,
S2,2031,35-39,
S2,2031,40-44,
S2,2031,45-49,
S2,2031,50-54,
S2,2031,55-59,
S2,2031,60-64,
S2,2031,65-69,
S2,2031,70-74,
S2,2031,75+,
S2,2031,0-8,
S2,2031,9-14,
S2,2031,0-17,206203967.82648697
S2,2031,18-29,149617173.41155854
S2,2031,30-65,320652459.88251835
S2,2031,66+,56056876.11923322
S2,2031,15-26,
S2,2031,27-45,
S2,2031,46-65,
S2,2032,00-04,
S2,2032,05-09,
S2,2032,10-14,
S2,2032,15-19,
S2,2032,20-24,
S2,2032,25-29,
S2,2032,30-34,
S2,2032,35-39,
S2,2032,40-44,
S2,2032,45-49,
S2,2032,50-54,
S2,2032,55-59,
S2,2032,60-64,
S2,2032,65-69,
S2,2032,70-74,
S2,2032,75+,
S2,2032,0-8,
S2,2032,9-14,
S2,2032,0-17,207721403.01666185
S2,2032,18-29,150697153.47212183
S2,2032,30-65,322886343.0593802
S2,2032,66+,56439994.82716037
S2,2032,15-26,
S2,2032,27-45,
S2,2032,46-65,
S2,2033,00-04,
S2,2033,05-09,
S2,2033,10-14,
S2,2033,15-19,
S2,2033,20-24,
S2,2033,25-29,
S2,2033,30-34,
S2,2033,35-39,
S2,2033,40-44,
S2,2033,45-49,
S2,2033,50-54,
S2,2033,55-59,
S2,2033,60-64,
S2,2033,65-69,
S2,2033,70-74,
S2,2033,75+,
S2,2033,0-8,
S2,2033,9-14,
S2,2033,0-17,209240731.00813186
S2,2033,18-29,151778501.6275458
S2,2033,30-65,325125105.0201456
S2,2033,66+,56824168.76677175
S2,2033,15-26,
S2,2033,27-45,
S2,2033,46-65,
S2,2034,00-04,
S2,2034,05-09,
S2,2034,10-14,
S2,2034,15-19,
S2,2034,20-24,
S2,2034,25-29,
S2,2034,30-34,
S2,2034,35-39,
S2,2034,40-44,
S2,2034,45-49,
S2,2034,50-54,
S2,2034,55-59,
S2,2034,60-64,
S2,2034,65-69,
S2,2034,70-74,
S2,2034,75+,
S2,2034,0-8,
S2,2034,9-14,
S2,2034,0-17,210764258.60592848
S2,2034,18-29,152863253.36407322
S2,2034,30-65,327372130.0761066
S2,2034,66+,57209908.5149174
S2,2034,15-26,
S2,2034,27-45,
S2,2034,46-65,
S2,2035,00-04,
S2,2035,05-09,
S2,2035,10-14,
S2,2035,15-19,
S2,2035,20-24,
S2,2035,25-29,
S2,2035,30-34,
S2,2035,35-39,
S2,2035,40-44,
S2,2035,45-49,
S2,2035,50-54,
S2,2035,55-59,
S2,2035,60-64,
S2,2035,65-69,
S2,2035,70-74,
S2,2035,75+,
S2,2035,0-8,
S2,2035,9-14,
S2,2035,0-17,212290729.45616794
S2,2035,18-29,153949970.36215785
S2,2035,30-65,329624050.3463068
S2,2035,66+,57596519.84592138
S2,2035,15-26,
S2,2035,27-45,
S2,2035,46-65,
S2,2036,00-04,
S2,2036,05-09,
S2,2036,10-14,
S2,2036,15-19,
S2,2036,20-24,
S2,2036,25-29,
S2,2036,30-34,
S2,2036,35-39,
S2,2036,40-44,
S2,2036,45-49,
S2,2036,50-54,
S2,2036,55-59,
S2,2036,60-64,
S2,2036,65-69,
S2,2036,70-74,
S2,2036,75+,
S2,2036,0-8,
S2,2036,9-14,
S2,2036,0-17,213821034.45252034
S2,2036,18-29,155039656.02762803
S2,2036,30-65,331884390.7878529
S2,2036,66+,57984850.58638044
S2,2036,15-26,
S2,2036,27-45,
S2,2036,46-65,
S2,2037,00-04,
S2,2037,05-09,
S2,2037,10-14,
S2,2037,15-19,
S2,2037,20-24,
S2,2037,25-29,
S2,2037,30-34,
S2,2037,35-39,
S2,2037,40-44,
S2,2037,45-49,
S2,2037,50-54,
S2,2037,55-59,
S2,2037,60-64,
S2,2037,65-69,
S2,2037,70-74,
S2,2037,75+,
S2,2037,0-8,
S2,2037,9-14,
S2,2037,0-17,215196892.7770344
S2,2037,18-29,156037278.18356588
S2,2037,30-65,334019942.61983645
S2,2037,66+,58357961.39645225
S2,2037,15-26,
S2,2037,27-45,
S2,2037,46-65,
S2,2038,00-04,
S2,2038,05-09,
S2,2038,10-14,
S2,2038,15-19,
S2,2038,20-24,
S2,2038,25-29,
S2,2038,30-34,
S2,2038,35-39,
S2,2038,40-44,
S2,2038,45-49,
S2,2038,50-54,
S2,2038,55-59,
S2,2038,60-64,
S2,2038,65-69,
S2,2038,70-74,
S2,2038,75+,
S2,2038,0-8,
S2,2038,9-14,
S2,2038,0-17,216513885.96355656
S2,2038,18-29,156992217.7719555
S2,2038,30-65,336064126.35741794
S2,2038,66+,58715108.92096649
S2,2038,15-26,
S2,2038,27-45,
S2,2038,46-65,
S2,2039,00-04,
S2,2039,05-09,
S2,2039,10-14,
S2,2039,15-19,
S2,2039,20-24,
S2,2039,25-29,
S2,2039,30-34,
S2,2039,35-39,
S2,2039,40-44,
S2,2039,45-49,
S2,2039,50-54,
S2,2039,55-59,
S2,2039,60-64,
S2,2039,65-69,
S2,2039,70-74,
S2,2039,75+,
S2,2039,0-8,
S2,2039,9-14,
S2,2039,0-17,217772527.45636877
S2,2039,18-29,157904847.08650056
S2,2039,30-65,338017738.9481147
S2,2039,66+,59056432.39781416
S2,2039,15-26,
S2,2039,27-45,
S2,2039,46-65,
S2,2040,00-04,
S2,2040,05-09,
S2,2040,10-14,
S2,2040,15-19,
S2,2040,20-24,
S2,2040,25-29,
S2,2040,30-34,
S2,2040,35-39,
S2,2040,40-44,
S2,2040,45-49,
S2,2040,50-54,
S2,2040,55-59,
S2,2040,60-64,
S2,2040,65-69,
S2,2040,70-74,
S2,2040,75+,
S2,2040,0-8,
S2,2040,9-14,
S2,2040,0-17,218976732.47627288
S2,2040,18-29,158778005.01762134
S2,2040,30-65,339886857.4398381
S2,2040,66+,59382993.57236513
S2,2040,15-26,
S2,2040,27-45,
S2,2040,46-65,
S2,2041,00-04,
S2,2041,05-09,
S2,2041,10-14,
S2,2041,15-19,
S2,2041,20-24,
S2,2041,25-29,
S2,2041,30-34,
S2,2041,35-39,
S2,2041,40-44,
S2,2041,45-49,
S2,2041,50-54,
S2,2041,55-59,
S2,2041,60-64,
S2,2041,65-69,
S2,2041,70-74,
S2,2041,75+,
S2,2041,0-8,
S2,2041,9-14,
S2,2041,0-17,220129324.68928134
S2,2041,18-29,159613738.97944844
S2,2041,30-65,341675864.61315244
S2,2041,66+,59695558.17775792
S2,2041,15-26,
S2,2041,27-45,
S2,2041,46-65,
S2,2042,00-04,
S2,2042,05-09,
S2,2042,10-14,
S2,2042,15-19,
S2,2042,20-24,
S2,2042,25-29,
S2,2042,30-34,
S2,2042,35-39,
S2,2042,40-44,
S2,2042,45-49,
S2,2042,50-54,
S2,2042,55-59,
S2,2042,60-64,
S2,2042,65-69,
S2,2042,70-74,
S2,2042,75+,
S2,2042,0-8,
S2,2042,9-14,
S2,2042,0-17,221226337.5301644
S2,2042,18-29,160409172.8521909
S2,2042,30-65,343378603.72539747
S2,2042,66+,59993050.54483403
S2,2042,15-26,
S2,2042,27-45,
S2,2042,46-65,
S2,2043,00-04,
S2,2043,05-09,
S2,2043,10-14,
S2,2043,15-19,
S2,2043,20-24,
S2,2043,25-29,
S2,2043,30-34,
S2,2043,35-39,
S2,2043,40-44,
S2,2043,45-49,
S2,2043,50-54,
S2,2043,55-59,
S2,2043,60-64,
S2,2043,65-69,
S2,2043,70-74,
S2,2043,75+,
S2,2043,0-8,
S2,2043,9-14,
S2,2043,0-17,222265323.11861604
S2,2043,18-29,161162531.7004616
S2,2043,30-65,344991275.2754318
S2,2043,66+,60274806.847538486
S2,2043,15-26,
S2,2043,27-45,
S2,2043,46-65,
S2,2044,00-04,
S2,2044,05-09,
S2,2044,10-14,
S2,2044,15-19,
S2,2044,20-24,
S2,2044,25-29,
S2,2044,30-34,
S2,2044,35-39,
S2,2044,40-44,
S2,2044,45-49,
S2,2044,50-54,
S2,2044,55-59,
S2,2044,60-64,
S2,2044,65-69,
S2,2044,70-74,
S2,2044,75+,
S2,2044,0-8,
S2,2044,9-14,
S2,2044,0-17,223245124.40100858
S2,2044,18-29,161872976.55536816
S2,2044,30-65,346512083.331256
S2,2044,66+,60540513.311401285
S2,2044,15-26,
S2,2044,27-45,
S2,2044,46-65,
S2,2045,00-04,
S2,2045,05-09,
S2,2045,10-14,
S2,2045,15-19,
S2,2045,20-24,
S2,2045,25-29,
S2,2045,30-34,
S2,2045,35-39,
S2,2045,40-44,
S2,2045,45-49,
S2,2045,50-54,
S2,2045,55-59,
S2,2045,60-64,
S2,2045,65-69,
S2,2045,70-74,
S2,2045,75+,
S2,2045,0-8,
S2,2045,9-14,
S2,2045,0-17,224173827.1533999
S2,2045,18-29,162546370.33840415
S2,2045,30-65,347953578.30853736
S2,2045,66+,60792362.669788525
S2,2045,15-26,
S2,2045,27-45,
S2,2045,46-65,
S2,2046,00-04,
S2,2046,05-09,
S2,2046,10-14,
S2,2046,15-19,
S2,2046,20-24,
S2,2046,25-29,
S2,2046,30-34,
S2,2046,35-39,
S2,2046,40-44,
S2,2046,45-49,
S2,2046,50-54,
S2,2046,55-59,
S2,2046,60-64,
S2,2046,65-69,
S2,2046,70-74,
S2,2046,75+,
S2,2046,0-8,
S2,2046,9-14,
S2,2046,0-17,225047421.79225507
S2,2046,18-29,163179805.73760363
S2,2046,30-65,349309536.69333506
S2,2046,66+,61029267.587664366
S2,2046,15-26,
S2,2046,27-45,
S2,2046,46-65,
S2,2047,00-04,
S2,2047,05-09,
S2,2047,10-14,
S2,2047,15-19,
S2,2047,20-24,
S2,2047,25-29,
S2,2047,30-34,
S2,2047,35-39,
S2,2047,40-44,
S2,2047,45-49,
S2,2047,50-54,
S2,2047,55-59,
S2,2047,60-64,
S2,2047,65-69,
S2,2047,70-74,
S2,2047,75+,
S2,2047,0-8,
S2,2047,9-14,
S2,2047,0-17,225866411.49297014
S2,2047,18-29,163773647.60079616
S2,2047,30-65,350580739.49421614
S2,2047,66+,61251364.51816197
S2,2047,15-26,
S2,2047,27-45,
S2,2047,46-65,
S2,2048,00-04,
S2,2048,05-09,
S2,2048,10-14,
S2,2048,15-19,
S2,2048,20-24,
S2,2048,25-29,
S2,2048,30-34,
S2,2048,35-39,
S2,2048,40-44,
S2,2048,45-49,
S2,2048,50-54,
S2,2048,55-59,
S2,2048,60-64,
S2,2048,65-69,
S2,2048,70-74,
S2,2048,75+,
S2,2048,0-8,
S2,2048,9-14,
S2,2048,0-17,226629441.3177162
S2,2048,18-29,164326913.47508383
S2,2048,30-65,351765083.631299
S2,2048,66+,61458286.02377599
S2,2048,15-26,
S2,2048,27-45,
S2,2048,46-65,
S2,2049,00-04,
S2,2049,05-09,
S2,2049,10-14,
S2,2049,15-19,
S2,2049,20-24,
S2,2049,25-29,
S2,2049,30-34,
S2,2049,35-39,
S2,2049,40-44,
S2,2049,45-49,
S2,2049,50-54,
S2,2049,55-59,
S2,2049,60-64,
S2,2049,65-69,
S2,2049,70-74,
S2,2049,75+,
S2,2049,0-8,
S2,2049,9-14,
S2,2049,0-17,227339011.87891433
S2,2049,18-29,164841416.5314233
S2,2049,30-65,352866450.4543864
S2,2049,66+,61650710.23066895
S2,2049,15-26,
S2,2049,27-45,
S2,2049,46-65,
S2,2050,00-04,
S2,2050,05-09,
S2,2050,10-14,
S2,2050,15-19,
S2,2050,20-24,
S2,2050,25-29,
S2,2050,30-34,
S2,2050,35-39,
S2,2050,40-44,
S2,2050,45-49,
S2,2050,50-54,
S2,2050,55-59,
S2,2050,60-64,
S2,2050,65-69,
S2,2050,70-74,
S2,2050,75+,
S2,2050,0-8,
S2,2050,9-14,
S2,2050,0-17,227999665.90954024
S2,2050,18-29,165320450.66351306
S2,2050,30-65,353891891.0104908
S2,2050,66+,61829869.055492766
S2,2050,15-26,
S2,2050,27-45,
S2,2050,46-65,
S2,2051,00-04,
S2,2051,05-09,
S2,2051,10-14,
S2,2051,15-19,
S2,2051,20-24,
S2,2051,25-29,
S2,2051,30-34,
S2,2051,35-39,
S2,2051,40-44,
S2,2051,45-49,
S2,2051,50-54,
S2,2051,55-59,
S2,2051,60-64,
S2,2051,65-69,
S2,2051,70-74,
S2,2051,75+,
S2,2051,0-8,
S2,2051,9-14,
S2,2051,0-17,228614513.4942543
S2,2051,18-29,165766270.96499813
S2,2051,30-65,354846232.6476578
S2,2051,66+,61996605.903550506
S2,2051,15-26,
S2,2051,27-45,
S2,2051,46-65,
S2,2052,00-04,
S2,2052,05-09,
S2,2052,10-14,
S2,2052,15-19,
S2,2052,20-24,
S2,2052,25-29,
S2,2052,30-34,
S2,2052,35-39,
S2,2052,40-44,
S2,2052,45-49,
S2,2052,50-54,
S2,2052,55-59,
S2,2052,60-64,
S2,2052,65-69,
S2,2052,70-74,
S2,2052,75+,
S2,2052,0-8,
S2,2052,9-14,
S2,2052,0-17,229181308.80001408
S2,2052,18-29,166177249.00309473
S2,2052,30-65,355725989.47436625
S2,2052,66+,62150311.740778685
S2,2052,15-26,
S2,2052,27-45,
S2,2052,46-65,
S2,2053,00-04,
S2,2053,05-09,
S2,2053,10-14,
S2,2053,15-19,
S2,2053,20-24,
S2,2053,25-29,
S2,2053,30-34,
S2,2053,35-39,
S2,2053,40-44,
S2,2053,45-49,
S2,2053,50-54,
S2,2053,55-59,
S2,2053,60-64,
S2,2053,65-69,
S2,2053,70-74,
S2,2053,75+,
S2,2053,0-8,
S2,2053,9-14,
S2,2053,0-17,229700175.3309848
S2,2053,18-29,166553474.3295314
S2,2053,30-65,356531353.18880355
S2,2053,66+,62291020.05953543
S2,2053,15-26,
S2,2053,27-45,
S2,2053,46-65,
S2,2054,00-04,
S2,2054,05-09,
S2,2054,10-14,
S2,2054,15-19,
S2,2054,20-24,
S2,2054,25-29,
S2,2054,30-34,
S2,2054,35-39,
S2,2054,40-44,
S2,2054,45-49,
S2,2054,50-54,
S2,2054,55-59,
S2,2054,60-64,
S2,2054,65-69,
S2,2054,70-74,
S2,2054,75+,
S2,2054,0-8,
S2,2054,9-14,
S2,2054,0-17,230174129.64170635
S2,2054,18-29,166897134.22012752
S2,2054,30-65,357267005.9653318
S2,2054,66+,62419548.901247844
S2,2054,15-26,
S2,2054,27-45,
S2,2054,46-65,
S2,2055,00-04,
S2,2055,05-09,
S2,2055,10-14,
S2,2055,15-19,
S2,2055,20-24,
S2,2055,25-29,
S2,2055,30-34,
S2,2055,35-39,
S2,2055,40-44,
S2,2055,45-49,
S2,2055,50-54,
S2,2055,55-59,
S2,2055,60-64,
S2,2055,65-69,
S2,2055,70-74,
S2,2055,75+,
S2,2055,0-8,
S2,2055,9-14,
S2,2055,0-17,230593425.72709754
S2,2055,18-29,167201161.93666747
S2,2055,30-65,357917820.4477148
S2,2055,66+,62533255.304947235
S2,2055,15-26,
S2,2055,27-45,
S2,2055,46-65,
S2,2056,00-04,
S2,2056,05-09,
S2,2056,10-14,
S2,2056,15-19,
S2,2056,20-24,
S2,2056,25-29,
S2,2056,30-34,
S2,2056,35-39,
S2,2056,40-44,
S2,2056,45-49,
S2,2056,50-54,
S2,2056,55-59,
S2,2056,60-64,
S2,2056,65-69,
S2,2056,70-74,
S2,2056,75+,
S2,2056,0-8,
S2,2056,9-14,
S2,2056,0-17,230970767.03130317
S2,2056,18-29,167474768.6290999
S2,2056,30-65,358503514.4098918
S2,2056,66+,62635584.24185689
S2,2056,15-26,
S2,2056,27-45,
S2,2056,46-65,
S2,2057,00-04,
S2,2057,05-09,
S2,2057,10-14,
S2,2057,15-19,
S2,2057,20-24,
S2,2057,25-29,
S2,2057,30-34,
S2,2057,35-39,
S2,2057,40-44,
S2,2057,45-49,
S2,2057,50-54,
S2,2057,55-59,
S2,2057,60-64,
S2,2057,65-69,
S2,2057,70-74,
S2,2057,75+,
S2,2057,0-8,
S2,2057,9-14,
S2,2057,0-17,231301952.19241026
S2,2057,18-29,167714907.9287295
S2,2057,30-65,359017566.6672548
S2,2057,66+,62725396.369706675
S2,2057,15-26,
S2,2057,27-45,
S2,2057,46-65,
S2,2058,00-04,
S2,2058,05-09,
S2,2058,10-14,
S2,2058,15-19,
S2,2058,20-24,
S2,2058,25-29,
S2,2058,30-34,
S2,2058,35-39,
S2,2058,40-44,
S2,2058,45-49,
S2,2058,50-54,
S2,2058,55-59,
S2,2058,60-64,
S2,2058,65-69,
S2,2058,70-74,
S2,2058,75+,
S2,2058,0-8,
S2,2058,9-14,
S2,2058,0-17,231591696.29415098
S2,2058,18-29,167924998.69919515
S2,2058,30-65,359467295.78271234
S2,2058,66+,62803970.34392175
S2,2058,15-26,
S2,2058,27-45,
S2,2058,46-65,
S2,2059,00-04,
S2,2059,05-09,
S2,2059,10-14,
S2,2059,15-19,
S2,2059,20-24,
S2,2059,25-29,
S2,2059,30-34,
S2,2059,35-39,
S2,2059,40-44,
S2,2059,45-49,
S2,2059,50-54,
S2,2059,55-59,
S2,2059,60-64,
S2,2059,65-69,
S2,2059,70-74,
S2,2059,75+,
S2,2059,0-8,
S2,2059,9-14,
S2,2059,0-17,231834211.84808776
S2,2059,18-29,168100844.4861169
S2,2059,30-65,359843718.64999986
S2,2059,66+,62869736.69004338
S2,2059,15-26,
S2,2059,27-45,
S2,2059,46-65,
S2,2060,00-04,
S2,2060,05-09,
S2,2060,10-14,
S2,2060,15-19,
S2,2060,20-24,
S2,2060,25-29,
S2,2060,30-34,
S2,2060,35-39,
S2,2060,40-44,
S2,2060,45-49,
S2,2060,50-54,
S2,2060,55-59,
S2,2060,60-64,
S2,2060,65-69,
S2,2060,70-74,
S2,2060,75+,
S2,2060,0-8,
S2,2060,9-14,
S2,2060,0-17,232030719.4639246
S2,2060,18-29,168243330.34231034
S2,2060,30-65,360148729.8502968
S2,2060,66+,62923026.41793443
S2,2060,15-26,
S2,2060,27-45,
S2,2060,46-65,
S2,2061,00-04,
S2,2061,05-09,
S2,2061,10-14,
S2,2061,15-19,
S2,2061,20-24,
S2,2061,25-29,
S2,2061,30-34,
S2,2061,35-39,
S2,2061,40-44,
S2,2061,45-49,
S2,2061,50-54,
S2,2061,55-59,
S2,2061,60-64,
S2,2061,65-69,
S2,2061,70-74,
S2,2061,75+,
S2,2061,0-8,
S2,2061,9-14,
S2,2061,0-17,232180007.4131559
S2,2061,18-29,168351577.65463474
S2,2061,30-65,360380448.58746177
S2,2061,66+,62963510.92617144
S2,2061,15-26,
S2,2061,27-45,
S2,2061,46-65,
S2,2062,00-04,
S2,2062,05-09,
S2,2062,10-14,
S2,2062,15-19,
S2,2062,20-24,
S2,2062,25-29,
S2,2062,30-34,
S2,2062,35-39,
S2,2062,40-44,
S2,2062,45-49,
S2,2062,50-54,
S2,2062,55-59,
S2,2062,60-64,
S2,2062,65-69,
S2,2062,70-74,
S2,2062,75+,
S2,2062,0-8,
S2,2062,9-14,
S2,2062,0-17,232275405.3607176
S2,2062,18-29,168420749.8247796
S2,2062,30-65,360528521.4362812
S2,2062,66+,62989381.326386094
S2,2062,15-26,
S2,2062,27-45,
S2,2062,46-65,
S2,2063,00-04,
S2,2063,05-09,
S2,2063,10-14,
S2,2063,15-19,
S2,2063,20-24,
S2,2063,25-29,
S2,2063,30-34,
S2,2063,35-39,
S2,2063,40-44,
S2,2063,45-49,
S2,2063,50-54,
S2,2063,55-59,
S2,2063,60-64,
S2,2063,65-69,
S2,2063,70-74,
S2,2063,75+,
S2,2063,0-8,
S2,2063,9-14,
S2,2063,0-17,232325108.4324222
S2,2063,18-29,168456789.0627354
S2,2063,30-65,360605668.5407052
S2,2063,66+,63002860.00585227
S2,2063,15-26,
S2,2063,27-45,
S2,2063,46-65,
S2,2064,00-04,
S2,2064,05-09,
S2,2064,10-14,
S2,2064,15-19,
S2,2064,20-24,
S2,2064,25-29,
S2,2064,30-34,
S2,2064,35-39,
S2,2064,40-44,
S2,2064,45-49,
S2,2064,50-54,
S2,2064,55-59,
S2,2064,60-64,
S2,2064,65-69,
S2,2064,70-74,
S2,2064,75+,
S2,2064,0-8,
S2,2064,9-14,
S2,2064,0-17,232328545.45619836
S2,2064,18-29,168459281.21691182
S2,2064,30-65,360611003.35046804
S2,2064,66+,63003792.07182328
S2,2064,15-26,
S2,2064,27-45,
S2,2064,46-65,
S2,2065,00-04,
S2,2065,05-09,
S2,2065,10-14,
S2,2065,15-19,
S2,2065,20-24,
S2,2065,25-29,
S2,2065,30-34,
S2,2065,35-39,
S2,2065,40-44,
S2,2065,45-49,
S2,2065,50-54,
S2,2065,55-59,
S2,2065,60-64,
S2,2065,65-69,
S2,2065,70-74,
S2,2065,75+,
S2,2065,0-8,
S2,2065,9-14,
S2,2065,0-17,232283400.9371039
S2,2065,18-29,168426547.3433252
S2,2065,30-65,360540931.84765524
S2,2065,66+,62991549.59904151
S2,2065,15-26,
S2,2065,27-45,
S2,2065,46-65,
S2,2066,00-04,
S2,2066,05-09,
S2,2066,10-14,
S2,2066,15-19,
S2,2066,20-24,
S2,2066,25-29,
S2,2066,30-34,
S2,2066,35-39,
S2,2066,40-44,
S2,2066,45-49,
S2,2066,50-54,
S2,2066,55-59,
S2,2066,60-64,
S2,2066,65-69,
S2,2066,70-74,
S2,2066,75+,
S2,2066,0-8,
S2,2066,9-14,
S2,2066,0-17,232185136.5827625
S2,2066,18-29,168355296.76811466
S2,2066,30-65,360388409.8777738
S2,2066,66+,62964901.875074215
S2,2066,15-26,
S2,2066,27-45,
S2,2066,46-65,
S2,2067,00-04,
S2,2067,05-09,
S2,2067,10-14,
S2,2067,15-19,
S2,2067,20-24,
S2,2067,25-29,
S2,2067,30-34,
S2,2067,35-39,
S2,2067,40-44,
S2,2067,45-49,
S2,2067,50-54,
S2,2067,55-59,
S2,2067,60-64,
S2,2067,65-69,
S2,2067,70-74,
S2,2067,75+,
S2,2067,0-8,
S2,2067,9-14,
S2,2067,0-17,232044943.25821808
S2,2067,18-29,168253643.88410163
S2,2067,30-65,360170807.45045376
S2,2067,66+,62926883.68384382
S2,2067,15-26,
S2,2067,27-45,
S2,2067,46-65,
S2,2068,00-04,
S2,2068,05-09,
S2,2068,10-14,
S2,2068,15-19,
S2,2068,20-24,
S2,2068,25-29,
S2,2068,30-34,
S2,2068,35-39,
S2,2068,40-44,
S2,2068,45-49,
S2,2068,50-54,
S2,2068,55-59,
S2,2068,60-64,
S2,2068,65-69,
S2,2068,70-74,
S2,2068,75+,
S2,2068,0-8,
S2,2068,9-14,
S2,2068,0-17,231850986.48908094
S2,2068,18-29,168113007.6232761
S2,2068,30-65,359869755.5715819
S2,2068,66+,62874285.704849675
S2,2068,15-26,
S2,2068,27-45,
S2,2068,46-65,
S2,2069,00-04,
S2,2069,05-09,
S2,2069,10-14,
S2,2069,15-19,
S2,2069,20-24,
S2,2069,25-29,
S2,2069,30-34,
S2,2069,35-39,
S2,2069,40-44,
S2,2069,45-49,
S2,2069,50-54,
S2,2069,55-59,
S2,2069,60-64,
S2,2069,65-69,
S2,2069,70-74,
S2,2069,75+,
S2,2069,0-8,
S2,2069,9-14,
S2,2069,0-17,231604054.20417064
S2,2069,18-29,167933959.30554324
S2,2069,30-65,359486477.2325114
S2,2069,66+,62807321.611807376
S2,2069,15-26,
S2,2069,27-45,
S2,2069,46-65,
S2,2070,00-04,
S2,2070,05-09,
S2,2070,10-14,
S2,2070,15-19,
S2,2070,20-24,
S2,2070,25-29,
S2,2070,30-34,
S2,2070,35-39,
S2,2070,40-44,
S2,2070,45-49,
S2,2070,50-54,
S2,2070,55-59,
S2,2070,60-64,
S2,2070,65-69,
S2,2070,70-74,
S2,2070,75+,
S2,2070,0-8,
S2,2070,9-14,
S2,2070,0-17,231306609.82589
S2,2070,18-29,167718285.13572147
S2,2070,30-65,359024796.0581984
S2,2070,66+,62726659.44554056
S2,2070,15-26,
S2,2070,27-45,
S2,2070,46-65,
S2,2071,00-04,
S2,2071,05-09,
S2,2071,10-14,
S2,2071,15-19,
S2,2071,20-24,
S2,2071,25-29,
S2,2071,30-34,
S2,2071,35-39,
S2,2071,40-44,
S2,2071,45-49,
S2,2071,50-54,
S2,2071,55-59,
S2,2071,60-64,
S2,2071,65-69,
S2,2071,70-74,
S2,2071,75+,
S2,2071,0-8,
S2,2071,9-14,
S2,2071,0-17,230959121.28237912
S2,2071,18-29,167466324.4041807
S2,2071,30-65,358485438.3478394
S2,2071,66+,62632426.10068959
S2,2071,15-26,
S2,2071,27-45,
S2,2071,46-65,
S2,2072,00-04,
S2,2072,05-09,
S2,2072,10-14,
S2,2072,15-19,
S2,2072,20-24,
S2,2072,25-29,
S2,2072,30-34,
S2,2072,35-39,
S2,2072,40-44,
S2,2072,45-49,
S2,2072,50-54,
S2,2072,55-59,
S2,2072,60-64,
S2,2072,65-69,
S2,2072,70-74,
S2,2072,75+,
S2,2072,0-8,
S2,2072,9-14,
S2,2072,0-17,230566752.7129634
S2,2072,18-29,167181821.58062068
S2,2072,30-65,357876419.67033505
S2,2072,66+,62526022.00938664
S2,2072,15-26,
S2,2072,27-45,
S2,2072,46-65,
S2,2073,00-04,
S2,2073,05-09,
S2,2073,10-14,
S2,2073,15-19,
S2,2073,20-24,
S2,2073,25-29,
S2,2073,30-34,
S2,2073,35-39,
S2,2073,40-44,
S2,2073,45-49,
S2,2073,50-54,
S2,2073,55-59,
S2,2073,60-64,
S2,2073,65-69,
S2,2073,70-74,
S2,2073,75+,
S2,2073,0-8,
S2,2073,9-14,
S2,2073,0-17,230123719.68211764
S2,2073,18-29,166860582.42429963
S2,2073,30-65,357188761.6580276
S2,2073,66+,62405878.52507417
S2,2073,15-26,
S2,2073,27-45,
S2,2073,46-65,
S2,2074,00-04,
S2,2074,05-09,
S2,2074,10-14,
S2,2074,15-19,
S2,2074,20-24,
S2,2074,25-29,
S2,2074,30-34,
S2,2074,35-39,
S2,2074,40-44,
S2,2074,45-49,
S2,2074,50-54,
S2,2074,55-59,
S2,2074,60-64,
S2,2074,65-69,
S2,2074,70-74,
S2,2074,75+,
S2,2074,0-8,
S2,2074,9-14,
S2,2074,0-17,229640127.3283826
S2,2074,18-29,166509934.07778582
S2,2074,30-65,356438149.09963274
S2,2074,66+,62274735.99998139
S2,2074,15-26,
S2,2074,27-45,
S2,2074,46-65,
S2,2075,00-04,
S2,2075,05-09,
S2,2075,10-14,
S2,2075,15-19,
S2,2075,20-24,
S2,2075,25-29,
S2,2075,30-34,
S2,2075,35-39,
S2,2075,40-44,
S2,2075,45-49,
S2,2075,50-54,
S2,2075,55-59,
S2,2075,60-64,
S2,2075,65-69,
S2,2075,70-74,
S2,2075,75+,
S2,2075,0-8,
S2,2075,9-14,
S2,2075,0-17,229111272.50213712
S2,2075,18-29,166126466.33075336
S2,2075,30-65,355617281.9558877
S2,2075,66+,62131319.01502368
S2,2075,15-26,
S2,2075,27-45,
S2,2075,46-65,
S2,2076,00-04,
S2,2076,05-09,
S2,2076,10-14,
S2,2076,15-19,
S2,2076,20-24,
S2,2076,25-29,
S2,2076,30-34,
S2,2076,35-39,
S2,2076,40-44,
S2,2076,45-49,
S2,2076,50-54,
S2,2076,55-59,
S2,2076,60-64,
S2,2076,65-69,
S2,2076,70-74,
S2,2076,75+,
S2,2076,0-8,
S2,2076,9-14,
S2,2076,0-17,228536640.09387466
S2,2076,18-29,165709805.68205974
S2,2076,30-65,354725360.6945794
S2,2076,66+,61975487.88072728
S2,2076,15-26,
S2,2076,27-45,
S2,2076,46-65,
S2,2077,00-04,
S2,2077,05-09,
S2,2077,10-14,
S2,2077,15-19,
S2,2077,20-24,
S2,2077,25-29,
S2,2077,30-34,
S2,2077,35-39,
S2,2077,40-44,
S2,2077,45-49,
S2,2077,50-54,
S2,2077,55-59,
S2,2077,60-64,
S2,2077,65-69,
S2,2077,70-74,
S2,2077,75+,
S2,2077,0-8,
S2,2077,9-14,
S2,2077,0-17,227924510.98847973
S2,2077,18-29,165265956.52480572
S2,2077,30-65,353775238.57143235
S2,2077,66+,61809488.240856454
S2,2077,15-26,
S2,2077,27-45,
S2,2077,46-65,
S2,2078,00-04,
S2,2078,05-09,
S2,2078,10-14,
S2,2078,15-19,
S2,2078,20-24,
S2,2078,25-29,
S2,2078,30-34,
S2,2078,35-39,
S2,2078,40-44,
S2,2078,45-49,
S2,2078,50-54,
S2,2078,55-59,
S2,2078,60-64,
S2,2078,65-69,
S2,2078,70-74,
S2,2078,75+,
S2,2078,0-8,
S2,2078,9-14,
S2,2078,0-17,227273619.33764464
S2,2078,18-29,164794001.00408202
S2,2078,30-65,352764950.78772867
S2,2078,66+,61632976.817561574
S2,2078,15-26,
S2,2078,27-45,
S2,2078,46-65,
S2,2079,00-04,
S2,2079,05-09,
S2,2079,10-14,
S2,2079,15-19,
S2,2079,20-24,
S2,2079,25-29,
S2,2079,30-34,
S2,2079,35-39,
S2,2079,40-44,
S2,2079,45-49,
S2,2079,50-54,
S2,2079,55-59,
S2,2079,60-64,
S2,2079,65-69,
S2,2079,70-74,
S2,2079,75+,
S2,2079,0-8,
S2,2079,9-14,
S2,2079,0-17,226585681.98803288
S2,2079,18-29,164295183.9895378
S2,2079,30-65,351697162.16365474
S2,2079,66+,61446419.19224591
S2,2079,15-26,
S2,2079,27-45,
S2,2079,46-65,
S2,2080,00-04,
S2,2080,05-09,
S2,2080,10-14,
S2,2080,15-19,
S2,2080,20-24,
S2,2080,25-29,
S2,2080,30-34,
S2,2080,35-39,
S2,2080,40-44,
S2,2080,45-49,
S2,2080,50-54,
S2,2080,55-59,
S2,2080,60-64,
S2,2080,65-69,
S2,2080,70-74,
S2,2080,75+,
S2,2080,0-8,
S2,2080,9-14,
S2,2080,0-17,225861952.85384184
S2,2080,18-29,163770414.68276942
S2,2080,30-65,350573818.9742843
S2,2080,66+,61250155.40641893
S2,2080,15-26,
S2,2080,27-45,
S2,2080,46-65,
S2,2081,00-04,
S2,2081,05-09,
S2,2081,10-14,
S2,2081,15-19,
S2,2081,20-24,
S2,2081,25-29,
S2,2081,30-34,
S2,2081,35-39,
S2,2081,40-44,
S2,2081,45-49,
S2,2081,50-54,
S2,2081,55-59,
S2,2081,60-64,
S2,2081,65-69,
S2,2081,70-74,
S2,2081,75+,
S2,2081,0-8,
S2,2081,9-14,
S2,2081,0-17,225103932.0249868
S2,2081,18-29,163220780.78511098
S2,2081,30-65,349397249.5987162
S2,2081,66+,61044592.260514885
S2,2081,15-26,
S2,2081,27-45,
S2,2081,46-65,
S2,2082,00-04,
S2,2082,05-09,
S2,2082,10-14,
S2,2082,15-19,
S2,2082,20-24,
S2,2082,25-29,
S2,2082,30-34,
S2,2082,35-39,
S2,2082,40-44,
S2,2082,45-49,
S2,2082,50-54,
S2,2082,55-59,
S2,2082,60-64,
S2,2082,65-69,
S2,2082,70-74,
S2,2082,75+,
S2,2082,0-8,
S2,2082,9-14,
S2,2082,0-17,224315482.82276642
S2,2082,18-29,162649083.5551332
S2,2082,30-65,348173450.5285451
S2,2082,66+,60830777.42558636
S2,2082,15-26,
S2,2082,27-45,
S2,2082,46-65,
S2,2083,00-04,
S2,2083,05-09,
S2,2083,10-14,
S2,2083,15-19,
S2,2083,20-24,
S2,2083,25-29,
S2,2083,30-34,
S2,2083,35-39,
S2,2083,40-44,
S2,2083,45-49,
S2,2083,50-54,
S2,2083,55-59,
S2,2083,60-64,
S2,2083,65-69,
S2,2083,70-74,
S2,2083,75+,
S2,2083,0-8,
S2,2083,9-14,
S2,2083,0-17,223501262.8806606
S2,2083,18-29,162058700.199828
S2,2083,30-65,346909651.15471345
S2,2083,66+,60609973.9774676
S2,2083,15-26,
S2,2083,27-45,
S2,2083,46-65,
S2,2084,00-04,
S2,2084,05-09,
S2,2084,10-14,
S2,2084,15-19,
S2,2084,20-24,
S2,2084,25-29,
S2,2084,30-34,
S2,2084,35-39,
S2,2084,40-44,
S2,2084,45-49,
S2,2084,50-54,
S2,2084,55-59,
S2,2084,60-64,
S2,2084,65-69,
S2,2084,70-74,
S2,2084,75+,
S2,2084,0-8,
S2,2084,9-14,
S2,2084,0-17,222656808.008792
S2,2084,18-29,161446393.7763716
S2,2084,30-65,345598922.34164065
S2,2084,66+,60380971.29914079
S2,2084,15-26,
S2,2084,27-45,
S2,2084,46-65,
S2,2085,00-04,
S2,2085,05-09,
S2,2085,10-14,
S2,2085,15-19,
S2,2085,20-24,
S2,2085,25-29,
S2,2085,30-34,
S2,2085,35-39,
S2,2085,40-44,
S2,2085,45-49,
S2,2085,50-54,
S2,2085,55-59,
S2,2085,60-64,
S2,2085,65-69,
S2,2085,70-74,
S2,2085,75+,
S2,2085,0-8,
S2,2085,9-14,
S2,2085,0-17,221789510.4171315
S2,2085,18-29,160817524.30789804
S2,2085,30-65,344252737.9796716
S2,2085,66+,60145774.03992282
S2,2085,15-26,
S2,2085,27-45,
S2,2085,46-65,
S2,2086,00-04,
S2,2086,05-09,
S2,2086,10-14,
S2,2086,15-19,
S2,2086,20-24,
S2,2086,25-29,
S2,2086,30-34,
S2,2086,35-39,
S2,2086,40-44,
S2,2086,45-49,
S2,2086,50-54,
S2,2086,55-59,
S2,2086,60-64,
S2,2086,65-69,
S2,2086,70-74,
S2,2086,75+,
S2,2086,0-8,
S2,2086,9-14,
S2,2086,0-17,220893767.45718357
S2,2086,18-29,160168029.3657606
S2,2086,30-65,342862401.86364794
S2,2086,66+,59902862.850996144
S2,2086,15-26,
S2,2086,27-45,
S2,2086,46-65,
S2,2087,00-04,
S2,2087,05-09,
S2,2087,10-14,
S2,2087,15-19,
S2,2087,20-24,
S2,2087,25-29,
S2,2087,30-34,
S2,2087,35-39,
S2,2087,40-44,
S2,2087,45-49,
S2,2087,50-54,
S2,2087,55-59,
S2,2087,60-64,
S2,2087,65-69,
S2,2087,70-74,
S2,2087,75+,
S2,2087,0-8,
S2,2087,9-14,
S2,2087,0-17,219977839.75359872
S2,2087,18-29,159503898.6525519
S2,2087,30-65,341440735.8021763
S2,2087,66+,59654477.88187331
S2,2087,15-26,
S2,2087,27-45,
S2,2087,46-65,
S2,2088,00-04,
S2,2088,05-09,
S2,2088,10-14,
S2,2088,15-19,
S2,2088,20-24,
S2,2088,25-29,
S2,2088,30-34,
S2,2088,35-39,
S2,2088,40-44,
S2,2088,45-49,
S2,2088,50-54,
S2,2088,55-59,
S2,2088,60-64,
S2,2088,65-69,
S2,2088,70-74,
S2,2088,75+,
S2,2088,0-8,
S2,2088,9-14,
S2,2088,0-17,219049433.68874106
S2,2088,18-29,158830719.99490464
S2,2088,30-65,339999701.3313258
S2,2088,66+,59402708.98040828
S2,2088,15-26,
S2,2088,27-45,
S2,2088,46-65,
S2,2089,00-04,
S2,2089,05-09,
S2,2089,10-14,
S2,2089,15-19,
S2,2089,20-24,
S2,2089,25-29,
S2,2089,30-34,
S2,2089,35-39,
S2,2089,40-44,
S2,2089,45-49,
S2,2089,50-54,
S2,2089,55-59,
S2,2089,60-64,
S2,2089,65-69,
S2,2089,70-74,
S2,2089,75+,
S2,2089,0-8,
S2,2089,9-14,
S2,2089,0-17,218098987.81993338
S2,2089,18-29,158141560.4790968
S2,2089,30-65,338524457.5651836
S2,2089,66+,59144963.236008614
S2,2089,15-26,
S2,2089,27-45,
S2,2089,46-65,
S2,2090,00-04,
S2,2090,05-09,
S2,2090,10-14,
S2,2090,15-19,
S2,2090,20-24,
S2,2090,25-29,
S2,2090,30-34,
S2,2090,35-39,
S2,2090,40-44,
S2,2090,45-49,
S2,2090,50-54,
S2,2090,55-59,
S2,2090,60-64,
S2,2090,65-69,
S2,2090,70-74,
S2,2090,75+,
S2,2090,0-8,
S2,2090,9-14,
S2,2090,0-17,217131717.9084664
S2,2090,18-29,157440202.00543833
S2,2090,30-65,337023100.19818455
S2,2090,66+,58882655.07985963
S2,2090,15-26,
S2,2090,27-45,
S2,2090,46-65,
S2,2091,00-04,
S2,2091,05-09,
S2,2091,10-14,
S2,2091,15-19,
S2,2091,20-24,
S2,2091,25-29,
S2,2091,30-34,
S2,2091,35-39,
S2,2091,40-44,
S2,2091,45-49,
S2,2091,50-54,
S2,2091,55-59,
S2,2091,60-64,
S2,2091,65-69,
S2,2091,70-74,
S2,2091,75+,
S2,2091,0-8,
S2,2091,9-14,
S2,2091,0-17,216146613.7180236
S2,2091,18-29,156725912.0609121
S2,2091,30-65,335494061.1822394
S2,2091,66+,58615510.55200207
S2,2091,15-26,
S2,2091,27-45,
S2,2091,46-65,
S2,2092,00-04,
S2,2092,05-09,
S2,2092,10-14,
S2,2092,15-19,
S2,2092,20-24,
S2,2092,25-29,
S2,2092,30-34,
S2,2092,35-39,
S2,2092,40-44,
S2,2092,45-49,
S2,2092,50-54,
S2,2092,55-59,
S2,2092,60-64,
S2,2092,65-69,
S2,2092,70-74,
S2,2092,75+,
S2,2092,0-8,
S2,2092,9-14,
S2,2092,0-17,215150726.08751294
S2,2092,18-29,156003803.14364916
S2,2092,30-65,333948284.5452895
S2,2092,66+,58345441.72737089
S2,2092,15-26,
S2,2092,27-45,
S2,2092,46-65,
S2,2093,00-04,
S2,2093,05-09,
S2,2093,10-14,
S2,2093,15-19,
S2,2093,20-24,
S2,2093,25-29,
S2,2093,30-34,
S2,2093,35-39,
S2,2093,40-44,
S2,2093,45-49,
S2,2093,50-54,
S2,2093,55-59,
S2,2093,60-64,
S2,2093,65-69,
S2,2093,70-74,
S2,2093,75+,
S2,2093,0-8,
S2,2093,9-14,
S2,2093,0-17,214148905.53894144
S2,2093,18-29,155277392.32233024
S2,2093,30-65,332393299.07207483
S2,2093,66+,58073763.99008926
S2,2093,15-26,
S2,2093,27-45,
S2,2093,46-65,
S2,2094,00-04,
S2,2094,05-09,
S2,2094,10-14,
S2,2094,15-19,
S2,2094,20-24,
S2,2094,25-29,
S2,2094,30-34,
S2,2094,35-39,
S2,2094,40-44,
S2,2094,45-49,
S2,2094,50-54,
S2,2094,55-59,
S2,2094,60-64,
S2,2094,65-69,
S2,2094,70-74,
S2,2094,75+,
S2,2094,0-8,
S2,2094,9-14,
S2,2094,0-17,213130333.94006002
S2,2094,18-29,154538835.4692384
S2,2094,30-65,330812313.2937853
S2,2094,66+,57797543.63541793
S2,2094,15-26,
S2,2094,27-45,
S2,2094,46-65,
S2,2095,00-04,
S2,2095,05-09,
S2,2095,10-14,
S2,2095,15-19,
S2,2095,20-24,
S2,2095,25-29,
S2,2095,30-34,
S2,2095,35-39,
S2,2095,40-44,
S2,2095,45-49,
S2,2095,50-54,
S2,2095,55-59,
S2,2095,60-64,
S2,2095,65-69,
S2,2095,70-74,
S2,2095,75+,
S2,2095,0-8,
S2,2095,9-14,
S2,2095,0-17,212103443.71120083
S2,2095,18-29,153794246.85442737
S2,2095,30-65,329218415.6733593
S2,2095,66+,57519067.40111535
S2,2095,15-26,
S2,2095,27-45,
S2,2095,46-65,
S2,2096,00-04,
S2,2096,05-09,
S2,2096,10-14,
S2,2096,15-19,
S2,2096,20-24,
S2,2096,25-29,
S2,2096,30-34,
S2,2096,35-39,
S2,2096,40-44,
S2,2096,45-49,
S2,2096,50-54,
S2,2096,55-59,
S2,2096,60-64,
S2,2096,65-69,
S2,2096,70-74,
S2,2096,75+,
S2,2096,0-8,
S2,2096,9-14,
S2,2096,0-17,211068924.2553887
S2,2096,18-29,153044126.3576593
S2,2096,30-65,327612676.2743827
S2,2096,66+,57238522.242274806
S2,2096,15-26,
S2,2096,27-45,
S2,2096,46-65,
S2,2097,00-04,
S2,2097,05-09,
S2,2097,10-14,
S2,2097,15-19,
S2,2097,20-24,
S2,2097,25-29,
S2,2097,30-34,
S2,2097,35-39,
S2,2097,40-44,
S2,2097,45-49,
S2,2097,50-54,
S2,2097,55-59,
S2,2097,60-64,
S2,2097,65-69,
S2,2097,70-74,
S2,2097,75+,
S2,2097,0-8,
S2,2097,9-14,
S2,2097,0-17,210031704.36019182
S2,2097,18-29,152292047.7972496
S2,2097,30-65,326002745.3622441
S2,2097,66+,56957244.767389126
S2,2097,15-26,
S2,2097,27-45,
S2,2097,46-65,
S2,2098,00-04,
S2,2098,05-09,
S2,2098,10-14,
S2,2098,15-19,
S2,2098,20-24,
S2,2098,25-29,
S2,2098,30-34,
S2,2098,35-39,
S2,2098,40-44,
S2,2098,45-49,
S2,2098,50-54,
S2,2098,55-59,
S2,2098,60-64,
S2,2098,65-69,
S2,2098,70-74,
S2,2098,75+,
S2,2098,0-8,
S2,2098,9-14,
S2,2098,0-17,208989543.46577895
S2,2098,18-29,151536386.5639715
S2,2098,30-65,324385145.2302896
S2,2098,66+,56674627.37240645
S2,2098,15-26,
S2,2098,27-45,
S2,2098,46-65,
S2,2099,00-04,
S2,2099,05-09,
S2,2099,10-14,
S2,2099,15-19,
S2,2099,20-24,
S2,2099,25-29,
S2,2099,30-34,
S2,2099,35-39,
S2,2099,40-44,
S2,2099,45-49,
S2,2099,50-54,
S2,2099,55-59,
S2,2099,60-64,
S2,2099,65-69,
S2,2099,70-74,
S2,2099,75+,
S2,2099,0-8,
S2,2099,9-14,
S2,2099,0-17,207938818.04320797
S2,2099,18-29,150774515.27047598
S2,2099,30-65,322754251.58295417
S2,2099,66+,56389687.41413207
S2,2099,15-26,
S2,2099,27-45,
S2,2099,46-65,
S2,2100,00-04,
S2,2100,05-09,
S2,2100,10-14,
S2,2100,15-19,
S2,2100,20-24,
S2,2100,25-29,
S2,2100,30-34,
S2,2100,35-39,
S2,2100,40-44,
S2,2100,45-49,
S2,2100,50-54,
S2,2100,55-59,
S2,2100,60-64,
S2,2100,65-69,
S2,2100,70-74,
S2,2100,75+,
S2,2100,0-8,
S2,2100,9-14,
S2,2100,0-17,206889260.49822512
S2,2100,18-29,150013490.79422647
S2,2100,30-65,321125170.6681353
S2,2100,66+,56105064.16561261
S2,2100,15-26,
S2,2100,27-45,
S2,2100,46-65,
S3,1950,00-04,
S3,1950,05-09,
S3,1950,10-14,
S3,1950,15-19,
S3,1950,20-24,
S3,1950,25-29,
S3,1950,30-34,
S3,1950,35-39,
S3,1950,40-44,
S3,1950,45-49,
S3,1950,50-54,
S3,1950,55-59,
S3,1950,60-64,
S3,1950,65-69,
S3,1950,70-74,
S3,1950,75+,
S3,1950,0-8,22093132.359064117
S3,1950,9-14,15418625.874512864
S3,1950,0-17,
S3,1950,18-29,
S3,1950,30-65,
S3,1950,66+,12555086.68857547
S3,1950,15-26,32573870.94419347
S3,1950,27-45,47411963.29284962
S3,1950,46-65,32504149.639328253
S3,1951,00-04,
S3,1951,05-09,
S3,1951,10-14,
S3,1951,15-19,
S3,1951,20-24,
S3,1951,25-29,
S3,1951,30-34,
S3,1951,35-39,
S3,1951,40-44,
S3,1951,45-49,
S3,1951,50-54,
S3,1951,55-59,
S3,1951,60-64,
S3,1951,65-69,
S3,1951,70-74,
S3,1951,75+,
S3,1951,0-8,22556306.477987133
S3,1951,9-14,15741871.502989855
S3,1951,0-17,
S3,1951,18-29,
S3,1951,30-65,
S3,1951,66+,12818299.30688931
S3,1951,15-26,33256769.762219116
S3,1951,27-45,48405937.07473241
S3,1951,46-65,33185586.776709132
S3,1952,00-04,
S3,1952,05-09,
S3,1952,10-14,
S3,1952,15-19,
S3,1952,20-24,
S3,1952,25-29,
S3,1952,30-34,
S3,1952,35-39,
S3,1952,40-44,
S3,1952,45-49,
S3,1952,50-54,
S3,1952,55-59,
S3,1952,60-64,
S3,1952,65-69,
S3,1952,70-74,
S3,1952,75+,
S3,1952,0-8,23045039.243726034
S3,1952,9-14,16082954.313026637
S3,1952,0-17,
S3,1952,18-29,
S3,1952,30-65,
S3,1952,66+,13096036.394671785
S3,1952,15-26,33977351.96752356
S3,1952,27-45,49454759.82981442
S3,1952,46-65,33904626.64362518
S3,1953,00-04,
S3,1953,05-09,
S3,1953,10-14,
S3,1953,15-19,
S3,1953,20-24,
S3,1953,25-29,
S3,1953,30-34,
S3,1953,35-39,
S3,1953,40-44,
S3,1953,45-49,
S3,1953,50-54,
S3,1953,55-59,
S3,1953,60-64,
S3,1953,65-69,
S3,1953,70-74,
S3,1953,75+,
S3,1953,0-8,23558817.251032487
S3,1953,9-14,16441516.00307874
S3,1953,0-17,
S3,1953,18-29,
S3,1953,30-65,
S3,1953,66+,13388006.193955095
S3,1953,15-26,34734860.60106503
S3,1953,27-45,50557329.788079925
S3,1953,46-65,34660513.90123415
S3,1954,00-04,
S3,1954,05-09,
S3,1954,10-14,
S3,1954,15-19,
S3,1954,20-24,
S3,1954,25-29,
S3,1954,30-34,
S3,1954,35-39,
S3,1954,40-44,
S3,1954,45-49,
S3,1954,50-54,
S3,1954,55-59,
S3,1954,60-64,
S3,1954,65-69,
S3,1954,70-74,
S3,1954,75+,
S3,1954,0-8,24081362.915588897
S3,1954,9-14,16806196.57318534
S3,1954,0-17,
S3,1954,18-29,
S3,1954,30-65,
S3,1954,66+,13684958.478068545
S3,1954,15-26,35505296.17186017
S3,1954,27-45,51678715.17898496
S3,1954,46-65,35429300.427204296
S3,1955,00-04,
S3,1955,05-09,
S3,1955,10-14,
S3,1955,15-19,
S3,1955,20-24,
S3,1955,25-29,
S3,1955,30-34,
S3,1955,35-39,
S3,1955,40-44,
S3,1955,45-49,
S3,1955,50-54,
S3,1955,55-59,
S3,1955,60-64,
S3,1955,65-69,
S3,1955,70-74,
S3,1955,75+,
S3,1955,0-8,24642220.833710674
S3,1955,9-14,17197614.96817495
S3,1955,0-17,
S3,1955,18-29,
S3,1955,30-65,
S3,1955,66+,14003682.852120664
S3,1955,15-26,36332218.907215655
S3,1955,27-45,52882318.84162198
S3,1955,46-65,36254453.212275706
S3,1956,00-04,
S3,1956,05-09,
S3,1956,10-14,
S3,1956,15-19,
S3,1956,20-24,
S3,1956,25-29,
S3,1956,30-34,
S3,1956,35-39,
S3,1956,40-44,
S3,1956,45-49,
S3,1956,50-54,
S3,1956,55-59,
S3,1956,60-64,
S3,1956,65-69,
S3,1956,70-74,
S3,1956,75+,
S3,1956,0-8,25218094.76172501
S3,1956,9-14,17599512.920110054
S3,1956,0-17,
S3,1956,18-29,
S3,1956,30-65,
S3,1956,66+,14330940.52524751
S3,1956,15-26,37181281.08212127
S3,1956,27-45,54118146.93030507
S3,1956,46-65,37101698.049510635
S3,1957,00-04,
S3,1957,05-09,
S3,1957,10-14,
S3,1957,15-19,
S3,1957,20-24,
S3,1957,25-29,
S3,1957,30-34,
S3,1957,35-39,
S3,1957,40-44,
S3,1957,45-49,
S3,1957,50-54,
S3,1957,55-59,
S3,1957,60-64,
S3,1957,65-69,
S3,1957,70-74,
S3,1957,75+,
S3,1957,0-8,25813617.14471521
S3,1957,9-14,18015123.376517672
S3,1957,0-17,
S3,1957,18-29,
S3,1957,30-65,
S3,1957,66+,14669364.0236412
S3,1957,15-26,38059312.722570956
S3,1957,27-45,55396140.693413004
S3,1957,46-65,37977850.34587533
S3,1958,00-04,
S3,1958,05-09,
S3,1958,10-14,
S3,1958,15-19,
S3,1958,20-24,
S3,1958,25-29,
S3,1958,30-34,
S3,1958,35-39,
S3,1958,40-44,
S3,1958,45-49,
S3,1958,50-54,
S3,1958,55-59,
S3,1958,60-64,
S3,1958,65-69,
S3,1958,70-74,
S3,1958,75+,
S3,1958,0-8,26395599.30935161
S3,1958,9-14,18421284.219458815
S3,1958,0-17,
S3,1958,18-29,
S3,1958,30-65,
S3,1958,66+,15000092.885871403
S3,1958,15-26,38917380.81425607
S3,1958,27-45,56645077.08588039
S3,1958,46-65,38834081.82357254
S3,1959,00-04,
S3,1959,05-09,
S3,1959,10-14,
S3,1959,15-19,
S3,1959,20-24,
S3,1959,25-29,
S3,1959,30-34,
S3,1959,35-39,
S3,1959,40-44,
S3,1959,45-49,
S3,1959,50-54,
S3,1959,55-59,
S3,1959,60-64,
S3,1959,65-69,
S3,1959,70-74,
S3,1959,75+,
S3,1959,0-8,27021685.145548165
S3,1959,9-14,18858224.673024047
S3,1959,0-17,
S3,1959,18-29,
S3,1959,30-65,
S3,1959,66+,15355884.985433571
S3,1959,15-26,39840474.8733874
S3,1959,27-45,57988660.15963799
S3,1959,46-65,39755200.08675299
S3,1960,00-04,
S3,1960,05-09,
S3,1960,10-14,
S3,1960,15-19,
S3,1960,20-24,
S3,1960,25-29,
S3,1960,30-34,
S3,1960,35-39,
S3,1960,40-44,
S3,1960,45-49,
S3,1960,50-54,
S3,1960,55-59,
S3,1960,60-64,
S3,1960,65-69,
S3,1960,70-74,
S3,1960,75+,
S3,1960,0-8,27654912.92198839
S3,1960,9-14,19300149.43134271
S3,1960,0-17,
S3,1960,18-29,
S3,1960,30-65,
S3,1960,66+,15715735.707260255
S3,1960,15-26,40774098.93052929
S3,1960,27-45,59347569.86988913
S3,1960,46-65,40686825.80947436
S3,1961,00-04,
S3,1961,05-09,
S3,1961,10-14,
S3,1961,15-19,
S3,1961,20-24,
S3,1961,25-29,
S3,1961,30-34,
S3,1961,35-39,
S3,1961,40-44,
S3,1961,45-49,
S3,1961,50-54,
S3,1961,55-59,
S3,1961,60-64,
S3,1961,65-69,
S3,1961,70-74,
S3,1961,75+,
S3,1961,0-8,28309992.169624932
S3,1961,9-14,19757324.162083015
S3,1961,0-17,
S3,1961,18-29,
S3,1961,30-65,
S3,1961,66+,16088004.184554225
S3,1961,15-26,41739940.55605948
S3,1961,27-45,60753372.937470436
S3,1961,46-65,41650600.14191128
S3,1962,00-04,
S3,1962,05-09,
S3,1962,10-14,
S3,1962,15-19,
S3,1962,20-24,
S3,1962,25-29,
S3,1962,30-34,
S3,1962,35-39,
S3,1962,40-44,
S3,1962,45-49,
S3,1962,50-54,
S3,1962,55-59,
S3,1962,60-64,
S3,1962,65-69,
S3,1962,70-74,
S3,1962,75+,
S3,1962,0-8,28987088.058336295
S3,1962,9-14,20229864.13602331
S3,1962,0-17,
S3,1962,18-29,
S3,1962,30-65,
S3,1962,66+,16472784.280064851
S3,1962,15-26,42738243.27462711
S3,1962,27-45,62206423.817698024
S3,1962,46-65,42646766.08747122
S3,1963,00-04,
S3,1963,05-09,
S3,1963,10-14,
S3,1963,15-19,
S3,1963,20-24,
S3,1963,25-29,
S3,1963,30-34,
S3,1963,35-39,
S3,1963,40-44,
S3,1963,45-49,
S3,1963,50-54,
S3,1963,55-59,
S3,1963,60-64,
S3,1963,65-69,
S3,1963,70-74,
S3,1963,75+,
S3,1963,0-8,29665539.90426046
S3,1963,9-14,20703350.421995126
S3,1963,0-17,
S3,1963,18-29,
S3,1963,30-65,
S3,1963,66+,16858334.939028192
S3,1963,15-26,43738545.201570325
S3,1963,27-45,63662384.588318415
S3,1963,46-65,43644926.96228938
S3,1964,00-04,
S3,1964,05-09,
S3,1964,10-14,
S3,1964,15-19,
S3,1964,20-24,
S3,1964,25-29,
S3,1964,30-34,
S3,1964,35-39,
S3,1964,40-44,
S3,1964,45-49,
S3,1964,50-54,
S3,1964,55-59,
S3,1964,60-64,
S3,1964,65-69,
S3,1964,70-74,
S3,1964,75+,
S3,1964,0-8,30366097.60420343
S3,1964,9-14,21192264.21218923
S3,1964,0-17,
S3,1964,18-29,
S3,1964,30-65,
S3,1964,66+,17256447.914145775
S3,1964,15-26,44771439.75613273
S3,1964,27-45,65165784.62297187
S3,1964,46-65,44675610.703275
S3,1965,00-04,
S3,1965,05-09,
S3,1965,10-14,
S3,1965,15-19,
S3,1965,20-24,
S3,1965,25-29,
S3,1965,30-34,
S3,1965,35-39,
S3,1965,40-44,
S3,1965,45-49,
S3,1965,50-54,
S3,1965,55-59,
S3,1965,60-64,
S3,1965,65-69,
S3,1965,70-74,
S3,1965,75+,
S3,1965,0-8,31076821.73551986
S3,1965,9-14,21688273.076059546
S3,1965,0-17,
S3,1965,18-29,
S3,1965,30-65,
S3,1965,66+,17660338.269542996
S3,1965,15-26,45819323.58510579
S3,1965,27-45,66691001.86594429
S3,1965,46-65,45721251.635540225
S3,1966,00-04,
S3,1966,05-09,
S3,1966,10-14,
S3,1966,15-19,
S3,1966,20-24,
S3,1966,25-29,
S3,1966,30-34,
S3,1966,35-39,
S3,1966,40-44,
S3,1966,45-49,
S3,1966,50-54,
S3,1966,55-59,
S3,1966,60-64,
S3,1966,65-69,
S3,1966,70-74,
S3,1966,75+,
S3,1966,0-8,31760474.046534847
S3,1966,9-14,22165388.72632006
S3,1966,0-17,
S3,1966,18-29,
S3,1966,30-65,
S3,1966,66+,18048844.24914515
S3,1966,15-26,46827293.02048399
S3,1966,27-45,68158122.85848273
S3,1966,46-65,46727063.60721324
S3,1967,00-04,
S3,1967,05-09,
S3,1967,10-14,
S3,1967,15-19,
S3,1967,20-24,
S3,1967,25-29,
S3,1967,30-34,
S3,1967,35-39,
S3,1967,40-44,
S3,1967,45-49,
S3,1967,50-54,
S3,1967,55-59,
S3,1967,60-64,
S3,1967,65-69,
S3,1967,70-74,
S3,1967,75+,
S3,1967,0-8,32440002.280431196
S3,1967,9-14,22639626.215116773
S3,1967,0-17,
S3,1967,18-29,
S3,1967,30-65,
S3,1967,66+,18435006.597935084
S3,1967,15-26,47829181.96199456
S3,1967,27-45,69616393.5626245
S3,1967,46-65,47726808.09974344
S3,1968,00-04,
S3,1968,05-09,
S3,1968,10-14,
S3,1968,15-19,
S3,1968,20-24,
S3,1968,25-29,
S3,1968,30-34,
S3,1968,35-39,
S3,1968,40-44,
S3,1968,45-49,
S3,1968,50-54,
S3,1968,55-59,
S3,1968,60-64,
S3,1968,65-69,
S3,1968,70-74,
S3,1968,75+,
S3,1968,0-8,33154332.576574694
S3,1968,9-14,23138151.79347588
S3,1968,0-17,
S3,1968,18-29,
S3,1968,30-65,
S3,1968,66+,18840946.264913898
S3,1968,15-26,48882382.68065858
S3,1968,27-45,71149349.65184249
S3,1968,46-65,48777754.54139768
S3,1969,00-04,
S3,1969,05-09,
S3,1969,10-14,
S3,1969,15-19,
S3,1969,20-24,
S3,1969,25-29,
S3,1969,30-34,
S3,1969,35-39,
S3,1969,40-44,
S3,1969,45-49,
S3,1969,50-54,
S3,1969,55-59,
S3,1969,60-64,
S3,1969,65-69,
S3,1969,70-74,
S3,1969,75+,
S3,1969,0-8,33872172.26867586
S3,1969,9-14,23639126.552079644
S3,1969,0-17,
S3,1969,18-29,
S3,1969,30-65,
S3,1969,66+,19248880.251654923
S3,1969,15-26,49940757.61405864
S3,1969,27-45,72689836.92086875
S3,1969,46-65,49833864.12286823
S3,1970,00-04,
S3,1970,05-09,
S3,1970,10-14,
S3,1970,15-19,
S3,1970,20-24,
S3,1970,25-29,
S3,1970,30-34,
S3,1970,35-39,
S3,1970,40-44,
S3,1970,45-49,
S3,1970,50-54,
S3,1970,55-59,
S3,1970,60-64,
S3,1970,65-69,
S3,1970,70-74,
S3,1970,75+,
S3,1970,0-8,34606409.64454077
S3,1970,9-14,24151545.127117086
S3,1970,0-17,
S3,1970,18-29,
S3,1970,30-65,
S3,1970,66+,19666132.71518776
S3,1970,15-26,51023309.11174222
S3,1970,27-45,74265513.69440071
S3,1970,46-65,50914098.52096207
S3,1971,00-04,
S3,1971,05-09,
S3,1971,10-14,
S3,1971,15-19,
S3,1971,20-24,
S3,1971,25-29,
S3,1971,30-34,
S3,1971,35-39,
S3,1971,40-44,
S3,1971,45-49,
S3,1971,50-54,
S3,1971,55-59,
S3,1971,60-64,
S3,1971,65-69,
S3,1971,70-74,
S3,1971,75+,
S3,1971,0-8,35406214.15976383
S3,1971,9-14,24709722.500635203
S3,1971,0-17,
S3,1971,18-29,
S3,1971,30-65,
S3,1971,66+,20120645.676923554
S3,1971,15-26,52202532.077324554
S3,1971,27-45,75981897.84948198
S3,1971,46-65,52090797.47077647
S3,1972,00-04,
S3,1972,05-09,
S3,1972,10-14,
S3,1972,15-19,
S3,1972,20-24,
S3,1972,25-29,
S3,1972,30-34,
S3,1972,35-39,
S3,1972,40-44,
S3,1972,45-49,
S3,1972,50-54,
S3,1972,55-59,
S3,1972,60-64,
S3,1972,65-69,
S3,1972,70-74,
S3,1972,75+,
S3,1972,0-8,36174297.441909924
S3,1972,9-14,25245761.871395603
S3,1972,0-17,
S3,1972,18-29,
S3,1972,30-65,
S3,1972,66+,20557132.094270993
S3,1972,15-26,53334985.60633968
S3,1972,27-45,77630208.09300533
S3,1972,46-65,53220827.089600556
S3,1973,00-04,
S3,1973,05-09,
S3,1973,10-14,
S3,1973,15-19,
S3,1973,20-24,
S3,1973,25-29,
S3,1973,30-34,
S3,1973,35-39,
S3,1973,40-44,
S3,1973,45-49,
S3,1973,50-54,
S3,1973,55-59,
S3,1973,60-64,
S3,1973,65-69,
S3,1973,70-74,
S3,1973,75+,
S3,1973,0-8,36999484.299022384
S3,1973,9-14,25821653.384631477
S3,1973,0-17,
S3,1973,18-29,
S3,1973,30-65,
S3,1973,66+,21026069.33490038
S3,1973,15-26,54551632.017159626
S3,1973,27-45,79401062.87010565
S3,1973,46-65,54434869.383290306
S3,1974,00-04,
S3,1974,05-09,
S3,1974,10-14,
S3,1974,15-19,
S3,1974,20-24,
S3,1974,25-29,
S3,1974,30-34,
S3,1974,35-39,
S3,1974,40-44,
S3,1974,45-49,
S3,1974,50-54,
S3,1974,55-59,
S3,1974,60-64,
S3,1974,65-69,
S3,1974,70-74,
S3,1974,75+,
S3,1974,0-8,37834001.39842839
S3,1974,9-14,26404056.4016643
S3,1974,0-17,
S3,1974,18-29,
S3,1974,30-65,
S3,1974,66+,21500308.766224947
S3,1974,15-26,55782034.83442339
S3,1974,27-45,81191940.3899273
S3,1974,46-65,55662638.639130674
S3,1975,00-04,
S3,1975,05-09,
S3,1975,10-14,
S3,1975,15-19,
S3,1975,20-24,
S3,1975,25-29,
S3,1975,30-34,
S3,1975,35-39,
S3,1975,40-44,
S3,1975,45-49,
S3,1975,50-54,
S3,1975,55-59,
S3,1975,60-64,
S3,1975,65-69,
S3,1975,70-74,
S3,1975,75+,
S3,1975,0-8,38726917.98029043
S3,1975,9-14,27027215.96496775
S3,1975,0-17,
S3,1975,18-29,
S3,1975,30-65,
S3,1975,66+,22007735.45922373
S3,1975,15-26,57098541.20521746
S3,1975,27-45,83108143.46673779
S3,1975,46-65,56976327.151949145
S3,1976,00-04,
S3,1976,05-09,
S3,1976,10-14,
S3,1976,15-19,
S3,1976,20-24,
S3,1976,25-29,
S3,1976,30-34,
S3,1976,35-39,
S3,1976,40-44,
S3,1976,45-49,
S3,1976,50-54,
S3,1976,55-59,
S3,1976,60-64,
S3,1976,65-69,
S3,1976,70-74,
S3,1976,75+,
S3,1976,0-8,39633919.60249712
S3,1976,9-14,27660205.368783265
S3,1976,0-17,
S3,1976,18-29,
S3,1976,30-65,
S3,1976,66+,22523166.39986223
S3,1976,15-26,58435814.40431699
S3,1976,27-45,85054573.104678
S3,1976,46-65,58310738.04363172
S3,1977,00-04,
S3,1977,05-09,
S3,1977,10-14,
S3,1977,15-19,
S3,1977,20-24,
S3,1977,25-29,
S3,1977,30-34,
S3,1977,35-39,
S3,1977,40-44,
S3,1977,45-49,
S3,1977,50-54,
S3,1977,55-59,
S3,1977,60-64,
S3,1977,65-69,
S3,1977,70-74,
S3,1977,75+,
S3,1977,0-8,40563969.1833185
S3,1977,9-14,28309279.764318194
S3,1977,0-17,
S3,1977,18-29,
S3,1977,30-65,
S3,1977,66+,23051695.035915773
S3,1977,15-26,59807069.259672455
S3,1977,27-45,87050463.76743157
S3,1977,46-65,59679057.85703344
S3,1978,00-04,
S3,1978,05-09,
S3,1978,10-14,
S3,1978,15-19,
S3,1978,20-24,
S3,1978,25-29,
S3,1978,30-34,
S3,1978,35-39,
S3,1978,40-44,
S3,1978,45-49,
S3,1978,50-54,
S3,1978,55-59,
S3,1978,60-64,
S3,1978,65-69,
S3,1978,70-74,
S3,1978,75+,
S3,1978,0-8,41517778.4379052
S3,1978,9-14,28974935.85206108
S3,1978,0-17,
S3,1978,18-29,
S3,1978,30-65,
S3,1978,66+,23593725.82091617
S3,1978,15-26,61213355.11626071
S3,1978,27-45,89097342.7989733
S3,1978,46-65,61082333.69110693
S3,1979,00-04,
S3,1979,05-09,
S3,1979,10-14,
S3,1979,15-19,
S3,1979,20-24,
S3,1979,25-29,
S3,1979,30-34,
S3,1979,35-39,
S3,1979,40-44,
S3,1979,45-49,
S3,1979,50-54,
S3,1979,55-59,
S3,1979,60-64,
S3,1979,65-69,
S3,1979,70-74,
S3,1979,75+,
S3,1979,0-8,42456860.26592636
S3,1979,9-14,29630313.782926157
S3,1979,0-17,
S3,1979,18-29,
S3,1979,30-65,
S3,1979,66+,24127387.302993618
S3,1979,15-26,62597927.01737679
S3,1979,27-45,91112616.70561129
S3,1979,46-65,62463942.04638622
S3,1980,00-04,
S3,1980,05-09,
S3,1980,10-14,
S3,1980,15-19,
S3,1980,20-24,
S3,1980,25-29,
S3,1980,30-34,
S3,1980,35-39,
S3,1980,40-44,
S3,1980,45-49,
S3,1980,50-54,
S3,1980,55-59,
S3,1980,60-64,
S3,1980,65-69,
S3,1980,70-74,
S3,1980,75+,
S3,1980,0-8,43473440.83490546
S3,1980,9-14,30339777.48457087
S3,1980,0-17,
S3,1980,18-29,
S3,1980,30-65,
S3,1980,66+,24705089.774604388
S3,1980,15-26,64096762.20833668
S3,1980,27-45,93294203.26551287
S3,1980,46-65,63959569.121691965
S3,1981,00-04,
S3,1981,05-09,
S3,1981,10-14,
S3,1981,15-19,
S3,1981,20-24,
S3,1981,25-29,
S3,1981,30-34,
S3,1981,35-39,
S3,1981,40-44,
S3,1981,45-49,
S3,1981,50-54,
S3,1981,55-59,
S3,1981,60-64,
S3,1981,65-69,
S3,1981,70-74,
S3,1981,75+,
S3,1981,0-8,44504315.62405929
S3,1981,9-14,31059217.01171012
S3,1981,0-17,
S3,1981,18-29,
S3,1981,30-65,
S3,1981,66+,25290915.366582163
S3,1981,15-26,65616672.640038885
S3,1981,27-45,95506465.28741819
S3,1981,46-65,65476226.32817086
S3,1982,00-04,
S3,1982,05-09,
S3,1982,10-14,
S3,1982,15-19,
S3,1982,20-24,
S3,1982,25-29,
S3,1982,30-34,
S3,1982,35-39,
S3,1982,40-44,
S3,1982,45-49,
S3,1982,50-54,
S3,1982,55-59,
S3,1982,60-64,
S3,1982,65-69,
S3,1982,70-74,
S3,1982,75+,
S3,1982,0-8,45553859.514206395
S3,1982,9-14,31791685.55976641
S3,1982,0-17,
S3,1982,18-29,
S3,1982,30-65,
S3,1982,66+,25887350.23648218
S3,1982,15-26,67164108.58856305
S3,1982,27-45,97758791.28561343
S3,1982,46-65,67020350.13569371
S3,1983,00-04,
S3,1983,05-09,
S3,1983,10-14,
S3,1983,15-19,
S3,1983,20-24,
S3,1983,25-29,
S3,1983,30-34,
S3,1983,35-39,
S3,1983,40-44,
S3,1983,45-49,
S3,1983,50-54,
S3,1983,55-59,
S3,1983,60-64,
S3,1983,65-69,
S3,1983,70-74,
S3,1983,75+,
S3,1983,0-8,46627500.70868102
S3,1983,9-14,32540971.42978374
S3,1983,0-17,
S3,1983,18-29,
S3,1983,30-65,
S3,1983,66+,26497479.124046836
S3,1983,15-26,68747073.33710119
S3,1983,27-45,100062830.20933071
S3,1983,46-65,68599926.69717807
S3,1984,00-04,
S3,1984,05-09,
S3,1984,10-14,
S3,1984,15-19,
S3,1984,20-24,
S3,1984,25-29,
S3,1984,30-34,
S3,1984,35-39,
S3,1984,40-44,
S3,1984,45-49,
S3,1984,50-54,
S3,1984,55-59,
S3,1984,60-64,
S3,1984,65-69,
S3,1984,70-74,
S3,1984,75+,
S3,1984,0-8,47736477.254665345
S3,1984,9-14,33314917.56780733
S3,1984,0-17,
S3,1984,18-29,
S3,1984,30-65,
S3,1984,66+,27127688.38745709
S3,1984,15-26,70382136.13860618
S3,1984,27-45,102442698.95932573
S3,1984,46-65,70231489.80065043
S3,1985,00-04,
S3,1985,05-09,
S3,1985,10-14,
S3,1985,15-19,
S3,1985,20-24,
S3,1985,25-29,
S3,1985,30-34,
S3,1985,35-39,
S3,1985,40-44,
S3,1985,45-49,
S3,1985,50-54,
S3,1985,55-59,
S3,1985,60-64,
S3,1985,65-69,
S3,1985,70-74,
S3,1985,75+,
S3,1985,0-8,48870855.628873065
S3,1985,9-14,34106591.4449102
S3,1985,0-17,
S3,1985,18-29,
S3,1985,30-65,
S3,1985,66+,27772333.003456
S3,1985,15-26,72054651.11578485
S3,1985,27-45,104877080.14910181
S3,1985,46-65,71900424.91693957
S3,1986,00-04,
S3,1986,05-09,
S3,1986,10-14,
S3,1986,15-19,
S3,1986,20-24,
S3,1986,25-29,
S3,1986,30-34,
S3,1986,35-39,
S3,1986,40-44,
S3,1986,45-49,
S3,1986,50-54,
S3,1986,55-59,
S3,1986,60-64,
S3,1986,65-69,
S3,1986,70-74,
S3,1986,75+,
S3,1986,0-8,50021752.71421135
S3,1986,9-14,34909793.60250821
S3,1986,0-17,
S3,1986,18-29,
S3,1986,30-65,
S3,1986,66+,28426364.87368666
S3,1986,15-26,73751521.09866342
S3,1986,27-45,107346910.56866753
S3,1986,46-65,73593662.90933114
S3,1987,00-04,
S3,1987,05-09,
S3,1987,10-14,
S3,1987,15-19,
S3,1987,20-24,
S3,1987,25-29,
S3,1987,30-34,
S3,1987,35-39,
S3,1987,40-44,
S3,1987,45-49,
S3,1987,50-54,
S3,1987,55-59,
S3,1987,60-64,
S3,1987,65-69,
S3,1987,70-74,
S3,1987,75+,
S3,1987,0-8,51197954.19610316
S3,1987,9-14,35730655.50237804
S3,1987,0-17,
S3,1987,18-29,
S3,1987,30-65,
S3,1987,66+,29094776.72803036
S3,1987,15-26,75485699.60503504
S3,1987,27-45,109871044.33920409
S3,1987,46-65,75324129.56983277
S3,1988,00-04,
S3,1988,05-09,
S3,1988,10-14,
S3,1988,15-19,
S3,1988,20-24,
S3,1988,25-29,
S3,1988,30-34,
S3,1988,35-39,
S3,1988,40-44,
S3,1988,45-49,
S3,1988,50-54,
S3,1988,55-59,
S3,1988,60-64,
S3,1988,65-69,
S3,1988,70-74,
S3,1988,75+,
S3,1988,0-8,52377960.02016418
S3,1988,9-14,36554172.42316809
S3,1988,0-17,
S3,1988,18-29,
S3,1988,30-65,
S3,1988,66+,29765350.514188383
S3,1988,15-26,77225487.19158751
S3,1988,27-45,112403342.24547078
S3,1988,46-65,77060193.3048071
S3,1989,00-04,
S3,1989,05-09,
S3,1989,10-14,
S3,1989,15-19,
S3,1989,20-24,
S3,1989,25-29,
S3,1989,30-34,
S3,1989,35-39,
S3,1989,40-44,
S3,1989,45-49,
S3,1989,50-54,
S3,1989,55-59,
S3,1989,60-64,
S3,1989,65-69,
S3,1989,70-74,
S3,1989,75+,
S3,1989,0-8,53575309.34426752
S3,1989,9-14,37389793.23824349
S3,1989,0-17,
S3,1989,18-29,
S3,1989,30-65,
S3,1989,66+,30445780.26567439
S3,1989,15-26,78990845.84352434
S3,1989,27-45,114972859.38231152
S3,1989,46-65,78821773.37270702
S3,1990,00-04,
S3,1990,05-09,
S3,1990,10-14,
S3,1990,15-19,
S3,1990,20-24,
S3,1990,25-29,
S3,1990,30-34,
S3,1990,35-39,
S3,1990,40-44,
S3,1990,45-49,
S3,1990,50-54,
S3,1990,55-59,
S3,1990,60-64,
S3,1990,65-69,
S3,1990,70-74,
S3,1990,75+,
S3,1990,0-8,54790821.38980088
S3,1990,9-14,38238089.675862655
S3,1990,0-17,
S3,1990,18-29,
S3,1990,30-65,
S3,1990,66+,31136531.529671527
S3,1990,15-26,80782983.41183394
S3,1990,27-45,117581353.80257876
S3,1990,46-65,80610075.03922977
S3,1991,00-04,
S3,1991,05-09,
S3,1991,10-14,
S3,1991,15-19,
S3,1991,20-24,
S3,1991,25-29,
S3,1991,30-34,
S3,1991,35-39,
S3,1991,40-44,
S3,1991,45-49,
S3,1991,50-54,
S3,1991,55-59,
S3,1991,60-64,
S3,1991,65-69,
S3,1991,70-74,
S3,1991,75+,
S3,1991,0-8,56016332.31074744
S3,1991,9-14,39093364.25115177
S3,1991,0-17,
S3,1991,18-29,
S3,1991,30-65,
S3,1991,66+,31832964.95523634
S3,1991,15-26,82589863.21189255
S3,1991,27-45,120211305.85530646
S3,1991,46-65,82413087.38314198
S3,1992,00-04,
S3,1992,05-09,
S3,1992,10-14,
S3,1992,15-19,
S3,1992,20-24,
S3,1992,25-29,
S3,1992,30-34,
S3,1992,35-39,
S3,1992,40-44,
S3,1992,45-49,
S3,1992,50-54,
S3,1992,55-59,
S3,1992,60-64,
S3,1992,65-69,
S3,1992,70-74,
S3,1992,75+,
S3,1992,0-8,57229653.00534872
S3,1992,9-14,39940131.36193612
S3,1992,0-17,
S3,1992,18-29,
S3,1992,30-65,
S3,1992,66+,32522470.918183792
S3,1992,15-26,84378769.87653063
S3,1992,27-45,122815097.62643063
S3,1992,46-65,84198165.06143837
S3,1993,00-04,
S3,1993,05-09,
S3,1993,10-14,
S3,1993,15-19,
S3,1993,20-24,
S3,1993,25-29,
S3,1993,30-34,
S3,1993,35-39,
S3,1993,40-44,
S3,1993,45-49,
S3,1993,50-54,
S3,1993,55-59,
S3,1993,60-64,
S3,1993,65-69,
S3,1993,70-74,
S3,1993,75+,
S3,1993,0-8,58458670.53849095
S3,1993,9-14,40797853.17470397
S3,1993,0-17,
S3,1993,18-29,
S3,1993,30-65,
S3,1993,66+,33220897.081554327
S3,1993,15-26,86190819.78697714
S3,1993,27-45,125452574.88500065
S3,1993,46-65,86006336.4496039
S3,1994,00-04,
S3,1994,05-09,
S3,1994,10-14,
S3,1994,15-19,
S3,1994,20-24,
S3,1994,25-29,
S3,1994,30-34,
S3,1994,35-39,
S3,1994,40-44,
S3,1994,45-49,
S3,1994,50-54,
S3,1994,55-59,
S3,1994,60-64,
S3,1994,65-69,
S3,1994,70-74,
S3,1994,75+,
S3,1994,0-8,59682993.85354554
S3,1994,9-14,41652298.9290438
S3,1994,0-17,
S3,1994,18-29,
S3,1994,30-65,
S3,1994,66+,33916655.61436599
S3,1994,15-26,87995948.59399278
S3,1994,27-45,128079978.33004151
S3,1994,46-65,87807601.54830892
S3,1995,00-04,
S3,1995,05-09,
S3,1995,10-14,
S3,1995,15-19,
S3,1995,20-24,
S3,1995,25-29,
S3,1995,30-34,
S3,1995,35-39,
S3,1995,40-44,
S3,1995,45-49,
S3,1995,50-54,
S3,1995,55-59,
S3,1995,60-64,
S3,1995,65-69,
S3,1995,70-74,
S3,1995,75+,
S3,1995,0-8,60888261.78748973
S3,1995,9-14,42493446.08056613
S3,1995,0-17,
S3,1995,18-29,
S3,1995,30-65,
S3,1995,66+,34601585.35396534
S3,1995,15-26,89772982.35703747
S3,1995,27-45,130666488.8398907
S3,1995,46-65,89580831.73784037
S3,1996,00-04,
S3,1996,05-09,
S3,1996,10-14,
S3,1996,15-19,
S3,1996,20-24,
S3,1996,25-29,
S3,1996,30-34,
S3,1996,35-39,
S3,1996,40-44,
S3,1996,45-49,
S3,1996,50-54,
S3,1996,55-59,
S3,1996,60-64,
S3,1996,65-69,
S3,1996,70-74,
S3,1996,75+,
S3,1996,0-8,62115932.24494557
S3,1996,9-14,43350227.7796509
S3,1996,0-17,
S3,1996,18-29,
S3,1996,30-65,
S3,1996,66+,35299246.00107764
S3,1996,15-26,91583046.15393311
S3,1996,27-45,133301075.26786423
S3,1996,46-65,91387021.26354404
S3,1997,00-04,
S3,1997,05-09,
S3,1997,10-14,
S3,1997,15-19,
S3,1997,20-24,
S3,1997,25-29,
S3,1997,30-34,
S3,1997,35-39,
S3,1997,40-44,
S3,1997,45-49,
S3,1997,50-54,
S3,1997,55-59,
S3,1997,60-64,
S3,1997,65-69,
S3,1997,70-74,
S3,1997,75+,
S3,1997,0-8,63347720.284075364
S3,1997,9-14,44209883.10707894
S3,1997,0-17,
S3,1997,18-29,
S3,1997,30-65,
S3,1997,66+,35999246.58777037
S3,1997,15-26,93399180.86788435
S3,1997,27-45,135944498.0449805
S3,1997,46-65,93199268.71207675
S3,1998,00-04,
S3,1998,05-09,
S3,1998,10-14,
S3,1998,15-19,
S3,1998,20-24,
S3,1998,25-29,
S3,1998,30-34,
S3,1998,35-39,
S3,1998,40-44,
S3,1998,45-49,
S3,1998,50-54,
S3,1998,55-59,
S3,1998,60-64,
S3,1998,65-69,
S3,1998,70-74,
S3,1998,75+,
S3,1998,0-8,64583457.02331799
S3,1998,9-14,45072294.201717384
S3,1998,0-17,
S3,1998,18-29,
S3,1998,30-65,
S3,1998,66+,36701491.14201908
S3,1998,15-26,95221137.501778
S3,1998,27-45,138596394.75063527
S3,1998,46-65,95017325.61928023
S3,1999,00-04,
S3,1999,05-09,
S3,1999,10-14,
S3,1999,15-19,
S3,1999,20-24,
S3,1999,25-29,
S3,1999,30-34,
S3,1999,35-39,
S3,1999,40-44,
S3,1999,45-49,
S3,1999,50-54,
S3,1999,55-59,
S3,1999,60-64,
S3,1999,65-69,
S3,1999,70-74,
S3,1999,75+,
S3,1999,0-8,65823832.7030886
S3,1999,9-14,45937942.77700334
S3,1999,0-17,
S3,1999,18-29,
S3,1999,30-65,
S3,1999,66+,37406371.913691655
S3,1999,15-26,97049933.73847768
S3,1999,27-45,141258246.64392284
S3,1999,46-65,96842207.48976377
S3,2000,00-04,
S3,2000,05-09,
S3,2000,10-14,
S3,2000,15-19,
S3,2000,20-24,
S3,2000,25-29,
S3,2000,30-34,
S3,2000,35-39,
S3,2000,40-44,
S3,2000,45-49,
S3,2000,50-54,
S3,2000,55-59,
S3,2000,60-64,
S3,2000,65-69,
S3,2000,70-74,
S3,2000,75+,
S3,2000,0-8,67064388.929708764
S3,2000,9-14,46803717.35453653
S3,2000,0-17,
S3,2000,18-29,
S3,2000,30-65,
S3,2000,66+,38111355.28653954
S3,2000,15-26,98878996.17146322
S3,2000,27-45,143920485.99157694
S3,2000,46-65,98667354.98676494
S3,2001,00-04,
S3,2001,05-09,
S3,2001,10-14,
S3,2001,15-19,
S3,2001,20-24,
S3,2001,25-29,
S3,2001,30-34,
S3,2001,35-39,
S3,2001,40-44,
S3,2001,45-49,
S3,2001,50-54,
S3,2001,55-59,
S3,2001,60-64,
S3,2001,65-69,
S3,2001,70-74,
S3,2001,75+,
S3,2001,0-8,68324352.48449181
S3,2001,9-14,47683036.1560079
S3,2001,0-17,
S3,2001,18-29,
S3,2001,30-65,
S3,2001,66+,38827367.45709336
S3,2001,15-26,100736672.55527629
S3,2001,27-45,146624373.5544102
S3,2001,46-65,100521055.18912517
S3,2002,00-04,
S3,2002,05-09,
S3,2002,10-14,
S3,2002,15-19,
S3,2002,20-24,
S3,2002,25-29,
S3,2002,30-34,
S3,2002,35-39,
S3,2002,40-44,
S3,2002,45-49,
S3,2002,50-54,
S3,2002,55-59,
S3,2002,60-64,
S3,2002,65-69,
S3,2002,70-74,
S3,2002,75+,
S3,2002,0-8,69605352.6635666
S3,2002,9-14,48577036.25456047
S3,2002,0-17,
S3,2002,18-29,
S3,2002,30-65,
S3,2002,66+,39555334.321862824
S3,2002,15-26,102625365.10617895
S3,2002,27-45,149373405.809382
S3,2002,46-65,102405705.17138858
S3,2003,00-04,
S3,2003,05-09,
S3,2003,10-14,
S3,2003,15-19,
S3,2003,20-24,
S3,2003,25-29,
S3,2003,30-34,
S3,2003,35-39,
S3,2003,40-44,
S3,2003,45-49,
S3,2003,50-54,
S3,2003,55-59,
S3,2003,60-64,
S3,2003,65-69,
S3,2003,70-74,
S3,2003,75+,
S3,2003,0-8,70836054.90295745
S3,2003,9-14,49435933.810764536
S3,2003,0-17,
S3,2003,18-29,
S3,2003,30-65,
S3,2003,66+,40254717.870209575
S3,2003,15-26,104439898.92895763
S3,2003,27-45,152014498.45528233
S3,2003,46-65,104216355.15530558
S3,2004,00-04,
S3,2004,05-09,
S3,2004,10-14,
S3,2004,15-19,
S3,2004,20-24,
S3,2004,25-29,
S3,2004,30-34,
S3,2004,35-39,
S3,2004,40-44,
S3,2004,45-49,
S3,2004,50-54,
S3,2004,55-59,
S3,2004,60-64,
S3,2004,65-69,
S3,2004,70-74,
S3,2004,75+,
S3,2004,0-8,72056579.4433668
S3,2004,9-14,50287728.429716006
S3,2004,0-17,
S3,2004,18-29,
S3,2004,30-65,
S3,2004,66+,40948317.63511961
S3,2004,15-26,106239426.86448836
S3,2004,27-45,154633749.712525
S3,2004,46-65,106012031.37066408
S3,2005,00-04,
S3,2005,05-09,
S3,2005,10-14,
S3,2005,15-19,
S3,2005,20-24,
S3,2005,25-29,
S3,2005,30-34,
S3,2005,35-39,
S3,2005,40-44,
S3,2005,45-49,
S3,2005,50-54,
S3,2005,55-59,
S3,2005,60-64,
S3,2005,65-69,
S3,2005,70-74,
S3,2005,75+,
S3,2005,0-8,73289214.2763841
S3,2005,9-14,51147974.72803636
S3,2005,0-17,
S3,2005,18-29,
S3,2005,30-65,
S3,2005,66+,41648799.43789764
S3,2005,15-26,108056810.08201802
S3,2005,27-45,157278989.71320468
S3,2005,46-65,107825524.65047081
S3,2006,00-04,
S3,2006,05-09,
S3,2006,10-14,
S3,2006,15-19,
S3,2006,20-24,
S3,2006,25-29,
S3,2006,30-34,
S3,2006,35-39,
S3,2006,40-44,
S3,2006,45-49,
S3,2006,50-54,
S3,2006,55-59,
S3,2006,60-64,
S3,2006,65-69,
S3,2006,70-74,
S3,2006,75+,
S3,2006,0-8,74449045.6470119
S3,2006,9-14,51957412.05410646
S3,2006,0-17,
S3,2006,18-29,
S3,2006,30-65,
S3,2006,66+,42307908.48435144
S3,2006,15-26,109766852.67669594
S3,2006,27-45,159767993.14994642
S3,2006,46-65,109531907.05992605
S3,2007,00-04,
S3,2007,05-09,
S3,2007,10-14,
S3,2007,15-19,
S3,2007,20-24,
S3,2007,25-29,
S3,2007,30-34,
S3,2007,35-39,
S3,2007,40-44,
S3,2007,45-49,
S3,2007,50-54,
S3,2007,55-59,
S3,2007,60-64,
S3,2007,65-69,
S3,2007,70-74,
S3,2007,75+,
S3,2007,0-8,75625658.59543888
S3,2007,9-14,52778561.11328274
S3,2007,0-17,
S3,2007,18-29,
S3,2007,30-65,
S3,2007,66+,42976554.16692442
S3,2007,15-26,111501637.84479377
S3,2007,27-45,162293009.9295532
S3,2007,46-65,111262979.08365157
S3,2008,00-04,
S3,2008,05-09,
S3,2008,10-14,
S3,2008,15-19,
S3,2008,20-24,
S3,2008,25-29,
S3,2008,30-34,
S3,2008,35-39,
S3,2008,40-44,
S3,2008,45-49,
S3,2008,50-54,
S3,2008,55-59,
S3,2008,60-64,
S3,2008,65-69,
S3,2008,70-74,
S3,2008,75+,
S3,2008,0-8,76738504.17291887
S3,2008,9-14,53555207.41840619
S3,2008,0-17,
S3,2008,18-29,
S3,2008,30-65,
S3,2008,66+,43608962.12380364
S3,2008,15-26,113142405.10370982
S3,2008,27-45,164681181.63886935
S3,2008,46-65,112900234.43468083
S3,2009,00-04,
S3,2009,05-09,
S3,2009,10-14,
S3,2009,15-19,
S3,2009,20-24,
S3,2009,25-29,
S3,2009,30-34,
S3,2009,35-39,
S3,2009,40-44,
S3,2009,45-49,
S3,2009,50-54,
S3,2009,55-59,
S3,2009,60-64,
S3,2009,65-69,
S3,2009,70-74,
S3,2009,75+,
S3,2009,0-8,77847563.70152278
S3,2009,9-14,54329211.469356954
S3,2009,0-17,
S3,2009,18-29,
S3,2009,30-65,
S3,2009,66+,44239218.54458232
S3,2009,15-26,114777590.25387475
S3,2009,27-45,167061228.4699461
S3,2009,46-65,114531919.62493736
S3,2010,00-04,
S3,2010,05-09,
S3,2010,10-14,
S3,2010,15-19,
S3,2010,20-24,
S3,2010,25-29,
S3,2010,30-34,
S3,2010,35-39,
S3,2010,40-44,
S3,2010,45-49,
S3,2010,50-54,
S3,2010,55-59,
S3,2010,60-64,
S3,2010,65-69,
S3,2010,70-74,
S3,2010,75+,
S3,2010,0-8,79007495.95038293
S3,2010,9-14,55138719.19756372
S3,2010,0-17,
S3,2010,18-29,
S3,2010,30-65,
S3,2010,66+,44898384.91812463
S3,2010,15-26,116487781.58230707
S3,2010,27-45,169550448.39183682
S3,2010,46-65,116238450.44979641
S3,2011,00-04,
S3,2011,05-09,
S3,2011,10-14,
S3,2011,15-19,
S3,2011,20-24,
S3,2011,25-29,
S3,2011,30-34,
S3,2011,35-39,
S3,2011,40-44,
S3,2011,45-49,
S3,2011,50-54,
S3,2011,55-59,
S3,2011,60-64,
S3,2011,65-69,
S3,2011,70-74,
S3,2011,75+,
S3,2011,0-8,80166285.92890364
S3,2011,9-14,55947429.74415198
S3,2011,0-17,
S3,2011,18-29,
S3,2011,30-65,
S3,2011,66+,45556902.16220427
S3,2011,15-26,118196288.75993562
S3,2011,27-45,172037216.99634415
S3,2011,46-65,117943300.72861792
S3,2012,00-04,
S3,2012,05-09,
S3,2012,10-14,
S3,2012,15-19,
S3,2012,20-24,
S3,2012,25-29,
S3,2012,30-34,
S3,2012,35-39,
S3,2012,40-44,
S3,2012,45-49,
S3,2012,50-54,
S3,2012,55-59,
S3,2012,60-64,
S3,2012,65-69,
S3,2012,70-74,
S3,2012,75+,
S3,2012,0-8,81301127.86576389
S3,2012,9-14,56739427.13803792
S3,2012,0-17,
S3,2012,18-29,
S3,2012,30-65,
S3,2012,66+,46201810.21161753
S3,2012,15-26,119869487.20878208
S3,2012,27-45,174472592.99369714
S3,2012,46-65,119612917.853668
S3,2013,00-04,
S3,2013,05-09,
S3,2013,10-14,
S3,2013,15-19,
S3,2013,20-24,
S3,2013,25-29,
S3,2013,30-34,
S3,2013,35-39,
S3,2013,40-44,
S3,2013,45-49,
S3,2013,50-54,
S3,2013,55-59,
S3,2013,60-64,
S3,2013,65-69,
S3,2013,70-74,
S3,2013,75+,
S3,2013,0-8,82465120.20473084
S3,2013,9-14,57547528.58889566
S3,2013,0-17,
S3,2013,18-29,
S3,2013,30-65,
S3,2013,66+,46803607.22585154
S3,2013,15-26,121548735.69521604
S3,2013,27-45,176832072.41842884
S3,2013,46-65,121195122.91984251
S3,2014,00-04,
S3,2014,05-09,
S3,2014,10-14,
S3,2014,15-19,
S3,2014,20-24,
S3,2014,25-29,
S3,2014,30-34,
S3,2014,35-39,
S3,2014,40-44,
S3,2014,45-49,
S3,2014,50-54,
S3,2014,55-59,
S3,2014,60-64,
S3,2014,65-69,
S3,2014,70-74,
S3,2014,75+,
S3,2014,0-8,83630336.53850378
S3,2014,9-14,58356495.894919574
S3,2014,0-17,
S3,2014,18-29,
S3,2014,30-65,
S3,2014,66+,47406210.10348091
S3,2014,15-26,123229742.18485738
S3,2014,27-45,179194190.91476604
S3,2014,46-65,122779337.52410412
S3,2015,00-04,
S3,2015,05-09,
S3,2015,10-14,
S3,2015,15-19,
S3,2015,20-24,
S3,2015,25-29,
S3,2015,30-34,
S3,2015,35-39,
S3,2015,40-44,
S3,2015,45-49,
S3,2015,50-54,
S3,2015,55-59,
S3,2015,60-64,
S3,2015,65-69,
S3,2015,70-74,
S3,2015,75+,
S3,2015,0-8,84796337.00105625
S3,2015,9-14,59166092.79981767
S3,2015,0-17,
S3,2015,18-29,
S3,2015,30-65,
S3,2015,66+,48009704.20116274
S3,2015,15-26,124912160.1844691
S3,2015,27-45,181558905.4371085
S3,2015,46-65,124365700.13666399
S3,2016,00-04,
S3,2016,05-09,
S3,2016,10-14,
S3,2016,15-19,
S3,2016,20-24,
S3,2016,25-29,
S3,2016,30-34,
S3,2016,35-39,
S3,2016,40-44,
S3,2016,45-49,
S3,2016,50-54,
S3,2016,55-59,
S3,2016,60-64,
S3,2016,65-69,
S3,2016,70-74,
S3,2016,75+,
S3,2016,0-8,85931568.86573736
S3,2016,9-14,59954298.10150692
S3,2016,0-17,
S3,2016,18-29,
S3,2016,30-65,
S3,2016,66+,48596953.145310685
S3,2016,15-26,126549846.5244567
S3,2016,27-45,183860806.59525108
S3,2016,46-65,125909814.08388777
S3,2017,00-04,
S3,2017,05-09,
S3,2017,10-14,
S3,2017,15-19,
S3,2017,20-24,
S3,2017,25-29,
S3,2017,30-34,
S3,2017,35-39,
S3,2017,40-44,
S3,2017,45-49,
S3,2017,50-54,
S3,2017,55-59,
S3,2017,60-64,
S3,2017,65-69,
S3,2017,70-74,
S3,2017,75+,
S3,2017,0-8,87003766.63534707
S3,2017,9-14,60698699.72085442
S3,2017,0-17,
S3,2017,18-29,
S3,2017,30-65,
S3,2017,66+,49150656.276662245
S3,2017,15-26,128096107.76149228
S3,2017,27-45,186033818.63617224
S3,2017,46-65,127366740.653506
S3,2018,00-04,
S3,2018,05-09,
S3,2018,10-14,
S3,2018,15-19,
S3,2018,20-24,
S3,2018,25-29,
S3,2018,30-34,
S3,2018,35-39,
S3,2018,40-44,
S3,2018,45-49,
S3,2018,50-54,
S3,2018,55-59,
S3,2018,60-64,
S3,2018,65-69,
S3,2018,70-74,
S3,2018,75+,
S3,2018,0-8,88076220.50439915
S3,2018,9-14,61443323.65073389
S3,2018,0-17,
S3,2018,18-29,
S3,2018,30-65,
S3,2018,66+,49704931.13600165
S3,2018,15-26,129642861.34873734
S3,2018,27-45,188208026.95333752
S3,2018,46-65,128824941.44236578
S3,2019,00-04,
S3,2019,05-09,
S3,2019,10-14,
S3,2019,15-19,
S3,2019,20-24,
S3,2019,25-29,
S3,2019,30-34,
S3,2019,35-39,
S3,2019,40-44,
S3,2019,45-49,
S3,2019,50-54,
S3,2019,55-59,
S3,2019,60-64,
S3,2019,65-69,
S3,2019,70-74,
S3,2019,75+,
S3,2019,0-8,89150673.77453354
S3,2019,9-14,62189388.5935542
S3,2019,0-17,
S3,2019,18-29,
S3,2019,30-65,
S3,2019,66+,50260360.6820477
S3,2019,15-26,131192622.28797556
S3,2019,27-45,190386665.25064427
S3,2019,46-65,130286301.93907751
S3,2020,00-04,
S3,2020,05-09,
S3,2020,10-14,
S3,2020,15-19,
S3,2020,20-24,
S3,2020,25-29,
S3,2020,30-34,
S3,2020,35-39,
S3,2020,40-44,
S3,2020,45-49,
S3,2020,50-54,
S3,2020,55-59,
S3,2020,60-64,
S3,2020,65-69,
S3,2020,70-74,
S3,2020,75+,
S3,2020,0-8,90226172.67471282
S3,2020,9-14,62936258.54519291
S3,2020,0-17,
S3,2020,18-29,
S3,2020,30-65,
S3,2020,66+,50817095.2798029
S3,2020,15-26,132744200.73247525
S3,2020,27-45,192568751.22115484
S3,2020,46-65,131750634.54488914
S3,2021,00-04,
S3,2021,05-09,
S3,2021,10-14,
S3,2021,15-19,
S3,2021,20-24,
S3,2021,25-29,
S3,2021,30-34,
S3,2021,35-39,
S3,2021,40-44,
S3,2021,45-49,
S3,2021,50-54,
S3,2021,55-59,
S3,2021,60-64,
S3,2021,65-69,
S3,2021,70-74,
S3,2021,75+,
S3,2021,0-8,91269406.1778245
S3,2021,9-14,63660310.920494
S3,2021,0-17,
S3,2021,18-29,
S3,2021,30-65,
S3,2021,66+,51355748.221016474
S3,2021,15-26,134248485.90226403
S3,2021,27-45,194680691.3630298
S3,2021,46-65,133168462.00350606
S3,2022,00-04,
S3,2022,05-09,
S3,2022,10-14,
S3,2022,15-19,
S3,2022,20-24,
S3,2022,25-29,
S3,2022,30-34,
S3,2022,35-39,
S3,2022,40-44,
S3,2022,45-49,
S3,2022,50-54,
S3,2022,55-59,
S3,2022,60-64,
S3,2022,65-69,
S3,2022,70-74,
S3,2022,75+,
S3,2022,0-8,92246041.47909158
S3,2022,9-14,64337277.25549022
S3,2022,0-17,
S3,2022,18-29,
S3,2022,30-65,
S3,2022,66+,51857091.45994913
S3,2022,15-26,135655328.5332615
S3,2022,27-45,196647678.35152963
S3,2022,46-65,134490087.10627338
S3,2023,00-04,
S3,2023,05-09,
S3,2023,10-14,
S3,2023,15-19,
S3,2023,20-24,
S3,2023,25-29,
S3,2023,30-34,
S3,2023,35-39,
S3,2023,40-44,
S3,2023,45-49,
S3,2023,50-54,
S3,2023,55-59,
S3,2023,60-64,
S3,2023,65-69,
S3,2023,70-74,
S3,2023,75+,
S3,2023,0-8,93223899.13936831
S3,2023,9-14,65015145.8136439
S3,2023,0-17,
S3,2023,18-29,
S3,2023,30-65,
S3,2023,66+,52359546.17607378
S3,2023,15-26,137063968.88779733
S3,2023,27-45,198617885.55483794
S3,2023,46-65,135814426.63989258
S3,2024,00-04,
S3,2024,05-09,
S3,2024,10-14,
S3,2024,15-19,
S3,2024,20-24,
S3,2024,25-29,
S3,2024,30-34,
S3,2024,35-39,
S3,2024,40-44,
S3,2024,45-49,
S3,2024,50-54,
S3,2024,55-59,
S3,2024,60-64,
S3,2024,65-69,
S3,2024,70-74,
S3,2024,75+,
S3,2024,0-8,94203654.95200261
S3,2024,9-14,65694384.78278531
S3,2024,0-17,
S3,2024,18-29,
S3,2024,30-65,
S3,2024,66+,52863310.252564356
S3,2024,15-26,138475502.84352568
S3,2024,27-45,200592506.49423528
S3,2024,46-65,137142062.9025654
S3,2025,00-04,
S3,2025,05-09,
S3,2025,10-14,
S3,2025,15-19,
S3,2025,20-24,
S3,2025,25-29,
S3,2025,30-34,
S3,2025,35-39,
S3,2025,40-44,
S3,2025,45-49,
S3,2025,50-54,
S3,2025,55-59,
S3,2025,60-64,
S3,2025,65-69,
S3,2025,70-74,
S3,2025,75+,
S3,2025,0-8,95184506.76779598
S3,2025,9-14,66374458.73258591
S3,2025,0-17,
S3,2025,18-29,
S3,2025,30-65,
S3,2025,66+,53368041.822749734
S3,2025,15-26,139888899.96601704
S3,2025,27-45,202570270.5135969
S3,2025,46-65,138472175.30027327
S3,2026,00-04,
S3,2026,05-09,
S3,2026,10-14,
S3,2026,15-19,
S3,2026,20-24,
S3,2026,25-29,
S3,2026,30-34,
S3,2026,35-39,
S3,2026,40-44,
S3,2026,45-49,
S3,2026,50-54,
S3,2026,55-59,
S3,2026,60-64,
S3,2026,65-69,
S3,2026,70-74,
S3,2026,75+,
S3,2026,0-8,96126306.2613271
S3,2026,9-14,67027234.44184422
S3,2026,0-17,
S3,2026,18-29,
S3,2026,30-65,
S3,2026,66+,53852651.43030391
S3,2026,15-26,141246216.44052905
S3,2026,27-45,204468129.15935785
S3,2026,46-65,139749665.88080233
S3,2027,00-04,
S3,2027,05-09,
S3,2027,10-14,
S3,2027,15-19,
S3,2027,20-24,
S3,2027,25-29,
S3,2027,30-34,
S3,2027,35-39,
S3,2027,40-44,
S3,2027,45-49,
S3,2027,50-54,
S3,2027,55-59,
S3,2027,60-64,
S3,2027,65-69,
S3,2027,70-74,
S3,2027,75+,
S3,2027,0-8,96988408.89630677
S3,2027,9-14,67624245.18702589
S3,2027,0-17,
S3,2027,18-29,
S3,2027,30-65,
S3,2027,66+,54295558.545351245
S3,2027,15-26,142488908.12008193
S3,2027,27-45,206201857.52998278
S3,2027,46-65,140918523.68880937
S3,2028,00-04,
S3,2028,05-09,
S3,2028,10-14,
S3,2028,15-19,
S3,2028,20-24,
S3,2028,25-29,
S3,2028,30-34,
S3,2028,35-39,
S3,2028,40-44,
S3,2028,45-49,
S3,2028,50-54,
S3,2028,55-59,
S3,2028,60-64,
S3,2028,65-69,
S3,2028,70-74,
S3,2028,75+,
S3,2028,0-8,97851359.74082604
S3,2028,9-14,68221880.39016567
S3,2028,0-17,
S3,2028,18-29,
S3,2028,30-65,
S3,2028,66+,54739332.06105764
S3,2028,15-26,143732918.38672304
S3,2028,27-45,207937906.14789498
S3,2028,46-65,142089429.8923727
S3,2029,00-04,
S3,2029,05-09,
S3,2029,10-14,
S3,2029,15-19,
S3,2029,20-24,
S3,2029,25-29,
S3,2029,30-34,
S3,2029,35-39,
S3,2029,40-44,
S3,2029,45-49,
S3,2029,50-54,
S3,2029,55-59,
S3,2029,60-64,
S3,2029,65-69,
S3,2029,70-74,
S3,2029,75+,
S3,2029,0-8,98716153.53622083
S3,2029,9-14,68820904.49693048
S3,2029,0-17,
S3,2029,18-29,
S3,2029,30-65,
S3,2029,66+,55184541.40901683
S3,2029,15-26,144979959.8668054
S3,2029,27-45,209678848.94250762
S3,2029,46-65,143263997.27142394
S3,2030,00-04,
S3,2030,05-09,
S3,2030,10-14,
S3,2030,15-19,
S3,2030,20-24,
S3,2030,25-29,
S3,2030,30-34,
S3,2030,35-39,
S3,2030,40-44,
S3,2030,45-49,
S3,2030,50-54,
S3,2030,55-59,
S3,2030,60-64,
S3,2030,65-69,
S3,2030,70-74,
S3,2030,75+,
S3,2030,0-8,99582918.95786457
S3,2030,9-14,69421354.629122
S3,2030,0-17,
S3,2030,18-29,
S3,2030,30-65,
S3,2030,66+,55631068.97106261
S3,2030,15-26,146229867.6564774
S3,2030,27-45,211424278.6211377
S3,2030,46-65,144441973.9661474
S3,2031,00-04,
S3,2031,05-09,
S3,2031,10-14,
S3,2031,15-19,
S3,2031,20-24,
S3,2031,25-29,
S3,2031,30-34,
S3,2031,35-39,
S3,2031,40-44,
S3,2031,45-49,
S3,2031,50-54,
S3,2031,55-59,
S3,2031,60-64,
S3,2031,65-69,
S3,2031,70-74,
S3,2031,75+,
S3,2031,0-8,100408167.71940362
S3,2031,9-14,69993085.82614014
S3,2031,0-17,
S3,2031,18-29,
S3,2031,30-65,
S3,2031,66+,56056876.11923322
S3,2031,15-26,147420166.34091395
S3,2031,27-45,213086941.97515145
S3,2031,46-65,145565239.2589547
S3,2032,00-04,
S3,2032,05-09,
S3,2032,10-14,
S3,2032,15-19,
S3,2032,20-24,
S3,2032,25-29,
S3,2032,30-34,
S3,2032,35-39,
S3,2032,40-44,
S3,2032,45-49,
S3,2032,50-54,
S3,2032,55-59,
S3,2032,60-64,
S3,2032,65-69,
S3,2032,70-74,
S3,2032,75+,
S3,2032,0-8,101149928.23545408
S3,2032,9-14,70506988.01340128
S3,2032,0-17,
S3,2032,18-29,
S3,2032,30-65,
S3,2032,66+,56439994.82716037
S3,2032,15-26,148490191.82538664
S3,2032,27-45,214581419.43015724
S3,2032,46-65,146576372.0437648
S3,2033,00-04,
S3,2033,05-09,
S3,2033,10-14,
S3,2033,15-19,
S3,2033,20-24,
S3,2033,25-29,
S3,2033,30-34,
S3,2033,35-39,
S3,2033,40-44,
S3,2033,45-49,
S3,2033,50-54,
S3,2033,55-59,
S3,2033,60-64,
S3,2033,65-69,
S3,2033,70-74,
S3,2033,75+,
S3,2033,0-8,101892532.27708857
S3,2033,9-14,71021599.79859209
S3,2033,0-17,
S3,2033,18-29,
S3,2033,30-65,
S3,2033,66+,56824168.76677175
S3,2033,15-26,149561567.6361222
S3,2033,27-45,216078596.74176675
S3,2033,46-65,147590041.2022536
S3,2034,00-04,
S3,2034,05-09,
S3,2034,10-14,
S3,2034,15-19,
S3,2034,20-24,
S3,2034,25-29,
S3,2034,30-34,
S3,2034,35-39,
S3,2034,40-44,
S3,2034,45-49,
S3,2034,50-54,
S3,2034,55-59,
S3,2034,60-64,
S3,2034,65-69,
S3,2034,70-74,
S3,2034,75+,
S3,2034,0-8,102637116.39860485
S3,2034,9-14,71537641.14674039
S3,2034,0-17,
S3,2034,18-29,
S3,2034,30-65,
S3,2034,66+,57209908.5149174
S3,2034,15-26,150636260.8299682
S3,2034,27-45,217581014.6041606
S3,2034,46-65,148607609.06663412
S3,2035,00-04,
S3,2035,05-09,
S3,2035,10-14,
S3,2035,15-19,
S3,2035,20-24,
S3,2035,25-29,
S3,2035,30-34,
S3,2035,35-39,
S3,2035,40-44,
S3,2035,45-49,
S3,2035,50-54,
S3,2035,55-59,
S3,2035,60-64,
S3,2035,65-69,
S3,2035,70-74,
S3,2035,75+,
S3,2035,0-8,103383101.38196425
S3,2035,9-14,72054735.82223558
S3,2035,0-17,
S3,2035,18-29,
S3,2035,30-65,
S3,2035,66+,57596519.84592138
S3,2035,15-26,151712912.7199856
S3,2035,27-45,219086502.44280776
S3,2035,46-65,149627497.79763916
S3,2036,00-04,
S3,2036,05-09,
S3,2036,10-14,
S3,2036,15-19,
S3,2036,20-24,
S3,2036,25-29,
S3,2036,30-34,
S3,2036,35-39,
S3,2036,40-44,
S3,2036,45-49,
S3,2036,50-54,
S3,2036,55-59,
S3,2036,60-64,
S3,2036,65-69,
S3,2036,70-74,
S3,2036,75+,
S3,2036,0-8,104130885.62986901
S3,2036,9-14,72573164.6018157
S3,2036,0-17,
S3,2036,18-29,
S3,2036,30-65,
S3,2036,66+,57984850.58638044
S3,2036,15-26,152792462.89288965
S3,2036,27-45,220597017.94137323
S3,2036,46-65,150651550.20205355
S3,2037,00-04,
S3,2037,05-09,
S3,2037,10-14,
S3,2037,15-19,
S3,2037,20-24,
S3,2037,25-29,
S3,2037,30-34,
S3,2037,35-39,
S3,2037,40-44,
S3,2037,45-49,
S3,2037,50-54,
S3,2037,55-59,
S3,2037,60-64,
S3,2037,65-69,
S3,2037,70-74,
S3,2037,75+,
S3,2037,0-8,104800928.90320605
S3,2037,9-14,73040145.75224082
S3,2037,0-17,
S3,2037,18-29,
S3,2037,30-65,
S3,2037,66+,58357961.39645225
S3,2037,15-26,153775625.2021191
S3,2037,27-45,222016477.18341994
S3,2037,46-65,151620936.53945085
S3,2038,00-04,
S3,2038,05-09,
S3,2038,10-14,
S3,2038,15-19,
S3,2038,20-24,
S3,2038,25-29,
S3,2038,30-34,
S3,2038,35-39,
S3,2038,40-44,
S3,2038,45-49,
S3,2038,50-54,
S3,2038,55-59,
S3,2038,60-64,
S3,2038,65-69,
S3,2038,70-74,
S3,2038,75+,
S3,2038,0-8,105442304.84281926
S3,2038,9-14,73487147.44012281
S3,2038,0-17,
S3,2038,18-29,
S3,2038,30-65,
S3,2038,66+,58715108.92096649
S3,2038,15-26,154716723.59824795
S3,2038,27-45,223375205.8526539
S3,2038,46-65,152548848.35908607
S3,2039,00-04,
S3,2039,05-09,
S3,2039,10-14,
S3,2039,15-19,
S3,2039,20-24,
S3,2039,25-29,
S3,2039,30-34,
S3,2039,35-39,
S3,2039,40-44,
S3,2039,45-49,
S3,2039,50-54,
S3,2039,55-59,
S3,2039,60-64,
S3,2039,65-69,
S3,2039,70-74,
S3,2039,75+,
S3,2039,0-8,106055263.49617445
S3,2039,9-14,73914343.933987
S3,2039,0-17,
S3,2039,18-29,
S3,2039,30-65,
S3,2039,66+,59056432.39781416
S3,2039,15-26,155616124.9788389
S3,2039,27-45,224673733.66439396
S3,2039,46-65,153435647.41758978
S3,2040,00-04,
S3,2040,05-09,
S3,2040,10-14,
S3,2040,15-19,
S3,2040,20-24,
S3,2040,25-29,
S3,2040,30-34,
S3,2040,35-39,
S3,2040,40-44,
S3,2040,45-49,
S3,2040,50-54,
S3,2040,55-59,
S3,2040,60-64,
S3,2040,65-69,
S3,2040,70-74,
S3,2040,75+,
S3,2040,0-8,106641711.57656848
S3,2040,9-14,74323064.1019892
S3,2040,0-17,
S3,2040,18-29,
S3,2040,30-65,
S3,2040,66+,59382993.57236513
S3,2040,15-26,156476627.08654884
S3,2040,27-45,225916099.91269636
S3,2040,46-65,154284092.25592923
S3,2041,00-04,
S3,2041,05-09,
S3,2041,10-14,
S3,2041,15-19,
S3,2041,20-24,
S3,2041,25-29,
S3,2041,30-34,
S3,2041,35-39,
S3,2041,40-44,
S3,2041,45-49,
S3,2041,50-54,
S3,2041,55-59,
S3,2041,60-64,
S3,2041,65-69,
S3,2041,70-74,
S3,2041,75+,
S3,2041,0-8,107203024.20990215
S3,2041,9-14,74714266.32681996
S3,2041,0-17,
S3,2041,18-29,
S3,2041,30-65,
S3,2041,66+,59695558.17775792
S3,2041,15-26,157300247.65964946
S3,2041,27-45,227105217.7454818
S3,2041,46-65,155096172.34002924
S3,2042,00-04,
S3,2042,05-09,
S3,2042,10-14,
S3,2042,15-19,
S3,2042,20-24,
S3,2042,25-29,
S3,2042,30-34,
S3,2042,35-39,
S3,2042,40-44,
S3,2042,45-49,
S3,2042,50-54,
S3,2042,55-59,
S3,2042,60-64,
S3,2042,65-69,
S3,2042,70-74,
S3,2042,75+,
S3,2042,0-8,107737269.67813204
S3,2042,9-14,75086604.31347103
S3,2042,0-17,
S3,2042,18-29,
S3,2042,30-65,
S3,2042,66+,59993050.54483403
S3,2042,15-26,158084152.2657271
S3,2042,27-45,228236994.89716297
S3,2042,46-65,155869092.95325956
S3,2043,00-04,
S3,2043,05-09,
S3,2043,10-14,
S3,2043,15-19,
S3,2043,20-24,
S3,2043,25-29,
S3,2043,30-34,
S3,2043,35-39,
S3,2043,40-44,
S3,2043,45-49,
S3,2043,50-54,
S3,2043,55-59,
S3,2043,60-64,
S3,2043,65-69,
S3,2043,70-74,
S3,2043,75+,
S3,2043,0-8,108243255.86307007
S3,2043,9-14,75439247.22497259
S3,2043,0-17,
S3,2043,18-29,
S3,2043,30-65,
S3,2043,66+,60274806.847538486
S3,2043,15-26,158826591.69586182
S3,2043,27-45,229308905.91416508
S3,2043,46-65,156601129.3964402
S3,2044,00-04,
S3,2044,05-09,
S3,2044,10-14,
S3,2044,15-19,
S3,2044,20-24,
S3,2044,25-29,
S3,2044,30-34,
S3,2044,35-39,
S3,2044,40-44,
S3,2044,45-49,
S3,2044,50-54,
S3,2044,55-59,
S3,2044,60-64,
S3,2044,65-69,
S3,2044,70-74,
S3,2044,75+,
S3,2044,0-8,108720419.27937311
S3,2044,9-14,75771802.34484759
S3,2044,0-17,
S3,2044,18-29,
S3,2044,30-65,
S3,2044,66+,60540513.311401285
S3,2044,15-26,159526739.14143795
S3,2044,27-45,230319757.07585913
S3,2044,46-65,157291466.4461152
S3,2045,00-04,
S3,2045,05-09,
S3,2045,10-14,
S3,2045,15-19,
S3,2045,20-24,
S3,2045,25-29,
S3,2045,30-34,
S3,2045,35-39,
S3,2045,40-44,
S3,2045,45-49,
S3,2045,50-54,
S3,2045,55-59,
S3,2045,60-64,
S3,2045,65-69,
S3,2045,70-74,
S3,2045,75+,
S3,2045,0-8,109172697.701564
S3,2045,9-14,76087014.07267421
S3,2045,0-17,
S3,2045,18-29,
S3,2045,30-65,
S3,2045,66+,60792362.669788525
S3,2045,15-26,160190372.54493633
S3,2045,27-45,231277890.39635321
S3,2045,46-65,157945801.08481377
S3,2046,00-04,
S3,2046,05-09,
S3,2046,10-14,
S3,2046,15-19,
S3,2046,20-24,
S3,2046,25-29,
S3,2046,30-34,
S3,2046,35-39,
S3,2046,40-44,
S3,2046,45-49,
S3,2046,50-54,
S3,2046,55-59,
S3,2046,60-64,
S3,2046,65-69,
S3,2046,70-74,
S3,2046,75+,
S3,2046,0-8,109598138.46167639
S3,2046,9-14,76383521.51256771
S3,2046,0-17,
S3,2046,18-29,
S3,2046,30-65,
S3,2046,66+,61029267.587664366
S3,2046,15-26,160814626.73387742
S3,2046,27-45,232179169.22850567
S3,2046,46-65,158561308.28656644
S3,2047,00-04,
S3,2047,05-09,
S3,2047,10-14,
S3,2047,15-19,
S3,2047,20-24,
S3,2047,25-29,
S3,2047,30-34,
S3,2047,35-39,
S3,2047,40-44,
S3,2047,45-49,
S3,2047,50-54,
S3,2047,55-59,
S3,2047,60-64,
S3,2047,65-69,
S3,2047,70-74,
S3,2047,75+,
S3,2047,0-8,109996986.60622665
S3,2047,9-14,76661495.44768302
S3,2047,0-17,
S3,2047,18-29,
S3,2047,30-65,
S3,2047,66+,61251364.51816197
S3,2047,15-26,161399861.2678725
S3,2047,27-45,233024112.69332924
S3,2047,46-65,159138342.5728712
S3,2048,00-04,
S3,2048,05-09,
S3,2048,10-14,
S3,2048,15-19,
S3,2048,20-24,
S3,2048,25-29,
S3,2048,30-34,
S3,2048,35-39,
S3,2048,40-44,
S3,2048,45-49,
S3,2048,50-54,
S3,2048,55-59,
S3,2048,60-64,
S3,2048,65-69,
S3,2048,70-74,
S3,2048,75+,
S3,2048,0-8,110368582.28022689
S3,2048,9-14,76920475.99751139
S3,2048,0-17,
S3,2048,18-29,
S3,2048,30-65,
S3,2048,66+,61458286.02377599
S3,2048,15-26,161945107.9340025
S3,2048,27-45,233811322.91504723
S3,2048,46-65,159675949.29731125
S3,2049,00-04,
S3,2049,05-09,
S3,2049,10-14,
S3,2049,15-19,
S3,2049,20-24,
S3,2049,25-29,
S3,2049,30-34,
S3,2049,35-39,
S3,2049,40-44,
S3,2049,45-49,
S3,2049,50-54,
S3,2049,55-59,
S3,2049,60-64,
S3,2049,65-69,
S3,2049,70-74,
S3,2049,75+,
S3,2049,0-8,110714143.28241561
S3,2049,9-14,77161311.8968713
S3,2049,0-17,
S3,2049,18-29,
S3,2049,30-65,
S3,2049,66+,61650710.23066895
S3,2049,15-26,162452153.62255853
S3,2049,27-45,234543379.7504286
S3,2049,46-65,160175890.3124501
S3,2050,00-04,
S3,2050,05-09,
S3,2050,10-14,
S3,2050,15-19,
S3,2050,20-24,
S3,2050,25-29,
S3,2050,30-34,
S3,2050,35-39,
S3,2050,40-44,
S3,2050,45-49,
S3,2050,50-54,
S3,2050,55-59,
S3,2050,60-64,
S3,2050,65-69,
S3,2050,70-74,
S3,2050,75+,
S3,2050,0-8,111035881.92464113
S3,2050,9-14,77385544.99831629
S3,2050,0-17,
S3,2050,18-29,
S3,2050,30-65,
S3,2050,66+,61829869.055492766
S3,2050,15-26,162924244.48451653
S3,2050,27-45,235224969.891549
S3,2050,46-65,160641366.28452107
S3,2051,00-04,
S3,2051,05-09,
S3,2051,10-14,
S3,2051,15-19,
S3,2051,20-24,
S3,2051,25-29,
S3,2051,30-34,
S3,2051,35-39,
S3,2051,40-44,
S3,2051,45-49,
S3,2051,50-54,
S3,2051,55-59,
S3,2051,60-64,
S3,2051,65-69,
S3,2051,70-74,
S3,2051,75+,
S3,2051,0-8,111335312.81874186
S3,2051,9-14,77594230.89811435
S3,2051,0-17,
S3,2051,18-29,
S3,2051,30-65,
S3,2051,66+,61996605.903550506
S3,2051,15-26,163363602.9274907
S3,2051,27-45,235859301.98157758
S3,2051,46-65,161074568.48098576
S3,2052,00-04,
S3,2052,05-09,
S3,2052,10-14,
S3,2052,15-19,
S3,2052,20-24,
S3,2052,25-29,
S3,2052,30-34,
S3,2052,35-39,
S3,2052,40-44,
S3,2052,45-49,
S3,2052,50-54,
S3,2052,55-59,
S3,2052,60-64,
S3,2052,65-69,
S3,2052,70-74,
S3,2052,75+,
S3,2052,0-8,111611342.2435865
S3,2052,9-14,77786607.33631541
S3,2052,0-17,
S3,2052,18-29,
S3,2052,30-65,
S3,2052,66+,62150311.740778685
S3,2052,15-26,163768624.1217101
S3,2052,27-45,236444059.01707667
S3,2052,46-65,161473914.55878672
S3,2053,00-04,
S3,2053,05-09,
S3,2053,10-14,
S3,2053,15-19,
S3,2053,20-24,
S3,2053,25-29,
S3,2053,30-34,
S3,2053,35-39,
S3,2053,40-44,
S3,2053,45-49,
S3,2053,50-54,
S3,2053,55-59,
S3,2053,60-64,
S3,2053,65-69,
S3,2053,70-74,
S3,2053,75+,
S3,2053,0-8,111864030.34572768
S3,2053,9-14,77962716.23156476
S3,2053,0-17,
S3,2053,18-29,
S3,2053,30-65,
S3,2053,66+,62291020.05953543
S3,2053,15-26,164139396.32091245
S3,2053,27-45,236979368.4160551
S3,2053,46-65,161839491.53505954
S3,2054,00-04,
S3,2054,05-09,
S3,2054,10-14,
S3,2054,15-19,
S3,2054,20-24,
S3,2054,25-29,
S3,2054,30-34,
S3,2054,35-39,
S3,2054,40-44,
S3,2054,45-49,
S3,2054,50-54,
S3,2054,55-59,
S3,2054,60-64,
S3,2054,65-69,
S3,2054,70-74,
S3,2054,75+,
S3,2054,0-8,112094846.18781687
S3,2054,9-14,78123581.4349991
S3,2054,0-17,
S3,2054,18-29,
S3,2054,30-65,
S3,2054,66+,62419548.901247844
S3,2054,15-26,164478075.09785917
S3,2054,27-45,237468342.3275944
S3,2054,46-65,162173424.77889583
S3,2055,00-04,
S3,2055,05-09,
S3,2055,10-14,
S3,2055,15-19,
S3,2055,20-24,
S3,2055,25-29,
S3,2055,30-34,
S3,2055,35-39,
S3,2055,40-44,
S3,2055,45-49,
S3,2055,50-54,
S3,2055,55-59,
S3,2055,60-64,
S3,2055,65-69,
S3,2055,70-74,
S3,2055,75+,
S3,2055,0-8,112299043.46347183
S3,2055,9-14,78265895.04740821
S3,2055,0-17,
S3,2055,18-29,
S3,2055,30-65,
S3,2055,66+,62533255.304947235
S3,2055,15-26,164777696.14184266
S3,2055,27-45,237900925.89594465
S3,2055,46-65,162468847.5628122
S3,2056,00-04,
S3,2056,05-09,
S3,2056,10-14,
S3,2056,15-19,
S3,2056,20-24,
S3,2056,25-29,
S3,2056,30-34,
S3,2056,35-39,
S3,2056,40-44,
S3,2056,45-49,
S3,2056,50-54,
S3,2056,55-59,
S3,2056,60-64,
S3,2056,65-69,
S3,2056,70-74,
S3,2056,75+,
S3,2056,0-8,112482808.75247751
S3,2056,9-14,78393968.75470877
S3,2056,0-17,
S3,2056,18-29,
S3,2056,30-65,
S3,2056,66+,62635584.24185689
S3,2056,15-26,165047337.09353104
S3,2056,27-45,238290225.1370926
S3,2056,46-65,162734710.332485
S3,2057,00-04,
S3,2057,05-09,
S3,2057,10-14,
S3,2057,15-19,
S3,2057,20-24,
S3,2057,25-29,
S3,2057,30-34,
S3,2057,35-39,
S3,2057,40-44,
S3,2057,45-49,
S3,2057,50-54,
S3,2057,55-59,
S3,2057,60-64,
S3,2057,65-69,
S3,2057,70-74,
S3,2057,75+,
S3,2057,0-8,112644095.99076
S3,2057,9-14,78506376.56936671
S3,2057,0-17,
S3,2057,18-29,
S3,2057,30-65,
S3,2057,66+,62725396.369706675
S3,2057,15-26,165283995.73924714
S3,2057,27-45,238631905.54806682
S3,2057,46-65,162968052.940954
S3,2058,00-04,
S3,2058,05-09,
S3,2058,10-14,
S3,2058,15-19,
S3,2058,20-24,
S3,2058,25-29,
S3,2058,30-34,
S3,2058,35-39,
S3,2058,40-44,
S3,2058,45-49,
S3,2058,50-54,
S3,2058,55-59,
S3,2058,60-64,
S3,2058,65-69,
S3,2058,70-74,
S3,2058,75+,
S3,2058,0-8,112785201.42501973
S3,2058,9-14,78604718.84164065
S3,2058,0-17,
S3,2058,18-29,
S3,2058,30-65,
S3,2058,66+,62803970.34392175
S3,2058,15-26,165491041.38855374
S3,2058,27-45,238930831.6334903
S3,2058,46-65,163172197.48735413
S3,2059,00-04,
S3,2059,05-09,
S3,2059,10-14,
S3,2059,15-19,
S3,2059,20-24,
S3,2059,25-29,
S3,2059,30-34,
S3,2059,35-39,
S3,2059,40-44,
S3,2059,45-49,
S3,2059,50-54,
S3,2059,55-59,
S3,2059,60-64,
S3,2059,65-69,
S3,2059,70-74,
S3,2059,75+,
S3,2059,0-8,112903306.54725485
S3,2059,9-14,78687031.23555192
S3,2059,0-17,
S3,2059,18-29,
S3,2059,30-65,
S3,2059,66+,62869736.69004338
S3,2059,15-26,165664338.41178963
S3,2059,27-45,239181032.49955502
S3,2059,46-65,163343066.2900529
S3,2060,00-04,
S3,2060,05-09,
S3,2060,10-14,
S3,2060,15-19,
S3,2060,20-24,
S3,2060,25-29,
S3,2060,30-34,
S3,2060,35-39,
S3,2060,40-44,
S3,2060,45-49,
S3,2060,50-54,
S3,2060,55-59,
S3,2060,60-64,
S3,2060,65-69,
S3,2060,70-74,
S3,2060,75+,
S3,2060,0-8,112999005.79463011
S3,2060,9-14,78753728.03919493
S3,2060,0-17,
S3,2060,18-29,
S3,2060,30-65,
S3,2060,66+,62923026.41793443
S3,2060,15-26,165804759.03353897
S3,2060,27-45,239383767.43705714
S3,2060,46-65,163481519.35211068
S3,2061,00-04,
S3,2061,05-09,
S3,2061,10-14,
S3,2061,15-19,
S3,2061,20-24,
S3,2061,25-29,
S3,2061,30-34,
S3,2061,35-39,
S3,2061,40-44,
S3,2061,45-49,
S3,2061,50-54,
S3,2061,55-59,
S3,2061,60-64,
S3,2061,65-69,
S3,2061,70-74,
S3,2061,75+,
S3,2061,0-8,113071709.0551261
S3,2061,9-14,78804397.97884971
S3,2061,0-17,
S3,2061,18-29,
S3,2061,30-65,
S3,2061,66+,62963510.92617144
S3,2061,15-26,165911437.3755538
S3,2061,27-45,239537786.31784388
S3,2061,46-65,163586702.927879
S3,2062,00-04,
S3,2062,05-09,
S3,2062,10-14,
S3,2062,15-19,
S3,2062,20-24,
S3,2062,25-29,
S3,2062,30-34,
S3,2062,35-39,
S3,2062,40-44,
S3,2062,45-49,
S3,2062,50-54,
S3,2062,55-59,
S3,2062,60-64,
S3,2062,65-69,
S3,2062,70-74,
S3,2062,75+,
S3,2062,0-8,113118167.87426098
S3,2062,9-14,78836777.07087308
S3,2062,0-17,
S3,2062,18-29,
S3,2062,30-65,
S3,2062,66+,62989381.326386094
S3,2062,15-26,165979606.9426883
S3,2062,27-45,239636207.4240914
S3,2062,46-65,163653917.30986473
S3,2063,00-04,
S3,2063,05-09,
S3,2063,10-14,
S3,2063,15-19,
S3,2063,20-24,
S3,2063,25-29,
S3,2063,30-34,
S3,2063,35-39,
S3,2063,40-44,
S3,2063,45-49,
S3,2063,50-54,
S3,2063,55-59,
S3,2063,60-64,
S3,2063,65-69,
S3,2063,70-74,
S3,2063,75+,
S3,2063,0-8,113142373.27990958
S3,2063,9-14,78853646.8293291
S3,2063,0-17,
S3,2063,18-29,
S3,2063,30-65,
S3,2063,66+,63002860.00585227
S3,2063,15-26,166015123.81668773
S3,2063,27-45,239687485.58495432
S3,2063,46-65,163688936.52498192
S3,2064,00-04,
S3,2064,05-09,
S3,2064,10-14,
S3,2064,15-19,
S3,2064,20-24,
S3,2064,25-29,
S3,2064,30-34,
S3,2064,35-39,
S3,2064,40-44,
S3,2064,45-49,
S3,2064,50-54,
S3,2064,55-59,
S3,2064,60-64,
S3,2064,65-69,
S3,2064,70-74,
S3,2064,75+,
S3,2064,0-8,113144047.11116132
S3,2064,9-14,78854813.3922582
S3,2064,0-17,
S3,2064,18-29,
S3,2064,30-65,
S3,2064,66+,63003792.07182328
S3,2064,15-26,166017579.84880415
S3,2064,27-45,239691031.52793226
S3,2064,46-65,163691358.1434224
S3,2065,00-04,
S3,2065,05-09,
S3,2065,10-14,
S3,2065,15-19,
S3,2065,20-24,
S3,2065,25-29,
S3,2065,30-34,
S3,2065,35-39,
S3,2065,40-44,
S3,2065,45-49,
S3,2065,50-54,
S3,2065,55-59,
S3,2065,60-64,
S3,2065,65-69,
S3,2065,70-74,
S3,2065,75+,
S3,2065,0-8,113122061.72152613
S3,2065,9-14,78839490.85571027
S3,2065,0-17,
S3,2065,18-29,
S3,2065,30-65,
S3,2065,66+,62991549.59904151
S3,2065,15-26,165985320.43019167
S3,2065,27-45,239644456.38010305
S3,2065,46-65,163659550.74055335
S3,2066,00-04,
S3,2066,05-09,
S3,2066,10-14,
S3,2066,15-19,
S3,2066,20-24,
S3,2066,25-29,
S3,2066,30-34,
S3,2066,35-39,
S3,2066,40-44,
S3,2066,45-49,
S3,2066,50-54,
S3,2066,55-59,
S3,2066,60-64,
S3,2066,65-69,
S3,2066,70-74,
S3,2066,75+,
S3,2066,0-8,113074206.96172842
S3,2066,9-14,78806138.87431906
S3,2066,0-17,
S3,2066,18-29,
S3,2066,30-65,
S3,2066,66+,62964901.875074215
S3,2066,15-26,165915102.58304286
S3,2066,27-45,239543078.03071302
S3,2066,46-65,163590316.77884766
S3,2067,00-04,
S3,2067,05-09,
S3,2067,10-14,
S3,2067,15-19,
S3,2067,20-24,
S3,2067,25-29,
S3,2067,30-34,
S3,2067,35-39,
S3,2067,40-44,
S3,2067,45-49,
S3,2067,50-54,
S3,2067,55-59,
S3,2067,60-64,
S3,2067,65-69,
S3,2067,70-74,
S3,2067,75+,
S3,2067,0-8,113005932.78523505
S3,2067,9-14,78758555.7483451
S3,2067,0-17,
S3,2067,18-29,
S3,2067,30-65,
S3,2067,66+,62926883.68384382
S3,2067,15-26,165814923.0876385
S3,2067,27-45,239398441.983053
S3,2067,46-65,163491540.98850194
S3,2068,00-04,
S3,2068,05-09,
S3,2068,10-14,
S3,2068,15-19,
S3,2068,20-24,
S3,2068,25-29,
S3,2068,30-34,
S3,2068,35-39,
S3,2068,40-44,
S3,2068,45-49,
S3,2068,50-54,
S3,2068,55-59,
S3,2068,60-64,
S3,2068,65-69,
S3,2068,70-74,
S3,2068,75+,
S3,2068,0-8,112911475.80070184
S3,2068,9-14,78692724.72957622
S3,2068,0-17,
S3,2068,18-29,
S3,2068,30-65,
S3,2068,66+,62874285.704849675
S3,2068,15-26,165676325.2526449
S3,2068,27-45,239198338.7285217
S3,2068,46-65,163354885.17249435
S3,2069,00-04,
S3,2069,05-09,
S3,2069,10-14,
S3,2069,15-19,
S3,2069,20-24,
S3,2069,25-29,
S3,2069,30-34,
S3,2069,35-39,
S3,2069,40-44,
S3,2069,45-49,
S3,2069,50-54,
S3,2069,55-59,
S3,2069,60-64,
S3,2069,65-69,
S3,2069,70-74,
S3,2069,75+,
S3,2069,0-8,112791219.72961813
S3,2069,9-14,78608913.24954952
S3,2069,0-17,
S3,2069,18-29,
S3,2069,30-65,
S3,2069,66+,62807321.611807376
S3,2069,15-26,165499872.11707836
S3,2069,27-45,238943581.16538426
S3,2069,46-65,163180904.4805951
S3,2070,00-04,
S3,2070,05-09,
S3,2070,10-14,
S3,2070,15-19,
S3,2070,20-24,
S3,2070,25-29,
S3,2070,30-34,
S3,2070,35-39,
S3,2070,40-44,
S3,2070,45-49,
S3,2070,50-54,
S3,2070,55-59,
S3,2070,60-64,
S3,2070,65-69,
S3,2070,70-74,
S3,2070,75+,
S3,2070,0-8,112646364.25917624
S3,2070,9-14,78507957.42039028
S3,2070,0-17,
S3,2070,18-29,
S3,2070,30-65,
S3,2070,66+,62726659.44554056
S3,2070,15-26,165287323.9959475
S3,2070,27-45,238636710.78184068
S3,2070,46-65,162971334.5624548
S3,2071,00-04,
S3,2071,05-09,
S3,2071,10-14,
S3,2071,15-19,
S3,2071,20-24,
S3,2071,25-29,
S3,2071,30-34,
S3,2071,35-39,
S3,2071,40-44,
S3,2071,45-49,
S3,2071,50-54,
S3,2071,55-59,
S3,2071,60-64,
S3,2071,65-69,
S3,2071,70-74,
S3,2071,75+,
S3,2071,0-8,112477137.27047202
S3,2071,9-14,78390016.06195459
S3,2071,0-17,
S3,2071,18-29,
S3,2071,30-65,
S3,2071,66+,62632426.10068959
S3,2071,15-26,165039015.26184177
S3,2071,27-45,238278210.3346627
S3,2071,46-65,162726505.10546806
S3,2072,00-04,
S3,2072,05-09,
S3,2072,10-14,
S3,2072,15-19,
S3,2072,20-24,
S3,2072,25-29,
S3,2072,30-34,
S3,2072,35-39,
S3,2072,40-44,
S3,2072,45-49,
S3,2072,50-54,
S3,2072,55-59,
S3,2072,60-64,
S3,2072,65-69,
S3,2072,70-74,
S3,2072,75+,
S3,2072,0-8,112286053.70036775
S3,2072,9-14,78256841.93881135
S3,2072,0-17,
S3,2072,18-29,
S3,2072,30-65,
S3,2072,66+,62526022.00938664
S3,2072,15-26,164758636.1109491
S3,2072,27-45,237873407.61462793
S3,2072,46-65,162450054.5991631
S3,2073,00-04,
S3,2073,05-09,
S3,2073,10-14,
S3,2073,15-19,
S3,2073,20-24,
S3,2073,25-29,
S3,2073,30-34,
S3,2073,35-39,
S3,2073,40-44,
S3,2073,45-49,
S3,2073,50-54,
S3,2073,55-59,
S3,2073,60-64,
S3,2073,65-69,
S3,2073,70-74,
S3,2073,75+,
S3,2073,0-8,112070296.52763036
S3,2073,9-14,78106471.75117315
S3,2073,0-17,
S3,2073,18-29,
S3,2073,30-65,
S3,2073,66+,62405878.52507417
S3,2073,15-26,164442053.09516135
S3,2073,27-45,237416334.87758693
S3,2073,46-65,162137907.51289296
S3,2074,00-04,
S3,2074,05-09,
S3,2074,10-14,
S3,2074,15-19,
S3,2074,20-24,
S3,2074,25-29,
S3,2074,30-34,
S3,2074,35-39,
S3,2074,40-44,
S3,2074,45-49,
S3,2074,50-54,
S3,2074,55-59,
S3,2074,60-64,
S3,2074,65-69,
S3,2074,70-74,
S3,2074,75+,
S3,2074,0-8,111834786.95670721
S3,2074,9-14,77942335.2920187
S3,2074,0-17,
S3,2074,18-29,
S3,2074,30-65,
S3,2074,66+,62274735.99998139
S3,2074,15-26,164096487.15515682
S3,2074,27-45,236917417.49368063
S3,2074,46-65,161797183.60823795
S3,2075,00-04,
S3,2075,05-09,
S3,2075,10-14,
S3,2075,15-19,
S3,2075,20-24,
S3,2075,25-29,
S3,2075,30-34,
S3,2075,35-39,
S3,2075,40-44,
S3,2075,45-49,
S3,2075,50-54,
S3,2075,55-59,
S3,2075,60-64,
S3,2075,65-69,
S3,2075,70-74,
S3,2075,75+,
S3,2075,0-8,111577234.55281214
S3,2075,9-14,77762836.26165508
S3,2075,0-17,
S3,2075,18-29,
S3,2075,30-65,
S3,2075,66+,62131319.01502368
S3,2075,15-26,163718577.50926185
S3,2075,27-45,236371803.27058825
S3,2075,46-65,161424569.19446093
S3,2076,00-04,
S3,2076,05-09,
S3,2076,10-14,
S3,2076,15-19,
S3,2076,20-24,
S3,2076,25-29,
S3,2076,30-34,
S3,2076,35-39,
S3,2076,40-44,
S3,2076,45-49,
S3,2076,50-54,
S3,2076,55-59,
S3,2076,60-64,
S3,2076,65-69,
S3,2076,70-74,
S3,2076,75+,
S3,2076,0-8,111297388.45751472
S3,2076,9-14,77567799.82636164
S3,2076,0-17,
S3,2076,18-29,
S3,2076,30-65,
S3,2076,66+,61975487.88072728
S3,2076,15-26,163307956.06997603
S3,2076,27-45,235778960.77499485
S3,2076,46-65,161019701.34166646
S3,2077,00-04,
S3,2077,05-09,
S3,2077,10-14,
S3,2077,15-19,
S3,2077,20-24,
S3,2077,25-29,
S3,2077,30-34,
S3,2077,35-39,
S3,2077,40-44,
S3,2077,45-49,
S3,2077,50-54,
S3,2077,55-59,
S3,2077,60-64,
S3,2077,65-69,
S3,2077,70-74,
S3,2077,75+,
S3,2077,0-8,110999281.46337453
S3,2077,9-14,77360036.60775629
S3,2077,0-17,
S3,2077,18-29,
S3,2077,30-65,
S3,2077,66+,61809488.240856454
S3,2077,15-26,162870540.20085353
S3,2077,27-45,235147433.31283015
S3,2077,46-65,160588414.49990335
S3,2078,00-04,
S3,2078,05-09,
S3,2078,10-14,
S3,2078,15-19,
S3,2078,20-24,
S3,2078,25-29,
S3,2078,30-34,
S3,2078,35-39,
S3,2078,40-44,
S3,2078,45-49,
S3,2078,50-54,
S3,2078,55-59,
S3,2078,60-64,
S3,2078,65-69,
S3,2078,70-74,
S3,2078,75+,
S3,2078,0-8,110682297.10201788
S3,2078,9-14,77139116.9632744
S3,2078,0-17,
S3,2078,18-29,
S3,2078,30-65,
S3,2078,66+,61632976.817561574
S3,2078,15-26,162405425.3506605
S3,2078,27-45,234475914.9210836
S3,2078,46-65,160129816.79241893
S3,2079,00-04,
S3,2079,05-09,
S3,2079,10-14,
S3,2079,15-19,
S3,2079,20-24,
S3,2079,25-29,
S3,2079,30-34,
S3,2079,35-39,
S3,2079,40-44,
S3,2079,45-49,
S3,2079,50-54,
S3,2079,55-59,
S3,2079,60-64,
S3,2079,65-69,
S3,2079,70-74,
S3,2079,75+,
S3,2079,0-8,110347271.478106
S3,2079,9-14,76905623.60918532
S3,2079,0-17,
S3,2079,18-29,
S3,2079,30-65,
S3,2079,66+,61446419.19224591
S3,2079,15-26,161913838.34551707
S3,2079,27-45,233766176.85324842
S3,2079,46-65,159645117.85516864
S3,2080,00-04,
S3,2080,05-09,
S3,2080,10-14,
S3,2080,15-19,
S3,2080,20-24,
S3,2080,25-29,
S3,2080,30-34,
S3,2080,35-39,
S3,2080,40-44,
S3,2080,45-49,
S3,2080,50-54,
S3,2080,55-59,
S3,2080,60-64,
S3,2080,65-69,
S3,2080,70-74,
S3,2080,75+,
S3,2080,0-8,109994815.24809843
S3,2080,9-14,76659982.13748792
S3,2080,0-17,
S3,2080,18-29,
S3,2080,30-65,
S3,2080,66+,61250155.40641893
S3,2080,15-26,161396675.20876807
S3,2080,27-45,233019512.76003328
S3,2080,46-65,159135201.1565078
S3,2081,00-04,
S3,2081,05-09,
S3,2081,10-14,
S3,2081,15-19,
S3,2081,20-24,
S3,2081,25-29,
S3,2081,30-34,
S3,2081,35-39,
S3,2081,40-44,
S3,2081,45-49,
S3,2081,50-54,
S3,2081,55-59,
S3,2081,60-64,
S3,2081,65-69,
S3,2081,70-74,
S3,2081,75+,
S3,2081,0-8,109625658.95607753
S3,2081,9-14,76402701.69487403
S3,2081,0-17,
S3,2081,18-29,
S3,2081,30-65,
S3,2081,66+,61044592.260514885
S3,2081,15-26,160855007.87626517
S3,2081,27-45,232237470.26916677
S3,2081,46-65,158601123.61243057
S3,2082,00-04,
S3,2082,05-09,
S3,2082,10-14,
S3,2082,15-19,
S3,2082,20-24,
S3,2082,25-29,
S3,2082,30-34,
S3,2082,35-39,
S3,2082,40-44,
S3,2082,45-49,
S3,2082,50-54,
S3,2082,55-59,
S3,2082,60-64,
S3,2082,65-69,
S3,2082,70-74,
S3,2082,75+,
S3,2082,0-8,109241684.04027194
S3,2082,9-14,76135093.53424841
S3,2082,0-17,
S3,2082,18-29,
S3,2082,30-65,
S3,2082,66+,60830777.42558636
S3,2082,15-26,160291597.00426358
S3,2082,27-45,231424035.13050795
S3,2082,46-65,158045607.19715276
S3,2083,00-04,
S3,2083,05-09,
S3,2083,10-14,
S3,2083,15-19,
S3,2083,20-24,
S3,2083,25-29,
S3,2083,30-34,
S3,2083,35-39,
S3,2083,40-44,
S3,2083,45-49,
S3,2083,50-54,
S3,2083,55-59,
S3,2083,60-64,
S3,2083,65-69,
S3,2083,70-74,
S3,2083,75+,
S3,2083,0-8,108845158.76909804
S3,2083,9-14,75858738.50663465
S3,2083,0-17,
S3,2083,18-29,
S3,2083,30-65,
S3,2083,66+,60609973.9774676
S3,2083,15-26,159709770.84946373
S3,2083,27-45,230584012.5778305
S3,2083,46-65,157471933.53217518
S3,2084,00-04,
S3,2084,05-09,
S3,2084,10-14,
S3,2084,15-19,
S3,2084,20-24,
S3,2084,25-29,
S3,2084,30-34,
S3,2084,35-39,
S3,2084,40-44,
S3,2084,45-49,
S3,2084,50-54,
S3,2084,55-59,
S3,2084,60-64,
S3,2084,65-69,
S3,2084,70-74,
S3,2084,75+,
S3,2084,0-8,108433909.08121169
S3,2084,9-14,75572121.41785365
S3,2084,0-17,
S3,2084,18-29,
S3,2084,30-65,
S3,2084,66+,60380971.29914079
S3,2084,15-26,159106339.38630077
S3,2084,27-45,229712796.95118624
S3,2084,46-65,156876957.29025197
S3,2085,00-04,
S3,2085,05-09,
S3,2085,10-14,
S3,2085,15-19,
S3,2085,20-24,
S3,2085,25-29,
S3,2085,30-34,
S3,2085,35-39,
S3,2085,40-44,
S3,2085,45-49,
S3,2085,50-54,
S3,2085,55-59,
S3,2085,60-64,
S3,2085,65-69,
S3,2085,70-74,
S3,2085,75+,
S3,2085,0-8,108011534.98431565
S3,2085,9-14,75277751.26367544
S3,2085,0-17,
S3,2085,18-29,
S3,2085,30-65,
S3,2085,66+,60145774.03992282
S3,2085,15-26,158486584.94806147
S3,2085,27-45,228818014.719504
S3,2085,46-65,156265886.78914484
S3,2086,00-04,
S3,2086,05-09,
S3,2086,10-14,
S3,2086,15-19,
S3,2086,20-24,
S3,2086,25-29,
S3,2086,30-34,
S3,2086,35-39,
S3,2086,40-44,
S3,2086,45-49,
S3,2086,50-54,
S3,2086,55-59,
S3,2086,60-64,
S3,2086,65-69,
S3,2086,70-74,
S3,2086,75+,
S3,2086,0-8,107575307.98749594
S3,2086,9-14,74973726.44479047
S3,2086,0-17,
S3,2086,18-29,
S3,2086,30-65,
S3,2086,66+,59902862.850996144
S3,2086,15-26,157846503.988207
S3,2086,27-45,227893885.68649063
S3,2086,46-65,155634774.5796082
S3,2087,00-04,
S3,2087,05-09,
S3,2087,10-14,
S3,2087,15-19,
S3,2087,20-24,
S3,2087,25-29,
S3,2087,30-34,
S3,2087,35-39,
S3,2087,40-44,
S3,2087,45-49,
S3,2087,50-54,
S3,2087,55-59,
S3,2087,60-64,
S3,2087,65-69,
S3,2087,70-74,
S3,2087,75+,
S3,2087,0-8,107129251.01657432
S3,2087,9-14,74662850.70627475
S3,2087,0-17,
S3,2087,18-29,
S3,2087,30-65,
S3,2087,66+,59654477.88187331
S3,2087,15-26,157191999.39271256
S3,2087,27-45,226948932.25579548
S3,2087,46-65,154989440.83696976
S3,2088,00-04,
S3,2088,05-09,
S3,2088,10-14,
S3,2088,15-19,
S3,2088,20-24,
S3,2088,25-29,
S3,2088,30-34,
S3,2088,35-39,
S3,2088,40-44,
S3,2088,45-49,
S3,2088,50-54,
S3,2088,55-59,
S3,2088,60-64,
S3,2088,65-69,
S3,2088,70-74,
S3,2088,75+,
S3,2088,0-8,106677117.0812704
S3,2088,9-14,74347739.67739606
S3,2088,0-17,
S3,2088,18-29,
S3,2088,30-65,
S3,2088,66+,59402708.98040828
S3,2088,15-26,156528577.9965085
S3,2088,27-45,225991105.02485606
S3,2088,46-65,154335315.23494038
S3,2089,00-04,
S3,2089,05-09,
S3,2089,10-14,
S3,2089,15-19,
S3,2089,20-24,
S3,2089,25-29,
S3,2089,30-34,
S3,2089,35-39,
S3,2089,40-44,
S3,2089,45-49,
S3,2089,50-54,
S3,2089,55-59,
S3,2089,60-64,
S3,2089,65-69,
S3,2089,70-74,
S3,2089,75+,
S3,2089,0-8,106214249.75712894
S3,2089,9-14,74025148.10141426
S3,2089,0-17,
S3,2089,18-29,
S3,2089,30-65,
S3,2089,66+,59144963.236008614
S3,2089,15-26,155849407.37368673
S3,2089,27-45,225010539.54910412
S3,2089,46-65,153665661.08287978
S3,2090,00-04,
S3,2090,05-09,
S3,2090,10-14,
S3,2090,15-19,
S3,2090,20-24,
S3,2090,25-29,
S3,2090,30-34,
S3,2090,35-39,
S3,2090,40-44,
S3,2090,45-49,
S3,2090,50-54,
S3,2090,55-59,
S3,2090,60-64,
S3,2090,65-69,
S3,2090,70-74,
S3,2090,75+,
S3,2090,0-8,105743189.12091948
S3,2090,9-14,73696846.26394999
S3,2090,0-17,
S3,2090,18-29,
S3,2090,30-65,
S3,2090,66+,58882655.07985963
S3,2090,15-26,155158214.6085146
S3,2090,27-45,224012616.87718192
S3,2090,46-65,152984153.24152365
S3,2091,00-04,
S3,2091,05-09,
S3,2091,10-14,
S3,2091,15-19,
S3,2091,20-24,
S3,2091,25-29,
S3,2091,30-34,
S3,2091,35-39,
S3,2091,40-44,
S3,2091,45-49,
S3,2091,50-54,
S3,2091,55-59,
S3,2091,60-64,
S3,2091,65-69,
S3,2091,70-74,
S3,2091,75+,
S3,2091,0-8,105263443.18735796
S3,2091,9-14,73362491.27990457
S3,2091,0-17,
S3,2091,18-29,
S3,2091,30-65,
S3,2091,66+,58615510.55200207
S3,2091,15-26,154454277.80524704
S3,2091,27-45,222996294.758408
S3,2091,46-65,152290079.93025774
S3,2092,00-04,
S3,2092,05-09,
S3,2092,10-14,
S3,2092,15-19,
S3,2092,20-24,
S3,2092,25-29,
S3,2092,30-34,
S3,2092,35-39,
S3,2092,40-44,
S3,2092,45-49,
S3,2092,50-54,
S3,2092,55-59,
S3,2092,60-64,
S3,2092,65-69,
S3,2092,70-74,
S3,2092,75+,
S3,2092,0-8,104778445.71637277
S3,2092,9-14,73024476.28002857
S3,2092,0-17,
S3,2092,18-29,
S3,2092,30-65,
S3,2092,66+,58345441.72737089
S3,2092,15-26,153742635.3598725
S3,2092,27-45,221968847.47260717
S3,2092,46-65,151588408.94757056
S3,2093,00-04,
S3,2093,05-09,
S3,2093,10-14,
S3,2093,15-19,
S3,2093,20-24,
S3,2093,25-29,
S3,2093,30-34,
S3,2093,35-39,
S3,2093,40-44,
S3,2093,45-49,
S3,2093,50-54,
S3,2093,55-59,
S3,2093,60-64,
S3,2093,65-69,
S3,2093,70-74,
S3,2093,75+,
S3,2093,0-8,104290558.91313075
S3,2093,9-14,72684447.58379143
S3,2093,0-17,
S3,2093,18-29,
S3,2093,30-65,
S3,2093,66+,58073763.99008926
S3,2093,15-26,153026753.36358127
S3,2093,27-45,220935279.25471365
S3,2093,46-65,150882557.8181295
S3,2094,00-04,
S3,2094,05-09,
S3,2094,10-14,
S3,2094,15-19,
S3,2094,20-24,
S3,2094,25-29,
S3,2094,30-34,
S3,2094,35-39,
S3,2094,40-44,
S3,2094,45-49,
S3,2094,50-54,
S3,2094,55-59,
S3,2094,60-64,
S3,2094,65-69,
S3,2094,70-74,
S3,2094,75+,
S3,2094,0-8,103794514.34510903
S3,2094,9-14,72338733.40046227
S3,2094,0-17,
S3,2094,18-29,
S3,2094,30-65,
S3,2094,66+,57797543.63541793
S3,2094,15-26,152298901.38389027
S3,2094,27-45,219884429.14612478
S3,2094,46-65,150164904.42749766
S3,2095,00-04,
S3,2095,05-09,
S3,2095,10-14,
S3,2095,15-19,
S3,2095,20-24,
S3,2095,25-29,
S3,2095,30-34,
S3,2095,35-39,
S3,2095,40-44,
S3,2095,45-49,
S3,2095,50-54,
S3,2095,55-59,
S3,2095,60-64,
S3,2095,65-69,
S3,2095,70-74,
S3,2095,75+,
S3,2095,0-8,103294418.60265994
S3,2095,9-14,71990195.78442362
S3,2095,0-17,
S3,2095,18-29,
S3,2095,30-65,
S3,2095,66+,57519067.40111535
S3,2095,15-26,151565105.06871587
S3,2095,27-45,218824996.79037228
S3,2095,46-65,149441389.99281588
S3,2096,00-04,
S3,2096,05-09,
S3,2096,10-14,
S3,2096,15-19,
S3,2096,20-24,
S3,2096,25-29,
S3,2096,30-34,
S3,2096,35-39,
S3,2096,40-44,
S3,2096,45-49,
S3,2096,50-54,
S3,2096,55-59,
S3,2096,60-64,
S3,2096,65-69,
S3,2096,70-74,
S3,2096,75+,
S3,2096,0-8,102790607.4251915
S3,2096,9-14,71639068.72649562
S3,2096,0-17,
S3,2096,18-29,
S3,2096,30-65,
S3,2096,66+,57238522.242274806
S3,2096,15-26,150825857.052407
S3,2096,27-45,217757693.43764648
S3,2096,46-65,148712500.24569005
S3,2097,00-04,
S3,2097,05-09,
S3,2097,10-14,
S3,2097,15-19,
S3,2097,20-24,
S3,2097,25-29,
S3,2097,30-34,
S3,2097,35-39,
S3,2097,40-44,
S3,2097,45-49,
S3,2097,50-54,
S3,2097,55-59,
S3,2097,60-64,
S3,2097,65-69,
S3,2097,70-74,
S3,2097,75+,
S3,2097,0-8,102285481.1332141
S3,2097,9-14,71287025.11032313
S3,2097,0-17,
S3,2097,18-29,
S3,2097,30-65,
S3,2097,66+,56957244.767389126
S3,2097,15-26,150084679.35324165
S3,2097,27-45,216687604.06867594
S3,2097,46-65,147981707.85423094
S3,2098,00-04,
S3,2098,05-09,
S3,2098,10-14,
S3,2098,15-19,
S3,2098,20-24,
S3,2098,25-29,
S3,2098,30-34,
S3,2098,35-39,
S3,2098,40-44,
S3,2098,45-49,
S3,2098,50-54,
S3,2098,55-59,
S3,2098,60-64,
S3,2098,65-69,
S3,2098,70-74,
S3,2098,75+,
S3,2098,0-8,101777948.57365143
S3,2098,9-14,70933304.46574086
S3,2098,0-17,
S3,2098,18-29,
S3,2098,30-65,
S3,2098,66+,56674627.37240645
S3,2098,15-26,149339970.90958604
S3,2098,27-45,215612417.12034214
S3,2098,46-65,147247434.19071952
S3,2099,00-04,
S3,2099,05-09,
S3,2099,10-14,
S3,2099,15-19,
S3,2099,20-24,
S3,2099,25-29,
S3,2099,30-34,
S3,2099,35-39,
S3,2099,40-44,
S3,2099,45-49,
S3,2099,50-54,
S3,2099,55-59,
S3,2099,60-64,
S3,2099,65-69,
S3,2099,70-74,
S3,2099,75+,
S3,2099,0-8,101266245.0871994
S3,2099,9-14,70576676.92795536
S3,2099,0-17,
S3,2099,18-29,
S3,2099,30-65,
S3,2099,66+,56389687.41413207
S3,2099,15-26,148589142.41626284
S3,2099,27-45,214528394.23415685
S3,2099,46-65,146507126.23106375
S3,2100,00-04,
S3,2100,05-09,
S3,2100,10-14,
S3,2100,15-19,
S3,2100,20-24,
S3,2100,25-29,
S3,2100,30-34,
S3,2100,35-39,
S3,2100,40-44,
S3,2100,45-49,
S3,2100,50-54,
S3,2100,55-59,
S3,2100,60-64,
S3,2100,65-69,
S3,2100,70-74,
S3,2100,75+,
S3,2100,0-8,100755110.35736138
S3,2100,9-14,70220445.78041577
S3,2100,0-17,
S3,2100,18-29,
S3,2100,30-65,
S3,2100,66+,56105064.16561261
S3,2100,15-26,147839148.4661524
S3,2100,27-45,213445576.23557264
S3,2100,46-65,145767641.12108484
