scheme,year,band,females
S0,1950,00-04,12084545.13035202
S0,1950,05-09,12510734.03589012
S0,1950,10-14,12916479.067334838
S0,1950,15-19,13170079.44375792
S0,1950,20-24,13793015.848257871
S0,1950,25-29,14026939.13044419
S0,1950,30-34,13238219.97707701
S0,1950,35-39,12321652.866708392
S0,1950,40-44,11378309.50744978
S0,1950,45-49,10288087.31673958
S0,1950,50-54,9208367.002163108
S0,1950,55-59,7815988.436399868
S0,1950,60-64,6291495.556088196
S0,1950,65-69,4789143.956427046
S0,1950,70-74,3640156.3865312524
S0,1950,75+,5083615.136902594
S0,1950,0-8,
S0,1950,9-14,
S0,1950,0-17,
S0,1950,18-29,
S0,1950,30-65,
S0,1950,66+,
S0,1950,15-26,
S0,1950,27-45,
S0,1950,46-65,
S0,1951,00-04,12337893.023822628
S0,1951,05-09,12773016.81770563
S0,1951,10-14,13187268.13944873
S0,1951,15-19,13446185.151331158
S0,1951,20-24,14082181.180677893
S0,1951,25-29,14321008.57552516
S0,1951,30-34,13515754.22502064
S0,1951,35-39,12579971.63371073
S0,1951,40-44,11616851.43963461
S0,1951,45-49,10503773.155256681
S0,1951,50-54,9401416.914852237
S0,1951,55-59,7979847.661914206
S0,1951,60-64,6423394.368060129
S0,1951,65-69,4889546.538386121
S0,1951,70-74,3716470.880993684
S0,1951,75+,5190191.195186723
S0,1951,0-8,
S0,1951,9-14,
S0,1951,0-17,
S0,1951,18-29,
S0,1951,30-65,
S0,1951,66+,
S0,1951,15-26,
S0,1951,27-45,
S0,1951,46-65,
S0,1952,00-04,12605221.03635909
S0,1952,05-09,13049772.75920868
S0,1952,10-14,13472999.761184897
S0,1952,15-19,13737526.78849417
S0,1952,20-24,14387303.092493791
S0,1952,25-29,14631305.216339
S0,1952,30-34,13808603.231567338
S0,1952,35-39,12852544.82008149
S0,1952,40-44,11868556.47559922
S0,1952,45-49,10731360.863814931
S0,1952,50-54,9605119.613037521
S0,1952,55-59,8152748.886757397
S0,1952,60-64,6562571.555513109
S0,1952,65-69,4995489.486326051
S0,1952,70-74,3796996.52441978
S0,1952,75+,5302648.281191153
S0,1952,0-8,
S0,1952,9-14,
S0,1952,0-17,
S0,1952,18-29,
S0,1952,30-65,
S0,1952,66+,
S0,1952,15-26,
S0,1952,27-45,
S0,1952,46-65,
S0,1953,00-04,12886248.344545648
S0,1953,05-09,13340711.13310855
S0,1953,10-14,13773373.77645703
S0,1953,15-19,14043798.30593726
S0,1953,20-24,14708061.05845768
S0,1953,25-29,14957503.09167522
S0,1953,30-34,14116459.363942202
S0,1953,35-39,13139086.09244127
S0,1953,40-44,12133160.203592341
S0,1953,45-49,10970611.36549495
S0,1953,50-54,9819261.110586505
S0,1953,55-59,8334510.481207645
S0,1953,60-64,6708880.915238565
S0,1953,65-69,5106861.509027366
S0,1953,70-74,3881648.7260252545
S0,1953,75+,5420868.260707964
S0,1953,0-8,
S0,1953,9-14,
S0,1953,0-17,
S0,1953,18-29,
S0,1953,30-65,
S0,1953,66+,
S0,1953,15-26,
S0,1953,27-45,
S0,1953,46-65,
S0,1954,00-04,13172071.403194502
S0,1954,05-09,13636614.390492992
S0,1954,10-14,14078873.69508674
S0,1954,15-19,14355296.368020602
S0,1954,20-24,15034292.78130833
S0,1954,25-29,15289267.556328097
S0,1954,30-34,14429569.08252076
S0,1954,35-39,13430517.21144355
S0,1954,40-44,12402279.41251517
S0,1954,45-49,11213944.693543129
S0,1954,50-54,10037056.94761051
S0,1954,55-59,8519373.849845735
S0,1954,60-64,6857687.054312866
S0,1954,65-69,5220134.103003419
S0,1954,70-74,3967745.5233093565
S0,1954,75+,5541105.672356475
S0,1954,0-8,
S0,1954,9-14,
S0,1954,0-17,
S0,1954,18-29,
S0,1954,30-65,
S0,1954,66+,
S0,1954,15-26,
S0,1954,27-45,
S0,1954,46-65,
S0,1955,00-04,13478850.57389355
S0,1955,05-09,13954212.824771412
S0,1955,10-14,14406772.40322067
S0,1955,15-19,14689632.99436567
S0,1955,20-24,15384443.318024812
S0,1955,25-29,15645356.487062916
S0,1955,30-34,14765635.529564679
S0,1955,35-39,13743315.61695376
S0,1955,40-44,12691130.032625431
S0,1955,45-49,11475118.85120188
S0,1955,50-54,10270821.24423438
S0,1955,55-59,8717791.11957728
S0,1955,60-64,7017403.433236036
S0,1955,65-69,5341711.671332484
S0,1955,70-74,4060154.806855338
S0,1955,75+,5670158.7081993455
S0,1955,0-8,
S0,1955,9-14,
S0,1955,0-17,
S0,1955,18-29,
S0,1955,30-65,
S0,1955,66+,
S0,1955,15-26,
S0,1955,27-45,
S0,1955,46-65,
S0,1956,00-04,13793843.23131214
S0,1956,05-09,14280314.413016083
S0,1956,10-14,14743450.03750684
S0,1956,15-19,15032920.9110936
S0,1956,20-24,15743968.53548187
S0,1956,25-29,16010979.08886446
S0,1956,30-34,15110699.579977129
S0,1956,35-39,14064488.6638834
S0,1956,40-44,12987714.133228509
S0,1956,45-49,11743285.49948679
S0,1956,50-54,10510844.17941394
S0,1956,55-59,8921520.671776224
S0,1956,60-64,7181395.94457781
S0,1956,65-69,5466544.270766136
S0,1956,70-74,4155038.1906521195
S0,1956,75+,5802666.917982469
S0,1956,0-8,
S0,1956,9-14,
S0,1956,0-17,
S0,1956,18-29,
S0,1956,30-65,
S0,1956,66+,
S0,1956,15-26,
S0,1956,27-45,
S0,1956,46-65,
S0,1957,00-04,14119583.23940236
S0,1957,05-09,14617542.38164106
S0,1957,10-14,15091614.90018946
S0,1957,15-19,15387921.59488298
S0,1957,20-24,16115760.5264535
S0,1957,25-29,16389076.503086193
S0,1957,30-34,15467536.998011379
S0,1957,35-39,14396619.932474202
S0,1957,40-44,13294417.49616276
S0,1957,45-49,12020601.824564729
S0,1957,50-54,10759056.545657553
S0,1957,55-59,9132201.34771755
S0,1957,60-64,7350983.776906929
S0,1957,65-69,5595636.079707594
S0,1957,70-74,4253158.935620849
S0,1957,75+,5939696.224254255
S0,1957,0-8,
S0,1957,9-14,
S0,1957,0-17,
S0,1957,18-29,
S0,1957,30-65,
S0,1957,66+,
S0,1957,15-26,
S0,1957,27-45,
S0,1957,46-65,
S0,1958,00-04,14437916.99214083
S0,1958,05-09,14947102.89651348
S0,1958,10-14,15431863.64015612
S0,1958,15-19,15734850.73188999
S0,1958,20-24,16479099.191599369
S0,1958,25-29,16758577.226916768
S0,1958,30-34,15816261.107973602
S0,1958,35-39,14721199.62949137
S0,1958,40-44,13594147.43438186
S0,1958,45-49,12291612.889417548
S0,1958,50-54,11001625.37988113
S0,1958,55-59,9338091.838710913
S0,1958,60-64,7516715.740262064
S0,1958,65-69,5721792.765922043
S0,1958,70-74,4349048.737891432
S0,1958,75+,6073609.935242327
S0,1958,0-8,
S0,1958,9-14,
S0,1958,0-17,
S0,1958,18-29,
S0,1958,30-65,
S0,1958,66+,
S0,1958,15-26,
S0,1958,27-45,
S0,1958,46-65,
S0,1959,00-04,14780374.65817149
S0,1959,05-09,15301638.10922085
S0,1959,10-14,15797897.051179878
S0,1959,15-19,16108070.79264508
S0,1959,20-24,16869972.32451146
S0,1959,25-29,17156079.39057712
S0,1959,30-34,16191412.16801339
S0,1959,35-39,15070376.568867818
S0,1959,40-44,13916591.45484473
S0,1959,45-49,12583161.66782884
S0,1959,50-54,11262576.52346982
S0,1959,55-59,9559585.087217994
S0,1959,60-64,7695007.174547718
S0,1959,65-69,5857509.836271966
S0,1959,70-74,4452205.244542814
S0,1959,75+,6217671.871873206
S0,1959,0-8,
S0,1959,9-14,
S0,1959,0-17,
S0,1959,18-29,
S0,1959,30-65,
S0,1959,66+,
S0,1959,15-26,
S0,1959,27-45,
S0,1959,46-65,
S0,1960,00-04,15126738.83676859
S0,1960,05-09,15660217.60652475
S0,1960,10-14,16168105.91003776
S0,1960,15-19,16485548.281403722
S0,1960,20-24,17265304.25907138
S0,1960,25-29,17558115.97513546
S0,1960,30-34,16570842.68351799
S0,1960,35-39,15423536.669484008
S0,1960,40-44,14242713.68649356
S0,1960,45-49,12878036.226561528
S0,1960,50-54,11526504.411406131
S0,1960,55-59,9783604.972575417
S0,1960,60-64,7875332.430229751
S0,1960,65-69,5994775.070069211
S0,1960,70-74,4556538.486976503
S0,1960,75+,6363377.164228363
S0,1960,0-8,
S0,1960,9-14,
S0,1960,0-17,
S0,1960,18-29,
S0,1960,30-65,
S0,1960,66+,
S0,1960,15-26,
S0,1960,27-45,
S0,1960,46-65,
S0,1961,00-04,15485055.376196422
S0,1961,05-09,16031170.99178564
S0,1961,10-14,16551089.96372589
S0,1961,15-19,16876051.79141375
S0,1961,20-24,17674278.33742604
S0,1961,25-29,17974026.06804924
S0,1961,30-34,16963366.61546614
S0,1961,35-39,15788883.645113321
S0,1961,40-44,14580089.76836264
S0,1961,45-49,13183086.33849388
S0,1961,50-54,11799539.942525081
S0,1961,55-59,10015355.35279492
S0,1961,60-64,8061880.363243878
S0,1961,65-69,6136777.0627614
S0,1961,70-74,4664472.068698335
S0,1961,75+,6514110.465646787
S0,1961,0-8,
S0,1961,9-14,
S0,1961,0-17,
S0,1961,18-29,
S0,1961,30-65,
S0,1961,66+,
S0,1961,15-26,
S0,1961,27-45,
S0,1961,46-65,
S0,1962,00-04,15855414.62140102
S0,1962,05-09,16414591.796169098
S0,1962,10-14,16946945.77678949
S0,1962,15-19,17279679.78315536
S0,1962,20-24,18096997.67717392
S0,1962,25-29,18403914.53574459
S0,1962,30-34,17369082.93376168
S0,1962,35-39,16166509.61333661
S0,1962,40-44,14928804.765528668
S0,1962,45-49,13498388.91812154
S0,1962,50-54,12081751.959253978
S0,1962,55-59,10254894.6607795
S0,1962,60-64,8254698.009272487
S0,1962,65-69,6283551.618340128
S0,1962,70-74,4776033.203784531
S0,1962,75+,6669909.781608221
S0,1962,0-8,
S0,1962,9-14,
S0,1962,0-17,
S0,1962,18-29,
S0,1962,30-65,
S0,1962,66+,
S0,1962,15-26,
S0,1962,27-45,
S0,1962,46-65,
S0,1963,00-04,16226515.550757352
S0,1963,05-09,16798780.441878892
S0,1963,10-14,17343594.33361935
S0,1963,15-19,17684116.0832855
S0,1963,20-24,18520563.55778443
S0,1963,25-29,18834663.901250985
S0,1963,30-34,17775611.74254388
S0,1963,35-39,16544891.818104649
S0,1963,40-44,15278218.10191591
S0,1963,45-49,13814322.925016992
S0,1963,50-54,12364529.135845758
S0,1963,55-59,10494913.67194618
S0,1963,60-64,8447901.793338913
S0,1963,65-69,6430620.105724686
S0,1963,70-74,4887817.752021372
S0,1963,75+,6826021.1024270905
S0,1963,0-8,
S0,1963,9-14,
S0,1963,0-17,
S0,1963,18-29,
S0,1963,30-65,
S0,1963,66+,
S0,1963,15-26,
S0,1963,27-45,
S0,1963,46-65,
S0,1964,00-04,16609707.983762588
S0,1964,05-09,17195487.02555106
S0,1964,10-14,17753166.807079025
S0,1964,15-19,18101730.04644994
S0,1964,20-24,18957930.39653278
S0,1964,25-29,19279448.282875013
S0,1964,30-34,18195386.394130375
S0,1964,35-39,16935602.77078926
S0,1964,40-44,15639016.299664818
S0,1964,45-49,14140550.943312041
S0,1964,50-54,12656519.98179838
S0,1964,55-59,10742753.172149
S0,1964,60-64,8647400.695728209
S0,1964,65-69,6582480.494748875
S0,1964,70-74,5003244.552718327
S0,1964,75+,6987218.965628355
S0,1964,0-8,
S0,1964,9-14,
S0,1964,0-17,
S0,1964,18-29,
S0,1964,30-65,
S0,1964,66+,
S0,1964,15-26,
S0,1964,27-45,
S0,1964,46-65,
S0,1965,00-04,16998461.271460146
S0,1965,05-09,17597950.580074638
S0,1965,10-14,18168682.96004462
S0,1965,15-19,18525404.3865076
S0,1965,20-24,19401644.26415757
S0,1965,25-29,19730687.33610158
S0,1965,30-34,18621252.778329335
S0,1965,35-39,17331983.68625873
S0,1965,40-44,16005050.368944902
S0,1965,45-49,14471513.15375194
S0,1965,50-54,12952748.17307928
S0,1965,55-59,10994189.297256019
S0,1965,60-64,8849794.70854221
S0,1965,65-69,6736544.668305706
S0,1965,70-74,5120346.416936863
S0,1965,75+,7150756.117961566
S0,1965,0-8,
S0,1965,9-14,
S0,1965,0-17,
S0,1965,18-29,
S0,1965,30-65,
S0,1965,66+,
S0,1965,15-26,
S0,1965,27-45,
S0,1965,46-65,
S0,1966,00-04,17372406.76147304
S0,1966,05-09,17985084.10632725
S0,1966,10-14,18568371.90505461
S0,1966,15-19,18932940.7693819
S0,1966,20-24,19828456.85945979
S0,1966,25-29,20164738.47910576
S0,1966,30-34,19030897.70934068
S0,1966,35-39,17713266.26407271
S0,1966,40-44,16357142.0263789
S0,1966,45-49,14789868.85613505
S0,1966,50-54,13237692.891618479
S0,1966,55-59,11236048.100732509
S0,1966,60-64,9044479.437115591
S0,1966,65-69,6884740.4641929995
S0,1966,70-74,5232987.815434032
S0,1966,75+,7308064.062356708
S0,1966,0-8,
S0,1966,9-14,
S0,1966,0-17,
S0,1966,18-29,
S0,1966,30-65,
S0,1966,66+,
S0,1966,15-26,
S0,1966,27-45,
S0,1966,46-65,
S0,1967,00-04,17744096.45564626
S0,1967,05-09,18369882.28098117
S0,1967,10-14,18965649.75892054
S0,1967,15-19,19338018.72207971
S0,1967,20-24,20252694.74239746
S0,1967,25-29,20596171.24379347
S0,1967,30-34,19438071.49052992
S0,1967,35-39,18092248.78565993
S0,1967,40-44,16707109.71944581
S0,1967,45-49,15106304.10356376
S0,1967,50-54,13520918.70425352
S0,1967,55-59,11476447.91059298
S0,1967,60-64,9237989.745853744
S0,1967,65-69,7032042.280961009
S0,1967,70-74,5344949.71383054
S0,1967,75+,7464423.0593357375
S0,1967,0-8,
S0,1967,9-14,
S0,1967,0-17,
S0,1967,18-29,
S0,1967,30-65,
S0,1967,66+,
S0,1967,15-26,
S0,1967,27-45,
S0,1967,46-65,
S0,1968,00-04,18134822.25049637
S0,1968,05-09,18774387.90759791
S0,1968,10-14,19383274.211956304
S0,1968,15-19,19763842.7562816
S0,1968,20-24,20698659.983336043
S0,1968,25-29,21049699.85260236
S0,1968,30-34,19866098.691152677
S0,1968,35-39,18490640.91033491
S0,1968,40-44,17075001.0201438
S0,1968,45-49,15438945.593248297
S0,1968,50-54,13818649.93678083
S0,1968,55-59,11729159.80511694
S0,1968,60-64,9441410.691816716
S0,1968,65-69,7186888.165422696
S0,1968,70-74,5462645.744766268
S0,1968,75+,7628789.987809478
S0,1968,0-8,
S0,1968,9-14,
S0,1968,0-17,
S0,1968,18-29,
S0,1968,30-65,
S0,1968,66+,
S0,1968,15-26,
S0,1968,27-45,
S0,1968,46-65,
S0,1969,00-04,18527467.62167188
S0,1969,05-09,19180880.80875497
S0,1969,10-14,19802950.39032865
S0,1969,15-19,20191758.79911363
S0,1969,20-24,21146816.18358611
S0,1969,25-29,21505456.57839723
S0,1969,30-34,20296228.72422667
S0,1969,35-39,18890990.27484621
S0,1969,40-44,17444699.71477496
S0,1969,45-49,15773221.29991278
S0,1969,50-54,14117843.877511252
S0,1969,55-59,11983113.23469252
S0,1969,60-64,9645831.013907678
S0,1969,65-69,7342494.784132841
S0,1969,70-74,5580919.998377734
S0,1969,75+,7793964.425970927
S0,1969,0-8,
S0,1969,9-14,
S0,1969,0-17,
S0,1969,18-29,
S0,1969,30-65,
S0,1969,66+,
S0,1969,15-26,
S0,1969,27-45,
S0,1969,46-65,
S0,1970,00-04,18929082.23026723
S0,1970,05-09,19596659.26784193
S0,1970,10-14,20232213.2735487
S0,1970,15-19,20629449.77083996
S0,1970,20-24,21605209.660667367
S0,1970,25-29,21971624.20058725
S0,1970,30-34,20736184.26059514
S0,1970,35-39,19300484.85986637
S0,1970,40-44,17822843.4736024
S0,1970,45-49,16115132.8999224
S0,1970,50-54,14423872.335304629
S0,1970,55-59,12242867.74781742
S0,1970,60-64,9854920.92982776
S0,1970,65-69,7501655.940371681
S0,1970,70-74,5701896.002574263
S0,1970,75+,7962911.960316149
S0,1970,0-8,
S0,1970,9-14,
S0,1970,0-17,
S0,1970,18-29,
S0,1970,30-65,
S0,1970,66+,
S0,1970,15-26,
S0,1970,27-45,
S0,1970,46-65,
S0,1971,00-04,19366560.88212109
S0,1971,05-09,20049566.59705342
S0,1971,10-14,20699809.18122452
S0,1971,15-19,21106226.39236064
S0,1971,20-24,22104537.513987992
S0,1971,25-29,22479420.427439857
S0,1971,30-34,21215427.67158382
S0,1971,35-39,19746547.167267576
S0,1971,40-44,18234755.33706119
S0,1971,45-49,16487577.08552751
S0,1971,50-54,14757229.026717352
S0,1971,55-59,12525818.24758208
S0,1971,60-64,10082682.50168114
S0,1971,65-69,7675030.13186934
S0,1971,70-74,5833675.121385872
S0,1971,75+,8146946.450042222
S0,1971,0-8,
S0,1971,9-14,
S0,1971,0-17,
S0,1971,18-29,
S0,1971,30-65,
S0,1971,66+,
S0,1971,15-26,
S0,1971,27-45,
S0,1971,46-65,
S0,1972,00-04,19786688.59131645
S0,1972,05-09,20484511.063241836
S0,1972,10-14,21148859.65874723
S0,1972,15-19,21564093.46529911
S0,1972,20-24,22584061.409071915
S0,1972,25-29,22967076.82992165
S0,1972,30-34,21675663.69807889
S0,1972,35-39,20174918.09364931
S0,1972,40-44,18630330.2682081
S0,1972,45-49,16845249.67558036
S0,1972,50-54,15077364.380784772
S0,1972,55-59,12797546.5817032
S0,1972,60-64,10301410.76880915
S0,1972,65-69,7841528.089195593
S0,1972,70-74,5960227.717887425
S0,1972,75+,8323681.905027077
S0,1972,0-8,
S0,1972,9-14,
S0,1972,0-17,
S0,1972,18-29,
S0,1972,30-65,
S0,1972,66+,
S0,1972,15-26,
S0,1972,27-45,
S0,1972,46-65,
S0,1973,00-04,20238050.92661961
S0,1973,05-09,20951791.71550347
S0,1973,10-14,21631295.04153078
S0,1973,15-19,22056000.91814416
S0,1973,20-24,23099235.772441737
S0,1973,25-29,23490988.31643434
S0,1973,30-34,22170116.22563847
S0,1973,35-39,20635136.492664065
S0,1973,40-44,19055314.43564569
S0,1973,45-49,17229513.6314841
S0,1973,50-54,15421300.374203809
S0,1973,55-59,13089476.70859686
S0,1973,60-64,10536400.5095163
S0,1973,65-69,8020404.428930266
S0,1973,70-74,6096188.936929649
S0,1973,75+,8513556.854826525
S0,1973,0-8,
S0,1973,9-14,
S0,1973,0-17,
S0,1973,18-29,
S0,1973,30-65,
S0,1973,66+,
S0,1973,15-26,
S0,1973,27-45,
S0,1973,46-65,
S0,1974,00-04,20694516.736262254
S0,1974,05-09,21424355.827707667
S0,1974,10-14,22119185.236122772
S0,1974,15-19,22553470.28182369
S0,1974,20-24,23620235.121500846
S0,1974,25-29,24020823.577747144
S0,1974,30-34,22670159.440743573
S0,1974,35-39,21100558.49996918
S0,1974,40-44,19485103.824129786
S0,1974,45-49,17618122.392182484
S0,1974,50-54,15769125.19125644
S0,1974,55-59,13384707.63796117
S0,1974,60-64,10774047.23778743
S0,1974,65-69,8201303.291898227
S0,1974,70-74,6233687.4455024265
S0,1974,75+,8705578.68720395
S0,1974,0-8,
S0,1974,9-14,
S0,1974,0-17,
S0,1974,18-29,
S0,1974,30-65,
S0,1974,66+,
S0,1974,15-26,
S0,1974,27-45,
S0,1974,46-65,
S0,1975,00-04,21182926.010048375
S0,1975,05-09,21929989.96280255
S0,1975,10-14,22641217.97240724
S0,1975,15-19,23085752.537171107
S0,1975,20-24,24177693.989923477
S0,1975,25-29,24587736.69530715
S0,1975,30-34,23205195.66556479
S0,1975,35-39,21598550.725870896
S0,1975,40-44,19944969.86157704
S0,1975,45-49,18033925.98270378
S0,1975,50-54,16141290.778936416
S0,1975,55-59,13700598.819215057
S0,1975,60-64,11028324.47722276
S0,1975,65-69,8394861.452059412
S0,1975,70-74,6380808.095724357
S0,1975,75+,8911038.201851852
S0,1975,0-8,
S0,1975,9-14,
S0,1975,0-17,
S0,1975,18-29,
S0,1975,30-65,
S0,1975,66+,
S0,1975,15-26,
S0,1975,27-45,
S0,1975,46-65,
S0,1976,00-04,21679039.54699384
S0,1976,05-09,22443600.069379114
S0,1976,10-14,23171485.35490745
S0,1976,15-19,23626431.11664737
S0,1976,20-24,24743946.32328082
S0,1976,25-29,25163592.410972014
S0,1976,30-34,23748671.65616654
S0,1976,35-39,22104398.378287975
S0,1976,40-44,20412089.91560563
S0,1976,45-49,18456288.5401733
S0,1976,50-54,16519326.97919527
S0,1976,55-59,14021472.929583348
S0,1976,60-64,11286612.735435149
S0,1976,65-69,8591472.83639662
S0,1976,70-74,6530249.455781905
S0,1976,75+,9119738.674963053
S0,1976,0-8,
S0,1976,9-14,
S0,1976,0-17,
S0,1976,18-29,
S0,1976,30-65,
S0,1976,66+,
S0,1976,15-26,
S0,1976,27-45,
S0,1976,46-65,
S0,1977,00-04,22187759.901818942
S0,1977,05-09,22970261.601874463
S0,1977,10-14,23715227.4439433
S0,1977,15-19,24180848.96319715
S0,1977,20-24,25324587.782330066
S0,1977,25-29,25754081.28536309
S0,1977,30-34,24305957.99928894
S0,1977,35-39,22623100.20369968
S0,1977,40-44,20891080.029631644
S0,1977,45-49,18889383.81796727
S0,1977,50-54,16906969.51585431
S0,1977,55-59,14350500.821637612
S0,1977,60-64,11551464.39655684
S0,1977,65-69,8793080.343054267
S0,1977,70-74,6683488.293371574
S0,1977,75+,9333742.468100779
S0,1977,0-8,
S0,1977,9-14,
S0,1977,0-17,
S0,1977,18-29,
S0,1977,30-65,
S0,1977,66+,
S0,1977,15-26,
S0,1977,27-45,
S0,1977,46-65,
S0,1978,00-04,22709476.36988107
S0,1978,05-09,23510377.58503016
S0,1978,10-14,24272860.335055046
S0,1978,15-19,24749430.341923386
S0,1978,20-24,25920062.69964444
S0,1978,25-29,26359655.186732166
S0,1978,30-34,24877481.1551356
S0,1978,35-39,23155053.13572697
S0,1978,40-44,21382306.748114802
S0,1978,45-49,19333543.23978308
S0,1978,50-54,17304515.03015937
S0,1978,55-59,14687934.282100368
S0,1978,60-64,11823082.136814753
S0,1978,65-69,8999838.251029862
S0,1978,70-74,6840641.873642048
S0,1978,75+,9553213.346450243
S0,1978,0-8,
S0,1978,9-14,
S0,1978,0-17,
S0,1978,18-29,
S0,1978,30-65,
S0,1978,66+,
S0,1978,15-26,
S0,1978,27-45,
S0,1978,46-65,
S0,1979,00-04,23223137.201101296
S0,1979,05-09,24042153.83103133
S0,1979,10-14,24821883.016719893
S0,1979,15-19,25309232.459532764
S0,1979,20-24,26506343.1023594
S0,1979,25-29,26955878.638711575
S0,1979,30-34,25440179.6269401
S0,1979,35-39,23678792.37334412
S0,1979,40-44,21865948.611042526
S0,1979,45-49,19770844.5552881
S0,1979,50-54,17695922.18677894
S0,1979,55-59,15020157.55353863
S0,1979,60-64,12090505.92497553
S0,1979,65-69,9203403.684313158
S0,1979,70-74,6995368.901851075
S0,1979,75+,9769295.45369204
S0,1979,0-8,
S0,1979,9-14,
S0,1979,0-17,
S0,1979,18-29,
S0,1979,30-65,
S0,1979,66+,
S0,1979,15-26,
S0,1979,27-45,
S0,1979,46-65,
S0,1980,00-04,23779188.44656567
S0,1980,05-09,24617815.485424735
S0,1980,10-14,25416214.38748592
S0,1980,15-19,25915232.8508237
S0,1980,20-24,27141006.92779957
S0,1980,25-29,27601306.07428351
S0,1980,30-34,26049315.39718076
S0,1980,35-39,24245753.756566085
S0,1980,40-44,22389503.540470995
S0,1980,45-49,20244234.63362467
S0,1980,50-54,18119630.6412565
S0,1980,55-59,15379797.908861512
S0,1980,60-64,12379999.14975646
S0,1980,65-69,9423768.574588664
S0,1980,70-74,7162864.944985701
S0,1980,75+,10003209.969947724
S0,1980,0-8,
S0,1980,9-14,
S0,1980,0-17,
S0,1980,18-29,
S0,1980,30-65,
S0,1980,66+,
S0,1980,15-26,
S0,1980,27-45,
S0,1980,46-65,
S0,1981,00-04,24343058.37278555
S0,1981,05-09,25201571.564092167
S0,1981,10-14,26018902.698891692
S0,1981,15-19,26529754.26177941
S0,1981,20-24,27784594.81173014
S0,1981,25-29,28255808.91632336
S0,1981,30-34,26667016.27389878
S0,1981,35-39,24820687.22885768
S0,1981,40-44,22920420.21737248
S0,1981,45-49,20724281.08747615
S0,1981,50-54,18549296.893987365
S0,1981,55-59,15744495.195803571
S0,1981,60-64,12673562.96177897
S0,1981,65-69,9647232.033100171
S0,1981,70-74,7332716.163294851
S0,1981,75+,10240413.57680719
S0,1981,0-8,
S0,1981,9-14,
S0,1981,0-17,
S0,1981,18-29,
S0,1981,30-65,
S0,1981,66+,
S0,1981,15-26,
S0,1981,27-45,
S0,1981,46-65,
S0,1982,00-04,24917139.96070327
S0,1982,05-09,25795899.4418789
S0,1982,10-14,26632505.671390634
S0,1982,15-19,27155404.63078545
S0,1982,20-24,28439838.04636826
S0,1982,25-29,28922164.77852337
S0,1982,30-34,27295903.688664295
S0,1982,35-39,25406032.72322176
S0,1982,40-44,23460951.7739513
S0,1982,45-49,21213021.163310353
S0,1982,50-54,18986744.385283776
S0,1982,55-59,16115797.135952331
S0,1982,60-64,12972443.202636758
S0,1982,65-69,9874742.405862719
S0,1982,70-74,7505643.380340034
S0,1982,75+,10481912.931451958
S0,1982,0-8,
S0,1982,9-14,
S0,1982,0-17,
S0,1982,18-29,
S0,1982,30-65,
S0,1982,66+,
S0,1982,15-26,
S0,1982,27-45,
S0,1982,46-65,
S0,1983,00-04,25504402.339689136
S0,1983,05-09,26403872.961239845
S0,1983,10-14,27260196.83753577
S0,1983,15-19,27795419.79909727
S0,1983,20-24,29110125.526208363
S0,1983,25-29,29603820.029488914
S0,1983,30-34,27939230.22461725
S0,1983,35-39,26004817.62554852
S0,1983,40-44,24013893.820019674
S0,1983,45-49,21712982.607259765
S0,1983,50-54,19434235.57787182
S0,1983,55-59,16495624.08961711
S0,1983,60-64,13278185.67020944
S0,1983,65-69,10107476.36835943
S0,1983,70-74,7682540.969481865
S0,1983,75+,10728957.059877424
S0,1983,0-8,
S0,1983,9-14,
S0,1983,0-17,
S0,1983,18-29,
S0,1983,30-65,
S0,1983,66+,
S0,1983,15-26,
S0,1983,27-45,
S0,1983,46-65,
S0,1984,00-04,26110992.51896498
S0,1984,05-09,27031855.91962546
S0,1984,10-14,27908546.383882236
S0,1984,15-19,28456498.951410685
S0,1984,20-24,29802473.30313338
S0,1984,25-29,30307909.71015524
S0,1984,30-34,28603729.72729355
S0,1984,35-39,26623309.553938836
S0,1984,40-44,24585034.12604946
S0,1984,45-49,22229398.62975385
S0,1984,50-54,19896454.46409623
S0,1984,55-59,16887951.79212581
S0,1984,60-64,13593990.640617087
S0,1984,65-69,10347870.00004114
S0,1984,70-74,7865260.558120097
S0,1984,75+,10984131.829304041
S0,1984,0-8,
S0,1984,9-14,
S0,1984,0-17,
S0,1984,18-29,
S0,1984,30-65,
S0,1984,66+,
S0,1984,15-26,
S0,1984,27-45,
S0,1984,46-65,
S0,1985,00-04,26731477.04036351
S0,1985,05-09,27674223.23563693
S0,1985,10-14,28571746.797782805
S0,1985,15-19,29132720.55117252
S0,1985,20-24,30510679.755666975
S0,1985,25-29,31028127.0223634
S0,1985,30-34,29283450.02276536
S0,1985,35-39,27255968.4417472
S0,1985,40-44,25169256.77182551
S0,1985,45-49,22757643.49672863
S0,1985,50-54,20369260.77418635
S0,1985,55-59,17289266.01553298
S0,1985,60-64,13917029.32903206
S0,1985,65-69,10593770.0040263
S0,1985,70-74,8052165.4576383885
S0,1985,75+,11245151.542596593
S0,1985,0-8,
S0,1985,9-14,
S0,1985,0-17,
S0,1985,18-29,
S0,1985,30-65,
S0,1985,66+,
S0,1985,15-26,
S0,1985,27-45,
S0,1985,46-65,
S0,1986,00-04,27360996.9989698
S0,1986,05-09,28325944.644051943
S0,1986,10-14,29244604.67369782
S0,1986,15-19,29818789.22623193
S0,1986,20-24,31229199.043914136
S0,1986,25-29,31758832.071293354
S0,1986,30-34,29973068.341212377
S0,1986,35-39,27897840.048741285
S0,1986,40-44,25761986.81278906
S0,1986,45-49,23293580.61574398
S0,1986,50-54,20848952.04526892
S0,1986,55-59,17696424.13889433
S0,1986,60-64,14244772.07642705
S0,1986,65-69,10843250.780728208
S0,1986,70-74,8241792.048714126
S0,1986,75+,11509972.200389944
S0,1986,0-8,
S0,1986,9-14,
S0,1986,0-17,
S0,1986,18-29,
S0,1986,30-65,
S0,1986,66+,
S0,1986,15-26,
S0,1986,27-45,
S0,1986,46-65,
S0,1987,00-04,28004358.00633175
S0,1987,05-09,28991995.237214264
S0,1987,10-14,29932256.45493519
S0,1987,15-19,30519942.268119417
S0,1987,20-24,31963516.17997302
S0,1987,25-29,32505602.89235647
S0,1987,30-34,30677849.07133186
S0,1987,35-39,28553824.27613096
S0,1987,40-44,26367749.01466149
S0,1987,45-49,23841301.2083297
S0,1987,50-54,21339190.13092019
S0,1987,55-59,18112534.31430687
S0,1987,60-64,14579720.796061669
S0,1987,65-69,11098216.80940144
S0,1987,70-74,8435587.897422712
S0,1987,75+,11780615.383086445
S0,1987,0-8,
S0,1987,9-14,
S0,1987,0-17,
S0,1987,18-29,
S0,1987,30-65,
S0,1987,66+,
S0,1987,15-26,
S0,1987,27-45,
S0,1987,46-65,
S0,1988,00-04,28649799.920279883
S0,1988,05-09,29660200.124855384
S0,1988,10-14,30622132.39819701
S0,1988,15-19,31223363.140923116
S0,1988,20-24,32700208.41391209
S0,1988,25-29,33254789.09188073
S0,1988,30-34,31384909.365873728
S0,1988,35-39,29211930.239037085
S0,1988,40-44,26975470.512389787
S0,1988,45-49,24390793.36520896
S0,1988,50-54,21831013.85768051
S0,1988,55-59,18529990.369240675
S0,1988,60-64,14915752.88411424
S0,1988,65-69,11354007.50802241
S0,1988,70-74,8630010.565371722
S0,1988,75+,12052133.942398775
S0,1988,0-8,
S0,1988,9-14,
S0,1988,0-17,
S0,1988,18-29,
S0,1988,30-65,
S0,1988,66+,
S0,1988,15-26,
S0,1988,27-45,
S0,1988,46-65,
S0,1989,00-04,29304728.416102115
S0,1989,05-09,30338226.16020676
S0,1989,10-14,31322148.006202143
S0,1989,15-19,31937122.75925544
S0,1989,20-24,33447728.40948586
S0,1989,25-29,34014986.68695763
S0,1989,30-34,32102361.897469185
S0,1989,35-39,29879708.91758812
S0,1989,40-44,27592124.184524875
S0,1989,45-49,24948361.85277383
S0,1989,50-54,22330066.31556397
S0,1989,55-59,18953582.11347261
S0,1989,60-64,15256723.90756401
S0,1989,65-69,11613557.769436968
S0,1989,70-74,8827290.820530083
S0,1989,75+,12327643.229594754
S0,1989,0-8,
S0,1989,9-14,
S0,1989,0-17,
S0,1989,18-29,
S0,1989,30-65,
S0,1989,66+,
S0,1989,15-26,
S0,1989,27-45,
S0,1989,46-65,
S0,1990,00-04,29969591.593129523
S0,1990,05-09,31026537.245839193
S0,1990,10-14,32032782.226694815
S0,1990,15-19,32661709.47445478
S0,1990,20-24,34206587.61674133
S0,1990,25-29,34786715.80159459
S0,1990,30-34,32830697.5441325
S0,1990,35-39,30557617.203156333
S0,1990,40-44,28218131.942923956
S0,1990,45-49,25514388.15704596
S0,1990,50-54,22836688.954169985
S0,1990,55-59,19383599.36669817
S0,1990,60-64,15602867.15735571
S0,1990,65-69,11877045.17684581
S0,1990,70-74,9027563.641221289
S0,1990,75+,12607331.746973574
S0,1990,0-8,
S0,1990,9-14,
S0,1990,0-17,
S0,1990,18-29,
S0,1990,30-65,
S0,1990,66+,
S0,1990,15-26,
S0,1990,27-45,
S0,1990,46-65,
S0,1991,00-04,30639923.97475951
S0,1991,05-09,31720510.41998492
S0,1991,10-14,32749262.167154796
S0,1991,15-19,33392256.68368461
S0,1991,20-24,34971689.24561445
S0,1991,25-29,35564793.20648371
S0,1991,30-34,33565024.52376268
S0,1991,35-39,31241102.003176935
S0,1991,40-44,28849289.278908
S0,1991,45-49,26085070.62784298
S0,1991,50-54,23347479.10116356
S0,1991,55-59,19817153.96778987
S0,1991,60-64,15951857.80240155
S0,1991,65-69,12142700.047563078
S0,1991,70-74,9229483.918217106
S0,1991,75+,12889320.998968769
S0,1991,0-8,
S0,1991,9-14,
S0,1991,0-17,
S0,1991,18-29,
S0,1991,30-65,
S0,1991,66+,
S0,1991,15-26,
S0,1991,27-45,
S0,1991,46-65,
S0,1992,00-04,31303588.52233026
S0,1992,05-09,32407580.603773057
S0,1992,10-14,33458615.241181515
S0,1992,15-19,34115537.09856423
S0,1992,20-24,35729180.36537359
S0,1992,25-29,36335131.03148197
S0,1992,30-34,34292047.11145298
S0,1992,35-39,31917788.14128975
S0,1992,40-44,29474168.45722439
S0,1992,45-49,26650076.48787186
S0,1992,50-54,23853188.389716487
S0,1992,55-59,20246395.97677813
S0,1992,60-64,16297377.01779076
S0,1992,65-69,12405712.434277609
S0,1992,70-74,9429395.682813551
S0,1992,75+,13168505.287948132
S0,1992,0-8,
S0,1992,9-14,
S0,1992,0-17,
S0,1992,18-29,
S0,1992,30-65,
S0,1992,66+,
S0,1992,15-26,
S0,1992,27-45,
S0,1992,46-65,
S0,1993,00-04,31975838.957618035
S0,1993,05-09,33103539.47609114
S0,1993,10-14,34177145.27948575
S0,1993,15-19,34848174.65697788
S0,1993,20-24,36496471.21562112
S0,1993,25-29,37115434.78594537
S0,1993,30-34,35028475.2555023
S0,1993,35-39,32603228.62860317
S0,1993,40-44,30107131.753460538
S0,1993,45-49,27222391.8793371
S0,1993,50-54,24365440.08464755
S0,1993,55-59,20681191.12809724
S0,1993,60-64,16647366.24622837
S0,1993,65-69,12672127.435805272
S0,1993,70-74,9631893.723820899
S0,1993,75+,13451301.409089236
S0,1993,0-8,
S0,1993,9-14,
S0,1993,0-17,
S0,1993,18-29,
S0,1993,30-65,
S0,1993,66+,
S0,1993,15-26,
S0,1993,27-45,
S0,1993,46-65,
S0,1994,00-04,32645521.74023392
S0,1994,05-09,33796840.1416395
S0,1994,10-14,34892930.90071591
S0,1994,15-19,35578013.91480945
S0,1994,20-24,37260831.40744387
S0,1994,25-29,37892758.17934862
S0,1994,30-34,35762090.62087205
S0,1994,35-39,33286051.083995342
S0,1994,40-44,30737677.453792747
S0,1994,45-49,27792521.31886105
S0,1994,50-54,24875735.240223452
S0,1994,55-59,21114325.58442323
S0,1994,60-64,16996018.69490303
S0,1994,65-69,12937524.86835182
S0,1994,70-74,9833618.325929966
S0,1994,75+,13733017.39375453
S0,1994,0-8,
S0,1994,9-14,
S0,1994,0-17,
S0,1994,18-29,
S0,1994,30-65,
S0,1994,66+,
S0,1994,15-26,
S0,1994,27-45,
S0,1994,46-65,
S0,1995,00-04,33304781.57289134
S0,1995,05-09,34479350.26824798
S0,1995,10-14,35597576.02691653
S0,1995,15-19,36296493.94666183
S0,1995,20-24,38013295.08910324
S0,1995,25-29,38657983.30318104
S0,1995,30-34,36484287.98888464
S0,1995,35-39,33958246.08342203
S0,1995,40-44,31358409.33413179
S0,1995,45-49,28353777.257718295
S0,1995,50-54,25378088.156565063
S0,1995,55-59,21540718.731459547
S0,1995,60-64,17339244.71315455
S0,1995,65-69,13198791.65243261
S0,1995,70-74,10032203.284184122
S0,1995,75+,14010348.74783517
S0,1995,0-8,
S0,1995,9-14,
S0,1995,0-17,
S0,1995,18-29,
S0,1995,30-65,
S0,1995,66+,
S0,1995,15-26,
S0,1995,27-45,
S0,1995,46-65,
S0,1996,00-04,33976295.18206222
S0,1996,05-09,35174546.32860417
S0,1996,10-14,36315318.51393007
S0,1996,15-19,37028328.49111086
S0,1996,20-24,38779744.94333493
S0,1996,25-29,39437431.7987183
S0,1996,30-34,37219908.96426396
S0,1996,35-39,34642935.28754378
S0,1996,40-44,31990678.86527204
S0,1996,45-49,28925465.357767425
S0,1996,50-54,25889778.393433124
S0,1996,55-59,21975037.321654744
S0,1996,60-64,17688850.33276038
S0,1996,65-69,13464914.64740922
S0,1996,70-74,10234479.375398047
S0,1996,75+,14292834.9077522
S0,1996,0-8,
S0,1996,9-14,
S0,1996,0-17,
S0,1996,18-29,
S0,1996,30-65,
S0,1996,66+,
S0,1996,15-26,
S0,1996,27-45,
S0,1996,46-65,
S0,1997,00-04,34650061.03418163
S0,1997,05-09,35872074.06236716
S0,1997,10-14,37035468.29460551
S0,1997,15-19,37762617.59369504
S0,1997,20-24,39548765.45474475
S0,1997,25-29,40219494.54861144
S0,1997,30-34,37957997.19739051
S0,1997,35-39,35329920.92529081
S0,1997,40-44,32625069.015523583
S0,1997,45-49,29499070.888043635
S0,1997,50-54,26403184.828918874
S0,1997,55-59,22410812.60754282
S0,1997,60-64,18039628.522483595
S0,1997,65-69,13731930.213482961
S0,1997,70-74,10437433.89649617
S0,1997,75+,14576268.520487823
S0,1997,0-8,
S0,1997,9-14,
S0,1997,0-17,
S0,1997,18-29,
S0,1997,30-65,
S0,1997,66+,
S0,1997,15-26,
S0,1997,27-45,
S0,1997,46-65,
S0,1998,00-04,35325986.75408006
S0,1998,05-09,36571837.83654741
S0,1998,10-14,37757926.63440791
S0,1998,15-19,38499260.58133905
S0,1998,20-24,40320251.18848477
S0,1998,25-29,41004064.3298855
S0,1998,30-34,38698451.4943177
S0,1998,35-39,36019108.80902424
S0,1998,40-44,33261492.808234915
S0,1998,45-49,30074515.205635615
S0,1998,50-54,26918237.07357416
S0,1998,55-59,22847984.843121834
S0,1998,60-64,18391531.18966017
S0,1998,65-69,13999801.742078159
S0,1998,70-74,10641039.02184997
S0,1998,75+,14860610.726506567
S0,1998,0-8,
S0,1998,9-14,
S0,1998,0-17,
S0,1998,18-29,
S0,1998,30-65,
S0,1998,66+,
S0,1998,15-26,
S0,1998,27-45,
S0,1998,46-65,
S0,1999,00-04,36004449.89082171
S0,1999,05-09,37274228.51533362
S0,1999,10-14,38483097.07393662
S0,1999,15-19,39238668.91770301
S0,1999,20-24,41094633.07018524
S0,1999,25-29,41791579.37647361
S0,1999,30-34,39441685.447573
S0,1999,35-39,36710883.89560086
S0,1999,40-44,33900305.72804044
S0,1999,45-49,30652119.73412181
S0,1999,50-54,27435222.81802427
S0,1999,55-59,23286798.217898957
S0,1999,60-64,18744754.89512334
S0,1999,65-69,14268678.857098732
S0,1999,70-74,10845408.4783414
S0,1999,75+,15146020.349671237
S0,1999,0-8,
S0,1999,9-14,
S0,1999,0-17,
S0,1999,18-29,
S0,1999,30-65,
S0,1999,66+,
S0,1999,15-26,
S0,1999,27-45,
S0,1999,46-65,
S0,2000,00-04,36683011.78343535
S0,2000,05-09,37976721.43284175
S0,2000,10-14,39208373.06796818
S0,2000,15-19,39978184.88101243
S0,2000,20-24,41869127.66951746
S0,2000,25-29,42579209.05233331
S0,2000,30-34,40185027.58462367
S0,2000,35-39,37402759.67571297
S0,2000,40-44,34539211.632303804
S0,2000,45-49,31229808.337682668
S0,2000,50-54,27952283.81398803
S0,2000,55-59,23725675.46556044
S0,2000,60-64,19098030.01519277
S0,2000,65-69,14537595.109387793
S0,2000,70-74,11049807.68248276
S0,2000,75+,15431471.516546527
S0,2000,0-8,
S0,2000,9-14,
S0,2000,0-17,
S0,2000,18-29,
S0,2000,30-65,
S0,2000,66+,
S0,2000,15-26,
S0,2000,27-45,
S0,2000,46-65,
S0,2001,00-04,37372189.13470071
S0,2001,05-09,38690204.18723887
S0,2001,10-14,39944995.31856013
S0,2001,15-19,40729269.87172559
S0,2001,20-24,42655738.50391188
S0,2001,25-29,43379160.44909706
S0,2001,30-34,40939998.60594537
S0,2001,35-39,38105459.19764705
S0,2001,40-44,35188112.61480964
S0,2001,45-49,31816534.332749613
S0,2001,50-54,28477433.739912067
S0,2001,55-59,24171418.53242933
S0,2001,60-64,19456831.79019315
S0,2001,65-69,14810718.30195456
S0,2001,70-74,11257404.51873936
S0,2001,75+,15721388.296790361
S0,2001,0-8,
S0,2001,9-14,
S0,2001,0-17,
S0,2001,18-29,
S0,2001,30-65,
S0,2001,66+,
S0,2001,15-26,
S0,2001,27-45,
S0,2001,46-65,
S0,2002,00-04,38072873.14022912
S0,2002,05-09,39415599.40417185
S0,2002,10-14,40693916.37372611
S0,2002,15-19,41492895.140053
S0,2002,20-24,43455482.76309797
S0,2002,25-29,44192468.007570006
S0,2002,30-34,41707574.78688966
S0,2002,35-39,38819891.142933205
S0,2002,40-44,35847847.78860593
S0,2002,45-49,32413056.432055905
S0,2002,50-54,29011351.68269385
S0,2002,55-59,24624603.82204568
S0,2002,60-64,19821624.197309226
S0,2002,65-69,15088401.61847536
S0,2002,70-74,11468467.43671866
S0,2002,75+,16016145.59036389
S0,2002,0-8,
S0,2002,9-14,
S0,2002,0-17,
S0,2002,18-29,
S0,2002,30-65,
S0,2002,66+,
S0,2002,15-26,
S0,2002,27-45,
S0,2002,46-65,
S0,2003,00-04,38746045.0794649
S0,2003,05-09,40112512.2793657
S0,2003,10-14,41413431.3548914
S0,2003,15-19,42226536.979560584
S0,2003,20-24,44223825.39629819
S0,2003,25-29,44973841.38274713
S0,2003,30-34,42445012.40807213
S0,2003,35-39,39506271.21478542
S0,2003,40-44,36481678.73497039
S0,2003,45-49,32986156.33903064
S0,2003,50-54,29524305.559333507
S0,2003,55-59,25059994.979596227
S0,2003,60-64,20172093.18215731
S0,2003,65-69,15355181.814970313
S0,2003,70-74,11671243.05693527
S0,2003,75+,16299329.361298049
S0,2003,0-8,
S0,2003,9-14,
S0,2003,0-17,
S0,2003,18-29,
S0,2003,30-65,
S0,2003,66+,
S0,2003,15-26,
S0,2003,27-45,
S0,2003,46-65,
S0,2004,00-04,39413650.00082987
S0,2004,05-09,40803661.80317115
S0,2004,10-14,42126996.06908179
S0,2004,15-19,42954111.72536851
S0,2004,20-24,44985813.96611486
S0,2004,25-29,45748752.93251255
S0,2004,30-34,43176351.54508362
S0,2004,35-39,40186975.03974814
S0,2004,40-44,37110268.00680886
S0,2004,45-49,33554516.80688448
S0,2004,50-54,30033017.394331615
S0,2004,55-59,25491785.52604936
S0,2004,60-64,20519663.84788645
S0,2004,65-69,15619755.78444521
S0,2004,70-74,11872341.75713232
S0,2004,75+,16580171.250431098
S0,2004,0-8,
S0,2004,9-14,
S0,2004,0-17,
S0,2004,18-29,
S0,2004,30-65,
S0,2004,66+,
S0,2004,15-26,
S0,2004,27-45,
S0,2004,46-65,
S0,2005,00-04,40087879.03394072
S0,2005,05-09,41501669.05305424
S0,2005,10-14,42847640.91742551
S0,2005,15-19,43688905.6157116
S0,2005,20-24,45755363.14142441
S0,2005,25-29,46531353.31220501
S0,2005,30-34,43914947.17768512
S0,2005,35-39,40874432.946441084
S0,2005,40-44,37745094.269187205
S0,2005,45-49,34128516.66284126
S0,2005,50-54,30546776.77157162
S0,2005,55-59,25927860.38608224
S0,2005,60-64,20870683.18041791
S0,2005,65-69,15886954.910629991
S0,2005,70-74,12075435.799513679
S0,2005,75+,16863799.709879924
S0,2005,0-8,
S0,2005,9-14,
S0,2005,0-17,
S0,2005,18-29,
S0,2005,30-65,
S0,2005,66+,
S0,2005,15-26,
S0,2005,27-45,
S0,2005,46-65,
S0,2006,00-04,40722285.88554314
S0,2006,05-09,42158449.70183595
S0,2006,10-14,43525722.11373927
S0,2006,15-19,44380300.16512522
S0,2006,20-24,46479460.21450479
S0,2006,25-29,47267730.7426648
S0,2006,30-34,44609918.925970785
S0,2006,35-39,41521287.33089557
S0,2006,40-44,38342425.607132986
S0,2006,45-49,34668614.201740816
S0,2006,50-54,31030191.832314726
S0,2006,55-59,26338179.23239476
S0,2006,60-64,21200970.15808691
S0,2006,65-69,16138372.37868483
S0,2006,70-74,12266534.44059696
S0,2006,75+,17130676.140806604
S0,2006,0-8,
S0,2006,9-14,
S0,2006,0-17,
S0,2006,18-29,
S0,2006,30-65,
S0,2006,66+,
S0,2006,15-26,
S0,2006,27-45,
S0,2006,46-65,
S0,2007,00-04,41365871.95768239
S0,2007,05-09,42824733.29719561
S0,2007,10-14,44213614.45384362
S0,2007,15-19,45081698.48897946
S0,2007,20-24,47214034.23421188
S0,2007,25-29,48014762.80400607
S0,2007,30-34,45314946.20711877
S0,2007,35-39,42177501.039000385
S0,2007,40-44,38948399.72072138
S0,2007,45-49,35216526.401545145
S0,2007,50-54,31520601.41627613
S0,2007,55-59,26754434.97420453
S0,2007,60-64,21536036.0516847
S0,2007,65-69,16393427.60125046
S0,2007,70-74,12460398.08424342
S0,2007,75+,17401414.001680594
S0,2007,0-8,
S0,2007,9-14,
S0,2007,0-17,
S0,2007,18-29,
S0,2007,30-65,
S0,2007,66+,
S0,2007,15-26,
S0,2007,27-45,
S0,2007,46-65,
S0,2008,00-04,41974578.427439824
S0,2008,05-09,43454907.18184882
S0,2008,10-14,44864225.98203643
S0,2008,15-19,45745084.03458017
S0,2008,20-24,47908797.49536386
S0,2008,25-29,48721308.93441444
S0,2008,30-34,45981764.03610595
S0,2008,35-39,42798150.78106081
S0,2008,40-44,39521532.638624236
S0,2008,45-49,35734744.11214808
S0,2008,50-54,31984432.90597278
S0,2008,55-59,27148131.441673238
S0,2008,60-64,21852942.8121901
S0,2008,65-69,16634659.92563104
S0,2008,70-74,12643755.15060459
S0,2008,75+,17657479.03269425
S0,2008,0-8,
S0,2008,9-14,
S0,2008,0-17,
S0,2008,18-29,
S0,2008,30-65,
S0,2008,66+,
S0,2008,15-26,
S0,2008,27-45,
S0,2008,46-65,
S0,2009,00-04,42581213.99671264
S0,2009,05-09,44082937.13101266
S0,2009,10-14,45512624.04315442
S0,2009,15-19,46406212.65419744
S0,2009,20-24,48601197.07936484
S0,2009,25-29,49425451.30078121
S0,2009,30-34,46646313.26202447
S0,2009,35-39,43416688.99003351
S0,2009,40-44,40092715.68200395
S0,2009,45-49,36251198.77707736
S0,2009,50-54,32446686.37916308
S0,2009,55-59,27540488.501322627
S0,2009,60-64,22168771.413686976
S0,2009,65-69,16875071.545513988
S0,2009,70-74,12826488.41180439
S0,2009,75+,17912672.89636671
S0,2009,0-8,
S0,2009,9-14,
S0,2009,0-17,
S0,2009,18-29,
S0,2009,30-65,
S0,2009,66+,
S0,2009,15-26,
S0,2009,27-45,
S0,2009,46-65,
S0,2010,00-04,43215676.02688965
S0,2010,05-09,44739774.9043666
S0,2010,10-14,46190764.21669039
S0,2010,15-19,47097667.33878399
S0,2010,20-24,49325357.131973684
S0,2010,25-29,50161892.77887364
S0,2010,30-34,47341345.45661578
S0,2010,35-39,44063599.635707155
S0,2010,40-44,40690098.97382082
S0,2010,45-49,36791343.29184462
S0,2010,50-54,32930143.48572257
S0,2010,55-59,27950843.035788573
S0,2010,60-64,22499087.11860662
S0,2010,65-69,17126510.88101476
S0,2010,70-74,13017603.67400485
S0,2010,75+,18179572.539307926
S0,2010,0-8,
S0,2010,9-14,
S0,2010,0-17,
S0,2010,18-29,
S0,2010,30-65,
S0,2010,66+,
S0,2010,15-26,
S0,2010,27-45,
S0,2010,46-65,
S0,2011,00-04,43849513.255782545
S0,2011,05-09,45395965.841401376
S0,2011,10-14,46868236.57587171
S0,2011,15-19,47788441.0972405
S0,2011,20-24,50048804.05107841
S0,2011,25-29,50897609.02904176
S0,2011,30-34,48035693.20204065
S0,2011,35-39,44709873.22103217
S0,2011,40-44,41286893.97850607
S0,2011,45-49,37330955.88670117
S0,2011,50-54,33413124.49661892
S0,2011,55-59,28360793.464054495
S0,2011,60-64,22829077.53743065
S0,2011,65-69,17377702.60576463
S0,2011,70-74,13208530.73099276
S0,2011,75+,18446209.346599843
S0,2011,0-8,
S0,2011,9-14,
S0,2011,0-17,
S0,2011,18-29,
S0,2011,30-65,
S0,2011,66+,
S0,2011,15-26,
S0,2011,27-45,
S0,2011,46-65,
S0,2012,00-04,44470251.33759545
S0,2012,05-09,46038595.66021057
S0,2012,10-14,47531708.00599581
S0,2012,15-19,48464939.03432121
S0,2012,20-24,50757299.911510795
S0,2012,25-29,51618120.65737515
S0,2012,30-34,48715691.26457001
S0,2012,35-39,45342790.644298255
S0,2012,40-44,41871355.36631522
S0,2012,45-49,37859416.62044255
S0,2012,50-54,33886124.01856165
S0,2012,55-59,28762271.684140496
S0,2012,60-64,23152248.23530092
S0,2012,65-69,17623703.09655447
S0,2012,70-74,13395512.009021929
S0,2012,75+,18707335.72535202
S0,2012,0-8,
S0,2012,9-14,
S0,2012,0-17,
S0,2012,18-29,
S0,2012,30-65,
S0,2012,66+,
S0,2012,15-26,
S0,2012,27-45,
S0,2012,46-65,
S0,2013,00-04,45108603.74638818
S0,2013,05-09,46695645.57292831
S0,2013,10-14,48208399.47431
S0,2013,15-19,49147134.88120954
S0,2013,20-24,51468079.32357386
S0,2013,25-29,52333803.726081625
S0,2013,30-34,49378835.65120704
S0,2013,35-39,45950422.146309026
S0,2013,40-44,42429720.04559071
S0,2013,45-49,38364061.69836552
S0,2013,50-54,34335742.1027732
S0,2013,55-59,29141296.446925916
S0,2013,60-64,23455960.52265254
S0,2013,65-69,17854372.44399215
S0,2013,70-74,13570963.45863171
S0,2013,75+,18949145.812026054
S0,2013,0-8,
S0,2013,9-14,
S0,2013,0-17,
S0,2013,18-29,
S0,2013,30-65,
S0,2013,66+,
S0,2013,15-26,
S0,2013,27-45,
S0,2013,46-65,
S0,2014,00-04,45747628.30109741
S0,2014,05-09,47353385.296757974
S0,2014,10-14,48885818.83556797
S0,2014,15-19,49830038.93140941
S0,2014,20-24,52179608.83341429
S0,2014,25-29,53050236.05008417
S0,2014,30-34,50042671.00345778
S0,2014,35-39,46558752.41695346
S0,2014,40-44,42988758.54118331
S0,2014,45-49,38869336.6156051
S0,2014,50-54,34785923.28062257
S0,2014,55-59,29520803.677317046
S0,2014,60-64,23760071.009565473
S0,2014,65-69,18085351.32057483
S0,2014,70-74,13746653.36249366
S0,2014,75+,19191275.684527323
S0,2014,0-8,
S0,2014,9-14,
S0,2014,0-17,
S0,2014,18-29,
S0,2014,30-65,
S0,2014,66+,
S0,2014,15-26,
S0,2014,27-45,
S0,2014,46-65,
S0,2015,00-04,46387056.145969
S0,2015,05-09,48011601.06885906
S0,2015,10-14,49563772.58604585
S0,2015,15-19,50513514.758561715
S0,2015,20-24,52891723.45378089
S0,2015,25-29,53767304.93031629
S0,2015,30-34,50707185.109749466
S0,2015,35-39,47167794.71411351
S0,2015,40-44,43548491.397887014
S0,2015,45-49,39375256.28584379
S0,2015,50-54,35236701.05029693
S0,2015,55-59,29900839.286107637
S0,2015,60-64,24064620.02581288
S0,2015,65-69,18316673.72885732
S0,2015,70-74,13922599.698266268
S0,2015,75+,19433765.51981053
S0,2015,0-8,
S0,2015,9-14,
S0,2015,0-17,
S0,2015,18-29,
S0,2015,30-65,
S0,2015,66+,
S0,2015,15-26,
S0,2015,27-45,
S0,2015,46-65,
S0,2016,00-04,47009601.29056148
S0,2016,05-09,48652459.46896984
S0,2016,10-14,50223806.20771293
S0,2016,15-19,51178765.56573182
S0,2016,20-24,53584945.12398696
S0,2016,25-29,54465339.586844765
S0,2016,30-34,51354025.40906696
S0,2016,35-39,47760650.988754734
S0,2016,40-44,44093375.77854155
S0,2016,45-49,39867753.33390497
S0,2016,50-54,35675455.96135639
S0,2016,55-59,30270735.226239745
S0,2016,60-64,24361052.90034913
S0,2016,65-69,18541836.64409292
S0,2016,70-74,14093824.168993989
S0,2016,75+,19669659.661042355
S0,2016,0-8,
S0,2016,9-14,
S0,2016,0-17,
S0,2016,18-29,
S0,2016,30-65,
S0,2016,66+,
S0,2016,15-26,
S0,2016,27-45,
S0,2016,46-65,
S0,2017,00-04,47597547.62597828
S0,2017,05-09,49257773.76171099
S0,2017,10-14,50847144.96851222
S0,2017,15-19,51806779.08572507
S0,2017,20-24,54239545.72660784
S0,2017,25-29,55124457.3728985
S0,2017,30-34,51964708.05029768
S0,2017,35-39,48320250.34291609
S0,2017,40-44,44607672.421856426
S0,2017,45-49,40332566.98681501
S0,2017,50-54,36089415.81226434
S0,2017,55-59,30619701.71910794
S0,2017,60-64,24640717.082278002
S0,2017,65-69,18754262.25201868
S0,2017,70-74,14255288.24773803
S0,2017,75+,19891958.227309253
S0,2017,0-8,
S0,2017,9-14,
S0,2017,0-17,
S0,2017,18-29,
S0,2017,30-65,
S0,2017,66+,
S0,2017,15-26,
S0,2017,27-45,
S0,2017,46-65,
S0,2018,00-04,48185624.44484559
S0,2018,05-09,49863245.07444194
S0,2018,10-14,51470674.6358455
S0,2018,15-19,52434983.24352618
S0,2018,20-24,54894357.62940729
S0,2018,25-29,55783801.18950969
S0,2018,30-34,52575648.58499676
S0,2018,35-39,48880200.41446756
S0,2018,40-44,45122346.61290014
S0,2018,45-49,40797753.13633601
S0,2018,50-54,36503721.44839824
S0,2018,55-59,30968983.07308982
S0,2018,60-64,24920653.05957304
S0,2018,65-69,18966906.76117956
S0,2018,70-74,14416918.172331758
S0,2018,75+,20114487.554726224
S0,2018,0-8,
S0,2018,9-14,
S0,2018,0-17,
S0,2018,18-29,
S0,2018,30-65,
S0,2018,66+,
S0,2018,15-26,
S0,2018,27-45,
S0,2018,46-65,
S0,2019,00-04,48774784.152177244
S0,2019,05-09,50469862.02794539
S0,2019,10-14,52095416.18796512
S0,2019,15-19,53064431.05799347
S0,2019,20-24,55550425.32188067
S0,2019,25-29,56444414.7702536
S0,2019,30-34,53187789.0556288
S0,2019,35-39,49441313.64961186
S0,2019,40-44,45638124.95457673
S0,2019,45-49,41263943.643373445
S0,2019,50-54,36918919.17726825
S0,2019,55-59,31319021.843832336
S0,2019,60-64,25201202.690387905
S0,2019,65-69,19180016.56445133
S0,2019,70-74,14578889.212348038
S0,2019,75+,20337458.218138546
S0,2019,0-8,
S0,2019,9-14,
S0,2019,0-17,
S0,2019,18-29,
S0,2019,30-65,
S0,2019,66+,
S0,2019,15-26,
S0,2019,27-45,
S0,2019,46-65,
S0,2020,00-04,49364497.86978124
S0,2020,05-09,51077093.50616445
S0,2020,10-14,52720839.84396002
S0,2020,15-19,53694584.63782907
S0,2020,20-24,56207268.95193532
S0,2020,25-29,57105867.856777154
S0,2020,30-34,53800805.99862477
S0,2020,35-39,50003375.045273885
S0,2020,40-44,46154844.42572346
S0,2020,45-49,41731025.18733229
S0,2020,50-54,37334942.25888407
S0,2020,55-59,31669790.771059237
S0,2020,60-64,25482359.62591483
S0,2020,65-69,19393608.695825703
S0,2020,70-74,14741238.277776068
S0,2020,75+,20560970.045366295
S0,2020,0-8,
S0,2020,9-14,
S0,2020,0-17,
S0,2020,18-29,
S0,2020,30-65,
S0,2020,66+,
S0,2020,15-26,
S0,2020,27-45,
S0,2020,46-65,
S0,2021,00-04,49936789.41014618
S0,2021,05-09,51665770.95959793
S0,2021,10-14,53327156.72857442
S0,2021,15-19,54305941.25758326
S0,2021,20-24,56843979.89782679
S0,2021,25-29,57746411.86713499
S0,2021,30-34,54393808.96451659
S0,2021,35-39,50547194.16473911
S0,2021,40-44,46655165.19914798
S0,2021,45-49,42183379.57172605
S0,2021,50-54,37737755.12988637
S0,2021,55-59,32009362.278907582
S0,2021,60-64,25754563.53927411
S0,2021,65-69,19600386.99028574
S0,2021,70-74,14898385.660120592
S0,2021,75+,20777052.96866734
S0,2021,0-8,
S0,2021,9-14,
S0,2021,0-17,
S0,2021,18-29,
S0,2021,30-65,
S0,2021,66+,
S0,2021,15-26,
S0,2021,27-45,
S0,2021,46-65,
S0,2022,00-04,50473108.58880265
S0,2022,05-09,52216166.11286116
S0,2022,10-14,53894044.03291799
S0,2022,15-19,54878564.50496528
S0,2022,20-24,57439219.31773673
S0,2022,25-29,58343861.77639865
S0,2022,30-34,54945526.9093274
S0,2022,35-39,51053270.12730593
S0,2022,40-44,47121515.68268676
S0,2022,45-49,42605242.83185202
S0,2022,50-54,38113240.25790016
S0,2022,55-59,32325778.37374398
S0,2022,60-64,26008257.42996358
S0,2022,65-69,19793083.895920355
S0,2022,70-74,15044793.89495764
S0,2022,75+,20977830.44825527
S0,2022,0-8,
S0,2022,9-14,
S0,2022,0-17,
S0,2022,18-29,
S0,2022,30-65,
S0,2022,66+,
S0,2022,15-26,
S0,2022,27-45,
S0,2022,46-65,
S0,2023,00-04,51010091.09989662
S0,2023,05-09,52767260.04933964
S0,2023,10-14,54461693.80377597
S0,2023,15-19,55451910.55251614
S0,2023,20-24,58035212.15113201
S0,2023,25-29,58942115.46037292
S0,2023,30-34,55498069.92537119
S0,2023,35-39,51560222.1169225
S0,2023,40-44,47588739.03591327
S0,2023,45-49,43027926.00203574
S0,2023,50-54,38489483.702643074
S0,2023,55-59,32642861.08018426
S0,2023,60-64,26262498.95617681
S0,2023,65-69,19986210.49629923
S0,2023,70-74,15191526.000887092
S0,2023,75+,21179051.778147228
S0,2023,0-8,
S0,2023,9-14,
S0,2023,0-17,
S0,2023,18-29,
S0,2023,30-65,
S0,2023,66+,
S0,2023,15-26,
S0,2023,27-45,
S0,2023,46-65,
S0,2024,00-04,51548100.74251017
S0,2024,05-09,53319442.76186557
S0,2024,10-14,55030496.2304122
S0,2024,15-19,56026431.48617462
S0,2024,20-24,58632426.901460245
S0,2024,25-29,59541611.139726944
S0,2024,30-34,56051797.79529476
S0,2024,35-39,52068341.28889458
S0,2024,40-44,48057073.91703203
S0,2024,45-49,43451634.04588878
S0,2024,50-54,38866649.44050997
S0,2024,55-59,32960740.662465893
S0,2024,60-64,26517396.707120948
S0,2024,65-69,20179844.278787486
S0,2024,70-74,15338641.688673953
S0,2024,75+,21380793.14086046
S0,2024,0-8,
S0,2024,9-14,
S0,2024,0-17,
S0,2024,18-29,
S0,2024,30-65,
S0,2024,66+,
S0,2024,15-26,
S0,2024,27-45,
S0,2024,46-65,
S0,2025,00-04,52086690.84213822
S0,2025,05-09,53872269.90707219
S0,2025,10-14,55600004.75117146
S0,2025,15-19,56601705.23589223
S0,2025,20-24,59230425.70450575
S0,2025,25-29,60141922.56404763
S0,2025,30-34,56606330.05791998
S0,2025,35-39,52577318.95097136
S0,2025,40-44,48526244.36666322
S0,2025,45-49,43876117.9980687
S0,2025,50-54,39244510.11488482
S0,2025,55-59,33279216.03113497
S0,2025,60-64,26772783.52587092
S0,2025,65-69,20373856.14963809
S0,2025,70-74,15486042.529161708
S0,2025,75+,21582914.373877477
S0,2025,0-8,
S0,2025,9-14,
S0,2025,0-17,
S0,2025,18-29,
S0,2025,30-65,
S0,2025,66+,
S0,2025,15-26,
S0,2025,27-45,
S0,2025,46-65,
S0,2026,00-04,52604015.07920028
S0,2026,05-09,54402863.97765851
S0,2026,10-14,56146661.64631252
S0,2026,15-19,57154413.316435136
S0,2026,20-24,59804630.176483996
S0,2026,25-29,60717932.369024806
S0,2026,30-34,57138103.850165725
S0,2026,35-39,53065688.39372641
S0,2026,40-44,48976807.09907329
S0,2026,45-49,44283851.974888
S0,2026,50-54,39607388.22054416
S0,2026,55-59,33585060.57414995
S0,2026,60-64,27018091.04352687
S0,2026,65-69,20560222.313354764
S0,2026,70-74,15627610.23803437
S0,2026,75+,21776863.341585804
S0,2026,0-8,
S0,2026,9-14,
S0,2026,0-17,
S0,2026,18-29,
S0,2026,30-65,
S0,2026,66+,
S0,2026,15-26,
S0,2026,27-45,
S0,2026,46-65,
S0,2027,00-04,53077946.84809625
S0,2027,05-09,54888077.56026316
S0,2027,10-14,56646629.67497326
S0,2027,15-19,57660981.4847088
S0,2027,20-24,60330226.45565738
S0,2027,25-29,61244250.44928945
S0,2027,30-34,57623246.21035771
S0,2027,35-39,53511659.22136901
S0,2027,40-44,49388996.17847748
S0,2027,45-49,44657028.25102497
S0,2027,50-54,39939353.94573947
S0,2027,55-59,33864825.8471138
S0,2027,60-64,27242569.25326228
S0,2027,65-69,20730760.20936917
S0,2027,70-74,15757092.640044682
S0,2027,75+,21953857.737811204
S0,2027,0-8,
S0,2027,9-14,
S0,2027,0-17,
S0,2027,18-29,
S0,2027,30-65,
S0,2027,66+,
S0,2027,15-26,
S0,2027,27-45,
S0,2027,46-65,
S0,2028,00-04,53552343.4509556
S0,2028,05-09,55373770.36233805
S0,2028,10-14,57147126.317698054
S0,2028,15-19,58168103.97134019
S0,2028,20-24,60856362.22633189
S0,2028,25-29,61771130.47262737
S0,2028,30-34,58108963.51036656
S0,2028,35-39,53958266.08498153
S0,2028,40-44,49801834.528713405
S0,2028,45-49,45030818.70128523
S0,2028,50-54,40271886.77100458
S0,2028,55-59,34145095.04872537
S0,2028,60-64,27467466.423072267
S0,2028,65-69,20901633.442711376
S0,2028,70-74,15886827.8019996
S0,2028,75+,22131197.504888967
S0,2028,0-8,
S0,2028,9-14,
S0,2028,0-17,
S0,2028,18-29,
S0,2028,30-65,
S0,2028,66+,
S0,2028,15-26,
S0,2028,27-45,
S0,2028,46-65,
S0,2029,00-04,54027714.2514612
S0,2029,05-09,55860549.10594957
S0,2029,10-14,57648794.67574057
S0,2029,15-19,58676438.565403655
S0,2029,20-24,61383784.634973615
S0,2029,25-29,62299341.666070335
S0,2029,30-34,58595981.6597257
S0,2029,35-39,54406187.42380776
S0,2029,40-44,50215923.23635943
S0,2029,45-49,45405758.11486226
S0,2029,50-54,40605448.8497152
S0,2029,55-59,34426244.60139035
S0,2029,60-64,27693085.413378
S0,2029,65-69,21073059.57525267
S0,2029,70-74,16016982.30895567
S0,2029,75+,22309111.43985901
S0,2029,0-8,
S0,2029,9-14,
S0,2029,0-17,
S0,2029,18-29,
S0,2029,30-65,
S0,2029,66+,
S0,2029,15-26,
S0,2029,27-45,
S0,2029,46-65,
S0,2030,00-04,54504151.48476467
S0,2030,05-09,56348459.341374844
S0,2030,10-14,58151662.76084704
S0,2030,15-19,59185946.7630516
S0,2030,20-24,61912408.24470118
S0,2030,25-29,62828781.62181151
S0,2030,30-34,59084178.08598099
S0,2030,35-39,54855311.32909107
S0,2030,40-44,50631166.98947272
S0,2030,45-49,45781766.21753034
S0,2030,50-54,40939969.12342118
S0,2030,55-59,34708213.16977666
S0,2030,60-64,27919377.68695633
S0,2030,65-69,21245005.05984495
S0,2030,70-74,16147523.918320403
S0,2030,75+,22487541.004866235
S0,2030,0-8,
S0,2030,9-14,
S0,2030,0-17,
S0,2030,18-29,
S0,2030,30-65,
S0,2030,66+,
S0,2030,15-26,
S0,2030,27-45,
S0,2030,46-65,
S0,2031,00-04,54957804.31001909
S0,2031,05-09,56812954.26173066
S0,2031,10-14,58630494.97379403
S0,2031,15-19,59671190.468238614
S0,2031,20-24,62415828.30495014
S0,2031,25-29,63332868.91931292
S0,2031,30-34,59548977.98405299
S0,2031,35-39,55283171.2456337
S0,2031,40-44,51027014.365406804
S0,2031,45-49,46140285.14235137
S0,2031,50-54,41258896.68276109
S0,2031,55-59,34977091.9223636
S0,2031,60-64,28135215.35499753
S0,2031,65-69,21409035.9247568
S0,2031,70-74,16272035.52103156
S0,2031,75+,22657611.85839625
S0,2031,0-8,
S0,2031,9-14,
S0,2031,0-17,
S0,2031,18-29,
S0,2031,30-65,
S0,2031,66+,
S0,2031,15-26,
S0,2031,27-45,
S0,2031,46-65,
S0,2032,00-04,55365649.63216871
S0,2032,05-09,57230348.25410673
S0,2032,10-14,59060918.36257992
S0,2032,15-19,60107477.94634421
S0,2032,20-24,62868414.93601461
S0,2032,25-29,63785747.35756954
S0,2032,30-34,59966388.89678326
S0,2032,35-39,55667743.85748547
S0,2032,40-44,51383231.97903274
S0,2032,45-49,46463031.41157008
S0,2032,50-54,41545890.07773446
S0,2032,55-59,35219115.44896969
S0,2032,60-64,28329584.450570114
S0,2032,65-69,21556784.68617247
S0,2032,70-74,16384120.949150559
S0,2032,75+,22810446.129071884
S0,2032,0-8,
S0,2032,9-14,
S0,2032,0-17,
S0,2032,18-29,
S0,2032,30-65,
S0,2032,66+,
S0,2032,15-26,
S0,2032,27-45,
S0,2032,46-65,
S0,2033,00-04,55773924.59245747
S0,2033,05-09,57648259.60578891
S0,2033,10-14,59491947.87743431
S0,2033,15-19,60544331.554085374
S0,2033,20-24,63321547.46612027
S0,2033,25-29,64239221.53979133
S0,2033,30-34,60384444.10917957
S0,2033,35-39,56053081.800346464
S0,2033,40-44,51740232.2955737
S0,2033,45-49,46786528.063961305
S0,2033,50-54,41833583.7218667
S0,2033,55-59,35461763.65426746
S0,2033,60-64,28524481.38559134
S0,2033,65-69,21704949.94679531
S0,2033,70-74,16496517.04018934
S0,2033,75+,22963691.769146234
S0,2033,0-8,
S0,2033,9-14,
S0,2033,0-17,
S0,2033,18-29,
S0,2033,30-65,
S0,2033,66+,
S0,2033,15-26,
S0,2033,27-45,
S0,2033,46-65,
S0,2034,00-04,56183270.42112027
S0,2034,05-09,58067307.47185572
S0,2034,10-14,59924179.65236926
S0,2034,15-19,60982501.76763862
S0,2034,20-24,63776096.6658708
S0,2034,25-29,64694155.99114696
S0,2034,30-34,60803908.008583896
S0,2034,35-39,56439804.6596314
S0,2034,40-44,52098559.37928592
S0,2034,45-49,47111244.80985625
S0,2034,50-54,42122375.88440917
S0,2034,55-59,35705352.97905984
S0,2034,60-64,28720142.64606321
S0,2034,65-69,21853708.54608465
S0,2034,70-74,16609369.91497255
S0,2034,75+,23117571.763077125
S0,2034,0-8,
S0,2034,9-14,
S0,2034,0-17,
S0,2034,18-29,
S0,2034,30-65,
S0,2034,66+,
S0,2034,15-26,
S0,2034,27-45,
S0,2034,46-65,
S0,2035,00-04,56593361.22269891
S0,2035,05-09,58487175.199081674
S0,2035,10-14,60357300.78241925
S0,2035,15-19,61421487.08661348
S0,2035,20-24,64231459.037278615
S0,2035,25-29,65149916.49023387
S0,2035,30-34,61224161.9716748
S0,2035,35-39,56827365.15138429
S0,2035,40-44,52457685.70393736
S0,2035,45-49,47436698.60835458
S0,2035,50-54,42411819.79284485
S0,2035,55-59,35949494.01021168
S0,2035,60-64,28916262.204717316
S0,2035,65-69,22002814.51590843
S0,2035,70-74,16722478.733133538
S0,2035,75+,23271789.50006107
S0,2035,0-8,
S0,2035,9-14,
S0,2035,0-17,
S0,2035,18-29,
S0,2035,30-65,
S0,2035,66+,
S0,2035,15-26,
S0,2035,27-45,
S0,2035,46-65,
S0,2036,00-04,57004419.50883731
S0,2036,05-09,58908082.65128962
S0,2036,10-14,60791548.07155777
S0,2036,15-19,61861640.36805945
S0,2036,20-24,64688037.621114165
S0,2036,25-29,65606962.25929007
S0,2036,30-34,61645717.82369037
S0,2036,35-39,57216283.67751061
S0,2036,40-44,52818156.85891189
S0,2036,45-49,47763411.12843182
S0,2036,50-54,42702422.466443
S0,2036,55-59,36194657.58327278
S0,2036,60-64,29113224.26418566
S0,2036,65-69,22152584.927033193
S0,2036,70-74,16836091.71348547
S0,2036,75+,23426690.931268435
S0,2036,0-8,
S0,2036,9-14,
S0,2036,0-17,
S0,2036,18-29,
S0,2036,30-65,
S0,2036,66+,
S0,2036,15-26,
S0,2036,27-45,
S0,2036,46-65,
S0,2037,00-04,57371221.6118958
S0,2037,05-09,59287134.11413778
S0,2037,10-14,61182718.929413274
S0,2037,15-19,62259696.86931254
S0,2037,20-24,65104280.9307837
S0,2037,25-29,66029118.5050572
S0,2037,30-34,62042384.944189206
S0,2037,35-39,57584449.04719478
S0,2037,40-44,53158021.92871612
S0,2037,45-49,48070750.80142753
S0,2037,50-54,42977196.57170261
S0,2037,55-59,36427556.65733436
S0,2037,60-64,29300556.96538545
S0,2037,65-69,22295128.51943233
S0,2037,70-74,16944425.66199335
S0,2037,75+,23577432.918913055
S0,2037,0-8,
S0,2037,9-14,
S0,2037,0-17,
S0,2037,18-29,
S0,2037,30-65,
S0,2037,66+,
S0,2037,15-26,
S0,2037,27-45,
S0,2037,46-65,
S0,2038,00-04,57722330.34302234
S0,2038,05-09,59649968.12474614
S0,2038,10-14,61557153.815173574
S0,2038,15-19,62640722.80102418
S0,2038,20-24,65502715.56100909
S0,2038,25-29,66433213.09053674
S0,2038,30-34,62422080.93883236
S0,2038,35-39,57936862.71853602
S0,2038,40-44,53483346.10875273
S0,2038,45-49,48364941.16105358
S0,2038,50-54,43240214.65867562
S0,2038,55-59,36650491.3070882
S0,2038,60-64,29479874.767732624
S0,2038,65-69,22431573.48373371
S0,2038,70-74,17048124.618137203
S0,2038,75+,23721725.515842248
S0,2038,0-8,
S0,2038,9-14,
S0,2038,0-17,
S0,2038,18-29,
S0,2038,30-65,
S0,2038,66+,
S0,2038,15-26,
S0,2038,27-45,
S0,2038,46-65,
S0,2039,00-04,58057882.58581829
S0,2039,05-09,59996726.13794517
S0,2039,10-14,61914998.70639797
S0,2039,15-19,63004866.71034549
S0,2039,20-24,65883496.84591402
S0,2039,25-29,66819403.5564483
S0,2039,30-34,62784953.836280204
S0,2039,35-39,58273662.08388108
S0,2039,40-44,53794256.23023216
S0,2039,45-49,48646096.90065806
S0,2039,50-54,43491579.26785675
S0,2039,55-59,36863548.44605995
S0,2039,60-64,29651247.58024507
S0,2039,65-69,22561973.01450765
S0,2039,70-74,17147229.01009583
S0,2039,75+,23859624.97611227
S0,2039,0-8,
S0,2039,9-14,
S0,2039,0-17,
S0,2039,18-29,
S0,2039,30-65,
S0,2039,66+,
S0,2039,15-26,
S0,2039,27-45,
S0,2039,46-65,
S0,2040,00-04,58378922.13323713
S0,2040,05-09,60328486.80416422
S0,2040,10-14,62257366.74115634
S0,2040,15-19,63353261.329525344
S0,2040,20-24,66247809.2711651
S0,2040,25-29,67188891.21464613
S0,2040,30-34,63132132.41508071
S0,2040,35-39,58595894.81557247
S0,2040,40-44,54091719.432551995
S0,2040,45-49,48915092.6035171
S0,2040,50-54,43732072.31208798
S0,2040,55-59,37067390.82511816
S0,2040,60-64,29815208.48752574
S0,2040,65-69,22686732.74191843
S0,2040,70-74,17242047.11912265
S0,2040,75+,23991560.25970777
S0,2040,0-8,
S0,2040,9-14,
S0,2040,0-17,
S0,2040,18-29,
S0,2040,30-65,
S0,2040,66+,
S0,2040,15-26,
S0,2040,27-45,
S0,2040,46-65,
S0,2041,00-04,58686201.77109497
S0,2041,05-09,60646028.04850898
S0,2041,10-14,62585060.71711816
S0,2041,15-19,63686723.58759887
S0,2041,20-24,66596507.09047835
S0,2041,25-29,67542542.45393048
S0,2041,30-34,63464430.75285108
S0,2041,35-39,58904316.49725052
S0,2041,40-44,54376433.21881218
S0,2041,45-49,49172559.02104854
S0,2041,50-54,43962257.70866248
S0,2041,55-59,37262496.42167373
S0,2041,60-64,29972141.95138439
S0,2041,65-69,22806145.20734908
S0,2041,70-74,17332801.27834813
S0,2041,75+,24117840.73353055
S0,2041,0-8,
S0,2041,9-14,
S0,2041,0-17,
S0,2041,18-29,
S0,2041,30-65,
S0,2041,66+,
S0,2041,15-26,
S0,2041,27-45,
S0,2041,46-65,
S0,2042,00-04,58978664.01807825
S0,2042,05-09,60948257.075067244
S0,2042,10-14,62896952.89845759
S0,2042,15-19,64004105.897602215
S0,2042,20-24,66928390.284774825
S0,2042,25-29,67879140.20837523
S0,2042,30-34,63780705.26817736
S0,2042,35-39,59197865.717337996
S0,2042,40-44,54647417.7664941
S0,2042,45-49,49417610.10064146
S0,2042,50-54,44181343.29068879
S0,2042,55-59,37448193.79350564
S0,2042,60-64,30121507.89631629
S0,2042,65-69,22919799.461178366
S0,2042,70-74,17419179.163701035
S0,2042,75+,24238031.812190324
S0,2042,0-8,
S0,2042,9-14,
S0,2042,0-17,
S0,2042,18-29,
S0,2042,30-65,
S0,2042,66+,
S0,2042,15-26,
S0,2042,27-45,
S0,2042,46-65,
S0,2043,00-04,59255656.27236873
S0,2043,05-09,61234499.48837664
S0,2043,10-14,63192347.32729727
S0,2043,15-19,64304700.05095553
S0,2043,20-24,67242718.28812417
S0,2043,25-29,68197933.39195521
S0,2043,30-34,64080250.224418715
S0,2043,35-39,59475887.44853904
S0,2043,40-44,54904068.39923232
S0,2043,45-49,49649699.03400944
S0,2043,50-54,44388840.189430304
S0,2043,55-59,37624068.57450765
S0,2043,60-64,30262973.026355036
S0,2043,65-69,23027441.89469792
S0,2043,70-74,17500988.03110712
S0,2043,75+,24351865.300672963
S0,2043,0-8,
S0,2043,9-14,
S0,2043,0-17,
S0,2043,18-29,
S0,2043,30-65,
S0,2043,66+,
S0,2043,15-26,
S0,2043,27-45,
S0,2043,46-65,
S0,2044,00-04,59516870.06492108
S0,2044,05-09,61504436.51806507
S0,2044,10-14,63470915.04123458
S0,2044,15-19,64588171.29464646
S0,2044,20-24,67539141.05297945
S0,2044,25-29,68498566.98453012
S0,2044,30-34,64362732.03698839
S0,2044,35-39,59738072.075343914
S0,2044,40-44,55146099.30118023
S0,2044,45-49,49868567.35814281
S0,2044,50-54,44584517.32849676
S0,2044,55-59,37789924.90387513
S0,2044,60-64,30396379.800584115
S0,2044,65-69,23128952.633224618
S0,2044,70-74,17578136.77511909
S0,2044,75+,24459214.429702505
S0,2044,0-8,
S0,2044,9-14,
S0,2044,0-17,
S0,2044,18-29,
S0,2044,30-65,
S0,2044,66+,
S0,2044,15-26,
S0,2044,27-45,
S0,2044,46-65,
S0,2045,00-04,59764461.053487174
S0,2045,05-09,61760295.81009604
S0,2045,10-14,63734954.91065499
S0,2045,15-19,64856858.96526951
S0,2045,20-24,67820104.79791382
S0,2045,25-29,68783521.95438257
S0,2045,30-34,64630481.87723484
S0,2045,35-39,59986583.26728046
S0,2045,40-44,55375507.82395117
S0,2045,45-49,50076021.27628583
S0,2045,50-54,44769989.52668297
S0,2045,55-59,37947131.50520654
S0,2045,60-64,30522829.153775036
S0,2045,65-69,23225169.390603025
S0,2045,70-74,17651262.06306778
S0,2045,75+,24560965.09423836
S0,2045,0-8,
S0,2045,9-14,
S0,2045,0-17,
S0,2045,18-29,
S0,2045,30-65,
S0,2045,66+,
S0,2045,15-26,
S0,2045,27-45,
S0,2045,46-65,
S0,2046,00-04,59997360.28812739
S0,2046,05-09,62000972.71693623
S0,2046,10-14,63983326.969180465
S0,2046,15-19,65109603.0300183
S0,2046,20-24,68084396.48936765
S0,2046,25-29,69051568.03622867
S0,2046,30-34,64882343.76134295
S0,2046,35-39,60220348.10152081
S0,2046,40-44,55591303.51862779
S0,2046,45-49,50271165.12638491
S0,2046,50-54,44944456.02586688
S0,2046,55-59,38095009.65433674
S0,2046,60-64,30641775.15318103
S0,2046,65-69,23315676.760369476
S0,2046,70-74,17720048.18365612
S0,2046,75+,24656677.99571259
S0,2046,0-8,
S0,2046,9-14,
S0,2046,0-17,
S0,2046,18-29,
S0,2046,30-65,
S0,2046,66+,
S0,2046,15-26,
S0,2046,27-45,
S0,2046,46-65,
S0,2047,00-04,60215701.91477099
S0,2047,05-09,62226605.86431956
S0,2047,10-14,64216174.27481909
S0,2047,15-19,65346549.06510089
S0,2047,20-24,68332168.3547822
S0,2047,25-29,69302859.61997367
S0,2047,30-34,65118462.75739993
S0,2047,35-39,60439501.22256457
S0,2047,40-44,55793610.67979632
S0,2047,45-49,50454111.307921104
S0,2047,50-54,45108017.31573319
S0,2047,55-59,38233644.52652092
S0,2047,60-64,30753286.309639663
S0,2047,65-69,23400526.87320291
S0,2047,70-74,17784534.756499358
S0,2047,75+,24746408.263100334
S0,2047,0-8,
S0,2047,9-14,
S0,2047,0-17,
S0,2047,18-29,
S0,2047,30-65,
S0,2047,66+,
S0,2047,15-26,
S0,2047,27-45,
S0,2047,46-65,
S0,2048,00-04,60419124.708692774
S0,2048,05-09,62436821.9644176
S0,2048,10-14,64433111.60462786
S0,2048,15-19,65567305.06662995
S0,2048,20-24,68563010.47999959
S0,2048,25-29,69536980.96843222
S0,2048,30-34,65338448.229773104
S0,2048,35-39,60643680.06314896
S0,2048,40-44,55982094.61017603
S0,2048,45-49,50624557.15444842
S0,2048,50-54,45260402.80023067
S0,2048,55-59,38362806.76401182
S0,2048,60-64,30857178.13892096
S0,2048,65-69,23479579.35294526
S0,2048,70-74,17844615.094911538
S0,2048,75+,24830007.44650824
S0,2048,0-8,
S0,2048,9-14,
S0,2048,0-17,
S0,2048,18-29,
S0,2048,30-65,
S0,2048,66+,
S0,2048,15-26,
S0,2048,27-45,
S0,2048,46-65,
S0,2049,00-04,60608295.33002679
S0,2049,05-09,62632309.940486066
S0,2049,10-14,64634849.908774085
S0,2049,15-19,65772594.49937914
S0,2049,20-24,68777679.38418458
S0,2049,25-29,69754699.34748708
S0,2049,30-34,65543021.11804679
S0,2049,35-39,60833553.761135116
S0,2049,40-44,56157373.01204044
S0,2049,45-49,50783061.25356998
S0,2049,50-54,45402111.87928185
S0,2049,55-59,38482919.65916967
S0,2049,60-64,30953791.116836444
S0,2049,65-69,23553093.27153102
S0,2049,70-74,17900486.095050085
S0,2049,75+,24907749.518394087
S0,2049,0-8,
S0,2049,9-14,
S0,2049,0-17,
S0,2049,18-29,
S0,2049,30-65,
S0,2049,66+,
S0,2049,15-26,
S0,2049,27-45,
S0,2049,46-65,
S0,2050,00-04,60784424.86568463
S0,2050,05-09,62814321.323695675
S0,2050,10-14,64822680.73357715
S0,2050,15-19,65963731.64430469
S0,2050,20-24,68977549.39649226
S0,2050,25-29,69957408.60929891
S0,2050,30-34,65733491.11579666
S0,2050,35-39,61010337.904593036
S0,2050,40-44,56320568.03309348
S0,2050,45-49,50930638.36243222
S0,2050,50-54,45534051.78684135
S0,2050,55-59,38594752.18528543
S0,2050,60-64,31043743.768145483
S0,2050,65-69,23621539.27151553
S0,2050,70-74,17952505.44795884
S0,2050,75+,24980132.190321553
S0,2050,0-8,
S0,2050,9-14,
S0,2050,0-17,
S0,2050,18-29,
S0,2050,30-65,
S0,2050,66+,
S0,2050,15-26,
S0,2050,27-45,
S0,2050,46-65,
S0,2051,00-04,60948342.4603346
S0,2051,05-09,62983712.94800904
S0,2051,10-14,64997488.30851253
S0,2051,15-19,66141616.29566338
S0,2051,20-24,69163561.42189035
S0,2051,25-29,70146063.02484243
S0,2051,30-34,65910754.87662777
S0,2051,35-39,61174864.71981265
S0,2051,40-44,56472447.92768336
S0,2051,45-49,51067983.212742254
S0,2051,50-54,45656843.64117016
S0,2051,55-59,38698830.80342329
S0,2051,60-64,31127459.552553255
S0,2051,65-69,23685239.56822597
S0,2051,70-74,18000918.03913615
S0,2051,75+,25047496.209833536
S0,2051,0-8,
S0,2051,9-14,
S0,2051,0-17,
S0,2051,18-29,
S0,2051,30-65,
S0,2051,66+,
S0,2051,15-26,
S0,2051,27-45,
S0,2051,46-65,
S0,2052,00-04,61099449.37770548
S0,2052,05-09,63139866.0823513
S0,2052,10-14,65158634.11984516
S0,2052,15-19,66305598.70018688
S0,2052,20-24,69335036.02052534
S0,2052,25-29,70319973.50249463
S0,2052,30-34,66074164.91517767
S0,2052,35-39,61326533.24524312
S0,2052,40-44,56612457.9292399
S0,2052,45-49,51194594.12959611
S0,2052,50-54,45770038.92460205
S0,2052,55-59,38794775.349123895
S0,2052,60-64,31204632.684236594
S0,2052,65-69,23743961.485736273
S0,2052,70-74,18045547.03354253
S0,2052,75+,25109595.518647227
S0,2052,0-8,
S0,2052,9-14,
S0,2052,0-17,
S0,2052,18-29,
S0,2052,30-65,
S0,2052,66+,
S0,2052,15-26,
S0,2052,27-45,
S0,2052,46-65,
S0,2053,00-04,61237778.54385267
S0,2053,05-09,63282814.75234376
S0,2053,10-14,65306153.28109601
S0,2053,15-19,66455714.5894871
S0,2053,20-24,69492010.55655123
S0,2053,25-29,70479177.93718535
S0,2053,30-34,66223756.8383403
S0,2053,35-39,61465376.52931383
S0,2053,40-44,56740628.54581099
S0,2053,45-49,51310498.70139369
S0,2053,50-54,45873662.302283
S0,2053,55-59,38882606.72861371
S0,2053,60-64,31275279.97914847
S0,2053,65-69,23797717.81949713
S0,2053,70-74,18086402.15579393
S0,2053,75+,25166443.64814372
S0,2053,0-8,
S0,2053,9-14,
S0,2053,0-17,
S0,2053,18-29,
S0,2053,30-65,
S0,2053,66+,
S0,2053,15-26,
S0,2053,27-45,
S0,2053,46-65,
S0,2054,00-04,61364134.16843178
S0,2054,05-09,63413390.02423135
S0,2054,10-14,65440903.43015281
S0,2054,15-19,66592836.69815065
S0,2054,20-24,69635397.63893607
S0,2054,25-29,70624601.90193121
S0,2054,30-34,66360400.334499955
S0,2054,35-39,61592201.7706277
S0,2054,40-44,56857704.9278973
S0,2054,45-49,51416370.76705389
S0,2054,50-54,45968316.21347584
S0,2054,55-59,38962835.57060117
S0,2054,60-64,31339812.16221618
S0,2054,65-69,23846821.09479779
S0,2054,70-74,18123720.92690428
S0,2054,75+,25218371.0985054
S0,2054,0-8,
S0,2054,9-14,
S0,2054,0-17,
S0,2054,18-29,
S0,2054,30-65,
S0,2054,66+,
S0,2054,15-26,
S0,2054,27-45,
S0,2054,46-65,
S0,2055,00-04,61475917.97871619
S0,2055,05-09,63528906.85594456
S0,2055,10-14,65560113.676219314
S0,2055,15-19,66714145.3603626
S0,2055,20-24,69762248.77411848
S0,2055,25-29,70753255.01840393
S0,2055,30-34,66481285.57963397
S0,2055,35-39,61704401.03964746
S0,2055,40-44,56961279.61345258
S0,2055,45-49,51510033.26084158
S0,2055,50-54,46052054.27331054
S0,2055,55-59,39033812.11542803
S0,2055,60-64,31396902.246914096
S0,2055,65-69,23890261.592431646
S0,2055,70-74,18156735.954480164
S0,2055,75+,25264310.076521784
S0,2055,0-8,
S0,2055,9-14,
S0,2055,0-17,
S0,2055,18-29,
S0,2055,30-65,
S0,2055,66+,
S0,2055,15-26,
S0,2055,27-45,
S0,2055,46-65,
S0,2056,00-04,61576516.69697617
S0,2056,05-09,63632865.06937664
S0,2056,10-14,65667395.74083343
S0,2056,15-19,66823315.87352817
S0,2056,20-24,69876407.18021238
S0,2056,25-29,70869035.09947625
S0,2056,30-34,66590075.04284951
S0,2056,35-39,61805373.645826936
S0,2056,40-44,57054490.61229515
S0,2056,45-49,51594323.88217663
S0,2056,50-54,46127413.499906175
S0,2056,55-59,39097686.74466042
S0,2056,60-64,31448279.895710923
S0,2056,65-69,23929355.43233048
S0,2056,70-74,18186447.49722503
S0,2056,75+,25305652.398767382
S0,2056,0-8,
S0,2056,9-14,
S0,2056,0-17,
S0,2056,18-29,
S0,2056,30-65,
S0,2056,66+,
S0,2056,15-26,
S0,2056,27-45,
S0,2056,46-65,
S0,2057,00-04,61664810.245397136
S0,2057,05-09,63724107.181703575
S0,2057,10-14,65761555.133026
S0,2057,15-19,66919132.72047265
S0,2057,20-24,69976601.80426379
S0,2057,25-29,70970653.03627664
S0,2057,30-34,66685557.44962617
S0,2057,35-39,61893995.3484401
S0,2057,40-44,57136300.102336615
S0,2057,45-49,51668304.12949
S0,2057,50-54,46193554.8348802
S0,2057,55-59,39153748.27075692
S0,2057,60-64,31493373.06389697
S0,2057,65-69,23963667.33913977
S0,2057,70-74,18212524.74337073
S0,2057,75+,25341937.755024053
S0,2057,0-8,
S0,2057,9-14,
S0,2057,0-17,
S0,2057,18-29,
S0,2057,30-65,
S0,2057,66+,
S0,2057,15-26,
S0,2057,27-45,
S0,2057,46-65,
S0,2058,00-04,61742055.65938609
S0,2058,05-09,63803932.20704202
S0,2058,10-14,65843932.40023224
S0,2058,15-19,67002960.0458176
S0,2058,20-24,70064259.11731479
S0,2058,25-29,71059555.56355335
S0,2058,30-34,66769092.18316029
S0,2058,35-39,61971527.854825735
S0,2058,40-44,57207872.805433266
S0,2058,45-49,51733027.25969516
S0,2058,50-54,46251419.93253705
S0,2058,55-59,39202794.84176487
S0,2058,60-64,31532823.742988482
S0,2058,65-69,23993685.81153818
S0,2058,70-74,18235338.95471732
S0,2058,75+,25373682.73997379
S0,2058,0-8,
S0,2058,9-14,
S0,2058,0-17,
S0,2058,18-29,
S0,2058,30-65,
S0,2058,66+,
S0,2058,15-26,
S0,2058,27-45,
S0,2058,46-65,
S0,2059,00-04,61806710.00178712
S0,2059,05-09,63870745.681834705
S0,2059,10-14,65912882.09918497
S0,2059,15-19,67073123.44213507
S0,2059,20-24,70137628.2099157
S0,2059,25-29,71133966.89934717
S0,2059,30-34,66839010.6803939
S0,2059,35-39,62036422.49330597
S0,2059,40-44,57267779.09389246
S0,2059,45-49,51787200.46177223
S0,2059,50-54,46299852.96750676
S0,2059,55-59,39243846.77781896
S0,2059,60-64,31565843.92609346
S0,2059,65-69,24018811.246079605
S0,2059,70-74,18254434.42920365
S0,2059,75+,25400253.263976045
S0,2059,0-8,
S0,2059,9-14,
S0,2059,0-17,
S0,2059,18-29,
S0,2059,30-65,
S0,2059,66+,
S0,2059,15-26,
S0,2059,27-45,
S0,2059,46-65,
S0,2060,00-04,61859098.68561572
S0,2060,05-09,63924883.88626796
S0,2060,10-14,65968751.26194133
S0,2060,15-19,67129976.05016589
S0,2060,20-24,70197078.3574591
S0,2060,25-29,71194261.56478488
S0,2060,30-34,66895664.84946145
S0,2060,35-39,62089005.88633506
S0,2060,40-44,57316320.48320812
S0,2060,45-49,51831096.39590758
S0,2060,50-54,46339097.70903006
S0,2060,55-59,39277110.69820887
S0,2060,60-64,31592599.80773121
S0,2060,65-69,24039170.10207231
S0,2060,70-74,18269907.276629984
S0,2060,75+,25421783.05964668
S0,2060,0-8,
S0,2060,9-14,
S0,2060,0-17,
S0,2060,18-29,
S0,2060,30-65,
S0,2060,66+,
S0,2060,15-26,
S0,2060,27-45,
S0,2060,46-65,
S0,2061,00-04,61898898.66557274
S0,2061,05-09,63966012.98694168
S0,2061,10-14,66011195.38146139
S0,2061,15-19,67173167.2986335
S0,2061,20-24,70242242.97141293
S0,2061,25-29,71240067.7637684
S0,2061,30-34,66938705.34272423
S0,2061,35-39,62128953.78797498
S0,2061,40-44,57353197.65172356
S0,2061,45-49,51864444.38579976
S0,2061,50-54,46368912.16153962
S0,2061,55-59,39302381.487013966
S0,2061,60-64,31612926.402619507
S0,2061,65-69,24054636.840330314
S0,2061,70-74,18281662.08649429
S0,2061,75+,25438139.367412943
S0,2061,0-8,
S0,2061,9-14,
S0,2061,0-17,
S0,2061,18-29,
S0,2061,30-65,
S0,2061,66+,
S0,2061,15-26,
S0,2061,27-45,
S0,2061,46-65,
S0,2062,00-04,61924331.63869913
S0,2062,05-09,63992295.29445231
S0,2062,10-14,66038318.01198262
S0,2062,15-19,67200767.35930584
S0,2062,20-24,70271104.0515992
S0,2062,25-29,71269338.82945806
S0,2062,30-34,66966209.06784373
S0,2062,35-39,62154481.28597777
S0,2062,40-44,57376762.89062173
S0,2062,45-49,51885754.40986669
S0,2062,50-54,46387964.18544195
S0,2062,55-59,39318530.02008502
S0,2062,60-64,31625915.49814427
S0,2062,65-69,24064520.39150026
S0,2062,70-74,18289173.64212088
S0,2062,75+,25448591.371065095
S0,2062,0-8,
S0,2062,9-14,
S0,2062,0-17,
S0,2062,18-29,
S0,2062,30-65,
S0,2062,66+,
S0,2062,15-26,
S0,2062,27-45,
S0,2062,46-65,
S0,2063,00-04,61937582.41525431
S0,2063,05-09,64005988.58081911
S0,2063,10-14,66052449.113165274
S0,2063,15-19,67215147.20530578
S0,2063,20-24,70286140.89856116
S0,2063,25-29,71284589.28205194
S0,2063,30-34,66980538.722272314
S0,2063,35-39,62167781.31072779
S0,2063,40-44,57389040.56313597
S0,2063,45-49,51896857.09793593
S0,2063,50-54,46397890.43788591
S0,2063,55-59,39326943.53125238
S0,2063,60-64,31632682.91780838
S0,2063,65-69,24069669.79843251
S0,2063,70-74,18293087.22095003
S0,2063,75+,25454036.946156155
S0,2063,0-8,
S0,2063,9-14,
S0,2063,0-17,
S0,2063,18-29,
S0,2063,30-65,
S0,2063,66+,
S0,2063,15-26,
S0,2063,27-45,
S0,2063,46-65,
S0,2064,00-04,61938498.72148069
S0,2064,05-09,64006935.4871008
S0,2064,10-14,66053426.29483801
S0,2064,15-19,67216141.58796474
S0,2064,20-24,70287180.71358176
S0,2064,25-29,71285643.86814421
S0,2064,30-34,66981529.63412721
S0,2064,35-39,62168701.02252272
S0,2064,40-44,57389889.578114346
S0,2064,45-49,51897624.8614074
S0,2064,50-54,46398576.84949972
S0,2064,55-59,39327525.33509132
S0,2064,60-64,31633150.89255303
S0,2064,65-69,24070025.88576178
S0,2064,70-74,18293357.84936443
S0,2064,75+,25454413.51384948
S0,2064,0-8,
S0,2064,9-14,
S0,2064,0-17,
S0,2064,18-29,
S0,2064,30-65,
S0,2064,66+,
S0,2064,15-26,
S0,2064,27-45,
S0,2064,46-65,
S0,2065,00-04,61926463.24933187
S0,2065,05-09,63994498.09024284
S0,2065,10-14,66040591.237661704
S0,2065,15-19,67203080.59977919
S0,2065,20-24,70273522.98174518
S0,2065,25-29,71271792.12166837
S0,2065,30-34,66968514.234157294
S0,2065,35-39,62156620.81901233
S0,2065,40-44,57378737.96107651
S0,2065,45-49,51887540.46427956
S0,2065,50-54,46389560.99036616
S0,2065,55-59,39319883.47509112
S0,2065,60-64,31627004.151601836
S0,2065,65-69,24065348.76035272
S0,2065,70-74,18289803.20720407
S0,2065,75+,25449467.383555166
S0,2065,0-8,
S0,2065,9-14,
S0,2065,0-17,
S0,2065,18-29,
S0,2065,30-65,
S0,2065,66+,
S0,2065,15-26,
S0,2065,27-45,
S0,2065,46-65,
S0,2066,00-04,61900266.09575441
S0,2066,05-09,63967426.08246751
S0,2066,10-14,66012653.65782556
S0,2066,15-19,67174651.24452499
S0,2066,20-24,70243794.71732666
S0,2066,25-29,71241641.55297798
S0,2066,30-34,66940184.10903481
S0,2066,35-39,62130326.30038469
S0,2066,40-44,57354464.66123704
S0,2066,45-49,51865590.14134854
S0,2066,50-54,46369936.51336733
S0,2066,55-59,39303249.729645364
S0,2066,60-64,31613624.774813943
S0,2066,65-69,24055168.23971114
S0,2066,70-74,18282065.95307426
S0,2066,75+,25438701.330231134
S0,2066,0-8,
S0,2066,9-14,
S0,2066,0-17,
S0,2066,18-29,
S0,2066,30-65,
S0,2066,66+,
S0,2066,15-26,
S0,2066,27-45,
S0,2066,46-65,
S0,2067,00-04,61862890.73132812
S0,2067,05-09,63928802.56738366
S0,2067,10-14,65972795.23486838
S0,2067,15-19,67134091.20772986
S0,2067,20-24,70201381.53250794
S0,2067,25-29,71198625.86850174
S0,2067,30-34,66899765.643434525
S0,2067,35-39,62092812.02566721
S0,2067,40-44,57319834.05052412
S0,2067,45-49,51834273.71163046
S0,2067,50-54,46341938.35786779
S0,2067,55-59,39279518.43777158
S0,2067,60-64,31594536.47647016
S0,2067,65-69,24040643.735439956
S0,2067,70-74,18271027.24644892
S0,2067,75+,25423341.449042916
S0,2067,0-8,
S0,2067,9-14,
S0,2067,0-17,
S0,2067,18-29,
S0,2067,30-65,
S0,2067,66+,
S0,2067,15-26,
S0,2067,27-45,
S0,2067,46-65,
S0,2068,00-04,61811182.10002914
S0,2068,05-09,63875367.12584089
S0,2068,10-14,65917651.304408036
S0,2068,15-19,67077976.59800478
S0,2068,20-24,70142703.10168408
S0,2068,25-29,71139113.88239011
S0,2068,30-34,66843846.89675539
S0,2068,35-39,62040911.212669365
S0,2068,40-44,57271922.77237339
S0,2068,45-49,51790947.58644751
S0,2068,50-54,46303203.0486073
S0,2068,55-59,39246686.31317331
S0,2068,60-64,31568127.91039105
S0,2068,65-69,24020549.155823473
S0,2068,70-74,18255755.250585623
S0,2068,75+,25402091.12960528
S0,2068,0-8,
S0,2068,9-14,
S0,2068,0-17,
S0,2068,18-29,
S0,2068,30-65,
S0,2068,66+,
S0,2068,15-26,
S0,2068,27-45,
S0,2068,46-65,
S0,2069,00-04,61745350.262692146
S0,2069,05-09,63807336.83365744
S0,2069,10-14,65847445.88281804
S0,2069,15-19,67006535.37500491
S0,2069,20-24,70067997.7997616
S0,2069,25-29,71063347.35577968
S0,2069,30-34,66772655.03297961
S0,2069,35-39,61974834.70294365
S0,2069,40-44,57210925.46127481
S0,2069,45-49,51735787.7735916
S0,2069,50-54,46253887.94367459
S0,2069,55-59,39204886.73287725
S0,2069,60-64,31534506.35857754
S0,2069,65-69,23994966.13296182
S0,2069,70-74,18236312.00634908
S0,2069,75+,25375036.69908886
S0,2069,0-8,
S0,2069,9-14,
S0,2069,0-17,
S0,2069,18-29,
S0,2069,30-65,
S0,2069,66+,
S0,2069,15-26,
S0,2069,27-45,
S0,2069,46-65,
S0,2070,00-04,61666051.96463899
S0,2070,05-09,63725390.368171565
S0,2070,10-14,65762879.34675597
S0,2070,15-19,66920480.24387241
S0,2070,20-24,69978010.89467683
S0,2070,25-29,70972082.14349568
S0,2070,30-34,66686900.26961556
S0,2070,35-39,61895241.6826893
S0,2070,40-44,57137450.63280876
S0,2070,45-49,51669344.55314777
S0,2070,50-54,46194485.01573472
S0,2070,55-59,39154536.693885505
S0,2070,60-64,31494007.23316091
S0,2070,65-69,23964149.88577734
S0,2070,70-74,18212891.48158539
S0,2070,75+,25342448.05533328
S0,2070,0-8,
S0,2070,9-14,
S0,2070,0-17,
S0,2070,18-29,
S0,2070,30-65,
S0,2070,66+,
S0,2070,15-26,
S0,2070,27-45,
S0,2070,46-65,
S0,2071,00-04,61573411.95492467
S0,2071,05-09,63629656.64443422
S0,2071,10-14,65664084.73306775
S0,2071,15-19,66819946.5832542
S0,2071,20-24,69872883.9503933
S0,2071,25-29,70865461.82048571
S0,2071,30-34,66586717.51278306
S0,2071,35-39,61802257.36460711
S0,2071,40-44,57051613.87477033
S0,2071,45-49,51591722.45105373
S0,2071,50-54,46125087.71520609
S0,2071,55-59,39095715.40495719
S0,2071,60-64,31446694.245819103
S0,2071,65-69,23928148.893213615
S0,2071,70-74,18185530.52056996
S0,2071,75+,25304376.4655487
S0,2071,0-8,
S0,2071,9-14,
S0,2071,0-17,
S0,2071,18-29,
S0,2071,30-65,
S0,2071,66+,
S0,2071,15-26,
S0,2071,27-45,
S0,2071,46-65,
S0,2072,00-04,61468806.986614026
S0,2072,05-09,63521558.39219216
S0,2072,10-14,65552530.26037292
S0,2072,15-19,66706428.45630715
S0,2072,20-24,69754179.29233804
S0,2072,25-29,70745070.90575975
S0,2072,30-34,66473595.61074467
S0,2072,35-39,61697263.618639514
S0,2072,40-44,56954690.83490679
S0,2072,45-49,51504075.03440519
S0,2072,50-54,46046727.37775543
S0,2072,55-59,39029297.02823947
S0,2072,60-64,31393270.53011747
S0,2072,65-69,23887498.177632987
S0,2072,70-74,18154635.74336954
S0,2072,75+,25261387.72391074
S0,2072,0-8,
S0,2072,9-14,
S0,2072,0-17,
S0,2072,18-29,
S0,2072,30-65,
S0,2072,66+,
S0,2072,15-26,
S0,2072,27-45,
S0,2072,46-65,
S0,2073,00-04,61350694.936453596
S0,2073,05-09,63399501.98897091
S0,2073,10-14,65426571.35337898
S0,2073,15-19,66578252.33885674
S0,2073,20-24,69620146.93466972
S0,2073,25-29,70609134.55408724
S0,2073,30-34,66345866.880612776
S0,2073,35-39,61578712.59003614
S0,2073,40-44,56845252.63965713
S0,2073,45-49,51405110.17414276
S0,2073,50-54,45958248.78771302
S0,2073,55-59,38954302.40065008
S0,2073,60-64,31332948.49483931
S0,2073,65-69,23841598.4518814
S0,2073,70-74,18119751.68830675
S0,2073,75+,25212848.0752623
S0,2073,0-8,
S0,2073,9-14,
S0,2073,0-17,
S0,2073,18-29,
S0,2073,30-65,
S0,2073,66+,
S0,2073,15-26,
S0,2073,27-45,
S0,2073,46-65,
S0,2074,00-04,61221769.82169977
S0,2074,05-09,63266271.41875929
S0,2074,10-14,65289081.00826684
S0,2074,15-19,66438341.79942783
S0,2074,20-24,69473844.0208718
S0,2074,25-29,70460753.33714285
S0,2074,30-34,66206444.686456956
S0,2074,35-39,61449308.30871078
S0,2074,40-44,56725795.464357495
S0,2074,45-49,51297085.15934871
S0,2074,50-54,45861670.052867755
S0,2074,55-59,38872442.07433493
S0,2074,60-64,31267104.0250341
S0,2074,65-69,23791496.642610826
S0,2074,70-74,18081674.0256471
S0,2074,75+,25159864.660245724
S0,2074,0-8,
S0,2074,9-14,
S0,2074,0-17,
S0,2074,18-29,
S0,2074,30-65,
S0,2074,66+,
S0,2074,15-26,
S0,2074,27-45,
S0,2074,46-65,
S0,2075,00-04,61080777.78856438
S0,2075,05-09,63120570.95530969
S0,2075,10-14,65138722.070593126
S0,2075,15-19,66285336.14611653
S0,2075,20-24,69313847.69037108
S0,2075,25-29,70298484.18193568
S0,2075,30-34,66053973.08574707
S0,2075,35-39,61307792.26076834
S0,2075,40-44,56595157.53512032
S0,2075,45-49,51178949.39895502
S0,2075,50-54,45756051.90228882
S0,2075,55-59,38782919.92139882
S0,2075,60-64,31195096.75409789
S0,2075,65-69,23736705.48755693
S0,2075,70-74,18040032.4332725
S0,2075,75+,25101922.191705704
S0,2075,0-8,
S0,2075,9-14,
S0,2075,0-17,
S0,2075,18-29,
S0,2075,30-65,
S0,2075,66+,
S0,2075,15-26,
S0,2075,27-45,
S0,2075,46-65,
S0,2076,00-04,60927581.50949933
S0,2076,05-09,62962258.68501921
S0,2076,10-14,64975348.08935779
S0,2076,15-19,66119086.349997155
S0,2076,20-24,69140002.10525748
S0,2076,25-29,70122169.03680336
S0,2076,30-34,65888303.56972964
S0,2076,35-39,61154026.60826549
S0,2076,40-44,56453211.60939075
S0,2076,45-49,51050587.82763516
S0,2076,50-54,45641291.46291781
S0,2076,55-59,38685648.746434376
S0,2076,60-64,31116856.54628087
S0,2076,65-69,23677171.61962641
S0,2076,70-74,17994786.3518857
S0,2076,75+,25038964.233140364
S0,2076,0-8,
S0,2076,9-14,
S0,2076,0-17,
S0,2076,18-29,
S0,2076,30-65,
S0,2076,66+,
S0,2076,15-26,
S0,2076,27-45,
S0,2076,46-65,
S0,2077,00-04,60764388.658025
S0,2077,05-09,62793616.006686896
S0,2077,10-14,64801313.40641889
S0,2077,15-19,65941988.195581615
S0,2077,20-24,68954812.51107115
S0,2077,25-29,69934348.73550196
S0,2077,30-34,65711823.56064419
S0,2077,35-39,60990227.22982167
S0,2077,40-44,56302003.23464204
S0,2077,45-49,50913850.23210572
S0,2077,50-54,45519042.5189376
S0,2077,55-59,38582030.30017976
S0,2077,60-64,31033510.901781373
S0,2077,65-69,23613752.966600582
S0,2077,70-74,17946587.81152549
S0,2077,75+,24971898.05605055
S0,2077,0-8,
S0,2077,9-14,
S0,2077,0-17,
S0,2077,18-29,
S0,2077,30-65,
S0,2077,66+,
S0,2077,15-26,
S0,2077,27-45,
S0,2077,46-65,
S0,2078,00-04,60590861.760570765
S0,2078,05-09,62614294.17680892
S0,2078,10-14,64616258.12791261
S0,2078,15-19,65753675.45392069
S0,2078,20-24,68757895.94622384
S0,2078,25-29,69734634.8762899
S0,2078,30-34,65524168.10783099
S0,2078,35-39,60816055.39760293
S0,2078,40-44,56141219.720522456
S0,2078,45-49,50768453.84676646
S0,2078,50-54,45389052.26645842
S0,2078,55-59,38471850.30555899
S0,2078,60-64,30944887.46652878
S0,2078,65-69,23546318.38229816
S0,2078,70-74,17895337.14034125
S0,2078,75+,24900584.97138188
S0,2078,0-8,
S0,2078,9-14,
S0,2078,0-17,
S0,2078,18-29,
S0,2078,30-65,
S0,2078,66+,
S0,2078,15-26,
S0,2078,27-45,
S0,2078,46-65,
S0,2079,00-04,60407458.52630303
S0,2079,05-09,62424766.18975374
S0,2079,10-14,64420670.37123457
S0,2079,15-19,65554644.834569305
S0,2079,20-24,68549771.81443954
S0,2079,25-29,69523554.24127054
S0,2079,30-34,65325832.18712457
S0,2079,35-39,60631970.52190994
S0,2079,40-44,55971285.16317671
S0,2079,45-49,50614782.1813747
S0,2079,50-54,45251663.57872345
S0,2079,55-59,38355399.38260983
S0,2079,60-64,30851220.00116346
S0,2079,65-69,23475045.73786084
S0,2079,70-74,17841169.521421745
S0,2079,75+,24825213.080535423
S0,2079,0-8,
S0,2079,9-14,
S0,2079,0-17,
S0,2079,18-29,
S0,2079,30-65,
S0,2079,66+,
S0,2079,15-26,
S0,2079,27-45,
S0,2079,46-65,
S0,2080,00-04,60214513.24717354
S0,2080,05-09,62225377.50115614
S0,2080,10-14,64214906.63725669
S0,2080,15-19,65345259.113759175
S0,2080,20-24,68330819.46683761
S0,2080,25-29,69301491.5704281
S0,2080,30-34,65117177.30851841
S0,2080,35-39,60438308.13713296
S0,2080,40-44,55792509.304987915
S0,2080,45-49,50453115.33568525
S0,2080,50-54,45107126.87624874
S0,2080,55-59,38232889.78825604
S0,2080,60-64,30752679.23484372
S0,2080,65-69,23400064.94305557
S0,2080,70-74,17784183.68693563
S0,2080,75+,24745919.765038855
S0,2080,0-8,
S0,2080,9-14,
S0,2080,0-17,
S0,2080,18-29,
S0,2080,30-65,
S0,2080,66+,
S0,2080,15-26,
S0,2080,27-45,
S0,2080,46-65,
S0,2081,00-04,60012425.8452716
S0,2081,05-09,62016541.3885074
S0,2081,10-14,63999393.41717255
S0,2081,15-19,65125952.29005866
S0,2081,20-24,68101492.73095252
S0,2081,25-29,69068907.13813505
S0,2081,30-34,64898635.95574774
S0,2081,35-39,60235469.65172254
S0,2081,40-44,55605262.698762715
S0,2081,45-49,50283788.40026364
S0,2081,50-54,44955741.74356048
S0,2081,55-59,38104575.45093348
S0,2081,60-64,30649469.415267803
S0,2081,65-69,23321531.4122892
S0,2081,70-74,17724497.75272427
S0,2081,75+,24662869.3779592
S0,2081,0-8,
S0,2081,9-14,
S0,2081,0-17,
S0,2081,18-29,
S0,2081,30-65,
S0,2081,66+,
S0,2081,15-26,
S0,2081,27-45,
S0,2081,46-65,
S0,2082,00-04,59802226.27720827
S0,2082,05-09,61799322.2038296
S0,2082,10-14,63775229.09348249
S0,2082,15-19,64897842.08041011
S0,2082,20-24,67862960.39110973
S0,2082,25-29,68826986.33185945
S0,2082,30-34,64671321.9444633
S0,2082,35-39,60024488.85025438
S0,2082,40-44,55410499.663662896
S0,2082,45-49,50107664.36505842
S0,2082,50-54,44798279.72859667
S0,2082,55-59,37971110.33619751
S0,2082,60-64,30542116.560559496
S0,2082,65-69,23239845.39876131
S0,2082,70-74,17662415.91351704
S0,2082,75+,24576485.193060305
S0,2082,0-8,
S0,2082,9-14,
S0,2082,0-17,
S0,2082,18-29,
S0,2082,30-65,
S0,2082,66+,
S0,2082,15-26,
S0,2082,27-45,
S0,2082,46-65,
S0,2083,00-04,59585156.2622254
S0,2083,05-09,61575003.13359079
S0,2083,10-14,63543737.8799165
S0,2083,15-19,64662276.00821324
S0,2083,20-24,67616631.53772233
S0,2083,25-29,68577158.25882037
S0,2083,30-34,64436578.094654545
S0,2083,35-39,59806612.06697769
S0,2083,40-44,55209370.73016058
S0,2083,45-49,49925783.65372737
S0,2083,50-54,44635671.01221183
S0,2083,55-59,37833282.86717675
S0,2083,60-64,30431254.839982793
S0,2083,65-69,23155489.44910946
S0,2083,70-74,17598304.90752859
S0,2083,75+,24487277.51065138
S0,2083,0-8,
S0,2083,9-14,
S0,2083,0-17,
S0,2083,18-29,
S0,2083,30-65,
S0,2083,66+,
S0,2083,15-26,
S0,2083,27-45,
S0,2083,46-65,
S0,2084,00-04,59360025.652902834
S0,2084,05-09,61342354.28538606
S0,2084,10-14,63303650.560776435
S0,2084,15-19,64417962.51621115
S0,2084,20-24,67361155.60355787
S0,2084,25-29,68318053.1663293
S0,2084,30-34,64193117.35713011
S0,2084,35-39,59580644.73113814
S0,2084,40-44,55000773.15229912
S0,2084,45-49,49737149.05410652
S0,2084,50-54,44467024.046375625
S0,2084,55-59,37690337.36600064
S0,2084,60-64,30316276.422968574
S0,2084,65-69,23068001.05810989
S0,2084,70-74,17531813.228133798
S0,2084,75+,24394757.224519003
S0,2084,0-8,
S0,2084,9-14,
S0,2084,0-17,
S0,2084,18-29,
S0,2084,30-65,
S0,2084,66+,
S0,2084,15-26,
S0,2084,27-45,
S0,2084,46-65,
S0,2085,00-04,59128805.20314398
S0,2085,05-09,61103412.22646462
S0,2085,10-14,63057068.81838252
S0,2085,15-19,64167040.28190079
S0,2085,20-24,67098768.98017592
S0,2085,25-29,68051939.21496183
S0,2085,30-34,63943070.94452358
S0,2085,35-39,59348564.92119651
S0,2085,40-44,54786532.95672167
S0,2085,45-49,49543411.840425715
S0,2085,50-54,44293815.13707421
S0,2085,55-59,37543525.15253752
S0,2085,60-64,30198187.810431216
S0,2085,65-69,22978146.08380643
S0,2085,70-74,17463522.93184248
S0,2085,75+,24299734.24103524
S0,2085,0-8,
S0,2085,9-14,
S0,2085,0-17,
S0,2085,18-29,
S0,2085,30-65,
S0,2085,66+,
S0,2085,15-26,
S0,2085,27-45,
S0,2085,46-65,
S0,2086,00-04,58890001.25388937
S0,2086,05-09,60856633.41700823
S0,2086,10-14,62802399.76138882
S0,2086,15-19,63907888.37482855
S0,2086,20-24,66827776.67841135
S0,2086,25-29,67777097.3374178
S0,2086,30-34,63684823.58409481
S0,2086,35-39,59108873.4267196
S0,2086,40-44,54565266.174971506
S0,2086,45-49,49343320.49127036
S0,2086,50-54,44114925.37351573
S0,2086,55-59,37391897.83579126
S0,2086,60-64,30076226.162725214
S0,2086,65-69,22885344.07279827
S0,2086,70-74,17392992.87073784
S0,2086,75+,24201594.722019747
S0,2086,0-8,
S0,2086,9-14,
S0,2086,0-17,
S0,2086,18-29,
S0,2086,30-65,
S0,2086,66+,
S0,2086,15-26,
S0,2086,27-45,
S0,2086,46-65,
S0,2087,00-04,58645816.07730651
S0,2087,05-09,60604293.67408475
S0,2087,10-14,62541991.97145779
S0,2087,15-19,63642896.717916116
S0,2087,20-24,66550677.81440379
S0,2087,25-29,67496062.15098168
S0,2087,30-34,63420756.85695235
S0,2087,35-39,58863780.70489931
S0,2087,40-44,54339013.349830925
S0,2087,45-49,49138720.26761953
S0,2087,50-54,43932004.4936905
S0,2087,55-59,37236853.73693929
S0,2087,60-64,29951516.22147682
S0,2087,65-69,22790450.85383766
S0,2087,70-74,17320873.47958457
S0,2087,75+,24101243.7192187
S0,2087,0-8,
S0,2087,9-14,
S0,2087,0-17,
S0,2087,18-29,
S0,2087,30-65,
S0,2087,66+,
S0,2087,15-26,
S0,2087,27-45,
S0,2087,46-65,
S0,2088,00-04,58398304.18526465
S0,2088,05-09,60348516.12000722
S0,2088,10-14,62278036.45339463
S0,2088,15-19,63374294.88345765
S0,2088,20-24,66269803.8274036
S0,2088,25-29,67211198.21411797
S0,2088,30-34,63153092.553266995
S0,2088,35-39,58615348.903459236
S0,2088,40-44,54109678.114932396
S0,2088,45-49,48931332.62363272
S0,2088,50-54,43746591.54728197
S0,2088,55-59,37079697.35753164
S0,2088,60-64,29825107.264361642
S0,2088,65-69,22694264.834294766
S0,2088,70-74,17247771.55256733
S0,2088,75+,23999525.56040508
S0,2088,0-8,
S0,2088,9-14,
S0,2088,0-17,
S0,2088,18-29,
S0,2088,30-65,
S0,2088,66+,
S0,2088,15-26,
S0,2088,27-45,
S0,2088,46-65,
S0,2089,00-04,58144916.50914251
S0,2089,05-09,60086666.55998303
S0,2089,10-14,62007814.78941765
S0,2089,15-19,63099316.602316916
S0,2089,20-24,65982262.06016966
S0,2089,25-29,66919571.77800039
S0,2089,30-34,62879074.05931837
S0,2089,35-39,58361019.47984074
S0,2089,40-44,53874898.59890802
S0,2089,45-49,48719021.72118378
S0,2089,50-54,43556777.00857097
S0,2089,55-59,36918810.179799035
S0,2089,60-64,29695697.434311863
S0,2089,65-69,22595795.416254483
S0,2089,70-74,17172934.22958401
S0,2089,75+,23895392.67342101
S0,2089,0-8,
S0,2089,9-14,
S0,2089,0-17,
S0,2089,18-29,
S0,2089,30-65,
S0,2089,66+,
S0,2089,15-26,
S0,2089,27-45,
S0,2089,46-65,
S0,2090,00-04,57887043.56435616
S0,2090,05-09,59820181.94570415
S0,2090,10-14,61732809.87480915
S0,2090,15-19,62819470.87266168
S0,2090,20-24,65689630.45550574
S0,2090,25-29,66622783.20086791
S0,2090,30-34,62600205.10625064
S0,2090,35-39,58102188.11748708
S0,2090,40-44,53635963.20118357
S0,2090,45-49,48502952.65869959
S0,2090,50-54,43363602.522701055
S0,2090,55-59,36755075.10422152
S0,2090,60-64,29563996.89358332
S0,2090,65-69,22495582.97029004
S0,2090,70-74,17096772.19537232
S0,2090,75+,23789416.508255284
S0,2090,0-8,
S0,2090,9-14,
S0,2090,0-17,
S0,2090,18-29,
S0,2090,30-65,
S0,2090,66+,
S0,2090,15-26,
S0,2090,27-45,
S0,2090,46-65,
S0,2091,00-04,57624416.02317107
S0,2091,05-09,59548783.95523365
S0,2091,10-14,61452734.48885785
S0,2091,15-19,62534465.4179351
S0,2091,20-24,65391603.38302784
S0,2091,25-29,66320522.51071024
S0,2091,30-34,62316194.43767232
S0,2091,35-39,57838584.48767306
S0,2091,40-44,53392622.37278284
S0,2091,45-49,48282899.76926833
S0,2091,50-54,43166866.33432063
S0,2091,55-59,36588321.12256477
S0,2091,60-64,29429868.09145969
S0,2091,65-69,22393522.83249006
S0,2091,70-74,17019205.90475877
S0,2091,75+,23681486.38125121
S0,2091,0-8,
S0,2091,9-14,
S0,2091,0-17,
S0,2091,18-29,
S0,2091,30-65,
S0,2091,66+,
S0,2091,15-26,
S0,2091,27-45,
S0,2091,46-65,
S0,2092,00-04,57358913.630393624
S0,2092,05-09,59274415.10747396
S0,2092,10-14,61169593.25853376
S0,2092,15-19,62246340.15185265
S0,2092,20-24,65090313.958094366
S0,2092,25-29,66014953.12481373
S0,2092,30-34,62029074.84716169
S0,2092,35-39,57572095.32151537
S0,2092,40-44,53146617.81473342
S0,2092,45-49,48060438.07154248
S0,2092,50-54,42967976.57384378
S0,2092,55-59,36419741.76894763
S0,2092,60-64,29294271.048805647
S0,2092,65-69,22290345.49369755
S0,2092,70-74,16940790.53497752
S0,2092,75+,23572374.797435403
S0,2092,0-8,
S0,2092,9-14,
S0,2092,0-17,
S0,2092,18-29,
S0,2092,30-65,
S0,2092,66+,
S0,2092,15-26,
S0,2092,27-45,
S0,2092,46-65,
S0,2093,00-04,57091829.52910507
S0,2093,05-09,58998411.7300321
S0,2093,10-14,60884765.23778502
S0,2093,15-19,61956498.403365485
S0,2093,20-24,64787229.626370266
S0,2093,25-29,65707563.334613755
S0,2093,30-34,61740244.7654752
S0,2093,35-39,57304018.56822592
S0,2093,40-44,52899147.70490809
S0,2093,45-49,47836651.07668087
S0,2093,50-54,42767901.94409466
S0,2093,55-59,36250158.11779621
S0,2093,60-64,29157866.198002696
S0,2093,65-69,22186553.48445627
S0,2093,70-74,16861908.01212662
S0,2093,75+,23462613.19039768
S0,2093,0-8,
S0,2093,9-14,
S0,2093,0-17,
S0,2093,18-29,
S0,2093,30-65,
S0,2093,66+,
S0,2093,15-26,
S0,2093,27-45,
S0,2093,46-65,
S0,2094,00-04,56820279.618821025
S0,2094,05-09,58717793.40786003
S0,2094,10-14,60595174.71889024
S0,2094,15-19,61661810.32414795
S0,2094,20-24,64479077.53985107
S0,2094,25-29,65395033.79972817
S0,2094,30-34,61446585.26874401
S0,2094,35-39,57031459.40819438
S0,2094,40-44,52647539.74398179
S0,2094,45-49,47609122.22683837
S0,2094,50-54,42564481.94456504
S0,2094,55-59,36077738.92461462
S0,2094,60-64,29019180.574938104
S0,2094,65-69,22081026.009545967
S0,2094,70-74,16781706.52540467
S0,2094,75+,23351016.302376535
S0,2094,0-8,
S0,2094,9-14,
S0,2094,0-17,
S0,2094,18-29,
S0,2094,30-65,
S0,2094,66+,
S0,2094,15-26,
S0,2094,27-45,
S0,2094,46-65,
S0,2095,00-04,56546511.97222209
S0,2095,05-09,58434883.28804734
S0,2095,10-14,60303219.12681416
S0,2095,15-19,61364715.54019548
S0,2095,20-24,64168408.7886345
S0,2095,25-29,65079951.849714704
S0,2095,30-34,61150527.46766637
S0,2095,35-39,56756674.26934913
S0,2095,40-44,52393876.91177428
S0,2095,45-49,47379735.15876831
S0,2095,50-54,42359400.62274052
S0,2095,55-59,35903911.59137617
S0,2095,60-64,28879362.312417652
S0,2095,65-69,21974636.69633462
S0,2095,70-74,16700850.036626456
S0,2095,75+,23238508.00742127
S0,2095,0-8,
S0,2095,9-14,
S0,2095,0-17,
S0,2095,18-29,
S0,2095,30-65,
S0,2095,66+,
S0,2095,15-26,
S0,2095,27-45,
S0,2095,46-65,
S0,2096,00-04,56270710.38328973
S0,2096,05-09,58149871.30237724
S0,2096,10-14,60009094.46602019
S0,2096,15-19,61065413.506169364
S0,2096,20-24,63855431.94026833
S0,2096,25-29,64762529.014923215
S0,2096,30-34,60852270.12072481
S0,2096,35-39,56479847.6287653
S0,2096,40-44,52138329.504894555
S0,2096,45-49,47148643.871539086
S0,2096,50-54,42152795.66002041
S0,2096,55-59,35728792.81710671
S0,2096,60-64,28738505.2774686
S0,2096,65-69,21867456.969315596
S0,2096,70-74,16619392.82881698
S0,2096,75+,23125163.83800527
S0,2096,0-8,
S0,2096,9-14,
S0,2096,0-17,
S0,2096,18-29,
S0,2096,30-65,
S0,2096,66+,
S0,2096,15-26,
S0,2096,27-45,
S0,2096,46-65,
S0,2097,00-04,55994188.86060554
S0,2097,05-09,57864115.34076071
S0,2097,10-14,59714202.04217101
S0,2097,15-19,60765330.19442426
S0,2097,20-24,63541638.1183758
S0,2097,25-29,64444277.601104125
S0,2097,30-34,60553234.22304455
S0,2097,35-39,56202298.378704354
S0,2097,40-44,51882115.03440537
S0,2097,45-49,46916949.35929556
S0,2097,50-54,41945651.389725804
S0,2097,55-59,35553216.92467248
S0,2097,60-64,28597280.55887409
S0,2097,65-69,21759997.46761039
S0,2097,70-74,16537722.99063992
S0,2097,75+,23011523.802660946
S0,2097,0-8,
S0,2097,9-14,
S0,2097,0-17,
S0,2097,18-29,
S0,2097,30-65,
S0,2097,66+,
S0,2097,15-26,
S0,2097,27-45,
S0,2097,46-65,
S0,2098,00-04,55716350.07372975
S0,2098,05-09,57576998.12490208
S0,2098,10-14,59417904.840760455
S0,2098,15-19,60463817.37731116
S0,2098,20-24,63226349.47842677
S0,2098,25-29,64124510.13462024
S0,2098,30-34,60252773.80955739
S0,2098,35-39,55923426.96867212
S0,2098,40-44,51624680.03632739
S0,2098,45-49,46684151.12506542
S0,2098,50-54,41737520.3473091
S0,2098,55-59,35376804.6422395
S0,2098,60-64,28455383.08879547
S0,2098,65-69,21652026.06161554
S0,2098,70-74,16455664.102264103
S0,2098,75+,22897342.420849867
S0,2098,0-8,
S0,2098,9-14,
S0,2098,0-17,
S0,2098,18-29,
S0,2098,30-65,
S0,2098,66+,
S0,2098,15-26,
S0,2098,27-45,
S0,2098,46-65,
S0,2099,00-04,55436227.99439271
S0,2099,05-09,57287521.36600836
S0,2099,10-14,59119172.65475368
S0,2099,15-19,60159826.71342212
S0,2099,20-24,62908469.78132979
S0,2099,25-29,63802114.80377734
S0,2099,30-34,59949844.19799772
S0,2099,35-39,55642263.78003202
S0,2099,40-44,51365129.42510199
S0,2099,45-49,46449439.74379344
S0,2099,50-54,41527678.87401468
S0,2099,55-59,35198942.59521793
S0,2099,60-64,28312319.498509716
S0,2099,65-69,21543167.34143352
S0,2099,70-74,16372930.85001232
S0,2099,75+,22782222.690972857
S0,2099,0-8,
S0,2099,9-14,
S0,2099,0-17,
S0,2099,18-29,
S0,2099,30-65,
S0,2099,66+,
S0,2099,15-26,
S0,2099,27-45,
S0,2099,46-65,
S0,2100,00-04,55156417.26975536
S0,2100,05-09,56998366.3595075
S0,2100,10-14,58820772.508514255
S0,2100,15-19,59856173.93408002
S0,2100,20-24,62590943.40639095
S0,2100,25-29,63480077.81420353
S0,2100,30-34,59647251.291629076
S0,2100,35-39,55361413.10328092
S0,2100,40-44,51105867.30346227
S0,2100,45-49,46214989.24339099
S0,2100,50-54,41318070.63877505
S0,2100,55-59,35021278.24123207
S0,2100,60-64,28169414.922898203
S0,2100,65-69,21434429.617333665
S0,2100,70-74,16290289.55547759
S0,2100,75+,22667230.916268148
S0,2100,0-8,
S0,2100,9-14,
S0,2100,0-17,
S0,2100,18-29,
S0,2100,30-65,
S0,2100,66+,
S0,2100,15-26,
S0,2100,27-45,
S0,2100,46-65,
S1,1950,00-04,
S1,1950,05-09,
S1,1950,10-14,
S1,1950,15-19,13170079.44375792
S1,1950,20-24,13793015.848257871
S1,1950,25-29,14026939.13044419
S1,1950,30-34,13238219.97707701
S1,1950,35-39,12321652.866708392
S1,1950,40-44,11378309.50744978
S1,1950,45-49,10288087.31673958
S1,1950,50-54,9208367.002163108
S1,1950,55-59,7815988.436399868
S1,1950,60-64,6291495.556088196
S1,1950,65-69,4789143.956427046
S1,1950,70-74,3640156.3865312524
S1,1950,75+,5083615.136902594
S1,1950,0-8,22164335.1646678
S1,1950,9-14,15347423.06890918
S1,1950,0-17,
S1,1950,18-29,
S1,1950,30-65,
S1,1950,66+,
S1,1950,15-26,
S1,1950,27-45,
S1,1950,46-65,
S1,1951,00-04,
S1,1951,05-09,
S1,1951,10-14,
S1,1951,15-19,13446185.151331158
S1,1951,20-24,14082181.180677893
S1,1951,25-29,14321008.57552516
S1,1951,30-34,13515754.22502064
S1,1951,35-39,12579971.63371073
S1,1951,40-44,11616851.43963461
S1,1951,45-49,10503773.155256681
S1,1951,50-54,9401416.914852237
S1,1951,55-59,7979847.661914206
S1,1951,60-64,6423394.368060129
S1,1951,65-69,4889546.538386121
S1,1951,70-74,3716470.880993684
S1,1951,75+,5190191.195186723
S1,1951,0-8,22652558.734628372
S1,1951,9-14,15645619.246348618
S1,1951,0-17,
S1,1951,18-29,
S1,1951,30-65,
S1,1951,66+,
S1,1951,15-26,
S1,1951,27-45,
S1,1951,46-65,
S1,1952,00-04,
S1,1952,05-09,
S1,1952,10-14,
S1,1952,15-19,13737526.78849417
S1,1952,20-24,14387303.092493791
S1,1952,25-29,14631305.216339
S1,1952,30-34,13808603.231567338
S1,1952,35-39,12852544.82008149
S1,1952,40-44,11868556.47559922
S1,1952,45-49,10731360.863814931
S1,1952,50-54,9605119.613037521
S1,1952,55-59,8152748.886757397
S1,1952,60-64,6562571.555513109
S1,1952,65-69,4995489.486326051
S1,1952,70-74,3796996.52441978
S1,1952,75+,5302648.281191153
S1,1952,0-8,23165728.90312287
S1,1952,9-14,15962264.653629802
S1,1952,0-17,
S1,1952,18-29,
S1,1952,30-65,
S1,1952,66+,
S1,1952,15-26,
S1,1952,27-45,
S1,1952,46-65,
S1,1953,00-04,
S1,1953,05-09,
S1,1953,10-14,
S1,1953,15-19,14043798.30593726
S1,1953,20-24,14708061.05845768
S1,1953,25-29,14957503.09167522
S1,1953,30-34,14116459.363942202
S1,1953,35-39,13139086.09244127
S1,1953,40-44,12133160.203592341
S1,1953,45-49,10970611.36549495
S1,1953,50-54,9819261.110586505
S1,1953,55-59,8334510.481207645
S1,1953,60-64,6708880.915238565
S1,1953,65-69,5106861.509027366
S1,1953,70-74,3881648.7260252545
S1,1953,75+,5420868.260707964
S1,1953,0-8,23696631.290916253
S1,1953,9-14,16303701.963194977
S1,1953,0-17,
S1,1953,18-29,
S1,1953,30-65,
S1,1953,66+,
S1,1953,15-26,
S1,1953,27-45,
S1,1953,46-65,
S1,1954,00-04,
S1,1954,05-09,
S1,1954,10-14,
S1,1954,15-19,14355296.368020602
S1,1954,20-24,15034292.78130833
S1,1954,25-29,15289267.556328097
S1,1954,30-34,14429569.08252076
S1,1954,35-39,13430517.21144355
S1,1954,40-44,12402279.41251517
S1,1954,45-49,11213944.693543129
S1,1954,50-54,10037056.94761051
S1,1954,55-59,8519373.849845735
S1,1954,60-64,6857687.054312866
S1,1954,65-69,5220134.103003419
S1,1954,70-74,3967745.5233093565
S1,1954,75+,5541105.672356475
S1,1954,0-8,24221751.035807062
S1,1954,9-14,16665808.452967172
S1,1954,0-17,
S1,1954,18-29,
S1,1954,30-65,
S1,1954,66+,
S1,1954,15-26,
S1,1954,27-45,
S1,1954,46-65,
S1,1955,00-04,
S1,1955,05-09,
S1,1955,10-14,
S1,1955,15-19,14689632.99436567
S1,1955,20-24,15384443.318024812
S1,1955,25-29,15645356.487062916
S1,1955,30-34,14765635.529564679
S1,1955,35-39,13743315.61695376
S1,1955,40-44,12691130.032625431
S1,1955,45-49,11475118.85120188
S1,1955,50-54,10270821.24423438
S1,1955,55-59,8717791.11957728
S1,1955,60-64,7017403.433236036
S1,1955,65-69,5341711.671332484
S1,1955,70-74,4060154.806855338
S1,1955,75+,5670158.7081993455
S1,1955,0-8,24832645.41590871
S1,1955,9-14,17007190.38597692
S1,1955,0-17,
S1,1955,18-29,
S1,1955,30-65,
S1,1955,66+,
S1,1955,15-26,
S1,1955,27-45,
S1,1955,46-65,
S1,1956,00-04,
S1,1956,05-09,
S1,1956,10-14,
S1,1956,15-19,15032920.9110936
S1,1956,20-24,15743968.53548187
S1,1956,25-29,16010979.08886446
S1,1956,30-34,15110699.579977129
S1,1956,35-39,14064488.6638834
S1,1956,40-44,12987714.133228509
S1,1956,45-49,11743285.49948679
S1,1956,50-54,10510844.17941394
S1,1956,55-59,8921520.671776224
S1,1956,60-64,7181395.94457781
S1,1956,65-69,5466544.270766136
S1,1956,70-74,4155038.1906521195
S1,1956,75+,5802666.917982469
S1,1956,0-8,25462822.430841852
S1,1956,9-14,17354785.250993203
S1,1956,0-17,
S1,1956,18-29,
S1,1956,30-65,
S1,1956,66+,
S1,1956,15-26,
S1,1956,27-45,
S1,1956,46-65,
S1,1957,00-04,
S1,1957,05-09,
S1,1957,10-14,
S1,1957,15-19,15387921.59488298
S1,1957,20-24,16115760.5264535
S1,1957,25-29,16389076.503086193
S1,1957,30-34,15467536.998011379
S1,1957,35-39,14396619.932474202
S1,1957,40-44,13294417.49616276
S1,1957,45-49,12020601.824564729
S1,1957,50-54,10759056.545657553
S1,1957,55-59,9132201.34771755
S1,1957,60-64,7350983.776906929
S1,1957,65-69,5595636.079707594
S1,1957,70-74,4253158.935620849
S1,1957,75+,5939696.224254255
S1,1957,0-8,26130089.33985697
S1,1957,9-14,17698651.18137591
S1,1957,0-17,
S1,1957,18-29,
S1,1957,30-65,
S1,1957,66+,
S1,1957,15-26,
S1,1957,27-45,
S1,1957,46-65,
S1,1958,00-04,
S1,1958,05-09,
S1,1958,10-14,
S1,1958,15-19,15734850.73188999
S1,1958,20-24,16479099.191599369
S1,1958,25-29,16758577.226916768
S1,1958,30-34,15816261.107973602
S1,1958,35-39,14721199.62949137
S1,1958,40-44,13594147.43438186
S1,1958,45-49,12291612.889417548
S1,1958,50-54,11001625.37988113
S1,1958,55-59,9338091.838710913
S1,1958,60-64,7516715.740262064
S1,1958,65-69,5721792.765922043
S1,1958,70-74,4349048.737891432
S1,1958,75+,6073609.935242327
S1,1958,0-8,26813882.029901136
S1,1958,9-14,18003001.49890929
S1,1958,0-17,
S1,1958,18-29,
S1,1958,30-65,
S1,1958,66+,
S1,1958,15-26,
S1,1958,27-45,
S1,1958,46-65,
S1,1959,00-04,
S1,1959,05-09,
S1,1959,10-14,
S1,1959,15-19,16108070.79264508
S1,1959,20-24,16869972.32451146
S1,1959,25-29,17156079.39057712
S1,1959,30-34,16191412.16801339
S1,1959,35-39,15070376.568867818
S1,1959,40-44,13916591.45484473
S1,1959,45-49,12583161.66782884
S1,1959,50-54,11262576.52346982
S1,1959,55-59,9559585.087217994
S1,1959,60-64,7695007.174547718
S1,1959,65-69,5857509.836271966
S1,1959,70-74,4452205.244542814
S1,1959,75+,6217671.871873206
S1,1959,0-8,27260687.60037975
S1,1959,9-14,18619222.218192466
S1,1959,0-17,
S1,1959,18-29,
S1,1959,30-65,
S1,1959,66+,
S1,1959,15-26,
S1,1959,27-45,
S1,1959,46-65,
S1,1960,00-04,
S1,1960,05-09,
S1,1960,10-14,
S1,1960,15-19,16485548.281403722
S1,1960,20-24,17265304.25907138
S1,1960,25-29,17558115.97513546
S1,1960,30-34,16570842.68351799
S1,1960,35-39,15423536.669484008
S1,1960,40-44,14242713.68649356
S1,1960,45-49,12878036.226561528
S1,1960,50-54,11526504.411406131
S1,1960,55-59,9783604.972575417
S1,1960,60-64,7875332.430229751
S1,1960,65-69,5994775.070069211
S1,1960,70-74,4556538.486976503
S1,1960,75+,6363377.164228363
S1,1960,0-8,27887605.584376525
S1,1960,9-14,19067456.76895457
S1,1960,0-17,
S1,1960,18-29,
S1,1960,30-65,
S1,1960,66+,
S1,1960,15-26,
S1,1960,27-45,
S1,1960,46-65,
S1,1961,00-04,
S1,1961,05-09,
S1,1961,10-14,
S1,1961,15-19,16876051.79141375
S1,1961,20-24,17674278.33742604
S1,1961,25-29,17974026.06804924
S1,1961,30-34,16963366.61546614
S1,1961,35-39,15788883.645113321
S1,1961,40-44,14580089.76836264
S1,1961,45-49,13183086.33849388
S1,1961,50-54,11799539.942525081
S1,1961,55-59,10015355.35279492
S1,1961,60-64,8061880.363243878
S1,1961,65-69,6136777.0627614
S1,1961,70-74,4664472.068698335
S1,1961,75+,6514110.465646787
S1,1961,0-8,28542358.95726571
S1,1961,9-14,19524957.374442242
S1,1961,0-17,
S1,1961,18-29,
S1,1961,30-65,
S1,1961,66+,
S1,1961,15-26,
S1,1961,27-45,
S1,1961,46-65,
S1,1962,00-04,
S1,1962,05-09,
S1,1962,10-14,
S1,1962,15-19,17279679.78315536
S1,1962,20-24,18096997.67717392
S1,1962,25-29,18403914.53574459
S1,1962,30-34,17369082.93376168
S1,1962,35-39,16166509.61333661
S1,1962,40-44,14928804.765528668
S1,1962,45-49,13498388.91812154
S1,1962,50-54,12081751.959253978
S1,1962,55-59,10254894.6607795
S1,1962,60-64,8254698.009272487
S1,1962,65-69,6283551.618340128
S1,1962,70-74,4776033.203784531
S1,1962,75+,6669909.781608221
S1,1962,0-8,29207236.733206067
S1,1962,9-14,20009715.461153544
S1,1962,0-17,
S1,1962,18-29,
S1,1962,30-65,
S1,1962,66+,
S1,1962,15-26,
S1,1962,27-45,
S1,1962,46-65,
S1,1963,00-04,
S1,1963,05-09,
S1,1963,10-14,
S1,1963,15-19,17684116.0832855
S1,1963,20-24,18520563.55778443
S1,1963,25-29,18834663.901250985
S1,1963,30-34,17775611.74254388
S1,1963,35-39,16544891.818104649
S1,1963,40-44,15278218.10191591
S1,1963,45-49,13814322.925016992
S1,1963,50-54,12364529.135845758
S1,1963,55-59,10494913.67194618
S1,1963,60-64,8447901.793338913
S1,1963,65-69,6430620.105724686
S1,1963,70-74,4887817.752021372
S1,1963,75+,6826021.1024270905
S1,1963,0-8,29869649.902650066
S1,1963,9-14,20499240.423605528
S1,1963,0-17,
S1,1963,18-29,
S1,1963,30-65,
S1,1963,66+,
S1,1963,15-26,
S1,1963,27-45,
S1,1963,46-65,
S1,1964,00-04,
S1,1964,05-09,
S1,1964,10-14,
S1,1964,15-19,18101730.04644994
S1,1964,20-24,18957930.39653278
S1,1964,25-29,19279448.282875013
S1,1964,30-34,18195386.394130375
S1,1964,35-39,16935602.77078926
S1,1964,40-44,15639016.299664818
S1,1964,45-49,14140550.943312041
S1,1964,50-54,12656519.98179838
S1,1964,55-59,10742753.172149
S1,1964,60-64,8647400.695728209
S1,1964,65-69,6582480.494748875
S1,1964,70-74,5003244.552718327
S1,1964,75+,6987218.965628355
S1,1964,0-8,30549620.446091153
S1,1964,9-14,21008741.370301515
S1,1964,0-17,
S1,1964,18-29,
S1,1964,30-65,
S1,1964,66+,
S1,1964,15-26,
S1,1964,27-45,
S1,1964,46-65,
S1,1965,00-04,
S1,1965,05-09,
S1,1965,10-14,
S1,1965,15-19,18525404.3865076
S1,1965,20-24,19401644.26415757
S1,1965,25-29,19730687.33610158
S1,1965,30-34,18621252.778329335
S1,1965,35-39,17331983.68625873
S1,1965,40-44,16005050.368944902
S1,1965,45-49,14471513.15375194
S1,1965,50-54,12952748.17307928
S1,1965,55-59,10994189.297256019
S1,1965,60-64,8849794.70854221
S1,1965,65-69,6736544.668305706
S1,1965,70-74,5120346.416936863
S1,1965,75+,7150756.117961566
S1,1965,0-8,31253307.057567246
S1,1965,9-14,21511787.754012164
S1,1965,0-17,
S1,1965,18-29,
S1,1965,30-65,
S1,1965,66+,
S1,1965,15-26,
S1,1965,27-45,
S1,1965,46-65,
S1,1966,00-04,
S1,1966,05-09,
S1,1966,10-14,
S1,1966,15-19,18932940.7693819
S1,1966,20-24,19828456.85945979
S1,1966,25-29,20164738.47910576
S1,1966,30-34,19030897.70934068
S1,1966,35-39,17713266.26407271
S1,1966,40-44,16357142.0263789
S1,1966,45-49,14789868.85613505
S1,1966,50-54,13237692.891618479
S1,1966,55-59,11236048.100732509
S1,1966,60-64,9044479.437115591
S1,1966,65-69,6884740.4641929995
S1,1966,70-74,5232987.815434032
S1,1966,75+,7308064.062356708
S1,1966,0-8,31934654.510131016
S1,1966,9-14,21991208.262723885
S1,1966,0-17,
S1,1966,18-29,
S1,1966,30-65,
S1,1966,66+,
S1,1966,15-26,
S1,1966,27-45,
S1,1966,46-65,
S1,1967,00-04,
S1,1967,05-09,
S1,1967,10-14,
S1,1967,15-19,19338018.72207971
S1,1967,20-24,20252694.74239746
S1,1967,25-29,20596171.24379347
S1,1967,30-34,19438071.49052992
S1,1967,35-39,18092248.78565993
S1,1967,40-44,16707109.71944581
S1,1967,45-49,15106304.10356376
S1,1967,50-54,13520918.70425352
S1,1967,55-59,11476447.91059298
S1,1967,60-64,9237989.745853744
S1,1967,65-69,7032042.280961009
S1,1967,70-74,5344949.71383054
S1,1967,75+,7464423.0593357375
S1,1967,0-8,32614356.751096692
S1,1967,9-14,22465271.74445128
S1,1967,0-17,
S1,1967,18-29,
S1,1967,30-65,
S1,1967,66+,
S1,1967,15-26,
S1,1967,27-45,
S1,1967,46-65,
S1,1968,00-04,
S1,1968,05-09,
S1,1968,10-14,
S1,1968,15-19,19763842.7562816
S1,1968,20-24,20698659.983336043
S1,1968,25-29,21049699.85260236
S1,1968,30-34,19866098.691152677
S1,1968,35-39,18490640.91033491
S1,1968,40-44,17075001.0201438
S1,1968,45-49,15438945.593248297
S1,1968,50-54,13818649.93678083
S1,1968,55-59,11729159.80511694
S1,1968,60-64,9441410.691816716
S1,1968,65-69,7186888.165422696
S1,1968,70-74,5462645.744766268
S1,1968,75+,7628789.987809478
S1,1968,0-8,33343728.59322924
S1,1968,9-14,22948755.776821338
S1,1968,0-17,
S1,1968,18-29,
S1,1968,30-65,
S1,1968,66+,
S1,1968,15-26,
S1,1968,27-45,
S1,1968,46-65,
S1,1969,00-04,
S1,1969,05-09,
S1,1969,10-14,
S1,1969,15-19,20191758.79911363
S1,1969,20-24,21146816.18358611
S1,1969,25-29,21505456.57839723
S1,1969,30-34,20296228.72422667
S1,1969,35-39,18890990.27484621
S1,1969,40-44,17444699.71477496
S1,1969,45-49,15773221.29991278
S1,1969,50-54,14117843.877511252
S1,1969,55-59,11983113.23469252
S1,1969,60-64,9645831.013907678
S1,1969,65-69,7342494.784132841
S1,1969,70-74,5580919.998377734
S1,1969,75+,7793964.425970927
S1,1969,0-8,34075432.30993527
S1,1969,9-14,23435866.51082022
S1,1969,0-17,
S1,1969,18-29,
S1,1969,30-65,
S1,1969,66+,
S1,1969,15-26,
S1,1969,27-45,
S1,1969,46-65,
S1,1970,00-04,
S1,1970,05-09,
S1,1970,10-14,
S1,1970,15-19,20629449.77083996
S1,1970,20-24,21605209.660667367
S1,1970,25-29,21971624.20058725
S1,1970,30-34,20736184.26059514
S1,1970,35-39,19300484.85986637
S1,1970,40-44,17822843.4736024
S1,1970,45-49,16115132.8999224
S1,1970,50-54,14423872.335304629
S1,1970,55-59,12242867.74781742
S1,1970,60-64,9854920.92982776
S1,1970,65-69,7501655.940371681
S1,1970,70-74,5701896.002574263
S1,1970,75+,7962911.960316149
S1,1970,0-8,34802435.91122219
S1,1970,9-14,23955518.860435672
S1,1970,0-17,
S1,1970,18-29,
S1,1970,30-65,
S1,1970,66+,
S1,1970,15-26,
S1,1970,27-45,
S1,1970,46-65,
S1,1971,00-04,
S1,1971,05-09,
S1,1971,10-14,
S1,1971,15-19,21106226.39236064
S1,1971,20-24,22104537.513987992
S1,1971,25-29,22479420.427439857
S1,1971,30-34,21215427.67158382
S1,1971,35-39,19746547.167267576
S1,1971,40-44,18234755.33706119
S1,1971,45-49,16487577.08552751
S1,1971,50-54,14757229.026717352
S1,1971,55-59,12525818.24758208
S1,1971,60-64,10082682.50168114
S1,1971,65-69,7675030.13186934
S1,1971,70-74,5833675.121385872
S1,1971,75+,8146946.450042222
S1,1971,0-8,35595971.922116324
S1,1971,9-14,24519964.738282703
S1,1971,0-17,
S1,1971,18-29,
S1,1971,30-65,
S1,1971,66+,
S1,1971,15-26,
S1,1971,27-45,
S1,1971,46-65,
S1,1972,00-04,
S1,1972,05-09,
S1,1972,10-14,
S1,1972,15-19,21564093.46529911
S1,1972,20-24,22584061.409071915
S1,1972,25-29,22967076.82992165
S1,1972,30-34,21675663.69807889
S1,1972,35-39,20174918.09364931
S1,1972,40-44,18630330.2682081
S1,1972,45-49,16845249.67558036
S1,1972,50-54,15077364.380784772
S1,1972,55-59,12797546.5817032
S1,1972,60-64,10301410.76880915
S1,1972,65-69,7841528.089195593
S1,1972,70-74,5960227.717887425
S1,1972,75+,8323681.905027077
S1,1972,0-8,36353725.92975138
S1,1972,9-14,25066333.383554146
S1,1972,0-17,
S1,1972,18-29,
S1,1972,30-65,
S1,1972,66+,
S1,1972,15-26,
S1,1972,27-45,
S1,1972,46-65,
S1,1973,00-04,
S1,1973,05-09,
S1,1973,10-14,
S1,1973,15-19,22056000.91814416
S1,1973,20-24,23099235.772441737
S1,1973,25-29,23490988.31643434
S1,1973,30-34,22170116.22563847
S1,1973,35-39,20635136.492664065
S1,1973,40-44,19055314.43564569
S1,1973,45-49,17229513.6314841
S1,1973,50-54,15421300.374203809
S1,1973,55-59,13089476.70859686
S1,1973,60-64,10536400.5095163
S1,1973,65-69,8020404.428930266
S1,1973,70-74,6096188.936929649
S1,1973,75+,8513556.854826525
S1,1973,0-8,37177450.118005805
S1,1973,9-14,25643687.565648057
S1,1973,0-17,
S1,1973,18-29,
S1,1973,30-65,
S1,1973,66+,
S1,1973,15-26,
S1,1973,27-45,
S1,1973,46-65,
S1,1974,00-04,
S1,1974,05-09,
S1,1974,10-14,
S1,1974,15-19,22553470.28182369
S1,1974,20-24,23620235.121500846
S1,1974,25-29,24020823.577747144
S1,1974,30-34,22670159.440743573
S1,1974,35-39,21100558.49996918
S1,1974,40-44,19485103.824129786
S1,1974,45-49,17618122.392182484
S1,1974,50-54,15769125.19125644
S1,1974,55-59,13384707.63796117
S1,1974,60-64,10774047.23778743
S1,1974,65-69,8201303.291898227
S1,1974,70-74,6233687.4455024265
S1,1974,75+,8705578.68720395
S1,1974,0-8,38016369.37089252
S1,1974,9-14,26221688.429200172
S1,1974,0-17,
S1,1974,18-29,
S1,1974,30-65,
S1,1974,66+,
S1,1974,15-26,
S1,1974,27-45,
S1,1974,46-65,
S1,1975,00-04,
S1,1975,05-09,
S1,1975,10-14,
S1,1975,15-19,23085752.537171107
S1,1975,20-24,24177693.989923477
S1,1975,25-29,24587736.69530715
S1,1975,30-34,23205195.66556479
S1,1975,35-39,21598550.725870896
S1,1975,40-44,19944969.86157704
S1,1975,45-49,18033925.98270378
S1,1975,50-54,16141290.778936416
S1,1975,55-59,13700598.819215057
S1,1975,60-64,11028324.47722276
S1,1975,65-69,8394861.452059412
S1,1975,70-74,6380808.095724357
S1,1975,75+,8911038.201851852
S1,1975,0-8,38933835.13514215
S1,1975,9-14,26820298.81011602
S1,1975,0-17,
S1,1975,18-29,
S1,1975,30-65,
S1,1975,66+,
S1,1975,15-26,
S1,1975,27-45,
S1,1975,46-65,
S1,1976,00-04,
S1,1976,05-09,
S1,1976,10-14,
S1,1976,15-19,23626431.11664737
S1,1976,20-24,24743946.32328082
S1,1976,25-29,25163592.410972014
S1,1976,30-34,23748671.65616654
S1,1976,35-39,22104398.378287975
S1,1976,40-44,20412089.91560563
S1,1976,45-49,18456288.5401733
S1,1976,50-54,16519326.97919527
S1,1976,55-59,14021472.929583348
S1,1976,60-64,11286612.735435149
S1,1976,65-69,8591472.83639662
S1,1976,70-74,6530249.455781905
S1,1976,75+,9119738.674963053
S1,1976,0-8,39850187.51218812
S1,1976,9-14,27443937.45909228
S1,1976,0-17,
S1,1976,18-29,
S1,1976,30-65,
S1,1976,66+,
S1,1976,15-26,
S1,1976,27-45,
S1,1976,46-65,
S1,1977,00-04,
S1,1977,05-09,
S1,1977,10-14,
S1,1977,15-19,24180848.96319715
S1,1977,20-24,25324587.782330066
S1,1977,25-29,25754081.28536309
S1,1977,30-34,24305957.99928894
S1,1977,35-39,22623100.20369968
S1,1977,40-44,20891080.029631644
S1,1977,45-49,18889383.81796727
S1,1977,50-54,16906969.51585431
S1,1977,55-59,14350500.821637612
S1,1977,60-64,11551464.39655684
S1,1977,65-69,8793080.343054267
S1,1977,70-74,6683488.293371574
S1,1977,75+,9333742.468100779
S1,1977,0-8,40781458.371573895
S1,1977,9-14,28091790.576062806
S1,1977,0-17,
S1,1977,18-29,
S1,1977,30-65,
S1,1977,66+,
S1,1977,15-26,
S1,1977,27-45,
S1,1977,46-65,
S1,1978,00-04,
S1,1978,05-09,
S1,1978,10-14,
S1,1978,15-19,24749430.341923386
S1,1978,20-24,25920062.69964444
S1,1978,25-29,26359655.186732166
S1,1978,30-34,24877481.1551356
S1,1978,35-39,23155053.13572697
S1,1978,40-44,21382306.748114802
S1,1978,45-49,19333543.23978308
S1,1978,50-54,17304515.03015937
S1,1978,55-59,14687934.282100368
S1,1978,60-64,11823082.136814753
S1,1978,65-69,8999838.251029862
S1,1978,70-74,6840641.873642048
S1,1978,75+,9553213.346450243
S1,1978,0-8,41733241.42814295
S1,1978,9-14,28759472.861823324
S1,1978,0-17,
S1,1978,18-29,
S1,1978,30-65,
S1,1978,66+,
S1,1978,15-26,
S1,1978,27-45,
S1,1978,46-65,
S1,1979,00-04,
S1,1979,05-09,
S1,1979,10-14,
S1,1979,15-19,25309232.459532764
S1,1979,20-24,26506343.1023594
S1,1979,25-29,26955878.638711575
S1,1979,30-34,25440179.6269401
S1,1979,35-39,23678792.37334412
S1,1979,40-44,21865948.611042526
S1,1979,45-49,19770844.5552881
S1,1979,50-54,17695922.18677894
S1,1979,55-59,15020157.55353863
S1,1979,60-64,12090505.92497553
S1,1979,65-69,9203403.684313158
S1,1979,70-74,6995368.901851075
S1,1979,75+,9769295.45369204
S1,1979,0-8,42703461.01240343
S1,1979,9-14,29383713.03644909
S1,1979,0-17,
S1,1979,18-29,
S1,1979,30-65,
S1,1979,66+,
S1,1979,15-26,
S1,1979,27-45,
S1,1979,46-65,
S1,1980,00-04,
S1,1980,05-09,
S1,1980,10-14,
S1,1980,15-19,25915232.8508237
S1,1980,20-24,27141006.92779957
S1,1980,25-29,27601306.07428351
S1,1980,30-34,26049315.39718076
S1,1980,35-39,24245753.756566085
S1,1980,40-44,22389503.540470995
S1,1980,45-49,20244234.63362467
S1,1980,50-54,18119630.6412565
S1,1980,55-59,15379797.908861512
S1,1980,60-64,12379999.14975646
S1,1980,65-69,9423768.574588664
S1,1980,70-74,7162864.944985701
S1,1980,75+,10003209.969947724
S1,1980,0-8,43737841.33412766
S1,1980,9-14,30075376.985348664
S1,1980,0-17,
S1,1980,18-29,
S1,1980,30-65,
S1,1980,66+,
S1,1980,15-26,
S1,1980,27-45,
S1,1980,46-65,
S1,1981,00-04,
S1,1981,05-09,
S1,1981,10-14,
S1,1981,15-19,26529754.26177941
S1,1981,20-24,27784594.81173014
S1,1981,25-29,28255808.91632336
S1,1981,30-34,26667016.27389878
S1,1981,35-39,24820687.22885768
S1,1981,40-44,22920420.21737248
S1,1981,45-49,20724281.08747615
S1,1981,50-54,18549296.893987365
S1,1981,55-59,15744495.195803571
S1,1981,60-64,12673562.96177897
S1,1981,65-69,9647232.033100171
S1,1981,70-74,7332716.163294851
S1,1981,75+,10240413.57680719
S1,1981,0-8,44751178.926676676
S1,1981,9-14,30812353.70909273
S1,1981,0-17,
S1,1981,18-29,
S1,1981,30-65,
S1,1981,66+,
S1,1981,15-26,
S1,1981,27-45,
S1,1981,46-65,
S1,1982,00-04,
S1,1982,05-09,
S1,1982,10-14,
S1,1982,15-19,27155404.63078545
S1,1982,20-24,28439838.04636826
S1,1982,25-29,28922164.77852337
S1,1982,30-34,27295903.688664295
S1,1982,35-39,25406032.72322176
S1,1982,40-44,23460951.7739513
S1,1982,45-49,21213021.163310353
S1,1982,50-54,18986744.385283776
S1,1982,55-59,16115797.135952331
S1,1982,60-64,12972443.202636758
S1,1982,65-69,9874742.405862719
S1,1982,70-74,7505643.380340034
S1,1982,75+,10481912.931451958
S1,1982,0-8,45806492.16305638
S1,1982,9-14,31539052.910916414
S1,1982,0-17,
S1,1982,18-29,
S1,1982,30-65,
S1,1982,66+,
S1,1982,15-26,
S1,1982,27-45,
S1,1982,46-65,
S1,1983,00-04,
S1,1983,05-09,
S1,1983,10-14,
S1,1983,15-19,27795419.79909727
S1,1983,20-24,29110125.526208363
S1,1983,25-29,29603820.029488914
S1,1983,30-34,27939230.22461725
S1,1983,35-39,26004817.62554852
S1,1983,40-44,24013893.820019674
S1,1983,45-49,21712982.607259765
S1,1983,50-54,19434235.57787182
S1,1983,55-59,16495624.08961711
S1,1983,60-64,13278185.67020944
S1,1983,65-69,10107476.36835943
S1,1983,70-74,7682540.969481865
S1,1983,75+,10728957.059877424
S1,1983,0-8,46857124.005177215
S1,1983,9-14,32311348.133287527
S1,1983,0-17,
S1,1983,18-29,
S1,1983,30-65,
S1,1983,66+,
S1,1983,15-26,
S1,1983,27-45,
S1,1983,46-65,
S1,1984,00-04,
S1,1984,05-09,
S1,1984,10-14,
S1,1984,15-19,28456498.951410685
S1,1984,20-24,29802473.30313338
S1,1984,25-29,30307909.71015524
S1,1984,30-34,28603729.72729355
S1,1984,35-39,26623309.553938836
S1,1984,40-44,24585034.12604946
S1,1984,45-49,22229398.62975385
S1,1984,50-54,19896454.46409623
S1,1984,55-59,16887951.79212581
S1,1984,60-64,13593990.640617087
S1,1984,65-69,10347870.00004114
S1,1984,70-74,7865260.558120097
S1,1984,75+,10984131.829304041
S1,1984,0-8,47952246.54454869
S1,1984,9-14,33099148.27792399
S1,1984,0-17,
S1,1984,18-29,
S1,1984,30-65,
S1,1984,66+,
S1,1984,15-26,
S1,1984,27-45,
S1,1984,46-65,
S1,1985,00-04,
S1,1985,05-09,
S1,1985,10-14,
S1,1985,15-19,29132720.55117252
S1,1985,20-24,30510679.755666975
S1,1985,25-29,31028127.0223634
S1,1985,30-34,29283450.02276536
S1,1985,35-39,27255968.4417472
S1,1985,40-44,25169256.77182551
S1,1985,45-49,22757643.49672863
S1,1985,50-54,20369260.77418635
S1,1985,55-59,17289266.01553298
S1,1985,60-64,13917029.32903206
S1,1985,65-69,10593770.0040263
S1,1985,70-74,8052165.4576383885
S1,1985,75+,11245151.542596593
S1,1985,0-8,49123695.95991957
S1,1985,9-14,33853751.113863684
S1,1985,0-17,
S1,1985,18-29,
S1,1985,30-65,
S1,1985,66+,
S1,1985,15-26,
S1,1985,27-45,
S1,1985,46-65,
S1,1986,00-04,
S1,1986,05-09,
S1,1986,10-14,
S1,1986,15-19,29818789.22623193
S1,1986,20-24,31229199.043914136
S1,1986,25-29,31758832.071293354
S1,1986,30-34,29973068.341212377
S1,1986,35-39,27897840.048741285
S1,1986,40-44,25761986.81278906
S1,1986,45-49,23293580.61574398
S1,1986,50-54,20848952.04526892
S1,1986,55-59,17696424.13889433
S1,1986,60-64,14244772.07642705
S1,1986,65-69,10843250.780728208
S1,1986,70-74,8241792.048714126
S1,1986,75+,11509972.200389944
S1,1986,0-8,50261131.96226762
S1,1986,9-14,34670414.35445194
S1,1986,0-17,
S1,1986,18-29,
S1,1986,30-65,
S1,1986,66+,
S1,1986,15-26,
S1,1986,27-45,
S1,1986,46-65,
S1,1987,00-04,
S1,1987,05-09,
S1,1987,10-14,
S1,1987,15-19,30519942.268119417
S1,1987,20-24,31963516.17997302
S1,1987,25-29,32505602.89235647
S1,1987,30-34,30677849.07133186
S1,1987,35-39,28553824.27613096
S1,1987,40-44,26367749.01466149
S1,1987,45-49,23841301.2083297
S1,1987,50-54,21339190.13092019
S1,1987,55-59,18112534.31430687
S1,1987,60-64,14579720.796061669
S1,1987,65-69,11098216.80940144
S1,1987,70-74,8435587.897422712
S1,1987,75+,11780615.383086445
S1,1987,0-8,51495928.21449445
S1,1987,9-14,35432681.48398674
S1,1987,0-17,
S1,1987,18-29,
S1,1987,30-65,
S1,1987,66+,
S1,1987,15-26,
S1,1987,27-45,
S1,1987,46-65,
S1,1988,00-04,
S1,1988,05-09,
S1,1988,10-14,
S1,1988,15-19,31223363.140923116
S1,1988,20-24,32700208.41391209
S1,1988,25-29,33254789.09188073
S1,1988,30-34,31384909.365873728
S1,1988,35-39,29211930.239037085
S1,1988,40-44,26975470.512389787
S1,1988,45-49,24390793.36520896
S1,1988,50-54,21831013.85768051
S1,1988,55-59,18529990.369240675
S1,1988,60-64,14915752.88411424
S1,1988,65-69,11354007.50802241
S1,1988,70-74,8630010.565371722
S1,1988,75+,12052133.942398775
S1,1988,0-8,52709331.41303727
S1,1988,9-14,36222801.030295
S1,1988,0-17,
S1,1988,18-29,
S1,1988,30-65,
S1,1988,66+,
S1,1988,15-26,
S1,1988,27-45,
S1,1988,46-65,
S1,1989,00-04,
S1,1989,05-09,
S1,1989,10-14,
S1,1989,15-19,31937122.75925544
S1,1989,20-24,33447728.40948586
S1,1989,25-29,34014986.68695763
S1,1989,30-34,32102361.897469185
S1,1989,35-39,29879708.91758812
S1,1989,40-44,27592124.184524875
S1,1989,45-49,24948361.85277383
S1,1989,50-54,22330066.31556397
S1,1989,55-59,18953582.11347261
S1,1989,60-64,15256723.90756401
S1,1989,65-69,11613557.769436968
S1,1989,70-74,8827290.820530083
S1,1989,75+,12327643.229594754
S1,1989,0-8,53902851.16671529
S1,1989,9-14,37062251.41579573
S1,1989,0-17,
S1,1989,18-29,
S1,1989,30-65,
S1,1989,66+,
S1,1989,15-26,
S1,1989,27-45,
S1,1989,46-65,
S1,1990,00-04,
S1,1990,05-09,
S1,1990,10-14,
S1,1990,15-19,32661709.47445478
S1,1990,20-24,34206587.61674133
S1,1990,25-29,34786715.80159459
S1,1990,30-34,32830697.5441325
S1,1990,35-39,30557617.203156333
S1,1990,40-44,28218131.942923956
S1,1990,45-49,25514388.15704596
S1,1990,50-54,22836688.954169985
S1,1990,55-59,19383599.36669817
S1,1990,60-64,15602867.15735571
S1,1990,65-69,11877045.17684581
S1,1990,70-74,9027563.641221289
S1,1990,75+,12607331.746973574
S1,1990,0-8,55083847.44055909
S1,1990,9-14,37945063.62510443
S1,1990,0-17,
S1,1990,18-29,
S1,1990,30-65,
S1,1990,66+,
S1,1990,15-26,
S1,1990,27-45,
S1,1990,46-65,
S1,1991,00-04,
S1,1991,05-09,
S1,1991,10-14,
S1,1991,15-19,33392256.68368461
S1,1991,20-24,34971689.24561445
S1,1991,25-29,35564793.20648371
S1,1991,30-34,33565024.52376268
S1,1991,35-39,31241102.003176935
S1,1991,40-44,28849289.278908
S1,1991,45-49,26085070.62784298
S1,1991,50-54,23347479.10116356
S1,1991,55-59,19817153.96778987
S1,1991,60-64,15951857.80240155
S1,1991,65-69,12142700.047563078
S1,1991,70-74,9229483.918217106
S1,1991,75+,12889320.998968769
S1,1991,0-8,56309638.53364754
S1,1991,9-14,38800058.02825169
S1,1991,0-17,
S1,1991,18-29,
S1,1991,30-65,
S1,1991,66+,
S1,1991,15-26,
S1,1991,27-45,
S1,1991,46-65,
S1,1992,00-04,
S1,1992,05-09,
S1,1992,10-14,
S1,1992,15-19,34115537.09856423
S1,1992,20-24,35729180.36537359
S1,1992,25-29,36335131.03148197
S1,1992,30-34,34292047.11145298
S1,1992,35-39,31917788.14128975
S1,1992,40-44,29474168.45722439
S1,1992,45-49,26650076.48787186
S1,1992,50-54,23853188.389716487
S1,1992,55-59,20246395.97677813
S1,1992,60-64,16297377.01779076
S1,1992,65-69,12405712.434277609
S1,1992,70-74,9429395.682813551
S1,1992,75+,13168505.287948132
S1,1992,0-8,57531735.63288803
S1,1992,9-14,39638048.7343968
S1,1992,0-17,
S1,1992,18-29,
S1,1992,30-65,
S1,1992,66+,
S1,1992,15-26,
S1,1992,27-45,
S1,1992,46-65,
S1,1993,00-04,
S1,1993,05-09,
S1,1993,10-14,
S1,1993,15-19,34848174.65697788
S1,1993,20-24,36496471.21562112
S1,1993,25-29,37115434.78594537
S1,1993,30-34,35028475.2555023
S1,1993,35-39,32603228.62860317
S1,1993,40-44,30107131.753460538
S1,1993,45-49,27222391.8793371
S1,1993,50-54,24365440.08464755
S1,1993,55-59,20681191.12809724
S1,1993,60-64,16647366.24622837
S1,1993,65-69,12672127.435805272
S1,1993,70-74,9631893.723820899
S1,1993,75+,13451301.409089236
S1,1993,0-8,58739524.94602105
S1,1993,9-14,40516998.76717387
S1,1993,0-17,
S1,1993,18-29,
S1,1993,30-65,
S1,1993,66+,
S1,1993,15-26,
S1,1993,27-45,
S1,1993,46-65,
S1,1994,00-04,
S1,1994,05-09,
S1,1994,10-14,
S1,1994,15-19,35578013.91480945
S1,1994,20-24,37260831.40744387
S1,1994,25-29,37892758.17934862
S1,1994,30-34,35762090.62087205
S1,1994,35-39,33286051.083995342
S1,1994,40-44,30737677.453792747
S1,1994,45-49,27792521.31886105
S1,1994,50-54,24875735.240223452
S1,1994,55-59,21114325.58442323
S1,1994,60-64,16996018.69490303
S1,1994,65-69,12937524.86835182
S1,1994,70-74,9833618.325929966
S1,1994,75+,13733017.39375453
S1,1994,0-8,59918245.27718578
S1,1994,9-14,41417047.50540354
S1,1994,0-17,
S1,1994,18-29,
S1,1994,30-65,
S1,1994,66+,
S1,1994,15-26,
S1,1994,27-45,
S1,1994,46-65,
S1,1995,00-04,
S1,1995,05-09,
S1,1995,10-14,
S1,1995,15-19,36296493.94666183
S1,1995,20-24,38013295.08910324
S1,1995,25-29,38657983.30318104
S1,1995,30-34,36484287.98888464
S1,1995,35-39,33958246.08342203
S1,1995,40-44,31358409.33413179
S1,1995,45-49,28353777.257718295
S1,1995,50-54,25378088.156565063
S1,1995,55-59,21540718.731459547
S1,1995,60-64,17339244.71315455
S1,1995,65-69,13198791.65243261
S1,1995,70-74,10032203.284184122
S1,1995,75+,14010348.74783517
S1,1995,0-8,61112430.19366356
S1,1995,9-14,42269277.674392276
S1,1995,0-17,
S1,1995,18-29,
S1,1995,30-65,
S1,1995,66+,
S1,1995,15-26,
S1,1995,27-45,
S1,1995,46-65,
S1,1996,00-04,
S1,1996,05-09,
S1,1996,10-14,
S1,1996,15-19,37028328.49111086
S1,1996,20-24,38779744.94333493
S1,1996,25-29,39437431.7987183
S1,1996,30-34,37219908.96426396
S1,1996,35-39,34642935.28754378
S1,1996,40-44,31990678.86527204
S1,1996,45-49,28925465.357767425
S1,1996,50-54,25889778.393433124
S1,1996,55-59,21975037.321654744
S1,1996,60-64,17688850.33276038
S1,1996,65-69,13464914.64740922
S1,1996,70-74,10234479.375398047
S1,1996,75+,14292834.9077522
S1,1996,0-8,62260466.17824605
S1,1996,9-14,43205693.8463504
S1,1996,0-17,
S1,1996,18-29,
S1,1996,30-65,
S1,1996,66+,
S1,1996,15-26,
S1,1996,27-45,
S1,1996,46-65,
S1,1997,00-04,
S1,1997,05-09,
S1,1997,10-14,
S1,1997,15-19,37762617.59369504
S1,1997,20-24,39548765.45474475
S1,1997,25-29,40219494.54861144
S1,1997,30-34,37957997.19739051
S1,1997,35-39,35329920.92529081
S1,1997,40-44,32625069.015523583
S1,1997,45-49,29499070.888043635
S1,1997,50-54,26403184.828918874
S1,1997,55-59,22410812.60754282
S1,1997,60-64,18039628.522483595
S1,1997,65-69,13731930.213482961
S1,1997,70-74,10437433.89649617
S1,1997,75+,14576268.520487823
S1,1997,0-8,63512691.83805485
S1,1997,9-14,44044911.55309945
S1,1997,0-17,
S1,1997,18-29,
S1,1997,30-65,
S1,1997,66+,
S1,1997,15-26,
S1,1997,27-45,
S1,1997,46-65,
S1,1998,00-04,
S1,1998,05-09,
S1,1998,10-14,
S1,1998,15-19,38499260.58133905
S1,1998,20-24,40320251.18848477
S1,1998,25-29,41004064.3298855
S1,1998,30-34,38698451.4943177
S1,1998,35-39,36019108.80902424
S1,1998,40-44,33261492.808234915
S1,1998,45-49,30074515.205635615
S1,1998,50-54,26918237.07357416
S1,1998,55-59,22847984.843121834
S1,1998,60-64,18391531.18966017
S1,1998,65-69,13999801.742078159
S1,1998,70-74,10641039.02184997
S1,1998,75+,14860610.726506567
S1,1998,0-8,64721793.93440607
S1,1998,9-14,44933957.290629305
S1,1998,0-17,
S1,1998,18-29,
S1,1998,30-65,
S1,1998,66+,
S1,1998,15-26,
S1,1998,27-45,
S1,1998,46-65,
S1,1999,00-04,
S1,1999,05-09,
S1,1999,10-14,
S1,1999,15-19,39238668.91770301
S1,1999,20-24,41094633.07018524
S1,1999,25-29,41791579.37647361
S1,1999,30-34,39441685.447573
S1,1999,35-39,36710883.89560086
S1,1999,40-44,33900305.72804044
S1,1999,45-49,30652119.73412181
S1,1999,50-54,27435222.81802427
S1,1999,55-59,23286798.217898957
S1,1999,60-64,18744754.89512334
S1,1999,65-69,14268678.857098732
S1,1999,70-74,10845408.4783414
S1,1999,75+,15146020.349671237
S1,1999,0-8,65935008.49810676
S1,1999,9-14,45826766.98198518
S1,1999,0-17,
S1,1999,18-29,
S1,1999,30-65,
S1,1999,66+,
S1,1999,15-26,
S1,1999,27-45,
S1,1999,46-65,
S1,2000,00-04,
S1,2000,05-09,
S1,2000,10-14,
S1,2000,15-19,39978184.88101243
S1,2000,20-24,41869127.66951746
S1,2000,25-29,42579209.05233331
S1,2000,30-34,40185027.58462367
S1,2000,35-39,37402759.67571297
S1,2000,40-44,34539211.632303804
S1,2000,45-49,31229808.337682668
S1,2000,50-54,27952283.81398803
S1,2000,55-59,23725675.46556044
S1,2000,60-64,19098030.01519277
S1,2000,65-69,14537595.109387793
S1,2000,70-74,11049807.68248276
S1,2000,75+,15431471.516546527
S1,2000,0-8,67184314.33819385
S1,2000,9-14,46683791.94605143
S1,2000,0-17,
S1,2000,18-29,
S1,2000,30-65,
S1,2000,66+,
S1,2000,15-26,
S1,2000,27-45,
S1,2000,46-65,
S1,2001,00-04,
S1,2001,05-09,
S1,2001,10-14,
S1,2001,15-19,40729269.87172559
S1,2001,20-24,42655738.50391188
S1,2001,25-29,43379160.44909706
S1,2001,30-34,40939998.60594537
S1,2001,35-39,38105459.19764705
S1,2001,40-44,35188112.61480964
S1,2001,45-49,31816534.332749613
S1,2001,50-54,28477433.739912067
S1,2001,55-59,24171418.53242933
S1,2001,60-64,19456831.79019315
S1,2001,65-69,14810718.30195456
S1,2001,70-74,11257404.51873936
S1,2001,75+,15721388.296790361
S1,2001,0-8,68431917.58507292
S1,2001,9-14,47575471.055426784
S1,2001,0-17,
S1,2001,18-29,
S1,2001,30-65,
S1,2001,66+,
S1,2001,15-26,
S1,2001,27-45,
S1,2001,46-65,
S1,2002,00-04,
S1,2002,05-09,
S1,2002,10-14,
S1,2002,15-19,41492895.140053
S1,2002,20-24,43455482.76309797
S1,2002,25-29,44192468.007570006
S1,2002,30-34,41707574.78688966
S1,2002,35-39,38819891.142933205
S1,2002,40-44,35847847.78860593
S1,2002,45-49,32413056.432055905
S1,2002,50-54,29011351.68269385
S1,2002,55-59,24624603.82204568
S1,2002,60-64,19821624.197309226
S1,2002,65-69,15088401.61847536
S1,2002,70-74,11468467.43671866
S1,2002,75+,16016145.59036389
S1,2002,0-8,69710884.03957742
S1,2002,9-14,48471504.87854965
S1,2002,0-17,
S1,2002,18-29,
S1,2002,30-65,
S1,2002,66+,
S1,2002,15-26,
S1,2002,27-45,
S1,2002,46-65,
S1,2003,00-04,
S1,2003,05-09,
S1,2003,10-14,
S1,2003,15-19,42226536.979560584
S1,2003,20-24,44223825.39629819
S1,2003,25-29,44973841.38274713
S1,2003,30-34,42445012.40807213
S1,2003,35-39,39506271.21478542
S1,2003,40-44,36481678.73497039
S1,2003,45-49,32986156.33903064
S1,2003,50-54,29524305.559333507
S1,2003,55-59,25059994.979596227
S1,2003,60-64,20172093.18215731
S1,2003,65-69,15355181.814970313
S1,2003,70-74,11671243.05693527
S1,2003,75+,16299329.361298049
S1,2003,0-8,70958151.45434472
S1,2003,9-14,49313837.25937726
S1,2003,0-17,
S1,2003,18-29,
S1,2003,30-65,
S1,2003,66+,
S1,2003,15-26,
S1,2003,27-45,
S1,2003,46-65,
S1,2004,00-04,
S1,2004,05-09,
S1,2004,10-14,
S1,2004,15-19,42954111.72536851
S1,2004,20-24,44985813.96611486
S1,2004,25-29,45748752.93251255
S1,2004,30-34,43176351.54508362
S1,2004,35-39,40186975.03974814
S1,2004,40-44,37110268.00680886
S1,2004,45-49,33554516.80688448
S1,2004,50-54,30033017.394331615
S1,2004,55-59,25491785.52604936
S1,2004,60-64,20519663.84788645
S1,2004,65-69,15619755.78444521
S1,2004,70-74,11872341.75713232
S1,2004,75+,16580171.250431098
S1,2004,0-8,72166548.01166432
S1,2004,9-14,50177759.8614185
S1,2004,0-17,
S1,2004,18-29,
S1,2004,30-65,
S1,2004,66+,
S1,2004,15-26,
S1,2004,27-45,
S1,2004,46-65,
S1,2005,00-04,
S1,2005,05-09,
S1,2005,10-14,
S1,2005,15-19,43688905.6157116
S1,2005,20-24,45755363.14142441
S1,2005,25-29,46531353.31220501
S1,2005,30-34,43914947.17768512
S1,2005,35-39,40874432.946441084
S1,2005,40-44,37745094.269187205
S1,2005,45-49,34128516.66284126
S1,2005,50-54,30546776.77157162
S1,2005,55-59,25927860.38608224
S1,2005,60-64,20870683.18041791
S1,2005,65-69,15886954.910629991
S1,2005,70-74,12075435.799513679
S1,2005,75+,16863799.709879924
S1,2005,0-8,73402774.11340508
S1,2005,9-14,51034414.89101538
S1,2005,0-17,
S1,2005,18-29,
S1,2005,30-65,
S1,2005,66+,
S1,2005,15-26,
S1,2005,27-45,
S1,2005,46-65,
S1,2006,00-04,
S1,2006,05-09,
S1,2006,10-14,
S1,2006,15-19,44380300.16512522
S1,2006,20-24,46479460.21450479
S1,2006,25-29,47267730.7426648
S1,2006,30-34,44609918.925970785
S1,2006,35-39,41521287.33089557
S1,2006,40-44,38342425.607132986
S1,2006,45-49,34668614.201740816
S1,2006,50-54,31030191.832314726
S1,2006,55-59,26338179.23239476
S1,2006,60-64,21200970.15808691
S1,2006,65-69,16138372.37868483
S1,2006,70-74,12266534.44059696
S1,2006,75+,17130676.140806604
S1,2006,0-8,74582167.35113786
S1,2006,9-14,51824290.349980496
S1,2006,0-17,
S1,2006,18-29,
S1,2006,30-65,
S1,2006,66+,
S1,2006,15-26,
S1,2006,27-45,
S1,2006,46-65,
S1,2007,00-04,
S1,2007,05-09,
S1,2007,10-14,
S1,2007,15-19,45081698.48897946
S1,2007,20-24,47214034.23421188
S1,2007,25-29,48014762.80400607
S1,2007,30-34,45314946.20711877
S1,2007,35-39,42177501.039000385
S1,2007,40-44,38948399.72072138
S1,2007,45-49,35216526.401545145
S1,2007,50-54,31520601.41627613
S1,2007,55-59,26754434.97420453
S1,2007,60-64,21536036.0516847
S1,2007,65-69,16393427.60125046
S1,2007,70-74,12460398.08424342
S1,2007,75+,17401414.001680594
S1,2007,0-8,75794940.55281821
S1,2007,9-14,52609279.155903414
S1,2007,0-17,
S1,2007,18-29,
S1,2007,30-65,
S1,2007,66+,
S1,2007,15-26,
S1,2007,27-45,
S1,2007,46-65,
S1,2008,00-04,
S1,2008,05-09,
S1,2008,10-14,
S1,2008,15-19,45745084.03458017
S1,2008,20-24,47908797.49536386
S1,2008,25-29,48721308.93441444
S1,2008,30-34,45981764.03610595
S1,2008,35-39,42798150.78106081
S1,2008,40-44,39521532.638624236
S1,2008,45-49,35734744.11214808
S1,2008,50-54,31984432.90597278
S1,2008,55-59,27148131.441673238
S1,2008,60-64,21852942.8121901
S1,2008,65-69,16634659.92563104
S1,2008,70-74,12643755.15060459
S1,2008,75+,17657479.03269425
S1,2008,0-8,76922971.99866842
S1,2008,9-14,53370739.59265664
S1,2008,0-17,
S1,2008,18-29,
S1,2008,30-65,
S1,2008,66+,
S1,2008,15-26,
S1,2008,27-45,
S1,2008,46-65,
S1,2009,00-04,
S1,2009,05-09,
S1,2009,10-14,
S1,2009,15-19,46406212.65419744
S1,2009,20-24,48601197.07936484
S1,2009,25-29,49425451.30078121
S1,2009,30-34,46646313.26202447
S1,2009,35-39,43416688.99003351
S1,2009,40-44,40092715.68200395
S1,2009,45-49,36251198.77707736
S1,2009,50-54,32446686.37916308
S1,2009,55-59,27540488.501322627
S1,2009,60-64,22168771.413686976
S1,2009,65-69,16875071.545513988
S1,2009,70-74,12826488.41180439
S1,2009,75+,17912672.89636671
S1,2009,0-8,78018424.26279199
S1,2009,9-14,54158350.90808774
S1,2009,0-17,
S1,2009,18-29,
S1,2009,30-65,
S1,2009,66+,
S1,2009,15-26,
S1,2009,27-45,
S1,2009,46-65,
S1,2010,00-04,
S1,2010,05-09,
S1,2010,10-14,
S1,2010,15-19,47097667.33878399
S1,2010,20-24,49325357.131973684
S1,2010,25-29,50161892.77887364
S1,2010,30-34,47341345.45661578
S1,2010,35-39,44063599.635707155
S1,2010,40-44,40690098.97382082
S1,2010,45-49,36791343.29184462
S1,2010,50-54,32930143.48572257
S1,2010,55-59,27950843.035788573
S1,2010,60-64,22499087.11860662
S1,2010,65-69,17126510.88101476
S1,2010,70-74,13017603.67400485
S1,2010,75+,18179572.539307926
S1,2010,0-8,79069549.66215977
S1,2010,9-14,55076665.48578687
S1,2010,0-17,
S1,2010,18-29,
S1,2010,30-65,
S1,2010,66+,
S1,2010,15-26,
S1,2010,27-45,
S1,2010,46-65,
S1,2011,00-04,
S1,2011,05-09,
S1,2011,10-14,
S1,2011,15-19,47788441.0972405
S1,2011,20-24,50048804.05107841
S1,2011,25-29,50897609.02904176
S1,2011,30-34,48035693.20204065
S1,2011,35-39,44709873.22103217
S1,2011,40-44,41286893.97850607
S1,2011,45-49,37330955.88670117
S1,2011,50-54,33413124.49661892
S1,2011,55-59,28360793.464054495
S1,2011,60-64,22829077.53743065
S1,2011,65-69,17377702.60576463
S1,2011,70-74,13208530.73099276
S1,2011,75+,18446209.346599843
S1,2011,0-8,80087838.29081348
S1,2011,9-14,56025877.382242166
S1,2011,0-17,
S1,2011,18-29,
S1,2011,30-65,
S1,2011,66+,
S1,2011,15-26,
S1,2011,27-45,
S1,2011,46-65,
S1,2012,00-04,
S1,2012,05-09,
S1,2012,10-14,
S1,2012,15-19,48464939.03432121
S1,2012,20-24,50757299.911510795
S1,2012,25-29,51618120.65737515
S1,2012,30-34,48715691.26457001
S1,2012,35-39,45342790.644298255
S1,2012,40-44,41871355.36631522
S1,2012,45-49,37859416.62044255
S1,2012,50-54,33886124.01856165
S1,2012,55-59,28762271.684140496
S1,2012,60-64,23152248.23530092
S1,2012,65-69,17623703.09655447
S1,2012,70-74,13395512.009021929
S1,2012,75+,18707335.72535202
S1,2012,0-8,81162245.32971044
S1,2012,9-14,56878309.674091384
S1,2012,0-17,
S1,2012,18-29,
S1,2012,30-65,
S1,2012,66+,
S1,2012,15-26,
S1,2012,27-45,
S1,2012,46-65,
S1,2013,00-04,
S1,2013,05-09,
S1,2013,10-14,
S1,2013,15-19,49147134.88120954
S1,2013,20-24,51468079.32357386
S1,2013,25-29,52333803.726081625
S1,2013,30-34,49378835.65120704
S1,2013,35-39,45950422.146309026
S1,2013,40-44,42429720.04559071
S1,2013,45-49,38364061.69836552
S1,2013,50-54,34335742.1027732
S1,2013,55-59,29141296.446925916
S1,2013,60-64,23455960.52265254
S1,2013,65-69,17854372.44399215
S1,2013,70-74,13570963.45863171
S1,2013,75+,18949145.812026054
S1,2013,0-8,82314621.4410996
S1,2013,9-14,57698027.35252691
S1,2013,0-17,
S1,2013,18-29,
S1,2013,30-65,
S1,2013,66+,
S1,2013,15-26,
S1,2013,27-45,
S1,2013,46-65,
S1,2014,00-04,
S1,2014,05-09,
S1,2014,10-14,
S1,2014,15-19,49830038.93140941
S1,2014,20-24,52179608.83341429
S1,2014,25-29,53050236.05008417
S1,2014,30-34,50042671.00345778
S1,2014,35-39,46558752.41695346
S1,2014,40-44,42988758.54118331
S1,2014,45-49,38869336.6156051
S1,2014,50-54,34785923.28062257
S1,2014,55-59,29520803.677317046
S1,2014,60-64,23760071.009565473
S1,2014,65-69,18085351.32057483
S1,2014,70-74,13746653.36249366
S1,2014,75+,19191275.684527323
S1,2014,0-8,83455132.54596925
S1,2014,9-14,58531699.8874541
S1,2014,0-17,
S1,2014,18-29,
S1,2014,30-65,
S1,2014,66+,
S1,2014,15-26,
S1,2014,27-45,
S1,2014,46-65,
S1,2015,00-04,
S1,2015,05-09,
S1,2015,10-14,
S1,2015,15-19,50513514.758561715
S1,2015,20-24,52891723.45378089
S1,2015,25-29,53767304.93031629
S1,2015,30-34,50707185.109749466
S1,2015,35-39,47167794.71411351
S1,2015,40-44,43548491.397887014
S1,2015,45-49,39375256.28584379
S1,2015,50-54,35236701.05029693
S1,2015,55-59,29900839.286107637
S1,2015,60-64,24064620.02581288
S1,2015,65-69,18316673.72885732
S1,2015,70-74,13922599.698266268
S1,2015,75+,19433765.51981053
S1,2015,0-8,84689150.76513849
S1,2015,9-14,59273279.03573541
S1,2015,0-17,
S1,2015,18-29,
S1,2015,30-65,
S1,2015,66+,
S1,2015,15-26,
S1,2015,27-45,
S1,2015,46-65,
S1,2016,00-04,
S1,2016,05-09,
S1,2016,10-14,
S1,2016,15-19,51178765.56573182
S1,2016,20-24,53584945.12398696
S1,2016,25-29,54465339.586844765
S1,2016,30-34,51354025.40906696
S1,2016,35-39,47760650.988754734
S1,2016,40-44,44093375.77854155
S1,2016,45-49,39867753.33390497
S1,2016,50-54,35675455.96135639
S1,2016,55-59,30270735.226239745
S1,2016,60-64,24361052.90034913
S1,2016,65-69,18541836.64409292
S1,2016,70-74,14093824.168993989
S1,2016,75+,19669659.661042355
S1,2016,0-8,85881069.82269196
S1,2016,9-14,60004797.14455229
S1,2016,0-17,
S1,2016,18-29,
S1,2016,30-65,
S1,2016,66+,
S1,2016,15-26,
S1,2016,27-45,
S1,2016,46-65,
S1,2017,00-04,
S1,2017,05-09,
S1,2017,10-14,
S1,2017,15-19,51806779.08572507
S1,2017,20-24,54239545.72660784
S1,2017,25-29,55124457.3728985
S1,2017,30-34,51964708.05029768
S1,2017,35-39,48320250.34291609
S1,2017,40-44,44607672.421856426
S1,2017,45-49,40332566.98681501
S1,2017,50-54,36089415.81226434
S1,2017,55-59,30619701.71910794
S1,2017,60-64,24640717.082278002
S1,2017,65-69,18754262.25201868
S1,2017,70-74,14255288.24773803
S1,2017,75+,19891958.227309253
S1,2017,0-8,87001505.61722842
S1,2017,9-14,60700960.738973066
S1,2017,0-17,
S1,2017,18-29,
S1,2017,30-65,
S1,2017,66+,
S1,2017,15-26,
S1,2017,27-45,
S1,2017,46-65,
S1,2018,00-04,
S1,2018,05-09,
S1,2018,10-14,
S1,2018,15-19,52434983.24352618
S1,2018,20-24,54894357.62940729
S1,2018,25-29,55783801.18950969
S1,2018,30-34,52575648.58499676
S1,2018,35-39,48880200.41446756
S1,2018,40-44,45122346.61290014
S1,2018,45-49,40797753.13633601
S1,2018,50-54,36503721.44839824
S1,2018,55-59,30968983.07308982
S1,2018,60-64,24920653.05957304
S1,2018,65-69,18966906.76117956
S1,2018,70-74,14416918.172331758
S1,2018,75+,20114487.554726224
S1,2018,0-8,88050588.17007439
S1,2018,9-14,61468955.985058635
S1,2018,0-17,
S1,2018,18-29,
S1,2018,30-65,
S1,2018,66+,
S1,2018,15-26,
S1,2018,27-45,
S1,2018,46-65,
S1,2019,00-04,
S1,2019,05-09,
S1,2019,10-14,
S1,2019,15-19,53064431.05799347
S1,2019,20-24,55550425.32188067
S1,2019,25-29,56444414.7702536
S1,2019,30-34,53187789.0556288
S1,2019,35-39,49441313.64961186
S1,2019,40-44,45638124.95457673
S1,2019,45-49,41263943.643373445
S1,2019,50-54,36918919.17726825
S1,2019,55-59,31319021.843832336
S1,2019,60-64,25201202.690387905
S1,2019,65-69,19180016.56445133
S1,2019,70-74,14578889.212348038
S1,2019,75+,20337458.218138546
S1,2019,0-8,89019770.16094711
S1,2019,9-14,62320292.20714064
S1,2019,0-17,
S1,2019,18-29,
S1,2019,30-65,
S1,2019,66+,
S1,2019,15-26,
S1,2019,27-45,
S1,2019,46-65,
S1,2020,00-04,
S1,2020,05-09,
S1,2020,10-14,
S1,2020,15-19,53694584.63782907
S1,2020,20-24,56207268.95193532
S1,2020,25-29,57105867.856777154
S1,2020,30-34,53800805.99862477
S1,2020,35-39,50003375.045273885
S1,2020,40-44,46154844.42572346
S1,2020,45-49,41731025.18733229
S1,2020,50-54,37334942.25888407
S1,2020,55-59,31669790.771059237
S1,2020,60-64,25482359.62591483
S1,2020,65-69,19393608.695825703
S1,2020,70-74,14741238.277776068
S1,2020,75+,20560970.045366295
S1,2020,0-8,90049930.00910768
S1,2020,9-14,63112501.21079802
S1,2020,0-17,
S1,2020,18-29,
S1,2020,30-65,
S1,2020,66+,
S1,2020,15-26,
S1,2020,27-45,
S1,2020,46-65,
S1,2021,00-04,
S1,2021,05-09,
S1,2021,10-14,
S1,2021,15-19,54305941.25758326
S1,2021,20-24,56843979.89782679
S1,2021,25-29,57746411.86713499
S1,2021,30-34,54393808.96451659
S1,2021,35-39,50547194.16473911
S1,2021,40-44,46655165.19914798
S1,2021,45-49,42183379.57172605
S1,2021,50-54,37737755.12988637
S1,2021,55-59,32009362.278907582
S1,2021,60-64,25754563.53927411
S1,2021,65-69,19600386.99028574
S1,2021,70-74,14898385.660120592
S1,2021,75+,20777052.96866734
S1,2021,0-8,91031367.21167475
S1,2021,9-14,63898349.88664377
S1,2021,0-17,
S1,2021,18-29,
S1,2021,30-65,
S1,2021,66+,
S1,2021,15-26,
S1,2021,27-45,
S1,2021,46-65,
S1,2022,00-04,
S1,2022,05-09,
S1,2022,10-14,
S1,2022,15-19,54878564.50496528
S1,2022,20-24,57439219.31773673
S1,2022,25-29,58343861.77639865
S1,2022,30-34,54945526.9093274
S1,2022,35-39,51053270.12730593
S1,2022,40-44,47121515.68268676
S1,2022,45-49,42605242.83185202
S1,2022,50-54,38113240.25790016
S1,2022,55-59,32325778.37374398
S1,2022,60-64,26008257.42996358
S1,2022,65-69,19793083.895920355
S1,2022,70-74,15044793.89495764
S1,2022,75+,20977830.44825527
S1,2022,0-8,91974931.559819
S1,2022,9-14,64608387.1747628
S1,2022,0-17,
S1,2022,18-29,
S1,2022,30-65,
S1,2022,66+,
S1,2022,15-26,
S1,2022,27-45,
S1,2022,46-65,
S1,2023,00-04,
S1,2023,05-09,
S1,2023,10-14,
S1,2023,15-19,55451910.55251614
S1,2023,20-24,58035212.15113201
S1,2023,25-29,58942115.46037292
S1,2023,30-34,55498069.92537119
S1,2023,35-39,51560222.1169225
S1,2023,40-44,47588739.03591327
S1,2023,45-49,43027926.00203574
S1,2023,50-54,38489483.702643074
S1,2023,55-59,32642861.08018426
S1,2023,60-64,26262498.95617681
S1,2023,65-69,19986210.49629923
S1,2023,70-74,15191526.000887092
S1,2023,75+,21179051.778147228
S1,2023,0-8,92955788.02712059
S1,2023,9-14,65283256.92589163
S1,2023,0-17,
S1,2023,18-29,
S1,2023,30-65,
S1,2023,66+,
S1,2023,15-26,
S1,2023,27-45,
S1,2023,46-65,
S1,2024,00-04,
S1,2024,05-09,
S1,2024,10-14,
S1,2024,15-19,56026431.48617462
S1,2024,20-24,58632426.901460245
S1,2024,25-29,59541611.139726944
S1,2024,30-34,56051797.79529476
S1,2024,35-39,52068341.28889458
S1,2024,40-44,48057073.91703203
S1,2024,45-49,43451634.04588878
S1,2024,50-54,38866649.44050997
S1,2024,55-59,32960740.662465893
S1,2024,60-64,26517396.707120948
S1,2024,65-69,20179844.278787486
S1,2024,70-74,15338641.688673953
S1,2024,75+,21380793.14086046
S1,2024,0-8,94217494.29654409
S1,2024,9-14,65680545.43824385
S1,2024,0-17,
S1,2024,18-29,
S1,2024,30-65,
S1,2024,66+,
S1,2024,15-26,
S1,2024,27-45,
S1,2024,46-65,
S1,2025,00-04,
S1,2025,05-09,
S1,2025,10-14,
S1,2025,15-19,56601705.23589223
S1,2025,20-24,59230425.70450575
S1,2025,25-29,60141922.56404763
S1,2025,30-34,56606330.05791998
S1,2025,35-39,52577318.95097136
S1,2025,40-44,48526244.36666322
S1,2025,45-49,43876117.9980687
S1,2025,50-54,39244510.11488482
S1,2025,55-59,33279216.03113497
S1,2025,60-64,26772783.52587092
S1,2025,65-69,20373856.14963809
S1,2025,70-74,15486042.529161708
S1,2025,75+,21582914.373877477
S1,2025,0-8,95076174.73196772
S1,2025,9-14,66482790.768414155
S1,2025,0-17,
S1,2025,18-29,
S1,2025,30-65,
S1,2025,66+,
S1,2025,15-26,
S1,2025,27-45,
S1,2025,46-65,
S1,2026,00-04,
S1,2026,05-09,
S1,2026,10-14,
S1,2026,15-19,57154413.316435136
S1,2026,20-24,59804630.176483996
S1,2026,25-29,60717932.369024806
S1,2026,30-34,57138103.850165725
S1,2026,35-39,53065688.39372641
S1,2026,40-44,48976807.09907329
S1,2026,45-49,44283851.974888
S1,2026,50-54,39607388.22054416
S1,2026,55-59,33585060.57414995
S1,2026,60-64,27018091.04352687
S1,2026,65-69,20560222.313354764
S1,2026,70-74,15627610.23803437
S1,2026,75+,21776863.341585804
S1,2026,0-8,95834109.64131221
S1,2026,9-14,67319431.0618591
S1,2026,0-17,
S1,2026,18-29,
S1,2026,30-65,
S1,2026,66+,
S1,2026,15-26,
S1,2026,27-45,
S1,2026,46-65,
S1,2027,00-04,
S1,2027,05-09,
S1,2027,10-14,
S1,2027,15-19,57660981.4847088
S1,2027,20-24,60330226.45565738
S1,2027,25-29,61244250.44928945
S1,2027,30-34,57623246.21035771
S1,2027,35-39,53511659.22136901
S1,2027,40-44,49388996.17847748
S1,2027,45-49,44657028.25102497
S1,2027,50-54,39939353.94573947
S1,2027,55-59,33864825.8471138
S1,2027,60-64,27242569.25326228
S1,2027,65-69,20730760.20936917
S1,2027,70-74,15757092.640044682
S1,2027,75+,21953857.737811204
S1,2027,0-8,96851849.42995894
S1,2027,9-14,67760804.65337372
S1,2027,0-17,
S1,2027,18-29,
S1,2027,30-65,
S1,2027,66+,
S1,2027,15-26,
S1,2027,27-45,
S1,2027,46-65,
S1,2028,00-04,
S1,2028,05-09,
S1,2028,10-14,
S1,2028,15-19,58168103.97134019
S1,2028,20-24,60856362.22633189
S1,2028,25-29,61771130.47262737
S1,2028,30-34,58108963.51036656
S1,2028,35-39,53958266.08498153
S1,2028,40-44,49801834.528713405
S1,2028,45-49,45030818.70128523
S1,2028,50-54,40271886.77100458
S1,2028,55-59,34145095.04872537
S1,2028,60-64,27467466.423072267
S1,2028,65-69,20901633.442711376
S1,2028,70-74,15886827.8019996
S1,2028,75+,22131197.504888967
S1,2028,0-8,97526862.04769446
S1,2028,9-14,68546378.08329724
S1,2028,0-17,
S1,2028,18-29,
S1,2028,30-65,
S1,2028,66+,
S1,2028,15-26,
S1,2028,27-45,
S1,2028,46-65,
S1,2029,00-04,
S1,2029,05-09,
S1,2029,10-14,
S1,2029,15-19,58676438.565403655
S1,2029,20-24,61383784.634973615
S1,2029,25-29,62299341.666070335
S1,2029,30-34,58595981.6597257
S1,2029,35-39,54406187.42380776
S1,2029,40-44,50215923.23635943
S1,2029,45-49,45405758.11486226
S1,2029,50-54,40605448.8497152
S1,2029,55-59,34426244.60139035
S1,2029,60-64,27693085.413378
S1,2029,65-69,21073059.57525267
S1,2029,70-74,16016982.30895567
S1,2029,75+,22309111.43985901
S1,2029,0-8,98483307.06777546
S1,2029,9-14,69053750.9653759
S1,2029,0-17,
S1,2029,18-29,
S1,2029,30-65,
S1,2029,66+,
S1,2029,15-26,
S1,2029,27-45,
S1,2029,46-65,
S1,2030,00-04,
S1,2030,05-09,
S1,2030,10-14,
S1,2030,15-19,59185946.7630516
S1,2030,20-24,61912408.24470118
S1,2030,25-29,62828781.62181151
S1,2030,30-34,59084178.08598099
S1,2030,35-39,54855311.32909107
S1,2030,40-44,50631166.98947272
S1,2030,45-49,45781766.21753034
S1,2030,50-54,40939969.12342118
S1,2030,55-59,34708213.16977666
S1,2030,60-64,27919377.68695633
S1,2030,65-69,21245005.05984495
S1,2030,70-74,16147523.918320403
S1,2030,75+,22487541.004866235
S1,2030,0-8,99556231.3735186
S1,2030,9-14,69448042.21346794
S1,2030,0-17,
S1,2030,18-29,
S1,2030,30-65,
S1,2030,66+,
S1,2030,15-26,
S1,2030,27-45,
S1,2030,46-65,
S1,2031,00-04,
S1,2031,05-09,
S1,2031,10-14,
S1,2031,15-19,59671190.468238614
S1,2031,20-24,62415828.30495014
S1,2031,25-29,63332868.91931292
S1,2031,30-34,59548977.98405299
S1,2031,35-39,55283171.2456337
S1,2031,40-44,51027014.365406804
S1,2031,45-49,46140285.14235137
S1,2031,50-54,41258896.68276109
S1,2031,55-59,34977091.9223636
S1,2031,60-64,28135215.35499753
S1,2031,65-69,21409035.9247568
S1,2031,70-74,16272035.52103156
S1,2031,75+,22657611.85839625
S1,2031,0-8,100421483.96876484
S1,2031,9-14,69979769.57677893
S1,2031,0-17,
S1,2031,18-29,
S1,2031,30-65,
S1,2031,66+,
S1,2031,15-26,
S1,2031,27-45,
S1,2031,46-65,
S1,2032,00-04,
S1,2032,05-09,
S1,2032,10-14,
S1,2032,15-19,60107477.94634421
S1,2032,20-24,62868414.93601461
S1,2032,25-29,63785747.35756954
S1,2032,30-34,59966388.89678326
S1,2032,35-39,55667743.85748547
S1,2032,40-44,51383231.97903274
S1,2032,45-49,46463031.41157008
S1,2032,50-54,41545890.07773446
S1,2032,55-59,35219115.44896969
S1,2032,60-64,28329584.450570114
S1,2032,65-69,21556784.68617247
S1,2032,70-74,16384120.949150559
S1,2032,75+,22810446.129071884
S1,2032,0-8,101150446.1104252
S1,2032,9-14,70506470.13843018
S1,2032,0-17,
S1,2032,18-29,
S1,2032,30-65,
S1,2032,66+,
S1,2032,15-26,
S1,2032,27-45,
S1,2032,46-65,
S1,2033,00-04,
S1,2033,05-09,
S1,2033,10-14,
S1,2033,15-19,60544331.554085374
S1,2033,20-24,63321547.46612027
S1,2033,25-29,64239221.53979133
S1,2033,30-34,60384444.10917957
S1,2033,35-39,56053081.800346464
S1,2033,40-44,51740232.2955737
S1,2033,45-49,46786528.063961305
S1,2033,50-54,41833583.7218667
S1,2033,55-59,35461763.65426746
S1,2033,60-64,28524481.38559134
S1,2033,65-69,21704949.94679531
S1,2033,70-74,16496517.04018934
S1,2033,75+,22963691.769146234
S1,2033,0-8,101880751.99756657
S1,2033,9-14,71033380.07811412
S1,2033,0-17,
S1,2033,18-29,
S1,2033,30-65,
S1,2033,66+,
S1,2033,15-26,
S1,2033,27-45,
S1,2033,46-65,
S1,2034,00-04,
S1,2034,05-09,
S1,2034,10-14,
S1,2034,15-19,60982501.76763862
S1,2034,20-24,63776096.6658708
S1,2034,25-29,64694155.99114696
S1,2034,30-34,60803908.008583896
S1,2034,35-39,56439804.6596314
S1,2034,40-44,52098559.37928592
S1,2034,45-49,47111244.80985625
S1,2034,50-54,42122375.88440917
S1,2034,55-59,35705352.97905984
S1,2034,60-64,28720142.64606321
S1,2034,65-69,21853708.54608465
S1,2034,70-74,16609369.91497255
S1,2034,75+,23117571.763077125
S1,2034,0-8,102597696.30575931
S1,2034,9-14,71577061.23958592
S1,2034,0-17,
S1,2034,18-29,
S1,2034,30-65,
S1,2034,66+,
S1,2034,15-26,
S1,2034,27-45,
S1,2034,46-65,
S1,2035,00-04,
S1,2035,05-09,
S1,2035,10-14,
S1,2035,15-19,61421487.08661348
S1,2035,20-24,64231459.037278615
S1,2035,25-29,65149916.49023387
S1,2035,30-34,61224161.9716748
S1,2035,35-39,56827365.15138429
S1,2035,40-44,52457685.70393736
S1,2035,45-49,47436698.60835458
S1,2035,50-54,42411819.79284485
S1,2035,55-59,35949494.01021168
S1,2035,60-64,28916262.204717316
S1,2035,65-69,22002814.51590843
S1,2035,70-74,16722478.733133538
S1,2035,75+,23271789.50006107
S1,2035,0-8,103340578.08263399
S1,2035,9-14,72097259.12156586
S1,2035,0-17,
S1,2035,18-29,
S1,2035,30-65,
S1,2035,66+,
S1,2035,15-26,
S1,2035,27-45,
S1,2035,46-65,
S1,2036,00-04,
S1,2036,05-09,
S1,2036,10-14,
S1,2036,15-19,61861640.36805945
S1,2036,20-24,64688037.621114165
S1,2036,25-29,65606962.25929007
S1,2036,30-34,61645717.82369037
S1,2036,35-39,57216283.67751061
S1,2036,40-44,52818156.85891189
S1,2036,45-49,47763411.12843182
S1,2036,50-54,42702422.466443
S1,2036,55-59,36194657.58327278
S1,2036,60-64,29113224.26418566
S1,2036,65-69,22152584.927033193
S1,2036,70-74,16836091.71348547
S1,2036,75+,23426690.931268435
S1,2036,0-8,104074118.54872008
S1,2036,9-14,72629931.68296461
S1,2036,0-17,
S1,2036,18-29,
S1,2036,30-65,
S1,2036,66+,
S1,2036,15-26,
S1,2036,27-45,
S1,2036,46-65,
S1,2037,00-04,
S1,2037,05-09,
S1,2037,10-14,
S1,2037,15-19,62259696.86931254
S1,2037,20-24,65104280.9307837
S1,2037,25-29,66029118.5050572
S1,2037,30-34,62042384.944189206
S1,2037,35-39,57584449.04719478
S1,2037,40-44,53158021.92871612
S1,2037,45-49,48070750.80142753
S1,2037,50-54,42977196.57170261
S1,2037,55-59,36427556.65733436
S1,2037,60-64,29300556.96538545
S1,2037,65-69,22295128.51943233
S1,2037,70-74,16944425.66199335
S1,2037,75+,23577432.918913055
S1,2037,0-8,104735397.93234554
S1,2037,9-14,73105676.72310135
S1,2037,0-17,
S1,2037,18-29,
S1,2037,30-65,
S1,2037,66+,
S1,2037,15-26,
S1,2037,27-45,
S1,2037,46-65,
S1,2038,00-04,
S1,2038,05-09,
S1,2038,10-14,
S1,2038,15-19,62640722.80102418
S1,2038,20-24,65502715.56100909
S1,2038,25-29,66433213.09053674
S1,2038,30-34,62422080.93883236
S1,2038,35-39,57936862.71853602
S1,2038,40-44,53483346.10875273
S1,2038,45-49,48364941.16105358
S1,2038,50-54,43240214.65867562
S1,2038,55-59,36650491.3070882
S1,2038,60-64,29479874.767732624
S1,2038,65-69,22431573.48373371
S1,2038,70-74,17048124.618137203
S1,2038,75+,23721725.515842248
S1,2038,0-8,105369239.6264167
S1,2038,9-14,73560212.65652534
S1,2038,0-17,
S1,2038,18-29,
S1,2038,30-65,
S1,2038,66+,
S1,2038,15-26,
S1,2038,27-45,
S1,2038,46-65,
S1,2039,00-04,
S1,2039,05-09,
S1,2039,10-14,
S1,2039,15-19,63004866.71034549
S1,2039,20-24,65883496.84591402
S1,2039,25-29,66819403.5564483
S1,2039,30-34,62784953.836280204
S1,2039,35-39,58273662.08388108
S1,2039,40-44,53794256.23023216
S1,2039,45-49,48646096.90065806
S1,2039,50-54,43491579.26785675
S1,2039,55-59,36863548.44605995
S1,2039,60-64,29651247.58024507
S1,2039,65-69,22561973.01450765
S1,2039,70-74,17147229.01009583
S1,2039,75+,23859624.97611227
S1,2039,0-8,105961293.22223972
S1,2039,9-14,74008314.20792171
S1,2039,0-17,
S1,2039,18-29,
S1,2039,30-65,
S1,2039,66+,
S1,2039,15-26,
S1,2039,27-45,
S1,2039,46-65,
S1,2040,00-04,
S1,2040,05-09,
S1,2040,10-14,
S1,2040,15-19,63353261.329525344
S1,2040,20-24,66247809.2711651
S1,2040,25-29,67188891.21464613
S1,2040,30-34,63132132.41508071
S1,2040,35-39,58595894.81557247
S1,2040,40-44,54091719.432551995
S1,2040,45-49,48915092.6035171
S1,2040,50-54,43732072.31208798
S1,2040,55-59,37067390.82511816
S1,2040,60-64,29815208.48752574
S1,2040,65-69,22686732.74191843
S1,2040,70-74,17242047.11912265
S1,2040,75+,23991560.25970777
S1,2040,0-8,106517559.51289536
S1,2040,9-14,74447216.16566235
S1,2040,0-17,
S1,2040,18-29,
S1,2040,30-65,
S1,2040,66+,
S1,2040,15-26,
S1,2040,27-45,
S1,2040,46-65,
S1,2041,00-04,
S1,2041,05-09,
S1,2041,10-14,
S1,2041,15-19,63686723.58759887
S1,2041,20-24,66596507.09047835
S1,2041,25-29,67542542.45393048
S1,2041,30-34,63464430.75285108
S1,2041,35-39,58904316.49725052
S1,2041,40-44,54376433.21881218
S1,2041,45-49,49172559.02104854
S1,2041,50-54,43962257.70866248
S1,2041,55-59,37262496.42167373
S1,2041,60-64,29972141.95138439
S1,2041,65-69,22806145.20734908
S1,2041,70-74,17332801.27834813
S1,2041,75+,24117840.73353055
S1,2041,0-8,107064698.07082304
S1,2041,9-14,74852592.46589908
S1,2041,0-17,
S1,2041,18-29,
S1,2041,30-65,
S1,2041,66+,
S1,2041,15-26,
S1,2041,27-45,
S1,2041,46-65,
S1,2042,00-04,
S1,2042,05-09,
S1,2042,10-14,
S1,2042,15-19,64004105.897602215
S1,2042,20-24,66928390.284774825
S1,2042,25-29,67879140.20837523
S1,2042,30-34,63780705.26817736
S1,2042,35-39,59197865.717337996
S1,2042,40-44,54647417.7664941
S1,2042,45-49,49417610.10064146
S1,2042,50-54,44181343.29068879
S1,2042,55-59,37448193.79350564
S1,2042,60-64,30121507.89631629
S1,2042,65-69,22919799.461178366
S1,2042,70-74,17419179.163701035
S1,2042,75+,24238031.812190324
S1,2042,0-8,107598088.9663543
S1,2042,9-14,75225785.0252488
S1,2042,0-17,
S1,2042,18-29,
S1,2042,30-65,
S1,2042,66+,
S1,2042,15-26,
S1,2042,27-45,
S1,2042,46-65,
S1,2043,00-04,
S1,2043,05-09,
S1,2043,10-14,
S1,2043,15-19,64304700.05095553
S1,2043,20-24,67242718.28812417
S1,2043,25-29,68197933.39195521
S1,2043,30-34,64080250.224418715
S1,2043,35-39,59475887.44853904
S1,2043,40-44,54904068.39923232
S1,2043,45-49,49649699.03400944
S1,2043,50-54,44388840.189430304
S1,2043,55-59,37624068.57450765
S1,2043,60-64,30262973.026355036
S1,2043,65-69,23027441.89469792
S1,2043,70-74,17500988.03110712
S1,2043,75+,24351865.300672963
S1,2043,0-8,108088793.5265248
S1,2043,9-14,75593709.56151785
S1,2043,0-17,
S1,2043,18-29,
S1,2043,30-65,
S1,2043,66+,
S1,2043,15-26,
S1,2043,27-45,
S1,2043,46-65,
S1,2044,00-04,
S1,2044,05-09,
S1,2044,10-14,
S1,2044,15-19,64588171.29464646
S1,2044,20-24,67539141.05297945
S1,2044,25-29,68498566.98453012
S1,2044,30-34,64362732.03698839
S1,2044,35-39,59738072.075343914
S1,2044,40-44,55146099.30118023
S1,2044,45-49,49868567.35814281
S1,2044,50-54,44584517.32849676
S1,2044,55-59,37789924.90387513
S1,2044,60-64,30396379.800584115
S1,2044,65-69,23128952.633224618
S1,2044,70-74,17578136.77511909
S1,2044,75+,24459214.429702505
S1,2044,0-8,108544070.4843121
S1,2044,9-14,75948151.13990866
S1,2044,0-17,
S1,2044,18-29,
S1,2044,30-65,
S1,2044,66+,
S1,2044,15-26,
S1,2044,27-45,
S1,2044,46-65,
S1,2045,00-04,
S1,2045,05-09,
S1,2045,10-14,
S1,2045,15-19,64856858.96526951
S1,2045,20-24,67820104.79791382
S1,2045,25-29,68783521.95438257
S1,2045,30-34,64630481.87723484
S1,2045,35-39,59986583.26728046
S1,2045,40-44,55375507.82395117
S1,2045,45-49,50076021.27628583
S1,2045,50-54,44769989.52668297
S1,2045,55-59,37947131.50520654
S1,2045,60-64,30522829.153775036
S1,2045,65-69,23225169.390603025
S1,2045,70-74,17651262.06306778
S1,2045,75+,24560965.09423836
S1,2045,0-8,108973579.11365664
S1,2045,9-14,76286132.66058156
S1,2045,0-17,
S1,2045,18-29,
S1,2045,30-65,
S1,2045,66+,
S1,2045,15-26,
S1,2045,27-45,
S1,2045,46-65,
S1,2046,00-04,
S1,2046,05-09,
S1,2046,10-14,
S1,2046,15-19,65109603.0300183
S1,2046,20-24,68084396.48936765
S1,2046,25-29,69051568.03622867
S1,2046,30-34,64882343.76134295
S1,2046,35-39,60220348.10152081
S1,2046,40-44,55591303.51862779
S1,2046,45-49,50271165.12638491
S1,2046,50-54,44944456.02586688
S1,2046,55-59,38095009.65433674
S1,2046,60-64,30641775.15318103
S1,2046,65-69,23315676.760369476
S1,2046,70-74,17720048.18365612
S1,2046,75+,24656677.99571259
S1,2046,0-8,109387475.4225921
S1,2046,9-14,76594184.55165198
S1,2046,0-17,
S1,2046,18-29,
S1,2046,30-65,
S1,2046,66+,
S1,2046,15-26,
S1,2046,27-45,
S1,2046,46-65,
S1,2047,00-04,
S1,2047,05-09,
S1,2047,10-14,
S1,2047,15-19,65346549.06510089
S1,2047,20-24,68332168.3547822
S1,2047,25-29,69302859.61997367
S1,2047,30-34,65118462.75739993
S1,2047,35-39,60439501.22256457
S1,2047,40-44,55793610.67979632
S1,2047,45-49,50454111.307921104
S1,2047,50-54,45108017.31573319
S1,2047,55-59,38233644.52652092
S1,2047,60-64,30753286.309639663
S1,2047,65-69,23400526.87320291
S1,2047,70-74,17784534.756499358
S1,2047,75+,24746408.263100334
S1,2047,0-8,109782828.51985846
S1,2047,9-14,76875653.53405118
S1,2047,0-17,
S1,2047,18-29,
S1,2047,30-65,
S1,2047,66+,
S1,2047,15-26,
S1,2047,27-45,
S1,2047,46-65,
S1,2048,00-04,
S1,2048,05-09,
S1,2048,10-14,
S1,2048,15-19,65567305.06662995
S1,2048,20-24,68563010.47999959
S1,2048,25-29,69536980.96843222
S1,2048,30-34,65338448.229773104
S1,2048,35-39,60643680.06314896
S1,2048,40-44,55982094.61017603
S1,2048,45-49,50624557.15444842
S1,2048,50-54,45260402.80023067
S1,2048,55-59,38362806.76401182
S1,2048,60-64,30857178.13892096
S1,2048,65-69,23479579.35294526
S1,2048,70-74,17844615.094911538
S1,2048,75+,24830007.44650824
S1,2048,0-8,110158080.94229199
S1,2048,9-14,77130977.33544625
S1,2048,0-17,
S1,2048,18-29,
S1,2048,30-65,
S1,2048,66+,
S1,2048,15-26,
S1,2048,27-45,
S1,2048,46-65,
S1,2049,00-04,
S1,2049,05-09,
S1,2049,10-14,
S1,2049,15-19,65772594.49937914
S1,2049,20-24,68777679.38418458
S1,2049,25-29,69754699.34748708
S1,2049,30-34,65543021.11804679
S1,2049,35-39,60833553.761135116
S1,2049,40-44,56157373.01204044
S1,2049,45-49,50783061.25356998
S1,2049,50-54,45402111.87928185
S1,2049,55-59,38482919.65916967
S1,2049,60-64,30953791.116836444
S1,2049,65-69,23553093.27153102
S1,2049,70-74,17900486.095050085
S1,2049,75+,24907749.518394087
S1,2049,0-8,110502591.75905447
S1,2049,9-14,77372863.42023246
S1,2049,0-17,
S1,2049,18-29,
S1,2049,30-65,
S1,2049,66+,
S1,2049,15-26,
S1,2049,27-45,
S1,2049,46-65,
S1,2050,00-04,
S1,2050,05-09,
S1,2050,10-14,
S1,2050,15-19,65963731.64430469
S1,2050,20-24,68977549.39649226
S1,2050,25-29,69957408.60929891
S1,2050,30-34,65733491.11579666
S1,2050,35-39,61010337.904593036
S1,2050,40-44,56320568.03309348
S1,2050,45-49,50930638.36243222
S1,2050,50-54,45534051.78684135
S1,2050,55-59,38594752.18528543
S1,2050,60-64,31043743.768145483
S1,2050,65-69,23621539.27151553
S1,2050,70-74,17952505.44795884
S1,2050,75+,24980132.190321553
S1,2050,0-8,110805878.20102409
S1,2050,9-14,77615548.72193336
S1,2050,0-17,
S1,2050,18-29,
S1,2050,30-65,
S1,2050,66+,
S1,2050,15-26,
S1,2050,27-45,
S1,2050,46-65,
S1,2051,00-04,
S1,2051,05-09,
S1,2051,10-14,
S1,2051,15-19,66141616.29566338
S1,2051,20-24,69163561.42189035
S1,2051,25-29,70146063.02484243
S1,2051,30-34,65910754.87662777
S1,2051,35-39,61174864.71981265
S1,2051,40-44,56472447.92768336
S1,2051,45-49,51067983.212742254
S1,2051,50-54,45656843.64117016
S1,2051,55-59,38698830.80342329
S1,2051,60-64,31127459.552553255
S1,2051,65-69,23685239.56822597
S1,2051,70-74,18000918.03913615
S1,2051,75+,25047496.209833536
S1,2051,0-8,111108401.81411055
S1,2051,9-14,77821141.90274563
S1,2051,0-17,
S1,2051,18-29,
S1,2051,30-65,
S1,2051,66+,
S1,2051,15-26,
S1,2051,27-45,
S1,2051,46-65,
S1,2052,00-04,
S1,2052,05-09,
S1,2052,10-14,
S1,2052,15-19,66305598.70018688
S1,2052,20-24,69335036.02052534
S1,2052,25-29,70319973.50249463
S1,2052,30-34,66074164.91517767
S1,2052,35-39,61326533.24524312
S1,2052,40-44,56612457.9292399
S1,2052,45-49,51194594.12959611
S1,2052,50-54,45770038.92460205
S1,2052,55-59,38794775.349123895
S1,2052,60-64,31204632.684236594
S1,2052,65-69,23743961.485736273
S1,2052,70-74,18045547.03354253
S1,2052,75+,25109595.518647227
S1,2052,0-8,111394120.40924738
S1,2052,9-14,78003829.17065455
S1,2052,0-17,
S1,2052,18-29,
S1,2052,30-65,
S1,2052,66+,
S1,2052,15-26,
S1,2052,27-45,
S1,2052,46-65,
S1,2053,00-04,
S1,2053,05-09,
S1,2053,10-14,
S1,2053,15-19,66455714.5894871
S1,2053,20-24,69492010.55655123
S1,2053,25-29,70479177.93718535
S1,2053,30-34,66223756.8383403
S1,2053,35-39,61465376.52931383
S1,2053,40-44,56740628.54581099
S1,2053,45-49,51310498.70139369
S1,2053,50-54,45873662.302283
S1,2053,55-59,38882606.72861371
S1,2053,60-64,31275279.97914847
S1,2053,65-69,23797717.81949713
S1,2053,70-74,18086402.15579393
S1,2053,75+,25166443.64814372
S1,2053,0-8,111648914.34516454
S1,2053,9-14,78177832.23212792
S1,2053,0-17,
S1,2053,18-29,
S1,2053,30-65,
S1,2053,66+,
S1,2053,15-26,
S1,2053,27-45,
S1,2053,46-65,
S1,2054,00-04,
S1,2054,05-09,
S1,2054,10-14,
S1,2054,15-19,66592836.69815065
S1,2054,20-24,69635397.63893607
S1,2054,25-29,70624601.90193121
S1,2054,30-34,66360400.334499955
S1,2054,35-39,61592201.7706277
S1,2054,40-44,56857704.9278973
S1,2054,45-49,51416370.76705389
S1,2054,50-54,45968316.21347584
S1,2054,55-59,38962835.57060117
S1,2054,60-64,31339812.16221618
S1,2054,65-69,23846821.09479779
S1,2054,70-74,18123720.92690428
S1,2054,75+,25218371.0985054
S1,2054,0-8,111877077.95938632
S1,2054,9-14,78341349.66342965
S1,2054,0-17,
S1,2054,18-29,
S1,2054,30-65,
S1,2054,66+,
S1,2054,15-26,
S1,2054,27-45,
S1,2054,46-65,
S1,2055,00-04,
S1,2055,05-09,
S1,2055,10-14,
S1,2055,15-19,66714145.3603626
S1,2055,20-24,69762248.77411848
S1,2055,25-29,70753255.01840393
S1,2055,30-34,66481285.57963397
S1,2055,35-39,61704401.03964746
S1,2055,40-44,56961279.61345258
S1,2055,45-49,51510033.26084158
S1,2055,50-54,46052054.27331054
S1,2055,55-59,39033812.11542803
S1,2055,60-64,31396902.246914096
S1,2055,65-69,23890261.592431646
S1,2055,70-74,18156735.954480164
S1,2055,75+,25264310.076521784
S1,2055,0-8,112096498.29999885
S1,2055,9-14,78468440.2108812
S1,2055,0-17,
S1,2055,18-29,
S1,2055,30-65,
S1,2055,66+,
S1,2055,15-26,
S1,2055,27-45,
S1,2055,46-65,
S1,2056,00-04,
S1,2056,05-09,
S1,2056,10-14,
S1,2056,15-19,66823315.87352817
S1,2056,20-24,69876407.18021238
S1,2056,25-29,70869035.09947625
S1,2056,30-34,66590075.04284951
S1,2056,35-39,61805373.645826936
S1,2056,40-44,57054490.61229515
S1,2056,45-49,51594323.88217663
S1,2056,50-54,46127413.499906175
S1,2056,55-59,39097686.74466042
S1,2056,60-64,31448279.895710923
S1,2056,65-69,23929355.43233048
S1,2056,70-74,18186447.49722503
S1,2056,75+,25305652.398767382
S1,2056,0-8,112288918.11479391
S1,2056,9-14,78587859.39239234
S1,2056,0-17,
S1,2056,18-29,
S1,2056,30-65,
S1,2056,66+,
S1,2056,15-26,
S1,2056,27-45,
S1,2056,46-65,
S1,2057,00-04,
S1,2057,05-09,
S1,2057,10-14,
S1,2057,15-19,66919132.72047265
S1,2057,20-24,69976601.80426379
S1,2057,25-29,70970653.03627664
S1,2057,30-34,66685557.44962617
S1,2057,35-39,61893995.3484401
S1,2057,40-44,57136300.102336615
S1,2057,45-49,51668304.12949
S1,2057,50-54,46193554.8348802
S1,2057,55-59,39153748.27075692
S1,2057,60-64,31493373.06389697
S1,2057,65-69,23963667.33913977
S1,2057,70-74,18212524.74337073
S1,2057,75+,25341937.755024053
S1,2057,0-8,112473762.35015354
S1,2057,9-14,78676710.20997317
S1,2057,0-17,
S1,2057,18-29,
S1,2057,30-65,
S1,2057,66+,
S1,2057,15-26,
S1,2057,27-45,
S1,2057,46-65,
S1,2058,00-04,
S1,2058,05-09,
S1,2058,10-14,
S1,2058,15-19,67002960.0458176
S1,2058,20-24,70064259.11731479
S1,2058,25-29,71059555.56355335
S1,2058,30-34,66769092.18316029
S1,2058,35-39,61971527.854825735
S1,2058,40-44,57207872.805433266
S1,2058,45-49,51733027.25969516
S1,2058,50-54,46251419.93253705
S1,2058,55-59,39202794.84176487
S1,2058,60-64,31532823.742988482
S1,2058,65-69,23993685.81153818
S1,2058,70-74,18235338.95471732
S1,2058,75+,25373682.73997379
S1,2058,0-8,112627286.48851284
S1,2058,9-14,78762633.77814752
S1,2058,0-17,
S1,2058,18-29,
S1,2058,30-65,
S1,2058,66+,
S1,2058,15-26,
S1,2058,27-45,
S1,2058,46-65,
S1,2059,00-04,
S1,2059,05-09,
S1,2059,10-14,
S1,2059,15-19,67073123.44213507
S1,2059,20-24,70137628.2099157
S1,2059,25-29,71133966.89934717
S1,2059,30-34,66839010.6803939
S1,2059,35-39,62036422.49330597
S1,2059,40-44,57267779.09389246
S1,2059,45-49,51787200.46177223
S1,2059,50-54,46299852.96750676
S1,2059,55-59,39243846.77781896
S1,2059,60-64,31565843.92609346
S1,2059,65-69,24018811.246079605
S1,2059,70-74,18254434.42920365
S1,2059,75+,25400253.263976045
S1,2059,0-8,112747241.640625
S1,2059,9-14,78843096.14218181
S1,2059,0-17,
S1,2059,18-29,
S1,2059,30-65,
S1,2059,66+,
S1,2059,15-26,
S1,2059,27-45,
S1,2059,46-65,
S1,2060,00-04,
S1,2060,05-09,
S1,2060,10-14,
S1,2060,15-19,67129976.05016589
S1,2060,20-24,70197078.3574591
S1,2060,25-29,71194261.56478488
S1,2060,30-34,66895664.84946145
S1,2060,35-39,62089005.88633506
S1,2060,40-44,57316320.48320812
S1,2060,45-49,51831096.39590758
S1,2060,50-54,46339097.70903006
S1,2060,55-59,39277110.69820887
S1,2060,60-64,31592599.80773121
S1,2060,65-69,24039170.10207231
S1,2060,70-74,18269907.276629984
S1,2060,75+,25421783.05964668
S1,2060,0-8,112842566.69778568
S1,2060,9-14,78910167.13603933
S1,2060,0-17,
S1,2060,18-29,
S1,2060,30-65,
S1,2060,66+,
S1,2060,15-26,
S1,2060,27-45,
S1,2060,46-65,
S1,2061,00-04,
S1,2061,05-09,
S1,2061,10-14,
S1,2061,15-19,67173167.2986335
S1,2061,20-24,70242242.97141293
S1,2061,25-29,71240067.7637684
S1,2061,30-34,66938705.34272423
S1,2061,35-39,62128953.78797498
S1,2061,40-44,57353197.65172356
S1,2061,45-49,51864444.38579976
S1,2061,50-54,46368912.16153962
S1,2061,55-59,39302381.487013966
S1,2061,60-64,31612926.402619507
S1,2061,65-69,24054636.840330314
S1,2061,70-74,18281662.08649429
S1,2061,75+,25438139.367412943
S1,2061,0-8,112913810.24429034
S1,2061,9-14,78962296.78968547
S1,2061,0-17,
S1,2061,18-29,
S1,2061,30-65,
S1,2061,66+,
S1,2061,15-26,
S1,2061,27-45,
S1,2061,46-65,
S1,2062,00-04,
S1,2062,05-09,
S1,2062,10-14,
S1,2062,15-19,67200767.35930584
S1,2062,20-24,70271104.0515992
S1,2062,25-29,71269338.82945806
S1,2062,30-34,66966209.06784373
S1,2062,35-39,62154481.28597777
S1,2062,40-44,57376762.89062173
S1,2062,45-49,51885754.40986669
S1,2062,50-54,46387964.18544195
S1,2062,55-59,39318530.02008502
S1,2062,60-64,31625915.49814427
S1,2062,65-69,24064520.39150026
S1,2062,70-74,18289173.64212088
S1,2062,75+,25448591.371065095
S1,2062,0-8,112975276.65884869
S1,2062,9-14,78979668.28628539
S1,2062,0-17,
S1,2062,18-29,
S1,2062,30-65,
S1,2062,66+,
S1,2062,15-26,
S1,2062,27-45,
S1,2062,46-65,
S1,2063,00-04,
S1,2063,05-09,
S1,2063,10-14,
S1,2063,15-19,67215147.20530578
S1,2063,20-24,70286140.89856116
S1,2063,25-29,71284589.28205194
S1,2063,30-34,66980538.722272314
S1,2063,35-39,62167781.31072779
S1,2063,40-44,57389040.56313597
S1,2063,45-49,51896857.09793593
S1,2063,50-54,46397890.43788591
S1,2063,55-59,39326943.53125238
S1,2063,60-64,31632682.91780838
S1,2063,65-69,24069669.79843251
S1,2063,70-74,18293087.22095003
S1,2063,75+,25454036.946156155
S1,2063,0-8,113003744.40183517
S1,2063,9-14,78992275.70740353
S1,2063,0-17,
S1,2063,18-29,
S1,2063,30-65,
S1,2063,66+,
S1,2063,15-26,
S1,2063,27-45,
S1,2063,46-65,
S1,2064,00-04,
S1,2064,05-09,
S1,2064,10-14,
S1,2064,15-19,67216141.58796474
S1,2064,20-24,70287180.71358176
S1,2064,25-29,71285643.86814421
S1,2064,30-34,66981529.63412721
S1,2064,35-39,62168701.02252272
S1,2064,40-44,57389889.578114346
S1,2064,45-49,51897624.8614074
S1,2064,50-54,46398576.84949972
S1,2064,55-59,39327525.33509132
S1,2064,60-64,31633150.89255303
S1,2064,65-69,24070025.88576178
S1,2064,70-74,18293357.84936443
S1,2064,75+,25454413.51384948
S1,2064,0-8,113026580.15894504
S1,2064,9-14,78972280.34447446
S1,2064,0-17,
S1,2064,18-29,
S1,2064,30-65,
S1,2064,66+,
S1,2064,15-26,
S1,2064,27-45,
S1,2064,46-65,
S1,2065,00-04,
S1,2065,05-09,
S1,2065,10-14,
S1,2065,15-19,67203080.59977919
S1,2065,20-24,70273522.98174518
S1,2065,25-29,71271792.12166837
S1,2065,30-34,66968514.234157294
S1,2065,35-39,62156620.81901233
S1,2065,40-44,57378737.96107651
S1,2065,45-49,51887540.46427956
S1,2065,50-54,46389560.99036616
S1,2065,55-59,39319883.47509112
S1,2065,60-64,31627004.151601836
S1,2065,65-69,24065348.76035272
S1,2065,70-74,18289803.20720407
S1,2065,75+,25449467.383555166
S1,2065,0-8,113002018.66288245
S1,2065,9-14,78959533.91435397
S1,2065,0-17,
S1,2065,18-29,
S1,2065,30-65,
S1,2065,66+,
S1,2065,15-26,
S1,2065,27-45,
S1,2065,46-65,
S1,2066,00-04,
S1,2066,05-09,
S1,2066,10-14,
S1,2066,15-19,67174651.24452499
S1,2066,20-24,70243794.71732666
S1,2066,25-29,71241641.55297798
S1,2066,30-34,66940184.10903481
S1,2066,35-39,62130326.30038469
S1,2066,40-44,57354464.66123704
S1,2066,45-49,51865590.14134854
S1,2066,50-54,46369936.51336733
S1,2066,55-59,39303249.729645364
S1,2066,60-64,31613624.774813943
S1,2066,65-69,24055168.23971114
S1,2066,70-74,18282065.95307426
S1,2066,75+,25438701.330231134
S1,2066,0-8,112935931.22495428
S1,2066,9-14,78944414.61109321
S1,2066,0-17,
S1,2066,18-29,
S1,2066,30-65,
S1,2066,66+,
S1,2066,15-26,
S1,2066,27-45,
S1,2066,46-65,
S1,2067,00-04,
S1,2067,05-09,
S1,2067,10-14,
S1,2067,15-19,67134091.20772986
S1,2067,20-24,70201381.53250794
S1,2067,25-29,71198625.86850174
S1,2067,30-34,66899765.643434525
S1,2067,35-39,62092812.02566721
S1,2067,40-44,57319834.05052412
S1,2067,45-49,51834273.71163046
S1,2067,50-54,46341938.35786779
S1,2067,55-59,39279518.43777158
S1,2067,60-64,31594536.47647016
S1,2067,65-69,24040643.735439956
S1,2067,70-74,18271027.24644892
S1,2067,75+,25423341.449042916
S1,2067,0-8,112855132.88260472
S1,2067,9-14,78909355.65097547
S1,2067,0-17,
S1,2067,18-29,
S1,2067,30-65,
S1,2067,66+,
S1,2067,15-26,
S1,2067,27-45,
S1,2067,46-65,
S1,2068,00-04,
S1,2068,05-09,
S1,2068,10-14,
S1,2068,15-19,67077976.59800478
S1,2068,20-24,70142703.10168408
S1,2068,25-29,71139113.88239011
S1,2068,30-34,66843846.89675539
S1,2068,35-39,62040911.212669365
S1,2068,40-44,57271922.77237339
S1,2068,45-49,51790947.58644751
S1,2068,50-54,46303203.0486073
S1,2068,55-59,39246686.31317331
S1,2068,60-64,31568127.91039105
S1,2068,65-69,24020549.155823473
S1,2068,70-74,18255755.250585623
S1,2068,75+,25402091.12960528
S1,2068,0-8,112760248.79042539
S1,2068,9-14,78843951.73985268
S1,2068,0-17,
S1,2068,18-29,
S1,2068,30-65,
S1,2068,66+,
S1,2068,15-26,
S1,2068,27-45,
S1,2068,46-65,
S1,2069,00-04,
S1,2069,05-09,
S1,2069,10-14,
S1,2069,15-19,67006535.37500491
S1,2069,20-24,70067997.7997616
S1,2069,25-29,71063347.35577968
S1,2069,30-34,66772655.03297961
S1,2069,35-39,61974834.70294365
S1,2069,40-44,57210925.46127481
S1,2069,45-49,51735787.7735916
S1,2069,50-54,46253887.94367459
S1,2069,55-59,39204886.73287725
S1,2069,60-64,31534506.35857754
S1,2069,65-69,23994966.13296182
S1,2069,70-74,18236312.00634908
S1,2069,75+,25375036.69908886
S1,2069,0-8,112636704.60095893
S1,2069,9-14,78763428.37820871
S1,2069,0-17,
S1,2069,18-29,
S1,2069,30-65,
S1,2069,66+,
S1,2069,15-26,
S1,2069,27-45,
S1,2069,46-65,
S1,2070,00-04,
S1,2070,05-09,
S1,2070,10-14,
S1,2070,15-19,66920480.24387241
S1,2070,20-24,69978010.89467683
S1,2070,25-29,70972082.14349568
S1,2070,30-34,66686900.26961556
S1,2070,35-39,61895241.6826893
S1,2070,40-44,57137450.63280876
S1,2070,45-49,51669344.55314777
S1,2070,50-54,46194485.01573472
S1,2070,55-59,39154536.693885505
S1,2070,60-64,31494007.23316091
S1,2070,65-69,23964149.88577734
S1,2070,70-74,18212891.48158539
S1,2070,75+,25342448.05533328
S1,2070,0-8,112484595.77068289
S1,2070,9-14,78669725.90888363
S1,2070,0-17,
S1,2070,18-29,
S1,2070,30-65,
S1,2070,66+,
S1,2070,15-26,
S1,2070,27-45,
S1,2070,46-65,
S1,2071,00-04,
S1,2071,05-09,
S1,2071,10-14,
S1,2071,15-19,66819946.5832542
S1,2071,20-24,69872883.9503933
S1,2071,25-29,70865461.82048571
S1,2071,30-34,66586717.51278306
S1,2071,35-39,61802257.36460711
S1,2071,40-44,57051613.87477033
S1,2071,45-49,51591722.45105373
S1,2071,50-54,46125087.71520609
S1,2071,55-59,39095715.40495719
S1,2071,60-64,31446694.245819103
S1,2071,65-69,23928148.893213615
S1,2071,70-74,18185530.52056996
S1,2071,75+,25304376.4655487
S1,2071,0-8,112324523.23352252
S1,2071,9-14,78542630.09890413
S1,2071,0-17,
S1,2071,18-29,
S1,2071,30-65,
S1,2071,66+,
S1,2071,15-26,
S1,2071,27-45,
S1,2071,46-65,
S1,2072,00-04,
S1,2072,05-09,
S1,2072,10-14,
S1,2072,15-19,66706428.45630715
S1,2072,20-24,69754179.29233804
S1,2072,25-29,70745070.90575975
S1,2072,30-34,66473595.61074467
S1,2072,35-39,61697263.618639514
S1,2072,40-44,56954690.83490679
S1,2072,45-49,51504075.03440519
S1,2072,50-54,46046727.37775543
S1,2072,55-59,39029297.02823947
S1,2072,60-64,31393270.53011747
S1,2072,65-69,23887498.177632987
S1,2072,70-74,18154635.74336954
S1,2072,75+,25261387.72391074
S1,2072,0-8,112118694.43016747
S1,2072,9-14,78424201.20901166
S1,2072,0-17,
S1,2072,18-29,
S1,2072,30-65,
S1,2072,66+,
S1,2072,15-26,
S1,2072,27-45,
S1,2072,46-65,
S1,2073,00-04,
S1,2073,05-09,
S1,2073,10-14,
S1,2073,15-19,66578252.33885674
S1,2073,20-24,69620146.93466972
S1,2073,25-29,70609134.55408724
S1,2073,30-34,66345866.880612776
S1,2073,35-39,61578712.59003614
S1,2073,40-44,56845252.63965713
S1,2073,45-49,51405110.17414276
S1,2073,50-54,45958248.78771302
S1,2073,55-59,38954302.40065008
S1,2073,60-64,31332948.49483931
S1,2073,65-69,23841598.4518814
S1,2073,70-74,18119751.68830675
S1,2073,75+,25212848.0752623
S1,2073,0-8,111901414.41863053
S1,2073,9-14,78275353.86017297
S1,2073,0-17,
S1,2073,18-29,
S1,2073,30-65,
S1,2073,66+,
S1,2073,15-26,
S1,2073,27-45,
S1,2073,46-65,
S1,2074,00-04,
S1,2074,05-09,
S1,2074,10-14,
S1,2074,15-19,66438341.79942783
S1,2074,20-24,69473844.0208718
S1,2074,25-29,70460753.33714285
S1,2074,30-34,66206444.686456956
S1,2074,35-39,61449308.30871078
S1,2074,40-44,56725795.464357495
S1,2074,45-49,51297085.15934871
S1,2074,50-54,45861670.052867755
S1,2074,55-59,38872442.07433493
S1,2074,60-64,31267104.0250341
S1,2074,65-69,23791496.642610826
S1,2074,70-74,18081674.0256471
S1,2074,75+,25159864.660245724
S1,2074,0-8,111649214.03166854
S1,2074,9-14,78127908.21705733
S1,2074,0-17,
S1,2074,18-29,
S1,2074,30-65,
S1,2074,66+,
S1,2074,15-26,
S1,2074,27-45,
S1,2074,46-65,
S1,2075,00-04,
S1,2075,05-09,
S1,2075,10-14,
S1,2075,15-19,66285336.14611653
S1,2075,20-24,69313847.69037108
S1,2075,25-29,70298484.18193568
S1,2075,30-34,66053973.08574707
S1,2075,35-39,61307792.26076834
S1,2075,40-44,56595157.53512032
S1,2075,45-49,51178949.39895502
S1,2075,50-54,45756051.90228882
S1,2075,55-59,38782919.92139882
S1,2075,60-64,31195096.75409789
S1,2075,65-69,23736705.48755693
S1,2075,70-74,18040032.4332725
S1,2075,75+,25101922.191705704
S1,2075,0-8,111383755.17074716
S1,2075,9-14,77956315.64372003
S1,2075,0-17,
S1,2075,18-29,
S1,2075,30-65,
S1,2075,66+,
S1,2075,15-26,
S1,2075,27-45,
S1,2075,46-65,
S1,2076,00-04,
S1,2076,05-09,
S1,2076,10-14,
S1,2076,15-19,66119086.349997155
S1,2076,20-24,69140002.10525748
S1,2076,25-29,70122169.03680336
S1,2076,30-34,65888303.56972964
S1,2076,35-39,61154026.60826549
S1,2076,40-44,56453211.60939075
S1,2076,45-49,51050587.82763516
S1,2076,50-54,45641291.46291781
S1,2076,55-59,38685648.746434376
S1,2076,60-64,31116856.54628087
S1,2076,65-69,23677171.61962641
S1,2076,70-74,17994786.3518857
S1,2076,75+,25038964.233140364
S1,2076,0-8,111090622.20201676
S1,2076,9-14,77774566.08185956
S1,2076,0-17,
S1,2076,18-29,
S1,2076,30-65,
S1,2076,66+,
S1,2076,15-26,
S1,2076,27-45,
S1,2076,46-65,
S1,2077,00-04,
S1,2077,05-09,
S1,2077,10-14,
S1,2077,15-19,65941988.195581615
S1,2077,20-24,68954812.51107115
S1,2077,25-29,69934348.73550196
S1,2077,30-34,65711823.56064419
S1,2077,35-39,60990227.22982167
S1,2077,40-44,56302003.23464204
S1,2077,45-49,50913850.23210572
S1,2077,50-54,45519042.5189376
S1,2077,55-59,38582030.30017976
S1,2077,60-64,31033510.901781373
S1,2077,65-69,23613752.966600582
S1,2077,70-74,17946587.81152549
S1,2077,75+,24971898.05605055
S1,2077,0-8,110793271.25029483
S1,2077,9-14,77566046.82083593
S1,2077,0-17,
S1,2077,18-29,
S1,2077,30-65,
S1,2077,66+,
S1,2077,15-26,
S1,2077,27-45,
S1,2077,46-65,
S1,2078,00-04,
S1,2078,05-09,
S1,2078,10-14,
S1,2078,15-19,65753675.45392069
S1,2078,20-24,68757895.94622384
S1,2078,25-29,69734634.8762899
S1,2078,30-34,65524168.10783099
S1,2078,35-39,60816055.39760293
S1,2078,40-44,56141219.720522456
S1,2078,45-49,50768453.84676646
S1,2078,50-54,45389052.26645842
S1,2078,55-59,38471850.30555899
S1,2078,60-64,30944887.46652878
S1,2078,65-69,23546318.38229816
S1,2078,70-74,17895337.14034125
S1,2078,75+,24900584.97138188
S1,2078,0-8,110476484.94746722
S1,2078,9-14,77344929.11782509
S1,2078,0-17,
S1,2078,18-29,
S1,2078,30-65,
S1,2078,66+,
S1,2078,15-26,
S1,2078,27-45,
S1,2078,46-65,
S1,2079,00-04,
S1,2079,05-09,
S1,2079,10-14,
S1,2079,15-19,65554644.834569305
S1,2079,20-24,68549771.81443954
S1,2079,25-29,69523554.24127054
S1,2079,30-34,65325832.18712457
S1,2079,35-39,60631970.52190994
S1,2079,40-44,55971285.16317671
S1,2079,45-49,50614782.1813747
S1,2079,50-54,45251663.57872345
S1,2079,55-59,38355399.38260983
S1,2079,60-64,30851220.00116346
S1,2079,65-69,23475045.73786084
S1,2079,70-74,17841169.521421745
S1,2079,75+,24825213.080535423
S1,2079,0-8,110152221.17063138
S1,2079,9-14,77100673.91665998
S1,2079,0-17,
S1,2079,18-29,
S1,2079,30-65,
S1,2079,66+,
S1,2079,15-26,
S1,2079,27-45,
S1,2079,46-65,
S1,2080,00-04,
S1,2080,05-09,
S1,2080,10-14,
S1,2080,15-19,65345259.113759175
S1,2080,20-24,68330819.46683761
S1,2080,25-29,69301491.5704281
S1,2080,30-34,65117177.30851841
S1,2080,35-39,60438308.13713296
S1,2080,40-44,55792509.304987915
S1,2080,45-49,50453115.33568525
S1,2080,50-54,45107126.87624874
S1,2080,55-59,38232889.78825604
S1,2080,60-64,30752679.23484372
S1,2080,65-69,23400064.94305557
S1,2080,70-74,17784183.68693563
S1,2080,75+,24745919.765038855
S1,2080,0-8,109794865.96417148
S1,2080,9-14,76859931.42141488
S1,2080,0-17,
S1,2080,18-29,
S1,2080,30-65,
S1,2080,66+,
S1,2080,15-26,
S1,2080,27-45,
S1,2080,46-65,
S1,2081,00-04,
S1,2081,05-09,
S1,2081,10-14,
S1,2081,15-19,65125952.29005866
S1,2081,20-24,68101492.73095252
S1,2081,25-29,69068907.13813505
S1,2081,30-34,64898635.95574774
S1,2081,35-39,60235469.65172254
S1,2081,40-44,55605262.698762715
S1,2081,45-49,50283788.40026364
S1,2081,50-54,44955741.74356048
S1,2081,55-59,38104575.45093348
S1,2081,60-64,30649469.415267803
S1,2081,65-69,23321531.4122892
S1,2081,70-74,17724497.75272427
S1,2081,75+,24662869.3779592
S1,2081,0-8,109414518.66028641
S1,2081,9-14,76613841.99066512
S1,2081,0-17,
S1,2081,18-29,
S1,2081,30-65,
S1,2081,66+,
S1,2081,15-26,
S1,2081,27-45,
S1,2081,46-65,
S1,2082,00-04,
S1,2082,05-09,
S1,2082,10-14,
S1,2082,15-19,64897842.08041011
S1,2082,20-24,67862960.39110973
S1,2082,25-29,68826986.33185945
S1,2082,30-34,64671321.9444633
S1,2082,35-39,60024488.85025438
S1,2082,40-44,55410499.663662896
S1,2082,45-49,50107664.36505842
S1,2082,50-54,44798279.72859667
S1,2082,55-59,37971110.33619751
S1,2082,60-64,30542116.560559496
S1,2082,65-69,23239845.39876131
S1,2082,70-74,17662415.91351704
S1,2082,75+,24576485.193060305
S1,2082,0-8,109043478.0449546
S1,2082,9-14,76333299.52956577
S1,2082,0-17,
S1,2082,18-29,
S1,2082,30-65,
S1,2082,66+,
S1,2082,15-26,
S1,2082,27-45,
S1,2082,46-65,
S1,2083,00-04,
S1,2083,05-09,
S1,2083,10-14,
S1,2083,15-19,64662276.00821324
S1,2083,20-24,67616631.53772233
S1,2083,25-29,68577158.25882037
S1,2083,30-34,64436578.094654545
S1,2083,35-39,59806612.06697769
S1,2083,40-44,55209370.73016058
S1,2083,45-49,49925783.65372737
S1,2083,50-54,44635671.01221183
S1,2083,55-59,37833282.86717675
S1,2083,60-64,30431254.839982793
S1,2083,65-69,23155489.44910946
S1,2083,70-74,17598304.90752859
S1,2083,75+,24487277.51065138
S1,2083,0-8,108649540.399492
S1,2083,9-14,76054356.87624067
S1,2083,0-17,
S1,2083,18-29,
S1,2083,30-65,
S1,2083,66+,
S1,2083,15-26,
S1,2083,27-45,
S1,2083,46-65,
S1,2084,00-04,
S1,2084,05-09,
S1,2084,10-14,
S1,2084,15-19,64417962.51621115
S1,2084,20-24,67361155.60355787
S1,2084,25-29,68318053.1663293
S1,2084,30-34,64193117.35713011
S1,2084,35-39,59580644.73113814
S1,2084,40-44,55000773.15229912
S1,2084,45-49,49737149.05410652
S1,2084,50-54,44467024.046375625
S1,2084,55-59,37690337.36600064
S1,2084,60-64,30316276.422968574
S1,2084,65-69,23068001.05810989
S1,2084,70-74,17531813.228133798
S1,2084,75+,24394757.224519003
S1,2084,0-8,108239771.81980695
S1,2084,9-14,75766258.67925838
S1,2084,0-17,
S1,2084,18-29,
S1,2084,30-65,
S1,2084,66+,
S1,2084,15-26,
S1,2084,27-45,
S1,2084,46-65,
S1,2085,00-04,
S1,2085,05-09,
S1,2085,10-14,
S1,2085,15-19,64167040.28190079
S1,2085,20-24,67098768.98017592
S1,2085,25-29,68051939.21496183
S1,2085,30-34,63943070.94452358
S1,2085,35-39,59348564.92119651
S1,2085,40-44,54786532.95672167
S1,2085,45-49,49543411.840425715
S1,2085,50-54,44293815.13707421
S1,2085,55-59,37543525.15253752
S1,2085,60-64,30198187.810431216
S1,2085,65-69,22978146.08380643
S1,2085,70-74,17463522.93184248
S1,2085,75+,24299734.24103524
S1,2085,0-8,107829661.06746346
S1,2085,9-14,75459625.18052767
S1,2085,0-17,
S1,2085,18-29,
S1,2085,30-65,
S1,2085,66+,
S1,2085,15-26,
S1,2085,27-45,
S1,2085,46-65,
S1,2086,00-04,
S1,2086,05-09,
S1,2086,10-14,
S1,2086,15-19,63907888.37482855
S1,2086,20-24,66827776.67841135
S1,2086,25-29,67777097.3374178
S1,2086,30-34,63684823.58409481
S1,2086,35-39,59108873.4267196
S1,2086,40-44,54565266.174971506
S1,2086,45-49,49343320.49127036
S1,2086,50-54,44114925.37351573
S1,2086,55-59,37391897.83579126
S1,2086,60-64,30076226.162725214
S1,2086,65-69,22885344.07279827
S1,2086,70-74,17392992.87073784
S1,2086,75+,24201594.722019747
S1,2086,0-8,107392973.16168137
S1,2086,9-14,75156061.27060506
S1,2086,0-17,
S1,2086,18-29,
S1,2086,30-65,
S1,2086,66+,
S1,2086,15-26,
S1,2086,27-45,
S1,2086,46-65,
S1,2087,00-04,
S1,2087,05-09,
S1,2087,10-14,
S1,2087,15-19,63642896.717916116
S1,2087,20-24,66550677.81440379
S1,2087,25-29,67496062.15098168
S1,2087,30-34,63420756.85695235
S1,2087,35-39,58863780.70489931
S1,2087,40-44,54339013.349830925
S1,2087,45-49,49138720.26761953
S1,2087,50-54,43932004.4936905
S1,2087,55-59,37236853.73693929
S1,2087,60-64,29951516.22147682
S1,2087,65-69,22790450.85383766
S1,2087,70-74,17320873.47958457
S1,2087,75+,24101243.7192187
S1,2087,0-8,106939986.9882242
S1,2087,9-14,74852114.73462486
S1,2087,0-17,
S1,2087,18-29,
S1,2087,30-65,
S1,2087,66+,
S1,2087,15-26,
S1,2087,27-45,
S1,2087,46-65,
S1,2088,00-04,
S1,2088,05-09,
S1,2088,10-14,
S1,2088,15-19,63374294.88345765
S1,2088,20-24,66269803.8274036
S1,2088,25-29,67211198.21411797
S1,2088,30-34,63153092.553266995
S1,2088,35-39,58615348.903459236
S1,2088,40-44,54109678.114932396
S1,2088,45-49,48931332.62363272
S1,2088,50-54,43746591.54728197
S1,2088,55-59,37079697.35753164
S1,2088,60-64,29825107.264361642
S1,2088,65-69,22694264.834294766
S1,2088,70-74,17247771.55256733
S1,2088,75+,23999525.56040508
S1,2088,0-8,106501277.46615982
S1,2088,9-14,74523579.29250666
S1,2088,0-17,
S1,2088,18-29,
S1,2088,30-65,
S1,2088,66+,
S1,2088,15-26,
S1,2088,27-45,
S1,2088,46-65,
S1,2089,00-04,
S1,2089,05-09,
S1,2089,10-14,
S1,2089,15-19,63099316.602316916
S1,2089,20-24,65982262.06016966
S1,2089,25-29,66919571.77800039
S1,2089,30-34,62879074.05931837
S1,2089,35-39,58361019.47984074
S1,2089,40-44,53874898.59890802
S1,2089,45-49,48719021.72118378
S1,2089,50-54,43556777.00857097
S1,2089,55-59,36918810.179799035
S1,2089,60-64,29695697.434311863
S1,2089,65-69,22595795.416254483
S1,2089,70-74,17172934.22958401
S1,2089,75+,23895392.67342101
S1,2089,0-8,106046448.63518961
S1,2089,9-14,74192949.2233536
S1,2089,0-17,
S1,2089,18-29,
S1,2089,30-65,
S1,2089,66+,
S1,2089,15-26,
S1,2089,27-45,
S1,2089,46-65,
S1,2090,00-04,
S1,2090,05-09,
S1,2090,10-14,
S1,2090,15-19,62819470.87266168
S1,2090,20-24,65689630.45550574
S1,2090,25-29,66622783.20086791
S1,2090,30-34,62600205.10625064
S1,2090,35-39,58102188.11748708
S1,2090,40-44,53635963.20118357
S1,2090,45-49,48502952.65869959
S1,2090,50-54,43363602.522701055
S1,2090,55-59,36755075.10422152
S1,2090,60-64,29563996.89358332
S1,2090,65-69,22495582.97029004
S1,2090,70-74,17096772.19537232
S1,2090,75+,23789416.508255284
S1,2090,0-8,105573500.43464881
S1,2090,9-14,73866534.95022066
S1,2090,0-17,
S1,2090,18-29,
S1,2090,30-65,
S1,2090,66+,
S1,2090,15-26,
S1,2090,27-45,
S1,2090,46-65,
S1,2091,00-04,
S1,2091,05-09,
S1,2091,10-14,
S1,2091,15-19,62534465.4179351
S1,2091,20-24,65391603.38302784
S1,2091,25-29,66320522.51071024
S1,2091,30-34,62316194.43767232
S1,2091,35-39,57838584.48767306
S1,2091,40-44,53392622.37278284
S1,2091,45-49,48282899.76926833
S1,2091,50-54,43166866.33432063
S1,2091,55-59,36588321.12256477
S1,2091,60-64,29429868.09145969
S1,2091,65-69,22393522.83249006
S1,2091,70-74,17019205.90475877
S1,2091,75+,23681486.38125121
S1,2091,0-8,105115177.48201807
S1,2091,9-14,73510756.9852445
S1,2091,0-17,
S1,2091,18-29,
S1,2091,30-65,
S1,2091,66+,
S1,2091,15-26,
S1,2091,27-45,
S1,2091,46-65,
S1,2092,00-04,
S1,2092,05-09,
S1,2092,10-14,
S1,2092,15-19,62246340.15185265
S1,2092,20-24,65090313.958094366
S1,2092,25-29,66014953.12481373
S1,2092,30-34,62029074.84716169
S1,2092,35-39,57572095.32151537
S1,2092,40-44,53146617.81473342
S1,2092,45-49,48060438.07154248
S1,2092,50-54,42967976.57384378
S1,2092,55-59,36419741.76894763
S1,2092,60-64,29294271.048805647
S1,2092,65-69,22290345.49369755
S1,2092,70-74,16940790.53497752
S1,2092,75+,23572374.797435403
S1,2092,0-8,104626402.13125819
S1,2092,9-14,73176519.86514314
S1,2092,0-17,
S1,2092,18-29,
S1,2092,30-65,
S1,2092,66+,
S1,2092,15-26,
S1,2092,27-45,
S1,2092,46-65,
S1,2093,00-04,
S1,2093,05-09,
S1,2093,10-14,
S1,2093,15-19,61956498.403365485
S1,2093,20-24,64787229.626370266
S1,2093,25-29,65707563.334613755
S1,2093,30-34,61740244.7654752
S1,2093,35-39,57304018.56822592
S1,2093,40-44,52899147.70490809
S1,2093,45-49,47836651.07668087
S1,2093,50-54,42767901.94409466
S1,2093,55-59,36250158.11779621
S1,2093,60-64,29157866.198002696
S1,2093,65-69,22186553.48445627
S1,2093,70-74,16861908.01212662
S1,2093,75+,23462613.19039768
S1,2093,0-8,104149195.70891842
S1,2093,9-14,72825810.78800377
S1,2093,0-17,
S1,2093,18-29,
S1,2093,30-65,
S1,2093,66+,
S1,2093,15-26,
S1,2093,27-45,
S1,2093,46-65,
S1,2094,00-04,
S1,2094,05-09,
S1,2094,10-14,
S1,2094,15-19,61661810.32414795
S1,2094,20-24,64479077.53985107
S1,2094,25-29,65395033.79972817
S1,2094,30-34,61446585.26874401
S1,2094,35-39,57031459.40819438
S1,2094,40-44,52647539.74398179
S1,2094,45-49,47609122.22683837
S1,2094,50-54,42564481.94456504
S1,2094,55-59,36077738.92461462
S1,2094,60-64,29019180.574938104
S1,2094,65-69,22081026.009545967
S1,2094,70-74,16781706.52540467
S1,2094,75+,23351016.302376535
S1,2094,0-8,103659020.45553455
S1,2094,9-14,72474227.29003677
S1,2094,0-17,
S1,2094,18-29,
S1,2094,30-65,
S1,2094,66+,
S1,2094,15-26,
S1,2094,27-45,
S1,2094,46-65,
S1,2095,00-04,
S1,2095,05-09,
S1,2095,10-14,
S1,2095,15-19,61364715.54019548
S1,2095,20-24,64168408.7886345
S1,2095,25-29,65079951.849714704
S1,2095,30-34,61150527.46766637
S1,2095,35-39,56756674.26934913
S1,2095,40-44,52393876.91177428
S1,2095,45-49,47379735.15876831
S1,2095,50-54,42359400.62274052
S1,2095,55-59,35903911.59137617
S1,2095,60-64,28879362.312417652
S1,2095,65-69,21974636.69633462
S1,2095,70-74,16700850.036626456
S1,2095,75+,23238508.00742127
S1,2095,0-8,103166331.83795336
S1,2095,9-14,72118282.54913023
S1,2095,0-17,
S1,2095,18-29,
S1,2095,30-65,
S1,2095,66+,
S1,2095,15-26,
S1,2095,27-45,
S1,2095,46-65,
S1,2096,00-04,
S1,2096,05-09,
S1,2096,10-14,
S1,2096,15-19,61065413.506169364
S1,2096,20-24,63855431.94026833
S1,2096,25-29,64762529.014923215
S1,2096,30-34,60852270.12072481
S1,2096,35-39,56479847.6287653
S1,2096,40-44,52138329.504894555
S1,2096,45-49,47148643.871539086
S1,2096,50-54,42152795.66002041
S1,2096,55-59,35728792.81710671
S1,2096,60-64,28738505.2774686
S1,2096,65-69,21867456.969315596
S1,2096,70-74,16619392.82881698
S1,2096,75+,23125163.83800527
S1,2096,0-8,102657633.10535485
S1,2096,9-14,71772043.04633231
S1,2096,0-17,
S1,2096,18-29,
S1,2096,30-65,
S1,2096,66+,
S1,2096,15-26,
S1,2096,27-45,
S1,2096,46-65,
S1,2097,00-04,
S1,2097,05-09,
S1,2097,10-14,
S1,2097,15-19,60765330.19442426
S1,2097,20-24,63541638.1183758
S1,2097,25-29,64444277.601104125
S1,2097,30-34,60553234.22304455
S1,2097,35-39,56202298.378704354
S1,2097,40-44,51882115.03440537
S1,2097,45-49,46916949.35929556
S1,2097,50-54,41945651.389725804
S1,2097,55-59,35553216.92467248
S1,2097,60-64,28597280.55887409
S1,2097,65-69,21759997.46761039
S1,2097,70-74,16537722.99063992
S1,2097,75+,23011523.802660946
S1,2097,0-8,102148588.60024203
S1,2097,9-14,71423917.64329521
S1,2097,0-17,
S1,2097,18-29,
S1,2097,30-65,
S1,2097,66+,
S1,2097,15-26,
S1,2097,27-45,
S1,2097,46-65,
S1,2098,00-04,
S1,2098,05-09,
S1,2098,10-14,
S1,2098,15-19,60463817.37731116
S1,2098,20-24,63226349.47842677
S1,2098,25-29,64124510.13462024
S1,2098,30-34,60252773.80955739
S1,2098,35-39,55923426.96867212
S1,2098,40-44,51624680.03632739
S1,2098,45-49,46684151.12506542
S1,2098,50-54,41737520.3473091
S1,2098,55-59,35376804.6422395
S1,2098,60-64,28455383.08879547
S1,2098,65-69,21652026.06161554
S1,2098,70-74,16455664.102264103
S1,2098,75+,22897342.420849867
S1,2098,0-8,101638336.93481961
S1,2098,9-14,71072916.10457267
S1,2098,0-17,
S1,2098,18-29,
S1,2098,30-65,
S1,2098,66+,
S1,2098,15-26,
S1,2098,27-45,
S1,2098,46-65,
S1,2099,00-04,
S1,2099,05-09,
S1,2099,10-14,
S1,2099,15-19,60159826.71342212
S1,2099,20-24,62908469.78132979
S1,2099,25-29,63802114.80377734
S1,2099,30-34,59949844.19799772
S1,2099,35-39,55642263.78003202
S1,2099,40-44,51365129.42510199
S1,2099,45-49,46449439.74379344
S1,2099,50-54,41527678.87401468
S1,2099,55-59,35198942.59521793
S1,2099,60-64,28312319.498509716
S1,2099,65-69,21543167.34143352
S1,2099,70-74,16372930.85001232
S1,2099,75+,22782222.690972857
S1,2099,0-8,101117534.60075875
S1,2099,9-14,70725387.41439602
S1,2099,0-17,
S1,2099,18-29,
S1,2099,30-65,
S1,2099,66+,
S1,2099,15-26,
S1,2099,27-45,
S1,2099,46-65,
S1,2100,00-04,
S1,2100,05-09,
S1,2100,10-14,
S1,2100,15-19,59856173.93408002
S1,2100,20-24,62590943.40639095
S1,2100,25-29,63480077.81420353
S1,2100,30-34,59647251.291629076
S1,2100,35-39,55361413.10328092
S1,2100,40-44,51105867.30346227
S1,2100,45-49,46214989.24339099
S1,2100,50-54,41318070.63877505
S1,2100,55-59,35021278.24123207
S1,2100,60-64,28169414.922898203
S1,2100,65-69,21434429.617333665
S1,2100,70-74,16290289.55547759
S1,2100,75+,22667230.916268148
S1,2100,0-8,100605288.60629581
S1,2100,9-14,70370267.53148133
S1,2100,0-17,
S1,2100,18-29,
S1,2100,30-65,
S1,2100,66+,
S1,2100,15-26,
S1,2100,27-45,
S1,2100,46-65,
S2,1950,00-04,
S2,1950,05-09,
S2,1950,10-14,
S2,1950,15-19,
S2,1950,20-24,
S2,1950,25-29,
S2,1950,30-34,
S2,1950,35-39,
S2,1950,40-44,
S2,1950,45-49,
S2,1950,50-54,
S2,1950,55-59,
S2,1950,60-64,
S2,1950,65-69,
S2,1950,70-74,
S2,1950,75+,
S2,1950,0-8,
S2,1950,9-14,
S2,1950,0-17,45611354.69451783
S2,1950,18-29,32890437.96151913
S2,1950,30-65,71751882.78739923
S2,1950,66+,12303153.35508759
S2,1950,15-26,
S2,1950,27-45,
S2,1950,46-65,
S2,1951,00-04,
S2,1951,05-09,
S2,1951,10-14,
S2,1951,15-19,
S2,1951,20-24,
S2,1951,25-29,
S2,1951,30-34,
S2,1951,35-39,
S2,1951,40-44,
S2,1951,45-49,
S2,1951,50-54,
S2,1951,55-59,
S2,1951,60-64,
S2,1951,65-69,
S2,1951,70-74,
S2,1951,75+,
S2,1951,0-8,
S2,1951,9-14,
S2,1951,0-17,46553228.12463515
S2,1951,18-29,33594324.76387604
S2,1951,30-65,73304130.66139765
S2,1951,66+,12513087.351618124
S2,1951,15-26,
S2,1951,27-45,
S2,1951,46-65,
S2,1952,00-04,
S2,1952,05-09,
S2,1952,10-14,
S2,1952,15-19,
S2,1952,20-24,
S2,1952,25-29,
S2,1952,30-34,
S2,1952,35-39,
S2,1952,40-44,
S2,1952,45-49,
S2,1952,50-54,
S2,1952,55-59,
S2,1952,60-64,
S2,1952,65-69,
S2,1952,70-74,
S2,1952,75+,
S2,1952,0-8,
S2,1952,9-14,
S2,1952,0-17,47553726.47412839
S2,1952,18-29,34330402.17995124
S2,1952,30-65,74929411.91501713
S2,1952,66+,12747227.823290873
S2,1952,15-26,
S2,1952,27-45,
S2,1952,46-65,
S2,1953,00-04,
S2,1953,05-09,
S2,1953,10-14,
S2,1953,15-19,
S2,1953,20-24,
S2,1953,25-29,
S2,1953,30-34,
S2,1953,35-39,
S2,1953,40-44,
S2,1953,45-49,
S2,1953,50-54,
S2,1953,55-59,
S2,1953,60-64,
S2,1953,65-69,
S2,1953,70-74,
S2,1953,75+,
S2,1953,0-8,
S2,1953,9-14,
S2,1953,0-17,48615314.682096474
S2,1953,18-29,35094381.02808492
S2,1953,30-65,76581863.61283916
S2,1953,66+,13049484.41542489
S2,1953,15-26,
S2,1953,27-45,
S2,1953,46-65,
S2,1954,00-04,
S2,1954,05-09,
S2,1954,10-14,
S2,1954,15-19,
S2,1954,20-24,
S2,1954,25-29,
S2,1954,30-34,
S2,1954,35-39,
S2,1954,40-44,
S2,1954,45-49,
S2,1954,50-54,
S2,1954,55-59,
S2,1954,60-64,
S2,1954,65-69,
S2,1954,70-74,
S2,1954,75+,
S2,1954,0-8,
S2,1954,9-14,
S2,1954,0-17,49701080.62269734
S2,1954,18-29,35865335.571733914
S2,1954,30-65,78188749.63183975
S2,1954,66+,13430663.91862121
S2,1954,15-26,
S2,1954,27-45,
S2,1954,46-65,
S2,1955,00-04,
S2,1955,05-09,
S2,1955,10-14,
S2,1955,15-19,
S2,1955,20-24,
S2,1955,25-29,
S2,1955,30-34,
S2,1955,35-39,
S2,1955,40-44,
S2,1955,45-49,
S2,1955,50-54,
S2,1955,55-59,
S2,1955,60-64,
S2,1955,65-69,
S2,1955,70-74,
S2,1955,75+,
S2,1955,0-8,
S2,1955,9-14,
S2,1955,0-17,50820774.81465436
S2,1955,18-29,36738493.78668466
S2,1955,30-65,79880448.36959535
S2,1955,66+,13872792.644185288
S2,1955,15-26,
S2,1955,27-45,
S2,1955,46-65,
S2,1956,00-04,
S2,1956,05-09,
S2,1956,10-14,
S2,1956,15-19,
S2,1956,20-24,
S2,1956,25-29,
S2,1956,30-34,
S2,1956,35-39,
S2,1956,40-44,
S2,1956,45-49,
S2,1956,50-54,
S2,1956,55-59,
S2,1956,60-64,
S2,1956,65-69,
S2,1956,70-74,
S2,1956,75+,
S2,1956,0-8,
S2,1956,9-14,
S2,1956,0-17,51935871.77456429
S2,1956,18-29,37669604.4427107
S2,1956,30-65,81689974.20713994
S2,1956,66+,14254223.844604595
S2,1956,15-26,
S2,1956,27-45,
S2,1956,46-65,
S2,1957,00-04,
S2,1957,05-09,
S2,1957,10-14,
S2,1957,15-19,
S2,1957,20-24,
S2,1957,25-29,
S2,1957,30-34,
S2,1957,35-39,
S2,1957,40-44,
S2,1957,45-49,
S2,1957,50-54,
S2,1957,55-59,
S2,1957,60-64,
S2,1957,65-69,
S2,1957,70-74,
S2,1957,75+,
S2,1957,0-8,
S2,1957,9-14,
S2,1957,0-17,53111194.24669325
S2,1957,18-29,38610304.89896229
S2,1957,30-65,83572625.22066379
S2,1957,66+,14637283.940414026
S2,1957,15-26,
S2,1957,27-45,
S2,1957,46-65,
S2,1958,00-04,
S2,1958,05-09,
S2,1958,10-14,
S2,1958,15-19,
S2,1958,20-24,
S2,1958,25-29,
S2,1958,30-34,
S2,1958,35-39,
S2,1958,40-44,
S2,1958,45-49,
S2,1958,50-54,
S2,1958,55-59,
S2,1958,60-64,
S2,1958,65-69,
S2,1958,70-74,
S2,1958,75+,
S2,1958,0-8,
S2,1958,9-14,
S2,1958,0-17,54327067.770666726
S2,1958,18-29,39462342.90854984
S2,1958,30-65,85439244.48270176
S2,1958,66+,14984860.976472521
S2,1958,15-26,
S2,1958,27-45,
S2,1958,46-65,
S2,1959,00-04,
S2,1959,05-09,
S2,1959,10-14,
S2,1959,15-19,
S2,1959,20-24,
S2,1959,25-29,
S2,1959,30-34,
S2,1959,35-39,
S2,1959,40-44,
S2,1959,45-49,
S2,1959,50-54,
S2,1959,55-59,
S2,1959,60-64,
S2,1959,65-69,
S2,1959,70-74,
S2,1959,75+,
S2,1959,0-8,
S2,1959,9-14,
S2,1959,0-17,55666065.33717173
S2,1959,18-29,40347966.989134155
S2,1959,30-65,87534655.99520476
S2,1959,66+,15271441.602273531
S2,1959,15-26,
S2,1959,27-45,
S2,1959,46-65,
S2,1960,00-04,
S2,1960,05-09,
S2,1960,10-14,
S2,1960,15-19,
S2,1960,20-24,
S2,1960,25-29,
S2,1960,30-34,
S2,1960,35-39,
S2,1960,40-44,
S2,1960,45-49,
S2,1960,50-54,
S2,1960,55-59,
S2,1960,60-64,
S2,1960,65-69,
S2,1960,70-74,
S2,1960,75+,
S2,1960,0-8,
S2,1960,9-14,
S2,1960,0-17,57018495.46696253
S2,1960,18-29,41245535.401979126
S2,1960,30-65,89716263.46140705
S2,1960,66+,15498998.340135435
S2,1960,15-26,
S2,1960,27-45,
S2,1960,46-65,
S2,1961,00-04,
S2,1961,05-09,
S2,1961,10-14,
S2,1961,15-19,
S2,1961,20-24,
S2,1961,25-29,
S2,1961,30-34,
S2,1961,35-39,
S2,1961,40-44,
S2,1961,45-49,
S2,1961,50-54,
S2,1961,55-59,
S2,1961,60-64,
S2,1961,65-69,
S2,1961,70-74,
S2,1961,75+,
S2,1961,0-8,
S2,1961,9-14,
S2,1961,0-17,58415919.75625027
S2,1961,18-29,42175752.77234672
S2,1961,30-65,91899531.109795
S2,1961,66+,15808030.513311397
S2,1961,15-26,
S2,1961,27-45,
S2,1961,46-65,
S2,1962,00-04,
S2,1962,05-09,
S2,1962,10-14,
S2,1962,15-19,
S2,1962,20-24,
S2,1962,25-29,
S2,1962,30-34,
S2,1962,35-39,
S2,1962,40-44,
S2,1962,45-49,
S2,1962,50-54,
S2,1962,55-59,
S2,1962,60-64,
S2,1962,65-69,
S2,1962,70-74,
S2,1962,75+,
S2,1962,0-8,
S2,1962,9-14,
S2,1962,0-17,59853827.33238411
S2,1962,18-29,43143716.85804938
S2,1962,30-65,94149617.5172761
S2,1962,66+,16134007.94651126
S2,1962,15-26,
S2,1962,27-45,
S2,1962,46-65,
S2,1963,00-04,
S2,1963,05-09,
S2,1963,10-14,
S2,1963,15-19,
S2,1963,20-24,
S2,1963,25-29,
S2,1963,30-34,
S2,1963,35-39,
S2,1963,40-44,
S2,1963,45-49,
S2,1963,50-54,
S2,1963,55-59,
S2,1963,60-64,
S2,1963,65-69,
S2,1963,70-74,
S2,1963,75+,
S2,1963,0-8,
S2,1963,9-14,
S2,1963,0-17,61277333.18200477
S2,1963,18-29,44130900.68657173
S2,1963,30-65,96346713.55550279
S2,1963,66+,16518134.593382653
S2,1963,15-26,
S2,1963,27-45,
S2,1963,46-65,
S2,1964,00-04,
S2,1964,05-09,
S2,1964,10-14,
S2,1964,15-19,
S2,1964,20-24,
S2,1964,25-29,
S2,1964,30-34,
S2,1964,35-39,
S2,1964,40-44,
S2,1964,45-49,
S2,1964,50-54,
S2,1964,55-59,
S2,1964,60-64,
S2,1964,65-69,
S2,1964,70-74,
S2,1964,75+,
S2,1964,0-8,
S2,1964,9-14,
S2,1964,0-17,62710379.96457272
S2,1964,18-29,45187090.57767768
S2,1964,30-65,98553456.30812036
S2,1964,66+,16976717.962547306
S2,1964,15-26,
S2,1964,27-45,
S2,1964,46-65,
S2,1965,00-04,
S2,1965,05-09,
S2,1965,10-14,
S2,1965,15-19,
S2,1965,20-24,
S2,1965,25-29,
S2,1965,30-34,
S2,1965,35-39,
S2,1965,40-44,
S2,1965,45-49,
S2,1965,50-54,
S2,1965,55-59,
S2,1965,60-64,
S2,1965,65-69,
S2,1965,70-74,
S2,1965,75+,
S2,1965,0-8,
S2,1965,9-14,
S2,1965,0-17,64299766.43497481
S2,1965,18-29,46123064.36337134
S2,1965,30-65,100764763.75827819
S2,1965,66+,17469415.61108834
S2,1965,15-26,
S2,1965,27-45,
S2,1965,46-65,
S2,1966,00-04,
S2,1966,05-09,
S2,1966,10-14,
S2,1966,15-19,
S2,1966,20-24,
S2,1966,25-29,
S2,1966,30-34,
S2,1966,35-39,
S2,1966,40-44,
S2,1966,45-49,
S2,1966,50-54,
S2,1966,55-59,
S2,1966,60-64,
S2,1966,65-69,
S2,1966,70-74,
S2,1966,75+,
S2,1966,0-8,
S2,1966,9-14,
S2,1966,0-17,65867650.78871608
S2,1966,18-29,46984348.09208625
S2,1966,30-65,102935356.75129019
S2,1966,66+,17899830.876087494
S2,1966,15-26,
S2,1966,27-45,
S2,1966,46-65,
S2,1967,00-04,
S2,1967,05-09,
S2,1967,10-14,
S2,1967,15-19,
S2,1967,20-24,
S2,1967,25-29,
S2,1967,30-34,
S2,1967,35-39,
S2,1967,40-44,
S2,1967,45-49,
S2,1967,50-54,
S2,1967,55-59,
S2,1967,60-64,
S2,1967,65-69,
S2,1967,70-74,
S2,1967,75+,
S2,1967,0-8,
S2,1967,9-14,
S2,1967,0-17,67487779.82685418
S2,1967,18-29,47778733.37696444
S2,1967,30-65,105097783.94851604
S2,1967,66+,18322721.565510914
S2,1967,15-26,
S2,1967,27-45,
S2,1967,46-65,
S2,1968,00-04,
S2,1968,05-09,
S2,1968,10-14,
S2,1968,15-19,
S2,1968,20-24,
S2,1968,25-29,
S2,1968,30-34,
S2,1968,35-39,
S2,1968,40-44,
S2,1968,45-49,
S2,1968,50-54,
S2,1968,55-59,
S2,1968,60-64,
S2,1968,65-69,
S2,1968,70-74,
S2,1968,75+,
S2,1968,0-8,
S2,1968,9-14,
S2,1968,0-17,68828847.70484492
S2,1968,18-29,48975839.257425666
S2,1968,30-65,107414139.48252349
S2,1968,66+,18724091.064069133
S2,1968,15-26,
S2,1968,27-45,
S2,1968,46-65,
S2,1969,00-04,
S2,1969,05-09,
S2,1969,10-14,
S2,1969,15-19,
S2,1969,20-24,
S2,1969,25-29,
S2,1969,30-34,
S2,1969,35-39,
S2,1969,40-44,
S2,1969,45-49,
S2,1969,50-54,
S2,1969,55-59,
S2,1969,60-64,
S2,1969,65-69,
S2,1969,70-74,
S2,1969,75+,
S2,1969,0-8,
S2,1969,9-14,
S2,1969,0-17,70118077.7250025
S2,1969,18-29,50237252.65684997
S2,1969,30-65,109778190.5101491
S2,1969,66+,19091116.83820445
S2,1969,15-26,
S2,1969,27-45,
S2,1969,46-65,
S2,1970,00-04,
S2,1970,05-09,
S2,1970,10-14,
S2,1970,15-19,
S2,1970,20-24,
S2,1970,25-29,
S2,1970,30-34,
S2,1970,35-39,
S2,1970,40-44,
S2,1970,45-49,
S2,1970,50-54,
S2,1970,55-59,
S2,1970,60-64,
S2,1970,65-69,
S2,1970,70-74,
S2,1970,75+,
S2,1970,0-8,
S2,1970,9-14,
S2,1970,0-17,71627149.85081135
S2,1970,18-29,51337088.55294109
S2,1970,30-65,112230759.23101562
S2,1970,66+,19432011.17918258
S2,1970,15-26,
S2,1970,27-45,
S2,1970,46-65,
S2,1971,00-04,
S2,1971,05-09,
S2,1971,10-14,
S2,1971,15-19,
S2,1971,20-24,
S2,1971,25-29,
S2,1971,30-34,
S2,1971,35-39,
S2,1971,40-44,
S2,1971,45-49,
S2,1971,50-54,
S2,1971,55-59,
S2,1971,60-64,
S2,1971,65-69,
S2,1971,70-74,
S2,1971,75+,
S2,1971,0-8,
S2,1971,9-14,
S2,1971,0-17,73255707.06412481
S2,1971,18-29,52550413.93006271
S2,1971,30-65,114858614.6439206
S2,1971,66+,19847074.09679753
S2,1971,15-26,
S2,1971,27-45,
S2,1971,46-65,
S2,1972,00-04,
S2,1972,05-09,
S2,1972,10-14,
S2,1972,15-19,
S2,1972,20-24,
S2,1972,25-29,
S2,1972,30-34,
S2,1972,35-39,
S2,1972,40-44,
S2,1972,45-49,
S2,1972,50-54,
S2,1972,55-59,
S2,1972,60-64,
S2,1972,65-69,
S2,1972,70-74,
S2,1972,75+,
S2,1972,0-8,
S2,1972,9-14,
S2,1972,0-17,74805190.36634235
S2,1972,18-29,53730100.65125583
S2,1972,30-65,117373243.74808127
S2,1972,66+,20254677.430842634
S2,1972,15-26,
S2,1972,27-45,
S2,1972,46-65,
S2,1973,00-04,
S2,1973,05-09,
S2,1973,10-14,
S2,1973,15-19,
S2,1973,20-24,
S2,1973,25-29,
S2,1973,30-34,
S2,1973,35-39,
S2,1973,40-44,
S2,1973,45-49,
S2,1973,50-54,
S2,1973,55-59,
S2,1973,60-64,
S2,1973,65-69,
S2,1973,70-74,
S2,1973,75+,
S2,1973,0-8,
S2,1973,9-14,
S2,1973,0-17,76459706.51715466
S2,1973,18-29,55007656.17351942
S2,1973,30-65,120049728.05779114
S2,1973,66+,20717680.54064459
S2,1973,15-26,
S2,1973,27-45,
S2,1973,46-65,
S2,1974,00-04,
S2,1974,05-09,
S2,1974,10-14,
S2,1974,15-19,
S2,1974,20-24,
S2,1974,25-29,
S2,1974,30-34,
S2,1974,35-39,
S2,1974,40-44,
S2,1974,45-49,
S2,1974,50-54,
S2,1974,55-59,
S2,1974,60-64,
S2,1974,65-69,
S2,1974,70-74,
S2,1974,75+,
S2,1974,0-8,
S2,1974,9-14,
S2,1974,0-17,78144077.50625952
S2,1974,18-29,56288509.274904855
S2,1974,30-65,122723969.51826067
S2,1974,66+,21218424.130374014
S2,1974,15-26,
S2,1974,27-45,
S2,1974,46-65,
S2,1975,00-04,
S2,1975,05-09,
S2,1975,10-14,
S2,1975,15-19,
S2,1975,20-24,
S2,1975,25-29,
S2,1975,30-34,
S2,1975,35-39,
S2,1975,40-44,
S2,1975,45-49,
S2,1975,50-54,
S2,1975,55-59,
S2,1975,60-64,
S2,1975,65-69,
S2,1975,70-74,
S2,1975,75+,
S2,1975,0-8,
S2,1975,9-14,
S2,1975,0-17,79959403.74054325
S2,1975,18-29,57645913.42711664
S2,1975,30-65,125571677.83894984
S2,1975,66+,21767886.221776545
S2,1975,15-26,
S2,1975,27-45,
S2,1975,46-65,
S2,1976,00-04,
S2,1976,05-09,
S2,1976,10-14,
S2,1976,15-19,
S2,1976,20-24,
S2,1976,25-29,
S2,1976,30-34,
S2,1976,35-39,
S2,1976,40-44,
S2,1976,45-49,
S2,1976,50-54,
S2,1976,55-59,
S2,1976,60-64,
S2,1976,65-69,
S2,1976,70-74,
S2,1976,75+,
S2,1976,0-8,
S2,1976,9-14,
S2,1976,0-17,81814978.67328227
S2,1976,18-29,59013116.14889833
S2,1976,30-65,128485223.5014781
S2,1976,66+,22305098.600110717
S2,1976,15-26,
S2,1976,27-45,
S2,1976,46-65,
S2,1977,00-04,
S2,1977,05-09,
S2,1977,10-14,
S2,1977,15-19,
S2,1977,20-24,
S2,1977,25-29,
S2,1977,30-34,
S2,1977,35-39,
S2,1977,40-44,
S2,1977,45-49,
S2,1977,50-54,
S2,1977,55-59,
S2,1977,60-64,
S2,1977,65-69,
S2,1977,70-74,
S2,1977,75+,
S2,1977,0-8,
S2,1977,9-14,
S2,1977,0-17,83741063.23161073
S2,1977,18-29,60391703.74691628
S2,1977,30-65,131483287.48238477
S2,1977,66+,22845480.406778105
S2,1977,15-26,
S2,1977,27-45,
S2,1977,46-65,
S2,1978,00-04,
S2,1978,05-09,
S2,1978,10-14,
S2,1978,15-19,
S2,1978,20-24,
S2,1978,25-29,
S2,1978,30-34,
S2,1978,35-39,
S2,1978,40-44,
S2,1978,45-49,
S2,1978,50-54,
S2,1978,55-59,
S2,1978,60-64,
S2,1978,65-69,
S2,1978,70-74,
S2,1978,75+,
S2,1978,0-8,
S2,1978,9-14,
S2,1978,0-17,85731408.29766005
S2,1978,18-29,61790454.22060622
S2,1978,30-65,134568252.8138059
S2,1978,66+,23389356.385151185
S2,1978,15-26,
S2,1978,27-45,
S2,1978,46-65,
S2,1979,00-04,
S2,1979,05-09,
S2,1979,10-14,
S2,1979,15-19,
S2,1979,20-24,
S2,1979,25-29,
S2,1979,30-34,
S2,1979,35-39,
S2,1979,40-44,
S2,1979,45-49,
S2,1979,50-54,
S2,1979,55-59,
S2,1979,60-64,
S2,1979,65-69,
S2,1979,70-74,
S2,1979,75+,
S2,1979,0-8,
S2,1979,9-14,
S2,1979,0-17,87667273.87223184
S2,1979,18-29,63191354.37722442
S2,1979,30-65,137618384.40713376
S2,1979,66+,23912034.464630462
S2,1979,15-26,
S2,1979,27-45,
S2,1979,46-65,
S2,1980,00-04,
S2,1980,05-09,
S2,1980,10-14,
S2,1980,15-19,
S2,1980,20-24,
S2,1980,25-29,
S2,1980,30-34,
S2,1980,35-39,
S2,1980,40-44,
S2,1980,45-49,
S2,1980,50-54,
S2,1980,55-59,
S2,1980,60-64,
S2,1980,65-69,
S2,1980,70-74,
S2,1980,75+,
S2,1980,0-8,
S2,1980,9-14,
S2,1980,0-17,89743000.75221412
S2,1980,18-29,64727763.42016898
S2,1980,30-65,140926725.98538926
S2,1980,66+,24471352.531849798
S2,1980,15-26,
S2,1980,27-45,
S2,1980,46-65,
S2,1981,00-04,
S2,1981,05-09,
S2,1981,10-14,
S2,1981,15-19,
S2,1981,20-24,
S2,1981,25-29,
S2,1981,30-34,
S2,1981,35-39,
S2,1981,40-44,
S2,1981,45-49,
S2,1981,50-54,
S2,1981,55-59,
S2,1981,60-64,
S2,1981,65-69,
S2,1981,70-74,
S2,1981,75+,
S2,1981,0-8,
S2,1981,9-14,
S2,1981,0-17,91839216.10933603
S2,1981,18-29,66294474.516266264
S2,1981,30-65,144274562.57542446
S2,1981,66+,25045559.056952726
S2,1981,15-26,
S2,1981,27-45,
S2,1981,46-65,
S2,1982,00-04,
S2,1982,05-09,
S2,1982,10-14,
S2,1982,15-19,
S2,1982,20-24,
S2,1982,25-29,
S2,1982,30-34,
S2,1982,35-39,
S2,1982,40-44,
S2,1982,45-49,
S2,1982,50-54,
S2,1982,55-59,
S2,1982,60-64,
S2,1982,65-69,
S2,1982,70-74,
S2,1982,75+,
S2,1982,0-8,
S2,1982,9-14,
S2,1982,0-17,93977765.38102007
S2,1982,18-29,67885187.1486298
S2,1982,30-65,147681338.27384675
S2,1982,66+,25631854.51682855
S2,1982,15-26,
S2,1982,27-45,
S2,1982,46-65,
S2,1983,00-04,
S2,1983,05-09,
S2,1983,10-14,
S2,1983,15-19,
S2,1983,20-24,
S2,1983,25-29,
S2,1983,30-34,
S2,1983,35-39,
S2,1983,40-44,
S2,1983,45-49,
S2,1983,50-54,
S2,1983,55-59,
S2,1983,60-64,
S2,1983,65-69,
S2,1983,70-74,
S2,1983,75+,
S2,1983,0-8,
S2,1983,9-14,
S2,1983,0-17,96182498.28908847
S2,1983,18-29,69495339.20417081
S2,1983,30-65,151162575.75398135
S2,1983,66+,26235368.258880954
S2,1983,15-26,
S2,1983,27-45,
S2,1983,46-65,
S2,1984,00-04,
S2,1984,05-09,
S2,1984,10-14,
S2,1984,15-19,
S2,1984,20-24,
S2,1984,25-29,
S2,1984,30-34,
S2,1984,35-39,
S2,1984,40-44,
S2,1984,45-49,
S2,1984,50-54,
S2,1984,55-59,
S2,1984,60-64,
S2,1984,65-69,
S2,1984,70-74,
S2,1984,75+,
S2,1984,0-8,
S2,1984,9-14,
S2,1984,0-17,98500580.88804501
S2,1984,18-29,71117695.89912698
S2,1984,30-65,154753363.7295265
S2,1984,66+,26863767.591813624
S2,1984,15-26,
S2,1984,27-45,
S2,1984,46-65,
S2,1985,00-04,
S2,1985,05-09,
S2,1985,10-14,
S2,1985,15-19,
S2,1985,20-24,
S2,1985,25-29,
S2,1985,30-34,
S2,1985,35-39,
S2,1985,40-44,
S2,1985,45-49,
S2,1985,50-54,
S2,1985,55-59,
S2,1985,60-64,
S2,1985,65-69,
S2,1985,70-74,
S2,1985,75+,
S2,1985,0-8,
S2,1985,9-14,
S2,1985,0-17,100866898.86070265
S2,1985,18-29,72782075.54228354
S2,1985,30-65,158423807.990923
S2,1985,66+,27509153.865156382
S2,1985,15-26,
S2,1985,27-45,
S2,1985,46-65,
S2,1986,00-04,
S2,1986,05-09,
S2,1986,10-14,
S2,1986,15-19,
S2,1986,20-24,
S2,1986,25-29,
S2,1986,30-34,
S2,1986,35-39,
S2,1986,40-44,
S2,1986,45-49,
S2,1986,50-54,
S2,1986,55-59,
S2,1986,60-64,
S2,1986,65-69,
S2,1986,70-74,
S2,1986,75+,
S2,1986,0-8,
S2,1986,9-14,
S2,1986,0-17,103234425.12916769
S2,1986,18-29,74503941.52899131
S2,1986,30-65,162152072.3094983
S2,1986,66+,28159566.799411025
S2,1986,15-26,
S2,1986,27-45,
S2,1986,46-65,
S2,1987,00-04,
S2,1987,05-09,
S2,1987,10-14,
S2,1987,15-19,
S2,1987,20-24,
S2,1987,25-29,
S2,1987,30-34,
S2,1987,35-39,
S2,1987,40-44,
S2,1987,45-49,
S2,1987,50-54,
S2,1987,55-59,
S2,1987,60-64,
S2,1987,65-69,
S2,1987,70-74,
S2,1987,75+,
S2,1987,0-8,
S2,1987,9-14,
S2,1987,0-17,105649099.2990767
S2,1987,18-29,76268571.7398534
S2,1987,30-65,165962650.77291414
S2,1987,66+,28823938.128739186
S2,1987,15-26,
S2,1987,27-45,
S2,1987,46-65,
S2,1988,00-04,
S2,1988,05-09,
S2,1988,10-14,
S2,1988,15-19,
S2,1988,20-24,
S2,1988,25-29,
S2,1988,30-34,
S2,1988,35-39,
S2,1988,40-44,
S2,1988,45-49,
S2,1988,50-54,
S2,1988,55-59,
S2,1988,60-64,
S2,1988,65-69,
S2,1988,70-74,
S2,1988,75+,
S2,1988,0-8,
S2,1988,9-14,
S2,1988,0-17,108107295.87855192
S2,1988,18-29,78003197.2114963
S2,1988,30-65,169787835.26965567
S2,1988,66+,29488177.339682184
S2,1988,15-26,
S2,1988,27-45,
S2,1988,46-65,
S2,1989,00-04,
S2,1989,05-09,
S2,1989,10-14,
S2,1989,15-19,
S2,1989,20-24,
S2,1989,25-29,
S2,1989,30-34,
S2,1989,35-39,
S2,1989,40-44,
S2,1989,45-49,
S2,1989,50-54,
S2,1989,55-59,
S2,1989,60-64,
S2,1989,65-69,
S2,1989,70-74,
S2,1989,75+,
S2,1989,0-8,
S2,1989,9-14,
S2,1989,0-17,110623185.47600013
S2,1989,18-29,79741754.96220985
S2,1989,30-65,173672959.89795232
S2,1989,66+,30158461.11056616
S2,1989,15-26,
S2,1989,27-45,
S2,1989,46-65,
S2,1990,00-04,
S2,1990,05-09,
S2,1990,10-14,
S2,1990,15-19,
S2,1990,20-24,
S2,1990,25-29,
S2,1990,30-34,
S2,1990,35-39,
S2,1990,40-44,
S2,1990,45-49,
S2,1990,50-54,
S2,1990,55-59,
S2,1990,60-64,
S2,1990,65-69,
S2,1990,70-74,
S2,1990,75+,
S2,1990,0-8,
S2,1990,9-14,
S2,1990,0-17,113127106.28366645
S2,1990,18-29,81556817.67478774
S2,1990,30-65,177620409.37730575
S2,1990,66+,30835521.51321761
S2,1990,15-26,
S2,1990,27-45,
S2,1990,46-65,
S2,1991,00-04,
S2,1991,05-09,
S2,1991,10-14,
S2,1991,15-19,
S2,1991,20-24,
S2,1991,25-29,
S2,1991,30-34,
S2,1991,35-39,
S2,1991,40-44,
S2,1991,45-49,
S2,1991,50-54,
S2,1991,55-59,
S2,1991,60-64,
S2,1991,65-69,
S2,1991,70-74,
S2,1991,75+,
S2,1991,0-8,
S2,1991,9-14,
S2,1991,0-17,115624390.20535368
S2,1991,18-29,83414045.49232829
S2,1991,30-65,181599076.04736787
S2,1991,66+,31519406.222426634
S2,1991,15-26,
S2,1991,27-45,
S2,1991,46-65,
S2,1992,00-04,
S2,1992,05-09,
S2,1992,10-14,
S2,1992,15-19,
S2,1992,20-24,
S2,1992,25-29,
S2,1992,30-34,
S2,1992,35-39,
S2,1992,40-44,
S2,1992,45-49,
S2,1992,50-54,
S2,1992,55-59,
S2,1992,60-64,
S2,1992,65-69,
S2,1992,70-74,
S2,1992,75+,
S2,1992,0-8,
S2,1992,9-14,
S2,1992,0-17,118104750.61676076
S2,1992,18-29,85244882.24594384
S2,1992,30-65,185531635.90474147
S2,1992,66+,32203019.082422163
S2,1992,15-26,
S2,1992,27-45,
S2,1992,46-65,
S2,1993,00-04,
S2,1993,05-09,
S2,1993,10-14,
S2,1993,15-19,
S2,1993,20-24,
S2,1993,25-29,
S2,1993,30-34,
S2,1993,35-39,
S2,1993,40-44,
S2,1993,45-49,
S2,1993,50-54,
S2,1993,55-59,
S2,1993,60-64,
S2,1993,65-69,
S2,1993,70-74,
S2,1993,75+,
S2,1993,0-8,
S2,1993,9-14,
S2,1993,0-17,120586463.43953095
S2,1993,18-29,87130140.93220836
S2,1993,30-65,189514567.79658872
S2,1993,66+,32895979.74800301
S2,1993,15-26,
S2,1993,27-45,
S2,1993,46-65,
S2,1994,00-04,
S2,1994,05-09,
S2,1994,10-14,
S2,1994,15-19,
S2,1994,20-24,
S2,1994,25-29,
S2,1994,30-34,
S2,1994,35-39,
S2,1994,40-44,
S2,1994,45-49,
S2,1994,50-54,
S2,1994,55-59,
S2,1994,60-64,
S2,1994,65-69,
S2,1994,70-74,
S2,1994,75+,
S2,1994,0-8,
S2,1994,9-14,
S2,1994,0-17,123123116.0755757
S2,1994,18-29,88943780.20861557
S2,1994,30-65,193485976.78488204
S2,1994,66+,33582603.80022518
S2,1994,15-26,
S2,1994,27-45,
S2,1994,46-65,
S2,1995,00-04,
S2,1995,05-09,
S2,1995,10-14,
S2,1995,15-19,
S2,1995,20-24,
S2,1995,25-29,
S2,1995,30-34,
S2,1995,35-39,
S2,1995,40-44,
S2,1995,45-49,
S2,1995,50-54,
S2,1995,55-59,
S2,1995,60-64,
S2,1995,65-69,
S2,1995,70-74,
S2,1995,75+,
S2,1995,0-8,
S2,1995,9-14,
S2,1995,0-17,125604341.50198774
S2,1995,18-29,90745138.7050142
S2,1995,30-65,197400053.83109415
S2,1995,66+,34254062.118693665
S2,1995,15-26,
S2,1995,27-45,
S2,1995,46-65,
S2,1996,00-04,
S2,1996,05-09,
S2,1996,10-14,
S2,1996,15-19,
S2,1996,20-24,
S2,1996,25-29,
S2,1996,30-34,
S2,1996,35-39,
S2,1996,40-44,
S2,1996,45-49,
S2,1996,50-54,
S2,1996,55-59,
S2,1996,60-64,
S2,1996,65-69,
S2,1996,70-74,
S2,1996,75+,
S2,1996,0-8,
S2,1996,9-14,
S2,1996,0-17,128189171.97892684
S2,1996,18-29,92522493.2788337
S2,1996,30-65,201382144.11447167
S2,1996,66+,34942739.338783205
S2,1996,15-26,
S2,1996,27-45,
S2,1996,46-65,
S2,1997,00-04,
S2,1997,05-09,
S2,1997,10-14,
S2,1997,15-19,
S2,1997,20-24,
S2,1997,25-29,
S2,1997,30-34,
S2,1997,35-39,
S2,1997,40-44,
S2,1997,45-49,
S2,1997,50-54,
S2,1997,55-59,
S2,1997,60-64,
S2,1997,65-69,
S2,1997,70-74,
S2,1997,75+,
S2,1997,0-8,
S2,1997,9-14,
S2,1997,0-17,130825519.06756307
S2,1997,18-29,94262961.92064244
S2,1997,30-65,205373993.58051336
S2,1997,66+,35637323.03514745
S2,1997,15-26,
S2,1997,27-45,
S2,1997,46-65,
S2,1998,00-04,
S2,1998,05-09,
S2,1998,10-14,
S2,1998,15-19,
S2,1998,20-24,
S2,1998,25-29,
S2,1998,30-34,
S2,1998,35-39,
S2,1998,40-44,
S2,1998,45-49,
S2,1998,50-54,
S2,1998,55-59,
S2,1998,60-64,
S2,1998,65-69,
S2,1998,70-74,
S2,1998,75+,
S2,1998,0-8,
S2,1998,9-14,
S2,1998,0-17,133393852.47238016
S2,1998,18-29,96085474.85236454
S2,1998,30-65,209374310.96405327
S2,1998,66+,36338461.94995006
S2,1998,15-26,
S2,1998,27-45,
S2,1998,46-65,
S2,1999,00-04,
S2,1999,05-09,
S2,1999,10-14,
S2,1999,15-19,
S2,1999,20-24,
S2,1999,25-29,
S2,1999,30-34,
S2,1999,35-39,
S2,1999,40-44,
S2,1999,45-49,
S2,1999,50-54,
S2,1999,55-59,
S2,1999,60-64,
S2,1999,65-69,
S2,1999,70-74,
S2,1999,75+,
S2,1999,0-8,
S2,1999,9-14,
S2,1999,0-17,135890920.25897187
S2,1999,18-29,97995736.58548196
S2,1999,30-65,213386911.92684743
S2,1999,66+,37044966.494646676
S2,1999,15-26,
S2,1999,27-45,
S2,1999,46-65,
S2,2000,00-04,
S2,2000,05-09,
S2,2000,10-14,
S2,2000,15-19,
S2,2000,20-24,
S2,2000,25-29,
S2,2000,30-34,
S2,2000,35-39,
S2,2000,40-44,
S2,2000,45-49,
S2,2000,50-54,
S2,2000,55-59,
S2,2000,60-64,
S2,2000,65-69,
S2,2000,70-74,
S2,2000,75+,
S2,2000,0-8,
S2,2000,9-14,
S2,2000,0-17,138414966.23733
S2,2000,18-29,99879661.6497785
S2,2000,30-65,217394481.1839602
S2,2000,66+,37757189.64952123
S2,2000,15-26,
S2,2000,27-45,
S2,2000,46-65,
S2,2001,00-04,
S2,2001,05-09,
S2,2001,10-14,
S2,2001,15-19,
S2,2001,20-24,
S2,2001,25-29,
S2,2001,30-34,
S2,2001,35-39,
S2,2001,40-44,
S2,2001,45-49,
S2,2001,50-54,
S2,2001,55-59,
S2,2001,60-64,
S2,2001,65-69,
S2,2001,70-74,
S2,2001,75+,
S2,2001,0-8,
S2,2001,9-14,
S2,2001,0-17,141009633.1176444
S2,2001,18-29,101761924.3475898
S2,2001,30-65,221459053.4922391
S2,2001,66+,38486246.43893137
S2,2001,15-26,
S2,2001,27-45,
S2,2001,46-65,
S2,2002,00-04,
S2,2002,05-09,
S2,2002,10-14,
S2,2002,15-19,
S2,2002,20-24,
S2,2002,25-29,
S2,2002,30-34,
S2,2002,35-39,
S2,2002,40-44,
S2,2002,45-49,
S2,2002,50-54,
S2,2002,55-59,
S2,2002,60-64,
S2,2002,65-69,
S2,2002,70-74,
S2,2002,75+,
S2,2002,0-8,
S2,2002,9-14,
S2,2002,0-17,143648231.03921932
S2,2002,18-29,103675003.78962871
S2,2002,30-65,225622381.97089756
S2,2002,66+,39196582.527193844
S2,2002,15-26,
S2,2002,27-45,
S2,2002,46-65,
S2,2003,00-04,
S2,2003,05-09,
S2,2003,10-14,
S2,2003,15-19,
S2,2003,20-24,
S2,2003,25-29,
S2,2003,30-34,
S2,2003,35-39,
S2,2003,40-44,
S2,2003,45-49,
S2,2003,50-54,
S2,2003,55-59,
S2,2003,60-64,
S2,2003,65-69,
S2,2003,70-74,
S2,2003,75+,
S2,2003,0-8,
S2,2003,9-14,
S2,2003,0-17,146109405.2492191
S2,2003,18-29,105586787.2231088
S2,2003,30-65,229612149.57905462
S2,2003,66+,39889117.072094604
S2,2003,15-26,
S2,2003,27-45,
S2,2003,46-65,
S2,2004,00-04,
S2,2004,05-09,
S2,2004,10-14,
S2,2004,15-19,
S2,2004,20-24,
S2,2004,25-29,
S2,2004,30-34,
S2,2004,35-39,
S2,2004,40-44,
S2,2004,45-49,
S2,2004,50-54,
S2,2004,55-59,
S2,2004,60-64,
S2,2004,65-69,
S2,2004,70-74,
S2,2004,75+,
S2,2004,0-8,
S2,2004,9-14,
S2,2004,0-17,148568604.5973657
S2,2004,18-29,107464381.89971302
S2,2004,30-65,233538321.6239518
S2,2004,66+,40606525.334849365
S2,2004,15-26,
S2,2004,27-45,
S2,2004,46-65,
S2,2005,00-04,
S2,2005,05-09,
S2,2005,10-14,
S2,2005,15-19,
S2,2005,20-24,
S2,2005,25-29,
S2,2005,30-34,
S2,2005,35-39,
S2,2005,40-44,
S2,2005,45-49,
S2,2005,50-54,
S2,2005,55-59,
S2,2005,60-64,
S2,2005,65-69,
S2,2005,70-74,
S2,2005,75+,
S2,2005,0-8,
S2,2005,9-14,
S2,2005,0-17,151004651.8268638
S2,2005,18-29,109408159.24689767
S2,2005,30-65,237470547.6834983
S2,2005,66+,41363954.13075167
S2,2005,15-26,
S2,2005,27-45,
S2,2005,46-65,
S2,2006,00-04,
S2,2006,05-09,
S2,2006,10-14,
S2,2006,15-19,
S2,2006,20-24,
S2,2006,25-29,
S2,2006,30-34,
S2,2006,35-39,
S2,2006,40-44,
S2,2006,45-49,
S2,2006,50-54,
S2,2006,55-59,
S2,2006,60-64,
S2,2006,65-69,
S2,2006,70-74,
S2,2006,75+,
S2,2006,0-8,
S2,2006,9-14,
S2,2006,0-17,153342654.11097738
S2,2006,18-29,111191294.7124358
S2,2006,30-65,241197313.24707282
S2,2006,66+,42049857.00155216
S2,2006,15-26,
S2,2006,27-45,
S2,2006,46-65,
S2,2007,00-04,
S2,2007,05-09,
S2,2007,10-14,
S2,2007,15-19,
S2,2007,20-24,
S2,2007,25-29,
S2,2007,30-34,
S2,2007,35-39,
S2,2007,40-44,
S2,2007,45-49,
S2,2007,50-54,
S2,2007,55-59,
S2,2007,60-64,
S2,2007,65-69,
S2,2007,70-74,
S2,2007,75+,
S2,2007,0-8,
S2,2007,9-14,
S2,2007,0-17,155752165.1171914
S2,2007,18-29,112962550.11872765
S2,2007,30-65,245008677.66560325
S2,2007,66+,42715007.832122214
S2,2007,15-26,
S2,2007,27-45,
S2,2007,46-65,
S2,2008,00-04,
S2,2008,05-09,
S2,2008,10-14,
S2,2008,15-19,
S2,2008,20-24,
S2,2008,25-29,
S2,2008,30-34,
S2,2008,35-39,
S2,2008,40-44,
S2,2008,45-49,
S2,2008,50-54,
S2,2008,55-59,
S2,2008,60-64,
S2,2008,65-69,
S2,2008,70-74,
S2,2008,75+,
S2,2008,0-8,
S2,2008,9-14,
S2,2008,0-17,157991072.47365692
S2,2008,18-29,114677829.5820266
S2,2008,30-65,248635136.90619656
S2,2008,66+,43322455.93050852
S2,2008,15-26,
S2,2008,27-45,
S2,2008,46-65,
S2,2009,00-04,
S2,2009,05-09,
S2,2009,10-14,
S2,2009,15-19,
S2,2009,20-24,
S2,2009,25-29,
S2,2009,30-34,
S2,2009,35-39,
S2,2009,40-44,
S2,2009,45-49,
S2,2009,50-54,
S2,2009,55-59,
S2,2009,60-64,
S2,2009,65-69,
S2,2009,70-74,
S2,2009,75+,
S2,2009,0-8,
S2,2009,9-14,
S2,2009,0-17,160255112.99460933
S2,2009,18-29,116354523.21061386
S2,2009,30-65,252262937.08127424
S2,2009,66+,43914158.777722776
S2,2009,15-26,
S2,2009,27-45,
S2,2009,46-65,
S2,2010,00-04,
S2,2010,05-09,
S2,2010,10-14,
S2,2010,15-19,
S2,2010,20-24,
S2,2010,25-29,
S2,2010,30-34,
S2,2010,35-39,
S2,2010,40-44,
S2,2010,45-49,
S2,2010,50-54,
S2,2010,55-59,
S2,2010,60-64,
S2,2010,65-69,
S2,2010,70-74,
S2,2010,75+,
S2,2010,0-8,
S2,2010,9-14,
S2,2010,0-17,162631799.49810976
S2,2010,18-29,118099332.89946818
S2,2010,30-65,256055398.8479206
S2,2010,66+,44534749.24451306
S2,2010,15-26,
S2,2010,27-45,
S2,2010,46-65,
S2,2011,00-04,
S2,2011,05-09,
S2,2011,10-14,
S2,2011,15-19,
S2,2011,20-24,
S2,2011,25-29,
S2,2011,30-34,
S2,2011,35-39,
S2,2011,40-44,
S2,2011,45-49,
S2,2011,50-54,
S2,2011,55-59,
S2,2011,60-64,
S2,2011,65-69,
S2,2011,70-74,
S2,2011,75+,
S2,2011,0-8,
S2,2011,9-14,
S2,2011,0-17,164995587.83009678
S2,2011,18-29,119852982.02031949
S2,2011,30-65,259841569.2862235
S2,2011,66+,45157285.183517896
S2,2011,15-26,
S2,2011,27-45,
S2,2011,46-65,
S2,2012,00-04,
S2,2012,05-09,
S2,2012,10-14,
S2,2012,15-19,
S2,2012,20-24,
S2,2012,25-29,
S2,2012,30-34,
S2,2012,35-39,
S2,2012,40-44,
S2,2012,45-49,
S2,2012,50-54,
S2,2012,55-59,
S2,2012,60-64,
S2,2012,65-69,
S2,2012,70-74,
S2,2012,75+,
S2,2012,0-8,
S2,2012,9-14,
S2,2012,0-17,167344298.29349408
S2,2012,18-29,121536616.31351492
S2,2012,30-65,263541254.42650053
S2,2012,66+,45775194.238057
S2,2012,15-26,
S2,2012,27-45,
S2,2012,46-65,
S2,2013,00-04,
S2,2013,05-09,
S2,2013,10-14,
S2,2013,15-19,
S2,2013,20-24,
S2,2013,25-29,
S2,2013,30-34,
S2,2013,35-39,
S2,2013,40-44,
S2,2013,45-49,
S2,2013,50-54,
S2,2013,55-59,
S2,2013,60-64,
S2,2013,65-69,
S2,2013,70-74,
S2,2013,75+,
S2,2013,0-8,
S2,2013,9-14,
S2,2013,0-17,169722460.09456423
S2,2013,18-29,123239206.62992732
S2,2013,30-65,267052954.301938
S2,2013,66+,46377566.02653586
S2,2013,15-26,
S2,2013,27-45,
S2,2013,46-65,
S2,2014,00-04,
S2,2014,05-09,
S2,2014,10-14,
S2,2014,15-19,
S2,2014,20-24,
S2,2014,25-29,
S2,2014,30-34,
S2,2014,35-39,
S2,2014,40-44,
S2,2014,45-49,
S2,2014,50-54,
S2,2014,55-59,
S2,2014,60-64,
S2,2014,65-69,
S2,2014,70-74,
S2,2014,75+,
S2,2014,0-8,
S2,2014,9-14,
S2,2014,0-17,172093969.71972576
S2,2014,18-29,124952746.52860546
S2,2014,30-65,270536541.7377522
S2,2014,66+,47013055.17454834
S2,2014,15-26,
S2,2014,27-45,
S2,2014,46-65,
S2,2015,00-04,
S2,2015,05-09,
S2,2015,10-14,
S2,2015,15-19,
S2,2015,20-24,
S2,2015,25-29,
S2,2015,30-34,
S2,2015,35-39,
S2,2015,40-44,
S2,2015,45-49,
S2,2015,50-54,
S2,2015,55-59,
S2,2015,60-64,
S2,2015,65-69,
S2,2015,70-74,
S2,2015,75+,
S2,2015,0-8,
S2,2015,9-14,
S2,2015,0-17,174485838.2195171
S2,2015,18-29,126649134.72401571
S2,2015,30-65,274386023.3876278
S2,2015,66+,47287903.42911755
S2,2015,15-26,
S2,2015,27-45,
S2,2015,46-65,
S2,2016,00-04,
S2,2016,05-09,
S2,2016,10-14,
S2,2016,15-19,
S2,2016,20-24,
S2,2016,25-29,
S2,2016,30-34,
S2,2016,35-39,
S2,2016,40-44,
S2,2016,45-49,
S2,2016,50-54,
S2,2016,55-59,
S2,2016,60-64,
S2,2016,65-69,
S2,2016,70-74,
S2,2016,75+,
S2,2016,0-8,
S2,2016,9-14,
S2,2016,0-17,176862326.41034493
S2,2016,18-29,128252590.8334629
S2,2016,30-65,277788899.1771594
S2,2016,66+,47899470.895183235
S2,2016,15-26,
S2,2016,27-45,
S2,2016,46-65,
S2,2017,00-04,
S2,2017,05-09,
S2,2017,10-14,
S2,2017,15-19,
S2,2017,20-24,
S2,2017,25-29,
S2,2017,30-34,
S2,2017,35-39,
S2,2017,40-44,
S2,2017,45-49,
S2,2017,50-54,
S2,2017,55-59,
S2,2017,60-64,
S2,2017,65-69,
S2,2017,70-74,
S2,2017,75+,
S2,2017,0-8,
S2,2017,9-14,
S2,2017,0-17,179127684.5995707
S2,2017,18-29,129745563.94186217
S2,2017,30-65,280972757.7509091
S2,2017,66+,48503783.39169232
S2,2017,15-26,
S2,2017,27-45,
S2,2017,46-65,
S2,2018,00-04,
S2,2018,05-09,
S2,2018,10-14,
S2,2018,15-19,
S2,2018,20-24,
S2,2018,25-29,
S2,2018,30-34,
S2,2018,35-39,
S2,2018,40-44,
S2,2018,45-49,
S2,2018,50-54,
S2,2018,55-59,
S2,2018,60-64,
S2,2018,65-69,
S2,2018,70-74,
S2,2018,75+,
S2,2018,0-8,
S2,2018,9-14,
S2,2018,0-17,181352876.51651868
S2,2018,18-29,131279809.7010575
S2,2018,30-65,284157968.39975893
S2,2018,66+,49109650.41824016
S2,2018,15-26,
S2,2018,27-45,
S2,2018,46-65,
S2,2019,00-04,
S2,2019,05-09,
S2,2019,10-14,
S2,2019,15-19,
S2,2019,20-24,
S2,2019,25-29,
S2,2019,30-34,
S2,2019,35-39,
S2,2019,40-44,
S2,2019,45-49,
S2,2019,50-54,
S2,2019,55-59,
S2,2019,60-64,
S2,2019,65-69,
S2,2019,70-74,
S2,2019,75+,
S2,2019,0-8,
S2,2019,9-14,
S2,2019,0-17,183431407.49685985
S2,2019,18-29,132967926.02135563
S2,2019,30-65,287331117.5365821
S2,2019,66+,49735561.473035164
S2,2019,15-26,
S2,2019,27-45,
S2,2019,46-65,
S2,2020,00-04,
S2,2020,05-09,
S2,2020,10-14,
S2,2020,15-19,
S2,2020,20-24,
S2,2020,25-29,
S2,2020,30-34,
S2,2020,35-39,
S2,2020,40-44,
S2,2020,45-49,
S2,2020,50-54,
S2,2020,55-59,
S2,2020,60-64,
S2,2020,65-69,
S2,2020,70-74,
S2,2020,75+,
S2,2020,0-8,
S2,2020,9-14,
S2,2020,0-17,185398014.2995473
S2,2020,18-29,134772138.36689994
S2,2020,30-65,290566069.6418109
S2,2020,66+,50306890.68996979
S2,2020,15-26,
S2,2020,27-45,
S2,2020,46-65,
S2,2021,00-04,
S2,2021,05-09,
S2,2021,10-14,
S2,2021,15-19,
S2,2021,20-24,
S2,2021,25-29,
S2,2021,30-34,
S2,2021,35-39,
S2,2021,40-44,
S2,2021,45-49,
S2,2021,50-54,
S2,2021,55-59,
S2,2021,60-64,
S2,2021,65-69,
S2,2021,70-74,
S2,2021,75+,
S2,2021,0-8,
S2,2021,9-14,
S2,2021,0-17,187343093.24540433
S2,2021,18-29,136482956.87545922
S2,2021,30-65,293679780.5615266
S2,2021,66+,50877273.90574478
S2,2021,15-26,
S2,2021,27-45,
S2,2021,46-65,
S2,2022,00-04,
S2,2022,05-09,
S2,2022,10-14,
S2,2022,15-19,
S2,2022,20-24,
S2,2022,25-29,
S2,2022,30-34,
S2,2022,35-39,
S2,2022,40-44,
S2,2022,45-49,
S2,2022,50-54,
S2,2022,55-59,
S2,2022,60-64,
S2,2022,65-69,
S2,2022,70-74,
S2,2022,75+,
S2,2022,0-8,
S2,2022,9-14,
S2,2022,0-17,189272893.4900574
S2,2022,18-29,137972070.84362507
S2,2022,30-65,296588761.6903309
S2,2022,66+,51399778.16158218
S2,2022,15-26,
S2,2022,27-45,
S2,2022,46-65,
S2,2023,00-04,
S2,2023,05-09,
S2,2023,10-14,
S2,2023,15-19,
S2,2023,20-24,
S2,2023,25-29,
S2,2023,30-34,
S2,2023,35-39,
S2,2023,40-44,
S2,2023,45-49,
S2,2023,50-54,
S2,2023,55-59,
S2,2023,60-64,
S2,2023,65-69,
S2,2023,70-74,
S2,2023,75+,
S2,2023,0-8,
S2,2023,9-14,
S2,2023,0-17,191222337.34448096
S2,2023,18-29,139445945.77255237
S2,2023,30-65,299499465.20456797
S2,2023,66+,51927123.89001248
S2,2023,15-26,
S2,2023,27-45,
S2,2023,46-65,
S2,2024,00-04,
S2,2024,05-09,
S2,2024,10-14,
S2,2024,15-19,
S2,2024,20-24,
S2,2024,25-29,
S2,2024,30-34,
S2,2024,35-39,
S2,2024,40-44,
S2,2024,45-49,
S2,2024,50-54,
S2,2024,55-59,
S2,2024,60-64,
S2,2024,65-69,
S2,2024,70-74,
S2,2024,75+,
S2,2024,0-8,
S2,2024,9-14,
S2,2024,0-17,193259360.81214333
S2,2024,18-29,140839148.45000646
S2,2024,30-65,302412448.64004433
S2,2024,66+,52460464.325484574
S2,2024,15-26,
S2,2024,27-45,
S2,2024,46-65,
S2,2025,00-04,
S2,2025,05-09,
S2,2025,10-14,
S2,2025,15-19,
S2,2025,20-24,
S2,2025,25-29,
S2,2025,30-34,
S2,2025,35-39,
S2,2025,40-44,
S2,2025,45-49,
S2,2025,50-54,
S2,2025,55-59,
S2,2025,60-64,
S2,2025,65-69,
S2,2025,70-74,
S2,2025,75+,
S2,2025,0-8,
S2,2025,9-14,
S2,2025,0-17,195418263.13925636
S2,2025,18-29,142114755.8655711
S2,2025,30-65,305346700.29557
S2,2025,66+,52978633.80262122
S2,2025,15-26,
S2,2025,27-45,
S2,2025,46-65,
S2,2026,00-04,
S2,2026,05-09,
S2,2026,10-14,
S2,2026,15-19,
S2,2026,20-24,
S2,2026,25-29,
S2,2026,30-34,
S2,2026,35-39,
S2,2026,40-44,
S2,2026,45-49,
S2,2026,50-54,
S2,2026,55-59,
S2,2026,60-64,
S2,2026,65-69,
S2,2026,70-74,
S2,2026,75+,
S2,2026,0-8,
S2,2026,9-14,
S2,2026,0-17,197462250.2177872
S2,2026,18-29,143368266.34732804
S2,2026,30-65,308189604.8372301
S2,2026,66+,53450082.2118192
S2,2026,15-26,
S2,2026,27-45,
S2,2026,46-65,
S2,2027,00-04,
S2,2027,05-09,
S2,2027,10-14,
S2,2027,15-19,
S2,2027,20-24,
S2,2027,25-29,
S2,2027,30-34,
S2,2027,35-39,
S2,2027,40-44,
S2,2027,45-49,
S2,2027,50-54,
S2,2027,55-59,
S2,2027,60-64,
S2,2027,65-69,
S2,2027,70-74,
S2,2027,75+,
S2,2027,0-8,
S2,2027,9-14,
S2,2027,0-17,199250354.7644141
S2,2027,18-29,144597757.70857418
S2,2027,30-65,310780422.4696751
S2,2027,66+,53888967.02489449
S2,2027,15-26,
S2,2027,27-45,
S2,2027,46-65,
S2,2028,00-04,
S2,2028,05-09,
S2,2028,10-14,
S2,2028,15-19,
S2,2028,20-24,
S2,2028,25-29,
S2,2028,30-34,
S2,2028,35-39,
S2,2028,40-44,
S2,2028,45-49,
S2,2028,50-54,
S2,2028,55-59,
S2,2028,60-64,
S2,2028,65-69,
S2,2028,70-74,
S2,2028,75+,
S2,2028,0-8,
S2,2028,9-14,
S2,2028,0-17,200894795.25426796
S2,2028,18-29,145974041.54702318
S2,2028,30-65,313377109.06046003
S2,2028,66+,54326880.75728891
S2,2028,15-26,
S2,2028,27-45,
S2,2028,46-65,
S2,2029,00-04,
S2,2029,05-09,
S2,2029,10-14,
S2,2029,15-19,
S2,2029,20-24,
S2,2029,25-29,
S2,2029,30-34,
S2,2029,35-39,
S2,2029,40-44,
S2,2029,45-49,
S2,2029,50-54,
S2,2029,55-59,
S2,2029,60-64,
S2,2029,65-69,
S2,2029,70-74,
S2,2029,75+,
S2,2029,0-8,
S2,2029,9-14,
S2,2029,0-17,202580340.3786292
S2,2029,18-29,147316282.52096972
S2,2029,30-65,315971204.6479963
S2,2029,66+,54776577.97530975
S2,2029,15-26,
S2,2029,27-45,
S2,2029,46-65,
S2,2030,00-04,
S2,2030,05-09,
S2,2030,10-14,
S2,2030,15-19,
S2,2030,20-24,
S2,2030,25-29,
S2,2030,30-34,
S2,2030,35-39,
S2,2030,40-44,
S2,2030,45-49,
S2,2030,50-54,
S2,2030,55-59,
S2,2030,60-64,
S2,2030,65-69,
S2,2030,70-74,
S2,2030,75+,
S2,2030,0-8,
S2,2030,9-14,
S2,2030,0-17,204195365.06615785
S2,2030,18-29,148736045.15039295
S2,2030,30-65,318569104.1989352
S2,2030,66+,55230948.38632563
S2,2030,15-26,
S2,2030,27-45,
S2,2030,46-65,
S2,2031,00-04,
S2,2031,05-09,
S2,2031,10-14,
S2,2031,15-19,
S2,2031,20-24,
S2,2031,25-29,
S2,2031,30-34,
S2,2031,35-39,
S2,2031,40-44,
S2,2031,45-49,
S2,2031,50-54,
S2,2031,55-59,
S2,2031,60-64,
S2,2031,65-69,
S2,2031,70-74,
S2,2031,75+,
S2,2031,0-8,
S2,2031,9-14,
S2,2031,0-17,205751053.45253372
S2,2031,18-29,150070087.7855117
S2,2031,30-65,321029627.55740124
S2,2031,66+,55679708.444350384
S2,2031,15-26,
S2,2031,27-45,
S2,2031,46-65,
S2,2032,00-04,
S2,2032,05-09,
S2,2032,10-14,
S2,2032,15-19,
S2,2032,20-24,
S2,2032,25-29,
S2,2032,30-34,
S2,2032,35-39,
S2,2032,40-44,
S2,2032,45-49,
S2,2032,50-54,
S2,2032,55-59,
S2,2032,60-64,
S2,2032,65-69,
S2,2032,70-74,
S2,2032,75+,
S2,2032,0-8,
S2,2032,9-14,
S2,2032,0-17,207288827.0466496
S2,2032,18-29,151129729.44213414
S2,2032,30-65,323266015.65993893
S2,2032,66+,56060322.226601794
S2,2032,15-26,
S2,2032,27-45,
S2,2032,46-65,
S2,2033,00-04,
S2,2033,05-09,
S2,2033,10-14,
S2,2033,15-19,
S2,2033,20-24,
S2,2033,25-29,
S2,2033,30-34,
S2,2033,35-39,
S2,2033,40-44,
S2,2033,45-49,
S2,2033,50-54,
S2,2033,55-59,
S2,2033,60-64,
S2,2033,65-69,
S2,2033,70-74,
S2,2033,75+,
S2,2033,0-8,
S2,2033,9-14,
S2,2033,0-17,209079586.13484618
S2,2033,18-29,151939646.50083154
S2,2033,30-65,325521769.4429874
S2,2033,66+,56427504.34392998
S2,2033,15-26,
S2,2033,27-45,
S2,2033,46-65,
S2,2034,00-04,
S2,2034,05-09,
S2,2034,10-14,
S2,2034,15-19,
S2,2034,20-24,
S2,2034,25-29,
S2,2034,30-34,
S2,2034,35-39,
S2,2034,40-44,
S2,2034,45-49,
S2,2034,50-54,
S2,2034,55-59,
S2,2034,60-64,
S2,2034,65-69,
S2,2034,70-74,
S2,2034,75+,
S2,2034,0-8,
S2,2034,9-14,
S2,2034,0-17,210748346.66008067
S2,2034,18-29,152879165.309921
S2,2034,30-65,327783795.24712557
S2,2034,66+,56798243.34389836
S2,2034,15-26,
S2,2034,27-45,
S2,2034,46-65,
S2,2035,00-04,
S2,2035,05-09,
S2,2035,10-14,
S2,2035,15-19,
S2,2035,20-24,
S2,2035,25-29,
S2,2035,30-34,
S2,2035,35-39,
S2,2035,40-44,
S2,2035,45-49,
S2,2035,50-54,
S2,2035,55-59,
S2,2035,60-64,
S2,2035,65-69,
S2,2035,70-74,
S2,2035,75+,
S2,2035,0-8,
S2,2035,9-14,
S2,2035,0-17,212005665.0174364
S2,2035,18-29,154235034.8008894
S2,2035,30-65,330019225.09332246
S2,2035,66+,57201345.09890551
S2,2035,15-26,
S2,2035,27-45,
S2,2035,46-65,
S2,2036,00-04,
S2,2036,05-09,
S2,2036,10-14,
S2,2036,15-19,
S2,2036,20-24,
S2,2036,25-29,
S2,2036,30-34,
S2,2036,35-39,
S2,2036,40-44,
S2,2036,45-49,
S2,2036,50-54,
S2,2036,55-59,
S2,2036,60-64,
S2,2036,65-69,
S2,2036,70-74,
S2,2036,75+,
S2,2036,0-8,
S2,2036,9-14,
S2,2036,0-17,213531639.0791738
S2,2036,18-29,155329051.40097457
S2,2036,30-65,332276817.8487721
S2,2036,66+,57592423.52546128
S2,2036,15-26,
S2,2036,27-45,
S2,2036,46-65,
S2,2037,00-04,
S2,2037,05-09,
S2,2037,10-14,
S2,2037,15-19,
S2,2037,20-24,
S2,2037,25-29,
S2,2037,30-34,
S2,2037,35-39,
S2,2037,40-44,
S2,2037,45-49,
S2,2037,50-54,
S2,2037,55-59,
S2,2037,60-64,
S2,2037,65-69,
S2,2037,70-74,
S2,2037,75+,
S2,2037,0-8,
S2,2037,9-14,
S2,2037,0-17,214807987.9520724
S2,2037,18-29,156426183.0085279
S2,2037,30-65,334430242.0416478
S2,2037,66+,57947661.974641085
S2,2037,15-26,
S2,2037,27-45,
S2,2037,46-65,
S2,2038,00-04,
S2,2038,05-09,
S2,2038,10-14,
S2,2038,15-19,
S2,2038,20-24,
S2,2038,25-29,
S2,2038,30-34,
S2,2038,35-39,
S2,2038,40-44,
S2,2038,45-49,
S2,2038,50-54,
S2,2038,55-59,
S2,2038,60-64,
S2,2038,65-69,
S2,2038,70-74,
S2,2038,75+,
S2,2038,0-8,
S2,2038,9-14,
S2,2038,0-17,216042231.4570527
S2,2038,18-29,157463872.2784593
S2,2038,30-65,336469301.2531037
S2,2038,66+,58309934.025280595
S2,2038,15-26,
S2,2038,27-45,
S2,2038,46-65,
S2,2039,00-04,
S2,2039,05-09,
S2,2039,10-14,
S2,2039,15-19,
S2,2039,20-24,
S2,2039,25-29,
S2,2039,30-34,
S2,2039,35-39,
S2,2039,40-44,
S2,2039,45-49,
S2,2039,50-54,
S2,2039,55-59,
S2,2039,60-64,
S2,2039,65-69,
S2,2039,70-74,
S2,2039,75+,
S2,2039,0-8,
S2,2039,9-14,
S2,2039,0-17,217591411.46739846
S2,2039,18-29,158085963.07547078
S2,2039,30-65,338434486.6601909
S2,2039,66+,58639684.68573814
S2,2039,15-26,
S2,2039,27-45,
S2,2039,46-65,
S2,2040,00-04,
S2,2040,05-09,
S2,2040,10-14,
S2,2040,15-19,
S2,2040,20-24,
S2,2040,25-29,
S2,2040,30-34,
S2,2040,35-39,
S2,2040,40-44,
S2,2040,45-49,
S2,2040,50-54,
S2,2040,55-59,
S2,2040,60-64,
S2,2040,65-69,
S2,2040,70-74,
S2,2040,75+,
S2,2040,0-8,
S2,2040,9-14,
S2,2040,0-17,219019475.94456664
S2,2040,18-29,158735261.54932764
S2,2040,30-65,340294832.92916894
S2,2040,66+,58975018.08303409
S2,2040,15-26,
S2,2040,27-45,
S2,2040,46-65,
S2,2041,00-04,
S2,2041,05-09,
S2,2041,10-14,
S2,2041,15-19,
S2,2041,20-24,
S2,2041,25-29,
S2,2041,30-34,
S2,2041,35-39,
S2,2041,40-44,
S2,2041,45-49,
S2,2041,50-54,
S2,2041,55-59,
S2,2041,60-64,
S2,2041,65-69,
S2,2041,70-74,
S2,2041,75+,
S2,2041,0-8,
S2,2041,9-14,
S2,2041,0-17,220194978.47989357
S2,2041,18-29,159548085.1888363
S2,2041,30-65,342040456.24100775
S2,2041,66+,59330966.54990301
S2,2041,15-26,
S2,2041,27-45,
S2,2041,46-65,
S2,2042,00-04,
S2,2042,05-09,
S2,2042,10-14,
S2,2042,15-19,
S2,2042,20-24,
S2,2042,25-29,
S2,2042,30-34,
S2,2042,35-39,
S2,2042,40-44,
S2,2042,45-49,
S2,2042,50-54,
S2,2042,55-59,
S2,2042,60-64,
S2,2042,65-69,
S2,2042,70-74,
S2,2042,75+,
S2,2042,0-8,
S2,2042,9-14,
S2,2042,0-17,221272365.0081921
S2,2042,18-29,160363145.37416324
S2,2042,30-65,343766131.4564362
S2,2042,66+,59605522.81379513
S2,2042,15-26,
S2,2042,27-45,
S2,2042,46-65,
S2,2043,00-04,
S2,2043,05-09,
S2,2043,10-14,
S2,2043,15-19,
S2,2043,20-24,
S2,2043,25-29,
S2,2043,30-34,
S2,2043,35-39,
S2,2043,40-44,
S2,2043,45-49,
S2,2043,50-54,
S2,2043,55-59,
S2,2043,60-64,
S2,2043,65-69,
S2,2043,70-74,
S2,2043,75+,
S2,2043,0-8,
S2,2043,9-14,
S2,2043,0-17,222276012.55969587
S2,2043,18-29,161151842.25938174
S2,2043,30-65,345341757.2010739
S2,2043,66+,59924324.9218967
S2,2043,15-26,
S2,2043,27-45,
S2,2043,46-65,
S2,2044,00-04,
S2,2044,05-09,
S2,2044,10-14,
S2,2044,15-19,
S2,2044,20-24,
S2,2044,25-29,
S2,2044,30-34,
S2,2044,35-39,
S2,2044,40-44,
S2,2044,45-49,
S2,2044,50-54,
S2,2044,55-59,
S2,2044,60-64,
S2,2044,65-69,
S2,2044,70-74,
S2,2044,75+,
S2,2044,0-8,
S2,2044,9-14,
S2,2044,0-17,223231007.77884245
S2,2044,18-29,161887093.17753434
S2,2044,30-65,346864173.37754285
S2,2044,66+,60188423.265114814
S2,2044,15-26,
S2,2044,27-45,
S2,2044,46-65,
S2,2045,00-04,
S2,2045,05-09,
S2,2045,10-14,
S2,2045,15-19,
S2,2045,20-24,
S2,2045,25-29,
S2,2045,30-34,
S2,2045,35-39,
S2,2045,40-44,
S2,2045,45-49,
S2,2045,50-54,
S2,2045,55-59,
S2,2045,60-64,
S2,2045,65-69,
S2,2045,70-74,
S2,2045,75+,
S2,2045,0-8,
S2,2045,9-14,
S2,2045,0-17,224142513.37313786
S2,2045,18-29,162577684.11866626
S2,2045,30-65,348339656.68024147
S2,2045,66+,60406284.298084654
S2,2045,15-26,
S2,2045,27-45,
S2,2045,46-65,
S2,2046,00-04,
S2,2046,05-09,
S2,2046,10-14,
S2,2046,15-19,
S2,2046,20-24,
S2,2046,25-29,
S2,2046,30-34,
S2,2046,35-39,
S2,2046,40-44,
S2,2046,45-49,
S2,2046,50-54,
S2,2046,55-59,
S2,2046,60-64,
S2,2046,65-69,
S2,2046,70-74,
S2,2046,75+,
S2,2046,0-8,
S2,2046,9-14,
S2,2046,0-17,225000285.56370994
S2,2046,18-29,163226941.96614873
S2,2046,30-65,349735722.9673898
S2,2046,66+,60603081.31360961
S2,2046,15-26,
S2,2046,27-45,
S2,2046,46-65,
S2,2047,00-04,
S2,2047,05-09,
S2,2047,10-14,
S2,2047,15-19,
S2,2047,20-24,
S2,2047,25-29,
S2,2047,30-34,
S2,2047,35-39,
S2,2047,40-44,
S2,2047,45-49,
S2,2047,50-54,
S2,2047,55-59,
S2,2047,60-64,
S2,2047,65-69,
S2,2047,70-74,
S2,2047,75+,
S2,2047,0-8,
S2,2047,9-14,
S2,2047,0-17,225812453.61185175
S2,2047,18-29,163827605.48191464
S2,2047,30-65,351004290.8641971
S2,2047,66+,60827813.148181304
S2,2047,15-26,
S2,2047,27-45,
S2,2047,46-65,
S2,2048,00-04,
S2,2048,05-09,
S2,2048,10-14,
S2,2048,15-19,
S2,2048,20-24,
S2,2048,25-29,
S2,2048,30-34,
S2,2048,35-39,
S2,2048,40-44,
S2,2048,45-49,
S2,2048,50-54,
S2,2048,55-59,
S2,2048,60-64,
S2,2048,65-69,
S2,2048,70-74,
S2,2048,75+,
S2,2048,0-8,
S2,2048,9-14,
S2,2048,0-17,226551401.28233907
S2,2048,18-29,164404953.51046094
S2,2048,30-65,352172726.56360334
S2,2048,66+,61050643.09147173
S2,2048,15-26,
S2,2048,27-45,
S2,2048,46-65,
S2,2049,00-04,
S2,2049,05-09,
S2,2049,10-14,
S2,2049,15-19,
S2,2049,20-24,
S2,2049,25-29,
S2,2049,30-34,
S2,2049,35-39,
S2,2049,40-44,
S2,2049,45-49,
S2,2049,50-54,
S2,2049,55-59,
S2,2049,60-64,
S2,2049,65-69,
S2,2049,70-74,
S2,2049,75+,
S2,2049,0-8,
S2,2049,9-14,
S2,2049,0-17,227214705.63176653
S2,2049,18-29,164965722.77857116
S2,2049,30-65,353263448.98090047
S2,2049,66+,61253711.70415502
S2,2049,15-26,
S2,2049,27-45,
S2,2049,46-65,
S2,2050,00-04,
S2,2050,05-09,
S2,2050,10-14,
S2,2050,15-19,
S2,2050,20-24,
S2,2050,25-29,
S2,2050,30-34,
S2,2050,35-39,
S2,2050,40-44,
S2,2050,45-49,
S2,2050,50-54,
S2,2050,55-59,
S2,2050,60-64,
S2,2050,65-69,
S2,2050,70-74,
S2,2050,75+,
S2,2050,0-8,
S2,2050,9-14,
S2,2050,0-17,227838453.59495535
S2,2050,18-29,165481662.97809798
S2,2050,30-65,354288427.8031997
S2,2050,66+,61433332.26278389
S2,2050,15-26,
S2,2050,27-45,
S2,2050,46-65,
S2,2051,00-04,
S2,2051,05-09,
S2,2051,10-14,
S2,2051,15-19,
S2,2051,20-24,
S2,2051,25-29,
S2,2051,30-34,
S2,2051,35-39,
S2,2051,40-44,
S2,2051,45-49,
S2,2051,50-54,
S2,2051,55-59,
S2,2051,60-64,
S2,2051,65-69,
S2,2051,70-74,
S2,2051,75+,
S2,2051,0-8,
S2,2051,9-14,
S2,2051,0-17,228445777.84771994
S2,2051,18-29,165935006.61153245
S2,2051,30-65,355215296.3664997
S2,2051,66+,61627542.18470872
S2,2051,15-26,
S2,2051,27-45,
S2,2051,46-65,
S2,2052,00-04,
S2,2052,05-09,
S2,2052,10-14,
S2,2052,15-19,
S2,2052,20-24,
S2,2052,25-29,
S2,2052,30-34,
S2,2052,35-39,
S2,2052,40-44,
S2,2052,45-49,
S2,2052,50-54,
S2,2052,55-59,
S2,2052,60-64,
S2,2052,65-69,
S2,2052,70-74,
S2,2052,75+,
S2,2052,0-8,
S2,2052,9-14,
S2,2052,0-17,229002430.93226653
S2,2052,18-29,166356126.8708422
S2,2052,30-65,356105921.2198034
S2,2052,66+,61770379.99534196
S2,2052,15-26,
S2,2052,27-45,
S2,2052,46-65,
S2,2053,00-04,
S2,2053,05-09,
S2,2053,10-14,
S2,2053,15-19,
S2,2053,20-24,
S2,2053,25-29,
S2,2053,30-34,
S2,2053,35-39,
S2,2053,40-44,
S2,2053,45-49,
S2,2053,50-54,
S2,2053,55-59,
S2,2053,60-64,
S2,2053,65-69,
S2,2053,70-74,
S2,2053,75+,
S2,2053,0-8,
S2,2053,9-14,
S2,2053,0-17,229492523.38979405
S2,2053,18-29,166761126.27072203
S2,2053,30-65,356846565.7828462
S2,2053,66+,61975807.46549259
S2,2053,15-26,
S2,2053,27-45,
S2,2053,46-65,
S2,2054,00-04,
S2,2054,05-09,
S2,2054,10-14,
S2,2054,15-19,
S2,2054,20-24,
S2,2054,25-29,
S2,2054,30-34,
S2,2054,35-39,
S2,2054,40-44,
S2,2054,45-49,
S2,2054,50-54,
S2,2054,55-59,
S2,2054,60-64,
S2,2054,65-69,
S2,2054,70-74,
S2,2054,75+,
S2,2054,0-8,
S2,2054,9-14,
S2,2054,0-17,229927996.67396188
S2,2054,18-29,167143267.187872
S2,2054,30-65,357562534.1832843
S2,2054,66+,62124020.683295235
S2,2054,15-26,
S2,2054,27-45,
S2,2054,46-65,
S2,2055,00-04,
S2,2055,05-09,
S2,2055,10-14,
S2,2055,15-19,
S2,2055,20-24,
S2,2055,25-29,
S2,2055,30-34,
S2,2055,35-39,
S2,2055,40-44,
S2,2055,45-49,
S2,2055,50-54,
S2,2055,55-59,
S2,2055,60-64,
S2,2055,65-69,
S2,2055,70-74,
S2,2055,75+,
S2,2055,0-8,
S2,2055,9-14,
S2,2055,0-17,230314937.36653093
S2,2055,18-29,167479650.29723406
S2,2055,30-65,358197089.49421585
S2,2055,66+,62253986.258446045
S2,2055,15-26,
S2,2055,27-45,
S2,2055,46-65,
S2,2056,00-04,
S2,2056,05-09,
S2,2056,10-14,
S2,2056,15-19,
S2,2056,20-24,
S2,2056,25-29,
S2,2056,30-34,
S2,2056,35-39,
S2,2056,40-44,
S2,2056,45-49,
S2,2056,50-54,
S2,2056,55-59,
S2,2056,60-64,
S2,2056,65-69,
S2,2056,70-74,
S2,2056,75+,
S2,2056,0-8,
S2,2056,9-14,
S2,2056,0-17,230683125.95321247
S2,2056,18-29,167762409.70719063
S2,2056,30-65,358749308.26440936
S2,2056,66+,62389790.38733922
S2,2056,15-26,
S2,2056,27-45,
S2,2056,46-65,
S2,2057,00-04,
S2,2057,05-09,
S2,2057,10-14,
S2,2057,15-19,
S2,2057,20-24,
S2,2057,25-29,
S2,2057,30-34,
S2,2057,35-39,
S2,2057,40-44,
S2,2057,45-49,
S2,2057,50-54,
S2,2057,55-59,
S2,2057,60-64,
S2,2057,65-69,
S2,2057,70-74,
S2,2057,75+,
S2,2057,0-8,
S2,2057,9-14,
S2,2057,0-17,231019589.71686235
S2,2057,18-29,167997270.40427738
S2,2057,30-65,359259441.3657695
S2,2057,66+,62483521.671192095
S2,2057,15-26,
S2,2057,27-45,
S2,2057,46-65,
S2,2058,00-04,
S2,2058,05-09,
S2,2058,10-14,
S2,2058,15-19,
S2,2058,20-24,
S2,2058,25-29,
S2,2058,30-34,
S2,2058,35-39,
S2,2058,40-44,
S2,2058,45-49,
S2,2058,50-54,
S2,2058,55-59,
S2,2058,60-64,
S2,2058,65-69,
S2,2058,70-74,
S2,2058,75+,
S2,2058,0-8,
S2,2058,9-14,
S2,2058,0-17,231312824.21380258
S2,2058,18-29,168203870.77954352
S2,2058,30-65,359695370.1771479
S2,2058,66+,62575895.949486196
S2,2058,15-26,
S2,2058,27-45,
S2,2058,46-65,
S2,2059,00-04,
S2,2059,05-09,
S2,2059,10-14,
S2,2059,15-19,
S2,2059,20-24,
S2,2059,25-29,
S2,2059,30-34,
S2,2059,35-39,
S2,2059,40-44,
S2,2059,45-49,
S2,2059,50-54,
S2,2059,55-59,
S2,2059,60-64,
S2,2059,65-69,
S2,2059,70-74,
S2,2059,75+,
S2,2059,0-8,
S2,2059,9-14,
S2,2059,0-17,231534758.9854909
S2,2059,18-29,168400297.34871387
S2,2059,30-65,360053466.32325435
S2,2059,66+,62659989.016788766
S2,2059,15-26,
S2,2059,27-45,
S2,2059,46-65,
S2,2060,00-04,
S2,2060,05-09,
S2,2060,10-14,
S2,2060,15-19,
S2,2060,20-24,
S2,2060,25-29,
S2,2060,30-34,
S2,2060,35-39,
S2,2060,40-44,
S2,2060,45-49,
S2,2060,50-54,
S2,2060,55-59,
S2,2060,60-64,
S2,2060,65-69,
S2,2060,70-74,
S2,2060,75+,
S2,2060,0-8,
S2,2060,9-14,
S2,2060,0-17,231721559.1776804
S2,2060,18-29,168552490.6285544
S2,2060,30-65,360363771.0468069
S2,2060,66+,62707985.22142444
S2,2060,15-26,
S2,2060,27-45,
S2,2060,46-65,
S2,2061,00-04,
S2,2061,05-09,
S2,2061,10-14,
S2,2061,15-19,
S2,2061,20-24,
S2,2061,25-29,
S2,2061,30-34,
S2,2061,35-39,
S2,2061,40-44,
S2,2061,45-49,
S2,2061,50-54,
S2,2061,55-59,
S2,2061,60-64,
S2,2061,65-69,
S2,2061,70-74,
S2,2061,75+,
S2,2061,0-8,
S2,2061,9-14,
S2,2061,0-17,231882581.16676894
S2,2061,18-29,168649003.9010217
S2,2061,30-65,360589443.87800586
S2,2061,66+,62754515.63562737
S2,2061,15-26,
S2,2061,27-45,
S2,2061,46-65,
S2,2062,00-04,
S2,2062,05-09,
S2,2062,10-14,
S2,2062,15-19,
S2,2062,20-24,
S2,2062,25-29,
S2,2062,30-34,
S2,2062,35-39,
S2,2062,40-44,
S2,2062,45-49,
S2,2062,50-54,
S2,2062,55-59,
S2,2062,60-64,
S2,2062,65-69,
S2,2062,70-74,
S2,2062,75+,
S2,2062,0-8,
S2,2062,9-14,
S2,2062,0-17,231989967.05466458
S2,2062,18-29,168706188.13083264
S2,2062,30-65,360733652.21345836
S2,2062,66+,62784250.54920898
S2,2062,15-26,
S2,2062,27-45,
S2,2062,46-65,
S2,2063,00-04,
S2,2063,05-09,
S2,2063,10-14,
S2,2063,15-19,
S2,2063,20-24,
S2,2063,25-29,
S2,2063,30-34,
S2,2063,35-39,
S2,2063,40-44,
S2,2063,45-49,
S2,2063,50-54,
S2,2063,55-59,
S2,2063,60-64,
S2,2063,65-69,
S2,2063,70-74,
S2,2063,75+,
S2,2063,0-8,
S2,2063,9-14,
S2,2063,0-17,232036966.39372307
S2,2063,18-29,168744931.10143453
S2,2063,30-65,360805458.64983785
S2,2063,66+,62803069.89671939
S2,2063,15-26,
S2,2063,27-45,
S2,2063,46-65,
S2,2064,00-04,
S2,2064,05-09,
S2,2064,10-14,
S2,2064,15-19,
S2,2064,20-24,
S2,2064,25-29,
S2,2064,30-34,
S2,2064,35-39,
S2,2064,40-44,
S2,2064,45-49,
S2,2064,50-54,
S2,2064,55-59,
S2,2064,60-64,
S2,2064,65-69,
S2,2064,70-74,
S2,2064,75+,
S2,2064,0-8,
S2,2064,9-14,
S2,2064,0-17,232049701.31612715
S2,2064,18-29,168738125.35698304
S2,2064,30-65,360808321.48013747
S2,2064,66+,62806473.94215387
S2,2064,15-26,
S2,2064,27-45,
S2,2064,46-65,
S2,2065,00-04,
S2,2065,05-09,
S2,2065,10-14,
S2,2065,15-19,
S2,2065,20-24,
S2,2065,25-29,
S2,2065,30-34,
S2,2065,35-39,
S2,2065,40-44,
S2,2065,45-49,
S2,2065,50-54,
S2,2065,55-59,
S2,2065,60-64,
S2,2065,65-69,
S2,2065,70-74,
S2,2065,75+,
S2,2065,0-8,
S2,2065,9-14,
S2,2065,0-17,232022921.677303
S2,2065,18-29,168687026.6031262
S2,2065,30-65,360738290.84744483
S2,2065,66+,62794190.59925188
S2,2065,15-26,
S2,2065,27-45,
S2,2065,46-65,
S2,2066,00-04,
S2,2066,05-09,
S2,2066,10-14,
S2,2066,15-19,
S2,2066,20-24,
S2,2066,25-29,
S2,2066,30-34,
S2,2066,35-39,
S2,2066,40-44,
S2,2066,45-49,
S2,2066,50-54,
S2,2066,55-59,
S2,2066,60-64,
S2,2066,65-69,
S2,2066,70-74,
S2,2066,75+,
S2,2066,0-8,
S2,2066,9-14,
S2,2066,0-17,231953757.6023649
S2,2066,18-29,168586675.74851224
S2,2066,30-65,360617414.0691514
S2,2066,66+,62735897.683696784
S2,2066,15-26,
S2,2066,27-45,
S2,2066,46-65,
S2,2067,00-04,
S2,2067,05-09,
S2,2067,10-14,
S2,2067,15-19,
S2,2067,20-24,
S2,2067,25-29,
S2,2067,30-34,
S2,2067,35-39,
S2,2067,40-44,
S2,2067,45-49,
S2,2067,50-54,
S2,2067,55-59,
S2,2067,60-64,
S2,2067,65-69,
S2,2067,70-74,
S2,2067,75+,
S2,2067,0-8,
S2,2067,9-14,
S2,2067,0-17,231846596.33397117
S2,2067,18-29,168451990.8083485
S2,2067,30-65,360410792.3433113
S2,2067,66+,62686898.79098641
S2,2067,15-26,
S2,2067,27-45,
S2,2067,46-65,
S2,2068,00-04,
S2,2068,05-09,
S2,2068,10-14,
S2,2068,15-19,
S2,2068,20-24,
S2,2068,25-29,
S2,2068,30-34,
S2,2068,35-39,
S2,2068,40-44,
S2,2068,45-49,
S2,2068,50-54,
S2,2068,55-59,
S2,2068,60-64,
S2,2068,65-69,
S2,2068,70-74,
S2,2068,75+,
S2,2068,0-8,
S2,2068,9-14,
S2,2068,0-17,231663060.4926907
S2,2068,18-29,168300933.61966634
S2,2068,30-65,360057607.6854093
S2,2068,66+,62686433.59102234
S2,2068,15-26,
S2,2068,27-45,
S2,2068,46-65,
S2,2069,00-04,
S2,2069,05-09,
S2,2069,10-14,
S2,2069,15-19,
S2,2069,20-24,
S2,2069,25-29,
S2,2069,30-34,
S2,2069,35-39,
S2,2069,40-44,
S2,2069,45-49,
S2,2069,50-54,
S2,2069,55-59,
S2,2069,60-64,
S2,2069,65-69,
S2,2069,70-74,
S2,2069,75+,
S2,2069,0-8,
S2,2069,9-14,
S2,2069,0-17,231420085.01609385
S2,2069,18-29,168117928.49362
S2,2069,30-65,359604522.8282707
S2,2069,66+,62689276.016048156
S2,2069,15-26,
S2,2069,27-45,
S2,2069,46-65,
S2,2070,00-04,
S2,2070,05-09,
S2,2070,10-14,
S2,2070,15-19,
S2,2070,20-24,
S2,2070,25-29,
S2,2070,30-34,
S2,2070,35-39,
S2,2070,40-44,
S2,2070,45-49,
S2,2070,50-54,
S2,2070,55-59,
S2,2070,60-64,
S2,2070,65-69,
S2,2070,70-74,
S2,2070,75+,
S2,2070,0-8,
S2,2070,9-14,
S2,2070,0-17,231117708.2309784
S2,2070,18-29,167907186.73063305
S2,2070,30-65,359101378.9889773
S2,2070,66+,62650076.5147614
S2,2070,15-26,
S2,2070,27-45,
S2,2070,46-65,
S2,2071,00-04,
S2,2071,05-09,
S2,2071,10-14,
S2,2071,15-19,
S2,2071,20-24,
S2,2071,25-29,
S2,2071,30-34,
S2,2071,35-39,
S2,2071,40-44,
S2,2071,45-49,
S2,2071,50-54,
S2,2071,55-59,
S2,2071,60-64,
S2,2071,65-69,
S2,2071,70-74,
S2,2071,75+,
S2,2071,0-8,
S2,2071,9-14,
S2,2071,0-17,230779464.8974757
S2,2071,18-29,167645980.7890842
S2,2071,30-65,358512915.7065717
S2,2071,66+,62604948.74195713
S2,2071,15-26,
S2,2071,27-45,
S2,2071,46-65,
S2,2072,00-04,
S2,2072,05-09,
S2,2072,10-14,
S2,2072,15-19,
S2,2072,20-24,
S2,2072,25-29,
S2,2072,30-34,
S2,2072,35-39,
S2,2072,40-44,
S2,2072,45-49,
S2,2072,50-54,
S2,2072,55-59,
S2,2072,60-64,
S2,2072,65-69,
S2,2072,70-74,
S2,2072,75+,
S2,2072,0-8,
S2,2072,9-14,
S2,2072,0-17,230402844.22693887
S2,2072,18-29,167345730.0666452
S2,2072,30-65,357889444.69838166
S2,2072,66+,62512996.98134016
S2,2072,15-26,
S2,2072,27-45,
S2,2072,46-65,
S2,2073,00-04,
S2,2073,05-09,
S2,2073,10-14,
S2,2073,15-19,
S2,2073,20-24,
S2,2073,25-29,
S2,2073,30-34,
S2,2073,35-39,
S2,2073,40-44,
S2,2073,45-49,
S2,2073,50-54,
S2,2073,55-59,
S2,2073,60-64,
S2,2073,65-69,
S2,2073,70-74,
S2,2073,75+,
S2,2073,0-8,
S2,2073,9-14,
S2,2073,0-17,229987680.03154555
S2,2073,18-29,166996622.07487166
S2,2073,30-65,357206471.66624486
S2,2073,66+,62388168.5168568
S2,2073,15-26,
S2,2073,27-45,
S2,2073,46-65,
S2,2074,00-04,
S2,2074,05-09,
S2,2074,10-14,
S2,2074,15-19,
S2,2074,20-24,
S2,2074,25-29,
S2,2074,30-34,
S2,2074,35-39,
S2,2074,40-44,
S2,2074,45-49,
S2,2074,50-54,
S2,2074,55-59,
S2,2074,60-64,
S2,2074,65-69,
S2,2074,70-74,
S2,2074,75+,
S2,2074,0-8,
S2,2074,9-14,
S2,2074,0-17,229520889.5400868
S2,2074,18-29,166629171.86608157
S2,2074,30-65,356491490.43235165
S2,2074,66+,62221394.66726262
S2,2074,15-26,
S2,2074,27-45,
S2,2074,46-65,
S2,2075,00-04,
S2,2075,05-09,
S2,2075,10-14,
S2,2075,15-19,
S2,2075,20-24,
S2,2075,25-29,
S2,2075,30-34,
S2,2075,35-39,
S2,2075,40-44,
S2,2075,45-49,
S2,2075,50-54,
S2,2075,55-59,
S2,2075,60-64,
S2,2075,65-69,
S2,2075,70-74,
S2,2075,75+,
S2,2075,0-8,
S2,2075,9-14,
S2,2075,0-17,228972646.89880723
S2,2075,18-29,166265091.93408328
S2,2075,30-65,355721814.61783415
S2,2075,66+,62026786.353077315
S2,2075,15-26,
S2,2075,27-45,
S2,2075,46-65,
S2,2076,00-04,
S2,2076,05-09,
S2,2076,10-14,
S2,2076,15-19,
S2,2076,20-24,
S2,2076,25-29,
S2,2076,30-34,
S2,2076,35-39,
S2,2076,40-44,
S2,2076,45-49,
S2,2076,50-54,
S2,2076,55-59,
S2,2076,60-64,
S2,2076,65-69,
S2,2076,70-74,
S2,2076,75+,
S2,2076,0-8,
S2,2076,9-14,
S2,2076,0-17,228375488.8226649
S2,2076,18-29,165870956.9532694
S2,2076,30-65,354807848.4390869
S2,2076,66+,61893000.13621958
S2,2076,15-26,
S2,2076,27-45,
S2,2076,46-65,
S2,2077,00-04,
S2,2077,05-09,
S2,2077,10-14,
S2,2077,15-19,
S2,2077,20-24,
S2,2077,25-29,
S2,2077,30-34,
S2,2077,35-39,
S2,2077,40-44,
S2,2077,45-49,
S2,2077,50-54,
S2,2077,55-59,
S2,2077,60-64,
S2,2077,65-69,
S2,2077,70-74,
S2,2077,75+,
S2,2077,0-8,
S2,2077,9-14,
S2,2077,0-17,227751174.80767804
S2,2077,18-29,165439292.70560744
S2,2077,30-65,353850643.87554157
S2,2077,66+,61734082.936747395
S2,2077,15-26,
S2,2077,27-45,
S2,2077,46-65,
S2,2078,00-04,
S2,2078,05-09,
S2,2078,10-14,
S2,2078,15-19,
S2,2078,20-24,
S2,2078,25-29,
S2,2078,30-34,
S2,2078,35-39,
S2,2078,40-44,
S2,2078,45-49,
S2,2078,50-54,
S2,2078,55-59,
S2,2078,60-64,
S2,2078,65-69,
S2,2078,70-74,
S2,2078,75+,
S2,2078,0-8,
S2,2078,9-14,
S2,2078,0-17,227099187.2413329
S2,2078,18-29,164968433.10039392
S2,2078,30-65,352825905.8166515
S2,2078,66+,61572021.788638696
S2,2078,15-26,
S2,2078,27-45,
S2,2078,46-65,
S2,2079,00-04,
S2,2079,05-09,
S2,2079,10-14,
S2,2079,15-19,
S2,2079,20-24,
S2,2079,25-29,
S2,2079,30-34,
S2,2079,35-39,
S2,2079,40-44,
S2,2079,45-49,
S2,2079,50-54,
S2,2079,55-59,
S2,2079,60-64,
S2,2079,65-69,
S2,2079,70-74,
S2,2079,75+,
S2,2079,0-8,
S2,2079,9-14,
S2,2079,0-17,226400719.40021226
S2,2079,18-29,164480146.5773585
S2,2079,30-65,351718599.09290814
S2,2079,66+,61424982.26299251
S2,2079,15-26,
S2,2079,27-45,
S2,2079,46-65,
S2,2080,00-04,
S2,2080,05-09,
S2,2080,10-14,
S2,2080,15-19,
S2,2080,20-24,
S2,2080,25-29,
S2,2080,30-34,
S2,2080,35-39,
S2,2080,40-44,
S2,2080,45-49,
S2,2080,50-54,
S2,2080,55-59,
S2,2080,60-64,
S2,2080,65-69,
S2,2080,70-74,
S2,2080,75+,
S2,2080,0-8,
S2,2080,9-14,
S2,2080,0-17,225683493.5544852
S2,2080,18-29,163948873.9821261
S2,2080,30-65,350492536.1672947
S2,2080,66+,61331438.213408336
S2,2080,15-26,
S2,2080,27-45,
S2,2080,46-65,
S2,2081,00-04,
S2,2081,05-09,
S2,2081,10-14,
S2,2081,15-19,
S2,2081,20-24,
S2,2081,25-29,
S2,2081,30-34,
S2,2081,35-39,
S2,2081,40-44,
S2,2081,45-49,
S2,2081,50-54,
S2,2081,55-59,
S2,2081,60-64,
S2,2081,65-69,
S2,2081,70-74,
S2,2081,75+,
S2,2081,0-8,
S2,2081,9-14,
S2,2081,0-17,224919253.0629264
S2,2081,18-29,163405459.74717137
S2,2081,30-65,349392844.97842675
S2,2081,66+,61048996.880804285
S2,2081,15-26,
S2,2081,27-45,
S2,2081,46-65,
S2,2082,00-04,
S2,2082,05-09,
S2,2082,10-14,
S2,2082,15-19,
S2,2082,20-24,
S2,2082,25-29,
S2,2082,30-34,
S2,2082,35-39,
S2,2082,40-44,
S2,2082,45-49,
S2,2082,50-54,
S2,2082,55-59,
S2,2082,60-64,
S2,2082,65-69,
S2,2082,70-74,
S2,2082,75+,
S2,2082,0-8,
S2,2082,9-14,
S2,2082,0-17,224121641.99033025
S2,2082,18-29,162842924.38756937
S2,2082,30-65,348232913.05389637
S2,2082,66+,60771314.90023512
S2,2082,15-26,
S2,2082,27-45,
S2,2082,46-65,
S2,2083,00-04,
S2,2083,05-09,
S2,2083,10-14,
S2,2083,15-19,
S2,2083,20-24,
S2,2083,25-29,
S2,2083,30-34,
S2,2083,35-39,
S2,2083,40-44,
S2,2083,45-49,
S2,2083,50-54,
S2,2083,55-59,
S2,2083,60-64,
S2,2083,65-69,
S2,2083,70-74,
S2,2083,75+,
S2,2083,0-8,
S2,2083,9-14,
S2,2083,0-17,223292564.8978296
S2,2083,18-29,162267398.18265906
S2,2083,30-65,346897889.3434098
S2,2083,66+,60621735.78877114
S2,2083,15-26,
S2,2083,27-45,
S2,2083,46-65,
S2,2084,00-04,
S2,2084,05-09,
S2,2084,10-14,
S2,2084,15-19,
S2,2084,20-24,
S2,2084,25-29,
S2,2084,30-34,
S2,2084,35-39,
S2,2084,40-44,
S2,2084,45-49,
S2,2084,50-54,
S2,2084,55-59,
S2,2084,60-64,
S2,2084,65-69,
S2,2084,70-74,
S2,2084,75+,
S2,2084,0-8,
S2,2084,9-14,
S2,2084,0-17,222431250.77901256
S2,2084,18-29,161671951.00615108
S2,2084,30-65,345666047.0876325
S2,2084,66+,60313846.5531491
S2,2084,15-26,
S2,2084,27-45,
S2,2084,46-65,
S2,2085,00-04,
S2,2085,05-09,
S2,2085,10-14,
S2,2085,15-19,
S2,2085,20-24,
S2,2085,25-29,
S2,2085,30-34,
S2,2085,35-39,
S2,2085,40-44,
S2,2085,45-49,
S2,2085,50-54,
S2,2085,55-59,
S2,2085,60-64,
S2,2085,65-69,
S2,2085,70-74,
S2,2085,75+,
S2,2085,0-8,
S2,2085,9-14,
S2,2085,0-17,221543466.44077075
S2,2085,18-29,161063568.28425893
S2,2085,30-65,344257189.4437406
S2,2085,66+,60141322.575853966
S2,2085,15-26,
S2,2085,27-45,
S2,2085,46-65,
S2,2086,00-04,
S2,2086,05-09,
S2,2086,10-14,
S2,2086,15-19,
S2,2086,20-24,
S2,2086,25-29,
S2,2086,30-34,
S2,2086,35-39,
S2,2086,40-44,
S2,2086,45-49,
S2,2086,50-54,
S2,2086,55-59,
S2,2086,60-64,
S2,2086,65-69,
S2,2086,70-74,
S2,2086,75+,
S2,2086,0-8,
S2,2086,9-14,
S2,2086,0-17,220636454.3763453
S2,2086,18-29,160425342.4465988
S2,2086,30-65,342804211.36871296
S2,2086,66+,59961053.345931455
S2,2086,15-26,
S2,2086,27-45,
S2,2086,46-65,
S2,2087,00-04,
S2,2087,05-09,
S2,2087,10-14,
S2,2087,15-19,
S2,2087,20-24,
S2,2087,25-29,
S2,2087,30-34,
S2,2087,35-39,
S2,2087,40-44,
S2,2087,45-49,
S2,2087,50-54,
S2,2087,55-59,
S2,2087,60-64,
S2,2087,65-69,
S2,2087,70-74,
S2,2087,75+,
S2,2087,0-8,
S2,2087,9-14,
S2,2087,0-17,219724716.50312507
S2,2087,18-29,159757021.90302554
S2,2087,30-65,341418130.2304946
S2,2087,66+,59677083.453555
S2,2087,15-26,
S2,2087,27-45,
S2,2087,46-65,
S2,2088,00-04,
S2,2088,05-09,
S2,2088,10-14,
S2,2088,15-19,
S2,2088,20-24,
S2,2088,25-29,
S2,2088,30-34,
S2,2088,35-39,
S2,2088,40-44,
S2,2088,45-49,
S2,2088,50-54,
S2,2088,55-59,
S2,2088,60-64,
S2,2088,65-69,
S2,2088,70-74,
S2,2088,75+,
S2,2088,0-8,
S2,2088,9-14,
S2,2088,0-17,218806484.3633451
S2,2088,18-29,159073669.32030064
S2,2088,30-65,340011963.210527
S2,2088,66+,59390447.10120683
S2,2088,15-26,
S2,2088,27-45,
S2,2088,46-65,
S2,2089,00-04,
S2,2089,05-09,
S2,2089,10-14,
S2,2089,15-19,
S2,2089,20-24,
S2,2089,25-29,
S2,2089,30-34,
S2,2089,35-39,
S2,2089,40-44,
S2,2089,45-49,
S2,2089,50-54,
S2,2089,55-59,
S2,2089,60-64,
S2,2089,65-69,
S2,2089,70-74,
S2,2089,75+,
S2,2089,0-8,
S2,2089,9-14,
S2,2089,0-17,217859243.89080825
S2,2089,18-29,158381304.4082219
S2,2089,30-65,338577001.0064334
S2,2089,66+,59092419.794758886
S2,2089,15-26,
S2,2089,27-45,
S2,2089,46-65,
S2,2090,00-04,
S2,2090,05-09,
S2,2090,10-14,
S2,2090,15-19,
S2,2090,20-24,
S2,2090,25-29,
S2,2090,30-34,
S2,2090,35-39,
S2,2090,40-44,
S2,2090,45-49,
S2,2090,50-54,
S2,2090,55-59,
S2,2090,60-64,
S2,2090,65-69,
S2,2090,70-74,
S2,2090,75+,
S2,2090,0-8,
S2,2090,9-14,
S2,2090,0-17,216878756.07549265
S2,2090,18-29,157693163.8384122
S2,2090,30-65,337101932.08372444
S2,2090,66+,58803823.194320135
S2,2090,15-26,
S2,2090,27-45,
S2,2090,46-65,
S2,2091,00-04,
S2,2091,05-09,
S2,2091,10-14,
S2,2091,15-19,
S2,2091,20-24,
S2,2091,25-29,
S2,2091,30-34,
S2,2091,35-39,
S2,2091,40-44,
S2,2091,45-49,
S2,2091,50-54,
S2,2091,55-59,
S2,2091,60-64,
S2,2091,65-69,
S2,2091,70-74,
S2,2091,75+,
S2,2091,0-8,
S2,2091,9-14,
S2,2091,0-17,215895596.70652777
S2,2091,18-29,156976929.072408
S2,2091,30-65,335566287.84680814
S2,2091,66+,58543283.88743359
S2,2091,15-26,
S2,2091,27-45,
S2,2091,46-65,
S2,2092,00-04,
S2,2092,05-09,
S2,2092,10-14,
S2,2092,15-19,
S2,2092,20-24,
S2,2092,25-29,
S2,2092,30-34,
S2,2092,35-39,
S2,2092,40-44,
S2,2092,45-49,
S2,2092,50-54,
S2,2092,55-59,
S2,2092,60-64,
S2,2092,65-69,
S2,2092,70-74,
S2,2092,75+,
S2,2092,0-8,
S2,2092,9-14,
S2,2092,0-17,214909777.47556153
S2,2092,18-29,156244751.7556005
S2,2092,30-65,334014922.8981797
S2,2092,66+,58278803.374480724
S2,2092,15-26,
S2,2092,27-45,
S2,2092,46-65,
S2,2093,00-04,
S2,2093,05-09,
S2,2093,10-14,
S2,2093,15-19,
S2,2093,20-24,
S2,2093,25-29,
S2,2093,30-34,
S2,2093,35-39,
S2,2093,40-44,
S2,2093,45-49,
S2,2093,50-54,
S2,2093,55-59,
S2,2093,60-64,
S2,2093,65-69,
S2,2093,70-74,
S2,2093,75+,
S2,2093,0-8,
S2,2093,9-14,
S2,2093,0-17,213912764.81411117
S2,2093,18-29,155513533.0471605
S2,2093,30-65,332452032.21976733
S2,2093,66+,58015030.8423969
S2,2093,15-26,
S2,2093,27-45,
S2,2093,46-65,
S2,2094,00-04,
S2,2094,05-09,
S2,2094,10-14,
S2,2094,15-19,
S2,2094,20-24,
S2,2094,25-29,
S2,2094,30-34,
S2,2094,35-39,
S2,2094,40-44,
S2,2094,45-49,
S2,2094,50-54,
S2,2094,55-59,
S2,2094,60-64,
S2,2094,65-69,
S2,2094,70-74,
S2,2094,75+,
S2,2094,0-8,
S2,2094,9-14,
S2,2094,0-17,212907172.53079653
S2,2094,18-29,154761996.878502
S2,2094,30-65,330862236.8787885
S2,2094,66+,57747620.050414994
S2,2094,15-26,
S2,2094,27-45,
S2,2094,46-65,
S2,2095,00-04,
S2,2095,05-09,
S2,2095,10-14,
S2,2095,15-19,
S2,2095,20-24,
S2,2095,25-29,
S2,2095,30-34,
S2,2095,35-39,
S2,2095,40-44,
S2,2095,45-49,
S2,2095,50-54,
S2,2095,55-59,
S2,2095,60-64,
S2,2095,65-69,
S2,2095,70-74,
S2,2095,75+,
S2,2095,0-8,
S2,2095,9-14,
S2,2095,0-17,211886508.8227542
S2,2095,18-29,154011181.7428741
S2,2095,30-65,329265515.16439915
S2,2095,66+,57471967.910075516
S2,2095,15-26,
S2,2095,27-45,
S2,2095,46-65,
S2,2096,00-04,
S2,2096,05-09,
S2,2096,10-14,
S2,2096,15-19,
S2,2096,20-24,
S2,2096,25-29,
S2,2096,30-34,
S2,2096,35-39,
S2,2096,40-44,
S2,2096,45-49,
S2,2096,50-54,
S2,2096,55-59,
S2,2096,60-64,
S2,2096,65-69,
S2,2096,70-74,
S2,2096,75+,
S2,2096,0-8,
S2,2096,9-14,
S2,2096,0-17,210847007.5691636
S2,2096,18-29,153266043.04388446
S2,2096,30-65,327657874.83027107
S2,2096,66+,57193323.68638629
S2,2096,15-26,
S2,2096,27-45,
S2,2096,46-65,
S2,2097,00-04,
S2,2097,05-09,
S2,2097,10-14,
S2,2097,15-19,
S2,2097,20-24,
S2,2097,25-29,
S2,2097,30-34,
S2,2097,35-39,
S2,2097,40-44,
S2,2097,45-49,
S2,2097,50-54,
S2,2097,55-59,
S2,2097,60-64,
S2,2097,65-69,
S2,2097,70-74,
S2,2097,75+,
S2,2097,0-8,
S2,2097,9-14,
S2,2097,0-17,209812778.3070295
S2,2097,18-29,152510973.8504119
S2,2097,30-65,326039705.52211696
S2,2097,66+,56920284.607516564
S2,2097,15-26,
S2,2097,27-45,
S2,2097,46-65,
S2,2098,00-04,
S2,2098,05-09,
S2,2098,10-14,
S2,2098,15-19,
S2,2098,20-24,
S2,2098,25-29,
S2,2098,30-34,
S2,2098,35-39,
S2,2098,40-44,
S2,2098,45-49,
S2,2098,50-54,
S2,2098,55-59,
S2,2098,60-64,
S2,2098,65-69,
S2,2098,70-74,
S2,2098,75+,
S2,2098,0-8,
S2,2098,9-14,
S2,2098,0-17,208787897.36139807
S2,2098,18-29,151738032.66835243
S2,2098,30-65,324410096.1450216
S2,2098,66+,56649676.45767425
S2,2098,15-26,
S2,2098,27-45,
S2,2098,46-65,
S2,2099,00-04,
S2,2099,05-09,
S2,2099,10-14,
S2,2099,15-19,
S2,2099,20-24,
S2,2099,25-29,
S2,2099,30-34,
S2,2099,35-39,
S2,2099,40-44,
S2,2099,45-49,
S2,2099,50-54,
S2,2099,55-59,
S2,2099,60-64,
S2,2099,65-69,
S2,2099,70-74,
S2,2099,75+,
S2,2099,0-8,
S2,2099,9-14,
S2,2099,0-17,207739656.56425375
S2,2099,18-29,150973676.7494302
S2,2099,30-65,322772550.317011
S2,2099,66+,56371388.680075176
S2,2099,15-26,
S2,2099,27-45,
S2,2099,46-65,
S2,2100,00-04,
S2,2100,05-09,
S2,2100,10-14,
S2,2100,15-19,
S2,2100,20-24,
S2,2100,25-29,
S2,2100,30-34,
S2,2100,35-39,
S2,2100,40-44,
S2,2100,45-49,
S2,2100,50-54,
S2,2100,55-59,
S2,2100,60-64,
S2,2100,65-69,
S2,2100,70-74,
S2,2100,75+,
S2,2100,0-8,
S2,2100,9-14,
S2,2100,0-17,206708601.0676924
S2,2100,18-29,150194150.22475928
S2,2100,30-65,321138635.2185966
S2,2100,66+,56091599.61515148
S2,2100,15-26,
S2,2100,27-45,
S2,2100,46-65,
S3,1950,00-04,
S3,1950,05-09,
S3,1950,10-14,
S3,1950,15-19,
S3,1950,20-24,
S3,1950,25-29,
S3,1950,30-34,
S3,1950,35-39,
S3,1950,40-44,
S3,1950,45-49,
S3,1950,50-54,
S3,1950,55-59,
S3,1950,60-64,
S3,1950,65-69,
S3,1950,70-74,
S3,1950,75+,
S3,1950,0-8,22164335.1646678
S3,1950,9-14,15347423.06890918
S3,1950,0-17,
S3,1950,18-29,
S3,1950,30-65,
S3,1950,66+,12303153.35508759
S3,1950,15-26,32777104.29368002
S3,1950,27-45,47381667.64814487
S3,1950,46-65,32583145.26803433
S3,1951,00-04,
S3,1951,05-09,
S3,1951,10-14,
S3,1951,15-19,
S3,1951,20-24,
S3,1951,25-29,
S3,1951,30-34,
S3,1951,35-39,
S3,1951,40-44,
S3,1951,45-49,
S3,1951,50-54,
S3,1951,55-59,
S3,1951,60-64,
S3,1951,65-69,
S3,1951,70-74,
S3,1951,75+,
S3,1951,0-8,22652558.734628372
S3,1951,9-14,15645619.246348618
S3,1951,0-17,
S3,1951,18-29,
S3,1951,30-65,
S3,1951,66+,12513087.351618124
S3,1951,15-26,33478137.221365813
S3,1951,27-45,48408083.112108275
S3,1951,46-65,33267285.235457763
S3,1952,00-04,
S3,1952,05-09,
S3,1952,10-14,
S3,1952,15-19,
S3,1952,20-24,
S3,1952,25-29,
S3,1952,30-34,
S3,1952,35-39,
S3,1952,40-44,
S3,1952,45-49,
S3,1952,50-54,
S3,1952,55-59,
S3,1952,60-64,
S3,1952,65-69,
S3,1952,70-74,
S3,1952,75+,
S3,1952,0-8,23165728.90312287
S3,1952,9-14,15962264.653629802
S3,1952,0-17,
S3,1952,18-29,
S3,1952,30-65,
S3,1952,66+,12747227.823290873
S3,1952,15-26,34210191.88788008
S3,1952,27-45,49482211.929962635
S3,1952,46-65,33993143.19450137
S3,1953,00-04,
S3,1953,05-09,
S3,1953,10-14,
S3,1953,15-19,
S3,1953,20-24,
S3,1953,25-29,
S3,1953,30-34,
S3,1953,35-39,
S3,1953,40-44,
S3,1953,45-49,
S3,1953,50-54,
S3,1953,55-59,
S3,1953,60-64,
S3,1953,65-69,
S3,1953,70-74,
S3,1953,75+,
S3,1953,0-8,23696631.290916253
S3,1953,9-14,16303701.963194977
S3,1953,0-17,
S3,1953,18-29,
S3,1953,30-65,
S3,1953,66+,13049484.41542489
S3,1953,15-26,34971977.55340191
S3,1953,27-45,50586238.5732335
S3,1953,46-65,34733009.94227392
S3,1954,00-04,
S3,1954,05-09,
S3,1954,10-14,
S3,1954,15-19,
S3,1954,20-24,
S3,1954,25-29,
S3,1954,30-34,
S3,1954,35-39,
S3,1954,40-44,
S3,1954,45-49,
S3,1954,50-54,
S3,1954,55-59,
S3,1954,60-64,
S3,1954,65-69,
S3,1954,70-74,
S3,1954,75+,
S3,1954,0-8,24221751.035807062
S3,1954,9-14,16665808.452967172
S3,1954,0-17,
S3,1954,18-29,
S3,1954,30-65,
S3,1954,66+,13430663.91862121
S3,1954,15-26,35750062.83523653
S3,1954,27-45,51662585.67531549
S3,1954,46-65,35454957.82694477
S3,1955,00-04,
S3,1955,05-09,
S3,1955,10-14,
S3,1955,15-19,
S3,1955,20-24,
S3,1955,25-29,
S3,1955,30-34,
S3,1955,35-39,
S3,1955,40-44,
S3,1955,45-49,
S3,1955,50-54,
S3,1955,55-59,
S3,1955,60-64,
S3,1955,65-69,
S3,1955,70-74,
S3,1955,75+,
S3,1955,0-8,24832645.41590871
S3,1955,9-14,17007190.38597692
S3,1955,0-17,
S3,1955,18-29,
S3,1955,30-65,
S3,1955,66+,13872792.644185288
S3,1955,15-26,36594713.42468865
S3,1955,27-45,52790712.01594223
S3,1955,46-65,36214455.72841784
S3,1956,00-04,
S3,1956,05-09,
S3,1956,10-14,
S3,1956,15-19,
S3,1956,20-24,
S3,1956,25-29,
S3,1956,30-34,
S3,1956,35-39,
S3,1956,40-44,
S3,1956,45-49,
S3,1956,50-54,
S3,1956,55-59,
S3,1956,60-64,
S3,1956,65-69,
S3,1956,70-74,
S3,1956,75+,
S3,1956,0-8,25462822.430841852
S3,1956,9-14,17354785.250993203
S3,1956,0-17,
S3,1956,18-29,
S3,1956,30-65,
S3,1956,66+,14254223.844604595
S3,1956,15-26,37463218.01874924
S3,1956,27-45,53975189.494633116
S3,1956,46-65,37039435.22919751
S3,1957,00-04,
S3,1957,05-09,
S3,1957,10-14,
S3,1957,15-19,
S3,1957,20-24,
S3,1957,25-29,
S3,1957,30-34,
S3,1957,35-39,
S3,1957,40-44,
S3,1957,45-49,
S3,1957,50-54,
S3,1957,55-59,
S3,1957,60-64,
S3,1957,65-69,
S3,1957,70-74,
S3,1957,75+,
S3,1957,0-8,26130089.33985697
S3,1957,9-14,17698651.18137591
S3,1957,0-17,
S3,1957,18-29,
S3,1957,30-65,
S3,1957,66+,14637283.940414026
S3,1957,15-26,38351654.32866618
S3,1957,27-45,55224077.6932766
S3,1957,46-65,37889651.82314366
S3,1958,00-04,
S3,1958,05-09,
S3,1958,10-14,
S3,1958,15-19,
S3,1958,20-24,
S3,1958,25-29,
S3,1958,30-34,
S3,1958,35-39,
S3,1958,40-44,
S3,1958,45-49,
S3,1958,50-54,
S3,1958,55-59,
S3,1958,60-64,
S3,1958,65-69,
S3,1958,70-74,
S3,1958,75+,
S3,1958,0-8,26813882.029901136
S3,1958,9-14,18003001.49890929
S3,1958,0-17,
S3,1958,18-29,
S3,1958,30-65,
S3,1958,66+,14984860.976472521
S3,1958,15-26,39211974.467769906
S3,1958,27-45,56465092.234501906
S3,1958,46-65,38734704.9308361
S3,1959,00-04,
S3,1959,05-09,
S3,1959,10-14,
S3,1959,15-19,
S3,1959,20-24,
S3,1959,25-29,
S3,1959,30-34,
S3,1959,35-39,
S3,1959,40-44,
S3,1959,45-49,
S3,1959,50-54,
S3,1959,55-59,
S3,1959,60-64,
S3,1959,65-69,
S3,1959,70-74,
S3,1959,75+,
S3,1959,0-8,27260687.60037975
S3,1959,9-14,18619222.218192466
S3,1959,0-17,
S3,1959,18-29,
S3,1959,30-65,
S3,1959,66+,15271441.602273531
S3,1959,15-26,40132911.29505512
S3,1959,27-45,57822764.74319949
S3,1959,46-65,39713102.464683816
S3,1960,00-04,
S3,1960,05-09,
S3,1960,10-14,
S3,1960,15-19,
S3,1960,20-24,
S3,1960,25-29,
S3,1960,30-34,
S3,1960,35-39,
S3,1960,40-44,
S3,1960,45-49,
S3,1960,50-54,
S3,1960,55-59,
S3,1960,60-64,
S3,1960,65-69,
S3,1960,70-74,
S3,1960,75+,
S3,1960,0-8,27887605.584376525
S3,1960,9-14,19067456.76895457
S3,1960,0-17,
S3,1960,18-29,
S3,1960,30-65,
S3,1960,66+,15498998.340135435
S3,1960,15-26,41058898.72088843
S3,1960,27-45,59210052.18178258
S3,1960,46-65,40756281.07434659
S3,1961,00-04,
S3,1961,05-09,
S3,1961,10-14,
S3,1961,15-19,
S3,1961,20-24,
S3,1961,25-29,
S3,1961,30-34,
S3,1961,35-39,
S3,1961,40-44,
S3,1961,45-49,
S3,1961,50-54,
S3,1961,55-59,
S3,1961,60-64,
S3,1961,65-69,
S3,1961,70-74,
S3,1961,75+,
S3,1961,0-8,28542358.95726571
S3,1961,9-14,19524957.374442242
S3,1961,0-17,
S3,1961,18-29,
S3,1961,30-65,
S3,1961,66+,15808030.513311397
S3,1961,15-26,42006519.02458699
S3,1961,27-45,60646020.9058163
S3,1961,46-65,41771347.37628072
S3,1962,00-04,
S3,1962,05-09,
S3,1962,10-14,
S3,1962,15-19,
S3,1962,20-24,
S3,1962,25-29,
S3,1962,30-34,
S3,1962,35-39,
S3,1962,40-44,
S3,1962,45-49,
S3,1962,50-54,
S3,1962,55-59,
S3,1962,60-64,
S3,1962,65-69,
S3,1962,70-74,
S3,1962,75+,
S3,1962,0-8,29207236.733206067
S3,1962,9-14,20009715.461153544
S3,1962,0-17,
S3,1962,18-29,
S3,1962,30-65,
S3,1962,66+,16134007.94651126
S3,1962,15-26,43007566.52129691
S3,1962,27-45,62106134.3022289
S3,1962,46-65,42816508.68982416
S3,1963,00-04,
S3,1963,05-09,
S3,1963,10-14,
S3,1963,15-19,
S3,1963,20-24,
S3,1963,25-29,
S3,1963,30-34,
S3,1963,35-39,
S3,1963,40-44,
S3,1963,45-49,
S3,1963,50-54,
S3,1963,55-59,
S3,1963,60-64,
S3,1963,65-69,
S3,1963,70-74,
S3,1963,75+,
S3,1963,0-8,29869649.902650066
S3,1963,9-14,20499240.423605528
S3,1963,0-17,
S3,1963,18-29,
S3,1963,30-65,
S3,1963,66+,16518134.593382653
S3,1963,15-26,44035715.25806997
S3,1963,27-45,63538734.584133856
S3,1963,46-65,43811607.25561985
S3,1964,00-04,
S3,1964,05-09,
S3,1964,10-14,
S3,1964,15-19,
S3,1964,20-24,
S3,1964,25-29,
S3,1964,30-34,
S3,1964,35-39,
S3,1964,40-44,
S3,1964,45-49,
S3,1964,50-54,
S3,1964,55-59,
S3,1964,60-64,
S3,1964,65-69,
S3,1964,70-74,
S3,1964,75+,
S3,1964,0-8,30549620.446091153
S3,1964,9-14,21008741.370301515
S3,1964,0-17,
S3,1964,18-29,
S3,1964,30-65,
S3,1964,66+,16976717.962547306
S3,1964,15-26,45058091.80892475
S3,1964,27-45,65050504.8179104
S3,1964,46-65,44783968.40714289
S3,1965,00-04,
S3,1965,05-09,
S3,1965,10-14,
S3,1965,15-19,
S3,1965,20-24,
S3,1965,25-29,
S3,1965,30-34,
S3,1965,35-39,
S3,1965,40-44,
S3,1965,45-49,
S3,1965,50-54,
S3,1965,55-59,
S3,1965,60-64,
S3,1965,65-69,
S3,1965,70-74,
S3,1965,75+,
S3,1965,0-8,31253307.057567246
S3,1965,9-14,21511787.754012164
S3,1965,0-17,
S3,1965,18-29,
S3,1965,30-65,
S3,1965,66+,17469415.61108834
S3,1965,15-26,46029161.45871438
S3,1965,27-45,66646836.65651286
S3,1965,46-65,45746501.62981774
S3,1966,00-04,
S3,1966,05-09,
S3,1966,10-14,
S3,1966,15-19,
S3,1966,20-24,
S3,1966,25-29,
S3,1966,30-34,
S3,1966,35-39,
S3,1966,40-44,
S3,1966,45-49,
S3,1966,50-54,
S3,1966,55-59,
S3,1966,60-64,
S3,1966,65-69,
S3,1966,70-74,
S3,1966,75+,
S3,1966,0-8,31934654.510131016
S3,1966,9-14,21991208.262723885
S3,1966,0-17,
S3,1966,18-29,
S3,1966,30-65,
S3,1966,66+,17899830.876087494
S3,1966,15-26,46945505.92683116
S3,1966,27-45,68205376.46822152
S3,1966,46-65,46710610.46418495
S3,1967,00-04,
S3,1967,05-09,
S3,1967,10-14,
S3,1967,15-19,
S3,1967,20-24,
S3,1967,25-29,
S3,1967,30-34,
S3,1967,35-39,
S3,1967,40-44,
S3,1967,45-49,
S3,1967,50-54,
S3,1967,55-59,
S3,1967,60-64,
S3,1967,65-69,
S3,1967,70-74,
S3,1967,75+,
S3,1967,0-8,32614356.751096692
S3,1967,9-14,22465271.74445128
S3,1967,0-17,
S3,1967,18-29,
S3,1967,30-65,
S3,1967,66+,18322721.565510914
S3,1967,15-26,47927835.84150937
S3,1967,27-45,69683409.90870494
S3,1967,46-65,47673422.90657236
S3,1968,00-04,
S3,1968,05-09,
S3,1968,10-14,
S3,1968,15-19,
S3,1968,20-24,
S3,1968,25-29,
S3,1968,30-34,
S3,1968,35-39,
S3,1968,40-44,
S3,1968,45-49,
S3,1968,50-54,
S3,1968,55-59,
S3,1968,60-64,
S3,1968,65-69,
S3,1968,70-74,
S3,1968,75+,
S3,1968,0-8,33343728.59322924
S3,1968,9-14,22948755.776821338
S3,1968,0-17,
S3,1968,18-29,
S3,1968,30-65,
S3,1968,66+,18724091.064069133
S3,1968,15-26,49019323.168819875
S3,1968,27-45,71182032.9413341
S3,1968,46-65,48724985.96458952
S3,1969,00-04,
S3,1969,05-09,
S3,1969,10-14,
S3,1969,15-19,
S3,1969,20-24,
S3,1969,25-29,
S3,1969,30-34,
S3,1969,35-39,
S3,1969,40-44,
S3,1969,45-49,
S3,1969,50-54,
S3,1969,55-59,
S3,1969,60-64,
S3,1969,65-69,
S3,1969,70-74,
S3,1969,75+,
S3,1969,0-8,34075432.30993527
S3,1969,9-14,23435866.51082022
S3,1969,0-17,
S3,1969,18-29,
S3,1969,30-65,
S3,1969,66+,19091116.83820445
S3,1969,15-26,50145562.7729301
S3,1969,27-45,72663255.0114254
S3,1969,46-65,49813404.286890574
S3,1970,00-04,
S3,1970,05-09,
S3,1970,10-14,
S3,1970,15-19,
S3,1970,20-24,
S3,1970,25-29,
S3,1970,30-34,
S3,1970,35-39,
S3,1970,40-44,
S3,1970,45-49,
S3,1970,50-54,
S3,1970,55-59,
S3,1970,60-64,
S3,1970,65-69,
S3,1970,70-74,
S3,1970,75+,
S3,1970,0-8,34802435.91122219
S3,1970,9-14,23955518.860435672
S3,1970,0-17,
S3,1970,18-29,
S3,1970,30-65,
S3,1970,66+,19432011.17918258
S3,1970,15-26,51297868.22949873
S3,1970,27-45,74182833.61934221
S3,1970,46-65,50956341.01426929
S3,1971,00-04,
S3,1971,05-09,
S3,1971,10-14,
S3,1971,15-19,
S3,1971,20-24,
S3,1971,25-29,
S3,1971,30-34,
S3,1971,35-39,
S3,1971,40-44,
S3,1971,45-49,
S3,1971,50-54,
S3,1971,55-59,
S3,1971,60-64,
S3,1971,65-69,
S3,1971,70-74,
S3,1971,75+,
S3,1971,0-8,35595971.922116324
S3,1971,9-14,24519964.738282703
S3,1971,0-17,
S3,1971,18-29,
S3,1971,30-65,
S3,1971,66+,19847074.09679753
S3,1971,15-26,52548217.42202782
S3,1971,27-45,75841657.35193239
S3,1971,46-65,52158924.203748845
S3,1972,00-04,
S3,1972,05-09,
S3,1972,10-14,
S3,1972,15-19,
S3,1972,20-24,
S3,1972,25-29,
S3,1972,30-34,
S3,1972,35-39,
S3,1972,40-44,
S3,1972,45-49,
S3,1972,50-54,
S3,1972,55-59,
S3,1972,60-64,
S3,1972,65-69,
S3,1972,70-74,
S3,1972,75+,
S3,1972,0-8,36353725.92975138
S3,1972,9-14,25066333.383554146
S3,1972,0-17,
S3,1972,18-29,
S3,1972,30-65,
S3,1972,66+,20254677.430842634
S3,1972,15-26,53740955.84067949
S3,1972,27-45,77434378.73505116
S3,1972,46-65,53313140.876643285
S3,1973,00-04,
S3,1973,05-09,
S3,1973,10-14,
S3,1973,15-19,
S3,1973,20-24,
S3,1973,25-29,
S3,1973,30-34,
S3,1973,35-39,
S3,1973,40-44,
S3,1973,45-49,
S3,1973,50-54,
S3,1973,55-59,
S3,1973,60-64,
S3,1973,65-69,
S3,1973,70-74,
S3,1973,75+,
S3,1973,0-8,37177450.118005805
S3,1973,9-14,25643687.565648057
S3,1973,0-17,
S3,1973,18-29,
S3,1973,30-65,
S3,1973,66+,20717680.54064459
S3,1973,15-26,54985288.27734132
S3,1973,27-45,79182526.59093454
S3,1973,46-65,54528138.19653552
S3,1974,00-04,
S3,1974,05-09,
S3,1974,10-14,
S3,1974,15-19,
S3,1974,20-24,
S3,1974,25-29,
S3,1974,30-34,
S3,1974,35-39,
S3,1974,40-44,
S3,1974,45-49,
S3,1974,50-54,
S3,1974,55-59,
S3,1974,60-64,
S3,1974,65-69,
S3,1974,70-74,
S3,1974,75+,
S3,1974,0-8,38016369.37089252
S3,1974,9-14,26221688.429200172
S3,1974,0-17,
S3,1974,18-29,
S3,1974,30-65,
S3,1974,66+,21218424.130374014
S3,1974,15-26,56182899.99981961
S3,1974,27-45,81016094.51065753
S3,1974,46-65,55719503.98885518
S3,1975,00-04,
S3,1975,05-09,
S3,1975,10-14,
S3,1975,15-19,
S3,1975,20-24,
S3,1975,25-29,
S3,1975,30-34,
S3,1975,35-39,
S3,1975,40-44,
S3,1975,45-49,
S3,1975,50-54,
S3,1975,55-59,
S3,1975,60-64,
S3,1975,65-69,
S3,1975,70-74,
S3,1975,75+,
S3,1975,0-8,38933835.13514215
S3,1975,9-14,26820298.81011602
S3,1975,0-17,
S3,1975,18-29,
S3,1975,30-65,
S3,1975,66+,21767886.221776545
S3,1975,15-26,57780285.27852312
S3,1975,27-45,82668215.06939165
S3,1975,46-65,56974360.71343679
S3,1976,00-04,
S3,1976,05-09,
S3,1976,10-14,
S3,1976,15-19,
S3,1976,20-24,
S3,1976,25-29,
S3,1976,30-34,
S3,1976,35-39,
S3,1976,40-44,
S3,1976,45-49,
S3,1976,50-54,
S3,1976,55-59,
S3,1976,60-64,
S3,1976,65-69,
S3,1976,70-74,
S3,1976,75+,
S3,1976,0-8,39850187.51218812
S3,1976,9-14,27443937.45909228
S3,1976,0-17,
S3,1976,18-29,
S3,1976,30-65,
S3,1976,66+,22305098.600110717
S3,1976,15-26,59500970.40353544
S3,1976,27-45,84242554.16189654
S3,1976,46-65,58275668.786946304
S3,1977,00-04,
S3,1977,05-09,
S3,1977,10-14,
S3,1977,15-19,
S3,1977,20-24,
S3,1977,25-29,
S3,1977,30-34,
S3,1977,35-39,
S3,1977,40-44,
S3,1977,45-49,
S3,1977,50-54,
S3,1977,55-59,
S3,1977,60-64,
S3,1977,65-69,
S3,1977,70-74,
S3,1977,75+,
S3,1977,0-8,40781458.371573895
S3,1977,9-14,28091790.576062806
S3,1977,0-17,
S3,1977,18-29,
S3,1977,30-65,
S3,1977,66+,22845480.406778105
S3,1977,15-26,60792921.98303275
S3,1977,27-45,86324618.10031429
S3,1977,46-65,59625265.429928064
S3,1978,00-04,
S3,1978,05-09,
S3,1978,10-14,
S3,1978,15-19,
S3,1978,20-24,
S3,1978,25-29,
S3,1978,30-34,
S3,1978,35-39,
S3,1978,40-44,
S3,1978,45-49,
S3,1978,50-54,
S3,1978,55-59,
S3,1978,60-64,
S3,1978,65-69,
S3,1978,70-74,
S3,1978,75+,
S3,1978,0-8,41733241.42814295
S3,1978,9-14,28759472.861823324
S3,1978,0-17,
S3,1978,18-29,
S3,1978,30-65,
S3,1978,66+,23389356.385151185
S3,1978,15-26,62073574.536675245
S3,1978,27-45,88498694.59375526
S3,1978,46-65,61025131.911675416
S3,1979,00-04,
S3,1979,05-09,
S3,1979,10-14,
S3,1979,15-19,
S3,1979,20-24,
S3,1979,25-29,
S3,1979,30-34,
S3,1979,35-39,
S3,1979,40-44,
S3,1979,45-49,
S3,1979,50-54,
S3,1979,55-59,
S3,1979,60-64,
S3,1979,65-69,
S3,1979,70-74,
S3,1979,75+,
S3,1979,0-8,42703461.01240343
S3,1979,9-14,29383713.03644909
S3,1979,0-17,
S3,1979,18-29,
S3,1979,30-65,
S3,1979,66+,23912034.464630462
S3,1979,15-26,63291690.700645015
S3,1979,27-45,90677991.0272819
S3,1979,46-65,62420156.87981059
S3,1980,00-04,
S3,1980,05-09,
S3,1980,10-14,
S3,1980,15-19,
S3,1980,20-24,
S3,1980,25-29,
S3,1980,30-34,
S3,1980,35-39,
S3,1980,40-44,
S3,1980,45-49,
S3,1980,50-54,
S3,1980,55-59,
S3,1980,60-64,
S3,1980,65-69,
S3,1980,70-74,
S3,1980,75+,
S3,1980,0-8,43737841.33412766
S3,1980,9-14,30075376.985348664
S3,1980,0-17,
S3,1980,18-29,
S3,1980,30-65,
S3,1980,66+,24471352.531849798
S3,1980,15-26,64781456.59775298
S3,1980,27-45,92859868.43526475
S3,1980,46-65,63942946.805278316
S3,1981,00-04,
S3,1981,05-09,
S3,1981,10-14,
S3,1981,15-19,
S3,1981,20-24,
S3,1981,25-29,
S3,1981,30-34,
S3,1981,35-39,
S3,1981,40-44,
S3,1981,45-49,
S3,1981,50-54,
S3,1981,55-59,
S3,1981,60-64,
S3,1981,65-69,
S3,1981,70-74,
S3,1981,75+,
S3,1981,0-8,44751178.926676676
S3,1981,9-14,30812353.70909273
S3,1981,0-17,
S3,1981,18-29,
S3,1981,30-65,
S3,1981,66+,25045559.056952726
S3,1981,15-26,66270392.37544413
S3,1981,27-45,95086244.8407158
S3,1981,46-65,65488083.34909747
S3,1982,00-04,
S3,1982,05-09,
S3,1982,10-14,
S3,1982,15-19,
S3,1982,20-24,
S3,1982,25-29,
S3,1982,30-34,
S3,1982,35-39,
S3,1982,40-44,
S3,1982,45-49,
S3,1982,50-54,
S3,1982,55-59,
S3,1982,60-64,
S3,1982,65-69,
S3,1982,70-74,
S3,1982,75+,
S3,1982,0-8,45806492.16305638
S3,1982,9-14,31539052.910916414
S3,1982,0-17,
S3,1982,18-29,
S3,1982,30-65,
S3,1982,66+,25631854.51682855
S3,1982,15-26,67759261.80086443
S3,1982,27-45,97421389.69300479
S3,1982,46-65,67018094.23565458
S3,1983,00-04,
S3,1983,05-09,
S3,1983,10-14,
S3,1983,15-19,
S3,1983,20-24,
S3,1983,25-29,
S3,1983,30-34,
S3,1983,35-39,
S3,1983,40-44,
S3,1983,45-49,
S3,1983,50-54,
S3,1983,55-59,
S3,1983,60-64,
S3,1983,65-69,
S3,1983,70-74,
S3,1983,75+,
S3,1983,0-8,46857124.005177215
S3,1983,9-14,32311348.133287527
S3,1983,0-17,
S3,1983,18-29,
S3,1983,30-65,
S3,1983,66+,26235368.258880954
S3,1983,15-26,69296239.56909783
S3,1983,27-45,99782166.59951895
S3,1983,46-65,68593534.9401591
S3,1984,00-04,
S3,1984,05-09,
S3,1984,10-14,
S3,1984,15-19,
S3,1984,20-24,
S3,1984,25-29,
S3,1984,30-34,
S3,1984,35-39,
S3,1984,40-44,
S3,1984,45-49,
S3,1984,50-54,
S3,1984,55-59,
S3,1984,60-64,
S3,1984,65-69,
S3,1984,70-74,
S3,1984,75+,
S3,1984,0-8,47952246.54454869
S3,1984,9-14,33099148.27792399
S3,1984,0-17,
S3,1984,18-29,
S3,1984,30-65,
S3,1984,66+,26863767.591813624
S3,1984,15-26,70889688.73500694
S3,1984,27-45,102172768.15325576
S3,1984,46-65,70257788.80596308
S3,1985,00-04,
S3,1985,05-09,
S3,1985,10-14,
S3,1985,15-19,
S3,1985,20-24,
S3,1985,25-29,
S3,1985,30-34,
S3,1985,35-39,
S3,1985,40-44,
S3,1985,45-49,
S3,1985,50-54,
S3,1985,55-59,
S3,1985,60-64,
S3,1985,65-69,
S3,1985,70-74,
S3,1985,75+,
S3,1985,0-8,49123695.95991957
S3,1985,9-14,33853751.113863684
S3,1985,0-17,
S3,1985,18-29,
S3,1985,30-65,
S3,1985,66+,27509153.865156382
S3,1985,15-26,72529825.51371956
S3,1985,27-45,104561531.89199588
S3,1985,46-65,72003977.91441047
S3,1986,00-04,
S3,1986,05-09,
S3,1986,10-14,
S3,1986,15-19,
S3,1986,20-24,
S3,1986,25-29,
S3,1986,30-34,
S3,1986,35-39,
S3,1986,40-44,
S3,1986,45-49,
S3,1986,50-54,
S3,1986,55-59,
S3,1986,60-64,
S3,1986,65-69,
S3,1986,70-74,
S3,1986,75+,
S3,1986,0-8,50261131.96226762
S3,1986,9-14,34670414.35445194
S3,1986,0-17,
S3,1986,18-29,
S3,1986,30-65,
S3,1986,66+,28159566.799411025
S3,1986,15-26,74236242.8530784
S3,1986,27-45,106983382.894777
S3,1986,46-65,73739266.9030823
S3,1987,00-04,
S3,1987,05-09,
S3,1987,10-14,
S3,1987,15-19,
S3,1987,20-24,
S3,1987,25-29,
S3,1987,30-34,
S3,1987,35-39,
S3,1987,40-44,
S3,1987,45-49,
S3,1987,50-54,
S3,1987,55-59,
S3,1987,60-64,
S3,1987,65-69,
S3,1987,70-74,
S3,1987,75+,
S3,1987,0-8,51495928.21449445
S3,1987,9-14,35432681.48398674
S3,1987,0-17,
S3,1987,18-29,
S3,1987,30-65,
S3,1987,66+,28823938.128739186
S3,1987,15-26,76004485.9540409
S3,1987,27-45,109476396.57138976
S3,1987,46-65,75470829.58793241
S3,1988,00-04,
S3,1988,05-09,
S3,1988,10-14,
S3,1988,15-19,
S3,1988,20-24,
S3,1988,25-29,
S3,1988,30-34,
S3,1988,35-39,
S3,1988,40-44,
S3,1988,45-49,
S3,1988,50-54,
S3,1988,55-59,
S3,1988,60-64,
S3,1988,65-69,
S3,1988,70-74,
S3,1988,75+,
S3,1988,0-8,52709331.41303727
S3,1988,9-14,36222801.030295
S3,1988,0-17,
S3,1988,18-29,
S3,1988,30-65,
S3,1988,66+,29488177.339682184
S3,1988,15-26,77763775.2169876
S3,1988,27-45,112023425.64294173
S3,1988,46-65,77178995.05644237
S3,1989,00-04,
S3,1989,05-09,
S3,1989,10-14,
S3,1989,15-19,
S3,1989,20-24,
S3,1989,25-29,
S3,1989,30-34,
S3,1989,35-39,
S3,1989,40-44,
S3,1989,45-49,
S3,1989,50-54,
S3,1989,55-59,
S3,1989,60-64,
S3,1989,65-69,
S3,1989,70-74,
S3,1989,75+,
S3,1989,0-8,53902851.16671529
S3,1989,9-14,37062251.41579573
S3,1989,0-17,
S3,1989,18-29,
S3,1989,30-65,
S3,1989,66+,30158461.11056616
S3,1989,15-26,79530266.84341905
S3,1989,27-45,114646691.40079813
S3,1989,46-65,78895839.50943403
S3,1990,00-04,
S3,1990,05-09,
S3,1990,10-14,
S3,1990,15-19,
S3,1990,20-24,
S3,1990,25-29,
S3,1990,30-34,
S3,1990,35-39,
S3,1990,40-44,
S3,1990,45-49,
S3,1990,50-54,
S3,1990,55-59,
S3,1990,60-64,
S3,1990,65-69,
S3,1990,70-74,
S3,1990,75+,
S3,1990,0-8,55083847.44055909
S3,1990,9-14,37945063.62510443
S3,1990,0-17,
S3,1990,18-29,
S3,1990,30-65,
S3,1990,66+,30835521.51321761
S3,1990,15-26,81301808.93275425
S3,1990,27-45,117331408.30964458
S3,1990,46-65,80642205.02769753
S3,1991,00-04,
S3,1991,05-09,
S3,1991,10-14,
S3,1991,15-19,
S3,1991,20-24,
S3,1991,25-29,
S3,1991,30-34,
S3,1991,35-39,
S3,1991,40-44,
S3,1991,45-49,
S3,1991,50-54,
S3,1991,55-59,
S3,1991,60-64,
S3,1991,65-69,
S3,1991,70-74,
S3,1991,75+,
S3,1991,0-8,56309638.53364754
S3,1991,9-14,38800058.02825169
S3,1991,0-17,
S3,1991,18-29,
S3,1991,30-65,
S3,1991,66+,31519406.222426634
S3,1991,15-26,83073264.079967
S3,1991,27-45,120050001.90461978
S3,1991,46-65,82404549.19856389
S3,1992,00-04,
S3,1992,05-09,
S3,1992,10-14,
S3,1992,15-19,
S3,1992,20-24,
S3,1992,25-29,
S3,1992,30-34,
S3,1992,35-39,
S3,1992,40-44,
S3,1992,45-49,
S3,1992,50-54,
S3,1992,55-59,
S3,1992,60-64,
S3,1992,65-69,
S3,1992,70-74,
S3,1992,75+,
S3,1992,0-8,57531735.63288803
S3,1992,9-14,39638048.7343968
S3,1992,0-17,
S3,1992,18-29,
S3,1992,30-65,
S3,1992,66+,32203019.082422163
S3,1992,15-26,84832449.30586568
S3,1992,27-45,122724945.3928667
S3,1992,46-65,84154089.70142889
S3,1993,00-04,
S3,1993,05-09,
S3,1993,10-14,
S3,1993,15-19,
S3,1993,20-24,
S3,1993,25-29,
S3,1993,30-34,
S3,1993,35-39,
S3,1993,40-44,
S3,1993,45-49,
S3,1993,50-54,
S3,1993,55-59,
S3,1993,60-64,
S3,1993,65-69,
S3,1993,70-74,
S3,1993,75+,
S3,1993,0-8,58739524.94602105
S3,1993,9-14,40516998.76717387
S3,1993,0-17,
S3,1993,18-29,
S3,1993,30-65,
S3,1993,66+,32895979.74800301
S3,1993,15-26,86677734.91671625
S3,1993,27-45,125332134.91142756
S3,1993,46-65,85964778.62698926
S3,1994,00-04,
S3,1994,05-09,
S3,1994,10-14,
S3,1994,15-19,
S3,1994,20-24,
S3,1994,25-29,
S3,1994,30-34,
S3,1994,35-39,
S3,1994,40-44,
S3,1994,45-49,
S3,1994,50-54,
S3,1994,55-59,
S3,1994,60-64,
S3,1994,65-69,
S3,1994,70-74,
S3,1994,75+,
S3,1994,0-8,59918245.27718578
S3,1994,9-14,41417047.50540354
S3,1994,0-17,
S3,1994,18-29,
S3,1994,30-65,
S3,1994,66+,33582603.80022518
S3,1994,15-26,88538914.01593369
S3,1994,27-45,127858925.86784439
S3,1994,46-65,87819740.40270592
S3,1995,00-04,
S3,1995,05-09,
S3,1995,10-14,
S3,1995,15-19,
S3,1995,20-24,
S3,1995,25-29,
S3,1995,30-34,
S3,1995,35-39,
S3,1995,40-44,
S3,1995,45-49,
S3,1995,50-54,
S3,1995,55-59,
S3,1995,60-64,
S3,1995,65-69,
S3,1995,70-74,
S3,1995,75+,
S3,1995,0-8,61112430.19366356
S3,1995,9-14,42269277.674392276
S3,1995,0-17,
S3,1995,18-29,
S3,1995,30-65,
S3,1995,66+,34254062.118693665
S3,1995,15-26,90333090.03937642
S3,1995,27-45,130923100.14359303
S3,1995,46-65,89111635.98707081
S3,1996,00-04,
S3,1996,05-09,
S3,1996,10-14,
S3,1996,15-19,
S3,1996,20-24,
S3,1996,25-29,
S3,1996,30-34,
S3,1996,35-39,
S3,1996,40-44,
S3,1996,45-49,
S3,1996,50-54,
S3,1996,55-59,
S3,1996,60-64,
S3,1996,65-69,
S3,1996,70-74,
S3,1996,75+,
S3,1996,0-8,62260466.17824605
S3,1996,9-14,43205693.8463504
S3,1996,0-17,
S3,1996,18-29,
S3,1996,30-65,
S3,1996,66+,34942739.338783205
S3,1996,15-26,92121492.497616
S3,1996,27-45,133557256.13328461
S3,1996,46-65,90948900.71673521
S3,1997,00-04,
S3,1997,05-09,
S3,1997,10-14,
S3,1997,15-19,
S3,1997,20-24,
S3,1997,25-29,
S3,1997,30-34,
S3,1997,35-39,
S3,1997,40-44,
S3,1997,45-49,
S3,1997,50-54,
S3,1997,55-59,
S3,1997,60-64,
S3,1997,65-69,
S3,1997,70-74,
S3,1997,75+,
S3,1997,0-8,63512691.83805485
S3,1997,9-14,44044911.55309945
S3,1997,0-17,
S3,1997,18-29,
S3,1997,30-65,
S3,1997,66+,35637323.03514745
S3,1997,15-26,93975166.7014605
S3,1997,27-45,136099972.943867
S3,1997,46-65,92829731.53223708
S3,1998,00-04,
S3,1998,05-09,
S3,1998,10-14,
S3,1998,15-19,
S3,1998,20-24,
S3,1998,25-29,
S3,1998,30-34,
S3,1998,35-39,
S3,1998,40-44,
S3,1998,45-49,
S3,1998,50-54,
S3,1998,55-59,
S3,1998,60-64,
S3,1998,65-69,
S3,1998,70-74,
S3,1998,75+,
S3,1998,0-8,64721793.93440607
S3,1998,9-14,44933957.290629305
S3,1998,0-17,
S3,1998,18-29,
S3,1998,30-65,
S3,1998,66+,36338461.94995006
S3,1998,15-26,95846704.64036681
S3,1998,27-45,138633995.71900293
S3,1998,46-65,94717186.70439285
S3,1999,00-04,
S3,1999,05-09,
S3,1999,10-14,
S3,1999,15-19,
S3,1999,20-24,
S3,1999,25-29,
S3,1999,30-34,
S3,1999,35-39,
S3,1999,40-44,
S3,1999,45-49,
S3,1999,50-54,
S3,1999,55-59,
S3,1999,60-64,
S3,1999,65-69,
S3,1999,70-74,
S3,1999,75+,
S3,1999,0-8,65935008.49810676
S3,1999,9-14,45826766.98198518
S3,1999,0-17,
S3,1999,18-29,
S3,1999,30-65,
S3,1999,66+,37044966.494646676
S3,1999,15-26,97709458.411617
S3,1999,27-45,141159842.461152
S3,1999,46-65,96642492.41844024
S3,2000,00-04,
S3,2000,05-09,
S3,2000,10-14,
S3,2000,15-19,
S3,2000,20-24,
S3,2000,25-29,
S3,2000,30-34,
S3,2000,35-39,
S3,2000,40-44,
S3,2000,45-49,
S3,2000,50-54,
S3,2000,55-59,
S3,2000,60-64,
S3,2000,65-69,
S3,2000,70-74,
S3,2000,75+,
S3,2000,0-8,67184314.33819385
S3,2000,9-14,46683791.94605143
S3,2000,0-17,
S3,2000,18-29,
S3,2000,30-65,
S3,2000,66+,37757189.64952123
S3,2000,15-26,99557792.11339132
S3,2000,27-45,143790166.02931726
S3,2000,46-65,98473044.64411482
S3,2001,00-04,
S3,2001,05-09,
S3,2001,10-14,
S3,2001,15-19,
S3,2001,20-24,
S3,2001,25-29,
S3,2001,30-34,
S3,2001,35-39,
S3,2001,40-44,
S3,2001,45-49,
S3,2001,50-54,
S3,2001,55-59,
S3,2001,60-64,
S3,2001,65-69,
S3,2001,70-74,
S3,2001,75+,
S3,2001,0-8,68431917.58507292
S3,2001,9-14,47575471.055426784
S3,2001,0-17,
S3,2001,18-29,
S3,2001,30-65,
S3,2001,66+,38486246.43893137
S3,2001,15-26,101354330.9741749
S3,2001,27-45,146513200.24791262
S3,2001,46-65,100355691.09488617
S3,2002,00-04,
S3,2002,05-09,
S3,2002,10-14,
S3,2002,15-19,
S3,2002,20-24,
S3,2002,25-29,
S3,2002,30-34,
S3,2002,35-39,
S3,2002,40-44,
S3,2002,45-49,
S3,2002,50-54,
S3,2002,55-59,
S3,2002,60-64,
S3,2002,65-69,
S3,2002,70-74,
S3,2002,75+,
S3,2002,0-8,69710884.03957742
S3,2002,9-14,48471504.87854965
S3,2002,0-17,
S3,2002,18-29,
S3,2002,30-65,
S3,2002,66+,39196582.527193844
S3,2002,15-26,103219645.92748734
S3,2002,27-45,149245220.60414448
S3,2002,46-65,102298361.34998663
S3,2003,00-04,
S3,2003,05-09,
S3,2003,10-14,
S3,2003,15-19,
S3,2003,20-24,
S3,2003,25-29,
S3,2003,30-34,
S3,2003,35-39,
S3,2003,40-44,
S3,2003,45-49,
S3,2003,50-54,
S3,2003,55-59,
S3,2003,60-64,
S3,2003,65-69,
S3,2003,70-74,
S3,2003,75+,
S3,2003,0-8,70958151.45434472
S3,2003,9-14,49313837.25937726
S3,2003,0-17,
S3,2003,18-29,
S3,2003,30-65,
S3,2003,66+,39889117.072094604
S3,2003,15-26,105033262.44270635
S3,2003,27-45,151855608.8992678
S3,2003,46-65,104147481.99568637
S3,2004,00-04,
S3,2004,05-09,
S3,2004,10-14,
S3,2004,15-19,
S3,2004,20-24,
S3,2004,25-29,
S3,2004,30-34,
S3,2004,35-39,
S3,2004,40-44,
S3,2004,45-49,
S3,2004,50-54,
S3,2004,55-59,
S3,2004,60-64,
S3,2004,65-69,
S3,2004,70-74,
S3,2004,75+,
S3,2004,0-8,72166548.01166432
S3,2004,9-14,50177759.8614185
S3,2004,0-17,
S3,2004,18-29,
S3,2004,30-65,
S3,2004,66+,40606525.334849365
S3,2004,15-26,106785236.22710326
S3,2004,27-45,154482199.1424878
S3,2004,46-65,105959564.87835667
S3,2005,00-04,
S3,2005,05-09,
S3,2005,10-14,
S3,2005,15-19,
S3,2005,20-24,
S3,2005,25-29,
S3,2005,30-34,
S3,2005,35-39,
S3,2005,40-44,
S3,2005,45-49,
S3,2005,50-54,
S3,2005,55-59,
S3,2005,60-64,
S3,2005,65-69,
S3,2005,70-74,
S3,2005,75+,
S3,2005,0-8,73402774.11340508
S3,2005,9-14,51034414.89101538
S3,2005,0-17,
S3,2005,18-29,
S3,2005,30-65,
S3,2005,66+,41363954.13075167
S3,2005,15-26,108669647.41095978
S3,2005,27-45,157043192.59006795
S3,2005,46-65,107733329.75181164
S3,2006,00-04,
S3,2006,05-09,
S3,2006,10-14,
S3,2006,15-19,
S3,2006,20-24,
S3,2006,25-29,
S3,2006,30-34,
S3,2006,35-39,
S3,2006,40-44,
S3,2006,45-49,
S3,2006,50-54,
S3,2006,55-59,
S3,2006,60-64,
S3,2006,65-69,
S3,2006,70-74,
S3,2006,75+,
S3,2006,0-8,74582167.35113786
S3,2006,9-14,51824290.349980496
S3,2006,0-17,
S3,2006,18-29,
S3,2006,30-65,
S3,2006,66+,42049857.00155216
S3,2006,15-26,110496703.18345697
S3,2006,27-45,159438651.24100548
S3,2006,46-65,109389449.94490515
S3,2007,00-04,
S3,2007,05-09,
S3,2007,10-14,
S3,2007,15-19,
S3,2007,20-24,
S3,2007,25-29,
S3,2007,30-34,
S3,2007,35-39,
S3,2007,40-44,
S3,2007,45-49,
S3,2007,50-54,
S3,2007,55-59,
S3,2007,60-64,
S3,2007,65-69,
S3,2007,70-74,
S3,2007,75+,
S3,2007,0-8,75794940.55281821
S3,2007,9-14,52609279.155903414
S3,2007,0-17,
S3,2007,18-29,
S3,2007,30-65,
S3,2007,66+,42715007.832122214
S3,2007,15-26,112326801.76598038
S3,2007,27-45,161876094.2256899
S3,2007,46-65,111116277.20113042
S3,2008,00-04,
S3,2008,05-09,
S3,2008,10-14,
S3,2008,15-19,
S3,2008,20-24,
S3,2008,25-29,
S3,2008,30-34,
S3,2008,35-39,
S3,2008,40-44,
S3,2008,45-49,
S3,2008,50-54,
S3,2008,55-59,
S3,2008,60-64,
S3,2008,65-69,
S3,2008,70-74,
S3,2008,75+,
S3,2008,0-8,76922971.99866842
S3,2008,9-14,53370739.59265664
S3,2008,0-17,
S3,2008,18-29,
S3,2008,30-65,
S3,2008,66+,43322455.93050852
S3,2008,15-26,113931193.15604477
S3,2008,27-45,164308813.99431068
S3,2008,46-65,112770320.22019953
S3,2009,00-04,
S3,2009,05-09,
S3,2009,10-14,
S3,2009,15-19,
S3,2009,20-24,
S3,2009,25-29,
S3,2009,30-34,
S3,2009,35-39,
S3,2009,40-44,
S3,2009,45-49,
S3,2009,50-54,
S3,2009,55-59,
S3,2009,60-64,
S3,2009,65-69,
S3,2009,70-74,
S3,2009,75+,
S3,2009,0-8,78018424.26279199
S3,2009,9-14,54158350.90808774
S3,2009,0-17,
S3,2009,18-29,
S3,2009,30-65,
S3,2009,66+,43914158.777722776
S3,2009,15-26,115522672.25398946
S3,2009,27-45,166721681.93373895
S3,2009,46-65,114451443.92788942
S3,2010,00-04,
S3,2010,05-09,
S3,2010,10-14,
S3,2010,15-19,
S3,2010,20-24,
S3,2010,25-29,
S3,2010,30-34,
S3,2010,35-39,
S3,2010,40-44,
S3,2010,45-49,
S3,2010,50-54,
S3,2010,55-59,
S3,2010,60-64,
S3,2010,65-69,
S3,2010,70-74,
S3,2010,75+,
S3,2010,0-8,79069549.66215977
S3,2010,9-14,55076665.48578687
S3,2010,0-17,
S3,2010,18-29,
S3,2010,30-65,
S3,2010,66+,44534749.24451306
S3,2010,15-26,117232188.96143144
S3,2010,27-45,169194414.44568563
S3,2010,46-65,116213712.69043489
S3,2011,00-04,
S3,2011,05-09,
S3,2011,10-14,
S3,2011,15-19,
S3,2011,20-24,
S3,2011,25-29,
S3,2011,30-34,
S3,2011,35-39,
S3,2011,40-44,
S3,2011,45-49,
S3,2011,50-54,
S3,2011,55-59,
S3,2011,60-64,
S3,2011,65-69,
S3,2011,70-74,
S3,2011,75+,
S3,2011,0-8,80087838.29081348
S3,2011,9-14,56025877.382242166
S3,2011,0-17,
S3,2011,18-29,
S3,2011,30-65,
S3,2011,66+,45157285.183517896
S3,2011,15-26,118932611.62034766
S3,2011,27-45,171647050.64707443
S3,2011,46-65,117996761.19616206
S3,2012,00-04,
S3,2012,05-09,
S3,2012,10-14,
S3,2012,15-19,
S3,2012,20-24,
S3,2012,25-29,
S3,2012,30-34,
S3,2012,35-39,
S3,2012,40-44,
S3,2012,45-49,
S3,2012,50-54,
S3,2012,55-59,
S3,2012,60-64,
S3,2012,65-69,
S3,2012,70-74,
S3,2012,75+,
S3,2012,0-8,81162245.32971044
S3,2012,9-14,56878309.674091384
S3,2012,0-17,
S3,2012,18-29,
S3,2012,30-65,
S3,2012,66+,45775194.238057
S3,2012,15-26,120585815.27024697
S3,2012,27-45,174104384.13847744
S3,2012,46-65,119691414.62098326
S3,2013,00-04,
S3,2013,05-09,
S3,2013,10-14,
S3,2013,15-19,
S3,2013,20-24,
S3,2013,25-29,
S3,2013,30-34,
S3,2013,35-39,
S3,2013,40-44,
S3,2013,45-49,
S3,2013,50-54,
S3,2013,55-59,
S3,2013,60-64,
S3,2013,65-69,
S3,2013,70-74,
S3,2013,75+,
S3,2013,0-8,82314621.4410996
S3,2013,9-14,57698027.35252691
S3,2013,0-17,
S3,2013,18-29,
S3,2013,30-65,
S3,2013,66+,46377566.02653586
S3,2013,15-26,122200428.73849899
S3,2013,27-45,176557902.5589731
S3,2013,46-65,121243640.93533096
S3,2014,00-04,
S3,2014,05-09,
S3,2014,10-14,
S3,2014,15-19,
S3,2014,20-24,
S3,2014,25-29,
S3,2014,30-34,
S3,2014,35-39,
S3,2014,40-44,
S3,2014,45-49,
S3,2014,50-54,
S3,2014,55-59,
S3,2014,60-64,
S3,2014,65-69,
S3,2014,70-74,
S3,2014,75+,
S3,2014,0-8,83455132.54596925
S3,2014,9-14,58531699.8874541
S3,2014,0-17,
S3,2014,18-29,
S3,2014,30-65,
S3,2014,66+,47013055.17454834
S3,2014,15-26,123738165.9917503
S3,2014,27-45,179093346.1809164
S3,2014,46-65,122764913.37999341
S3,2015,00-04,
S3,2015,05-09,
S3,2015,10-14,
S3,2015,15-19,
S3,2015,20-24,
S3,2015,25-29,
S3,2015,30-34,
S3,2015,35-39,
S3,2015,40-44,
S3,2015,45-49,
S3,2015,50-54,
S3,2015,55-59,
S3,2015,60-64,
S3,2015,65-69,
S3,2015,70-74,
S3,2015,75+,
S3,2015,0-8,84689150.76513849
S3,2015,9-14,59273279.03573541
S3,2015,0-17,
S3,2015,18-29,
S3,2015,30-65,
S3,2015,66+,47287903.42911755
S3,2015,15-26,125384333.06205383
S3,2015,27-45,181473813.60463288
S3,2015,46-65,124700419.86359997
S3,2016,00-04,
S3,2016,05-09,
S3,2016,10-14,
S3,2016,15-19,
S3,2016,20-24,
S3,2016,25-29,
S3,2016,30-34,
S3,2016,35-39,
S3,2016,40-44,
S3,2016,45-49,
S3,2016,50-54,
S3,2016,55-59,
S3,2016,60-64,
S3,2016,65-69,
S3,2016,70-74,
S3,2016,75+,
S3,2016,0-8,85881069.82269196
S3,2016,9-14,60004797.14455229
S3,2016,0-17,
S3,2016,18-29,
S3,2016,30-65,
S3,2016,66+,47899470.895183235
S3,2016,15-26,126948110.06724913
S3,2016,27-45,183854508.18888152
S3,2016,46-65,126215331.19759244
S3,2017,00-04,
S3,2017,05-09,
S3,2017,10-14,
S3,2017,15-19,
S3,2017,20-24,
S3,2017,25-29,
S3,2017,30-34,
S3,2017,35-39,
S3,2017,40-44,
S3,2017,45-49,
S3,2017,50-54,
S3,2017,55-59,
S3,2017,60-64,
S3,2017,65-69,
S3,2017,70-74,
S3,2017,75+,
S3,2017,0-8,87001505.61722842
S3,2017,9-14,60700960.738973066
S3,2017,0-17,
S3,2017,18-29,
S3,2017,30-65,
S3,2017,66+,48503783.39169232
S3,2017,15-26,128458255.57976565
S3,2017,27-45,186106600.1656894
S3,2017,46-65,127578684.19068553
S3,2018,00-04,
S3,2018,05-09,
S3,2018,10-14,
S3,2018,15-19,
S3,2018,20-24,
S3,2018,25-29,
S3,2018,30-34,
S3,2018,35-39,
S3,2018,40-44,
S3,2018,45-49,
S3,2018,50-54,
S3,2018,55-59,
S3,2018,60-64,
S3,2018,65-69,
S3,2018,70-74,
S3,2018,75+,
S3,2018,0-8,88050588.17007439
S3,2018,9-14,61468955.985058635
S3,2018,0-17,
S3,2018,18-29,
S3,2018,30-65,
S3,2018,66+,49109650.41824016
S3,2018,15-26,129976300.67576858
S3,2018,27-45,188312925.13147858
S3,2018,46-65,128981884.65495487
S3,2019,00-04,
S3,2019,05-09,
S3,2019,10-14,
S3,2019,15-19,
S3,2019,20-24,
S3,2019,25-29,
S3,2019,30-34,
S3,2019,35-39,
S3,2019,40-44,
S3,2019,45-49,
S3,2019,50-54,
S3,2019,55-59,
S3,2019,60-64,
S3,2019,65-69,
S3,2019,70-74,
S3,2019,75+,
S3,2019,0-8,89019770.16094711
S3,2019,9-14,62320292.20714064
S3,2019,0-17,
S3,2019,18-29,
S3,2019,30-65,
S3,2019,66+,49735561.473035164
S3,2019,15-26,131484267.333374
S3,2019,27-45,190565712.43879026
S3,2019,46-65,130340408.91454558
S3,2020,00-04,
S3,2020,05-09,
S3,2020,10-14,
S3,2020,15-19,
S3,2020,20-24,
S3,2020,25-29,
S3,2020,30-34,
S3,2020,35-39,
S3,2020,40-44,
S3,2020,45-49,
S3,2020,50-54,
S3,2020,55-59,
S3,2020,60-64,
S3,2020,65-69,
S3,2020,70-74,
S3,2020,75+,
S3,2020,0-8,90049930.00910768
S3,2020,9-14,63112501.21079802
S3,2020,0-17,
S3,2020,18-29,
S3,2020,30-65,
S3,2020,66+,50306890.68996979
S3,2020,15-26,133022971.57963514
S3,2020,27-45,192754868.7082455
S3,2020,46-65,131795950.8004717
S3,2021,00-04,
S3,2021,05-09,
S3,2021,10-14,
S3,2021,15-19,
S3,2021,20-24,
S3,2021,25-29,
S3,2021,30-34,
S3,2021,35-39,
S3,2021,40-44,
S3,2021,45-49,
S3,2021,50-54,
S3,2021,55-59,
S3,2021,60-64,
S3,2021,65-69,
S3,2021,70-74,
S3,2021,75+,
S3,2021,0-8,91031367.21167475
S3,2021,9-14,63898349.88664377
S3,2021,0-17,
S3,2021,18-29,
S3,2021,30-65,
S3,2021,66+,50877273.90574478
S3,2021,15-26,134537050.560388
S3,2021,27-45,194787095.7820062
S3,2021,46-65,133251967.24167746
S3,2022,00-04,
S3,2022,05-09,
S3,2022,10-14,
S3,2022,15-19,
S3,2022,20-24,
S3,2022,25-29,
S3,2022,30-34,
S3,2022,35-39,
S3,2022,40-44,
S3,2022,45-49,
S3,2022,50-54,
S3,2022,55-59,
S3,2022,60-64,
S3,2022,65-69,
S3,2022,70-74,
S3,2022,75+,
S3,2022,0-8,91974931.559819
S3,2022,9-14,64608387.1747628
S3,2022,0-17,
S3,2022,18-29,
S3,2022,30-65,
S3,2022,66+,51399778.16158218
S3,2022,15-26,135941099.49851918
S3,2022,27-45,196805975.11026046
S3,2022,46-65,134503332.68065196
S3,2023,00-04,
S3,2023,05-09,
S3,2023,10-14,
S3,2023,15-19,
S3,2023,20-24,
S3,2023,25-29,
S3,2023,30-34,
S3,2023,35-39,
S3,2023,40-44,
S3,2023,45-49,
S3,2023,50-54,
S3,2023,55-59,
S3,2023,60-64,
S3,2023,65-69,
S3,2023,70-74,
S3,2023,75+,
S3,2023,0-8,92955788.02712059
S3,2023,9-14,65283256.92589163
S3,2023,0-17,
S3,2023,18-29,
S3,2023,30-65,
S3,2023,66+,51927123.89001248
S3,2023,15-26,137343482.19375324
S3,2023,27-45,198717459.49362835
S3,2023,46-65,135867761.6812074
S3,2024,00-04,
S3,2024,05-09,
S3,2024,10-14,
S3,2024,15-19,
S3,2024,20-24,
S3,2024,25-29,
S3,2024,30-34,
S3,2024,35-39,
S3,2024,40-44,
S3,2024,45-49,
S3,2024,50-54,
S3,2024,55-59,
S3,2024,60-64,
S3,2024,65-69,
S3,2024,70-74,
S3,2024,75+,
S3,2024,0-8,94217494.29654409
S3,2024,9-14,65680545.43824385
S3,2024,0-17,
S3,2024,18-29,
S3,2024,30-65,
S3,2024,66+,52460464.325484574
S3,2024,15-26,138746413.53504196
S3,2024,27-45,200705610.14993396
S3,2024,46-65,137160894.48243025
S3,2025,00-04,
S3,2025,05-09,
S3,2025,10-14,
S3,2025,15-19,
S3,2025,20-24,
S3,2025,25-29,
S3,2025,30-34,
S3,2025,35-39,
S3,2025,40-44,
S3,2025,45-49,
S3,2025,50-54,
S3,2025,55-59,
S3,2025,60-64,
S3,2025,65-69,
S3,2025,70-74,
S3,2025,75+,
S3,2025,0-8,95076174.73196772
S3,2025,9-14,66482790.768414155
S3,2025,0-17,
S3,2025,18-29,
S3,2025,30-65,
S3,2025,66+,52978633.80262122
S3,2025,15-26,140170600.22838923
S3,2025,27-45,202741282.57731178
S3,2025,46-65,138408870.99431455
S3,2026,00-04,
S3,2026,05-09,
S3,2026,10-14,
S3,2026,15-19,
S3,2026,20-24,
S3,2026,25-29,
S3,2026,30-34,
S3,2026,35-39,
S3,2026,40-44,
S3,2026,45-49,
S3,2026,50-54,
S3,2026,55-59,
S3,2026,60-64,
S3,2026,65-69,
S3,2026,70-74,
S3,2026,75+,
S3,2026,0-8,95834109.64131221
S3,2026,9-14,67319431.0618591
S3,2026,0-17,
S3,2026,18-29,
S3,2026,30-65,
S3,2026,66+,53450082.2118192
S3,2026,15-26,141598422.91701397
S3,2026,27-45,204649493.10680085
S3,2026,46-65,139618664.6753593
S3,2027,00-04,
S3,2027,05-09,
S3,2027,10-14,
S3,2027,15-19,
S3,2027,20-24,
S3,2027,25-29,
S3,2027,30-34,
S3,2027,35-39,
S3,2027,40-44,
S3,2027,45-49,
S3,2027,50-54,
S3,2027,55-59,
S3,2027,60-64,
S3,2027,65-69,
S3,2027,70-74,
S3,2027,75+,
S3,2027,0-8,96851849.42995894
S3,2027,9-14,67760804.65337372
S3,2027,0-17,
S3,2027,18-29,
S3,2027,30-65,
S3,2027,66+,53888967.02489449
S3,2027,15-26,142947230.3491924
S3,2027,27-45,206279581.8624249
S3,2027,46-65,140789068.6477136
S3,2028,00-04,
S3,2028,05-09,
S3,2028,10-14,
S3,2028,15-19,
S3,2028,20-24,
S3,2028,25-29,
S3,2028,30-34,
S3,2028,35-39,
S3,2028,40-44,
S3,2028,45-49,
S3,2028,50-54,
S3,2028,55-59,
S3,2028,60-64,
S3,2028,65-69,
S3,2028,70-74,
S3,2028,75+,
S3,2028,0-8,97526862.04769446
S3,2028,9-14,68546378.08329724
S3,2028,0-17,
S3,2028,18-29,
S3,2028,30-65,
S3,2028,66+,54326880.75728891
S3,2028,15-26,144123646.5821974
S3,2028,27-45,208060102.56818146
S3,2028,46-65,141988956.58038062
S3,2029,00-04,
S3,2029,05-09,
S3,2029,10-14,
S3,2029,15-19,
S3,2029,20-24,
S3,2029,25-29,
S3,2029,30-34,
S3,2029,35-39,
S3,2029,40-44,
S3,2029,45-49,
S3,2029,50-54,
S3,2029,55-59,
S3,2029,60-64,
S3,2029,65-69,
S3,2029,70-74,
S3,2029,75+,
S3,2029,0-8,98483307.06777546
S3,2029,9-14,69053750.9653759
S3,2029,0-17,
S3,2029,18-29,
S3,2029,30-65,
S3,2029,66+,54776577.97530975
S3,2029,15-26,145115528.87022933
S3,2029,27-45,210042254.4509802
S3,2029,46-65,143172986.1932344
S3,2030,00-04,
S3,2030,05-09,
S3,2030,10-14,
S3,2030,15-19,
S3,2030,20-24,
S3,2030,25-29,
S3,2030,30-34,
S3,2030,35-39,
S3,2030,40-44,
S3,2030,45-49,
S3,2030,50-54,
S3,2030,55-59,
S3,2030,60-64,
S3,2030,65-69,
S3,2030,70-74,
S3,2030,75+,
S3,2030,0-8,99556231.3735186
S3,2030,9-14,69448042.21346794
S3,2030,0-17,
S3,2030,18-29,
S3,2030,30-65,
S3,2030,66+,55230948.38632563
S3,2030,15-26,146122814.6631142
S3,2030,27-45,212035581.76166704
S3,2030,46-65,144337844.40371832
S3,2031,00-04,
S3,2031,05-09,
S3,2031,10-14,
S3,2031,15-19,
S3,2031,20-24,
S3,2031,25-29,
S3,2031,30-34,
S3,2031,35-39,
S3,2031,40-44,
S3,2031,45-49,
S3,2031,50-54,
S3,2031,55-59,
S3,2031,60-64,
S3,2031,65-69,
S3,2031,70-74,
S3,2031,75+,
S3,2031,0-8,100421483.96876484
S3,2031,9-14,69979769.57677893
S3,2031,0-17,
S3,2031,18-29,
S3,2031,30-65,
S3,2031,66+,55679708.444350384
S3,2031,15-26,147156305.1773889
S3,2031,27-45,213809160.53807163
S3,2031,46-65,145484049.53444242
S3,2032,00-04,
S3,2032,05-09,
S3,2032,10-14,
S3,2032,15-19,
S3,2032,20-24,
S3,2032,25-29,
S3,2032,30-34,
S3,2032,35-39,
S3,2032,40-44,
S3,2032,45-49,
S3,2032,50-54,
S3,2032,55-59,
S3,2032,60-64,
S3,2032,65-69,
S3,2032,70-74,
S3,2032,75+,
S3,2032,0-8,101150446.1104252
S3,2032,9-14,70506470.13843018
S3,2032,0-17,
S3,2032,18-29,
S3,2032,30-65,
S3,2032,66+,56060322.226601794
S3,2032,15-26,148124407.2426335
S3,2032,27-45,215432157.35247895
S3,2032,46-65,146471091.30475485
S3,2033,00-04,
S3,2033,05-09,
S3,2033,10-14,
S3,2033,15-19,
S3,2033,20-24,
S3,2033,25-29,
S3,2033,30-34,
S3,2033,35-39,
S3,2033,40-44,
S3,2033,45-49,
S3,2033,50-54,
S3,2033,55-59,
S3,2033,60-64,
S3,2033,65-69,
S3,2033,70-74,
S3,2033,75+,
S3,2033,0-8,101880751.99756657
S3,2033,9-14,71033380.07811412
S3,2033,0-17,
S3,2033,18-29,
S3,2033,30-65,
S3,2033,66+,56427504.34392998
S3,2033,15-26,149192197.9303713
S3,2033,27-45,216814194.92984885
S3,2033,46-65,147620477.14276427
S3,2034,00-04,
S3,2034,05-09,
S3,2034,10-14,
S3,2034,15-19,
S3,2034,20-24,
S3,2034,25-29,
S3,2034,30-34,
S3,2034,35-39,
S3,2034,40-44,
S3,2034,45-49,
S3,2034,50-54,
S3,2034,55-59,
S3,2034,60-64,
S3,2034,65-69,
S3,2034,70-74,
S3,2034,75+,
S3,2034,0-8,102597696.30575931
S3,2034,9-14,71577061.23958592
S3,2034,0-17,
S3,2034,18-29,
S3,2034,30-65,
S3,2034,66+,56798243.34389836
S3,2034,15-26,150358666.72196168
S3,2034,27-45,218191628.9694772
S3,2034,46-65,148686253.98034316
S3,2035,00-04,
S3,2035,05-09,
S3,2035,10-14,
S3,2035,15-19,
S3,2035,20-24,
S3,2035,25-29,
S3,2035,30-34,
S3,2035,35-39,
S3,2035,40-44,
S3,2035,45-49,
S3,2035,50-54,
S3,2035,55-59,
S3,2035,60-64,
S3,2035,65-69,
S3,2035,70-74,
S3,2035,75+,
S3,2035,0-8,103340578.08263399
S3,2035,9-14,72097259.12156586
S3,2035,0-17,
S3,2035,18-29,
S3,2035,30-65,
S3,2035,66+,57201345.09890551
S3,2035,15-26,151648718.01759756
S3,2035,27-45,219457157.12695208
S3,2035,46-65,149716212.5628987
S3,2036,00-04,
S3,2036,05-09,
S3,2036,10-14,
S3,2036,15-19,
S3,2036,20-24,
S3,2036,25-29,
S3,2036,30-34,
S3,2036,35-39,
S3,2036,40-44,
S3,2036,45-49,
S3,2036,50-54,
S3,2036,55-59,
S3,2036,60-64,
S3,2036,65-69,
S3,2036,70-74,
S3,2036,75+,
S3,2036,0-8,104074118.54872008
S3,2036,9-14,72629931.68296461
S3,2036,0-17,
S3,2036,18-29,
S3,2036,30-65,
S3,2036,66+,57592423.52546128
S3,2036,15-26,152806014.33141556
S3,2036,27-45,220829319.32816055
S3,2036,46-65,150798124.4376595
S3,2037,00-04,
S3,2037,05-09,
S3,2037,10-14,
S3,2037,15-19,
S3,2037,20-24,
S3,2037,25-29,
S3,2037,30-34,
S3,2037,35-39,
S3,2037,40-44,
S3,2037,45-49,
S3,2037,50-54,
S3,2037,55-59,
S3,2037,60-64,
S3,2037,65-69,
S3,2037,70-74,
S3,2037,75+,
S3,2037,0-8,104735397.93234554
S3,2037,9-14,73105676.72310135
S3,2037,0-17,
S3,2037,18-29,
S3,2037,30-65,
S3,2037,66+,57947661.974641085
S3,2037,15-26,153701970.09376934
S3,2037,27-45,222333273.81690866
S3,2037,46-65,151788094.43612313
S3,2038,00-04,
S3,2038,05-09,
S3,2038,10-14,
S3,2038,15-19,
S3,2038,20-24,
S3,2038,25-29,
S3,2038,30-34,
S3,2038,35-39,
S3,2038,40-44,
S3,2038,45-49,
S3,2038,50-54,
S3,2038,55-59,
S3,2038,60-64,
S3,2038,65-69,
S3,2038,70-74,
S3,2038,75+,
S3,2038,0-8,105369239.6264167
S3,2038,9-14,73560212.65652534
S3,2038,0-17,
S3,2038,18-29,
S3,2038,30-65,
S3,2038,66+,58309934.025280595
S3,2038,15-26,154584062.9886323
S3,2038,27-45,223728437.52849787
S3,2038,46-65,152733452.1885435
S3,2039,00-04,
S3,2039,05-09,
S3,2039,10-14,
S3,2039,15-19,
S3,2039,20-24,
S3,2039,25-29,
S3,2039,30-34,
S3,2039,35-39,
S3,2039,40-44,
S3,2039,45-49,
S3,2039,50-54,
S3,2039,55-59,
S3,2039,60-64,
S3,2039,65-69,
S3,2039,70-74,
S3,2039,75+,
S3,2039,0-8,105961293.22223972
S3,2039,9-14,74008314.20792171
S3,2039,0-17,
S3,2039,18-29,
S3,2039,30-65,
S3,2039,66+,58639684.68573814
S3,2039,15-26,155374768.09291717
S3,2039,27-45,225103927.39506575
S3,2039,46-65,153663558.2849158
S3,2040,00-04,
S3,2040,05-09,
S3,2040,10-14,
S3,2040,15-19,
S3,2040,20-24,
S3,2040,25-29,
S3,2040,30-34,
S3,2040,35-39,
S3,2040,40-44,
S3,2040,45-49,
S3,2040,50-54,
S3,2040,55-59,
S3,2040,60-64,
S3,2040,65-69,
S3,2040,70-74,
S3,2040,75+,
S3,2040,0-8,106517559.51289536
S3,2040,9-14,74447216.16566235
S3,2040,0-17,
S3,2040,18-29,
S3,2040,30-65,
S3,2040,66+,58975018.08303409
S3,2040,15-26,155945911.14123186
S3,2040,27-45,226650836.0059224
S3,2040,46-65,154488047.59735125
S3,2041,00-04,
S3,2041,05-09,
S3,2041,10-14,
S3,2041,15-19,
S3,2041,20-24,
S3,2041,25-29,
S3,2041,30-34,
S3,2041,35-39,
S3,2041,40-44,
S3,2041,45-49,
S3,2041,50-54,
S3,2041,55-59,
S3,2041,60-64,
S3,2041,65-69,
S3,2041,70-74,
S3,2041,75+,
S3,2041,0-8,107064698.07082304
S3,2041,9-14,74852592.46589908
S3,2041,0-17,
S3,2041,18-29,
S3,2041,30-65,
S3,2041,66+,59330966.54990301
S3,2041,15-26,156657785.76196936
S3,2041,27-45,227944235.41462466
S3,2041,46-65,155264208.19642138
S3,2042,00-04,
S3,2042,05-09,
S3,2042,10-14,
S3,2042,15-19,
S3,2042,20-24,
S3,2042,25-29,
S3,2042,30-34,
S3,2042,35-39,
S3,2042,40-44,
S3,2042,45-49,
S3,2042,50-54,
S3,2042,55-59,
S3,2042,60-64,
S3,2042,65-69,
S3,2042,70-74,
S3,2042,75+,
S3,2042,0-8,107598088.9663543
S3,2042,9-14,75225785.0252488
S3,2042,0-17,
S3,2042,18-29,
S3,2042,30-65,
S3,2042,66+,59605522.81379513
S3,2042,15-26,157826171.2485848
S3,2042,27-45,228688459.52412498
S3,2042,46-65,156063137.07447872
S3,2043,00-04,
S3,2043,05-09,
S3,2043,10-14,
S3,2043,15-19,
S3,2043,20-24,
S3,2043,25-29,
S3,2043,30-34,
S3,2043,35-39,
S3,2043,40-44,
S3,2043,45-49,
S3,2043,50-54,
S3,2043,55-59,
S3,2043,60-64,
S3,2043,65-69,
S3,2043,70-74,
S3,2043,75+,
S3,2043,0-8,108088793.5265248
S3,2043,9-14,75593709.56151785
S3,2043,0-17,
S3,2043,18-29,
S3,2043,30-65,
S3,2043,66+,59924324.9218967
S3,2043,15-26,158618013.21783316
S3,2043,27-45,229704838.36786175
S3,2043,46-65,156764257.34641385
S3,2044,00-04,
S3,2044,05-09,
S3,2044,10-14,
S3,2044,15-19,
S3,2044,20-24,
S3,2044,25-29,
S3,2044,30-34,
S3,2044,35-39,
S3,2044,40-44,
S3,2044,45-49,
S3,2044,50-54,
S3,2044,55-59,
S3,2044,60-64,
S3,2044,65-69,
S3,2044,70-74,
S3,2044,75+,
S3,2044,0-8,108544070.4843121
S3,2044,9-14,75948151.13990866
S3,2044,0-17,
S3,2044,18-29,
S3,2044,30-65,
S3,2044,66+,60188423.265114814
S3,2044,15-26,159288774.40381187
S3,2044,27-45,230744527.23482025
S3,2044,46-65,157456751.07106668
S3,2045,00-04,
S3,2045,05-09,
S3,2045,10-14,
S3,2045,15-19,
S3,2045,20-24,
S3,2045,25-29,
S3,2045,30-34,
S3,2045,35-39,
S3,2045,40-44,
S3,2045,45-49,
S3,2045,50-54,
S3,2045,55-59,
S3,2045,60-64,
S3,2045,65-69,
S3,2045,70-74,
S3,2045,75+,
S3,2045,0-8,108973579.11365664
S3,2045,9-14,76286132.66058156
S3,2045,0-17,
S3,2045,18-29,
S3,2045,30-65,
S3,2045,66+,60406284.298084654
S3,2045,15-26,159960607.11238334
S3,2045,27-45,231699134.62006003
S3,2045,46-65,158140400.66536385
S3,2046,00-04,
S3,2046,05-09,
S3,2046,10-14,
S3,2046,15-19,
S3,2046,20-24,
S3,2046,25-29,
S3,2046,30-34,
S3,2046,35-39,
S3,2046,40-44,
S3,2046,45-49,
S3,2046,50-54,
S3,2046,55-59,
S3,2046,60-64,
S3,2046,65-69,
S3,2046,70-74,
S3,2046,75+,
S3,2046,0-8,109387475.4225921
S3,2046,9-14,76594184.55165198
S3,2046,0-17,
S3,2046,18-29,
S3,2046,30-65,
S3,2046,66+,60603081.31360961
S3,2046,15-26,160302608.18797395
S3,2046,27-45,232952378.74017537
S3,2046,46-65,158726303.5948551
S3,2047,00-04,
S3,2047,05-09,
S3,2047,10-14,
S3,2047,15-19,
S3,2047,20-24,
S3,2047,25-29,
S3,2047,30-34,
S3,2047,35-39,
S3,2047,40-44,
S3,2047,45-49,
S3,2047,50-54,
S3,2047,55-59,
S3,2047,60-64,
S3,2047,65-69,
S3,2047,70-74,
S3,2047,75+,
S3,2047,0-8,109782828.51985846
S3,2047,9-14,76875653.53405118
S3,2047,0-17,
S3,2047,18-29,
S3,2047,30-65,
S3,2047,66+,60827813.148181304
S3,2047,15-26,160841599.32747695
S3,2047,27-45,233871465.2104558
S3,2047,46-65,159272803.366121
S3,2048,00-04,
S3,2048,05-09,
S3,2048,10-14,
S3,2048,15-19,
S3,2048,20-24,
S3,2048,25-29,
S3,2048,30-34,
S3,2048,35-39,
S3,2048,40-44,
S3,2048,45-49,
S3,2048,50-54,
S3,2048,55-59,
S3,2048,60-64,
S3,2048,65-69,
S3,2048,70-74,
S3,2048,75+,
S3,2048,0-8,110158080.94229199
S3,2048,9-14,77130977.33544625
S3,2048,0-17,
S3,2048,18-29,
S3,2048,30-65,
S3,2048,66+,61050643.09147173
S3,2048,15-26,161528056.14506269
S3,2048,27-45,234414513.3678017
S3,2048,46-65,159897453.56580067
S3,2049,00-04,
S3,2049,05-09,
S3,2049,10-14,
S3,2049,15-19,
S3,2049,20-24,
S3,2049,25-29,
S3,2049,30-34,
S3,2049,35-39,
S3,2049,40-44,
S3,2049,45-49,
S3,2049,50-54,
S3,2049,55-59,
S3,2049,60-64,
S3,2049,65-69,
S3,2049,70-74,
S3,2049,75+,
S3,2049,0-8,110502591.75905447
S3,2049,9-14,77372863.42023246
S3,2049,0-17,
S3,2049,18-29,
S3,2049,30-65,
S3,2049,66+,61253711.70415502
S3,2049,15-26,162299512.01350284
S3,2049,27-45,234740795.89523867
S3,2049,46-65,160528114.3032098
S3,2050,00-04,
S3,2050,05-09,
S3,2050,10-14,
S3,2050,15-19,
S3,2050,20-24,
S3,2050,25-29,
S3,2050,30-34,
S3,2050,35-39,
S3,2050,40-44,
S3,2050,45-49,
S3,2050,50-54,
S3,2050,55-59,
S3,2050,60-64,
S3,2050,65-69,
S3,2050,70-74,
S3,2050,75+,
S3,2050,0-8,110805878.20102409
S3,2050,9-14,77615548.72193336
S3,2050,0-17,
S3,2050,18-29,
S3,2050,30-65,
S3,2050,66+,61433332.26278389
S3,2050,15-26,162935179.720367
S3,2050,27-45,235174878.61046848
S3,2050,46-65,161077059.12245992
S3,2051,00-04,
S3,2051,05-09,
S3,2051,10-14,
S3,2051,15-19,
S3,2051,20-24,
S3,2051,25-29,
S3,2051,30-34,
S3,2051,35-39,
S3,2051,40-44,
S3,2051,45-49,
S3,2051,50-54,
S3,2051,55-59,
S3,2051,60-64,
S3,2051,65-69,
S3,2051,70-74,
S3,2051,75+,
S3,2051,0-8,111108401.81411055
S3,2051,9-14,77821141.90274563
S3,2051,0-17,
S3,2051,18-29,
S3,2051,30-65,
S3,2051,66+,61627542.18470872
S3,2051,15-26,163383807.45499185
S3,2051,27-45,235699451.38872975
S3,2051,46-65,161583278.26517427
S3,2052,00-04,
S3,2052,05-09,
S3,2052,10-14,
S3,2052,15-19,
S3,2052,20-24,
S3,2052,25-29,
S3,2052,30-34,
S3,2052,35-39,
S3,2052,40-44,
S3,2052,45-49,
S3,2052,50-54,
S3,2052,55-59,
S3,2052,60-64,
S3,2052,65-69,
S3,2052,70-74,
S3,2052,75+,
S3,2052,0-8,111394120.40924738
S3,2052,9-14,78003829.17065455
S3,2052,0-17,
S3,2052,18-29,
S3,2052,30-65,
S3,2052,66+,61770379.99534196
S3,2052,15-26,163751126.78743196
S3,2052,27-45,236294054.1897895
S3,2052,46-65,162021348.46578878
S3,2053,00-04,
S3,2053,05-09,
S3,2053,10-14,
S3,2053,15-19,
S3,2053,20-24,
S3,2053,25-29,
S3,2053,30-34,
S3,2053,35-39,
S3,2053,40-44,
S3,2053,45-49,
S3,2053,50-54,
S3,2053,55-59,
S3,2053,60-64,
S3,2053,65-69,
S3,2053,70-74,
S3,2053,75+,
S3,2053,0-8,111648914.34516454
S3,2053,9-14,78177832.23212792
S3,2053,0-17,
S3,2053,18-29,
S3,2053,30-65,
S3,2053,66+,61975807.46549259
S3,2053,15-26,164097872.43683717
S3,2053,27-45,236866054.2713433
S3,2053,46-65,162309542.15788943
S3,2054,00-04,
S3,2054,05-09,
S3,2054,10-14,
S3,2054,15-19,
S3,2054,20-24,
S3,2054,25-29,
S3,2054,30-34,
S3,2054,35-39,
S3,2054,40-44,
S3,2054,45-49,
S3,2054,50-54,
S3,2054,55-59,
S3,2054,60-64,
S3,2054,65-69,
S3,2054,70-74,
S3,2054,75+,
S3,2054,0-8,111877077.95938632
S3,2054,9-14,78341349.66342965
S3,2054,0-17,
S3,2054,18-29,
S3,2054,30-65,
S3,2054,66+,62124020.683295235
S3,2054,15-26,164402382.24246034
S3,2054,27-45,237468001.08637825
S3,2054,46-65,162544987.0934636
S3,2055,00-04,
S3,2055,05-09,
S3,2055,10-14,
S3,2055,15-19,
S3,2055,20-24,
S3,2055,25-29,
S3,2055,30-34,
S3,2055,35-39,
S3,2055,40-44,
S3,2055,45-49,
S3,2055,50-54,
S3,2055,55-59,
S3,2055,60-64,
S3,2055,65-69,
S3,2055,70-74,
S3,2055,75+,
S3,2055,0-8,112096498.29999885
S3,2055,9-14,78468440.2108812
S3,2055,0-17,
S3,2055,18-29,
S3,2055,30-65,
S3,2055,66+,62253986.258446045
S3,2055,15-26,164683276.94183373
S3,2055,27-45,238032569.55583766
S3,2055,46-65,162710892.14942947
S3,2056,00-04,
S3,2056,05-09,
S3,2056,10-14,
S3,2056,15-19,
S3,2056,20-24,
S3,2056,25-29,
S3,2056,30-34,
S3,2056,35-39,
S3,2056,40-44,
S3,2056,45-49,
S3,2056,50-54,
S3,2056,55-59,
S3,2056,60-64,
S3,2056,65-69,
S3,2056,70-74,
S3,2056,75+,
S3,2056,0-8,112288918.11479391
S3,2056,9-14,78587859.39239234
S3,2056,0-17,
S3,2056,18-29,
S3,2056,30-65,
S3,2056,66+,62389790.38733922
S3,2056,15-26,164947533.75585526
S3,2056,27-45,238384209.888717
S3,2056,46-65,162986322.77305397
S3,2057,00-04,
S3,2057,05-09,
S3,2057,10-14,
S3,2057,15-19,
S3,2057,20-24,
S3,2057,25-29,
S3,2057,30-34,
S3,2057,35-39,
S3,2057,40-44,
S3,2057,45-49,
S3,2057,50-54,
S3,2057,55-59,
S3,2057,60-64,
S3,2057,65-69,
S3,2057,70-74,
S3,2057,75+,
S3,2057,0-8,112473762.35015354
S3,2057,9-14,78676710.20997317
S3,2057,0-17,
S3,2057,18-29,
S3,2057,30-65,
S3,2057,66+,62483521.671192095
S3,2057,15-26,165169520.70878157
S3,2057,27-45,238728848.65522733
S3,2057,46-65,163227459.56277356
S3,2058,00-04,
S3,2058,05-09,
S3,2058,10-14,
S3,2058,15-19,
S3,2058,20-24,
S3,2058,25-29,
S3,2058,30-34,
S3,2058,35-39,
S3,2058,40-44,
S3,2058,45-49,
S3,2058,50-54,
S3,2058,55-59,
S3,2058,60-64,
S3,2058,65-69,
S3,2058,70-74,
S3,2058,75+,
S3,2058,0-8,112627286.48851284
S3,2058,9-14,78762633.77814752
S3,2058,0-17,
S3,2058,18-29,
S3,2058,30-65,
S3,2058,66+,62575895.949486196
S3,2058,15-26,165330140.54529297
S3,2058,27-45,239046053.7608051
S3,2058,46-65,163445950.59773555
S3,2059,00-04,
S3,2059,05-09,
S3,2059,10-14,
S3,2059,15-19,
S3,2059,20-24,
S3,2059,25-29,
S3,2059,30-34,
S3,2059,35-39,
S3,2059,40-44,
S3,2059,45-49,
S3,2059,50-54,
S3,2059,55-59,
S3,2059,60-64,
S3,2059,65-69,
S3,2059,70-74,
S3,2059,75+,
S3,2059,0-8,112747241.640625
S3,2059,9-14,78843096.14218181
S3,2059,0-17,
S3,2059,18-29,
S3,2059,30-65,
S3,2059,66+,62659989.016788766
S3,2059,15-26,165456555.32634667
S3,2059,27-45,239260105.65291816
S3,2059,46-65,163681523.89538732
S3,2060,00-04,
S3,2060,05-09,
S3,2060,10-14,
S3,2060,15-19,
S3,2060,20-24,
S3,2060,25-29,
S3,2060,30-34,
S3,2060,35-39,
S3,2060,40-44,
S3,2060,45-49,
S3,2060,50-54,
S3,2060,55-59,
S3,2060,60-64,
S3,2060,65-69,
S3,2060,70-74,
S3,2060,75+,
S3,2060,0-8,112842566.69778568
S3,2060,9-14,78910167.13603933
S3,2060,0-17,
S3,2060,18-29,
S3,2060,30-65,
S3,2060,66+,62707985.22142444
S3,2060,15-26,165575466.55822855
S3,2060,27-45,239262586.9115117
S3,2060,46-65,164047033.54947647
S3,2061,00-04,
S3,2061,05-09,
S3,2061,10-14,
S3,2061,15-19,
S3,2061,20-24,
S3,2061,25-29,
S3,2061,30-34,
S3,2061,35-39,
S3,2061,40-44,
S3,2061,45-49,
S3,2061,50-54,
S3,2061,55-59,
S3,2061,60-64,
S3,2061,65-69,
S3,2061,70-74,
S3,2061,75+,
S3,2061,0-8,112913810.24429034
S3,2061,9-14,78962296.78968547
S3,2061,0-17,
S3,2061,18-29,
S3,2061,30-65,
S3,2061,66+,62754515.63562737
S3,2061,15-26,165671318.89871588
S3,2061,27-45,239597258.91843212
S3,2061,46-65,163976344.0946726
S3,2062,00-04,
S3,2062,05-09,
S3,2062,10-14,
S3,2062,15-19,
S3,2062,20-24,
S3,2062,25-29,
S3,2062,30-34,
S3,2062,35-39,
S3,2062,40-44,
S3,2062,45-49,
S3,2062,50-54,
S3,2062,55-59,
S3,2062,60-64,
S3,2062,65-69,
S3,2062,70-74,
S3,2062,75+,
S3,2062,0-8,112975276.65884869
S3,2062,9-14,78979668.28628539
S3,2062,0-17,
S3,2062,18-29,
S3,2062,30-65,
S3,2062,66+,62784250.54920898
S3,2062,15-26,165720731.21819216
S3,2062,27-45,239857992.4107316
S3,2062,46-65,163896138.82489777
S3,2063,00-04,
S3,2063,05-09,
S3,2063,10-14,
S3,2063,15-19,
S3,2063,20-24,
S3,2063,25-29,
S3,2063,30-34,
S3,2063,35-39,
S3,2063,40-44,
S3,2063,45-49,
S3,2063,50-54,
S3,2063,55-59,
S3,2063,60-64,
S3,2063,65-69,
S3,2063,70-74,
S3,2063,75+,
S3,2063,0-8,113003744.40183517
S3,2063,9-14,78992275.70740353
S3,2063,0-17,
S3,2063,18-29,
S3,2063,30-65,
S3,2063,66+,62803069.89671939
S3,2063,15-26,165719121.74295205
S3,2063,27-45,239792860.08966345
S3,2063,46-65,164079354.20314133
S3,2064,00-04,
S3,2064,05-09,
S3,2064,10-14,
S3,2064,15-19,
S3,2064,20-24,
S3,2064,25-29,
S3,2064,30-34,
S3,2064,35-39,
S3,2064,40-44,
S3,2064,45-49,
S3,2064,50-54,
S3,2064,55-59,
S3,2064,60-64,
S3,2064,65-69,
S3,2064,70-74,
S3,2064,75+,
S3,2064,0-8,113026580.15894504
S3,2064,9-14,78972280.34447446
S3,2064,0-17,
S3,2064,18-29,
S3,2064,30-65,
S3,2064,66+,62806473.94215387
S3,2064,15-26,165679686.66751176
S3,2064,27-45,240016498.57888556
S3,2064,46-65,163901102.40343097
S3,2065,00-04,
S3,2065,05-09,
S3,2065,10-14,
S3,2065,15-19,
S3,2065,20-24,
S3,2065,25-29,
S3,2065,30-34,
S3,2065,35-39,
S3,2065,40-44,
S3,2065,45-49,
S3,2065,50-54,
S3,2065,55-59,
S3,2065,60-64,
S3,2065,65-69,
S3,2065,70-74,
S3,2065,75+,
S3,2065,0-8,113002018.66288245
S3,2065,9-14,78959533.91435397
S3,2065,0-17,
S3,2065,18-29,
S3,2065,30-65,
S3,2065,66+,62794190.59925188
S3,2065,15-26,165618238.00141674
S3,2065,27-45,239862275.6989898
S3,2065,46-65,164006172.85023105
S3,2066,00-04,
S3,2066,05-09,
S3,2066,10-14,
S3,2066,15-19,
S3,2066,20-24,
S3,2066,25-29,
S3,2066,30-34,
S3,2066,35-39,
S3,2066,40-44,
S3,2066,45-49,
S3,2066,50-54,
S3,2066,55-59,
S3,2066,60-64,
S3,2066,65-69,
S3,2066,70-74,
S3,2066,75+,
S3,2066,0-8,112935931.22495428
S3,2066,9-14,78944414.61109321
S3,2066,0-17,
S3,2066,18-29,
S3,2066,30-65,
S3,2066,66+,62735897.683696784
S3,2066,15-26,165552694.98894277
S3,2066,27-45,239618324.61532715
S3,2066,46-65,164106481.9797112
S3,2067,00-04,
S3,2067,05-09,
S3,2067,10-14,
S3,2067,15-19,
S3,2067,20-24,
S3,2067,25-29,
S3,2067,30-34,
S3,2067,35-39,
S3,2067,40-44,
S3,2067,45-49,
S3,2067,50-54,
S3,2067,55-59,
S3,2067,60-64,
S3,2067,65-69,
S3,2067,70-74,
S3,2067,75+,
S3,2067,0-8,112855132.88260472
S3,2067,9-14,78909355.65097547
S3,2067,0-17,
S3,2067,18-29,
S3,2067,30-65,
S3,2067,66+,62686898.79098641
S3,2067,15-26,165460381.86674345
S3,2067,27-45,239547874.88929164
S3,2067,46-65,163936634.19601563
S3,2068,00-04,
S3,2068,05-09,
S3,2068,10-14,
S3,2068,15-19,
S3,2068,20-24,
S3,2068,25-29,
S3,2068,30-34,
S3,2068,35-39,
S3,2068,40-44,
S3,2068,45-49,
S3,2068,50-54,
S3,2068,55-59,
S3,2068,60-64,
S3,2068,65-69,
S3,2068,70-74,
S3,2068,75+,
S3,2068,0-8,112760248.79042539
S3,2068,9-14,78843951.73985268
S3,2068,0-17,
S3,2068,18-29,
S3,2068,30-65,
S3,2068,66+,62686433.59102234
S3,2068,15-26,165302947.18033937
S3,2068,27-45,239447269.02931342
S3,2068,46-65,163667185.05783555
S3,2069,00-04,
S3,2069,05-09,
S3,2069,10-14,
S3,2069,15-19,
S3,2069,20-24,
S3,2069,25-29,
S3,2069,30-34,
S3,2069,35-39,
S3,2069,40-44,
S3,2069,45-49,
S3,2069,50-54,
S3,2069,55-59,
S3,2069,60-64,
S3,2069,65-69,
S3,2069,70-74,
S3,2069,75+,
S3,2069,0-8,112636704.60095893
S3,2069,9-14,78763428.37820871
S3,2069,0-17,
S3,2069,18-29,
S3,2069,30-65,
S3,2069,66+,62689276.016048156
S3,2069,15-26,165112864.5093507
S3,2069,27-45,239300660.63445613
S3,2069,46-65,163328878.21500996
S3,2070,00-04,
S3,2070,05-09,
S3,2070,10-14,
S3,2070,15-19,
S3,2070,20-24,
S3,2070,25-29,
S3,2070,30-34,
S3,2070,35-39,
S3,2070,40-44,
S3,2070,45-49,
S3,2070,50-54,
S3,2070,55-59,
S3,2070,60-64,
S3,2070,65-69,
S3,2070,70-74,
S3,2070,75+,
S3,2070,0-8,112484595.77068289
S3,2070,9-14,78669725.90888363
S3,2070,0-17,
S3,2070,18-29,
S3,2070,30-65,
S3,2070,66+,62650076.5147614
S3,2070,15-26,164903959.35926187
S3,2070,27-45,239053519.11306643
S3,2070,46-65,163014473.79869375
S3,2071,00-04,
S3,2071,05-09,
S3,2071,10-14,
S3,2071,15-19,
S3,2071,20-24,
S3,2071,25-29,
S3,2071,30-34,
S3,2071,35-39,
S3,2071,40-44,
S3,2071,45-49,
S3,2071,50-54,
S3,2071,55-59,
S3,2071,60-64,
S3,2071,65-69,
S3,2071,70-74,
S3,2071,75+,
S3,2071,0-8,112324523.23352252
S3,2071,9-14,78542630.09890413
S3,2071,0-17,
S3,2071,18-29,
S3,2071,30-65,
S3,2071,66+,62604948.74195713
S3,2071,15-26,164665490.51346606
S3,2071,27-45,238673419.92220291
S3,2071,46-65,162732297.62503597
S3,2072,00-04,
S3,2072,05-09,
S3,2072,10-14,
S3,2072,15-19,
S3,2072,20-24,
S3,2072,25-29,
S3,2072,30-34,
S3,2072,35-39,
S3,2072,40-44,
S3,2072,45-49,
S3,2072,50-54,
S3,2072,55-59,
S3,2072,60-64,
S3,2072,65-69,
S3,2072,70-74,
S3,2072,75+,
S3,2072,0-8,112118694.43016747
S3,2072,9-14,78424201.20901166
S3,2072,0-17,
S3,2072,18-29,
S3,2072,30-65,
S3,2072,66+,62512996.98134016
S3,2072,15-26,164389364.35635033
S3,2072,27-45,238254608.51478535
S3,2072,46-65,162451150.48165092
S3,2073,00-04,
S3,2073,05-09,
S3,2073,10-14,
S3,2073,15-19,
S3,2073,20-24,
S3,2073,25-29,
S3,2073,30-34,
S3,2073,35-39,
S3,2073,40-44,
S3,2073,45-49,
S3,2073,50-54,
S3,2073,55-59,
S3,2073,60-64,
S3,2073,65-69,
S3,2073,70-74,
S3,2073,75+,
S3,2073,0-8,111901414.41863053
S3,2073,9-14,78275353.86017297
S3,2073,0-17,
S3,2073,18-29,
S3,2073,30-65,
S3,2073,66+,62388168.5168568
S3,2073,15-26,164078327.125315
S3,2073,27-45,237776824.51008445
S3,2073,46-65,162158853.8584591
S3,2074,00-04,
S3,2074,05-09,
S3,2074,10-14,
S3,2074,15-19,
S3,2074,20-24,
S3,2074,25-29,
S3,2074,30-34,
S3,2074,35-39,
S3,2074,40-44,
S3,2074,45-49,
S3,2074,50-54,
S3,2074,55-59,
S3,2074,60-64,
S3,2074,65-69,
S3,2074,70-74,
S3,2074,75+,
S3,2074,0-8,111649214.03166854
S3,2074,9-14,78127908.21705733
S3,2074,0-17,
S3,2074,18-29,
S3,2074,30-65,
S3,2074,66+,62221394.66726262
S3,2074,15-26,163739107.17060497
S3,2074,27-45,237254170.24061725
S3,2074,46-65,161871152.17857203
S3,2075,00-04,
S3,2075,05-09,
S3,2075,10-14,
S3,2075,15-19,
S3,2075,20-24,
S3,2075,25-29,
S3,2075,30-34,
S3,2075,35-39,
S3,2075,40-44,
S3,2075,45-49,
S3,2075,50-54,
S3,2075,55-59,
S3,2075,60-64,
S3,2075,65-69,
S3,2075,70-74,
S3,2075,75+,
S3,2075,0-8,111383755.17074716
S3,2075,9-14,77956315.64372003
S3,2075,0-17,
S3,2075,18-29,
S3,2075,30-65,
S3,2075,66+,62026786.353077315
S3,2075,15-26,163392640.75375178
S3,2075,27-45,236673409.93794343
S3,2075,46-65,161553431.9445621
S3,2076,00-04,
S3,2076,05-09,
S3,2076,10-14,
S3,2076,15-19,
S3,2076,20-24,
S3,2076,25-29,
S3,2076,30-34,
S3,2076,35-39,
S3,2076,40-44,
S3,2076,45-49,
S3,2076,50-54,
S3,2076,55-59,
S3,2076,60-64,
S3,2076,65-69,
S3,2076,70-74,
S3,2076,75+,
S3,2076,0-8,111090622.20201676
S3,2076,9-14,77774566.08185956
S3,2076,0-17,
S3,2076,18-29,
S3,2076,30-65,
S3,2076,66+,61893000.13621958
S3,2076,15-26,163014685.16424233
S3,2076,27-45,236046246.63772693
S3,2076,46-65,161128174.12917566
S3,2077,00-04,
S3,2077,05-09,
S3,2077,10-14,
S3,2077,15-19,
S3,2077,20-24,
S3,2077,25-29,
S3,2077,30-34,
S3,2077,35-39,
S3,2077,40-44,
S3,2077,45-49,
S3,2077,50-54,
S3,2077,55-59,
S3,2077,60-64,
S3,2077,65-69,
S3,2077,70-74,
S3,2077,75+,
S3,2077,0-8,110793271.25029483
S3,2077,9-14,77566046.82083593
S3,2077,0-17,
S3,2077,18-29,
S3,2077,30-65,
S3,2077,66+,61734082.936747395
S3,2077,15-26,162603265.683954
S3,2077,27-45,235372374.9628874
S3,2077,46-65,160706152.67085487
S3,2078,00-04,
S3,2078,05-09,
S3,2078,10-14,
S3,2078,15-19,
S3,2078,20-24,
S3,2078,25-29,
S3,2078,30-34,
S3,2078,35-39,
S3,2078,40-44,
S3,2078,45-49,
S3,2078,50-54,
S3,2078,55-59,
S3,2078,60-64,
S3,2078,65-69,
S3,2078,70-74,
S3,2078,75+,
S3,2078,0-8,110476484.94746722
S3,2078,9-14,77344929.11782509
S3,2078,0-17,
S3,2078,18-29,
S3,2078,30-65,
S3,2078,66+,61572021.788638696
S3,2078,15-26,162145191.67947897
S3,2078,27-45,234668555.52519482
S3,2078,46-65,160258364.8884122
S3,2079,00-04,
S3,2079,05-09,
S3,2079,10-14,
S3,2079,15-19,
S3,2079,20-24,
S3,2079,25-29,
S3,2079,30-34,
S3,2079,35-39,
S3,2079,40-44,
S3,2079,45-49,
S3,2079,50-54,
S3,2079,55-59,
S3,2079,60-64,
S3,2079,65-69,
S3,2079,70-74,
S3,2079,75+,
S3,2079,0-8,110152221.17063138
S3,2079,9-14,77100673.91665998
S3,2079,0-17,
S3,2079,18-29,
S3,2079,30-65,
S3,2079,66+,61424982.26299251
S3,2079,15-26,161654313.58067077
S3,2079,27-45,233945109.0933101
S3,2079,46-65,159747147.3092067
S3,2080,00-04,
S3,2080,05-09,
S3,2080,10-14,
S3,2080,15-19,
S3,2080,20-24,
S3,2080,25-29,
S3,2080,30-34,
S3,2080,35-39,
S3,2080,40-44,
S3,2080,45-49,
S3,2080,50-54,
S3,2080,55-59,
S3,2080,60-64,
S3,2080,65-69,
S3,2080,70-74,
S3,2080,75+,
S3,2080,0-8,109794865.96417148
S3,2080,9-14,76859931.42141488
S3,2080,0-17,
S3,2080,18-29,
S3,2080,30-65,
S3,2080,66+,61331438.213408336
S3,2080,15-26,161138905.2744568
S3,2080,27-45,233187849.3469635
S3,2080,46-65,159143351.69689935
S3,2081,00-04,
S3,2081,05-09,
S3,2081,10-14,
S3,2081,15-19,
S3,2081,20-24,
S3,2081,25-29,
S3,2081,30-34,
S3,2081,35-39,
S3,2081,40-44,
S3,2081,45-49,
S3,2081,50-54,
S3,2081,55-59,
S3,2081,60-64,
S3,2081,65-69,
S3,2081,70-74,
S3,2081,75+,
S3,2081,0-8,109414518.66028641
S3,2081,9-14,76613841.99066512
S3,2081,0-17,
S3,2081,18-29,
S3,2081,30-65,
S3,2081,66+,61048996.880804285
S3,2081,15-26,160600647.52424884
S3,2081,27-45,232395704.6833756
S3,2081,46-65,158692844.92994854
S3,2082,00-04,
S3,2082,05-09,
S3,2082,10-14,
S3,2082,15-19,
S3,2082,20-24,
S3,2082,25-29,
S3,2082,30-34,
S3,2082,35-39,
S3,2082,40-44,
S3,2082,45-49,
S3,2082,50-54,
S3,2082,55-59,
S3,2082,60-64,
S3,2082,65-69,
S3,2082,70-74,
S3,2082,75+,
S3,2082,0-8,109043478.0449546
S3,2082,9-14,76333299.52956577
S3,2082,0-17,
S3,2082,18-29,
S3,2082,30-65,
S3,2082,66+,60771314.90023512
S3,2082,15-26,160072766.75503278
S3,2082,27-45,231534532.38918018
S3,2082,46-65,158213402.71306264
S3,2083,00-04,
S3,2083,05-09,
S3,2083,10-14,
S3,2083,15-19,
S3,2083,20-24,
S3,2083,25-29,
S3,2083,30-34,
S3,2083,35-39,
S3,2083,40-44,
S3,2083,45-49,
S3,2083,50-54,
S3,2083,55-59,
S3,2083,60-64,
S3,2083,65-69,
S3,2083,70-74,
S3,2083,75+,
S3,2083,0-8,108649540.399492
S3,2083,9-14,76054356.87624067
S3,2083,0-17,
S3,2083,18-29,
S3,2083,30-65,
S3,2083,66+,60621735.78877114
S3,2083,15-26,159515467.5029482
S3,2083,27-45,230651908.2115653
S3,2083,46-65,157586579.4336523
S3,2084,00-04,
S3,2084,05-09,
S3,2084,10-14,
S3,2084,15-19,
S3,2084,20-24,
S3,2084,25-29,
S3,2084,30-34,
S3,2084,35-39,
S3,2084,40-44,
S3,2084,45-49,
S3,2084,50-54,
S3,2084,55-59,
S3,2084,60-64,
S3,2084,65-69,
S3,2084,70-74,
S3,2084,75+,
S3,2084,0-8,108239771.81980695
S3,2084,9-14,75766258.67925838
S3,2084,0-17,
S3,2084,18-29,
S3,2084,30-65,
S3,2084,66+,60313846.5531491
S3,2084,15-26,158908945.21336251
S3,2084,27-45,229765388.2711719
S3,2084,46-65,157088884.88919622
S3,2085,00-04,
S3,2085,05-09,
S3,2085,10-14,
S3,2085,15-19,
S3,2085,20-24,
S3,2085,25-29,
S3,2085,30-34,
S3,2085,35-39,
S3,2085,40-44,
S3,2085,45-49,
S3,2085,50-54,
S3,2085,55-59,
S3,2085,60-64,
S3,2085,65-69,
S3,2085,70-74,
S3,2085,75+,
S3,2085,0-8,107829661.06746346
S3,2085,9-14,75459625.18052767
S3,2085,0-17,
S3,2085,18-29,
S3,2085,30-65,
S3,2085,66+,60141322.575853966
S3,2085,15-26,158266847.24997464
S3,2085,27-45,228885327.46010858
S3,2085,46-65,156422763.21069592
S3,2086,00-04,
S3,2086,05-09,
S3,2086,10-14,
S3,2086,15-19,
S3,2086,20-24,
S3,2086,25-29,
S3,2086,30-34,
S3,2086,35-39,
S3,2086,40-44,
S3,2086,45-49,
S3,2086,50-54,
S3,2086,55-59,
S3,2086,60-64,
S3,2086,65-69,
S3,2086,70-74,
S3,2086,75+,
S3,2086,0-8,107392973.16168137
S3,2086,9-14,75156061.27060506
S3,2086,0-17,
S3,2086,18-29,
S3,2086,30-65,
S3,2086,66+,59961053.345931455
S3,2086,15-26,157613106.95309716
S3,2086,27-45,227984015.5539238
S3,2086,46-65,155719851.25234964
S3,2087,00-04,
S3,2087,05-09,
S3,2087,10-14,
S3,2087,15-19,
S3,2087,20-24,
S3,2087,25-29,
S3,2087,30-34,
S3,2087,35-39,
S3,2087,40-44,
S3,2087,45-49,
S3,2087,50-54,
S3,2087,55-59,
S3,2087,60-64,
S3,2087,65-69,
S3,2087,70-74,
S3,2087,75+,
S3,2087,0-8,106939986.9882242
S3,2087,9-14,74852114.73462486
S3,2087,0-17,
S3,2087,18-29,
S3,2087,30-65,
S3,2087,66+,59677083.453555
S3,2087,15-26,156945883.32501638
S3,2087,27-45,227044372.18771863
S3,2087,46-65,155117511.4010612
S3,2088,00-04,
S3,2088,05-09,
S3,2088,10-14,
S3,2088,15-19,
S3,2088,20-24,
S3,2088,25-29,
S3,2088,30-34,
S3,2088,35-39,
S3,2088,40-44,
S3,2088,45-49,
S3,2088,50-54,
S3,2088,55-59,
S3,2088,60-64,
S3,2088,65-69,
S3,2088,70-74,
S3,2088,75+,
S3,2088,0-8,106501277.46615982
S3,2088,9-14,74523579.29250666
S3,2088,0-17,
S3,2088,18-29,
S3,2088,30-65,
S3,2088,66+,59390447.10120683
S3,2088,15-26,156276368.59548017
S3,2088,27-45,226085157.6723226
S3,2088,46-65,154505733.86770338
S3,2089,00-04,
S3,2089,05-09,
S3,2089,10-14,
S3,2089,15-19,
S3,2089,20-24,
S3,2089,25-29,
S3,2089,30-34,
S3,2089,35-39,
S3,2089,40-44,
S3,2089,45-49,
S3,2089,50-54,
S3,2089,55-59,
S3,2089,60-64,
S3,2089,65-69,
S3,2089,70-74,
S3,2089,75+,
S3,2089,0-8,106046448.63518961
S3,2089,9-14,74192949.2233536
S3,2089,0-17,
S3,2089,18-29,
S3,2089,30-65,
S3,2089,66+,59092419.794758886
S3,2089,15-26,155600810.5759239
S3,2089,27-45,225100365.21039245
S3,2089,46-65,153876975.66060403
S3,2090,00-04,
S3,2090,05-09,
S3,2090,10-14,
S3,2090,15-19,
S3,2090,20-24,
S3,2090,25-29,
S3,2090,30-34,
S3,2090,35-39,
S3,2090,40-44,
S3,2090,45-49,
S3,2090,50-54,
S3,2090,55-59,
S3,2090,60-64,
S3,2090,65-69,
S3,2090,70-74,
S3,2090,75+,
S3,2090,0-8,105573500.43464881
S3,2090,9-14,73866534.95022066
S3,2090,0-17,
S3,2090,18-29,
S3,2090,30-65,
S3,2090,66+,58803823.194320135
S3,2090,15-26,154904332.64150143
S3,2090,27-45,224112366.17503494
S3,2090,46-65,153217117.79622334
S3,2091,00-04,
S3,2091,05-09,
S3,2091,10-14,
S3,2091,15-19,
S3,2091,20-24,
S3,2091,25-29,
S3,2091,30-34,
S3,2091,35-39,
S3,2091,40-44,
S3,2091,45-49,
S3,2091,50-54,
S3,2091,55-59,
S3,2091,60-64,
S3,2091,65-69,
S3,2091,70-74,
S3,2091,75+,
S3,2091,0-8,105115177.48201807
S3,2091,9-14,73510756.9852445
S3,2091,0-17,
S3,2091,18-29,
S3,2091,30-65,
S3,2091,66+,58543283.88743359
S3,2091,15-26,154198853.16196045
S3,2091,27-45,223096271.81564936
S3,2091,46-65,152517754.18087152
S3,2092,00-04,
S3,2092,05-09,
S3,2092,10-14,
S3,2092,15-19,
S3,2092,20-24,
S3,2092,25-29,
S3,2092,30-34,
S3,2092,35-39,
S3,2092,40-44,
S3,2092,45-49,
S3,2092,50-54,
S3,2092,55-59,
S3,2092,60-64,
S3,2092,65-69,
S3,2092,70-74,
S3,2092,75+,
S3,2092,0-8,104626402.13125819
S3,2092,9-14,73176519.86514314
S3,2092,0-17,
S3,2092,18-29,
S3,2092,30-65,
S3,2092,66+,58278803.374480724
S3,2092,15-26,153471344.2100758
S3,2092,27-45,222091759.4978353
S3,2092,46-65,151803426.42502937
S3,2093,00-04,
S3,2093,05-09,
S3,2093,10-14,
S3,2093,15-19,
S3,2093,20-24,
S3,2093,25-29,
S3,2093,30-34,
S3,2093,35-39,
S3,2093,40-44,
S3,2093,45-49,
S3,2093,50-54,
S3,2093,55-59,
S3,2093,60-64,
S3,2093,65-69,
S3,2093,70-74,
S3,2093,75+,
S3,2093,0-8,104149195.70891842
S3,2093,9-14,72825810.78800377
S3,2093,0-17,
S3,2093,18-29,
S3,2093,30-65,
S3,2093,66+,58015030.8423969
S3,2093,15-26,152743883.22615084
S3,2093,27-45,221068454.41853243
S3,2093,46-65,151090985.93943357
S3,2094,00-04,
S3,2094,05-09,
S3,2094,10-14,
S3,2094,15-19,
S3,2094,20-24,
S3,2094,25-29,
S3,2094,30-34,
S3,2094,35-39,
S3,2094,40-44,
S3,2094,45-49,
S3,2094,50-54,
S3,2094,55-59,
S3,2094,60-64,
S3,2094,65-69,
S3,2094,70-74,
S3,2094,75+,
S3,2094,0-8,103659020.45553455
S3,2094,9-14,72474227.29003677
S3,2094,0-17,
S3,2094,18-29,
S3,2094,30-65,
S3,2094,66+,57747620.050414994
S3,2094,15-26,151993683.0115847
S3,2094,27-45,220048480.7145819
S3,2094,46-65,150355994.81634912
S3,2095,00-04,
S3,2095,05-09,
S3,2095,10-14,
S3,2095,15-19,
S3,2095,20-24,
S3,2095,25-29,
S3,2095,30-34,
S3,2095,35-39,
S3,2095,40-44,
S3,2095,45-49,
S3,2095,50-54,
S3,2095,55-59,
S3,2095,60-64,
S3,2095,65-69,
S3,2095,70-74,
S3,2095,75+,
S3,2095,0-8,103166331.83795336
S3,2095,9-14,72118282.54913023
S3,2095,0-17,
S3,2095,18-29,
S3,2095,30-65,
S3,2095,66+,57471967.910075516
S3,2095,15-26,151241518.7915592
S3,2095,27-45,219023932.27322575
S3,2095,46-65,149613140.27815905
S3,2096,00-04,
S3,2096,05-09,
S3,2096,10-14,
S3,2096,15-19,
S3,2096,20-24,
S3,2096,25-29,
S3,2096,30-34,
S3,2096,35-39,
S3,2096,40-44,
S3,2096,45-49,
S3,2096,50-54,
S3,2096,55-59,
S3,2096,60-64,
S3,2096,65-69,
S3,2096,70-74,
S3,2096,75+,
S3,2096,0-8,102657633.10535485
S3,2096,9-14,71772043.04633231
S3,2096,0-17,
S3,2096,18-29,
S3,2096,30-65,
S3,2096,66+,57193323.68638629
S3,2096,15-26,150494720.43909085
S3,2096,27-45,217975485.4659798
S3,2096,46-65,148871043.38656133
S3,2097,00-04,
S3,2097,05-09,
S3,2097,10-14,
S3,2097,15-19,
S3,2097,20-24,
S3,2097,25-29,
S3,2097,30-34,
S3,2097,35-39,
S3,2097,40-44,
S3,2097,45-49,
S3,2097,50-54,
S3,2097,55-59,
S3,2097,60-64,
S3,2097,65-69,
S3,2097,70-74,
S3,2097,75+,
S3,2097,0-8,102148588.60024203
S3,2097,9-14,71423917.64329521
S3,2097,0-17,
S3,2097,18-29,
S3,2097,30-65,
S3,2097,66+,56920284.607516564
S3,2097,15-26,149770827.35193762
S3,2097,27-45,216898551.37328267
S3,2097,46-65,148121572.7108008
S3,2098,00-04,
S3,2098,05-09,
S3,2098,10-14,
S3,2098,15-19,
S3,2098,20-24,
S3,2098,25-29,
S3,2098,30-34,
S3,2098,35-39,
S3,2098,40-44,
S3,2098,45-49,
S3,2098,50-54,
S3,2098,55-59,
S3,2098,60-64,
S3,2098,65-69,
S3,2098,70-74,
S3,2098,75+,
S3,2098,0-8,101638336.93481961
S3,2098,9-14,71072916.10457267
S3,2098,0-17,
S3,2098,18-29,
S3,2098,30-65,
S3,2098,66+,56649676.45767425
S3,2098,15-26,149027784.47191614
S3,2098,27-45,215820036.232048
S3,2098,46-65,147376952.43141568
S3,2099,00-04,
S3,2099,05-09,
S3,2099,10-14,
S3,2099,15-19,
S3,2099,20-24,
S3,2099,25-29,
S3,2099,30-34,
S3,2099,35-39,
S3,2099,40-44,
S3,2099,45-49,
S3,2099,50-54,
S3,2099,55-59,
S3,2099,60-64,
S3,2099,65-69,
S3,2099,70-74,
S3,2099,75+,
S3,2099,0-8,101117534.60075875
S3,2099,9-14,70725387.41439602
S3,2099,0-17,
S3,2099,18-29,
S3,2099,30-65,
S3,2099,66+,56371388.680075176
S3,2099,15-26,148268466.84045726
S3,2099,27-45,214750398.6885901
S3,2099,46-65,146624096.0864929
S3,2100,00-04,
S3,2100,05-09,
S3,2100,10-14,
S3,2100,15-19,
S3,2100,20-24,
S3,2100,25-29,
S3,2100,30-34,
S3,2100,35-39,
S3,2100,40-44,
S3,2100,45-49,
S3,2100,50-54,
S3,2100,55-59,
S3,2100,60-64,
S3,2100,65-69,
S3,2100,70-74,
S3,2100,75+,
S3,2100,0-8,100605288.60629581
S3,2100,9-14,70370267.53148133
S3,2100,0-17,
S3,2100,18-29,
S3,2100,30-65,
S3,2100,66+,56091599.61515148
S3,2100,15-26,147520922.52050585
S3,2100,27-45,213659283.47572872
S3,2100,46-65,145885624.3770365
