scheme,year,band,females
S0,1950,00-04,24694668.4621128
S0,1950,05-09,19654381.27507922
S0,1950,10-14,18596033.44359268
S0,1950,15-19,16659794.44249642
S0,1950,20-24,14592569.02087413
S0,1950,25-29,12832909.62088658
S0,1950,30-34,11443040.17045733
S0,1950,35-39,10003466.73737686
S0,1950,40-44,8735326.058504708
S0,1950,45-49,6882738.658426161
S0,1950,50-54,6051233.247535275
S0,1950,55-59,4206953.869285121
S0,1950,60-64,3752303.44484752
S0,1950,65-69,2063501.3948209812
S0,1950,70-74,1618193.733198231
S0,1950,75+,1581319.8074493988
S0,1950,0-8,
S0,1950,9-14,
S0,1950,0-17,
S0,1950,18-29,
S0,1950,30-65,
S0,1950,66+,
S0,1950,15-26,
S0,1950,27-45,
S0,1950,46-65,
S0,1951,00-04,25729316.91172876
S0,1951,05-09,19942810.93604979
S0,1951,10-14,18745684.03575092
S0,1951,15-19,16945557.5819275
S0,1951,20-24,14874550.66914646
S0,1951,25-29,13035534.19921096
S0,1951,30-34,11615750.72224103
S0,1951,35-39,10142155.66953764
S0,1951,40-44,8963628.749274597
S0,1951,45-49,7034090.865024463
S0,1951,50-54,6235673.845482533
S0,1951,55-59,4315036.43006249
S0,1951,60-64,3846416.213875389
S0,1951,65-69,2176374.42627954
S0,1951,70-74,1606493.878066129
S0,1951,75+,1584315.3378693203
S0,1951,0-8,
S0,1951,9-14,
S0,1951,0-17,
S0,1951,18-29,
S0,1951,30-65,
S0,1951,66+,
S0,1951,15-26,
S0,1951,27-45,
S0,1951,46-65,
S0,1952,00-04,26810428.80265086
S0,1952,05-09,20315893.96772347
S0,1952,10-14,18837094.26612554
S0,1952,15-19,17251250.68827966
S0,1952,20-24,15185982.64847534
S0,1952,25-29,13262512.30893251
S0,1952,30-34,11790818.86078383
S0,1952,35-39,10304559.46806346
S0,1952,40-44,9135622.548904749
S0,1952,45-49,7284132.335697055
S0,1952,50-54,6304240.340955511
S0,1952,55-59,4551113.912471991
S0,1952,60-64,3829732.471691245
S0,1952,65-69,2387986.331511086
S0,1952,70-74,1552220.070352282
S0,1952,75+,1603752.8337099205
S0,1952,0-8,
S0,1952,9-14,
S0,1952,0-17,
S0,1952,18-29,
S0,1952,30-65,
S0,1952,66+,
S0,1952,15-26,
S0,1952,27-45,
S0,1952,46-65,
S0,1953,00-04,27991622.06043897
S0,1953,05-09,20735781.34160788
S0,1953,10-14,18897043.28195884
S0,1953,15-19,17562273.82781604
S0,1953,20-24,15513530.9638406
S0,1953,25-29,13507063.87848289
S0,1953,30-34,11964775.106636569
S0,1953,35-39,10488655.51055989
S0,1953,40-44,9254204.548518619
S0,1953,45-49,7605649.243674969
S0,1953,50-54,6291842.975081312
S0,1953,55-59,4896707.669135545
S0,1953,60-64,3717655.372934732
S0,1953,65-69,2657211.619535636
S0,1953,70-74,1493559.593299255
S0,1953,75+,1628914.154911814
S0,1953,0-8,
S0,1953,9-14,
S0,1953,0-17,
S0,1953,18-29,
S0,1953,30-65,
S0,1953,66+,
S0,1953,15-26,
S0,1953,27-45,
S0,1953,46-65,
S0,1954,00-04,29299988.08020514
S0,1954,05-09,21138282.03411839
S0,1954,10-14,18982626.55336889
S0,1954,15-19,17827534.29356287
S0,1954,20-24,15826752.81062507
S0,1954,25-29,13751867.15623869
S0,1954,30-34,12132030.92816874
S0,1954,35-39,10671231.63416551
S0,1954,40-44,9350783.118488299
S0,1954,45-49,7934704.683223098
S0,1954,50-54,6275875.668727148
S0,1954,55-59,5242578.97015679
S0,1954,60-64,3616109.8371195
S0,1954,65-69,2904848.677095997
S0,1954,70-74,1466987.184549441
S0,1954,75+,1648271.5563094579
S0,1954,0-8,
S0,1954,9-14,
S0,1954,0-17,
S0,1954,18-29,
S0,1954,30-65,
S0,1954,66+,
S0,1954,15-26,
S0,1954,27-45,
S0,1954,46-65,
S0,1955,00-04,30246714.40649385
S0,1955,05-09,22028378.54241851
S0,1955,10-14,19175868.44567899
S0,1955,15-19,18026788.76884415
S0,1955,20-24,16143678.34125999
S0,1955,25-29,14029756.181331448
S0,1955,30-34,12328580.15549455
S0,1955,35-39,10852523.953379221
S0,1955,40-44,9480519.976944543
S0,1955,45-49,8200084.54965277
S0,1955,50-54,6363327.204794841
S0,1955,55-59,5479693.552192749
S0,1955,60-64,3644403.569319049
S0,1955,65-69,3045402.314333075
S0,1955,70-74,1517787.037745956
S0,1955,75+,1654249.5115314396
S0,1955,0-8,
S0,1955,9-14,
S0,1955,0-17,
S0,1955,18-29,
S0,1955,30-65,
S0,1955,66+,
S0,1955,15-26,
S0,1955,27-45,
S0,1955,46-65,
S0,1956,00-04,31143317.221774988
S0,1956,05-09,23013600.7080153
S0,1956,10-14,19464351.66772673
S0,1956,15-19,18180257.03566399
S0,1956,20-24,16434693.58105792
S0,1956,25-29,14318448.031214602
S0,1956,30-34,12539403.231718592
S0,1956,35-39,11030461.78409101
S0,1956,40-44,9623440.162449408
S0,1956,45-49,8423359.68527932
S0,1956,50-54,6511966.788168069
S0,1956,55-59,5652689.638721082
S0,1956,60-64,3747918.525115098
S0,1956,65-69,3125245.3940968486
S0,1956,70-74,1610023.0973777333
S0,1956,75+,1656899.6901204688
S0,1956,0-8,
S0,1956,9-14,
S0,1956,0-17,
S0,1956,18-29,
S0,1956,30-65,
S0,1956,66+,
S0,1956,15-26,
S0,1956,27-45,
S0,1956,46-65,
S0,1957,00-04,32004520.03271241
S0,1957,05-09,24067811.21544157
S0,1957,10-14,19836072.02507944
S0,1957,15-19,18279773.79483423
S0,1957,20-24,16743926.900279637
S0,1957,25-29,14629838.83480712
S0,1957,30-34,12767628.63333952
S0,1957,35-39,11206343.4918238
S0,1957,40-44,9786139.103773085
S0,1957,45-49,8592434.988716112
S0,1957,50-54,6751006.744157737
S0,1957,55-59,5720849.475885435
S0,1957,60-64,3962286.6800053148
S0,1957,65-69,3116096.393206288
S0,1957,70-74,1774221.98540525
S0,1957,75+,1640736.8559993359
S0,1957,0-8,
S0,1957,9-14,
S0,1957,0-17,
S0,1957,18-29,
S0,1957,30-65,
S0,1957,66+,
S0,1957,15-26,
S0,1957,27-45,
S0,1957,46-65,
S0,1958,00-04,32795186.2495508
S0,1958,05-09,25218099.11363939
S0,1958,10-14,20247406.05123298
S0,1958,15-19,18324681.16380533
S0,1958,20-24,17016287.14304384
S0,1958,25-29,14916027.404743139
S0,1958,30-34,12981958.71564319
S0,1958,35-39,11360465.667774841
S0,1958,40-44,9955891.580043366
S0,1958,45-49,8702804.726926642
S0,1958,50-54,7050542.106905015
S0,1958,55-59,5712789.800296858
S0,1958,60-64,4268319.966675065
S0,1958,65-69,3029187.270975472
S0,1958,70-74,1979103.92199619
S0,1958,75+,1624423.5709169172
S0,1958,0-8,
S0,1958,9-14,
S0,1958,0-17,
S0,1958,18-29,
S0,1958,30-65,
S0,1958,66+,
S0,1958,15-26,
S0,1958,27-45,
S0,1958,46-65,
S0,1959,00-04,33521060.43984037
S0,1959,05-09,26511775.71852438
S0,1959,10-14,20654615.67231745
S0,1959,15-19,18430847.59757136
S0,1959,20-24,17305703.24643907
S0,1959,25-29,15250573.00930104
S0,1959,30-34,13244386.26395317
S0,1959,35-39,11540772.52568705
S0,1959,40-44,10145594.71121106
S0,1959,45-49,8806505.570202528
S0,1959,50-54,7365997.55747468
S0,1959,55-59,5708164.642154547
S0,1959,60-64,4577431.981763467
S0,1959,65-69,2955483.7369394666
S0,1959,70-74,2167367.440931907
S0,1959,75+,1626507.767363292
S0,1959,0-8,
S0,1959,9-14,
S0,1959,0-17,
S0,1959,18-29,
S0,1959,30-65,
S0,1959,66+,
S0,1959,15-26,
S0,1959,27-45,
S0,1959,46-65,
S0,1960,00-04,34190030.15038795
S0,1960,05-09,27436482.35101592
S0,1960,10-14,21529961.330825657
S0,1960,15-19,18628122.82661412
S0,1960,20-24,17507786.60268318
S0,1960,25-29,15562576.20080839
S0,1960,30-34,13517295.59496376
S0,1960,35-39,11733521.171552338
S0,1960,40-44,10323634.04246602
S0,1960,45-49,8934216.605826255
S0,1960,50-54,7617507.530202231
S0,1960,55-59,5794553.362883748
S0,1960,60-64,4788859.012115949
S0,1960,65-69,2987544.010375981
S0,1960,70-74,2273294.426195804
S0,1960,75+,1669827.415067236
S0,1960,0-8,
S0,1960,9-14,
S0,1960,0-17,
S0,1960,18-29,
S0,1960,30-65,
S0,1960,66+,
S0,1960,15-26,
S0,1960,27-45,
S0,1960,46-65,
S0,1961,00-04,34888635.69635677
S0,1961,05-09,28315343.35567297
S0,1961,10-14,22500294.11654068
S0,1961,15-19,18919425.97387869
S0,1961,20-24,17670218.39195506
S0,1961,25-29,15855812.005703632
S0,1961,30-34,13805594.86121817
S0,1961,35-39,11943120.718528401
S0,1961,40-44,10500567.658460218
S0,1961,45-49,9075591.742368419
S0,1961,50-54,7830680.166762479
S0,1961,55-59,5937244.035645077
S0,1961,60-64,4944313.49586356
S0,1961,65-69,3081781.885030204
S0,1961,70-74,2333534.235137325
S0,1961,75+,1737060.5087112368
S0,1961,0-8,
S0,1961,9-14,
S0,1961,0-17,
S0,1961,18-29,
S0,1961,30-65,
S0,1961,66+,
S0,1961,15-26,
S0,1961,27-45,
S0,1961,46-65,
S0,1962,00-04,35589612.07998277
S0,1962,05-09,29164449.42277138
S0,1962,10-14,23541483.950317085
S0,1962,15-19,19290593.10654796
S0,1962,20-24,17787638.9107444
S0,1962,25-29,16173753.06165424
S0,1962,30-34,14117583.53188189
S0,1962,35-39,12170657.98099356
S0,1962,40-44,10677039.134272229
S0,1962,45-49,9238212.391556762
S0,1962,50-54,7993860.04342472
S0,1962,55-59,6159867.859419191
S0,1962,60-64,5010328.780542624
S0,1962,65-69,3265687.422481543
S0,1962,70-74,2327843.029896033
S0,1962,75+,1837417.1711278826
S0,1962,0-8,
S0,1962,9-14,
S0,1962,0-17,
S0,1962,18-29,
S0,1962,30-65,
S0,1962,66+,
S0,1962,15-26,
S0,1962,27-45,
S0,1962,46-65,
S0,1963,00-04,36283793.7457462
S0,1963,05-09,29967970.36358146
S0,1963,10-14,24685965.0807241
S0,1963,15-19,19680624.99677537
S0,1963,20-24,17853385.62448513
S0,1963,25-29,16480755.67783605
S0,1963,30-34,14427118.90100783
S0,1963,35-39,12403433.6536721
S0,1963,40-44,10847017.83198961
S0,1963,45-49,9420525.532295253
S0,1963,50-54,8108253.228541592
S0,1963,55-59,6435990.778844317
S0,1963,60-64,5016559.418018652
S0,1963,65-69,3522508.1462919144
S0,1963,70-74,2266785.634906463
S0,1963,75+,1962174.96531208
S0,1963,0-8,
S0,1963,9-14,
S0,1963,0-17,
S0,1963,18-29,
S0,1963,30-65,
S0,1963,66+,
S0,1963,15-26,
S0,1963,27-45,
S0,1963,46-65,
S0,1964,00-04,36999180.75736894
S0,1964,05-09,30710385.55117371
S0,1964,10-14,25973476.905809075
S0,1964,15-19,20054464.35680496
S0,1964,20-24,17957169.14950415
S0,1964,25-29,16769658.97477421
S0,1964,30-34,14746169.93121721
S0,1964,35-39,12657317.060016248
S0,1964,40-44,11027501.2142868
S0,1964,45-49,9616570.696868345
S0,1964,50-54,8210530.426388888
S0,1964,55-59,6717072.025613289
S0,1964,60-64,5027868.87949115
S0,1964,65-69,3775988.763310898
S0,1964,70-74,2216946.092240532
S0,1964,75+,2082861.0017148943
S0,1964,0-8,
S0,1964,9-14,
S0,1964,0-17,
S0,1964,18-29,
S0,1964,30-65,
S0,1964,66+,
S0,1964,15-26,
S0,1964,27-45,
S0,1964,46-65,
S0,1965,00-04,37725943.25565689
S0,1965,05-09,31403843.86288792
S0,1965,10-14,26904594.31408305
S0,1965,15-19,20869357.21392293
S0,1965,20-24,18149870.07130589
S0,1965,25-29,16982944.69607402
S0,1965,30-34,15047543.37404619
S0,1965,35-39,12925981.07200567
S0,1965,40-44,11224665.42892251
S0,1965,45-49,9808414.608548997
S0,1965,50-54,8336010.16534422
S0,1965,55-59,6934262.873557876
S0,1965,60-64,5123126.605906684
S0,1965,65-69,3944678.121895332
S0,1965,70-74,2247575.766223381
S0,1965,75+,2169824.5921049006
S0,1965,0-8,
S0,1965,9-14,
S0,1965,0-17,
S0,1965,18-29,
S0,1965,30-65,
S0,1965,66+,
S0,1965,15-26,
S0,1965,27-45,
S0,1965,46-65,
S0,1966,00-04,38234818.77408828
S0,1966,05-09,32101497.24272557
S0,1966,10-14,27784601.6836505
S0,1966,15-19,21756715.20474259
S0,1966,20-24,18425956.04624074
S0,1966,25-29,17151907.20269359
S0,1966,30-34,15320872.55276977
S0,1966,35-39,13203298.758227542
S0,1966,40-44,11434155.706867058
S0,1966,45-49,9998807.859293744
S0,1966,50-54,8468092.669183781
S0,1966,55-59,7103588.815633269
S0,1966,60-64,5264491.957876224
S0,1966,65-69,4055631.047075941
S0,1966,70-74,2319038.495032822
S0,1966,75+,2230452.7282576677
S0,1966,0-8,
S0,1966,9-14,
S0,1966,0-17,
S0,1966,18-29,
S0,1966,30-65,
S0,1966,66+,
S0,1966,15-26,
S0,1966,27-45,
S0,1966,46-65,
S0,1967,00-04,38674526.27900685
S0,1967,05-09,32814089.79000546
S0,1967,10-14,28633591.0299602
S0,1967,15-19,22686366.227740765
S0,1967,20-24,18764084.09177598
S0,1967,25-29,17253966.35212749
S0,1967,30-34,15592903.166621909
S0,1967,35-39,13490359.70500521
S0,1967,40-44,11653889.55308914
S0,1967,45-49,10188047.64209546
S0,1967,50-54,8614766.740405574
S0,1967,55-59,7219859.05196453
S0,1967,60-64,5480456.608888565
S0,1967,65-69,4088120.841504935
S0,1967,70-74,2456695.589140861
S0,1967,75+,2266999.1656281026
S0,1967,0-8,
S0,1967,9-14,
S0,1967,0-17,
S0,1967,18-29,
S0,1967,30-65,
S0,1967,66+,
S0,1967,15-26,
S0,1967,27-45,
S0,1967,46-65,
S0,1968,00-04,39076358.38363532
S0,1968,05-09,33553901.428337775
S0,1968,10-14,29441102.11527387
S0,1968,15-19,23722510.200743183
S0,1968,20-24,19186459.15283092
S0,1968,25-29,17365646.90719468
S0,1968,30-34,15892882.044357028
S0,1968,35-39,13807667.77275173
S0,1968,40-44,11900222.697154958
S0,1968,45-49,10387374.82595544
S0,1968,50-54,8783035.965372123
S0,1968,55-59,7291197.617065399
S0,1968,60-64,5753964.735879617
S0,1968,65-69,4068959.3630511696
S0,1968,70-74,2647544.887021767
S0,1968,75+,2282033.885109577
S0,1968,0-8,
S0,1968,9-14,
S0,1968,0-17,
S0,1968,18-29,
S0,1968,30-65,
S0,1968,66+,
S0,1968,15-26,
S0,1968,27-45,
S0,1968,46-65,
S0,1969,00-04,39565300.14814071
S0,1969,05-09,34342168.24755601
S0,1969,10-14,30185159.20888409
S0,1969,15-19,24842260.833608203
S0,1969,20-24,19545527.98723105
S0,1969,25-29,17457109.31723908
S0,1969,30-34,16125624.92843529
S0,1969,35-39,14108979.31189304
S0,1969,40-44,12152787.88687446
S0,1969,45-49,10592380.10135236
S0,1969,50-54,8956982.751501985
S0,1969,55-59,7347695.444036892
S0,1969,60-64,6043265.540588601
S0,1969,65-69,4054523.0278897528
S0,1969,70-74,2839053.97165277
S0,1969,75+,2310133.771733492
S0,1969,0-8,
S0,1969,9-14,
S0,1969,0-17,
S0,1969,18-29,
S0,1969,30-65,
S0,1969,66+,
S0,1969,15-26,
S0,1969,27-45,
S0,1969,46-65,
S0,1970,00-04,40004628.33210389
S0,1970,05-09,35153673.04750635
S0,1970,10-14,30877756.8210221
S0,1970,15-19,25613068.11698971
S0,1970,20-24,20373473.58690662
S0,1970,25-29,17657251.81837672
S0,1970,30-34,16292997.899316061
S0,1970,35-39,14404991.511817291
S0,1970,40-44,12427514.674997687
S0,1970,45-49,10820680.27175117
S0,1970,50-54,9124605.909917705
S0,1970,55-59,7421214.66992202
S0,1970,60-64,6284599.51393208
S0,1970,65-69,4103400.1092896
S0,1970,70-74,2967202.026823435
S0,1970,75+,2371237.9060676447
S0,1970,0-8,
S0,1970,9-14,
S0,1970,0-17,
S0,1970,18-29,
S0,1970,30-65,
S0,1970,66+,
S0,1970,15-26,
S0,1970,27-45,
S0,1970,46-65,
S0,1971,00-04,40496057.97110565
S0,1971,05-09,35917944.29206175
S0,1971,10-14,31601270.32753913
S0,1971,15-19,26372910.32159774
S0,1971,20-24,21376667.3719379
S0,1971,25-29,18023383.31558632
S0,1971,30-34,16470756.34898508
S0,1971,35-39,14716823.30188851
S0,1971,40-44,12739998.90225689
S0,1971,45-49,11083666.538344849
S0,1971,50-54,9300166.17026367
S0,1971,55-59,7506877.342891413
S0,1971,60-64,6501338.116233701
S0,1971,65-69,4191780.820886148
S0,1971,70-74,3060247.90410703
S0,1971,75+,2452589.3949337783
S0,1971,0-8,
S0,1971,9-14,
S0,1971,0-17,
S0,1971,18-29,
S0,1971,30-65,
S0,1971,66+,
S0,1971,15-26,
S0,1971,27-45,
S0,1971,46-65,
S0,1972,00-04,41013994.60287454
S0,1972,05-09,36665791.52707394
S0,1972,10-14,32325006.05695769
S0,1972,15-19,27036497.11632581
S0,1972,20-24,22369966.46320624
S0,1972,25-29,18398851.5628654
S0,1972,30-34,16542607.32919545
S0,1972,35-39,15007268.25026052
S0,1972,40-44,13049161.89935535
S0,1972,45-49,11350485.82363786
S0,1972,50-54,9464292.011057135
S0,1972,55-59,7597753.027240271
S0,1972,60-64,6676480.505429354
S0,1972,65-69,4331824.753716511
S0,1972,70-74,3097789.2907175133
S0,1972,75+,2564326.686551589
S0,1972,0-8,
S0,1972,9-14,
S0,1972,0-17,
S0,1972,18-29,
S0,1972,30-65,
S0,1972,66+,
S0,1972,15-26,
S0,1972,27-45,
S0,1972,46-65,
S0,1973,00-04,41515480.37169326
S0,1973,05-09,37439166.63995247
S0,1973,10-14,33077237.04510434
S0,1973,15-19,27676956.90066133
S0,1973,20-24,23530910.2640002
S0,1973,25-29,18883858.63758697
S0,1973,30-34,16627585.24705689
S0,1973,35-39,15330917.991304997
S0,1973,40-44,13391193.57967585
S0,1973,45-49,11647456.80724736
S0,1973,50-54,9634446.592721477
S0,1973,55-59,7705069.472440313
S0,1973,60-64,6820456.023849529
S0,1973,65-69,4511772.129509184
S0,1973,70-74,3102031.069587175
S0,1973,75+,2699430.96527734
S0,1973,0-8,
S0,1973,9-14,
S0,1973,0-17,
S0,1973,18-29,
S0,1973,30-65,
S0,1973,66+,
S0,1973,15-26,
S0,1973,27-45,
S0,1973,46-65,
S0,1974,00-04,42019892.62190293
S0,1974,05-09,38247540.03432605
S0,1974,10-14,33854318.71042535
S0,1974,15-19,28223083.80747871
S0,1974,20-24,24805883.84754743
S0,1974,25-29,19347697.13721464
S0,1974,30-34,16725868.1289562
S0,1974,35-39,15617921.208252277
S0,1974,40-44,13734986.57468015
S0,1974,45-49,11961938.29824878
S0,1974,50-54,9809200.189328726
S0,1974,55-59,7814579.73127939
S0,1974,60-64,6957294.749687706
S0,1974,65-69,4694420.524048753
S0,1974,70-74,3111868.5092733717
S0,1974,75+,2838341.2964206627
S0,1974,0-8,
S0,1974,9-14,
S0,1974,0-17,
S0,1974,18-29,
S0,1974,30-65,
S0,1974,66+,
S0,1974,15-26,
S0,1974,27-45,
S0,1974,46-65,
S0,1975,00-04,42581252.554831445
S0,1975,05-09,39052011.88524936
S0,1975,10-14,34654756.64596852
S0,1975,15-19,28730945.91261506
S0,1975,20-24,25792022.81375426
S0,1975,25-29,20322230.98122739
S0,1975,30-34,16951578.72016389
S0,1975,35-39,15860945.07539611
S0,1975,40-44,14086523.60767306
S0,1975,45-49,12308748.092038877
S0,1975,50-54,10007016.6614186
S0,1975,55-59,7920515.073723255
S0,1975,60-64,7122448.951549355
S0,1975,65-69,4837680.894627196
S0,1975,70-74,3177620.871203123
S0,1975,75+,2961239.2572647557
S0,1975,0-8,
S0,1975,9-14,
S0,1975,0-17,
S0,1975,18-29,
S0,1975,30-65,
S0,1975,66+,
S0,1975,15-26,
S0,1975,27-45,
S0,1975,46-65,
S0,1976,00-04,43065934.247212425
S0,1976,05-09,39920538.11413524
S0,1976,10-14,35391863.75813801
S0,1976,15-19,29241125.83889109
S0,1976,20-24,26741708.54553016
S0,1976,25-29,21408964.296097264
S0,1976,30-34,17271135.60147529
S0,1976,35-39,16070619.75659999
S0,1976,40-44,14424740.50692712
S0,1976,45-49,12675951.85148785
S0,1976,50-54,10221860.74429702
S0,1976,55-59,8025793.579375738
S0,1976,60-64,7303583.896946832
S0,1976,65-69,4956283.308310408
S0,1976,70-74,3277394.485465798
S0,1976,75+,3076894.4167245682
S0,1976,0-8,
S0,1976,9-14,
S0,1976,0-17,
S0,1976,18-29,
S0,1976,30-65,
S0,1976,66+,
S0,1976,15-26,
S0,1976,27-45,
S0,1976,46-65,
S0,1977,00-04,43561229.3799829
S0,1977,05-09,40865058.83249618
S0,1977,10-14,36114931.44510707
S0,1977,15-19,29740309.56665678
S0,1977,20-24,27647311.29748036
S0,1977,25-29,22566478.99549223
S0,1977,30-34,17663370.74083887
S0,1977,35-39,16227446.32746692
S0,1977,40-44,14775844.777495828
S0,1977,45-49,13063537.26983905
S0,1977,50-54,10449800.63412477
S0,1977,55-59,8128496.603689052
S0,1977,60-64,7503050.938468086
S0,1977,65-69,5043662.5565313
S0,1977,70-74,3422956.918126693
S0,1977,75+,3178190.541975506
S0,1977,0-8,
S0,1977,9-14,
S0,1977,0-17,
S0,1977,18-29,
S0,1977,30-65,
S0,1977,66+,
S0,1977,15-26,
S0,1977,27-45,
S0,1977,46-65,
S0,1978,00-04,43972651.16010669
S0,1978,05-09,41820205.38318046
S0,1978,10-14,36851672.08858503
S0,1978,15-19,30254984.54339745
S0,1978,20-24,28521859.96176418
S0,1978,25-29,23856450.215243965
S0,1978,30-34,18117577.08654495
S0,1978,35-39,16368891.107813999
S0,1978,40-44,15140998.686851371
S0,1978,45-49,13472897.144088339
S0,1978,50-54,10694718.24822754
S0,1978,55-59,8232312.388815407
S0,1978,60-64,7722481.8789642565
S0,1978,65-69,5103836.040557626
S0,1978,70-74,3600935.093367192
S0,1978,75+,3272181.4080284643
S0,1978,0-8,
S0,1978,9-14,
S0,1978,0-17,
S0,1978,18-29,
S0,1978,30-65,
S0,1978,66+,
S0,1978,15-26,
S0,1978,27-45,
S0,1978,46-65,
S0,1979,00-04,44326264.26459873
S0,1979,05-09,42808052.5707706
S0,1979,10-14,37612744.24488398
S0,1979,15-19,30754889.01836157
S0,1979,20-24,29267447.06384005
S0,1979,25-29,25237841.91234842
S0,1979,30-34,18532045.55399902
S0,1979,35-39,16514807.36495859
S0,1979,40-44,15465060.41905937
S0,1979,45-49,13881894.906553648
S0,1979,50-54,10950816.81549073
S0,1979,55-59,8339701.711983748
S0,1979,60-64,7948935.41432392
S0,1979,65-69,5156056.06324674
S0,1979,70-74,3781956.05557839
S0,1979,75+,3370212.198840147
S0,1979,0-8,
S0,1979,9-14,
S0,1979,0-17,
S0,1979,18-29,
S0,1979,30-65,
S0,1979,66+,
S0,1979,15-26,
S0,1979,27-45,
S0,1979,46-65,
S0,1980,00-04,44760169.78947036
S0,1980,05-09,43873174.50748393
S0,1980,10-14,38371925.6591533
S0,1980,15-19,31306704.548367962
S0,1980,20-24,30023011.2226655
S0,1980,25-29,26345837.19589573
S0,1980,30-34,19429896.54775049
S0,1980,35-39,16784509.30777055
S0,1980,40-44,15744312.483705372
S0,1980,45-49,14298823.84820453
S0,1980,50-54,11233983.58847889
S0,1980,55-59,8468189.226136286
S0,1980,60-64,8176836.540262132
S0,1980,65-69,5227256.650826518
S0,1980,70-74,3931502.859873192
S0,1980,75+,3489731.8736510924
S0,1980,0-8,
S0,1980,9-14,
S0,1980,0-17,
S0,1980,18-29,
S0,1980,30-65,
S0,1980,66+,
S0,1980,15-26,
S0,1980,27-45,
S0,1980,46-65,
S0,1981,00-04,45368445.34224921
S0,1981,05-09,44884505.45556343
S0,1981,10-14,39186120.77309985
S0,1981,15-19,31779067.08840967
S0,1981,20-24,30751735.61983323
S0,1981,25-29,27380608.82013247
S0,1981,30-34,20400383.53009487
S0,1981,35-39,17127630.19748648
S0,1981,40-44,15977929.01097111
S0,1981,45-49,14694558.57049369
S0,1981,50-54,11529332.225154418
S0,1981,55-59,8610628.613971367
S0,1981,60-64,8406220.103553066
S0,1981,65-69,5307669.786909966
S0,1981,70-74,4061154.80658255
S0,1981,75+,3622715.2828336055
S0,1981,0-8,
S0,1981,9-14,
S0,1981,0-17,
S0,1981,18-29,
S0,1981,30-65,
S0,1981,66+,
S0,1981,15-26,
S0,1981,27-45,
S0,1981,46-65,
S0,1982,00-04,45957253.24302575
S0,1982,05-09,45916131.3141471
S0,1982,10-14,40071717.18226853
S0,1982,15-19,32237748.10761872
S0,1982,20-24,31472694.89617993
S0,1982,25-29,28371868.61800199
S0,1982,30-34,21433914.76448054
S0,1982,35-39,17543659.94947986
S0,1982,40-44,16159019.91706772
S0,1982,45-49,15103091.43893151
S0,1982,50-54,11841477.34148204
S0,1982,55-59,8766401.006943878
S0,1982,60-64,8635631.911006793
S0,1982,65-69,5400497.802399255
S0,1982,70-74,4166244.744364648
S0,1982,75+,3772241.682296013
S0,1982,0-8,
S0,1982,9-14,
S0,1982,0-17,
S0,1982,18-29,
S0,1982,30-65,
S0,1982,66+,
S0,1982,15-26,
S0,1982,27-45,
S0,1982,46-65,
S0,1983,00-04,46646313.85028584
S0,1983,05-09,46874910.57466155
S0,1983,10-14,40967099.70525357
S0,1983,15-19,32715308.864920653
S0,1983,20-24,32204377.916889906
S0,1983,25-29,29308562.77277332
S0,1983,30-34,22567301.377190605
S0,1983,35-39,18005893.64092786
S0,1983,40-44,16313992.73988588
S0,1983,45-49,15518369.23070499
S0,1983,50-54,12168537.999884073
S0,1983,55-59,8937565.679240111
S0,1983,60-64,8866901.252603801
S0,1983,65-69,5507411.807428824
S0,1983,70-74,4249891.682728297
S0,1983,75+,3936231.869179751
S0,1983,0-8,
S0,1983,9-14,
S0,1983,0-17,
S0,1983,18-29,
S0,1983,30-65,
S0,1983,66+,
S0,1983,15-26,
S0,1983,27-45,
S0,1983,46-65,
S0,1984,00-04,47408192.6062635
S0,1984,05-09,47788067.38510843
S0,1984,10-14,41902050.39794304
S0,1984,15-19,33237624.593930587
S0,1984,20-24,32969051.70818511
S0,1984,25-29,30178177.12661318
S0,1984,30-34,23838110.98185619
S0,1984,35-39,18468266.06988098
S0,1984,40-44,16498418.14928537
S0,1984,45-49,15906580.40463505
S0,1984,50-54,12504276.60649483
S0,1984,55-59,9126931.426642926
S0,1984,60-64,9106672.403339677
S0,1984,65-69,5622671.033073904
S0,1984,70-74,4329576.575990126
S0,1984,75+,4104369.02229835
S0,1984,0-8,
S0,1984,9-14,
S0,1984,0-17,
S0,1984,18-29,
S0,1984,30-65,
S0,1984,66+,
S0,1984,15-26,
S0,1984,27-45,
S0,1984,46-65,
S0,1985,00-04,48193255.23974167
S0,1985,05-09,48751938.71148878
S0,1985,10-14,42897060.20497751
S0,1985,15-19,33751193.53984403
S0,1985,20-24,33733814.45721594
S0,1985,25-29,30969059.18220847
S0,1985,30-34,24776627.243465252
S0,1985,35-39,19359364.35659744
S0,1985,40-44,16769121.339272767
S0,1985,45-49,16220526.12729122
S0,1985,50-54,12831896.55069689
S0,1985,55-59,9334133.717247728
S0,1985,60-64,9361731.26328925
S0,1985,65-69,5737761.262008575
S0,1985,70-74,4423811.674328905
S0,1985,75+,4265941.848545404
S0,1985,0-8,
S0,1985,9-14,
S0,1985,0-17,
S0,1985,18-29,
S0,1985,30-65,
S0,1985,66+,
S0,1985,15-26,
S0,1985,27-45,
S0,1985,46-65,
S0,1986,00-04,48873986.19184814
S0,1986,05-09,49898722.98078233
S0,1986,10-14,43836935.93515246
S0,1986,15-19,34325942.78408637
S0,1986,20-24,34428859.46950728
S0,1986,25-29,31758481.83450687
S0,1986,30-34,25670900.22807281
S0,1986,35-39,20341449.01243792
S0,1986,40-44,17122712.71994486
S0,1986,45-49,16489215.07677817
S0,1986,50-54,13143403.769339003
S0,1986,55-59,9556799.56656193
S0,1986,60-64,9630518.58589791
S0,1986,65-69,5857385.024130553
S0,1986,70-74,4526960.828908321
S0,1986,75+,4425311.1192436805
S0,1986,0-8,
S0,1986,9-14,
S0,1986,0-17,
S0,1986,18-29,
S0,1986,30-65,
S0,1986,66+,
S0,1986,15-26,
S0,1986,27-45,
S0,1986,46-65,
S0,1987,00-04,49623264.55733693
S0,1987,05-09,51015344.10764822
S0,1987,10-14,44795436.01028955
S0,1987,15-19,34975026.32941325
S0,1987,20-24,35100193.03200243
S0,1987,25-29,32533923.817949474
S0,1987,30-34,26526241.62338512
S0,1987,35-39,21387842.24414275
S0,1987,40-44,17548256.99711114
S0,1987,45-49,16698766.55816797
S0,1987,50-54,13467110.2165423
S0,1987,55-59,9797751.13841007
S0,1987,60-64,9910019.347130626
S0,1987,65-69,5981180.939733462
S0,1987,70-74,4641459.30268295
S0,1987,75+,4583231.552065727
S0,1987,0-8,
S0,1987,9-14,
S0,1987,0-17,
S0,1987,18-29,
S0,1987,30-65,
S0,1987,66+,
S0,1987,15-26,
S0,1987,27-45,
S0,1987,46-65,
S0,1988,00-04,50255454.183409944
S0,1988,05-09,52221491.08060312
S0,1988,10-14,45677412.09456512
S0,1988,15-19,35647276.04803832
S0,1988,20-24,35781708.24376262
S0,1988,25-29,33310456.58077039
S0,1988,30-34,27329727.17832779
S0,1988,35-39,22531066.18187461
S0,1988,40-44,18015779.00925483
S0,1988,45-49,16873035.01612568
S0,1988,50-54,13795772.533423439
S0,1988,55-59,10054180.49101166
S0,1988,60-64,10199408.30473845
S0,1988,65-69,6110250.391972057
S0,1988,70-74,4767556.951605053
S0,1988,75+,4740067.47144181
S0,1988,0-8,
S0,1988,9-14,
S0,1988,0-17,
S0,1988,18-29,
S0,1988,30-65,
S0,1988,66+,
S0,1988,15-26,
S0,1988,27-45,
S0,1988,46-65,
S0,1989,00-04,50839056.34044735
S0,1989,05-09,53476475.97467621
S0,1989,10-14,46508852.8748368
S0,1989,15-19,36371080.73713907
S0,1989,20-24,36495408.90896329
S0,1989,25-29,34100489.47854989
S0,1989,30-34,28062362.665427133
S0,1989,35-39,23801360.62587053
S0,1989,40-44,18474549.17948398
S0,1989,45-49,17066319.89463041
S0,1989,50-54,14098282.57267075
S0,1989,55-59,10320658.20820493
S0,1989,60-64,10499857.79514175
S0,1989,65-69,6249581.402736476
S0,1989,70-74,4899810.825022496
S0,1989,75+,4900335.376546928
S0,1989,0-8,
S0,1989,9-14,
S0,1989,0-17,
S0,1989,18-29,
S0,1989,30-65,
S0,1989,66+,
S0,1989,15-26,
S0,1989,27-45,
S0,1989,46-65,
S0,1990,00-04,51338114.39546683
S0,1990,05-09,54724175.81864078
S0,1990,10-14,47387898.37801091
S0,1990,15-19,37171855.57170276
S0,1990,20-24,37199537.34265643
S0,1990,25-29,34896993.08796305
S0,1990,30-34,28737558.085776225
S0,1990,35-39,24745365.981964
S0,1990,40-44,19365294.75585519
S0,1990,45-49,17344492.21815911
S0,1990,50-54,14337992.8151339
S0,1990,55-59,10586396.96972194
S0,1990,60-64,10811541.0215592
S0,1990,65-69,6405391.918513432
S0,1990,70-74,5031151.881967435
S0,1990,75+,5068868.590151075
S0,1990,0-8,
S0,1990,9-14,
S0,1990,0-17,
S0,1990,18-29,
S0,1990,30-65,
S0,1990,66+,
S0,1990,15-26,
S0,1990,27-45,
S0,1990,46-65,
S0,1991,00-04,51773088.35680756
S0,1991,05-09,55819219.32787931
S0,1991,10-14,48445839.37129262
S0,1991,15-19,37952436.08836585
S0,1991,20-24,37967716.29461443
S0,1991,25-29,35624557.31279122
S0,1991,30-34,29426782.67648921
S0,1991,35-39,25648791.18586389
S0,1991,40-44,20347845.76468077
S0,1991,45-49,17703597.31320216
S0,1991,50-54,14542090.423483621
S0,1991,55-59,10845521.432008032
S0,1991,60-64,11130170.61165171
S0,1991,65-69,6577217.983889163
S0,1991,70-74,5165093.493795366
S0,1991,75+,5244744.2003112305
S0,1991,0-8,
S0,1991,9-14,
S0,1991,0-17,
S0,1991,18-29,
S0,1991,30-65,
S0,1991,66+,
S0,1991,15-26,
S0,1991,27-45,
S0,1991,46-65,
S0,1992,00-04,52078299.23528223
S0,1992,05-09,57144079.23964307
S0,1992,10-14,49736681.69292626
S0,1992,15-19,38778473.32101681
S0,1992,20-24,38420246.759548
S0,1992,25-29,36209475.39223429
S0,1992,30-34,30308902.88579619
S0,1992,35-39,26781439.75929381
S0,1992,40-44,20965914.19326904
S0,1992,45-49,17718130.04624443
S0,1992,50-54,14553154.17244423
S0,1992,55-59,11337007.60530354
S0,1992,60-64,11432682.98525061
S0,1992,65-69,6922356.815140465
S0,1992,70-74,5353279.956766293
S0,1992,75+,5446529.729400972
S0,1992,0-8,
S0,1992,9-14,
S0,1992,0-17,
S0,1992,18-29,
S0,1992,30-65,
S0,1992,66+,
S0,1992,15-26,
S0,1992,27-45,
S0,1992,46-65,
S0,1993,00-04,52395627.7464601
S0,1993,05-09,58277965.83196826
S0,1993,10-14,51131500.04355554
S0,1993,15-19,39557707.68130147
S0,1993,20-24,38912240.92397553
S0,1993,25-29,36821641.41659127
S0,1993,30-34,31201949.34410084
S0,1993,35-39,27882284.26218089
S0,1993,40-44,21690464.029002964
S0,1993,45-49,17789318.47151543
S0,1993,50-54,14545347.9391632
S0,1993,55-59,11827640.87023738
S0,1993,60-64,11753990.40062515
S0,1993,65-69,7286106.073292963
S0,1993,70-74,5544913.134702986
S0,1993,75+,5655968.3902551755
S0,1993,0-8,
S0,1993,9-14,
S0,1993,0-17,
S0,1993,18-29,
S0,1993,30-65,
S0,1993,66+,
S0,1993,15-26,
S0,1993,27-45,
S0,1993,46-65,
S0,1994,00-04,52623075.37984961
S0,1994,05-09,59278148.01839083
S0,1994,10-14,52581795.10838405
S0,1994,15-19,40297994.05645799
S0,1994,20-24,39451472.31388891
S0,1994,25-29,37458762.94623657
S0,1994,30-34,32099544.17100037
S0,1994,35-39,28912269.32980881
S0,1994,40-44,22543940.90828961
S0,1994,45-49,17866754.58053275
S0,1994,50-54,14563453.63884477
S0,1994,55-59,12285478.15810858
S0,1994,60-64,12084693.102965098
S0,1994,65-69,7667380.958511924
S0,1994,70-74,5742015.689844705
S0,1994,75+,5871189.408745757
S0,1994,0-8,
S0,1994,9-14,
S0,1994,0-17,
S0,1994,18-29,
S0,1994,30-65,
S0,1994,66+,
S0,1994,15-26,
S0,1994,27-45,
S0,1994,46-65,
S0,1995,00-04,52821742.27248668
S0,1995,05-09,60101363.82946682
S0,1995,10-14,54028886.99325495
S0,1995,15-19,41070736.33412289
S0,1995,20-24,40035205.35200708
S0,1995,25-29,38041501.7164918
S0,1995,30-34,32967715.07223234
S0,1995,35-39,29858622.3421341
S0,1995,40-44,23096008.89386417
S0,1995,45-49,18371211.05104678
S0,1995,50-54,14659795.97666312
S0,1995,55-59,12672375.43745903
S0,1995,60-64,12410142.65809238
S0,1995,65-69,8065138.389135575
S0,1995,70-74,5949037.863636058
S0,1995,75+,6090879.122263775
S0,1995,0-8,
S0,1995,9-14,
S0,1995,0-17,
S0,1995,18-29,
S0,1995,30-65,
S0,1995,66+,
S0,1995,15-26,
S0,1995,27-45,
S0,1995,46-65,
S0,1996,00-04,53043944.08969498
S0,1996,05-09,60786623.82828462
S0,1996,10-14,55338884.40524296
S0,1996,15-19,42032615.55993482
S0,1996,20-24,40634194.29257081
S0,1996,25-29,38713307.90075411
S0,1996,30-34,33780514.18273383
S0,1996,35-39,30818900.27289499
S0,1996,40-44,23647877.32907427
S0,1996,45-49,18983596.3511231
S0,1996,50-54,14838086.00015049
S0,1996,55-59,13013478.27246654
S0,1996,60-64,12726580.68724506
S0,1996,65-69,8477539.835127259
S0,1996,70-74,6165445.704281827
S0,1996,75+,6316826.364269124
S0,1996,0-8,
S0,1996,9-14,
S0,1996,0-17,
S0,1996,18-29,
S0,1996,30-65,
S0,1996,66+,
S0,1996,15-26,
S0,1996,27-45,
S0,1996,46-65,
S0,1997,00-04,53251118.6918001
S0,1997,05-09,61272619.87099573
S0,1997,10-14,56677776.38026434
S0,1997,15-19,42981685.41417946
S0,1997,20-24,41290196.21835352
S0,1997,25-29,39458238.20561354
S0,1997,30-34,34565154.83558635
S0,1997,35-39,31765030.86959301
S0,1997,40-44,24205196.789545536
S0,1997,45-49,19681620.1253446
S0,1997,50-54,15085039.43568511
S0,1997,55-59,13294277.70421587
S0,1997,60-64,13059903.51829305
S0,1997,65-69,8902684.62657926
S0,1997,70-74,6387675.100454549
S0,1997,75+,6548696.66131597
S0,1997,0-8,
S0,1997,9-14,
S0,1997,0-17,
S0,1997,18-29,
S0,1997,30-65,
S0,1997,66+,
S0,1997,15-26,
S0,1997,27-45,
S0,1997,46-65,
S0,1998,00-04,53459374.54732821
S0,1998,05-09,61751727.80732504
S0,1998,10-14,57840510.38400371
S0,1998,15-19,44023162.8836465
S0,1998,20-24,41924762.99125251
S0,1998,25-29,40212702.6486918
S0,1998,30-34,35345203.06365176
S0,1998,35-39,32697217.527750365
S0,1998,40-44,24758722.527089387
S0,1998,45-49,20502397.97108378
S0,1998,50-54,15373787.58943712
S0,1998,55-59,13532387.47717449
S0,1998,60-64,13403493.719112597
S0,1998,65-69,9335818.39459086
S0,1998,70-74,6615622.520885913
S0,1998,75+,6787720.566686546
S0,1998,0-8,
S0,1998,9-14,
S0,1998,0-17,
S0,1998,18-29,
S0,1998,30-65,
S0,1998,66+,
S0,1998,15-26,
S0,1998,27-45,
S0,1998,46-65,
S0,1999,00-04,53709273.88723676
S0,1999,05-09,62114693.37925132
S0,1999,10-14,58879303.05157007
S0,1999,15-19,45120663.67977504
S0,1999,20-24,42566367.890481815
S0,1999,25-29,41002924.99929392
S0,1999,30-34,36136983.33086687
S0,1999,35-39,33616390.34912325
S0,1999,40-44,25295904.29233984
S0,1999,45-49,21482812.1284508
S0,1999,50-54,15660869.6198527
S0,1999,55-59,13769458.39983226
S0,1999,60-64,13725982.567587089
S0,1999,65-69,9768551.25560403
S0,1999,70-74,6849968.165005544
S0,1999,75+,7036466.601935986
S0,1999,0-8,
S0,1999,9-14,
S0,1999,0-17,
S0,1999,18-29,
S0,1999,30-65,
S0,1999,66+,
S0,1999,15-26,
S0,1999,27-45,
S0,1999,46-65,
S0,2000,00-04,53961533.69475287
S0,2000,05-09,62440542.63031799
S0,2000,10-14,59743014.55832683
S0,2000,15-19,46224385.093816355
S0,2000,20-24,43304874.13174218
S0,2000,25-29,41845802.32391353
S0,2000,30-34,36887251.98657041
S0,2000,35-39,34498476.11575494
S0,2000,40-44,25830587.24762141
S0,2000,45-49,22229908.2047818
S0,2000,50-54,16321256.21685579
S0,2000,55-59,14056356.80360579
S0,2000,60-64,13990213.91043158
S0,2000,65-69,10186617.05834529
S0,2000,70-74,7091033.215563128
S0,2000,75+,7298096.444243994
S0,2000,0-8,
S0,2000,9-14,
S0,2000,0-17,
S0,2000,18-29,
S0,2000,30-65,
S0,2000,66+,
S0,2000,15-26,
S0,2000,27-45,
S0,2000,46-65,
S0,2001,00-04,54335251.77941388
S0,2001,05-09,62775609.0625997
S0,2001,10-14,60449484.09663513
S0,2001,15-19,47215844.03441023
S0,2001,20-24,44272146.53408911
S0,2001,25-29,42634817.75120692
S0,2001,30-34,37669250.71896511
S0,2001,35-39,35259859.73102612
S0,2001,40-44,26432955.320123613
S0,2001,45-49,23018267.931712016
S0,2001,50-54,17061834.09264342
S0,2001,55-59,14389410.67045822
S0,2001,60-64,14223529.40276474
S0,2001,65-69,10579459.22199202
S0,2001,70-74,7335418.601219369
S0,2001,75+,7573654.886939323
S0,2001,0-8,
S0,2001,9-14,
S0,2001,0-17,
S0,2001,18-29,
S0,2001,30-65,
S0,2001,66+,
S0,2001,15-26,
S0,2001,27-45,
S0,2001,46-65,
S0,2002,00-04,54819814.03538368
S0,2002,05-09,63025972.16878906
S0,2002,10-14,60953825.60044012
S0,2002,15-19,48310029.05793771
S0,2002,20-24,45266352.00852587
S0,2002,25-29,43450038.7152651
S0,2002,30-34,38502722.41163464
S0,2002,35-39,35980404.46941721
S0,2002,40-44,27092640.52950449
S0,2002,45-49,23824141.03729178
S0,2002,50-54,17858628.52490694
S0,2002,55-59,14762748.39142537
S0,2002,60-64,14424197.76127743
S0,2002,65-69,10979270.079704788
S0,2002,70-74,7588304.402123688
S0,2002,75+,7860104.889971211
S0,2002,0-8,
S0,2002,9-14,
S0,2002,0-17,
S0,2002,18-29,
S0,2002,30-65,
S0,2002,66+,
S0,2002,15-26,
S0,2002,27-45,
S0,2002,46-65,
S0,2003,00-04,55249449.96421233
S0,2003,05-09,63139972.69990924
S0,2003,10-14,61443876.2234646
S0,2003,15-19,49344595.56522466
S0,2003,20-24,46300990.26664608
S0,2003,25-29,44127324.2140115
S0,2003,30-34,39269744.76202715
S0,2003,35-39,36676594.99547079
S0,2003,40-44,27787065.674598284
S0,2003,45-49,24577748.90739563
S0,2003,50-54,18723798.45598378
S0,2003,55-59,15145636.771372572
S0,2003,60-64,14616557.26991876
S0,2003,65-69,11387735.85663402
S0,2003,70-74,7851568.742118746
S0,2003,75+,8157004.102758496
S0,2003,0-8,
S0,2003,9-14,
S0,2003,0-17,
S0,2003,18-29,
S0,2003,30-65,
S0,2003,66+,
S0,2003,15-26,
S0,2003,27-45,
S0,2003,46-65,
S0,2004,00-04,55554633.217220664
S0,2004,05-09,63178404.24870197
S0,2004,10-14,61811978.92725678
S0,2004,15-19,50404542.260123104
S0,2004,20-24,47416734.75093148
S0,2004,25-29,44760574.50558965
S0,2004,30-34,40043908.67538732
S0,2004,35-39,37398049.44186266
S0,2004,40-44,28546669.20625269
S0,2004,45-49,25275522.42116351
S0,2004,50-54,19685776.41504733
S0,2004,55-59,15495008.01773974
S0,2004,60-64,14848615.62690607
S0,2004,65-69,11775817.537042838
S0,2004,70-74,8118882.935088533
S0,2004,75+,8463385.258940455
S0,2004,0-8,
S0,2004,9-14,
S0,2004,0-17,
S0,2004,18-29,
S0,2004,30-65,
S0,2004,66+,
S0,2004,15-26,
S0,2004,27-45,
S0,2004,46-65,
S0,2005,00-04,55755752.78889096
S0,2005,05-09,63096185.342469305
S0,2005,10-14,62120888.704083875
S0,2005,15-19,51444287.85693179
S0,2005,20-24,48586920.62784328
S0,2005,25-29,45463052.80479877
S0,2005,30-34,40858590.03873056
S0,2005,35-39,38100264.92872259
S0,2005,40-44,29368927.848871805
S0,2005,45-49,25931535.134728447
S0,2005,50-54,20372321.27977793
S0,2005,55-59,16180629.21935698
S0,2005,60-64,15173564.502003822
S0,2005,65-69,12105435.928759981
S0,2005,70-74,8378255.990751045
S0,2005,75+,8778197.489786407
S0,2005,0-8,
S0,2005,9-14,
S0,2005,0-17,
S0,2005,18-29,
S0,2005,30-65,
S0,2005,66+,
S0,2005,15-26,
S0,2005,27-45,
S0,2005,46-65,
S0,2006,00-04,55652116.28620812
S0,2006,05-09,63031718.96794966
S0,2006,10-14,62399990.02051851
S0,2006,15-19,52412268.69854993
S0,2006,20-24,49583191.48460343
S0,2006,25-29,46257880.01124053
S0,2006,30-34,41528956.32672213
S0,2006,35-39,38804543.29578228
S0,2006,40-44,30167219.41134984
S0,2006,45-49,26598108.78917382
S0,2006,50-54,21008225.82965964
S0,2006,55-59,16896116.57525432
S0,2006,60-64,15583873.81896969
S0,2006,65-69,12393950.888851568
S0,2006,70-74,8622512.776427722
S0,2006,75+,9100798.750245998
S0,2006,0-8,
S0,2006,9-14,
S0,2006,0-17,
S0,2006,18-29,
S0,2006,30-65,
S0,2006,66+,
S0,2006,15-26,
S0,2006,27-45,
S0,2006,46-65,
S0,2007,00-04,55315312.95817003
S0,2007,05-09,62971947.33675717
S0,2007,10-14,62627087.34673809
S0,2007,15-19,53315526.7708668
S0,2007,20-24,50695158.84404564
S0,2007,25-29,47058686.70092624
S0,2007,30-34,42204405.29218611
S0,2007,35-39,39577433.03725929
S0,2007,40-44,31020466.38419763
S0,2007,45-49,27294106.354442395
S0,2007,50-54,21610265.1340365
S0,2007,55-59,17618708.13657298
S0,2007,60-64,16074816.683846809
S0,2007,65-69,12634595.60481455
S0,2007,70-74,8871210.64954649
S0,2007,75+,9430647.296827694
S0,2007,0-8,
S0,2007,9-14,
S0,2007,0-17,
S0,2007,18-29,
S0,2007,30-65,
S0,2007,66+,
S0,2007,15-26,
S0,2007,27-45,
S0,2007,46-65,
S0,2008,00-04,54919299.82574274
S0,2008,05-09,62774467.97436024
S0,2008,10-14,62835258.85501095
S0,2008,15-19,54258315.2935929
S0,2008,20-24,51652600.65290184
S0,2008,25-29,47888337.82829577
S0,2008,30-34,42733367.08681994
S0,2008,35-39,40313468.26236206
S0,2008,40-44,31940684.42241257
S0,2008,45-49,28027482.35166252
S0,2008,50-54,22163809.56215684
S0,2008,55-59,18365038.16709771
S0,2008,60-64,16618476.35478396
S0,2008,65-69,12846736.640515927
S0,2008,70-74,9121534.047612758
S0,2008,75+,9775243.646704035
S0,2008,0-8,
S0,2008,9-14,
S0,2008,0-17,
S0,2008,18-29,
S0,2008,30-65,
S0,2008,66+,
S0,2008,15-26,
S0,2008,27-45,
S0,2008,46-65,
S0,2009,00-04,54626865.89418849
S0,2009,05-09,62350896.75629641
S0,2009,10-14,63074082.52362235
S0,2009,15-19,55164945.61544387
S0,2009,20-24,52576785.65576306
S0,2009,25-29,48765329.99049459
S0,2009,30-34,43179498.00867695
S0,2009,35-39,41064158.49437716
S0,2009,40-44,32965830.3618563
S0,2009,45-49,28822560.067098297
S0,2009,50-54,22655791.779960275
S0,2009,55-59,19149482.22479898
S0,2009,60-64,17166024.22992079
S0,2009,65-69,13068717.80928044
S0,2009,70-74,9349839.498009915
S0,2009,75+,10136678.72345953
S0,2009,0-8,
S0,2009,9-14,
S0,2009,0-17,
S0,2009,18-29,
S0,2009,30-65,
S0,2009,66+,
S0,2009,15-26,
S0,2009,27-45,
S0,2009,46-65,
S0,2010,00-04,54443430.214320034
S0,2010,05-09,61717898.11139038
S0,2010,10-14,63266511.24609134
S0,2010,15-19,56089928.37246828
S0,2010,20-24,53466988.10739136
S0,2010,25-29,49673458.3761
S0,2010,30-34,43655298.86893944
S0,2010,35-39,41859129.92211308
S0,2010,40-44,34060638.50879954
S0,2010,45-49,29673151.00885269
S0,2010,50-54,23087983.65730404
S0,2010,55-59,19601307.36307947
S0,2010,60-64,18134044.85818571
S0,2010,65-69,13340029.10492304
S0,2010,70-74,9523776.403087946
S0,2010,75+,10510490.299329845
S0,2010,0-8,
S0,2010,9-14,
S0,2010,0-17,
S0,2010,18-29,
S0,2010,30-65,
S0,2010,66+,
S0,2010,15-26,
S0,2010,27-45,
S0,2010,46-65,
S0,2011,00-04,54317933.31071048
S0,2011,05-09,60733899.63632189
S0,2011,10-14,63577311.015504
S0,2011,15-19,57057291.9044279
S0,2011,20-24,54335449.57143874
S0,2011,25-29,50470816.14164017
S0,2011,30-34,44278446.01265332
S0,2011,35-39,42588921.27925429
S0,2011,40-44,35310396.90195809
S0,2011,45-49,30534249.625209823
S0,2011,50-54,23527117.197699815
S0,2011,55-59,19953004.25147155
S0,2011,60-64,19199731.6114824
S0,2011,65-69,13661587.04085087
S0,2011,70-74,9667827.29983519
S0,2011,75+,10901840.518275527
S0,2011,0-8,
S0,2011,9-14,
S0,2011,0-17,
S0,2011,18-29,
S0,2011,30-65,
S0,2011,66+,
S0,2011,15-26,
S0,2011,27-45,
S0,2011,46-65,
S0,2012,00-04,54102115.387401864
S0,2012,05-09,60276081.76279916
S0,2012,10-14,64141547.37798405
S0,2012,15-19,57365160.08606967
S0,2012,20-24,54782626.93101905
S0,2012,25-29,51530753.41794154
S0,2012,30-34,45233851.19515996
S0,2012,35-39,43473270.07467136
S0,2012,40-44,36057258.83519538
S0,2012,45-49,31116813.99524936
S0,2012,50-54,24074650.680407256
S0,2012,55-59,20635662.90346928
S0,2012,60-64,20227097.0009125
S0,2012,65-69,14047208.46624688
S0,2012,70-74,9826730.678999513
S0,2012,75+,11306534.478039697
S0,2012,0-8,
S0,2012,9-14,
S0,2012,0-17,
S0,2012,18-29,
S0,2012,30-65,
S0,2012,66+,
S0,2012,15-26,
S0,2012,27-45,
S0,2012,46-65,
S0,2013,00-04,53976458.20558645
S0,2013,05-09,59763399.91348265
S0,2013,10-14,64629102.9444374
S0,2013,15-19,57686455.56722247
S0,2013,20-24,55266490.94568547
S0,2013,25-29,52476591.21354204
S0,2013,30-34,46305365.51885785
S0,2013,35-39,44289297.97964032
S0,2013,40-44,36821780.19646107
S0,2013,45-49,31720693.48063719
S0,2013,50-54,24652707.98810951
S0,2013,55-59,21291155.124283165
S0,2013,60-64,21325005.338293083
S0,2013,65-69,14463584.28998077
S0,2013,70-74,9976438.095083803
S0,2013,75+,11747660.251662154
S0,2013,0-8,
S0,2013,9-14,
S0,2013,0-17,
S0,2013,18-29,
S0,2013,30-65,
S0,2013,66+,
S0,2013,15-26,
S0,2013,27-45,
S0,2013,46-65,
S0,2014,00-04,53767294.17861364
S0,2014,05-09,59367246.89424668
S0,2014,10-14,64932913.06983604
S0,2014,15-19,58062748.576416984
S0,2014,20-24,55680885.47747284
S0,2014,25-29,53361909.96460764
S0,2014,30-34,47456951.19864608
S0,2014,35-39,45063030.97566748
S0,2014,40-44,37631239.1557047
S0,2014,45-49,32364042.21161328
S0,2014,50-54,25270998.67457975
S0,2014,55-59,21904259.00623296
S0,2014,60-64,22513527.8889186
S0,2014,65-69,14866472.65604343
S0,2014,70-74,10146480.4806734
S0,2014,75+,12206312.751358261
S0,2014,0-8,
S0,2014,9-14,
S0,2014,0-17,
S0,2014,18-29,
S0,2014,30-65,
S0,2014,66+,
S0,2014,15-26,
S0,2014,27-45,
S0,2014,46-65,
S0,2015,00-04,53215944.98213305
S0,2015,05-09,59143171.80812981
S0,2015,10-14,65113057.18298882
S0,2015,15-19,58472452.41007473
S0,2015,20-24,56104184.10416552
S0,2015,25-29,54158874.10879907
S0,2015,30-34,48656264.984879404
S0,2015,35-39,45908744.773775995
S0,2015,40-44,38524565.6177116
S0,2015,45-49,33019432.041331016
S0,2015,50-54,25934269.50355079
S0,2015,55-59,22494476.08839886
S0,2015,60-64,23387698.40496412
S0,2015,65-69,15636398.80953319
S0,2015,70-74,10376439.5475596
S0,2015,75+,12662925.392282583
S0,2015,0-8,
S0,2015,9-14,
S0,2015,0-17,
S0,2015,18-29,
S0,2015,30-65,
S0,2015,66+,
S0,2015,15-26,
S0,2015,27-45,
S0,2015,46-65,
S0,2016,00-04,52850120.64053115
S0,2016,05-09,58965800.79202738
S0,2016,10-14,64910046.92300387
S0,2016,15-19,58979017.96252364
S0,2016,20-24,56495852.155761406
S0,2016,25-29,54813712.27239378
S0,2016,30-34,49714759.66486492
S0,2016,35-39,46905405.27291606
S0,2016,40-44,39361522.78942693
S0,2016,45-49,33722174.32187738
S0,2016,50-54,26564888.15398902
S0,2016,55-59,23099832.94729419
S0,2016,60-64,24185405.47459177
S0,2016,65-69,16463730.588685121
S0,2016,70-74,10655680.86955991
S0,2016,75+,13115336.486704042
S0,2016,0-8,
S0,2016,9-14,
S0,2016,0-17,
S0,2016,18-29,
S0,2016,30-65,
S0,2016,66+,
S0,2016,15-26,
S0,2016,27-45,
S0,2016,46-65,
S0,2017,00-04,52574498.46769535
S0,2017,05-09,58804938.92308351
S0,2017,10-14,64323764.75150524
S0,2017,15-19,59553669.3796149
S0,2017,20-24,56868916.59300286
S0,2017,25-29,55311539.16310106
S0,2017,30-34,50813123.930628166
S0,2017,35-39,47845753.63613945
S0,2017,40-44,40193598.65434977
S0,2017,45-49,34464761.23897181
S0,2017,50-54,27182667.78612259
S0,2017,55-59,23696694.62299082
S0,2017,60-64,24889495.99465432
S0,2017,65-69,17306782.89955925
S0,2017,70-74,10966253.46246922
S0,2017,75+,13553330.180146007
S0,2017,0-8,
S0,2017,9-14,
S0,2017,0-17,
S0,2017,18-29,
S0,2017,30-65,
S0,2017,66+,
S0,2017,15-26,
S0,2017,27-45,
S0,2017,46-65,
S0,2018,00-04,52138000.892167255
S0,2018,05-09,58733350.69087194
S0,2018,10-14,63683849.28767976
S0,2018,15-19,60086501.28059359
S0,2018,20-24,57248126.2298048
S0,2018,25-29,55834731.97203599
S0,2018,30-34,51802121.424210384
S0,2018,35-39,48896224.15082116
S0,2018,40-44,40988738.58349668
S0,2018,45-49,35242442.57963464
S0,2018,50-54,27852171.13520638
S0,2018,55-59,24333791.00940458
S0,2018,60-64,25528585.81574541
S0,2018,65-69,18215374.89825511
S0,2018,70-74,11307891.265862867
S0,2018,75+,14008403.819784673
S0,2018,0-8,
S0,2018,9-14,
S0,2018,0-17,
S0,2018,18-29,
S0,2018,30-65,
S0,2018,66+,
S0,2018,15-26,
S0,2018,27-45,
S0,2018,46-65,
S0,2019,00-04,51965567.18148263
S0,2019,05-09,58532016.896354094
S0,2019,10-14,63142814.71582973
S0,2019,15-19,60450367.08358079
S0,2019,20-24,57645317.860917956
S0,2019,25-29,56244448.30255659
S0,2019,30-34,52705195.313631356
S0,2019,35-39,49991685.92161976
S0,2019,40-44,41749510.92676019
S0,2019,45-49,36062882.52784555
S0,2019,50-54,28575209.538873665
S0,2019,55-59,25008650.47881636
S0,2019,60-64,26072925.27959188
S0,2019,65-69,19198104.19617122
S0,2019,70-74,11641569.161100969
S0,2019,75+,14479747.14269998
S0,2019,0-8,
S0,2019,9-14,
S0,2019,0-17,
S0,2019,18-29,
S0,2019,30-65,
S0,2019,66+,
S0,2019,15-26,
S0,2019,27-45,
S0,2019,46-65,
S0,2020,00-04,52024991.1213266
S0,2020,05-09,57923465.12841356
S0,2020,10-14,62765238.791069105
S0,2020,15-19,60704609.01625408
S0,2020,20-24,58044192.58108874
S0,2020,25-29,56628224.32064027
S0,2020,30-34,53502486.31781906
S0,2020,35-39,51104623.16940901
S0,2020,40-44,42586975.27892795
S0,2020,45-49,36966701.4437031
S0,2020,50-54,29329751.43393647
S0,2020,55-59,25728809.51794157
S0,2020,60-64,26550842.35214908
S0,2020,65-69,19923914.08350315
S0,2020,70-74,12276901.37049787
S0,2020,75+,14981387.071548166
S0,2020,0-8,
S0,2020,9-14,
S0,2020,0-17,
S0,2020,18-29,
S0,2020,30-65,
S0,2020,66+,
S0,2020,15-26,
S0,2020,27-45,
S0,2020,46-65,
S0,2021,00-04,51805699.5710002
S0,2021,05-09,57497199.54615585
S0,2021,10-14,62433359.7942981
S0,2021,15-19,60676076.06210475
S0,2021,20-24,58645278.65283068
S0,2021,25-29,57093801.19928163
S0,2021,30-34,54253236.6163415
S0,2021,35-39,52114710.65242298
S0,2021,40-44,43616581.50633088
S0,2021,45-49,37836781.21353998
S0,2021,50-54,30144529.592603214
S0,2021,55-59,26400525.63152309
S0,2021,60-64,26975717.8718229
S0,2021,65-69,20548435.215027
S0,2021,70-74,12928190.931544412
S0,2021,75+,15412980.53130784
S0,2021,0-8,
S0,2021,9-14,
S0,2021,0-17,
S0,2021,18-29,
S0,2021,30-65,
S0,2021,66+,
S0,2021,15-26,
S0,2021,27-45,
S0,2021,46-65,
S0,2022,00-04,51573997.41556618
S0,2022,05-09,57284988.59429047
S0,2022,10-14,62273837.29437587
S0,2022,15-19,60453809.83884338
S0,2022,20-24,59416517.850541234
S0,2022,25-29,57589978.08868237
S0,2022,30-34,54904967.402808875
S0,2022,35-39,53213913.77359204
S0,2022,40-44,44667694.7944969
S0,2022,45-49,38747764.9137108
S0,2022,50-54,31013946.466525987
S0,2022,55-59,27016884.75982145
S0,2022,60-64,27254170.15495301
S0,2022,65-69,20934445.75148935
S0,2022,70-74,13409539.867628641
S0,2022,75+,15477047.218269017
S0,2022,0-8,
S0,2022,9-14,
S0,2022,0-17,
S0,2022,18-29,
S0,2022,30-65,
S0,2022,66+,
S0,2022,15-26,
S0,2022,27-45,
S0,2022,46-65,
S0,2023,00-04,51526364.96772581
S0,2023,05-09,56719341.56874122
S0,2023,10-14,62024720.82896032
S0,2023,15-19,59984024.81132743
S0,2023,20-24,59916441.36122802
S0,2023,25-29,57891071.6361018
S0,2023,30-34,55421280.964267164
S0,2023,35-39,54052574.40514863
S0,2023,40-44,45756655.99620023
S0,2023,45-49,39589009.1139348
S0,2023,50-54,31960731.41611956
S0,2023,55-59,27765581.68344742
S0,2023,60-64,27711902.56839844
S0,2023,65-69,21518263.752855778
S0,2023,70-74,14192077.04479928
S0,2023,75+,16064830.092357764
S0,2023,0-8,
S0,2023,9-14,
S0,2023,0-17,
S0,2023,18-29,
S0,2023,30-65,
S0,2023,66+,
S0,2023,15-26,
S0,2023,27-45,
S0,2023,46-65,
S0,2024,00-04,51390649.93821394
S0,2024,05-09,56404650.84757511
S0,2024,10-14,61617776.28288324
S0,2024,15-19,59632883.65839741
S0,2024,20-24,60282555.31649318
S0,2024,25-29,58248057.4219183
S0,2024,30-34,55854423.70031306
S0,2024,35-39,54803855.83987519
S0,2024,40-44,46912004.15909557
S0,2024,45-49,40401540.70899183
S0,2024,50-54,32962246.66287107
S0,2024,55-59,28563043.15024686
S0,2024,60-64,28176053.56128326
S0,2024,65-69,22030151.94361268
S0,2024,70-74,15041079.04327828
S0,2024,75+,16650449.992629694
S0,2024,0-8,
S0,2024,9-14,
S0,2024,0-17,
S0,2024,18-29,
S0,2024,30-65,
S0,2024,66+,
S0,2024,15-26,
S0,2024,27-45,
S0,2024,46-65,
S0,2025,00-04,51422440.127721116
S0,2025,05-09,56264535.04240681
S0,2025,10-14,60724259.93548973
S0,2025,15-19,59393520.45626116
S0,2025,20-24,60467436.54963291
S0,2025,25-29,58642248.71485026
S0,2025,30-34,56302152.63149191
S0,2025,35-39,55441578.22879909
S0,2025,40-44,48098151.11924416
S0,2025,45-49,41274860.89112335
S0,2025,50-54,34015942.06135655
S0,2025,55-59,29395442.19221421
S0,2025,60-64,28675779.26688043
S0,2025,65-69,22494628.51757244
S0,2025,70-74,15712491.54262808
S0,2025,75+,17532885.825346548
S0,2025,0-8,
S0,2025,9-14,
S0,2025,0-17,
S0,2025,18-29,
S0,2025,30-65,
S0,2025,66+,
S0,2025,15-26,
S0,2025,27-45,
S0,2025,46-65,
S0,2026,00-04,51670652.78841177
S0,2026,05-09,55770395.45020293
S0,2026,10-14,59998649.632526
S0,2026,15-19,59202757.41404765
S0,2026,20-24,60302204.87726559
S0,2026,25-29,59135135.0274291
S0,2026,30-34,56745660.78900096
S0,2026,35-39,55954006.39923079
S0,2026,40-44,49156708.556256354
S0,2026,45-49,42318559.90287989
S0,2026,50-54,35032835.10829682
S0,2026,55-59,30277617.73546822
S0,2026,60-64,29118809.627265364
S0,2026,65-69,22955870.31346105
S0,2026,70-74,16347862.89894988
S0,2026,75+,18482477.093472246
S0,2026,0-8,
S0,2026,9-14,
S0,2026,0-17,
S0,2026,18-29,
S0,2026,30-65,
S0,2026,66+,
S0,2026,15-26,
S0,2026,27-45,
S0,2026,46-65,
S0,2027,00-04,51920677.27742303
S0,2027,05-09,55116803.87182481
S0,2027,10-14,59353851.13867861
S0,2027,15-19,59054245.85868149
S0,2027,20-24,59822840.91585128
S0,2027,25-29,59666015.28377327
S0,2027,30-34,57125799.89593204
S0,2027,35-39,56265559.5779013
S0,2027,40-44,50230823.58903086
S0,2027,45-49,43329482.162202835
S0,2027,50-54,36059583.32453503
S0,2027,55-59,31204005.88410253
S0,2027,60-64,29540477.319635853
S0,2027,65-69,23402848.3712077
S0,2027,70-74,16944769.71143435
S0,2027,75+,19479717.78534297
S0,2027,0-8,
S0,2027,9-14,
S0,2027,0-17,
S0,2027,18-29,
S0,2027,30-65,
S0,2027,66+,
S0,2027,15-26,
S0,2027,27-45,
S0,2027,46-65,
S0,2028,00-04,52145683.74504456
S0,2028,05-09,54781185.31570713
S0,2028,10-14,58471065.83611059
S0,2028,15-19,58954000.67269021
S0,2028,20-24,59284048.82868935
S0,2028,25-29,60113442.29331531
S0,2028,30-34,57502418.88691037
S0,2028,35-39,56596147.75984177
S0,2028,40-44,51179293.863152355
S0,2028,45-49,44446274.77009906
S0,2028,50-54,37049048.3564696
S0,2028,55-59,32143823.50910932
S0,2028,60-64,29987785.96510262
S0,2028,65-69,23865326.77574228
S0,2028,70-74,17508091.35231558
S0,2028,75+,20545188.688739955
S0,2028,0-8,
S0,2028,9-14,
S0,2028,0-17,
S0,2028,18-29,
S0,2028,30-65,
S0,2028,66+,
S0,2028,15-26,
S0,2028,27-45,
S0,2028,46-65,
S0,2029,00-04,52340959.04333383
S0,2029,05-09,54348664.83272047
S0,2029,10-14,57867402.000621796
S0,2029,15-19,58714408.05582525
S0,2029,20-24,58867366.88950206
S0,2029,25-29,60380497.21328655
S0,2029,30-34,57918592.21633031
S0,2029,35-39,56842215.73123111
S0,2029,40-44,52058048.01500674
S0,2029,45-49,45633935.71927138
S0,2029,50-54,38024720.22879451
S0,2029,55-59,33118976.16070133
S0,2029,60-64,30476174.33081418
S0,2029,65-69,24354429.23515267
S0,2029,70-74,18026010.75223064
S0,2029,75+,21672005.098082166
S0,2029,0-8,
S0,2029,9-14,
S0,2029,0-17,
S0,2029,18-29,
S0,2029,30-65,
S0,2029,66+,
S0,2029,15-26,
S0,2029,27-45,
S0,2029,46-65,
S0,2030,00-04,52502140.0707624
S0,2030,05-09,54123850.04688326
S0,2030,10-14,57483822.83977854
S0,2030,15-19,58025995.37780738
S0,2030,20-24,58601005.964059815
S0,2030,25-29,60500365.830497354
S0,2030,30-34,58328642.94135924
S0,2030,35-39,57073278.26365554
S0,2030,40-44,52826972.3231619
S0,2030,45-49,46845131.27318937
S0,2030,50-54,39069234.55203661
S0,2030,55-59,34148907.60344663
S0,2030,60-64,30963301.44223738
S0,2030,65-69,24868271.77443233
S0,2030,70-74,18510920.02984181
S0,2030,75+,22859622.468662135
S0,2030,0-8,
S0,2030,9-14,
S0,2030,0-17,
S0,2030,18-29,
S0,2030,30-65,
S0,2030,66+,
S0,2030,15-26,
S0,2030,27-45,
S0,2030,46-65,
S0,2031,00-04,52634959.37674777
S0,2031,05-09,54120398.01994614
S0,2031,10-14,56750116.9791538
S0,2031,15-19,57497672.59418231
S0,2031,20-24,58381121.8921851
S0,2031,25-29,60263144.76647746
S0,2031,30-34,58830863.73941691
S0,2031,35-39,57304772.19666536
S0,2031,40-44,53484309.47295491
S0,2031,45-49,47935006.55358924
S0,2031,50-54,40276133.29105504
S0,2031,55-59,35129210.54150657
S0,2031,60-64,31494812.75825459
S0,2031,65-69,25346115.77216135
S0,2031,70-74,19003712.29060482
S0,2031,75+,24078126.9948958
S0,2031,0-8,
S0,2031,9-14,
S0,2031,0-17,
S0,2031,18-29,
S0,2031,30-65,
S0,2031,66+,
S0,2031,15-26,
S0,2031,27-45,
S0,2031,46-65,
S0,2032,00-04,52684928.47374994
S0,2032,05-09,54116281.36529556
S0,2032,10-14,55871445.11802138
S0,2032,15-19,57046593.06620613
S0,2032,20-24,58206864.58345534
S0,2032,25-29,59714231.8467533
S0,2032,30-34,59370770.21537186
S0,2032,35-39,57483537.27516272
S0,2032,40-44,53957249.44997262
S0,2032,45-49,49043516.29228461
S0,2032,50-54,41451153.65320503
S0,2032,55-59,36107947.74319047
S0,2032,60-64,32069159.91484381
S0,2032,65-69,25818644.40006388
S0,2032,70-74,19494231.47346134
S0,2032,75+,25308339.50428636
S0,2032,0-8,
S0,2032,9-14,
S0,2032,0-17,
S0,2032,18-29,
S0,2032,30-65,
S0,2032,66+,
S0,2032,15-26,
S0,2032,27-45,
S0,2032,46-65,
S0,2033,00-04,52688488.72757749
S0,2033,05-09,54087252.34266509
S0,2033,10-14,55333983.18570357
S0,2033,15-19,56361896.87616896
S0,2033,20-24,58081752.91835188
S0,2033,25-29,59110644.84050763
S0,2033,30-34,59829173.40610044
S0,2033,35-39,57673147.99721806
S0,2033,40-44,54453209.84051355
S0,2033,45-49,50031282.838602155
S0,2033,50-54,42722646.19191238
S0,2033,55-59,37036841.01801192
S0,2033,60-64,32658819.82732318
S0,2033,65-69,26326845.517150454
S0,2033,70-74,20006211.07821441
S0,2033,75+,26566309.816573944
S0,2033,0-8,
S0,2033,9-14,
S0,2033,0-17,
S0,2033,18-29,
S0,2033,30-65,
S0,2033,66+,
S0,2033,15-26,
S0,2033,27-45,
S0,2033,46-65,
S0,2034,00-04,52661261.7145824
S0,2034,05-09,54032493.59776463
S0,2034,10-14,54717680.25548213
S0,2034,15-19,55939762.67561318
S0,2034,20-24,57818002.43864112
S0,2034,25-29,58633917.31582253
S0,2034,30-34,60109528.05762027
S0,2034,35-39,57918571.56837881
S0,2034,40-44,54870289.3614638
S0,2034,45-49,50951917.75630088
S0,2034,50-54,44054640.31696977
S0,2034,55-59,37940581.57746539
S0,2034,60-64,33291680.3733561
S0,2034,65-69,26884114.451438032
S0,2034,70-74,20547956.56539352
S0,2034,75+,27837152.53473308
S0,2034,0-8,
S0,2034,9-14,
S0,2034,0-17,
S0,2034,18-29,
S0,2034,30-65,
S0,2034,66+,
S0,2034,15-26,
S0,2034,27-45,
S0,2034,46-65,
S0,2035,00-04,52590545.46304667
S0,2035,05-09,53950032.90199193
S0,2035,10-14,54330596.635590285
S0,2035,15-19,55723332.00269273
S0,2035,20-24,57109480.28541223
S0,2035,25-29,58313124.87750378
S0,2035,30-34,60244816.48026676
S0,2035,35-39,58176415.21893487
S0,2035,40-44,55273603.27596038
S0,2035,45-49,51765795.89118719
S0,2035,50-54,45399328.40084988
S0,2035,55-59,38902295.02406567
S0,2035,60-64,33990836.0230477
S0,2035,65-69,27451495.52452859
S0,2035,70-74,21116354.94652361
S0,2035,75+,29123217.05895141
S0,2035,0-8,
S0,2035,9-14,
S0,2035,0-17,
S0,2035,18-29,
S0,2035,30-65,
S0,2035,66+,
S0,2035,15-26,
S0,2035,27-45,
S0,2035,46-65,
S0,2036,00-04,52468812.43405279
S0,2036,05-09,53872821.12055209
S0,2036,10-14,54209830.73653054
S0,2036,15-19,55181285.43693967
S0,2036,20-24,56586560.12054537
S0,2036,25-29,58070821.04912986
S0,2036,30-34,60052916.14440645
S0,2036,35-39,58571813.45415224
S0,2036,40-44,55699199.92376462
S0,2036,45-49,52491350.84344321
S0,2036,50-54,46631129.11107939
S0,2036,55-59,40030477.857767
S0,2036,60-64,34671095.25213761
S0,2036,65-69,28079566.52037831
S0,2036,70-74,21667364.459758803
S0,2036,75+,30444887.389743634
S0,2036,0-8,
S0,2036,9-14,
S0,2036,0-17,
S0,2036,18-29,
S0,2036,30-65,
S0,2036,66+,
S0,2036,15-26,
S0,2036,27-45,
S0,2036,46-65,
S0,2037,00-04,52308429.05086789
S0,2037,05-09,53772087.67109184
S0,2037,10-14,54156630.97698443
S0,2037,15-19,54532927.47224553
S0,2037,20-24,56190668.24005801
S0,2037,25-29,57929854.43214867
S0,2037,30-34,59601721.39143702
S0,2037,35-39,59076394.90768282
S0,2037,40-44,56116937.41203104
S0,2037,45-49,53079122.81580159
S0,2037,50-54,47903369.17237899
S0,2037,55-59,41150984.87786114
S0,2037,60-64,35404515.1457389
S0,2037,65-69,28781365.48749548
S0,2037,70-74,22237286.22103677
S0,2037,75+,31796722.57644822
S0,2037,0-8,
S0,2037,9-14,
S0,2037,0-17,
S0,2037,18-29,
S0,2037,30-65,
S0,2037,66+,
S0,2037,15-26,
S0,2037,27-45,
S0,2037,46-65,
S0,2038,00-04,52110992.83057403
S0,2038,05-09,53639091.18639299
S0,2038,10-14,54098650.7502899
S0,2038,15-19,54202474.62318705
S0,2038,20-24,55560716.97121895
S0,2038,25-29,57842007.28779188
S0,2038,30-34,59093673.77803601
S0,2038,35-39,59523265.39797732
S0,2038,40-44,56539549.94738725
S0,2038,45-49,53687719.41610939
S0,2038,50-54,49037597.57341374
S0,2038,55-59,42358346.19177663
S0,2038,60-64,36119726.99811691
S0,2038,65-69,29507861.04961823
S0,2038,70-74,22842140.97792034
S0,2038,75+,33179657.17203996
S0,2038,0-8,
S0,2038,9-14,
S0,2038,0-17,
S0,2038,18-29,
S0,2038,30-65,
S0,2038,66+,
S0,2038,15-26,
S0,2038,27-45,
S0,2038,46-65,
S0,2039,00-04,51855228.49861202
S0,2039,05-09,53486134.041346475
S0,2039,10-14,54029463.00678235
S0,2039,15-19,53772530.48747801
S0,2039,20-24,55185306.66745144
S0,2039,25-29,57614922.81626943
S0,2039,30-34,58704861.20184885
S0,2039,35-39,59811966.75573641
S0,2039,40-44,57003392.40243296
S0,2039,45-49,54210221.26119481
S0,2039,50-54,50077406.62228873
S0,2039,55-59,43613595.18636056
S0,2039,60-64,36844524.39777274
S0,2039,65-69,30281575.71701462
S0,2039,70-74,23491192.77517708
S0,2039,75+,34586383.07830971
S0,2039,0-8,
S0,2039,9-14,
S0,2039,0-17,
S0,2039,18-29,
S0,2039,30-65,
S0,2039,66+,
S0,2039,15-26,
S0,2039,27-45,
S0,2039,46-65,
S0,2040,00-04,51540994.00578292
S0,2040,05-09,53296225.87732951
S0,2040,10-14,53941959.99849751
S0,2040,15-19,53540249.79008891
S0,2040,20-24,55003333.26727059
S0,2040,25-29,56936138.14780816
S0,2040,30-34,58458157.92025511
S0,2040,35-39,59969534.80713569
S0,2040,40-44,57457853.33256695
S0,2040,45-49,54703830.54997192
S0,2040,50-54,50974903.21252784
S0,2040,55-59,44865622.24613108
S0,2040,60-64,37661189.67704149
S0,2040,65-69,31118627.31715682
S0,2040,70-74,24146095.707734495
S0,2040,75+,36012798.56424367
S0,2040,0-8,
S0,2040,9-14,
S0,2040,0-17,
S0,2040,18-29,
S0,2040,30-65,
S0,2040,66+,
S0,2040,15-26,
S0,2040,27-45,
S0,2040,46-65,
S0,2041,00-04,51182311.59426406
S0,2041,05-09,53055427.22980997
S0,2041,10-14,53861037.23186186
S0,2041,15-19,53534826.27585775
S0,2041,20-24,54476614.05861046
S0,2041,25-29,56427725.62430725
S0,2041,30-34,58267148.44796887
S0,2041,35-39,59805866.67268611
S0,2041,40-44,58016267.33653381
S0,2041,45-49,55195148.47544561
S0,2041,50-54,51737239.5111063
S0,2041,55-59,45984807.31752224
S0,2041,60-64,38673009.68983375
S0,2041,65-69,31935328.134630725
S0,2041,70-74,24847044.002146304
S0,2041,75+,37435778.055674575
S0,2041,0-8,
S0,2041,9-14,
S0,2041,0-17,
S0,2041,18-29,
S0,2041,30-65,
S0,2041,66+,
S0,2041,15-26,
S0,2041,27-45,
S0,2041,46-65,
S0,2042,00-04,50782031.345102996
S0,2042,05-09,52773669.00491196
S0,2042,10-14,53742842.41593186
S0,2042,15-19,53555501.67891744
S0,2042,20-24,53821303.14860369
S0,2042,25-29,56025724.69863325
S0,2042,30-34,58148653.69242737
S0,2042,35-39,59368761.06482904
S0,2042,40-44,58639776.42281006
S0,2042,45-49,55648481.08712947
S0,2042,50-54,52325920.160227776
S0,2042,55-59,47131559.349873826
S0,2042,60-64,39692905.35208395
S0,2042,65-69,32782066.54564833
S0,2042,70-74,25597767.26655878
S0,2042,75+,38875616.13111251
S0,2042,0-8,
S0,2042,9-14,
S0,2042,0-17,
S0,2042,18-29,
S0,2042,30-65,
S0,2042,66+,
S0,2042,15-26,
S0,2042,27-45,
S0,2042,46-65,
S0,2043,00-04,50359488.85917325
S0,2043,05-09,52456717.96114989
S0,2043,10-14,53570320.04643854
S0,2043,15-19,53530576.788421035
S0,2043,20-24,53460949.86174497
S0,2043,25-29,55366914.15483893
S0,2043,30-34,58053959.24040863
S0,2043,35-39,58846736.4154448
S0,2043,40-44,59156691.94206492
S0,2043,45-49,56075819.76196543
S0,2043,50-54,52912509.10450172
S0,2043,55-59,48143835.04339508
S0,2043,60-64,40795030.47527538
S0,2043,65-69,33576139.01498078
S0,2043,70-74,26348698.75154614
S0,2043,75+,40351374.0833862
S0,2043,0-8,
S0,2043,9-14,
S0,2043,0-17,
S0,2043,18-29,
S0,2043,30-65,
S0,2043,66+,
S0,2043,15-26,
S0,2043,27-45,
S0,2043,46-65,
S0,2044,00-04,49929976.10746333
S0,2044,05-09,52088613.6435481
S0,2044,10-14,53360690.35915955
S0,2044,15-19,53457188.982694164
S0,2044,20-24,52982815.50863891
S0,2044,25-29,54943913.0035148
S0,2044,30-34,57794034.1365079
S0,2044,35-39,58419960.53854768
S0,2044,40-44,59469399.55138103
S0,2044,45-49,56516951.2359992
S0,2044,50-54,53395839.13813019
S0,2044,55-59,49071949.23665674
S0,2044,60-64,41946153.322084084
S0,2044,65-69,34342694.05211855
S0,2044,70-74,27119057.06953393
S0,2044,75+,41865001.82269384
S0,2044,0-8,
S0,2044,9-14,
S0,2044,0-17,
S0,2044,18-29,
S0,2044,30-65,
S0,2044,66+,
S0,2044,15-26,
S0,2044,27-45,
S0,2044,46-65,
S0,2045,00-04,49500712.76204881
S0,2045,05-09,51681634.94804285
S0,2045,10-14,53108848.46063161
S0,2045,15-19,53339584.23271321
S0,2045,20-24,52695813.53911877
S0,2045,25-29,54708036.48571885
S0,2045,30-34,57068444.52610993
S0,2045,35-39,58123024.41384746
S0,2045,40-44,59614641.52075674
S0,2045,45-49,56931800.7480409
S0,2045,50-54,53842210.69204913
S0,2045,55-59,49880919.6499164
S0,2045,60-64,43107034.6738693
S0,2045,65-69,35161998.37572838
S0,2045,70-74,27924189.285698205
S0,2045,75+,43386679.3041099
S0,2045,0-8,
S0,2045,9-14,
S0,2045,0-17,
S0,2045,18-29,
S0,2045,30-65,
S0,2045,66+,
S0,2045,15-26,
S0,2045,27-45,
S0,2045,46-65,
S0,2046,00-04,49052773.10750692
S0,2046,05-09,51262817.40520957
S0,2046,10-14,52813827.10986809
S0,2046,15-19,53214366.22081505
S0,2046,20-24,52640429.39015973
S0,2046,25-29,54135137.631223515
S0,2046,30-34,56515509.09868282
S0,2046,35-39,57883949.39492159
S0,2046,40-44,59417378.49649169
S0,2046,45-49,57445704.8631248
S0,2046,50-54,54289928.73405255
S0,2046,55-59,50590924.15627685
S0,2046,60-64,44164723.53407235
S0,2046,65-69,36134348.1521482
S0,2046,70-74,28691770.8735073
S0,2046,75+,44939841.538479835
S0,2046,0-8,
S0,2046,9-14,
S0,2046,0-17,
S0,2046,18-29,
S0,2046,30-65,
S0,2046,66+,
S0,2046,15-26,
S0,2046,27-45,
S0,2046,46-65,
S0,2047,00-04,48620336.37562579
S0,2047,05-09,50826453.375481755
S0,2047,10-14,52490282.79522745
S0,2047,15-19,53053113.40810712
S0,2047,20-24,52620088.73433986
S0,2047,25-29,53443815.56708363
S0,2047,30-34,56076822.88641707
S0,2047,35-39,57726021.49008462
S0,2047,40-44,58946011.87354304
S0,2047,45-49,58030301.57017826
S0,2047,50-54,54710534.97734663
S0,2047,55-59,51157253.86551257
S0,2047,60-64,45269180.88887072
S0,2047,65-69,37105245.7557019
S0,2047,70-74,29483588.55116061
S0,2047,75+,46557348.85441876
S0,2047,0-8,
S0,2047,9-14,
S0,2047,0-17,
S0,2047,18-29,
S0,2047,30-65,
S0,2047,66+,
S0,2047,15-26,
S0,2047,27-45,
S0,2047,46-65,
S0,2048,00-04,48199604.93903203
S0,2048,05-09,50381482.82601283
S0,2048,10-14,52145743.7465717
S0,2048,15-19,52851398.58953246
S0,2048,20-24,52566575.0766473
S0,2048,25-29,53059847.61611902
S0,2048,30-34,55395311.8178217
S0,2048,35-39,57605709.42642421
S0,2048,40-44,58404474.70388211
S0,2048,45-49,58521673.81449625
S0,2048,50-54,55117359.36506926
S0,2048,55-59,51731850.581013
S0,2048,60-64,46253007.53585107
S0,2048,65-69,38159332.50517214
S0,2048,70-74,30233133.44742401
S0,2048,75+,48213145.646824874
S0,2048,0-8,
S0,2048,9-14,
S0,2048,0-17,
S0,2048,18-29,
S0,2048,30-65,
S0,2048,66+,
S0,2048,15-26,
S0,2048,27-45,
S0,2048,46-65,
S0,2049,00-04,47794261.64793311
S0,2049,05-09,49943150.60525455
S0,2049,10-14,51764139.70130625
S0,2049,15-19,52626087.50602008
S0,2049,20-24,52476938.24845158
S0,2049,25-29,52571811.00691878
S0,2049,30-34,54964502.01719958
S0,2049,35-39,57336611.04894108
S0,2049,40-44,57972068.785444334
S0,2049,45-49,58824432.16997259
S0,2049,50-54,55550427.21341036
S0,2049,55-59,52217279.5205349
S0,2049,60-64,47166811.436097115
S0,2049,65-69,39267678.11770969
S0,2049,70-74,30966155.85032811
S0,2049,75+,49929751.514035985
S0,2049,0-8,
S0,2049,9-14,
S0,2049,0-17,
S0,2049,18-29,
S0,2049,30-65,
S0,2049,66+,
S0,2049,15-26,
S0,2049,27-45,
S0,2049,46-65,
S0,2050,00-04,47409736.56692077
S0,2050,05-09,49513327.98033723
S0,2050,10-14,51353064.18411539
S0,2050,15-19,52368439.76088551
S0,2050,20-24,52352090.82368157
S0,2050,25-29,52282372.77505307
S0,2050,30-34,54729074.65834372
S0,2050,35-39,56615558.75817426
S0,2050,40-44,57678422.98472419
S0,2050,45-49,58971469.53448153
S0,2050,50-54,55967353.51412968
S0,2050,55-59,52675921.46886595
S0,2050,60-64,47974938.63948294
S0,2050,65-69,40393105.53959287
S0,2050,70-74,31754492.126976408
S0,2050,75+,51690608.905791365
S0,2050,0-8,
S0,2050,9-14,
S0,2050,0-17,
S0,2050,18-29,
S0,2050,30-65,
S0,2050,66+,
S0,2050,15-26,
S0,2050,27-45,
S0,2050,46-65,
S0,2051,00-04,47057393.52742918
S0,2051,05-09,49068473.08862576
S0,2051,10-14,50934321.30845258
S0,2051,15-19,52072575.7433094
S0,2051,20-24,52224794.28859114
S0,2051,25-29,52228483.97270614
S0,2051,30-34,54160796.01790022
S0,2051,35-39,56069845.2898469
S0,2051,40-44,57446042.83833101
S0,2051,45-49,58783933.27190734
S0,2051,50-54,56485859.3033599
S0,2051,55-59,53139466.49197689
S0,2051,60-64,48691326.52734309
S0,2051,65-69,41426187.59533404
S0,2051,70-74,32685281.11317905
S0,2051,75+,53449586.636435956
S0,2051,0-8,
S0,2051,9-14,
S0,2051,0-17,
S0,2051,18-29,
S0,2051,30-65,
S0,2051,66+,
S0,2051,15-26,
S0,2051,27-45,
S0,2051,46-65,
S0,2052,00-04,46727964.01414274
S0,2052,05-09,48639222.7213856
S0,2052,10-14,50498322.57074893
S0,2052,15-19,51748440.63196081
S0,2052,20-24,52061633.24960404
S0,2052,25-29,52209804.20667297
S0,2052,30-34,53474568.67297284
S0,2052,35-39,55637769.98828295
S0,2052,40-44,57294119.65782057
S0,2052,45-49,58325452.20038607
S0,2052,50-54,57073999.031472
S0,2052,55-59,53576578.22348784
S0,2052,60-64,49270617.77456231
S0,2052,65-69,42504836.05242996
S0,2052,70-74,33617230.13164767
S0,2052,75+,55286698.27153905
S0,2052,0-8,
S0,2052,9-14,
S0,2052,0-17,
S0,2052,18-29,
S0,2052,30-65,
S0,2052,66+,
S0,2052,15-26,
S0,2052,27-45,
S0,2052,46-65,
S0,2053,00-04,46420526.61610657
S0,2053,05-09,48221309.1785241
S0,2053,10-14,50053437.5535937
S0,2053,15-19,51403521.61941858
S0,2053,20-24,51859030.08062446
S0,2053,25-29,52158945.08850765
S0,2053,30-34,53095869.65523299
S0,2053,35-39,54965130.34234637
S0,2053,40-44,57179447.85359167
S0,2053,45-49,57797568.823091775
S0,2053,50-54,57570084.72399175
S0,2053,55-59,54000251.63609817
S0,2053,60-64,49857734.72408058
S0,2053,65-69,43469951.57952702
S0,2053,70-74,34624803.98541833
S0,2053,75+,57121476.70048153
S0,2053,0-8,
S0,2053,9-14,
S0,2053,0-17,
S0,2053,18-29,
S0,2053,30-65,
S0,2053,66+,
S0,2053,15-26,
S0,2053,27-45,
S0,2053,46-65,
S0,2054,00-04,46134326.56861195
S0,2054,05-09,47819804.39993433
S0,2054,10-14,49615922.34824925
S0,2054,15-19,51022769.49993637
S0,2054,20-24,51634711.08693661
S0,2054,25-29,52074525.59982976
S0,2054,30-34,52615237.1318966
S0,2054,35-39,54542415.91153946
S0,2054,40-44,56917853.66536536
S0,2054,45-49,57378119.65999654
S0,2054,50-54,57880329.77888113
S0,2054,55-59,54449623.659480125
S0,2054,60-64,50359134.45287629
S0,2054,65-69,44370186.25416533
S0,2054,70-74,35682472.09872466
S0,2054,75+,58993199.25504171
S0,2054,0-8,
S0,2054,9-14,
S0,2054,0-17,
S0,2054,18-29,
S0,2054,30-65,
S0,2054,66+,
S0,2054,15-26,
S0,2054,27-45,
S0,2054,46-65,
S0,2055,00-04,45842679.49388565
S0,2055,05-09,47437897.69960074
S0,2055,10-14,49186146.40896451
S0,2055,15-19,50611869.73206446
S0,2055,20-24,51376077.78748579
S0,2055,25-29,51952511.77655056
S0,2055,30-34,52331437.5351559
S0,2055,35-39,54312056.67426421
S0,2055,40-44,56206882.58589805
S0,2055,45-49,57095427.50650762
S0,2055,50-54,58036354.51034813
S0,2055,55-59,54882536.01035114
S0,2055,60-64,50834346.68549071
S0,2055,65-69,45171673.383779734
S0,2055,70-74,36757527.69622267
S0,2055,75+,60951672.08835571
S0,2055,0-8,
S0,2055,9-14,
S0,2055,0-17,
S0,2055,18-29,
S0,2055,30-65,
S0,2055,66+,
S0,2055,15-26,
S0,2055,27-45,
S0,2055,46-65,
S0,2056,00-04,45565785.69556022
S0,2056,05-09,47087018.57393661
S0,2056,10-14,48740563.71978198
S0,2056,15-19,50193217.84555484
S0,2056,20-24,51079900.08512068
S0,2056,25-29,51827739.7697449
S0,2056,30-34,52282049.76921282
S0,2056,35-39,53750963.44334991
S0,2056,40-44,55669433.336410314
S0,2056,45-49,56872588.33206849
S0,2056,50-54,57862787.490199
S0,2056,55-59,55415209.0837636
S0,2056,60-64,51313962.909001544
S0,2056,65-69,45886839.42622349
S0,2056,70-74,37751140.28432214
S0,2056,75+,63034627.55270485
S0,2056,0-8,
S0,2056,9-14,
S0,2056,0-17,
S0,2056,18-29,
S0,2056,30-65,
S0,2056,66+,
S0,2056,15-26,
S0,2056,27-45,
S0,2056,46-65,
S0,2057,00-04,45307334.69269776
S0,2057,05-09,46757908.44552369
S0,2057,10-14,48309705.09302424
S0,2057,15-19,49756456.06879667
S0,2057,20-24,50753458.44956405
S0,2057,25-29,51664759.17234757
S0,2057,30-34,52266288.58036018
S0,2057,35-39,53072127.95504761
S0,2057,40-44,55244141.01560847
S0,2057,45-49,56728536.05584897
S0,2057,50-54,57422285.78529365
S0,2057,55-59,56015810.06339298
S0,2057,60-64,51767718.83537988
S0,2057,65-69,46474415.27671301
S0,2057,70-74,38788687.94581938
S0,2057,75+,65186192.51675441
S0,2057,0-8,
S0,2057,9-14,
S0,2057,0-17,
S0,2057,18-29,
S0,2057,30-65,
S0,2057,66+,
S0,2057,15-26,
S0,2057,27-45,
S0,2057,46-65,
S0,2058,00-04,45067979.30317184
S0,2058,05-09,46450952.01224144
S0,2058,10-14,47890465.221465364
S0,2058,15-19,49311949.15824025
S0,2058,20-24,50408298.14911061
S0,2058,25-29,51463732.219683096
S0,2058,30-34,52218685.783080444
S0,2058,35-39,52698300.62472971
S0,2058,40-44,54580090.04371734
S0,2058,45-49,56621205.86523688
S0,2058,50-54,56913487.03843609
S0,2058,55-59,56525266.62591443
S0,2058,60-64,52208543.6563074
S0,2058,65-69,47069274.76461992
S0,2058,70-74,39722583.10236495
S0,2058,75+,67399108.02894352
S0,2058,0-8,
S0,2058,9-14,
S0,2058,0-17,
S0,2058,18-29,
S0,2058,30-65,
S0,2058,66+,
S0,2058,15-26,
S0,2058,27-45,
S0,2058,46-65,
S0,2059,00-04,44826524.08519297
S0,2059,05-09,46164155.02223416
S0,2059,10-14,47487040.80166775
S0,2059,15-19,48874370.34400705
S0,2059,20-24,50026979.13104175
S0,2059,25-29,51239465.55644819
S0,2059,30-34,52135545.77003866
S0,2059,35-39,52222238.24114103
S0,2059,40-44,54163247.23690625
S0,2059,45-49,56367605.03783111
S0,2059,50-54,56510964.84050611
S0,2059,55-59,56851027.88798204
S0,2059,60-64,52673952.47655389
S0,2059,65-69,47583610.66485354
S0,2059,70-74,40599056.52200456
S0,2059,75+,69689675.10864013
S0,2059,0-8,
S0,2059,9-14,
S0,2059,0-17,
S0,2059,18-29,
S0,2059,30-65,
S0,2059,66+,
S0,2059,15-26,
S0,2059,27-45,
S0,2059,46-65,
S0,2060,00-04,44596492.101194024
S0,2060,05-09,45873820.333659634
S0,2060,10-14,47104569.41323118
S0,2060,15-19,48445718.83198172
S0,2060,20-24,49618030.79186739
S0,2060,25-29,50984417.57318846
S0,2060,30-34,52018007.363894865
S0,2060,35-39,51943490.84901354
S0,2060,40-44,53938200.818964526
S0,2060,45-49,55669657.78966379
S0,2060,50-54,56243968.28976396
S0,2060,55-59,57025294.87790176
S0,2060,60-64,53124076.55917114
S0,2060,65-69,48074404.85745348
S0,2060,70-74,41387564.82045593
S0,2060,75+,72069078.42171608
S0,2060,0-8,
S0,2060,9-14,
S0,2060,0-17,
S0,2060,18-29,
S0,2060,30-65,
S0,2060,66+,
S0,2060,15-26,
S0,2060,27-45,
S0,2060,46-65,
S0,2061,00-04,44360902.45333754
S0,2061,05-09,45597270.19530864
S0,2061,10-14,46752560.47450414
S0,2061,15-19,48001119.83532557
S0,2061,20-24,49200461.12411751
S0,2061,25-29,50690016.27677575
S0,2061,30-34,51895676.33590866
S0,2061,35-39,51895697.925990686
S0,2061,40-44,53383979.06698822
S0,2061,45-49,55143130.05769276
S0,2061,50-54,56034907.48329155
S0,2061,55-59,56875211.92532821
S0,2061,60-64,53670976.30294248
S0,2061,65-69,48568966.78031716
S0,2061,70-74,42096915.09972055
S0,2061,75+,74481810.50330423
S0,2061,0-8,
S0,2061,9-14,
S0,2061,0-17,
S0,2061,18-29,
S0,2061,30-65,
S0,2061,66+,
S0,2061,15-26,
S0,2061,27-45,
S0,2061,46-65,
S0,2062,00-04,44095540.312815696
S0,2062,05-09,45340257.12851147
S0,2062,10-14,46423091.670977
S0,2062,15-19,47571328.94357814
S0,2062,20-24,48764370.24638496
S0,2062,25-29,50365585.43965115
S0,2062,30-34,51736322.79429853
S0,2062,35-39,51882235.65697488
S0,2062,40-44,52713651.87626605
S0,2062,45-49,54728225.03329419
S0,2062,50-54,55903213.02123829
S0,2062,55-59,56463105.77456859
S0,2062,60-64,54284021.97020795
S0,2062,65-69,49039400.3098481
S0,2062,70-74,42691995.65221144
S0,2062,75+,76987730.9378392
S0,2062,0-8,
S0,2062,9-14,
S0,2062,0-17,
S0,2062,18-29,
S0,2062,30-65,
S0,2062,66+,
S0,2062,15-26,
S0,2062,27-45,
S0,2062,46-65,
S0,2063,00-04,43828383.747898355
S0,2063,05-09,45101141.62819277
S0,2063,10-14,46115048.5229308
S0,2063,15-19,47152968.81906801
S0,2063,20-24,48320303.26921909
S0,2063,25-29,50020720.65357708
S0,2063,30-34,51536666.95683406
S0,2063,35-39,51835726.89515784
S0,2063,40-44,52344936.60774815
S0,2063,45-49,54075843.23404349
S0,2063,50-54,55806727.4955973
S0,2063,55-59,55983124.42133261
S0,2063,60-64,54807538.15034159
S0,2063,65-69,49497173.85017044
S0,2063,70-74,43292777.36937068
S0,2063,75+,79448385.22928877
S0,2063,0-8,
S0,2063,9-14,
S0,2063,0-17,
S0,2063,18-29,
S0,2063,30-65,
S0,2063,66+,
S0,2063,15-26,
S0,2063,27-45,
S0,2063,46-65,
S0,2064,00-04,43555816.94616149
S0,2064,05-09,44860576.22247808
S0,2064,10-14,45827535.27939612
S0,2064,15-19,46751070.79679048
S0,2064,20-24,47884998.66578932
S0,2064,25-29,49641828.27978434
S0,2064,30-34,51315082.91693987
S0,2064,35-39,51754839.89360548
S0,2064,40-44,51875444.32894373
S0,2064,45-49,53668786.30935698
S0,2064,50-54,55565960.1965816
S0,2064,55-59,55607669.81517953
S0,2064,60-64,55152041.2391694
S0,2064,65-69,49978145.64470647
S0,2064,70-74,43820148.32015672
S0,2064,75+,81919788.72108577
S0,2064,0-8,
S0,2064,9-14,
S0,2064,0-17,
S0,2064,18-29,
S0,2064,30-65,
S0,2064,66+,
S0,2064,15-26,
S0,2064,27-45,
S0,2064,46-65,
S0,2065,00-04,43283352.86907621
S0,2065,05-09,44629994.31141657
S0,2065,10-14,45535607.67137174
S0,2065,15-19,46369057.67058297
S0,2065,20-24,47457267.92126177
S0,2065,25-29,49233184.88911277
S0,2065,30-34,51060378.85481068
S0,2065,35-39,51638325.69905163
S0,2065,40-44,51600741.36883901
S0,2065,45-49,53450279.85414256
S0,2065,50-54,54886193.71635029
S0,2065,55-59,55365353.3686223
S0,2065,60-64,55348677.047346145
S0,2065,65-69,50444841.42419889
S0,2065,70-74,44327118.206600234
S0,2065,75+,84388238.07891896
S0,2065,0-8,
S0,2065,9-14,
S0,2065,0-17,
S0,2065,18-29,
S0,2065,30-65,
S0,2065,66+,
S0,2065,15-26,
S0,2065,27-45,
S0,2065,46-65,
S0,2066,00-04,42997727.0660092
S0,2066,05-09,44393830.192877814
S0,2066,10-14,45257514.17808263
S0,2066,15-19,46017105.89793643
S0,2066,20-24,47013484.32678127
S0,2066,25-29,48815622.99690595
S0,2066,30-34,50766060.87428993
S0,2066,35-39,51516905.62907553
S0,2066,40-44,51554935.89847638
S0,2066,45-49,52905342.98473581
S0,2066,50-54,54375447.20621464
S0,2066,55-59,55178717.19078597
S0,2066,60-64,55230030.001761675
S0,2066,65-69,51003984.38627686
S0,2066,70-74,44836903.00498661
S0,2066,75+,86804295.99332428
S0,2066,0-8,
S0,2066,9-14,
S0,2066,0-17,
S0,2066,18-29,
S0,2066,30-65,
S0,2066,66+,
S0,2066,15-26,
S0,2066,27-45,
S0,2066,46-65,
S0,2067,00-04,42718591.86153586
S0,2067,05-09,44130318.6523741
S0,2067,10-14,45000551.14185697
S0,2067,15-19,45689282.18537101
S0,2067,20-24,46588188.09642939
S0,2067,25-29,48384814.77711931
S0,2067,30-34,50446151.603590086
S0,2067,35-39,51361727.34140588
S0,2067,40-44,51545015.29925609
S0,2067,45-49,52246862.68657209
S0,2067,50-54,53976025.13431466
S0,2067,55-59,55068302.97782709
S0,2067,60-64,54857967.26181832
S0,2067,65-69,51627215.42321356
S0,2067,70-74,45325933.79351318
S0,2067,75+,89200610.12701483
S0,2067,0-8,
S0,2067,9-14,
S0,2067,0-17,
S0,2067,18-29,
S0,2067,30-65,
S0,2067,66+,
S0,2067,15-26,
S0,2067,27-45,
S0,2067,46-65,
S0,2068,00-04,42416621.20081042
S0,2068,05-09,43864413.39033657
S0,2068,10-14,44761129.54202176
S0,2068,15-19,45382140.17414092
S0,2068,20-24,46173074.392477214
S0,2068,25-29,47944495.34551804
S0,2068,30-34,50104556.69737138
S0,2068,35-39,51165842.80437943
S0,2068,40-44,51501745.22966424
S0,2068,45-49,51886603.09902205
S0,2068,50-54,53341534.24077156
S0,2068,55-59,54991450.98427936
S0,2068,60-64,54419205.26979941
S0,2068,65-69,52163471.2401612
S0,2068,70-74,45802949.8886296
S0,2068,75+,91556093.86034824
S0,2068,0-8,
S0,2068,9-14,
S0,2068,0-17,
S0,2068,18-29,
S0,2068,30-65,
S0,2068,66+,
S0,2068,15-26,
S0,2068,27-45,
S0,2068,46-65,
S0,2069,00-04,42104438.67798991
S0,2069,05-09,43591733.95531522
S0,2069,10-14,44519509.71747099
S0,2069,15-19,45094547.1943435
S0,2069,20-24,45772743.04119639
S0,2069,25-29,47510169.52285501
S0,2069,30-34,49726213.345540226
S0,2069,35-39,50946399.22526933
S0,2069,40-44,51423125.82876015
S0,2069,45-49,51425951.15926328
S0,2069,50-54,52948613.43699174
S0,2069,55-59,54771316.70005508
S0,2069,60-64,54081306.45746341
S0,2069,65-69,52527140.14266023
S0,2069,70-74,46300792.73225113
S0,2069,75+,93850025.79574282
S0,2069,0-8,
S0,2069,9-14,
S0,2069,0-17,
S0,2069,18-29,
S0,2069,30-65,
S0,2069,66+,
S0,2069,15-26,
S0,2069,27-45,
S0,2069,46-65,
S0,2070,00-04,41769154.32623281
S0,2070,05-09,43320501.25914358
S0,2070,10-14,44288957.00541556
S0,2070,15-19,44803628.65286078
S0,2070,20-24,45393482.660793155
S0,2070,25-29,47085094.53604308
S0,2070,30-34,49319676.39797296
S0,2070,35-39,50695248.68795461
S0,2070,40-44,51309810.30266628
S0,2070,45-49,51158652.32909842
S0,2070,50-54,52740612.55830545
S0,2070,55-59,54117717.38987027
S0,2070,60-64,53873270.17192129
S0,2070,65-69,52749222.52169222
S0,2070,70-74,46786186.55091292
S0,2070,75+,96121233.67823477
S0,2070,0-8,
S0,2070,9-14,
S0,2070,0-17,
S0,2070,18-29,
S0,2070,30-65,
S0,2070,66+,
S0,2070,15-26,
S0,2070,27-45,
S0,2070,46-65,
S0,2071,00-04,41432800.87302005
S0,2071,05-09,43036203.388592735
S0,2071,10-14,44052910.70958037
S0,2071,15-19,44526326.38435578
S0,2071,20-24,45043885.79312773
S0,2071,25-29,46644061.020171806
S0,2071,30-34,48904570.19319698
S0,2071,35-39,50405112.38485821
S0,2071,40-44,51191725.9320894
S0,2071,45-49,51117925.03201932
S0,2071,50-54,52210265.86886111
S0,2071,55-59,53630979.25606951
S0,2071,60-64,53717875.12847293
S0,2071,65-69,52670374.80211482
S0,2071,70-74,47358491.26953761
S0,2071,75+,98348755.64534184
S0,2071,0-8,
S0,2071,9-14,
S0,2071,0-17,
S0,2071,18-29,
S0,2071,30-65,
S0,2071,66+,
S0,2071,15-26,
S0,2071,27-45,
S0,2071,46-65,
S0,2072,00-04,41095334.61704241
S0,2072,05-09,42756481.00537749
S0,2072,10-14,43788455.503561184
S0,2072,15-19,44269219.81653758
S0,2072,20-24,44717481.23241148
S0,2072,25-29,46219091.11335873
S0,2072,30-34,48473086.01290277
S0,2072,35-39,50087395.16344006
S0,2072,40-44,51038662.776470244
S0,2072,45-49,51111724.227675185
S0,2072,50-54,51567623.94229466
S0,2072,55-59,53253888.01255517
S0,2072,60-64,53635195.01750977
S0,2072,65-69,52350105.93266849
S0,2072,70-74,47990499.700294495
S0,2072,75+,100537657.61041106
S0,2072,0-8,
S0,2072,9-14,
S0,2072,0-17,
S0,2072,18-29,
S0,2072,30-65,
S0,2072,66+,
S0,2072,15-26,
S0,2072,27-45,
S0,2072,46-65,
S0,2073,00-04,40751187.89946193
S0,2073,05-09,42454784.83546096
S0,2073,10-14,43522395.04336028
S0,2073,15-19,44029998.06981599
S0,2073,20-24,44412414.0957118
S0,2073,25-29,45805479.585391045
S0,2073,30-34,48033188.918378145
S0,2073,35-39,49748929.77609829
S0,2073,40-44,50845603.29841665
S0,2073,45-49,51072705.99791409
S0,2073,50-54,51218990.63814548
S0,2073,55-59,52643985.76149511
S0,2073,60-64,53584416.28493295
S0,2073,65-69,51966107.28122417
S0,2073,70-74,48539683.60816714
S0,2073,75+,102680847.31509864
S0,2073,0-8,
S0,2073,9-14,
S0,2073,0-17,
S0,2073,18-29,
S0,2073,30-65,
S0,2073,66+,
S0,2073,15-26,
S0,2073,27-45,
S0,2073,46-65,
S0,2074,00-04,40412381.9982392
S0,2074,05-09,42143588.86445493
S0,2074,10-14,43250105.14050209
S0,2074,15-19,43789170.73073934
S0,2074,20-24,44128058.66866019
S0,2074,25-29,45408555.67341626
S0,2074,30-34,47600982.99279813
S0,2074,35-39,49375145.11300163
S0,2074,40-44,50629866.683309
S0,2074,45-49,50999120.14451438
S0,2074,50-54,50772245.40522619
S0,2074,55-59,52273116.79616737
S0,2074,60-64,53393724.04498832
S0,2074,65-69,51679061.51681474
S0,2074,70-74,48926987.14138138
S0,2074,75+,104802668.14357568
S0,2074,0-8,
S0,2074,9-14,
S0,2074,0-17,
S0,2074,18-29,
S0,2074,30-65,
S0,2074,66+,
S0,2074,15-26,
S0,2074,27-45,
S0,2074,46-65,
S0,2075,00-04,40084820.16414917
S0,2075,05-09,41808859.16553465
S0,2075,10-14,42979019.66072161
S0,2075,15-19,43559033.21460798
S0,2075,20-24,43840169.346542045
S0,2075,25-29,45032218.68220598
S0,2075,30-34,47177462.50020926
S0,2075,35-39,48972965.73277837
S0,2075,40-44,50382271.71639891
S0,2075,45-49,50890843.86177012
S0,2075,50-54,50515872.6815822
S0,2075,55-59,52082551.31702453
S0,2075,60-64,52778938.61713796
S0,2075,65-69,51516283.46266596
S0,2075,70-74,49180578.1413633
S0,2075,75+,106895409.84207726
S0,2075,0-8,
S0,2075,9-14,
S0,2075,0-17,
S0,2075,18-29,
S0,2075,30-65,
S0,2075,66+,
S0,2075,15-26,
S0,2075,27-45,
S0,2075,46-65,
S0,2076,00-04,39749971.26309753
S0,2076,05-09,41473587.46589009
S0,2076,10-14,42695495.92030756
S0,2076,15-19,43323790.06931607
S0,2076,20-24,43565861.07928349
S0,2076,25-29,44685650.33210244
S0,2076,30-34,46738385.22810094
S0,2076,35-39,48562657.1250238
S0,2076,40-44,50096188.75384757
S0,2076,45-49,50777943.72212285
S0,2076,50-54,50482671.13594908
S0,2076,55-59,51573244.06854936
S0,2076,60-64,52327179.22575584
S0,2076,65-69,51401924.7543434
S0,2076,70-74,49153649.89309266
S0,2076,75+,109038237.09527656
S0,2076,0-8,
S0,2076,9-14,
S0,2076,0-17,
S0,2076,18-29,
S0,2076,30-65,
S0,2076,66+,
S0,2076,15-26,
S0,2076,27-45,
S0,2076,46-65,
S0,2077,00-04,39417834.70130929
S0,2077,05-09,41137287.08650754
S0,2077,10-14,42416700.6762275
S0,2077,15-19,43060929.30099881
S0,2077,20-24,43312352.55289841
S0,2077,25-29,44362800.90101367
S0,2077,30-34,46315612.87850189
S0,2077,35-39,48136255.06247339
S0,2077,40-44,49782797.05922881
S0,2077,45-49,50630374.13200226
S0,2077,50-54,50483409.011996746
S0,2077,55-59,50953417.48052035
S0,2077,60-64,51982618.21630076
S0,2077,65-69,51355497.92888461
S0,2077,70-74,48902455.97703093
S0,2077,75+,111211407.6157927
S0,2077,0-8,
S0,2077,9-14,
S0,2077,0-17,
S0,2077,18-29,
S0,2077,30-65,
S0,2077,66+,
S0,2077,15-26,
S0,2077,27-45,
S0,2077,46-65,
S0,2078,00-04,39105182.58008987
S0,2078,05-09,40793888.1020481
S0,2078,10-14,42115750.09282205
S0,2078,15-19,42796185.28278041
S0,2078,20-24,43076195.6627971
S0,2078,25-29,44060866.088093385
S0,2078,30-34,45903931.48953392
S0,2078,35-39,47701295.85536257
S0,2078,40-44,49448596.18958825
S0,2078,45-49,50442940.17550564
S0,2078,50-54,50451554.3469075
S0,2078,55-59,50623302.89235601
S0,2078,60-64,51409510.980261624
S0,2078,65-69,51338188.242637575
S0,2078,70-74,48591831.6128457
S0,2078,75+,113279501.05401985
S0,2078,0-8,
S0,2078,9-14,
S0,2078,0-17,
S0,2078,18-29,
S0,2078,30-65,
S0,2078,66+,
S0,2078,15-26,
S0,2078,27-45,
S0,2078,46-65,
S0,2079,00-04,38792183.57531926
S0,2079,05-09,40455846.26015972
S0,2079,10-14,41805456.99663725
S0,2079,15-19,42525746.55521211
S0,2079,20-24,42839562.40703075
S0,2079,25-29,43780510.33349989
S0,2079,30-34,45509216.46376477
S0,2079,35-39,47274052.71915546
S0,2079,40-44,49079319.39996949
S0,2079,45-49,50232913.30251679
S0,2079,50-54,50385401.62611222
S0,2079,55-59,50196570.4479236
S0,2079,60-64,51069577.75949641
S0,2079,65-69,51185144.19381649
S0,2079,70-74,48371133.7750925
S0,2079,75+,115180838.9337339
S0,2079,0-8,
S0,2079,9-14,
S0,2079,0-17,
S0,2079,18-29,
S0,2079,30-65,
S0,2079,66+,
S0,2079,15-26,
S0,2079,27-45,
S0,2079,46-65,
S0,2080,00-04,38482949.09342115
S0,2080,05-09,40128440.65592134
S0,2080,10-14,41471278.99194198
S0,2080,15-19,42255848.202010185
S0,2080,20-24,42612563.66233459
S0,2080,25-29,43495679.04932955
S0,2080,30-34,45134419.15358549
S0,2080,35-39,46854928.41310755
S0,2080,40-44,48681458.71523051
S0,2080,45-49,49990993.71380375
S0,2080,50-54,50284773.76606816
S0,2080,55-59,49957457.37135448
S0,2080,60-64,50903098.62706058
S0,2080,65-69,50623700.006858245
S0,2080,70-74,48268092.17855863
S0,2080,75+,116954806.50168437
S0,2080,0-8,
S0,2080,9-14,
S0,2080,0-17,
S0,2080,18-29,
S0,2080,30-65,
S0,2080,66+,
S0,2080,15-26,
S0,2080,27-45,
S0,2080,46-65,
S0,2081,00-04,38192108.17355145
S0,2081,05-09,39793498.25747967
S0,2081,10-14,41136351.19178031
S0,2081,15-19,41973442.71678665
S0,2081,20-24,42380040.35645424
S0,2081,25-29,43224094.9862636
S0,2081,30-34,44789417.64331143
S0,2081,35-39,46420374.66693633
S0,2081,40-44,48275466.774455
S0,2081,45-49,49710778.51827291
S0,2081,50-54,50179399.67167277
S0,2081,55-59,49937987.98722532
S0,2081,60-64,50424380.08609031
S0,2081,65-69,50219372.7022118
S0,2081,70-74,48207584.04123534
S0,2081,75+,118530816.74786226
S0,2081,0-8,
S0,2081,9-14,
S0,2081,0-17,
S0,2081,18-29,
S0,2081,30-65,
S0,2081,66+,
S0,2081,15-26,
S0,2081,27-45,
S0,2081,46-65,
S0,2082,00-04,37895194.8449652
S0,2082,05-09,39461054.97919281
S0,2082,10-14,40800345.79929146
S0,2082,15-19,41695971.15491967
S0,2082,20-24,42120661.07407738
S0,2082,25-29,42973387.15035132
S0,2082,30-34,44467894.15706894
S0,2082,35-39,46001793.06694825
S0,2082,40-44,47853354.23593447
S0,2082,45-49,49403348.39618786
S0,2082,50-54,50039679.56204896
S0,2082,55-59,49951811.10702407
S0,2082,60-64,49838217.03118075
S0,2082,65-69,49919288.08616471
S0,2082,70-74,48209354.48929224
S0,2082,75+,119949787.0524114
S0,2082,0-8,
S0,2082,9-14,
S0,2082,0-17,
S0,2082,18-29,
S0,2082,30-65,
S0,2082,66+,
S0,2082,15-26,
S0,2082,27-45,
S0,2082,46-65,
S0,2083,00-04,37609744.68618572
S0,2083,05-09,39148435.79569376
S0,2083,10-14,40457521.07389174
S0,2083,15-19,41396976.35871664
S0,2083,20-24,41860083.77655936
S0,2083,25-29,42740899.9494838
S0,2083,30-34,44168088.414750904
S0,2083,35-39,45594737.3267042
S0,2083,40-44,47423050.72105329
S0,2083,45-49,49075388.3417604
S0,2083,50-54,49860591.38019727
S0,2083,55-59,49933245.581381604
S0,2083,60-64,49534389.33967321
S0,2083,65-69,49398030.85284628
S0,2083,70-74,48236697.35023604
S0,2083,75+,121237313.22649185
S0,2083,0-8,
S0,2083,9-14,
S0,2083,0-17,
S0,2083,18-29,
S0,2083,30-65,
S0,2083,66+,
S0,2083,15-26,
S0,2083,27-45,
S0,2083,46-65,
S0,2084,00-04,37336841.69130404
S0,2084,05-09,38834020.49897885
S0,2084,10-14,40119227.14645535
S0,2084,15-19,41088021.05497622
S0,2084,20-24,41592127.3577482
S0,2084,25-29,42505117.03501911
S0,2084,30-34,43887226.21346469
S0,2084,35-39,45202797.78843605
S0,2084,40-44,46999333.302925244
S0,2084,45-49,48711868.8061009
S0,2084,50-54,49658594.42752198
S0,2084,55-59,49880141.98371309
S0,2084,60-64,49136440.08777168
S0,2084,65-69,49101272.63136215
S0,2084,70-74,48134848.66346405
S0,2084,75+,122473459.1206153
S0,2084,0-8,
S0,2084,9-14,
S0,2084,0-17,
S0,2084,18-29,
S0,2084,30-65,
S0,2084,66+,
S0,2084,15-26,
S0,2084,27-45,
S0,2084,46-65,
S0,2085,00-04,37076430.85192766
S0,2085,05-09,38524119.37443215
S0,2085,10-14,39792096.8781899
S0,2085,15-19,40756302.86059194
S0,2085,20-24,41326112.1200397
S0,2085,25-29,42280741.43194017
S0,2085,30-34,43603429.6140703
S0,2085,35-39,44831673.15074691
S0,2085,40-44,46584384.3416877
S0,2085,45-49,48320399.79470168
S0,2085,50-54,49425339.73893574
S0,2085,55-59,49792905.51387426
S0,2085,60-64,48921571.25063223
S0,2085,65-69,48966842.20801581
S0,2085,70-74,47646026.13736577
S0,2085,75+,123717580.59309496
S0,2085,0-8,
S0,2085,9-14,
S0,2085,0-17,
S0,2085,18-29,
S0,2085,30-65,
S0,2085,66+,
S0,2085,15-26,
S0,2085,27-45,
S0,2085,46-65,
S0,2086,00-04,36818337.2082128
S0,2086,05-09,38232202.2946024
S0,2086,10-14,39457235.32948177
S0,2086,15-19,40423339.76076016
S0,2086,20-24,41046240.29215363
S0,2086,25-29,42049271.93473256
S0,2086,30-34,43332008.26772425
S0,2086,35-39,44489590.33793697
S0,2086,40-44,46153733.20290238
S0,2086,45-49,47920526.6899111
S0,2086,50-54,49153898.25648438
S0,2086,55-59,49700457.09210268
S0,2086,60-64,48920279.57396179
S0,2086,65-69,48530919.55888794
S0,2086,70-74,47306252.36311948
S0,2086,75+,124834760.33172181
S0,2086,0-8,
S0,2086,9-14,
S0,2086,0-17,
S0,2086,18-29,
S0,2086,30-65,
S0,2086,66+,
S0,2086,15-26,
S0,2086,27-45,
S0,2086,46-65,
S0,2087,00-04,36584497.09432325
S0,2087,05-09,37933355.80893774
S0,2087,10-14,39124396.10406451
S0,2087,15-19,40089094.84588937
S0,2087,20-24,40770607.28870167
S0,2087,25-29,41789520.03462865
S0,2087,30-34,43079945.95184501
S0,2087,35-39,44169779.490688905
S0,2087,40-44,45738257.67083308
S0,2087,45-49,47504090.8967586
S0,2087,50-54,48855027.79683388
S0,2087,55-59,49573342.69783526
S0,2087,60-64,48950676.24292603
S0,2087,65-69,47992266.22373226
S0,2087,70-74,47065681.45306876
S0,2087,75+,125879570.25146635
S0,2087,0-8,
S0,2087,9-14,
S0,2087,0-17,
S0,2087,18-29,
S0,2087,30-65,
S0,2087,66+,
S0,2087,15-26,
S0,2087,27-45,
S0,2087,46-65,
S0,2088,00-04,36355684.23638961
S0,2088,05-09,37646945.49472775
S0,2088,10-14,38812081.10696674
S0,2088,15-19,39749687.83535278
S0,2088,20-24,40476909.57153685
S0,2088,25-29,41531865.03458121
S0,2088,30-34,42848001.75461933
S0,2088,35-39,43872679.82689242
S0,2088,40-44,45335023.40682967
S0,2088,45-49,47080010.70196815
S0,2088,50-54,48536138.27144286
S0,2088,55-59,49407165.31600413
S0,2088,60-64,48949201.34445
S0,2088,65-69,47724017.83774308
S0,2088,70-74,46613785.2057028
S0,2088,75+,126847435.03917375
S0,2088,0-8,
S0,2088,9-14,
S0,2088,0-17,
S0,2088,18-29,
S0,2088,30-65,
S0,2088,66+,
S0,2088,15-26,
S0,2088,27-45,
S0,2088,46-65,
S0,2089,00-04,36135011.97654284
S0,2089,05-09,37373075.86377695
S0,2089,10-14,38498006.31701095
S0,2089,15-19,39414199.50496916
S0,2089,20-24,40172008.7584125
S0,2089,25-29,41265952.56192239
S0,2089,30-34,42612583.63959873
S0,2089,35-39,43594329.89811369
S0,2089,40-44,44946705.07510045
S0,2089,45-49,46662274.63555059
S0,2089,50-54,48181796.29216002
S0,2089,55-59,49217851.577092126
S0,2089,60-64,48913421.77571864
S0,2089,65-69,47366522.88736591
S0,2089,70-74,46374670.48038943
S0,2089,75+,127666082.89238212
S0,2089,0-8,
S0,2089,9-14,
S0,2089,0-17,
S0,2089,18-29,
S0,2089,30-65,
S0,2089,66+,
S0,2089,15-26,
S0,2089,27-45,
S0,2089,46-65,
S0,2090,00-04,35919107.18016084
S0,2090,05-09,37110902.15414003
S0,2090,10-14,38187990.9904518
S0,2090,15-19,39089533.82559057
S0,2090,20-24,39844064.82617211
S0,2090,25-29,41000842.58609923
S0,2090,30-34,42387291.2437115
S0,2090,35-39,43312175.915579736
S0,2090,40-44,44578487.87963508
S0,2090,45-49,46252734.73403613
S0,2090,50-54,47799357.22203191
S0,2090,55-59,48996899.63601285
S0,2090,60-64,48843517.13720779
S0,2090,65-69,47184302.38749814
S0,2090,70-74,46281843.96740396
S0,2090,75+,128153259.65505184
S0,2090,0-8,
S0,2090,9-14,
S0,2090,0-17,
S0,2090,18-29,
S0,2090,30-65,
S0,2090,66+,
S0,2090,15-26,
S0,2090,27-45,
S0,2090,46-65,
S0,2091,00-04,35701097.72547711
S0,2091,05-09,36851631.12349437
S0,2091,10-14,37896353.47703315
S0,2091,15-19,38757424.57078303
S0,2091,20-24,39514433.1414243
S0,2091,25-29,40721907.98751572
S0,2091,30-34,42155678.39646917
S0,2091,35-39,43042990.00701681
S0,2091,40-44,44239590.952484
S0,2091,45-49,45827895.34630436
S0,2091,50-54,47408806.680904716
S0,2091,55-59,48738122.59571099
S0,2091,60-64,48768525.58090626
S0,2091,65-69,47206475.08611317
S0,2091,70-74,45903548.66521978
S0,2091,75+,128691996.7318155
S0,2091,0-8,
S0,2091,9-14,
S0,2091,0-17,
S0,2091,18-29,
S0,2091,30-65,
S0,2091,66+,
S0,2091,15-26,
S0,2091,27-45,
S0,2091,46-65,
S0,2092,00-04,35481045.96589569
S0,2092,05-09,36617191.24062026
S0,2092,10-14,37598274.72998595
S0,2092,15-19,38427869.64379559
S0,2092,20-24,39184124.48749186
S0,2092,25-29,40447750.68540485
S0,2092,30-34,41896354.56501114
S0,2092,35-39,42793500.25443647
S0,2092,40-44,43923120.21237554
S0,2092,45-49,45418255.15748353
S0,2092,50-54,47001872.95840319
S0,2092,55-59,48451976.96074404
S0,2092,60-64,48659277.03989969
S0,2092,65-69,47258594.86575282
S0,2092,70-74,45430305.76501118
S0,2092,75+,129282644.20587474
S0,2092,0-8,
S0,2092,9-14,
S0,2092,0-17,
S0,2092,18-29,
S0,2092,30-65,
S0,2092,66+,
S0,2092,15-26,
S0,2092,27-45,
S0,2092,46-65,
S0,2093,00-04,35256765.46343695
S0,2093,05-09,36386783.17475517
S0,2093,10-14,37312064.61488296
S0,2093,15-19,38118961.56049236
S0,2093,20-24,38849943.05281397
S0,2093,25-29,40155303.28519754
S0,2093,30-34,41637330.50942142
S0,2093,35-39,42562614.09362223
S0,2093,40-44,43628363.47137371
S0,2093,45-49,45020169.713611364
S0,2093,50-54,46586910.69582158
S0,2093,55-59,48145434.94436434
S0,2093,60-64,48511252.592187956
S0,2093,65-69,47279784.36015277
S0,2093,70-74,45211359.88128974
S0,2093,75+,129633623.43130033
S0,2093,0-8,
S0,2093,9-14,
S0,2093,0-17,
S0,2093,18-29,
S0,2093,30-65,
S0,2093,66+,
S0,2093,15-26,
S0,2093,27-45,
S0,2093,46-65,
S0,2094,00-04,35015175.98067585
S0,2094,05-09,36164931.54177555
S0,2094,10-14,37038678.62106199
S0,2094,15-19,37807915.46872769
S0,2094,20-24,38518346.13057698
S0,2094,25-29,39851000.67856752
S0,2094,30-34,41370247.3826423
S0,2094,35-39,42328560.04964122
S0,2094,40-44,43352379.49052608
S0,2094,45-49,44636925.40888514
S0,2094,50-54,46178113.87185255
S0,2094,55-59,47803476.71256867
S0,2094,60-64,48340192.16016428
S0,2094,65-69,47267425.630768225
S0,2094,70-74,44910369.14720949
S0,2094,75+,130077648.23799884
S0,2094,0-8,
S0,2094,9-14,
S0,2094,0-17,
S0,2094,18-29,
S0,2094,30-65,
S0,2094,66+,
S0,2094,15-26,
S0,2094,27-45,
S0,2094,46-65,
S0,2095,00-04,34767873.48393442
S0,2095,05-09,35948536.13947583
S0,2095,10-14,36777553.4811504
S0,2095,15-19,37501659.10014498
S0,2095,20-24,38198562.16781434
S0,2095,25-29,39524826.33958502
S0,2095,30-34,41104773.88245558
S0,2095,35-39,42105114.42560583
S0,2095,40-44,43073002.29416349
S0,2095,45-49,44273872.36150842
S0,2095,50-54,45777523.09817969
S0,2095,55-59,47433583.14973303
S0,2095,60-64,48138055.98383124
S0,2095,65-69,47222349.44609067
S0,2095,70-74,44775064.16306593
S0,2095,75+,130374069.50569215
S0,2095,0-8,
S0,2095,9-14,
S0,2095,0-17,
S0,2095,18-29,
S0,2095,30-65,
S0,2095,66+,
S0,2095,15-26,
S0,2095,27-45,
S0,2095,46-65,
S0,2096,00-04,34515161.68709671
S0,2096,05-09,35731556.09390796
S0,2096,10-14,36520369.38849226
S0,2096,15-19,37214505.65509064
S0,2096,20-24,37873169.77666704
S0,2096,25-29,39199740.76235227
S0,2096,30-34,40828110.08847316
S0,2096,35-39,41877159.46403184
S0,2096,40-44,42807576.95146979
S0,2096,45-49,43940529.25905853
S0,2096,50-54,45362074.24051744
S0,2096,55-59,47055613.30668047
S0,2096,60-64,47898506.28966068
S0,2096,65-69,47171809.43469919
S0,2096,70-74,44830252.74387061
S0,2096,75+,130478087.70590952
S0,2096,0-8,
S0,2096,9-14,
S0,2096,0-17,
S0,2096,18-29,
S0,2096,30-65,
S0,2096,66+,
S0,2096,15-26,
S0,2096,27-45,
S0,2096,46-65,
S0,2097,00-04,34260467.20329506
S0,2097,05-09,35512849.34913564
S0,2097,10-14,36288069.37721039
S0,2097,15-19,36921233.02427153
S0,2097,20-24,37550746.70107269
S0,2097,25-29,38874553.33476526
S0,2097,30-34,40556697.18517601
S0,2097,35-39,41622050.15426116
S0,2097,40-44,42561921.58148503
S0,2097,45-49,43629540.8718033
S0,2097,50-54,44961667.31823865
S0,2097,55-59,46661263.52804118
S0,2097,60-64,47631895.80054405
S0,2097,65-69,47087988.52933659
S0,2097,70-74,44913270.24636205
S0,2097,75+,130568174.61018544
S0,2097,0-8,
S0,2097,9-14,
S0,2097,0-17,
S0,2097,18-29,
S0,2097,30-65,
S0,2097,66+,
S0,2097,15-26,
S0,2097,27-45,
S0,2097,46-65,
S0,2098,00-04,34004066.74995984
S0,2098,05-09,35288731.8835908
S0,2098,10-14,36059172.66453419
S0,2098,15-19,36639283.39432895
S0,2098,20-24,37248117.91579938
S0,2098,25-29,38543663.61222158
S0,2098,30-34,40264649.06174604
S0,2098,35-39,41365650.09231962
S0,2098,40-44,42333760.57178435
S0,2098,45-49,43339435.65605305
S0,2098,50-54,44572146.75682238
S0,2098,55-59,46258383.75431484
S0,2098,60-64,47344662.0101152
S0,2098,65-69,46966028.03003486
S0,2098,70-74,44966312.08544675
S0,2098,75+,130688856.13509114
S0,2098,0-8,
S0,2098,9-14,
S0,2098,0-17,
S0,2098,18-29,
S0,2098,30-65,
S0,2098,66+,
S0,2098,15-26,
S0,2098,27-45,
S0,2098,46-65,
S0,2099,00-04,33745696.13073148
S0,2099,05-09,35048302.45339956
S0,2099,10-14,35839402.98929512
S0,2099,15-19,36369899.78738168
S0,2099,20-24,36942791.23724775
S0,2099,25-29,38215948.27776741
S0,2099,30-34,39962343.82271195
S0,2099,35-39,41102439.76775466
S0,2099,40-44,42103133.8209159
S0,2099,45-49,43068362.22158451
S0,2099,50-54,44197474.43978535
S0,2099,55-59,45861554.47266279
S0,2099,60-64,47022350.79630202
S0,2099,65-69,46821355.37511066
S0,2099,70-74,44987018.71697611
S0,2099,75+,130844810.85367422
S0,2099,0-8,
S0,2099,9-14,
S0,2099,0-17,
S0,2099,18-29,
S0,2099,30-65,
S0,2099,66+,
S0,2099,15-26,
S0,2099,27-45,
S0,2099,46-65,
S0,2100,00-04,33493639.150205582
S0,2100,05-09,34802497.59590454
S0,2100,10-14,35625386.84942724
S0,2100,15-19,36113206.23912448
S0,2100,20-24,36643141.2386787
S0,2100,25-29,37900747.45435298
S0,2100,30-34,39638564.01597211
S0,2100,35-39,40841131.43106715
S0,2100,40-44,41883252.87438881
S0,2100,45-49,42794049.80186499
S0,2100,50-54,43842867.54978447
S0,2100,55-59,45472819.86963354
S0,2100,60-64,46672465.33556017
S0,2100,65-69,46646512.14430937
S0,2100,70-74,44976741.93873233
S0,2100,75+,131039994.61429614
S0,2100,0-8,
S0,2100,9-14,
S0,2100,0-17,
S0,2100,18-29,
S0,2100,30-65,
S0,2100,66+,
S0,2100,15-26,
S0,2100,27-45,
S0,2100,46-65,
S1,1950,00-04,
S1,1950,05-09,
S1,1950,10-14,
S1,1950,15-19,16659794.44249642
S1,1950,20-24,14592569.02087413
S1,1950,25-29,12832909.62088658
S1,1950,30-34,11443040.17045733
S1,1950,35-39,10003466.73737686
S1,1950,40-44,8735326.058504708
S1,1950,45-49,6882738.658426161
S1,1950,50-54,6051233.247535275
S1,1950,55-59,4206953.869285121
S1,1950,60-64,3752303.44484752
S1,1950,65-69,2063501.3948209812
S1,1950,70-74,1618193.733198231
S1,1950,75+,1581319.8074493988
S1,1950,0-8,40418173.48217617
S1,1950,9-14,22526909.69860852
S1,1950,0-17,
S1,1950,18-29,
S1,1950,30-65,
S1,1950,66+,
S1,1950,15-26,
S1,1950,27-45,
S1,1950,46-65,
S1,1951,00-04,
S1,1951,05-09,
S1,1951,10-14,
S1,1951,15-19,16945557.5819275
S1,1951,20-24,14874550.66914646
S1,1951,25-29,13035534.19921096
S1,1951,30-34,11615750.72224103
S1,1951,35-39,10142155.66953764
S1,1951,40-44,8963628.749274597
S1,1951,45-49,7034090.865024463
S1,1951,50-54,6235673.845482533
S1,1951,55-59,4315036.43006249
S1,1951,60-64,3846416.213875389
S1,1951,65-69,2176374.42627954
S1,1951,70-74,1606493.878066129
S1,1951,75+,1584315.3378693203
S1,1951,0-8,41683565.66056859
S1,1951,9-14,22734246.222960882
S1,1951,0-17,
S1,1951,18-29,
S1,1951,30-65,
S1,1951,66+,
S1,1951,15-26,
S1,1951,27-45,
S1,1951,46-65,
S1,1952,00-04,
S1,1952,05-09,
S1,1952,10-14,
S1,1952,15-19,17251250.68827966
S1,1952,20-24,15185982.64847534
S1,1952,25-29,13262512.30893251
S1,1952,30-34,11790818.86078383
S1,1952,35-39,10304559.46806346
S1,1952,40-44,9135622.548904749
S1,1952,45-49,7284132.335697055
S1,1952,50-54,6304240.340955511
S1,1952,55-59,4551113.912471991
S1,1952,60-64,3829732.471691245
S1,1952,65-69,2387986.331511086
S1,1952,70-74,1552220.070352282
S1,1952,75+,1603752.8337099205
S1,1952,0-8,43063143.97682964
S1,1952,9-14,22900273.059670236
S1,1952,0-17,
S1,1952,18-29,
S1,1952,30-65,
S1,1952,66+,
S1,1952,15-26,
S1,1952,27-45,
S1,1952,46-65,
S1,1953,00-04,
S1,1953,05-09,
S1,1953,10-14,
S1,1953,15-19,17562273.82781604
S1,1953,20-24,15513530.9638406
S1,1953,25-29,13507063.87848289
S1,1953,30-34,11964775.106636569
S1,1953,35-39,10488655.51055989
S1,1953,40-44,9254204.548518619
S1,1953,45-49,7605649.243674969
S1,1953,50-54,6291842.975081312
S1,1953,55-59,4896707.669135545
S1,1953,60-64,3717655.372934732
S1,1953,65-69,2657211.619535636
S1,1953,70-74,1493559.593299255
S1,1953,75+,1628914.154911814
S1,1953,0-8,44580247.13372527
S1,1953,9-14,23044199.55028042
S1,1953,0-17,
S1,1953,18-29,
S1,1953,30-65,
S1,1953,66+,
S1,1953,15-26,
S1,1953,27-45,
S1,1953,46-65,
S1,1954,00-04,
S1,1954,05-09,
S1,1954,10-14,
S1,1954,15-19,17827534.29356287
S1,1954,20-24,15826752.81062507
S1,1954,25-29,13751867.15623869
S1,1954,30-34,12132030.92816874
S1,1954,35-39,10671231.63416551
S1,1954,40-44,9350783.118488299
S1,1954,45-49,7934704.683223098
S1,1954,50-54,6275875.668727148
S1,1954,55-59,5242578.97015679
S1,1954,60-64,3616109.8371195
S1,1954,65-69,2904848.677095997
S1,1954,70-74,1466987.184549441
S1,1954,75+,1648271.5563094579
S1,1954,0-8,46210613.707499854
S1,1954,9-14,23210282.960192565
S1,1954,0-17,
S1,1954,18-29,
S1,1954,30-65,
S1,1954,66+,
S1,1954,15-26,
S1,1954,27-45,
S1,1954,46-65,
S1,1955,00-04,
S1,1955,05-09,
S1,1955,10-14,
S1,1955,15-19,18026788.76884415
S1,1955,20-24,16143678.34125999
S1,1955,25-29,14029756.181331448
S1,1955,30-34,12328580.15549455
S1,1955,35-39,10852523.953379221
S1,1955,40-44,9480519.976944543
S1,1955,45-49,8200084.54965277
S1,1955,50-54,6363327.204794841
S1,1955,55-59,5479693.552192749
S1,1955,60-64,3644403.569319049
S1,1955,65-69,3045402.314333075
S1,1955,70-74,1517787.037745956
S1,1955,75+,1654249.5115314396
S1,1955,0-8,47869417.240428664
S1,1955,9-14,23581544.15416269
S1,1955,0-17,
S1,1955,18-29,
S1,1955,30-65,
S1,1955,66+,
S1,1955,15-26,
S1,1955,27-45,
S1,1955,46-65,
S1,1956,00-04,
S1,1956,05-09,
S1,1956,10-14,
S1,1956,15-19,18180257.03566399
S1,1956,20-24,16434693.58105792
S1,1956,25-29,14318448.031214602
S1,1956,30-34,12539403.231718592
S1,1956,35-39,11030461.78409101
S1,1956,40-44,9623440.162449408
S1,1956,45-49,8423359.68527932
S1,1956,50-54,6511966.788168069
S1,1956,55-59,5652689.638721082
S1,1956,60-64,3747918.525115098
S1,1956,65-69,3125245.3940968486
S1,1956,70-74,1610023.0973777333
S1,1956,75+,1656899.6901204688
S1,1956,0-8,49554197.78818723
S1,1956,9-14,24067071.80932979
S1,1956,0-17,
S1,1956,18-29,
S1,1956,30-65,
S1,1956,66+,
S1,1956,15-26,
S1,1956,27-45,
S1,1956,46-65,
S1,1957,00-04,
S1,1957,05-09,
S1,1957,10-14,
S1,1957,15-19,18279773.79483423
S1,1957,20-24,16743926.900279637
S1,1957,25-29,14629838.83480712
S1,1957,30-34,12767628.63333952
S1,1957,35-39,11206343.4918238
S1,1957,40-44,9786139.103773085
S1,1957,45-49,8592434.988716112
S1,1957,50-54,6751006.744157737
S1,1957,55-59,5720849.475885435
S1,1957,60-64,3962286.6800053148
S1,1957,65-69,3116096.393206288
S1,1957,70-74,1774221.98540525
S1,1957,75+,1640736.8559993359
S1,1957,0-8,51258769.005065665
S1,1957,9-14,24649634.268167756
S1,1957,0-17,
S1,1957,18-29,
S1,1957,30-65,
S1,1957,66+,
S1,1957,15-26,
S1,1957,27-45,
S1,1957,46-65,
S1,1958,00-04,
S1,1958,05-09,
S1,1958,10-14,
S1,1958,15-19,18324681.16380533
S1,1958,20-24,17016287.14304384
S1,1958,25-29,14916027.404743139
S1,1958,30-34,12981958.71564319
S1,1958,35-39,11360465.667774841
S1,1958,40-44,9955891.580043366
S1,1958,45-49,8702804.726926642
S1,1958,50-54,7050542.106905015
S1,1958,55-59,5712789.800296858
S1,1958,60-64,4268319.966675065
S1,1958,65-69,3029187.270975472
S1,1958,70-74,1979103.92199619
S1,1958,75+,1624423.5709169172
S1,1958,0-8,52969665.5404623
S1,1958,9-14,25291025.87396086
S1,1958,0-17,
S1,1958,18-29,
S1,1958,30-65,
S1,1958,66+,
S1,1958,15-26,
S1,1958,27-45,
S1,1958,46-65,
S1,1959,00-04,
S1,1959,05-09,
S1,1959,10-14,
S1,1959,15-19,18430847.59757136
S1,1959,20-24,17305703.24643907
S1,1959,25-29,15250573.00930104
S1,1959,30-34,13244386.26395317
S1,1959,35-39,11540772.52568705
S1,1959,40-44,10145594.71121106
S1,1959,45-49,8806505.570202528
S1,1959,50-54,7365997.55747468
S1,1959,55-59,5708164.642154547
S1,1959,60-64,4577431.981763467
S1,1959,65-69,2955483.7369394666
S1,1959,70-74,2167367.440931907
S1,1959,75+,1626507.767363292
S1,1959,0-8,54730481.014659874
S1,1959,9-14,25956970.81602232
S1,1959,0-17,
S1,1959,18-29,
S1,1959,30-65,
S1,1959,66+,
S1,1959,15-26,
S1,1959,27-45,
S1,1959,46-65,
S1,1960,00-04,
S1,1960,05-09,
S1,1960,10-14,
S1,1960,15-19,18628122.82661412
S1,1960,20-24,17507786.60268318
S1,1960,25-29,15562576.20080839
S1,1960,30-34,13517295.59496376
S1,1960,35-39,11733521.171552338
S1,1960,40-44,10323634.04246602
S1,1960,45-49,8934216.605826255
S1,1960,50-54,7617507.530202231
S1,1960,55-59,5794553.362883748
S1,1960,60-64,4788859.012115949
S1,1960,65-69,2987544.010375981
S1,1960,70-74,2273294.426195804
S1,1960,75+,1669827.415067236
S1,1960,0-8,56139216.031200685
S1,1960,9-14,27017257.80102884
S1,1960,0-17,
S1,1960,18-29,
S1,1960,30-65,
S1,1960,66+,
S1,1960,15-26,
S1,1960,27-45,
S1,1960,46-65,
S1,1961,00-04,
S1,1961,05-09,
S1,1961,10-14,
S1,1961,15-19,18919425.97387869
S1,1961,20-24,17670218.39195506
S1,1961,25-29,15855812.005703632
S1,1961,30-34,13805594.86121817
S1,1961,35-39,11943120.718528401
S1,1961,40-44,10500567.658460218
S1,1961,45-49,9075591.742368419
S1,1961,50-54,7830680.166762479
S1,1961,55-59,5937244.035645077
S1,1961,60-64,4944313.49586356
S1,1961,65-69,3081781.885030204
S1,1961,70-74,2333534.235137325
S1,1961,75+,1737060.5087112368
S1,1961,0-8,57540910.38089514
S1,1961,9-14,28163362.787675276
S1,1961,0-17,
S1,1961,18-29,
S1,1961,30-65,
S1,1961,66+,
S1,1961,15-26,
S1,1961,27-45,
S1,1961,46-65,
S1,1962,00-04,
S1,1962,05-09,
S1,1962,10-14,
S1,1962,15-19,19290593.10654796
S1,1962,20-24,17787638.9107444
S1,1962,25-29,16173753.06165424
S1,1962,30-34,14117583.53188189
S1,1962,35-39,12170657.98099356
S1,1962,40-44,10677039.134272229
S1,1962,45-49,9238212.391556762
S1,1962,50-54,7993860.04342472
S1,1962,55-59,6159867.859419191
S1,1962,60-64,5010328.780542624
S1,1962,65-69,3265687.422481543
S1,1962,70-74,2327843.029896033
S1,1962,75+,1837417.1711278826
S1,1962,0-8,58921171.61819987
S1,1962,9-14,29374373.83487136
S1,1962,0-17,
S1,1962,18-29,
S1,1962,30-65,
S1,1962,66+,
S1,1962,15-26,
S1,1962,27-45,
S1,1962,46-65,
S1,1963,00-04,
S1,1963,05-09,
S1,1963,10-14,
S1,1963,15-19,19680624.99677537
S1,1963,20-24,17853385.62448513
S1,1963,25-29,16480755.67783605
S1,1963,30-34,14427118.90100783
S1,1963,35-39,12403433.6536721
S1,1963,40-44,10847017.83198961
S1,1963,45-49,9420525.532295253
S1,1963,50-54,8108253.228541592
S1,1963,55-59,6435990.778844317
S1,1963,60-64,5016559.418018652
S1,1963,65-69,3522508.1462919144
S1,1963,70-74,2266785.634906463
S1,1963,75+,1962174.96531208
S1,1963,0-8,60258170.03661138
S1,1963,9-14,30679559.15344039
S1,1963,0-17,
S1,1963,18-29,
S1,1963,30-65,
S1,1963,66+,
S1,1963,15-26,
S1,1963,27-45,
S1,1963,46-65,
S1,1964,00-04,
S1,1964,05-09,
S1,1964,10-14,
S1,1964,15-19,20054464.35680496
S1,1964,20-24,17957169.14950415
S1,1964,25-29,16769658.97477421
S1,1964,30-34,14746169.93121721
S1,1964,35-39,12657317.060016248
S1,1964,40-44,11027501.2142868
S1,1964,45-49,9616570.696868345
S1,1964,50-54,8210530.426388888
S1,1964,55-59,6717072.025613289
S1,1964,60-64,5027868.87949115
S1,1964,65-69,3775988.763310898
S1,1964,70-74,2216946.092240532
S1,1964,75+,2082861.0017148943
S1,1964,0-8,61567489.19830792
S1,1964,9-14,32115554.01604382
S1,1964,0-17,
S1,1964,18-29,
S1,1964,30-65,
S1,1964,66+,
S1,1964,15-26,
S1,1964,27-45,
S1,1964,46-65,
S1,1965,00-04,
S1,1965,05-09,
S1,1965,10-14,
S1,1965,15-19,20869357.21392293
S1,1965,20-24,18149870.07130589
S1,1965,25-29,16982944.69607402
S1,1965,30-34,15047543.37404619
S1,1965,35-39,12925981.07200567
S1,1965,40-44,11224665.42892251
S1,1965,45-49,9808414.608548997
S1,1965,50-54,8336010.16534422
S1,1965,55-59,6934262.873557876
S1,1965,60-64,5123126.605906684
S1,1965,65-69,3944678.121895332
S1,1965,70-74,2247575.766223381
S1,1965,75+,2169824.5921049006
S1,1965,0-8,62849018.345967226
S1,1965,9-14,33185363.08666063
S1,1965,0-17,
S1,1965,18-29,
S1,1965,30-65,
S1,1965,66+,
S1,1965,15-26,
S1,1965,27-45,
S1,1965,46-65,
S1,1966,00-04,
S1,1966,05-09,
S1,1966,10-14,
S1,1966,15-19,21756715.20474259
S1,1966,20-24,18425956.04624074
S1,1966,25-29,17151907.20269359
S1,1966,30-34,15320872.55276977
S1,1966,35-39,13203298.758227542
S1,1966,40-44,11434155.706867058
S1,1966,45-49,9998807.859293744
S1,1966,50-54,8468092.669183781
S1,1966,55-59,7103588.815633269
S1,1966,60-64,5264491.957876224
S1,1966,65-69,4055631.047075941
S1,1966,70-74,2319038.495032822
S1,1966,75+,2230452.7282576677
S1,1966,0-8,63916016.56826873
S1,1966,9-14,34204901.132195614
S1,1966,0-17,
S1,1966,18-29,
S1,1966,30-65,
S1,1966,66+,
S1,1966,15-26,
S1,1966,27-45,
S1,1966,46-65,
S1,1967,00-04,
S1,1967,05-09,
S1,1967,10-14,
S1,1967,15-19,22686366.227740765
S1,1967,20-24,18764084.09177598
S1,1967,25-29,17253966.35212749
S1,1967,30-34,15592903.166621909
S1,1967,35-39,13490359.70500521
S1,1967,40-44,11653889.55308914
S1,1967,45-49,10188047.64209546
S1,1967,50-54,8614766.740405574
S1,1967,55-59,7219859.05196453
S1,1967,60-64,5480456.608888565
S1,1967,65-69,4088120.841504935
S1,1967,70-74,2456695.589140861
S1,1967,75+,2266999.1656281026
S1,1967,0-8,64925798.11101122
S1,1967,9-14,35196408.98796129
S1,1967,0-17,
S1,1967,18-29,
S1,1967,30-65,
S1,1967,66+,
S1,1967,15-26,
S1,1967,27-45,
S1,1967,46-65,
S1,1968,00-04,
S1,1968,05-09,
S1,1968,10-14,
S1,1968,15-19,23722510.200743183
S1,1968,20-24,19186459.15283092
S1,1968,25-29,17365646.90719468
S1,1968,30-34,15892882.044357028
S1,1968,35-39,13807667.77275173
S1,1968,40-44,11900222.697154958
S1,1968,45-49,10387374.82595544
S1,1968,50-54,8783035.965372123
S1,1968,55-59,7291197.617065399
S1,1968,60-64,5753964.735879617
S1,1968,65-69,4068959.3630511696
S1,1968,70-74,2647544.887021767
S1,1968,75+,2282033.885109577
S1,1968,0-8,65919479.526305534
S1,1968,9-14,36151882.400941424
S1,1968,0-17,
S1,1968,18-29,
S1,1968,30-65,
S1,1968,66+,
S1,1968,15-26,
S1,1968,27-45,
S1,1968,46-65,
S1,1969,00-04,
S1,1969,05-09,
S1,1969,10-14,
S1,1969,15-19,24842260.833608203
S1,1969,20-24,19545527.98723105
S1,1969,25-29,17457109.31723908
S1,1969,30-34,16125624.92843529
S1,1969,35-39,14108979.31189304
S1,1969,40-44,12152787.88687446
S1,1969,45-49,10592380.10135236
S1,1969,50-54,8956982.751501985
S1,1969,55-59,7347695.444036892
S1,1969,60-64,6043265.540588601
S1,1969,65-69,4054523.0278897528
S1,1969,70-74,2839053.97165277
S1,1969,75+,2310133.771733492
S1,1969,0-8,67039034.746185526
S1,1969,9-14,37053592.85839529
S1,1969,0-17,
S1,1969,18-29,
S1,1969,30-65,
S1,1969,66+,
S1,1969,15-26,
S1,1969,27-45,
S1,1969,46-65,
S1,1970,00-04,
S1,1970,05-09,
S1,1970,10-14,
S1,1970,15-19,25613068.11698971
S1,1970,20-24,20373473.58690662
S1,1970,25-29,17657251.81837672
S1,1970,30-34,16292997.899316061
S1,1970,35-39,14404991.511817291
S1,1970,40-44,12427514.674997687
S1,1970,45-49,10820680.27175117
S1,1970,50-54,9124605.909917705
S1,1970,55-59,7421214.66992202
S1,1970,60-64,6284599.51393208
S1,1970,65-69,4103400.1092896
S1,1970,70-74,2967202.026823435
S1,1970,75+,2371237.9060676447
S1,1970,0-8,68127566.77010898
S1,1970,9-14,37908491.43052337
S1,1970,0-17,
S1,1970,18-29,
S1,1970,30-65,
S1,1970,66+,
S1,1970,15-26,
S1,1970,27-45,
S1,1970,46-65,
S1,1971,00-04,
S1,1971,05-09,
S1,1971,10-14,
S1,1971,15-19,26372910.32159774
S1,1971,20-24,21376667.3719379
S1,1971,25-29,18023383.31558632
S1,1971,30-34,16470756.34898508
S1,1971,35-39,14716823.30188851
S1,1971,40-44,12739998.90225689
S1,1971,45-49,11083666.538344849
S1,1971,50-54,9300166.17026367
S1,1971,55-59,7506877.342891413
S1,1971,60-64,6501338.116233701
S1,1971,65-69,4191780.820886148
S1,1971,70-74,3060247.90410703
S1,1971,75+,2452589.3949337783
S1,1971,0-8,69230413.40475504
S1,1971,9-14,38784859.18595148
S1,1971,0-17,
S1,1971,18-29,
S1,1971,30-65,
S1,1971,66+,
S1,1971,15-26,
S1,1971,27-45,
S1,1971,46-65,
S1,1972,00-04,
S1,1972,05-09,
S1,1972,10-14,
S1,1972,15-19,27036497.11632581
S1,1972,20-24,22369966.46320624
S1,1972,25-29,18398851.5628654
S1,1972,30-34,16542607.32919545
S1,1972,35-39,15007268.25026052
S1,1972,40-44,13049161.89935535
S1,1972,45-49,11350485.82363786
S1,1972,50-54,9464292.011057135
S1,1972,55-59,7597753.027240271
S1,1972,60-64,6676480.505429354
S1,1972,65-69,4331824.753716511
S1,1972,70-74,3097789.2907175133
S1,1972,75+,2564326.686551589
S1,1972,0-8,70346627.8245337
S1,1972,9-14,39658164.36237248
S1,1972,0-17,
S1,1972,18-29,
S1,1972,30-65,
S1,1972,66+,
S1,1972,15-26,
S1,1972,27-45,
S1,1972,46-65,
S1,1973,00-04,
S1,1973,05-09,
S1,1973,10-14,
S1,1973,15-19,27676956.90066133
S1,1973,20-24,23530910.2640002
S1,1973,25-29,18883858.63758697
S1,1973,30-34,16627585.24705689
S1,1973,35-39,15330917.991304997
S1,1973,40-44,13391193.57967585
S1,1973,45-49,11647456.80724736
S1,1973,50-54,9634446.592721477
S1,1973,55-59,7705069.472440313
S1,1973,60-64,6820456.023849529
S1,1973,65-69,4511772.129509184
S1,1973,70-74,3102031.069587175
S1,1973,75+,2699430.96527734
S1,1973,0-8,71466813.68365523
S1,1973,9-14,40565070.373094834
S1,1973,0-17,
S1,1973,18-29,
S1,1973,30-65,
S1,1973,66+,
S1,1973,15-26,
S1,1973,27-45,
S1,1973,46-65,
S1,1974,00-04,
S1,1974,05-09,
S1,1974,10-14,
S1,1974,15-19,28223083.80747871
S1,1974,20-24,24805883.84754743
S1,1974,25-29,19347697.13721464
S1,1974,30-34,16725868.1289562
S1,1974,35-39,15617921.208252277
S1,1974,40-44,13734986.57468015
S1,1974,45-49,11961938.29824878
S1,1974,50-54,9809200.189328726
S1,1974,55-59,7814579.73127939
S1,1974,60-64,6957294.749687706
S1,1974,65-69,4694420.524048753
S1,1974,70-74,3111868.5092733717
S1,1974,75+,2838341.2964206627
S1,1974,0-8,72617924.64936377
S1,1974,9-14,41503826.71729056
S1,1974,0-17,
S1,1974,18-29,
S1,1974,30-65,
S1,1974,66+,
S1,1974,15-26,
S1,1974,27-45,
S1,1974,46-65,
S1,1975,00-04,
S1,1975,05-09,
S1,1975,10-14,
S1,1975,15-19,28730945.91261506
S1,1975,20-24,25792022.81375426
S1,1975,25-29,20322230.98122739
S1,1975,30-34,16951578.72016389
S1,1975,35-39,15860945.07539611
S1,1975,40-44,14086523.60767306
S1,1975,45-49,12308748.092038877
S1,1975,50-54,10007016.6614186
S1,1975,55-59,7920515.073723255
S1,1975,60-64,7122448.951549355
S1,1975,65-69,4837680.894627196
S1,1975,70-74,3177620.871203123
S1,1975,75+,2961239.2572647557
S1,1975,0-8,73822862.06303093
S1,1975,9-14,42465159.02301839
S1,1975,0-17,
S1,1975,18-29,
S1,1975,30-65,
S1,1975,66+,
S1,1975,15-26,
S1,1975,27-45,
S1,1975,46-65,
S1,1976,00-04,
S1,1976,05-09,
S1,1976,10-14,
S1,1976,15-19,29241125.83889109
S1,1976,20-24,26741708.54553016
S1,1976,25-29,21408964.296097264
S1,1976,30-34,17271135.60147529
S1,1976,35-39,16070619.75659999
S1,1976,40-44,14424740.50692712
S1,1976,45-49,12675951.85148785
S1,1976,50-54,10221860.74429702
S1,1976,55-59,8025793.579375738
S1,1976,60-64,7303583.896946832
S1,1976,65-69,4956283.308310408
S1,1976,70-74,3277394.485465798
S1,1976,75+,3076894.4167245682
S1,1976,0-8,75002364.7385206
S1,1976,9-14,43375971.38096506
S1,1976,0-17,
S1,1976,18-29,
S1,1976,30-65,
S1,1976,66+,
S1,1976,15-26,
S1,1976,27-45,
S1,1976,46-65,
S1,1977,00-04,
S1,1977,05-09,
S1,1977,10-14,
S1,1977,15-19,29740309.56665678
S1,1977,20-24,27647311.29748036
S1,1977,25-29,22566478.99549223
S1,1977,30-34,17663370.74083887
S1,1977,35-39,16227446.32746692
S1,1977,40-44,14775844.777495828
S1,1977,45-49,13063537.26983905
S1,1977,50-54,10449800.63412477
S1,1977,55-59,8128496.603689052
S1,1977,60-64,7503050.938468086
S1,1977,65-69,5043662.5565313
S1,1977,70-74,3422956.918126693
S1,1977,75+,3178190.541975506
S1,1977,0-8,76253276.44597985
S1,1977,9-14,44287943.21160631
S1,1977,0-17,
S1,1977,18-29,
S1,1977,30-65,
S1,1977,66+,
S1,1977,15-26,
S1,1977,27-45,
S1,1977,46-65,
S1,1978,00-04,
S1,1978,05-09,
S1,1978,10-14,
S1,1978,15-19,30254984.54339745
S1,1978,20-24,28521859.96176418
S1,1978,25-29,23856450.215243965
S1,1978,30-34,18117577.08654495
S1,1978,35-39,16368891.107813999
S1,1978,40-44,15140998.686851371
S1,1978,45-49,13472897.144088339
S1,1978,50-54,10694718.24822754
S1,1978,55-59,8232312.388815407
S1,1978,60-64,7722481.8789642565
S1,1978,65-69,5103836.040557626
S1,1978,70-74,3600935.093367192
S1,1978,75+,3272181.4080284643
S1,1978,0-8,77428815.46665105
S1,1978,9-14,45215713.16522112
S1,1978,0-17,
S1,1978,18-29,
S1,1978,30-65,
S1,1978,66+,
S1,1978,15-26,
S1,1978,27-45,
S1,1978,46-65,
S1,1979,00-04,
S1,1979,05-09,
S1,1979,10-14,
S1,1979,15-19,30754889.01836157
S1,1979,20-24,29267447.06384005
S1,1979,25-29,25237841.91234842
S1,1979,30-34,18532045.55399902
S1,1979,35-39,16514807.36495859
S1,1979,40-44,15465060.41905937
S1,1979,45-49,13881894.906553648
S1,1979,50-54,10950816.81549073
S1,1979,55-59,8339701.711983748
S1,1979,60-64,7948935.41432392
S1,1979,65-69,5156056.06324674
S1,1979,70-74,3781956.05557839
S1,1979,75+,3370212.198840147
S1,1979,0-8,78572706.32121521
S1,1979,9-14,46174354.7590381
S1,1979,0-17,
S1,1979,18-29,
S1,1979,30-65,
S1,1979,66+,
S1,1979,15-26,
S1,1979,27-45,
S1,1979,46-65,
S1,1980,00-04,
S1,1980,05-09,
S1,1980,10-14,
S1,1980,15-19,31306704.548367962
S1,1980,20-24,30023011.2226655
S1,1980,25-29,26345837.19589573
S1,1980,30-34,19429896.54775049
S1,1980,35-39,16784509.30777055
S1,1980,40-44,15744312.483705372
S1,1980,45-49,14298823.84820453
S1,1980,50-54,11233983.58847889
S1,1980,55-59,8468189.226136286
S1,1980,60-64,8176836.540262132
S1,1980,65-69,5227256.650826518
S1,1980,70-74,3931502.859873192
S1,1980,75+,3489731.8736510924
S1,1980,0-8,79858709.39545749
S1,1980,9-14,47146560.56065009
S1,1980,0-17,
S1,1980,18-29,
S1,1980,30-65,
S1,1980,66+,
S1,1980,15-26,
S1,1980,27-45,
S1,1980,46-65,
S1,1981,00-04,
S1,1981,05-09,
S1,1981,10-14,
S1,1981,15-19,31779067.08840967
S1,1981,20-24,30751735.61983323
S1,1981,25-29,27380608.82013247
S1,1981,30-34,20400383.53009487
S1,1981,35-39,17127630.19748648
S1,1981,40-44,15977929.01097111
S1,1981,45-49,14694558.57049369
S1,1981,50-54,11529332.225154418
S1,1981,55-59,8610628.613971367
S1,1981,60-64,8406220.103553066
S1,1981,65-69,5307669.786909966
S1,1981,70-74,4061154.80658255
S1,1981,75+,3622715.2828336055
S1,1981,0-8,81276049.70669995
S1,1981,9-14,48163021.864212535
S1,1981,0-17,
S1,1981,18-29,
S1,1981,30-65,
S1,1981,66+,
S1,1981,15-26,
S1,1981,27-45,
S1,1981,46-65,
S1,1982,00-04,
S1,1982,05-09,
S1,1982,10-14,
S1,1982,15-19,32237748.10761872
S1,1982,20-24,31472694.89617993
S1,1982,25-29,28371868.61800199
S1,1982,30-34,21433914.76448054
S1,1982,35-39,17543659.94947986
S1,1982,40-44,16159019.91706772
S1,1982,45-49,15103091.43893151
S1,1982,50-54,11841477.34148204
S1,1982,55-59,8766401.006943878
S1,1982,60-64,8635631.911006793
S1,1982,65-69,5400497.802399255
S1,1982,70-74,4166244.744364648
S1,1982,75+,3772241.682296013
S1,1982,0-8,82690158.29434344
S1,1982,9-14,49254943.44509795
S1,1982,0-17,
S1,1982,18-29,
S1,1982,30-65,
S1,1982,66+,
S1,1982,15-26,
S1,1982,27-45,
S1,1982,46-65,
S1,1983,00-04,
S1,1983,05-09,
S1,1983,10-14,
S1,1983,15-19,32715308.864920653
S1,1983,20-24,32204377.916889906
S1,1983,25-29,29308562.77277332
S1,1983,30-34,22567301.377190605
S1,1983,35-39,18005893.64092786
S1,1983,40-44,16313992.73988588
S1,1983,45-49,15518369.23070499
S1,1983,50-54,12168537.999884073
S1,1983,55-59,8937565.679240111
S1,1983,60-64,8866901.252603801
S1,1983,65-69,5507411.807428824
S1,1983,70-74,4249891.682728297
S1,1983,75+,3936231.869179751
S1,1983,0-8,84146242.3100151
S1,1983,9-14,50342081.820185885
S1,1983,0-17,
S1,1983,18-29,
S1,1983,30-65,
S1,1983,66+,
S1,1983,15-26,
S1,1983,27-45,
S1,1983,46-65,
S1,1984,00-04,
S1,1984,05-09,
S1,1984,10-14,
S1,1984,15-19,33237624.593930587
S1,1984,20-24,32969051.70818511
S1,1984,25-29,30178177.12661318
S1,1984,30-34,23838110.98185619
S1,1984,35-39,18468266.06988098
S1,1984,40-44,16498418.14928537
S1,1984,45-49,15906580.40463505
S1,1984,50-54,12504276.60649483
S1,1984,55-59,9126931.426642926
S1,1984,60-64,9106672.403339677
S1,1984,65-69,5622671.033073904
S1,1984,70-74,4329576.575990126
S1,1984,75+,4104369.02229835
S1,1984,0-8,85638646.51435027
S1,1984,9-14,51459663.87496472
S1,1984,0-17,
S1,1984,18-29,
S1,1984,30-65,
S1,1984,66+,
S1,1984,15-26,
S1,1984,27-45,
S1,1984,46-65,
S1,1985,00-04,
S1,1985,05-09,
S1,1985,10-14,
S1,1985,15-19,33751193.53984403
S1,1985,20-24,33733814.45721594
S1,1985,25-29,30969059.18220847
S1,1985,30-34,24776627.243465252
S1,1985,35-39,19359364.35659744
S1,1985,40-44,16769121.339272767
S1,1985,45-49,16220526.12729122
S1,1985,50-54,12831896.55069689
S1,1985,55-59,9334133.717247728
S1,1985,60-64,9361731.26328925
S1,1985,65-69,5737761.262008575
S1,1985,70-74,4423811.674328905
S1,1985,75+,4265941.848545404
S1,1985,0-8,87194806.20893268
S1,1985,9-14,52647447.947275266
S1,1985,0-17,
S1,1985,18-29,
S1,1985,30-65,
S1,1985,66+,
S1,1985,15-26,
S1,1985,27-45,
S1,1985,46-65,
S1,1986,00-04,
S1,1986,05-09,
S1,1986,10-14,
S1,1986,15-19,34325942.78408637
S1,1986,20-24,34428859.46950728
S1,1986,25-29,31758481.83450687
S1,1986,30-34,25670900.22807281
S1,1986,35-39,20341449.01243792
S1,1986,40-44,17122712.71994486
S1,1986,45-49,16489215.07677817
S1,1986,50-54,13143403.769339003
S1,1986,55-59,9556799.56656193
S1,1986,60-64,9630518.58589791
S1,1986,65-69,5857385.024130553
S1,1986,70-74,4526960.828908321
S1,1986,75+,4425311.1192436805
S1,1986,0-8,88792964.576474
S1,1986,9-14,53816680.531308934
S1,1986,0-17,
S1,1986,18-29,
S1,1986,30-65,
S1,1986,66+,
S1,1986,15-26,
S1,1986,27-45,
S1,1986,46-65,
S1,1987,00-04,
S1,1987,05-09,
S1,1987,10-14,
S1,1987,15-19,34975026.32941325
S1,1987,20-24,35100193.03200243
S1,1987,25-29,32533923.817949474
S1,1987,30-34,26526241.62338512
S1,1987,35-39,21387842.24414275
S1,1987,40-44,17548256.99711114
S1,1987,45-49,16698766.55816797
S1,1987,50-54,13467110.2165423
S1,1987,55-59,9797751.13841007
S1,1987,60-64,9910019.347130626
S1,1987,65-69,5981180.939733462
S1,1987,70-74,4641459.30268295
S1,1987,75+,4583231.552065727
S1,1987,0-8,90435539.8434555
S1,1987,9-14,54998504.83181919
S1,1987,0-17,
S1,1987,18-29,
S1,1987,30-65,
S1,1987,66+,
S1,1987,15-26,
S1,1987,27-45,
S1,1987,46-65,
S1,1988,00-04,
S1,1988,05-09,
S1,1988,10-14,
S1,1988,15-19,35647276.04803832
S1,1988,20-24,35781708.24376262
S1,1988,25-29,33310456.58077039
S1,1988,30-34,27329727.17832779
S1,1988,35-39,22531066.18187461
S1,1988,40-44,18015779.00925483
S1,1988,45-49,16873035.01612568
S1,1988,50-54,13795772.533423439
S1,1988,55-59,10054180.49101166
S1,1988,60-64,10199408.30473845
S1,1988,65-69,6110250.391972057
S1,1988,70-74,4767556.951605053
S1,1988,75+,4740067.47144181
S1,1988,0-8,92032647.04789245
S1,1988,9-14,56121710.310685754
S1,1988,0-17,
S1,1988,18-29,
S1,1988,30-65,
S1,1988,66+,
S1,1988,15-26,
S1,1988,27-45,
S1,1988,46-65,
S1,1989,00-04,
S1,1989,05-09,
S1,1989,10-14,
S1,1989,15-19,36371080.73713907
S1,1989,20-24,36495408.90896329
S1,1989,25-29,34100489.47854989
S1,1989,30-34,28062362.665427133
S1,1989,35-39,23801360.62587053
S1,1989,40-44,18474549.17948398
S1,1989,45-49,17066319.89463041
S1,1989,50-54,14098282.57267075
S1,1989,55-59,10320658.20820493
S1,1989,60-64,10499857.79514175
S1,1989,65-69,6249581.402736476
S1,1989,70-74,4899810.825022496
S1,1989,75+,4900335.376546928
S1,1989,0-8,93620237.12018833
S1,1989,9-14,57204148.06977205
S1,1989,0-17,
S1,1989,18-29,
S1,1989,30-65,
S1,1989,66+,
S1,1989,15-26,
S1,1989,27-45,
S1,1989,46-65,
S1,1990,00-04,
S1,1990,05-09,
S1,1990,10-14,
S1,1990,15-19,37171855.57170276
S1,1990,20-24,37199537.34265643
S1,1990,25-29,34896993.08796305
S1,1990,30-34,28737558.085776225
S1,1990,35-39,24745365.981964
S1,1990,40-44,19365294.75585519
S1,1990,45-49,17344492.21815911
S1,1990,50-54,14337992.8151339
S1,1990,55-59,10586396.96972194
S1,1990,60-64,10811541.0215592
S1,1990,65-69,6405391.918513432
S1,1990,70-74,5031151.881967435
S1,1990,75+,5068868.590151075
S1,1990,0-8,95117455.05037947
S1,1990,9-14,58332733.54173907
S1,1990,0-17,
S1,1990,18-29,
S1,1990,30-65,
S1,1990,66+,
S1,1990,15-26,
S1,1990,27-45,
S1,1990,46-65,
S1,1991,00-04,
S1,1991,05-09,
S1,1991,10-14,
S1,1991,15-19,37952436.08836585
S1,1991,20-24,37967716.29461443
S1,1991,25-29,35624557.31279122
S1,1991,30-34,29426782.67648921
S1,1991,35-39,25648791.18586389
S1,1991,40-44,20347845.76468077
S1,1991,45-49,17703597.31320216
S1,1991,50-54,14542090.423483621
S1,1991,55-59,10845521.432008032
S1,1991,60-64,11130170.61165171
S1,1991,65-69,6577217.983889163
S1,1991,70-74,5165093.493795366
S1,1991,75+,5244744.2003112305
S1,1991,0-8,96428463.81911102
S1,1991,9-14,59609683.236868486
S1,1991,0-17,
S1,1991,18-29,
S1,1991,30-65,
S1,1991,66+,
S1,1991,15-26,
S1,1991,27-45,
S1,1991,46-65,
S1,1992,00-04,
S1,1992,05-09,
S1,1992,10-14,
S1,1992,15-19,38778473.32101681
S1,1992,20-24,38420246.759548
S1,1992,25-29,36209475.39223429
S1,1992,30-34,30308902.88579619
S1,1992,35-39,26781439.75929381
S1,1992,40-44,20965914.19326904
S1,1992,45-49,17718130.04624443
S1,1992,50-54,14553154.17244423
S1,1992,55-59,11337007.60530354
S1,1992,60-64,11432682.98525061
S1,1992,65-69,6922356.815140465
S1,1992,70-74,5353279.956766293
S1,1992,75+,5446529.729400972
S1,1992,0-8,97793562.62699668
S1,1992,9-14,61165497.540854864
S1,1992,0-17,
S1,1992,18-29,
S1,1992,30-65,
S1,1992,66+,
S1,1992,15-26,
S1,1992,27-45,
S1,1992,46-65,
S1,1993,00-04,
S1,1993,05-09,
S1,1993,10-14,
S1,1993,15-19,39557707.68130147
S1,1993,20-24,38912240.92397553
S1,1993,25-29,36821641.41659127
S1,1993,30-34,31201949.34410084
S1,1993,35-39,27882284.26218089
S1,1993,40-44,21690464.029002964
S1,1993,45-49,17789318.47151543
S1,1993,50-54,14545347.9391632
S1,1993,55-59,11827640.87023738
S1,1993,60-64,11753990.40062515
S1,1993,65-69,7286106.073292963
S1,1993,70-74,5544913.134702986
S1,1993,75+,5655968.3902551755
S1,1993,0-8,99018000.41203472
S1,1993,9-14,62787093.20994919
S1,1993,0-17,
S1,1993,18-29,
S1,1993,30-65,
S1,1993,66+,
S1,1993,15-26,
S1,1993,27-45,
S1,1993,46-65,
S1,1994,00-04,
S1,1994,05-09,
S1,1994,10-14,
S1,1994,15-19,40297994.05645799
S1,1994,20-24,39451472.31388891
S1,1994,25-29,37458762.94623657
S1,1994,30-34,32099544.17100037
S1,1994,35-39,28912269.32980881
S1,1994,40-44,22543940.90828961
S1,1994,45-49,17866754.58053275
S1,1994,50-54,14563453.63884477
S1,1994,55-59,12285478.15810858
S1,1994,60-64,12084693.102965098
S1,1994,65-69,7667380.958511924
S1,1994,70-74,5742015.689844705
S1,1994,75+,5871189.408745757
S1,1994,0-8,100045593.79456228
S1,1994,9-14,64437424.71206221
S1,1994,0-17,
S1,1994,18-29,
S1,1994,30-65,
S1,1994,66+,
S1,1994,15-26,
S1,1994,27-45,
S1,1994,46-65,
S1,1995,00-04,
S1,1995,05-09,
S1,1995,10-14,
S1,1995,15-19,41070736.33412289
S1,1995,20-24,40035205.35200708
S1,1995,25-29,38041501.7164918
S1,1995,30-34,32967715.07223234
S1,1995,35-39,29858622.3421341
S1,1995,40-44,23096008.89386417
S1,1995,45-49,18371211.05104678
S1,1995,50-54,14659795.97666312
S1,1995,55-59,12672375.43745903
S1,1995,60-64,12410142.65809238
S1,1995,65-69,8065138.389135575
S1,1995,70-74,5949037.863636058
S1,1995,75+,6090879.122263775
S1,1995,0-8,100902833.33606015
S1,1995,9-14,66049159.759148315
S1,1995,0-17,
S1,1995,18-29,
S1,1995,30-65,
S1,1995,66+,
S1,1995,15-26,
S1,1995,27-45,
S1,1995,46-65,
S1,1996,00-04,
S1,1996,05-09,
S1,1996,10-14,
S1,1996,15-19,42032615.55993482
S1,1996,20-24,40634194.29257081
S1,1996,25-29,38713307.90075411
S1,1996,30-34,33780514.18273383
S1,1996,35-39,30818900.27289499
S1,1996,40-44,23647877.32907427
S1,1996,45-49,18983596.3511231
S1,1996,50-54,14838086.00015049
S1,1996,55-59,13013478.27246654
S1,1996,60-64,12726580.68724506
S1,1996,65-69,8477539.835127259
S1,1996,70-74,6165445.704281827
S1,1996,75+,6316826.364269124
S1,1996,0-8,101673243.15232266
S1,1996,9-14,67496209.17089988
S1,1996,0-17,
S1,1996,18-29,
S1,1996,30-65,
S1,1996,66+,
S1,1996,15-26,
S1,1996,27-45,
S1,1996,46-65,
S1,1997,00-04,
S1,1997,05-09,
S1,1997,10-14,
S1,1997,15-19,42981685.41417946
S1,1997,20-24,41290196.21835352
S1,1997,25-29,39458238.20561354
S1,1997,30-34,34565154.83558635
S1,1997,35-39,31765030.86959301
S1,1997,40-44,24205196.789545536
S1,1997,45-49,19681620.1253446
S1,1997,50-54,15085039.43568511
S1,1997,55-59,13294277.70421587
S1,1997,60-64,13059903.51829305
S1,1997,65-69,8902684.62657926
S1,1997,70-74,6387675.100454549
S1,1997,75+,6548696.66131597
S1,1997,0-8,102269214.58859669
S1,1997,9-14,68932300.35446349
S1,1997,0-17,
S1,1997,18-29,
S1,1997,30-65,
S1,1997,66+,
S1,1997,15-26,
S1,1997,27-45,
S1,1997,46-65,
S1,1998,00-04,
S1,1998,05-09,
S1,1998,10-14,
S1,1998,15-19,44023162.8836465
S1,1998,20-24,41924762.99125251
S1,1998,25-29,40212702.6486918
S1,1998,30-34,35345203.06365176
S1,1998,35-39,32697217.527750365
S1,1998,40-44,24758722.527089387
S1,1998,45-49,20502397.97108378
S1,1998,50-54,15373787.58943712
S1,1998,55-59,13532387.47717449
S1,1998,60-64,13403493.719112597
S1,1998,65-69,9335818.39459086
S1,1998,70-74,6615622.520885913
S1,1998,75+,6787720.566686546
S1,1998,0-8,102860756.79318824
S1,1998,9-14,70190855.94546872
S1,1998,0-17,
S1,1998,18-29,
S1,1998,30-65,
S1,1998,66+,
S1,1998,15-26,
S1,1998,27-45,
S1,1998,46-65,
S1,1999,00-04,
S1,1999,05-09,
S1,1999,10-14,
S1,1999,15-19,45120663.67977504
S1,1999,20-24,42566367.890481815
S1,1999,25-29,41002924.99929392
S1,1999,30-34,36136983.33086687
S1,1999,35-39,33616390.34912325
S1,1999,40-44,25295904.29233984
S1,1999,45-49,21482812.1284508
S1,1999,50-54,15660869.6198527
S1,1999,55-59,13769458.39983226
S1,1999,60-64,13725982.567587089
S1,1999,65-69,9768551.25560403
S1,1999,70-74,6849968.165005544
S1,1999,75+,7036466.601935986
S1,1999,0-8,103401028.59063783
S1,1999,9-14,71302241.72742033
S1,1999,0-17,
S1,1999,18-29,
S1,1999,30-65,
S1,1999,66+,
S1,1999,15-26,
S1,1999,27-45,
S1,1999,46-65,
S1,2000,00-04,
S1,2000,05-09,
S1,2000,10-14,
S1,2000,15-19,46224385.093816355
S1,2000,20-24,43304874.13174218
S1,2000,25-29,41845802.32391353
S1,2000,30-34,36887251.98657041
S1,2000,35-39,34498476.11575494
S1,2000,40-44,25830587.24762141
S1,2000,45-49,22229908.2047818
S1,2000,50-54,16321256.21685579
S1,2000,55-59,14056356.80360579
S1,2000,60-64,13990213.91043158
S1,2000,65-69,10186617.05834529
S1,2000,70-74,7091033.215563128
S1,2000,75+,7298096.444243994
S1,2000,0-8,103913967.79900727
S1,2000,9-14,72231123.08439043
S1,2000,0-17,
S1,2000,18-29,
S1,2000,30-65,
S1,2000,66+,
S1,2000,15-26,
S1,2000,27-45,
S1,2000,46-65,
S1,2001,00-04,
S1,2001,05-09,
S1,2001,10-14,
S1,2001,15-19,47215844.03441023
S1,2001,20-24,44272146.53408911
S1,2001,25-29,42634817.75120692
S1,2001,30-34,37669250.71896511
S1,2001,35-39,35259859.73102612
S1,2001,40-44,26432955.320123613
S1,2001,45-49,23018267.931712016
S1,2001,50-54,17061834.09264342
S1,2001,55-59,14389410.67045822
S1,2001,60-64,14223529.40276474
S1,2001,65-69,10579459.22199202
S1,2001,70-74,7335418.601219369
S1,2001,75+,7573654.886939323
S1,2001,0-8,104555739.02949363
S1,2001,9-14,73004605.90915507
S1,2001,0-17,
S1,2001,18-29,
S1,2001,30-65,
S1,2001,66+,
S1,2001,15-26,
S1,2001,27-45,
S1,2001,46-65,
S1,2002,00-04,
S1,2002,05-09,
S1,2002,10-14,
S1,2002,15-19,48310029.05793771
S1,2002,20-24,45266352.00852587
S1,2002,25-29,43450038.7152651
S1,2002,30-34,38502722.41163464
S1,2002,35-39,35980404.46941721
S1,2002,40-44,27092640.52950449
S1,2002,45-49,23824141.03729178
S1,2002,50-54,17858628.52490694
S1,2002,55-59,14762748.39142537
S1,2002,60-64,14424197.76127743
S1,2002,65-69,10979270.079704788
S1,2002,70-74,7588304.402123688
S1,2002,75+,7860104.889971211
S1,2002,0-8,105240591.77041492
S1,2002,9-14,73559020.03419794
S1,2002,0-17,
S1,2002,18-29,
S1,2002,30-65,
S1,2002,66+,
S1,2002,15-26,
S1,2002,27-45,
S1,2002,46-65,
S1,2003,00-04,
S1,2003,05-09,
S1,2003,10-14,
S1,2003,15-19,49344595.56522466
S1,2003,20-24,46300990.26664608
S1,2003,25-29,44127324.2140115
S1,2003,30-34,39269744.76202715
S1,2003,35-39,36676594.99547079
S1,2003,40-44,27787065.674598284
S1,2003,45-49,24577748.90739563
S1,2003,50-54,18723798.45598378
S1,2003,55-59,15145636.771372572
S1,2003,60-64,14616557.26991876
S1,2003,65-69,11387735.85663402
S1,2003,70-74,7851568.742118746
S1,2003,75+,8157004.102758496
S1,2003,0-8,105761428.1241397
S1,2003,9-14,74071870.76344645
S1,2003,0-17,
S1,2003,18-29,
S1,2003,30-65,
S1,2003,66+,
S1,2003,15-26,
S1,2003,27-45,
S1,2003,46-65,
S1,2004,00-04,
S1,2004,05-09,
S1,2004,10-14,
S1,2004,15-19,50404542.260123104
S1,2004,20-24,47416734.75093148
S1,2004,25-29,44760574.50558965
S1,2004,30-34,40043908.67538732
S1,2004,35-39,37398049.44186266
S1,2004,40-44,28546669.20625269
S1,2004,45-49,25275522.42116351
S1,2004,50-54,19685776.41504733
S1,2004,55-59,15495008.01773974
S1,2004,60-64,14848615.62690607
S1,2004,65-69,11775817.537042838
S1,2004,70-74,8118882.935088533
S1,2004,75+,8463385.258940455
S1,2004,0-8,106097356.61618221
S1,2004,9-14,74447659.77699716
S1,2004,0-17,
S1,2004,18-29,
S1,2004,30-65,
S1,2004,66+,
S1,2004,15-26,
S1,2004,27-45,
S1,2004,46-65,
S1,2005,00-04,
S1,2005,05-09,
S1,2005,10-14,
S1,2005,15-19,51444287.85693179
S1,2005,20-24,48586920.62784328
S1,2005,25-29,45463052.80479877
S1,2005,30-34,40858590.03873056
S1,2005,35-39,38100264.92872259
S1,2005,40-44,29368927.848871805
S1,2005,45-49,25931535.134728447
S1,2005,50-54,20372321.27977793
S1,2005,55-59,16180629.21935698
S1,2005,60-64,15173564.502003822
S1,2005,65-69,12105435.928759981
S1,2005,70-74,8378255.990751045
S1,2005,75+,8778197.489786407
S1,2005,0-8,106232701.06286639
S1,2005,9-14,74740125.77257773
S1,2005,0-17,
S1,2005,18-29,
S1,2005,30-65,
S1,2005,66+,
S1,2005,15-26,
S1,2005,27-45,
S1,2005,46-65,
S1,2006,00-04,
S1,2006,05-09,
S1,2006,10-14,
S1,2006,15-19,52412268.69854993
S1,2006,20-24,49583191.48460343
S1,2006,25-29,46257880.01124053
S1,2006,30-34,41528956.32672213
S1,2006,35-39,38804543.29578228
S1,2006,40-44,30167219.41134984
S1,2006,45-49,26598108.78917382
S1,2006,50-54,21008225.82965964
S1,2006,55-59,16896116.57525432
S1,2006,60-64,15583873.81896969
S1,2006,65-69,12393950.888851568
S1,2006,70-74,8622512.776427722
S1,2006,75+,9100798.750245998
S1,2006,0-8,106077491.46056786
S1,2006,9-14,75006333.81410845
S1,2006,0-17,
S1,2006,18-29,
S1,2006,30-65,
S1,2006,66+,
S1,2006,15-26,
S1,2006,27-45,
S1,2006,46-65,
S1,2007,00-04,
S1,2007,05-09,
S1,2007,10-14,
S1,2007,15-19,53315526.7708668
S1,2007,20-24,50695158.84404564
S1,2007,25-29,47058686.70092624
S1,2007,30-34,42204405.29218611
S1,2007,35-39,39577433.03725929
S1,2007,40-44,31020466.38419763
S1,2007,45-49,27294106.354442395
S1,2007,50-54,21610265.1340365
S1,2007,55-59,17618708.13657298
S1,2007,60-64,16074816.683846809
S1,2007,65-69,12634595.60481455
S1,2007,70-74,8871210.64954649
S1,2007,75+,9430647.296827694
S1,2007,0-8,105692870.82757577
S1,2007,9-14,75221476.81408954
S1,2007,0-17,
S1,2007,18-29,
S1,2007,30-65,
S1,2007,66+,
S1,2007,15-26,
S1,2007,27-45,
S1,2007,46-65,
S1,2008,00-04,
S1,2008,05-09,
S1,2008,10-14,
S1,2008,15-19,54258315.2935929
S1,2008,20-24,51652600.65290184
S1,2008,25-29,47888337.82829577
S1,2008,30-34,42733367.08681994
S1,2008,35-39,40313468.26236206
S1,2008,40-44,31940684.42241257
S1,2008,45-49,28027482.35166252
S1,2008,50-54,22163809.56215684
S1,2008,55-59,18365038.16709771
S1,2008,60-64,16618476.35478396
S1,2008,65-69,12846736.640515927
S1,2008,70-74,9121534.047612758
S1,2008,75+,9775243.646704035
S1,2008,0-8,105138874.2052309
S1,2008,9-14,75390152.449883
S1,2008,0-17,
S1,2008,18-29,
S1,2008,30-65,
S1,2008,66+,
S1,2008,15-26,
S1,2008,27-45,
S1,2008,46-65,
S1,2009,00-04,
S1,2009,05-09,
S1,2009,10-14,
S1,2009,15-19,55164945.61544387
S1,2009,20-24,52576785.65576306
S1,2009,25-29,48765329.99049459
S1,2009,30-34,43179498.00867695
S1,2009,35-39,41064158.49437716
S1,2009,40-44,32965830.3618563
S1,2009,45-49,28822560.067098297
S1,2009,50-54,22655791.779960275
S1,2009,55-59,19149482.22479898
S1,2009,60-64,17166024.22992079
S1,2009,65-69,13068717.80928044
S1,2009,70-74,9349839.498009915
S1,2009,75+,10136678.72345953
S1,2009,0-8,104507583.29922561
S1,2009,9-14,75544261.87488164
S1,2009,0-17,
S1,2009,18-29,
S1,2009,30-65,
S1,2009,66+,
S1,2009,15-26,
S1,2009,27-45,
S1,2009,46-65,
S1,2010,00-04,
S1,2010,05-09,
S1,2010,10-14,
S1,2010,15-19,56089928.37246828
S1,2010,20-24,53466988.10739136
S1,2010,25-29,49673458.3761
S1,2010,30-34,43655298.86893944
S1,2010,35-39,41859129.92211308
S1,2010,40-44,34060638.50879954
S1,2010,45-49,29673151.00885269
S1,2010,50-54,23087983.65730404
S1,2010,55-59,19601307.36307947
S1,2010,60-64,18134044.85818571
S1,2010,65-69,13340029.10492304
S1,2010,70-74,9523776.403087946
S1,2010,75+,10510490.299329845
S1,2010,0-8,103817748.70343235
S1,2010,9-14,75610090.86836942
S1,2010,0-17,
S1,2010,18-29,
S1,2010,30-65,
S1,2010,66+,
S1,2010,15-26,
S1,2010,27-45,
S1,2010,46-65,
S1,2011,00-04,
S1,2011,05-09,
S1,2011,10-14,
S1,2011,15-19,57057291.9044279
S1,2011,20-24,54335449.57143874
S1,2011,25-29,50470816.14164017
S1,2011,30-34,44278446.01265332
S1,2011,35-39,42588921.27925429
S1,2011,40-44,35310396.90195809
S1,2011,45-49,30534249.625209823
S1,2011,50-54,23527117.197699815
S1,2011,55-59,19953004.25147155
S1,2011,60-64,19199731.6114824
S1,2011,65-69,13661587.04085087
S1,2011,70-74,9667827.29983519
S1,2011,75+,10901840.518275527
S1,2011,0-8,102905053.019768
S1,2011,9-14,75724090.94276838
S1,2011,0-17,
S1,2011,18-29,
S1,2011,30-65,
S1,2011,66+,
S1,2011,15-26,
S1,2011,27-45,
S1,2011,46-65,
S1,2012,00-04,
S1,2012,05-09,
S1,2012,10-14,
S1,2012,15-19,57365160.08606967
S1,2012,20-24,54782626.93101905
S1,2012,25-29,51530753.41794154
S1,2012,30-34,45233851.19515996
S1,2012,35-39,43473270.07467136
S1,2012,40-44,36057258.83519538
S1,2012,45-49,31116813.99524936
S1,2012,50-54,24074650.680407256
S1,2012,55-59,20635662.90346928
S1,2012,60-64,20227097.0009125
S1,2012,65-69,14047208.46624688
S1,2012,70-74,9826730.678999513
S1,2012,75+,11306534.478039697
S1,2012,0-8,102322980.7976412
S1,2012,9-14,76196763.73054388
S1,2012,0-17,
S1,2012,18-29,
S1,2012,30-65,
S1,2012,66+,
S1,2012,15-26,
S1,2012,27-45,
S1,2012,46-65,
S1,2013,00-04,
S1,2013,05-09,
S1,2013,10-14,
S1,2013,15-19,57686455.56722247
S1,2013,20-24,55266490.94568547
S1,2013,25-29,52476591.21354204
S1,2013,30-34,46305365.51885785
S1,2013,35-39,44289297.97964032
S1,2013,40-44,36821780.19646107
S1,2013,45-49,31720693.48063719
S1,2013,50-54,24652707.98810951
S1,2013,55-59,21291155.124283165
S1,2013,60-64,21325005.338293083
S1,2013,65-69,14463584.28998077
S1,2013,70-74,9976438.095083803
S1,2013,75+,11747660.251662154
S1,2013,0-8,101787178.13637258
S1,2013,9-14,76581782.92713393
S1,2013,0-17,
S1,2013,18-29,
S1,2013,30-65,
S1,2013,66+,
S1,2013,15-26,
S1,2013,27-45,
S1,2013,46-65,
S1,2014,00-04,
S1,2014,05-09,
S1,2014,10-14,
S1,2014,15-19,58062748.576416984
S1,2014,20-24,55680885.47747284
S1,2014,25-29,53361909.96460764
S1,2014,30-34,47456951.19864608
S1,2014,35-39,45063030.97566748
S1,2014,40-44,37631239.1557047
S1,2014,45-49,32364042.21161328
S1,2014,50-54,25270998.67457975
S1,2014,55-59,21904259.00623296
S1,2014,60-64,22513527.8889186
S1,2014,65-69,14866472.65604343
S1,2014,70-74,10146480.4806734
S1,2014,75+,12206312.751358261
S1,2014,0-8,101261091.694011
S1,2014,9-14,76806362.44868538
S1,2014,0-17,
S1,2014,18-29,
S1,2014,30-65,
S1,2014,66+,
S1,2014,15-26,
S1,2014,27-45,
S1,2014,46-65,
S1,2015,00-04,
S1,2015,05-09,
S1,2015,10-14,
S1,2015,15-19,58472452.41007473
S1,2015,20-24,56104184.10416552
S1,2015,25-29,54158874.10879907
S1,2015,30-34,48656264.984879404
S1,2015,35-39,45908744.773775995
S1,2015,40-44,38524565.6177116
S1,2015,45-49,33019432.041331016
S1,2015,50-54,25934269.50355079
S1,2015,55-59,22494476.08839886
S1,2015,60-64,23387698.40496412
S1,2015,65-69,15636398.80953319
S1,2015,70-74,10376439.5475596
S1,2015,75+,12662925.392282583
S1,2015,0-8,100530482.42863691
S1,2015,9-14,76941691.54461479
S1,2015,0-17,
S1,2015,18-29,
S1,2015,30-65,
S1,2015,66+,
S1,2015,15-26,
S1,2015,27-45,
S1,2015,46-65,
S1,2016,00-04,
S1,2016,05-09,
S1,2016,10-14,
S1,2016,15-19,58979017.96252364
S1,2016,20-24,56495852.155761406
S1,2016,25-29,54813712.27239378
S1,2016,30-34,49714759.66486492
S1,2016,35-39,46905405.27291606
S1,2016,40-44,39361522.78942693
S1,2016,45-49,33722174.32187738
S1,2016,50-54,26564888.15398902
S1,2016,55-59,23099832.94729419
S1,2016,60-64,24185405.47459177
S1,2016,65-69,16463730.588685121
S1,2016,70-74,10655680.86955991
S1,2016,75+,13115336.486704042
S1,2016,0-8,100022761.27415305
S1,2016,9-14,76703207.08140934
S1,2016,0-17,
S1,2016,18-29,
S1,2016,30-65,
S1,2016,66+,
S1,2016,15-26,
S1,2016,27-45,
S1,2016,46-65,
S1,2017,00-04,
S1,2017,05-09,
S1,2017,10-14,
S1,2017,15-19,59553669.3796149
S1,2017,20-24,56868916.59300286
S1,2017,25-29,55311539.16310106
S1,2017,30-34,50813123.930628166
S1,2017,35-39,47845753.63613945
S1,2017,40-44,40193598.65434977
S1,2017,45-49,34464761.23897181
S1,2017,50-54,27182667.78612259
S1,2017,55-59,23696694.62299082
S1,2017,60-64,24889495.99465432
S1,2017,65-69,17306782.89955925
S1,2017,70-74,10966253.46246922
S1,2017,75+,13553330.180146007
S1,2017,0-8,99618449.60616216
S1,2017,9-14,76084752.53612195
S1,2017,0-17,
S1,2017,18-29,
S1,2017,30-65,
S1,2017,66+,
S1,2017,15-26,
S1,2017,27-45,
S1,2017,46-65,
S1,2018,00-04,
S1,2018,05-09,
S1,2018,10-14,
S1,2018,15-19,60086501.28059359
S1,2018,20-24,57248126.2298048
S1,2018,25-29,55834731.97203599
S1,2018,30-34,51802121.424210384
S1,2018,35-39,48896224.15082116
S1,2018,40-44,40988738.58349668
S1,2018,45-49,35242442.57963464
S1,2018,50-54,27852171.13520638
S1,2018,55-59,24333791.00940458
S1,2018,60-64,25528585.81574541
S1,2018,65-69,18215374.89825511
S1,2018,70-74,11307891.265862867
S1,2018,75+,14008403.819784673
S1,2018,0-8,99124681.4448648
S1,2018,9-14,75430519.42585415
S1,2018,0-17,
S1,2018,18-29,
S1,2018,30-65,
S1,2018,66+,
S1,2018,15-26,
S1,2018,27-45,
S1,2018,46-65,
S1,2019,00-04,
S1,2019,05-09,
S1,2019,10-14,
S1,2019,15-19,60450367.08358079
S1,2019,20-24,57645317.860917956
S1,2019,25-29,56244448.30255659
S1,2019,30-34,52705195.313631356
S1,2019,35-39,49991685.92161976
S1,2019,40-44,41749510.92676019
S1,2019,45-49,36062882.52784555
S1,2019,50-54,28575209.538873665
S1,2019,55-59,25008650.47881636
S1,2019,60-64,26072925.27959188
S1,2019,65-69,19198104.19617122
S1,2019,70-74,11641569.161100969
S1,2019,75+,14479747.14269998
S1,2019,0-8,98791180.69856592
S1,2019,9-14,74849218.09510054
S1,2019,0-17,
S1,2019,18-29,
S1,2019,30-65,
S1,2019,66+,
S1,2019,15-26,
S1,2019,27-45,
S1,2019,46-65,
S1,2020,00-04,
S1,2020,05-09,
S1,2020,10-14,
S1,2020,15-19,60704609.01625408
S1,2020,20-24,58044192.58108874
S1,2020,25-29,56628224.32064027
S1,2020,30-34,53502486.31781906
S1,2020,35-39,51104623.16940901
S1,2020,40-44,42586975.27892795
S1,2020,45-49,36966701.4437031
S1,2020,50-54,29329751.43393647
S1,2020,55-59,25728809.51794157
S1,2020,60-64,26550842.35214908
S1,2020,65-69,19923914.08350315
S1,2020,70-74,12276901.37049787
S1,2020,75+,14981387.071548166
S1,2020,0-8,98363763.22405747
S1,2020,9-14,74349931.81675181
S1,2020,0-17,
S1,2020,18-29,
S1,2020,30-65,
S1,2020,66+,
S1,2020,15-26,
S1,2020,27-45,
S1,2020,46-65,
S1,2021,00-04,
S1,2021,05-09,
S1,2021,10-14,
S1,2021,15-19,60676076.06210475
S1,2021,20-24,58645278.65283068
S1,2021,25-29,57093801.19928163
S1,2021,30-34,54253236.6163415
S1,2021,35-39,52114710.65242298
S1,2021,40-44,43616581.50633088
S1,2021,45-49,37836781.21353998
S1,2021,50-54,30144529.592603214
S1,2021,55-59,26400525.63152309
S1,2021,60-64,26975717.8718229
S1,2021,65-69,20548435.215027
S1,2021,70-74,12928190.931544412
S1,2021,75+,15412980.53130784
S1,2021,0-8,97803459.20792489
S1,2021,9-14,73932799.70352927
S1,2021,0-17,
S1,2021,18-29,
S1,2021,30-65,
S1,2021,66+,
S1,2021,15-26,
S1,2021,27-45,
S1,2021,46-65,
S1,2022,00-04,
S1,2022,05-09,
S1,2022,10-14,
S1,2022,15-19,60453809.83884338
S1,2022,20-24,59416517.850541234
S1,2022,25-29,57589978.08868237
S1,2022,30-34,54904967.402808875
S1,2022,35-39,53213913.77359204
S1,2022,40-44,44667694.7944969
S1,2022,45-49,38747764.9137108
S1,2022,50-54,31013946.466525987
S1,2022,55-59,27016884.75982145
S1,2022,60-64,27254170.15495301
S1,2022,65-69,20934445.75148935
S1,2022,70-74,13409539.867628641
S1,2022,75+,15477047.218269017
S1,2022,0-8,97401988.29099856
S1,2022,9-14,73730835.01323396
S1,2022,0-17,
S1,2022,18-29,
S1,2022,30-65,
S1,2022,66+,
S1,2022,15-26,
S1,2022,27-45,
S1,2022,46-65,
S1,2023,00-04,
S1,2023,05-09,
S1,2023,10-14,
S1,2023,15-19,59984024.81132743
S1,2023,20-24,59916441.36122802
S1,2023,25-29,57891071.6361018
S1,2023,30-34,55421280.964267164
S1,2023,35-39,54052574.40514863
S1,2023,40-44,45756655.99620023
S1,2023,45-49,39589009.1139348
S1,2023,50-54,31960731.41611956
S1,2023,55-59,27765581.68344742
S1,2023,60-64,27711902.56839844
S1,2023,65-69,21518263.752855778
S1,2023,70-74,14192077.04479928
S1,2023,75+,16064830.092357764
S1,2023,0-8,96901838.22271878
S1,2023,9-14,73368589.14270857
S1,2023,0-17,
S1,2023,18-29,
S1,2023,30-65,
S1,2023,66+,
S1,2023,15-26,
S1,2023,27-45,
S1,2023,46-65,
S1,2024,00-04,
S1,2024,05-09,
S1,2024,10-14,
S1,2024,15-19,59632883.65839741
S1,2024,20-24,60282555.31649318
S1,2024,25-29,58248057.4219183
S1,2024,30-34,55854423.70031306
S1,2024,35-39,54803855.83987519
S1,2024,40-44,46912004.15909557
S1,2024,45-49,40401540.70899183
S1,2024,50-54,32962246.66287107
S1,2024,55-59,28563043.15024686
S1,2024,60-64,28176053.56128326
S1,2024,65-69,22030151.94361268
S1,2024,70-74,15041079.04327828
S1,2024,75+,16650449.992629694
S1,2024,0-8,96514370.61627404
S1,2024,9-14,72898706.45239827
S1,2024,0-17,
S1,2024,18-29,
S1,2024,30-65,
S1,2024,66+,
S1,2024,15-26,
S1,2024,27-45,
S1,2024,46-65,
S1,2025,00-04,
S1,2025,05-09,
S1,2025,10-14,
S1,2025,15-19,59393520.45626116
S1,2025,20-24,60467436.54963291
S1,2025,25-29,58642248.71485026
S1,2025,30-34,56302152.63149191
S1,2025,35-39,55441578.22879909
S1,2025,40-44,48098151.11924416
S1,2025,45-49,41274860.89112335
S1,2025,50-54,34015942.06135655
S1,2025,55-59,29395442.19221421
S1,2025,60-64,28675779.26688043
S1,2025,65-69,22494628.51757244
S1,2025,70-74,15712491.54262808
S1,2025,75+,17532885.825346548
S1,2025,0-8,96434068.16164657
S1,2025,9-14,71977166.9439711
S1,2025,0-17,
S1,2025,18-29,
S1,2025,30-65,
S1,2025,66+,
S1,2025,15-26,
S1,2025,27-45,
S1,2025,46-65,
S1,2026,00-04,
S1,2026,05-09,
S1,2026,10-14,
S1,2026,15-19,59202757.41404765
S1,2026,20-24,60302204.87726559
S1,2026,25-29,59135135.0274291
S1,2026,30-34,56745660.78900096
S1,2026,35-39,55954006.39923079
S1,2026,40-44,49156708.556256354
S1,2026,45-49,42318559.90287989
S1,2026,50-54,35032835.10829682
S1,2026,55-59,30277617.73546822
S1,2026,60-64,29118809.627265364
S1,2026,65-69,22955870.31346105
S1,2026,70-74,16347862.89894988
S1,2026,75+,18482477.093472246
S1,2026,0-8,96286969.1485741
S1,2026,9-14,71152728.72256659
S1,2026,0-17,
S1,2026,18-29,
S1,2026,30-65,
S1,2026,66+,
S1,2026,15-26,
S1,2026,27-45,
S1,2026,46-65,
S1,2027,00-04,
S1,2027,05-09,
S1,2027,10-14,
S1,2027,15-19,59054245.85868149
S1,2027,20-24,59822840.91585128
S1,2027,25-29,59666015.28377327
S1,2027,30-34,57125799.89593204
S1,2027,35-39,56265559.5779013
S1,2027,40-44,50230823.58903086
S1,2027,45-49,43329482.162202835
S1,2027,50-54,36059583.32453503
S1,2027,55-59,31204005.88410253
S1,2027,60-64,29540477.319635853
S1,2027,65-69,23402848.3712077
S1,2027,70-74,16944769.71143435
S1,2027,75+,19479717.78534297
S1,2027,0-8,96014120.37488288
S1,2027,9-14,70377211.91304357
S1,2027,0-17,
S1,2027,18-29,
S1,2027,30-65,
S1,2027,66+,
S1,2027,15-26,
S1,2027,27-45,
S1,2027,46-65,
S1,2028,00-04,
S1,2028,05-09,
S1,2028,10-14,
S1,2028,15-19,58954000.67269021
S1,2028,20-24,59284048.82868935
S1,2028,25-29,60113442.29331531
S1,2028,30-34,57502418.88691037
S1,2028,35-39,56596147.75984177
S1,2028,40-44,51179293.863152355
S1,2028,45-49,44446274.77009906
S1,2028,50-54,37049048.3564696
S1,2028,55-59,32143823.50910932
S1,2028,60-64,29987785.96510262
S1,2028,65-69,23865326.77574228
S1,2028,70-74,17508091.35231558
S1,2028,75+,20545188.688739955
S1,2028,0-8,95970631.99761026
S1,2028,9-14,69427302.89925201
S1,2028,0-17,
S1,2028,18-29,
S1,2028,30-65,
S1,2028,66+,
S1,2028,15-26,
S1,2028,27-45,
S1,2028,46-65,
S1,2029,00-04,
S1,2029,05-09,
S1,2029,10-14,
S1,2029,15-19,58714408.05582525
S1,2029,20-24,58867366.88950206
S1,2029,25-29,60380497.21328655
S1,2029,30-34,57918592.21633031
S1,2029,35-39,56842215.73123111
S1,2029,40-44,52058048.01500674
S1,2029,45-49,45633935.71927138
S1,2029,50-54,38024720.22879451
S1,2029,55-59,33118976.16070133
S1,2029,60-64,30476174.33081418
S1,2029,65-69,24354429.23515267
S1,2029,70-74,18026010.75223064
S1,2029,75+,21672005.098082166
S1,2029,0-8,95819890.9095102
S1,2029,9-14,68737134.96716589
S1,2029,0-17,
S1,2029,18-29,
S1,2029,30-65,
S1,2029,66+,
S1,2029,15-26,
S1,2029,27-45,
S1,2029,46-65,
S1,2030,00-04,
S1,2030,05-09,
S1,2030,10-14,
S1,2030,15-19,58025995.37780738
S1,2030,20-24,58601005.964059815
S1,2030,25-29,60500365.830497354
S1,2030,30-34,58328642.94135924
S1,2030,35-39,57073278.26365554
S1,2030,40-44,52826972.3231619
S1,2030,45-49,46845131.27318937
S1,2030,50-54,39069234.55203661
S1,2030,55-59,34148907.60344663
S1,2030,60-64,30963301.44223738
S1,2030,65-69,24868271.77443233
S1,2030,70-74,18510920.02984181
S1,2030,75+,22859622.468662135
S1,2030,0-8,95801220.108269
S1,2030,9-14,68308592.8491552
S1,2030,0-17,
S1,2030,18-29,
S1,2030,30-65,
S1,2030,66+,
S1,2030,15-26,
S1,2030,27-45,
S1,2030,46-65,
S1,2031,00-04,
S1,2031,05-09,
S1,2031,10-14,
S1,2031,15-19,57497672.59418231
S1,2031,20-24,58381121.8921851
S1,2031,25-29,60263144.76647746
S1,2031,30-34,58830863.73941691
S1,2031,35-39,57304772.19666536
S1,2031,40-44,53484309.47295491
S1,2031,45-49,47935006.55358924
S1,2031,50-54,40276133.29105504
S1,2031,55-59,35129210.54150657
S1,2031,60-64,31494812.75825459
S1,2031,65-69,25346115.77216135
S1,2031,70-74,19003712.29060482
S1,2031,75+,24078126.9948958
S1,2031,0-8,95931277.79270469
S1,2031,9-14,67574196.58314303
S1,2031,0-17,
S1,2031,18-29,
S1,2031,30-65,
S1,2031,66+,
S1,2031,15-26,
S1,2031,27-45,
S1,2031,46-65,
S1,2032,00-04,
S1,2032,05-09,
S1,2032,10-14,
S1,2032,15-19,57046593.06620613
S1,2032,20-24,58206864.58345534
S1,2032,25-29,59714231.8467533
S1,2032,30-34,59370770.21537186
S1,2032,35-39,57483537.27516272
S1,2032,40-44,53957249.44997262
S1,2032,45-49,49043516.29228461
S1,2032,50-54,41451153.65320503
S1,2032,55-59,36107947.74319047
S1,2032,60-64,32069159.91484381
S1,2032,65-69,25818644.40006388
S1,2032,70-74,19494231.47346134
S1,2032,75+,25308339.50428636
S1,2032,0-8,95977953.5659864
S1,2032,9-14,66694701.391080484
S1,2032,0-17,
S1,2032,18-29,
S1,2032,30-65,
S1,2032,66+,
S1,2032,15-26,
S1,2032,27-45,
S1,2032,46-65,
S1,2033,00-04,
S1,2033,05-09,
S1,2033,10-14,
S1,2033,15-19,56361896.87616896
S1,2033,20-24,58081752.91835188
S1,2033,25-29,59110644.84050763
S1,2033,30-34,59829173.40610044
S1,2033,35-39,57673147.99721806
S1,2033,40-44,54453209.84051355
S1,2033,45-49,50031282.838602155
S1,2033,50-54,42722646.19191238
S1,2033,55-59,37036841.01801192
S1,2033,60-64,32658819.82732318
S1,2033,65-69,26326845.517150454
S1,2033,70-74,20006211.07821441
S1,2033,75+,26566309.816573944
S1,2033,0-8,95958290.60170957
S1,2033,9-14,66151433.654236585
S1,2033,0-17,
S1,2033,18-29,
S1,2033,30-65,
S1,2033,66+,
S1,2033,15-26,
S1,2033,27-45,
S1,2033,46-65,
S1,2034,00-04,
S1,2034,05-09,
S1,2034,10-14,
S1,2034,15-19,55939762.67561318
S1,2034,20-24,57818002.43864112
S1,2034,25-29,58633917.31582253
S1,2034,30-34,60109528.05762027
S1,2034,35-39,57918571.56837881
S1,2034,40-44,54870289.3614638
S1,2034,45-49,50951917.75630088
S1,2034,50-54,44054640.31696977
S1,2034,55-59,37940581.57746539
S1,2034,60-64,33291680.3733561
S1,2034,65-69,26884114.451438032
S1,2034,70-74,20547956.56539352
S1,2034,75+,27837152.53473308
S1,2034,0-8,95887256.59279412
S1,2034,9-14,65524178.97503505
S1,2034,0-17,
S1,2034,18-29,
S1,2034,30-65,
S1,2034,66+,
S1,2034,15-26,
S1,2034,27-45,
S1,2034,46-65,
S1,2035,00-04,
S1,2035,05-09,
S1,2035,10-14,
S1,2035,15-19,55723332.00269273
S1,2035,20-24,57109480.28541223
S1,2035,25-29,58313124.87750378
S1,2035,30-34,60244816.48026676
S1,2035,35-39,58176415.21893487
S1,2035,40-44,55273603.27596038
S1,2035,45-49,51765795.89118719
S1,2035,50-54,45399328.40084988
S1,2035,55-59,38902295.02406567
S1,2035,60-64,33990836.0230477
S1,2035,65-69,27451495.52452859
S1,2035,70-74,21116354.94652361
S1,2035,75+,29123217.05895141
S1,2035,0-8,95750571.78464021
S1,2035,9-14,65120603.215988666
S1,2035,0-17,
S1,2035,18-29,
S1,2035,30-65,
S1,2035,66+,
S1,2035,15-26,
S1,2035,27-45,
S1,2035,46-65,
S1,2036,00-04,
S1,2036,05-09,
S1,2036,10-14,
S1,2036,15-19,55181285.43693967
S1,2036,20-24,56586560.12054537
S1,2036,25-29,58070821.04912986
S1,2036,30-34,60052916.14440645
S1,2036,35-39,58571813.45415224
S1,2036,40-44,55699199.92376462
S1,2036,45-49,52491350.84344321
S1,2036,50-54,46631129.11107939
S1,2036,55-59,40030477.857767
S1,2036,60-64,34671095.25213761
S1,2036,65-69,28079566.52037831
S1,2036,70-74,21667364.459758803
S1,2036,75+,30444887.389743634
S1,2036,0-8,95567069.33049448
S1,2036,9-14,64984394.96064096
S1,2036,0-17,
S1,2036,18-29,
S1,2036,30-65,
S1,2036,66+,
S1,2036,15-26,
S1,2036,27-45,
S1,2036,46-65,
S1,2037,00-04,
S1,2037,05-09,
S1,2037,10-14,
S1,2037,15-19,54532927.47224553
S1,2037,20-24,56190668.24005801
S1,2037,25-29,57929854.43214867
S1,2037,30-34,59601721.39143702
S1,2037,35-39,59076394.90768282
S1,2037,40-44,56116937.41203104
S1,2037,45-49,53079122.81580159
S1,2037,50-54,47903369.17237899
S1,2037,55-59,41150984.87786114
S1,2037,60-64,35404515.1457389
S1,2037,65-69,28781365.48749548
S1,2037,70-74,22237286.22103677
S1,2037,75+,31796722.57644822
S1,2037,0-8,95326099.18774137
S1,2037,9-14,64911048.5112028
S1,2037,0-17,
S1,2037,18-29,
S1,2037,30-65,
S1,2037,66+,
S1,2037,15-26,
S1,2037,27-45,
S1,2037,46-65,
S1,2038,00-04,
S1,2038,05-09,
S1,2038,10-14,
S1,2038,15-19,54202474.62318705
S1,2038,20-24,55560716.97121895
S1,2038,25-29,57842007.28779188
S1,2038,30-34,59093673.77803601
S1,2038,35-39,59523265.39797732
S1,2038,40-44,56539549.94738725
S1,2038,45-49,53687719.41610939
S1,2038,50-54,49037597.57341374
S1,2038,55-59,42358346.19177663
S1,2038,60-64,36119726.99811691
S1,2038,65-69,29507861.04961823
S1,2038,70-74,22842140.97792034
S1,2038,75+,33179657.17203996
S1,2038,0-8,95022265.77968842
S1,2038,9-14,64826468.9875685
S1,2038,0-17,
S1,2038,18-29,
S1,2038,30-65,
S1,2038,66+,
S1,2038,15-26,
S1,2038,27-45,
S1,2038,46-65,
S1,2039,00-04,
S1,2039,05-09,
S1,2039,10-14,
S1,2039,15-19,53772530.48747801
S1,2039,20-24,55185306.66745144
S1,2039,25-29,57614922.81626943
S1,2039,30-34,58704861.20184885
S1,2039,35-39,59811966.75573641
S1,2039,40-44,57003392.40243296
S1,2039,45-49,54210221.26119481
S1,2039,50-54,50077406.62228873
S1,2039,55-59,43613595.18636056
S1,2039,60-64,36844524.39777274
S1,2039,65-69,30281575.71701462
S1,2039,70-74,23491192.77517708
S1,2039,75+,34586383.07830971
S1,2039,0-8,94644135.73168918
S1,2039,9-14,64726689.815051645
S1,2039,0-17,
S1,2039,18-29,
S1,2039,30-65,
S1,2039,66+,
S1,2039,15-26,
S1,2039,27-45,
S1,2039,46-65,
S1,2040,00-04,
S1,2040,05-09,
S1,2040,10-14,
S1,2040,15-19,53540249.79008891
S1,2040,20-24,55003333.26727059
S1,2040,25-29,56936138.14780816
S1,2040,30-34,58458157.92025511
S1,2040,35-39,59969534.80713569
S1,2040,40-44,57457853.33256695
S1,2040,45-49,54703830.54997192
S1,2040,50-54,50974903.21252784
S1,2040,55-59,44865622.24613108
S1,2040,60-64,37661189.67704149
S1,2040,65-69,31118627.31715682
S1,2040,70-74,24146095.707734495
S1,2040,75+,36012798.56424367
S1,2040,0-8,94177974.70764652
S1,2040,9-14,64601205.17396341
S1,2040,0-17,
S1,2040,18-29,
S1,2040,30-65,
S1,2040,66+,
S1,2040,15-26,
S1,2040,27-45,
S1,2040,46-65,
S1,2041,00-04,
S1,2041,05-09,
S1,2041,10-14,
S1,2041,15-19,53534826.27585775
S1,2041,20-24,54476614.05861046
S1,2041,25-29,56427725.62430725
S1,2041,30-34,58267148.44796887
S1,2041,35-39,59805866.67268611
S1,2041,40-44,58016267.33653381
S1,2041,45-49,55195148.47544561
S1,2041,50-54,51737239.5111063
S1,2041,55-59,45984807.31752224
S1,2041,60-64,38673009.68983375
S1,2041,65-69,31935328.134630725
S1,2041,70-74,24847044.002146304
S1,2041,75+,37435778.055674575
S1,2041,0-8,93626653.37811205
S1,2041,9-14,64472122.67782386
S1,2041,0-17,
S1,2041,18-29,
S1,2041,30-65,
S1,2041,66+,
S1,2041,15-26,
S1,2041,27-45,
S1,2041,46-65,
S1,2042,00-04,
S1,2042,05-09,
S1,2042,10-14,
S1,2042,15-19,53555501.67891744
S1,2042,20-24,53821303.14860369
S1,2042,25-29,56025724.69863325
S1,2042,30-34,58148653.69242737
S1,2042,35-39,59368761.06482904
S1,2042,40-44,58639776.42281006
S1,2042,45-49,55648481.08712947
S1,2042,50-54,52325920.160227776
S1,2042,55-59,47131559.349873826
S1,2042,60-64,39692905.35208395
S1,2042,65-69,32782066.54564833
S1,2042,70-74,25597767.26655878
S1,2042,75+,38875616.13111251
S1,2042,0-8,93000966.54903255
S1,2042,9-14,64297576.21691425
S1,2042,0-17,
S1,2042,18-29,
S1,2042,30-65,
S1,2042,66+,
S1,2042,15-26,
S1,2042,27-45,
S1,2042,46-65,
S1,2043,00-04,
S1,2043,05-09,
S1,2043,10-14,
S1,2043,15-19,53530576.788421035
S1,2043,20-24,53460949.86174497
S1,2043,25-29,55366914.15483893
S1,2043,30-34,58053959.24040863
S1,2043,35-39,58846736.4154448
S1,2043,40-44,59156691.94206492
S1,2043,45-49,56075819.76196543
S1,2043,50-54,52912509.10450172
S1,2043,55-59,48143835.04339508
S1,2043,60-64,40795030.47527538
S1,2043,65-69,33576139.01498078
S1,2043,70-74,26348698.75154614
S1,2043,75+,40351374.0833862
S1,2043,0-8,92324863.22809316
S1,2043,9-14,64061663.638668515
S1,2043,0-17,
S1,2043,18-29,
S1,2043,30-65,
S1,2043,66+,
S1,2043,15-26,
S1,2043,27-45,
S1,2043,46-65,
S1,2044,00-04,
S1,2044,05-09,
S1,2044,10-14,
S1,2044,15-19,53457188.982694164
S1,2044,20-24,52982815.50863891
S1,2044,25-29,54943913.0035148
S1,2044,30-34,57794034.1365079
S1,2044,35-39,58419960.53854768
S1,2044,40-44,59469399.55138103
S1,2044,45-49,56516951.2359992
S1,2044,50-54,53395839.13813019
S1,2044,55-59,49071949.23665674
S1,2044,60-64,41946153.322084084
S1,2044,65-69,34342694.05211855
S1,2044,70-74,27119057.06953393
S1,2044,75+,41865001.82269384
S1,2044,0-8,91600867.02230182
S1,2044,9-14,63778413.087869175
S1,2044,0-17,
S1,2044,18-29,
S1,2044,30-65,
S1,2044,66+,
S1,2044,15-26,
S1,2044,27-45,
S1,2044,46-65,
S1,2045,00-04,
S1,2045,05-09,
S1,2045,10-14,
S1,2045,15-19,53339584.23271321
S1,2045,20-24,52695813.53911877
S1,2045,25-29,54708036.48571885
S1,2045,30-34,57068444.52610993
S1,2045,35-39,58123024.41384746
S1,2045,40-44,59614641.52075674
S1,2045,45-49,56931800.7480409
S1,2045,50-54,53842210.69204913
S1,2045,55-59,49880919.6499164
S1,2045,60-64,43107034.6738693
S1,2045,65-69,35161998.37572838
S1,2045,70-74,27924189.285698205
S1,2045,75+,43386679.3041099
S1,2045,0-8,90846020.7204831
S1,2045,9-14,63445175.45024018
S1,2045,0-17,
S1,2045,18-29,
S1,2045,30-65,
S1,2045,66+,
S1,2045,15-26,
S1,2045,27-45,
S1,2045,46-65,
S1,2046,00-04,
S1,2046,05-09,
S1,2046,10-14,
S1,2046,15-19,53214366.22081505
S1,2046,20-24,52640429.39015973
S1,2046,25-29,54135137.631223515
S1,2046,30-34,56515509.09868282
S1,2046,35-39,57883949.39492159
S1,2046,40-44,59417378.49649169
S1,2046,45-49,57445704.8631248
S1,2046,50-54,54289928.73405255
S1,2046,55-59,50590924.15627685
S1,2046,60-64,44164723.53407235
S1,2046,65-69,36134348.1521482
S1,2046,70-74,28691770.8735073
S1,2046,75+,44939841.538479835
S1,2046,0-8,90063027.03167456
S1,2046,9-14,63066390.590909995
S1,2046,0-17,
S1,2046,18-29,
S1,2046,30-65,
S1,2046,66+,
S1,2046,15-26,
S1,2046,27-45,
S1,2046,46-65,
S1,2047,00-04,
S1,2047,05-09,
S1,2047,10-14,
S1,2047,15-19,53053113.40810712
S1,2047,20-24,52620088.73433986
S1,2047,25-29,53443815.56708363
S1,2047,30-34,56076822.88641707
S1,2047,35-39,57726021.49008462
S1,2047,40-44,58946011.87354304
S1,2047,45-49,58030301.57017826
S1,2047,50-54,54710534.97734663
S1,2047,55-59,51157253.86551257
S1,2047,60-64,45269180.88887072
S1,2047,65-69,37105245.7557019
S1,2047,70-74,29483588.55116061
S1,2047,75+,46557348.85441876
S1,2047,0-8,89281499.07601118
S1,2047,9-14,62655573.4703238
S1,2047,0-17,
S1,2047,18-29,
S1,2047,30-65,
S1,2047,66+,
S1,2047,15-26,
S1,2047,27-45,
S1,2047,46-65,
S1,2048,00-04,
S1,2048,05-09,
S1,2048,10-14,
S1,2048,15-19,52851398.58953246
S1,2048,20-24,52566575.0766473
S1,2048,25-29,53059847.61611902
S1,2048,30-34,55395311.8178217
S1,2048,35-39,57605709.42642421
S1,2048,40-44,58404474.70388211
S1,2048,45-49,58521673.81449625
S1,2048,50-54,55117359.36506926
S1,2048,55-59,51731850.581013
S1,2048,60-64,46253007.53585107
S1,2048,65-69,38159332.50517214
S1,2048,70-74,30233133.44742401
S1,2048,75+,48213145.646824874
S1,2048,0-8,88504791.19984229
S1,2048,9-14,62222040.31177426
S1,2048,0-17,
S1,2048,18-29,
S1,2048,30-65,
S1,2048,66+,
S1,2048,15-26,
S1,2048,27-45,
S1,2048,46-65,
S1,2049,00-04,
S1,2049,05-09,
S1,2049,10-14,
S1,2049,15-19,52626087.50602008
S1,2049,20-24,52476938.24845158
S1,2049,25-29,52571811.00691878
S1,2049,30-34,54964502.01719958
S1,2049,35-39,57336611.04894108
S1,2049,40-44,57972068.785444334
S1,2049,45-49,58824432.16997259
S1,2049,50-54,55550427.21341036
S1,2049,55-59,52217279.5205349
S1,2049,60-64,47166811.436097115
S1,2049,65-69,39267678.11770969
S1,2049,70-74,30966155.85032811
S1,2049,75+,49929751.514035985
S1,2049,0-8,87748782.13213675
S1,2049,9-14,61752769.82235717
S1,2049,0-17,
S1,2049,18-29,
S1,2049,30-65,
S1,2049,66+,
S1,2049,15-26,
S1,2049,27-45,
S1,2049,46-65,
S1,2050,00-04,
S1,2050,05-09,
S1,2050,10-14,
S1,2050,15-19,52368439.76088551
S1,2050,20-24,52352090.82368157
S1,2050,25-29,52282372.77505307
S1,2050,30-34,54729074.65834372
S1,2050,35-39,56615558.75817426
S1,2050,40-44,57678422.98472419
S1,2050,45-49,58971469.53448153
S1,2050,50-54,55967353.51412968
S1,2050,55-59,52675921.46886595
S1,2050,60-64,47974938.63948294
S1,2050,65-69,40393105.53959287
S1,2050,70-74,31754492.126976408
S1,2050,75+,51690608.905791365
S1,2050,0-8,87020398.95119055
S1,2050,9-14,61255729.78018283
S1,2050,0-17,
S1,2050,18-29,
S1,2050,30-65,
S1,2050,66+,
S1,2050,15-26,
S1,2050,27-45,
S1,2050,46-65,
S1,2051,00-04,
S1,2051,05-09,
S1,2051,10-14,
S1,2051,15-19,52072575.7433094
S1,2051,20-24,52224794.28859114
S1,2051,25-29,52228483.97270614
S1,2051,30-34,54160796.01790022
S1,2051,35-39,56069845.2898469
S1,2051,40-44,57446042.83833101
S1,2051,45-49,58783933.27190734
S1,2051,50-54,56485859.3033599
S1,2051,55-59,53139466.49197689
S1,2051,60-64,48691326.52734309
S1,2051,65-69,41426187.59533404
S1,2051,70-74,32685281.11317905
S1,2051,75+,53449586.636435956
S1,2051,0-8,86312171.99832977
S1,2051,9-14,60748015.926177725
S1,2051,0-17,
S1,2051,18-29,
S1,2051,30-65,
S1,2051,66+,
S1,2051,15-26,
S1,2051,27-45,
S1,2051,46-65,
S1,2052,00-04,
S1,2052,05-09,
S1,2052,10-14,
S1,2052,15-19,51748440.63196081
S1,2052,20-24,52061633.24960404
S1,2052,25-29,52209804.20667297
S1,2052,30-34,53474568.67297284
S1,2052,35-39,55637769.98828295
S1,2052,40-44,57294119.65782057
S1,2052,45-49,58325452.20038607
S1,2052,50-54,57073999.031472
S1,2052,55-59,53576578.22348784
S1,2052,60-64,49270617.77456231
S1,2052,65-69,42504836.05242996
S1,2052,70-74,33617230.13164767
S1,2052,75+,55286698.27153905
S1,2052,0-8,85639342.1912512
S1,2052,9-14,60226167.11502605
S1,2052,0-17,
S1,2052,18-29,
S1,2052,30-65,
S1,2052,66+,
S1,2052,15-26,
S1,2052,27-45,
S1,2052,46-65,
S1,2053,00-04,
S1,2053,05-09,
S1,2053,10-14,
S1,2053,15-19,51403521.61941858
S1,2053,20-24,51859030.08062446
S1,2053,25-29,52158945.08850765
S1,2053,30-34,53095869.65523299
S1,2053,35-39,54965130.34234637
S1,2053,40-44,57179447.85359167
S1,2053,45-49,57797568.823091775
S1,2053,50-54,57570084.72399175
S1,2053,55-59,54000251.63609817
S1,2053,60-64,49857734.72408058
S1,2053,65-69,43469951.57952702
S1,2053,70-74,34624803.98541833
S1,2053,75+,57121476.70048153
S1,2053,0-8,84997573.95892584
S1,2053,9-14,59697699.38929852
S1,2053,0-17,
S1,2053,18-29,
S1,2053,30-65,
S1,2053,66+,
S1,2053,15-26,
S1,2053,27-45,
S1,2053,46-65,
S1,2054,00-04,
S1,2054,05-09,
S1,2054,10-14,
S1,2054,15-19,51022769.49993637
S1,2054,20-24,51634711.08693661
S1,2054,25-29,52074525.59982976
S1,2054,30-34,52615237.1318966
S1,2054,35-39,54542415.91153946
S1,2054,40-44,56917853.66536536
S1,2054,45-49,57378119.65999654
S1,2054,50-54,57880329.77888113
S1,2054,55-59,54449623.659480125
S1,2054,60-64,50359134.45287629
S1,2054,65-69,44370186.25416533
S1,2054,70-74,35682472.09872466
S1,2054,75+,58993199.25504171
S1,2054,0-8,84390170.08855942
S1,2054,9-14,59179883.22823612
S1,2054,0-17,
S1,2054,18-29,
S1,2054,30-65,
S1,2054,66+,
S1,2054,15-26,
S1,2054,27-45,
S1,2054,46-65,
S1,2055,00-04,
S1,2055,05-09,
S1,2055,10-14,
S1,2055,15-19,50611869.73206446
S1,2055,20-24,51376077.78748579
S1,2055,25-29,51952511.77655056
S1,2055,30-34,52331437.5351559
S1,2055,35-39,54312056.67426421
S1,2055,40-44,56206882.58589805
S1,2055,45-49,57095427.50650762
S1,2055,50-54,58036354.51034813
S1,2055,55-59,54882536.01035114
S1,2055,60-64,50834346.68549071
S1,2055,65-69,45171673.383779734
S1,2055,70-74,36757527.69622267
S1,2055,75+,60951672.08835571
S1,2055,0-8,83792997.65356626
S1,2055,9-14,58673725.94888465
S1,2055,0-17,
S1,2055,18-29,
S1,2055,30-65,
S1,2055,66+,
S1,2055,15-26,
S1,2055,27-45,
S1,2055,46-65,
S1,2056,00-04,
S1,2056,05-09,
S1,2056,10-14,
S1,2056,15-19,50193217.84555484
S1,2056,20-24,51079900.08512068
S1,2056,25-29,51827739.7697449
S1,2056,30-34,52282049.76921282
S1,2056,35-39,53750963.44334991
S1,2056,40-44,55669433.336410314
S1,2056,45-49,56872588.33206849
S1,2056,50-54,57862787.490199
S1,2056,55-59,55415209.0837636
S1,2056,60-64,51313962.909001544
S1,2056,65-69,45886839.42622349
S1,2056,70-74,37751140.28432214
S1,2056,75+,63034627.55270485
S1,2056,0-8,83235400.5547095
S1,2056,9-14,58157967.4345693
S1,2056,0-17,
S1,2056,18-29,
S1,2056,30-65,
S1,2056,66+,
S1,2056,15-26,
S1,2056,27-45,
S1,2056,46-65,
S1,2057,00-04,
S1,2057,05-09,
S1,2057,10-14,
S1,2057,15-19,49756456.06879667
S1,2057,20-24,50753458.44956405
S1,2057,25-29,51664759.17234757
S1,2057,30-34,52266288.58036018
S1,2057,35-39,53072127.95504761
S1,2057,40-44,55244141.01560847
S1,2057,45-49,56728536.05584897
S1,2057,50-54,57422285.78529365
S1,2057,55-59,56015810.06339298
S1,2057,60-64,51767718.83537988
S1,2057,65-69,46474415.27671301
S1,2057,70-74,38788687.94581938
S1,2057,75+,65186192.51675441
S1,2057,0-8,82713661.4491167
S1,2057,9-14,57661286.782128975
S1,2057,0-17,
S1,2057,18-29,
S1,2057,30-65,
S1,2057,66+,
S1,2057,15-26,
S1,2057,27-45,
S1,2057,46-65,
S1,2058,00-04,
S1,2058,05-09,
S1,2058,10-14,
S1,2058,15-19,49311949.15824025
S1,2058,20-24,50408298.14911061
S1,2058,25-29,51463732.219683096
S1,2058,30-34,52218685.783080444
S1,2058,35-39,52698300.62472971
S1,2058,40-44,54580090.04371734
S1,2058,45-49,56621205.86523688
S1,2058,50-54,56913487.03843609
S1,2058,55-59,56525266.62591443
S1,2058,60-64,52208543.6563074
S1,2058,65-69,47069274.76461992
S1,2058,70-74,39722583.10236495
S1,2058,75+,67399108.02894352
S1,2058,0-8,82228740.91296498
S1,2058,9-14,57180655.623913646
S1,2058,0-17,
S1,2058,18-29,
S1,2058,30-65,
S1,2058,66+,
S1,2058,15-26,
S1,2058,27-45,
S1,2058,46-65,
S1,2059,00-04,
S1,2059,05-09,
S1,2059,10-14,
S1,2059,15-19,48874370.34400705
S1,2059,20-24,50026979.13104175
S1,2059,25-29,51239465.55644819
S1,2059,30-34,52135545.77003866
S1,2059,35-39,52222238.24114103
S1,2059,40-44,54163247.23690625
S1,2059,45-49,56367605.03783111
S1,2059,50-54,56510964.84050611
S1,2059,55-59,56851027.88798204
S1,2059,60-64,52673952.47655389
S1,2059,65-69,47583610.66485354
S1,2059,70-74,40599056.52200456
S1,2059,75+,69689675.10864013
S1,2059,0-8,81757848.1029803
S1,2059,9-14,56719871.806114584
S1,2059,0-17,
S1,2059,18-29,
S1,2059,30-65,
S1,2059,66+,
S1,2059,15-26,
S1,2059,27-45,
S1,2059,46-65,
S1,2060,00-04,
S1,2060,05-09,
S1,2060,10-14,
S1,2060,15-19,48445718.83198172
S1,2060,20-24,49618030.79186739
S1,2060,25-29,50984417.57318846
S1,2060,30-34,52018007.363894865
S1,2060,35-39,51943490.84901354
S1,2060,40-44,53938200.818964526
S1,2060,45-49,55669657.78966379
S1,2060,50-54,56243968.28976396
S1,2060,55-59,57025294.87790176
S1,2060,60-64,53124076.55917114
S1,2060,65-69,48074404.85745348
S1,2060,70-74,41387564.82045593
S1,2060,75+,72069078.42171608
S1,2060,0-8,81295548.36812174
S1,2060,9-14,56279333.47996311
S1,2060,0-17,
S1,2060,18-29,
S1,2060,30-65,
S1,2060,66+,
S1,2060,15-26,
S1,2060,27-45,
S1,2060,46-65,
S1,2061,00-04,
S1,2061,05-09,
S1,2061,10-14,
S1,2061,15-19,48001119.83532557
S1,2061,20-24,49200461.12411751
S1,2061,25-29,50690016.27677575
S1,2061,30-34,51895676.33590866
S1,2061,35-39,51895697.925990686
S1,2061,40-44,53383979.06698822
S1,2061,45-49,55143130.05769276
S1,2061,50-54,56034907.48329155
S1,2061,55-59,56875211.92532821
S1,2061,60-64,53670976.30294248
S1,2061,65-69,48568966.78031716
S1,2061,70-74,42096915.09972055
S1,2061,75+,74481810.50330423
S1,2061,0-8,80838718.60958445
S1,2061,9-14,55872014.51356587
S1,2061,0-17,
S1,2061,18-29,
S1,2061,30-65,
S1,2061,66+,
S1,2061,15-26,
S1,2061,27-45,
S1,2061,46-65,
S1,2062,00-04,
S1,2062,05-09,
S1,2062,10-14,
S1,2062,15-19,47571328.94357814
S1,2062,20-24,48764370.24638496
S1,2062,25-29,50365585.43965115
S1,2062,30-34,51736322.79429853
S1,2062,35-39,51882235.65697488
S1,2062,40-44,52713651.87626605
S1,2062,45-49,54728225.03329419
S1,2062,50-54,55903213.02123829
S1,2062,55-59,56463105.77456859
S1,2062,60-64,54284021.97020795
S1,2062,65-69,49039400.3098481
S1,2062,70-74,42691995.65221144
S1,2062,75+,76987730.9378392
S1,2062,0-8,80367746.01562487
S1,2062,9-14,55491143.096679285
S1,2062,0-17,
S1,2062,18-29,
S1,2062,30-65,
S1,2062,66+,
S1,2062,15-26,
S1,2062,27-45,
S1,2062,46-65,
S1,2063,00-04,
S1,2063,05-09,
S1,2063,10-14,
S1,2063,15-19,47152968.81906801
S1,2063,20-24,48320303.26921909
S1,2063,25-29,50020720.65357708
S1,2063,30-34,51536666.95683406
S1,2063,35-39,51835726.89515784
S1,2063,40-44,52344936.60774815
S1,2063,45-49,54075843.23404349
S1,2063,50-54,55806727.4955973
S1,2063,55-59,55983124.42133261
S1,2063,60-64,54807538.15034159
S1,2063,65-69,49497173.85017044
S1,2063,70-74,43292777.36937068
S1,2063,75+,79448385.22928877
S1,2063,0-8,79909297.05045256
S1,2063,9-14,55135276.84856935
S1,2063,0-17,
S1,2063,18-29,
S1,2063,30-65,
S1,2063,66+,
S1,2063,15-26,
S1,2063,27-45,
S1,2063,46-65,
S1,2064,00-04,
S1,2064,05-09,
S1,2064,10-14,
S1,2064,15-19,46751070.79679048
S1,2064,20-24,47884998.66578932
S1,2064,25-29,49641828.27978434
S1,2064,30-34,51315082.91693987
S1,2064,35-39,51754839.89360548
S1,2064,40-44,51875444.32894373
S1,2064,45-49,53668786.30935698
S1,2064,50-54,55565960.1965816
S1,2064,55-59,55607669.81517953
S1,2064,60-64,55152041.2391694
S1,2064,65-69,49978145.64470647
S1,2064,70-74,43820148.32015672
S1,2064,75+,81919788.72108577
S1,2064,0-8,79444277.92414396
S1,2064,9-14,54799650.52389173
S1,2064,0-17,
S1,2064,18-29,
S1,2064,30-65,
S1,2064,66+,
S1,2064,15-26,
S1,2064,27-45,
S1,2064,46-65,
S1,2065,00-04,
S1,2065,05-09,
S1,2065,10-14,
S1,2065,15-19,46369057.67058297
S1,2065,20-24,47457267.92126177
S1,2065,25-29,49233184.88911277
S1,2065,30-34,51060378.85481068
S1,2065,35-39,51638325.69905163
S1,2065,40-44,51600741.36883901
S1,2065,45-49,53450279.85414256
S1,2065,50-54,54886193.71635029
S1,2065,55-59,55365353.3686223
S1,2065,60-64,55348677.047346145
S1,2065,65-69,50444841.42419889
S1,2065,70-74,44327118.206600234
S1,2065,75+,84388238.07891896
S1,2065,0-8,78987348.31820947
S1,2065,9-14,54461606.533655055
S1,2065,0-17,
S1,2065,18-29,
S1,2065,30-65,
S1,2065,66+,
S1,2065,15-26,
S1,2065,27-45,
S1,2065,46-65,
S1,2066,00-04,
S1,2066,05-09,
S1,2066,10-14,
S1,2066,15-19,46017105.89793643
S1,2066,20-24,47013484.32678127
S1,2066,25-29,48815622.99690595
S1,2066,30-34,50766060.87428993
S1,2066,35-39,51516905.62907553
S1,2066,40-44,51554935.89847638
S1,2066,45-49,52905342.98473581
S1,2066,50-54,54375447.20621464
S1,2066,55-59,55178717.19078597
S1,2066,60-64,55230030.001761675
S1,2066,65-69,51003984.38627686
S1,2066,70-74,44836903.00498661
S1,2066,75+,86804295.99332428
S1,2066,0-8,78512791.22031145
S1,2066,9-14,54136280.21665819
S1,2066,0-17,
S1,2066,18-29,
S1,2066,30-65,
S1,2066,66+,
S1,2066,15-26,
S1,2066,27-45,
S1,2066,46-65,
S1,2067,00-04,
S1,2067,05-09,
S1,2067,10-14,
S1,2067,15-19,45689282.18537101
S1,2067,20-24,46588188.09642939
S1,2067,25-29,48384814.77711931
S1,2067,30-34,50446151.603590086
S1,2067,35-39,51361727.34140588
S1,2067,40-44,51545015.29925609
S1,2067,45-49,52246862.68657209
S1,2067,50-54,53976025.13431466
S1,2067,55-59,55068302.97782709
S1,2067,60-64,54857967.26181832
S1,2067,65-69,51627215.42321356
S1,2067,70-74,45325933.79351318
S1,2067,75+,89200610.12701483
S1,2067,0-8,78022846.78343514
S1,2067,9-14,53826614.87233178
S1,2067,0-17,
S1,2067,18-29,
S1,2067,30-65,
S1,2067,66+,
S1,2067,15-26,
S1,2067,27-45,
S1,2067,46-65,
S1,2068,00-04,
S1,2068,05-09,
S1,2068,10-14,
S1,2068,15-19,45382140.17414092
S1,2068,20-24,46173074.392477214
S1,2068,25-29,47944495.34551804
S1,2068,30-34,50104556.69737138
S1,2068,35-39,51165842.80437943
S1,2068,40-44,51501745.22966424
S1,2068,45-49,51886603.09902205
S1,2068,50-54,53341534.24077156
S1,2068,55-59,54991450.98427936
S1,2068,60-64,54419205.26979941
S1,2068,65-69,52163471.2401612
S1,2068,70-74,45802949.8886296
S1,2068,75+,91556093.86034824
S1,2068,0-8,77508151.91307966
S1,2068,9-14,53534012.22008907
S1,2068,0-17,
S1,2068,18-29,
S1,2068,30-65,
S1,2068,66+,
S1,2068,15-26,
S1,2068,27-45,
S1,2068,46-65,
S1,2069,00-04,
S1,2069,05-09,
S1,2069,10-14,
S1,2069,15-19,45094547.1943435
S1,2069,20-24,45772743.04119639
S1,2069,25-29,47510169.52285501
S1,2069,30-34,49726213.345540226
S1,2069,35-39,50946399.22526933
S1,2069,40-44,51423125.82876015
S1,2069,45-49,51425951.15926328
S1,2069,50-54,52948613.43699174
S1,2069,55-59,54771316.70005508
S1,2069,60-64,54081306.45746341
S1,2069,65-69,52527140.14266023
S1,2069,70-74,46300792.73225113
S1,2069,75+,93850025.79574282
S1,2069,0-8,76977825.84224208
S1,2069,9-14,53237856.50853403
S1,2069,0-17,
S1,2069,18-29,
S1,2069,30-65,
S1,2069,66+,
S1,2069,15-26,
S1,2069,27-45,
S1,2069,46-65,
S1,2070,00-04,
S1,2070,05-09,
S1,2070,10-14,
S1,2070,15-19,44803628.65286078
S1,2070,20-24,45393482.660793155
S1,2070,25-29,47085094.53604308
S1,2070,30-34,49319676.39797296
S1,2070,35-39,50695248.68795461
S1,2070,40-44,51309810.30266628
S1,2070,45-49,51158652.32909842
S1,2070,50-54,52740612.55830545
S1,2070,55-59,54117717.38987027
S1,2070,60-64,53873270.17192129
S1,2070,65-69,52749222.52169222
S1,2070,70-74,46786186.55091292
S1,2070,75+,96121233.67823477
S1,2070,0-8,76425555.33354768
S1,2070,9-14,52953057.257244274
S1,2070,0-17,
S1,2070,18-29,
S1,2070,30-65,
S1,2070,66+,
S1,2070,15-26,
S1,2070,27-45,
S1,2070,46-65,
S1,2071,00-04,
S1,2071,05-09,
S1,2071,10-14,
S1,2071,15-19,44526326.38435578
S1,2071,20-24,45043885.79312773
S1,2071,25-29,46644061.020171806
S1,2071,30-34,48904570.19319698
S1,2071,35-39,50405112.38485821
S1,2071,40-44,51191725.9320894
S1,2071,45-49,51117925.03201932
S1,2071,50-54,52210265.86886111
S1,2071,55-59,53630979.25606951
S1,2071,60-64,53717875.12847293
S1,2071,65-69,52670374.80211482
S1,2071,70-74,47358491.26953761
S1,2071,75+,98348755.64534184
S1,2071,0-8,75861763.58389425
S1,2071,9-14,52660151.38729891
S1,2071,0-17,
S1,2071,18-29,
S1,2071,30-65,
S1,2071,66+,
S1,2071,15-26,
S1,2071,27-45,
S1,2071,46-65,
S1,2072,00-04,
S1,2072,05-09,
S1,2072,10-14,
S1,2072,15-19,44269219.81653758
S1,2072,20-24,44717481.23241148
S1,2072,25-29,46219091.11335873
S1,2072,30-34,48473086.01290277
S1,2072,35-39,50087395.16344006
S1,2072,40-44,51038662.776470244
S1,2072,45-49,51111724.227675185
S1,2072,50-54,51567623.94229466
S1,2072,55-59,53253888.01255517
S1,2072,60-64,53635195.01750977
S1,2072,65-69,52350105.93266849
S1,2072,70-74,47990499.700294495
S1,2072,75+,100537657.61041106
S1,2072,0-8,75300519.42134438
S1,2072,9-14,52339751.70463668
S1,2072,0-17,
S1,2072,18-29,
S1,2072,30-65,
S1,2072,66+,
S1,2072,15-26,
S1,2072,27-45,
S1,2072,46-65,
S1,2073,00-04,
S1,2073,05-09,
S1,2073,10-14,
S1,2073,15-19,44029998.06981599
S1,2073,20-24,44412414.0957118
S1,2073,25-29,45805479.585391045
S1,2073,30-34,48033188.918378145
S1,2073,35-39,49748929.77609829
S1,2073,40-44,50845603.29841665
S1,2073,45-49,51072705.99791409
S1,2073,50-54,51218990.63814548
S1,2073,55-59,52643985.76149511
S1,2073,60-64,53584416.28493295
S1,2073,65-69,51966107.28122417
S1,2073,70-74,48539683.60816714
S1,2073,75+,102680847.31509864
S1,2073,0-8,74715015.7678307
S1,2073,9-14,52013352.010452464
S1,2073,0-17,
S1,2073,18-29,
S1,2073,30-65,
S1,2073,66+,
S1,2073,15-26,
S1,2073,27-45,
S1,2073,46-65,
S1,2074,00-04,
S1,2074,05-09,
S1,2074,10-14,
S1,2074,15-19,43789170.73073934
S1,2074,20-24,44128058.66866019
S1,2074,25-29,45408555.67341626
S1,2074,30-34,47600982.99279813
S1,2074,35-39,49375145.11300163
S1,2074,40-44,50629866.683309
S1,2074,45-49,50999120.14451438
S1,2074,50-54,50772245.40522619
S1,2074,55-59,52273116.79616737
S1,2074,60-64,53393724.04498832
S1,2074,65-69,51679061.51681474
S1,2074,70-74,48926987.14138138
S1,2074,75+,104802668.14357568
S1,2074,0-8,74127253.08980314
S1,2074,9-14,51678822.91339307
S1,2074,0-17,
S1,2074,18-29,
S1,2074,30-65,
S1,2074,66+,
S1,2074,15-26,
S1,2074,27-45,
S1,2074,46-65,
S1,2075,00-04,
S1,2075,05-09,
S1,2075,10-14,
S1,2075,15-19,43559033.21460798
S1,2075,20-24,43840169.346542045
S1,2075,25-29,45032218.68220598
S1,2075,30-34,47177462.50020926
S1,2075,35-39,48972965.73277837
S1,2075,40-44,50382271.71639891
S1,2075,45-49,50890843.86177012
S1,2075,50-54,50515872.6815822
S1,2075,55-59,52082551.31702453
S1,2075,60-64,52778938.61713796
S1,2075,65-69,51516283.46266596
S1,2075,70-74,49180578.1413633
S1,2075,75+,106895409.84207726
S1,2075,0-8,73531907.49657689
S1,2075,9-14,51340791.493828535
S1,2075,0-17,
S1,2075,18-29,
S1,2075,30-65,
S1,2075,66+,
S1,2075,15-26,
S1,2075,27-45,
S1,2075,46-65,
S1,2076,00-04,
S1,2076,05-09,
S1,2076,10-14,
S1,2076,15-19,43323790.06931607
S1,2076,20-24,43565861.07928349
S1,2076,25-29,44685650.33210244
S1,2076,30-34,46738385.22810094
S1,2076,35-39,48562657.1250238
S1,2076,40-44,50096188.75384757
S1,2076,45-49,50777943.72212285
S1,2076,50-54,50482671.13594908
S1,2076,55-59,51573244.06854936
S1,2076,60-64,52327179.22575584
S1,2076,65-69,51401924.7543434
S1,2076,70-74,49153649.89309266
S1,2076,75+,109038237.09527656
S1,2076,0-8,72928841.2358096
S1,2076,9-14,50990213.41348558
S1,2076,0-17,
S1,2076,18-29,
S1,2076,30-65,
S1,2076,66+,
S1,2076,15-26,
S1,2076,27-45,
S1,2076,46-65,
S1,2077,00-04,
S1,2077,05-09,
S1,2077,10-14,
S1,2077,15-19,43060929.30099881
S1,2077,20-24,43312352.55289841
S1,2077,25-29,44362800.90101367
S1,2077,30-34,46315612.87850189
S1,2077,35-39,48136255.06247339
S1,2077,40-44,49782797.05922881
S1,2077,45-49,50630374.13200226
S1,2077,50-54,50483409.011996746
S1,2077,55-59,50953417.48052035
S1,2077,60-64,51982618.21630076
S1,2077,65-69,51355497.92888461
S1,2077,70-74,48902455.97703093
S1,2077,75+,111211407.6157927
S1,2077,0-8,72327664.37051532
S1,2077,9-14,50644158.093529016
S1,2077,0-17,
S1,2077,18-29,
S1,2077,30-65,
S1,2077,66+,
S1,2077,15-26,
S1,2077,27-45,
S1,2077,46-65,
S1,2078,00-04,
S1,2078,05-09,
S1,2078,10-14,
S1,2078,15-19,42796185.28278041
S1,2078,20-24,43076195.6627971
S1,2078,25-29,44060866.088093385
S1,2078,30-34,45903931.48953392
S1,2078,35-39,47701295.85536257
S1,2078,40-44,49448596.18958825
S1,2078,45-49,50442940.17550564
S1,2078,50-54,50451554.3469075
S1,2078,55-59,50623302.89235601
S1,2078,60-64,51409510.980261624
S1,2078,65-69,51338188.242637575
S1,2078,70-74,48591831.6128457
S1,2078,75+,113279501.05401985
S1,2078,0-8,71740293.06172836
S1,2078,9-14,50274527.713231675
S1,2078,0-17,
S1,2078,18-29,
S1,2078,30-65,
S1,2078,66+,
S1,2078,15-26,
S1,2078,27-45,
S1,2078,46-65,
S1,2079,00-04,
S1,2079,05-09,
S1,2079,10-14,
S1,2079,15-19,42525746.55521211
S1,2079,20-24,42839562.40703075
S1,2079,25-29,43780510.33349989
S1,2079,30-34,45509216.46376477
S1,2079,35-39,47274052.71915546
S1,2079,40-44,49079319.39996949
S1,2079,45-49,50232913.30251679
S1,2079,50-54,50385401.62611222
S1,2079,55-59,50196570.4479236
S1,2079,60-64,51069577.75949641
S1,2079,65-69,51185144.19381649
S1,2079,70-74,48371133.7750925
S1,2079,75+,115180838.9337339
S1,2079,0-8,71156860.58344704
S1,2079,9-14,49896626.24866919
S1,2079,0-17,
S1,2079,18-29,
S1,2079,30-65,
S1,2079,66+,
S1,2079,15-26,
S1,2079,27-45,
S1,2079,46-65,
S1,2080,00-04,
S1,2080,05-09,
S1,2080,10-14,
S1,2080,15-19,42255848.202010185
S1,2080,20-24,42612563.66233459
S1,2080,25-29,43495679.04932955
S1,2080,30-34,45134419.15358549
S1,2080,35-39,46854928.41310755
S1,2080,40-44,48681458.71523051
S1,2080,45-49,49990993.71380375
S1,2080,50-54,50284773.76606816
S1,2080,55-59,49957457.37135448
S1,2080,60-64,50903098.62706058
S1,2080,65-69,50623700.006858245
S1,2080,70-74,48268092.17855863
S1,2080,75+,116954806.50168437
S1,2080,0-8,70585701.61815822
S1,2080,9-14,49496967.12312625
S1,2080,0-17,
S1,2080,18-29,
S1,2080,30-65,
S1,2080,66+,
S1,2080,15-26,
S1,2080,27-45,
S1,2080,46-65,
S1,2081,00-04,
S1,2081,05-09,
S1,2081,10-14,
S1,2081,15-19,41973442.71678665
S1,2081,20-24,42380040.35645424
S1,2081,25-29,43224094.9862636
S1,2081,30-34,44789417.64331143
S1,2081,35-39,46420374.66693633
S1,2081,40-44,48275466.774455
S1,2081,45-49,49710778.51827291
S1,2081,50-54,50179399.67167277
S1,2081,55-59,49937987.98722532
S1,2081,60-64,50424380.08609031
S1,2081,65-69,50219372.7022118
S1,2081,70-74,48207584.04123534
S1,2081,75+,118530816.74786226
S1,2081,0-8,70026906.77953517
S1,2081,9-14,49095050.84327624
S1,2081,0-17,
S1,2081,18-29,
S1,2081,30-65,
S1,2081,66+,
S1,2081,15-26,
S1,2081,27-45,
S1,2081,46-65,
S1,2082,00-04,
S1,2082,05-09,
S1,2082,10-14,
S1,2082,15-19,41695971.15491967
S1,2082,20-24,42120661.07407738
S1,2082,25-29,42973387.15035132
S1,2082,30-34,44467894.15706894
S1,2082,35-39,46001793.06694825
S1,2082,40-44,47853354.23593447
S1,2082,45-49,49403348.39618786
S1,2082,50-54,50039679.56204896
S1,2082,55-59,49951811.10702407
S1,2082,60-64,49838217.03118075
S1,2082,65-69,49919288.08616471
S1,2082,70-74,48209354.48929224
S1,2082,75+,119949787.0524114
S1,2082,0-8,69464038.82831945
S1,2082,9-14,48692556.79513003
S1,2082,0-17,
S1,2082,18-29,
S1,2082,30-65,
S1,2082,66+,
S1,2082,15-26,
S1,2082,27-45,
S1,2082,46-65,
S1,2083,00-04,
S1,2083,05-09,
S1,2083,10-14,
S1,2083,15-19,41396976.35871664
S1,2083,20-24,41860083.77655936
S1,2083,25-29,42740899.9494838
S1,2083,30-34,44168088.414750904
S1,2083,35-39,45594737.3267042
S1,2083,40-44,47423050.72105329
S1,2083,45-49,49075388.3417604
S1,2083,50-54,49860591.38019727
S1,2083,55-59,49933245.581381604
S1,2083,60-64,49534389.33967321
S1,2083,65-69,49398030.85284628
S1,2083,70-74,48236697.35023604
S1,2083,75+,121237313.22649185
S1,2083,0-8,68928493.32274073
S1,2083,9-14,48287208.23303049
S1,2083,0-17,
S1,2083,18-29,
S1,2083,30-65,
S1,2083,66+,
S1,2083,15-26,
S1,2083,27-45,
S1,2083,46-65,
S1,2084,00-04,
S1,2084,05-09,
S1,2084,10-14,
S1,2084,15-19,41088021.05497622
S1,2084,20-24,41592127.3577482
S1,2084,25-29,42505117.03501911
S1,2084,30-34,43887226.21346469
S1,2084,35-39,45202797.78843605
S1,2084,40-44,46999333.302925244
S1,2084,45-49,48711868.8061009
S1,2084,50-54,49658594.42752198
S1,2084,55-59,49880141.98371309
S1,2084,60-64,49136440.08777168
S1,2084,65-69,49101272.63136215
S1,2084,70-74,48134848.66346405
S1,2084,75+,122473459.1206153
S1,2084,0-8,68404058.09048714
S1,2084,9-14,47886031.24625112
S1,2084,0-17,
S1,2084,18-29,
S1,2084,30-65,
S1,2084,66+,
S1,2084,15-26,
S1,2084,27-45,
S1,2084,46-65,
S1,2085,00-04,
S1,2085,05-09,
S1,2085,10-14,
S1,2085,15-19,40756302.86059194
S1,2085,20-24,41326112.1200397
S1,2085,25-29,42280741.43194017
S1,2085,30-34,43603429.6140703
S1,2085,35-39,44831673.15074691
S1,2085,40-44,46584384.3416877
S1,2085,45-49,48320399.79470168
S1,2085,50-54,49425339.73893574
S1,2085,55-59,49792905.51387426
S1,2085,60-64,48921571.25063223
S1,2085,65-69,48966842.20801581
S1,2085,70-74,47646026.13736577
S1,2085,75+,123717580.59309496
S1,2085,0-8,67895726.35147338
S1,2085,9-14,47496920.75307632
S1,2085,0-17,
S1,2085,18-29,
S1,2085,30-65,
S1,2085,66+,
S1,2085,15-26,
S1,2085,27-45,
S1,2085,46-65,
S1,2086,00-04,
S1,2086,05-09,
S1,2086,10-14,
S1,2086,15-19,40423339.76076016
S1,2086,20-24,41046240.29215363
S1,2086,25-29,42049271.93473256
S1,2086,30-34,43332008.26772425
S1,2086,35-39,44489590.33793697
S1,2086,40-44,46153733.20290238
S1,2086,45-49,47920526.6899111
S1,2086,50-54,49153898.25648438
S1,2086,55-59,49700457.09210268
S1,2086,60-64,48920279.57396179
S1,2086,65-69,48530919.55888794
S1,2086,70-74,47306252.36311948
S1,2086,75+,124834760.33172181
S1,2086,0-8,67404099.04389472
S1,2086,9-14,47103675.78840225
S1,2086,0-17,
S1,2086,18-29,
S1,2086,30-65,
S1,2086,66+,
S1,2086,15-26,
S1,2086,27-45,
S1,2086,46-65,
S1,2087,00-04,
S1,2087,05-09,
S1,2087,10-14,
S1,2087,15-19,40089094.84588937
S1,2087,20-24,40770607.28870167
S1,2087,25-29,41789520.03462865
S1,2087,30-34,43079945.95184501
S1,2087,35-39,44169779.490688905
S1,2087,40-44,45738257.67083308
S1,2087,45-49,47504090.8967586
S1,2087,50-54,48855027.79683388
S1,2087,55-59,49573342.69783526
S1,2087,60-64,48950676.24292603
S1,2087,65-69,47992266.22373226
S1,2087,70-74,47065681.45306876
S1,2087,75+,125879570.25146635
S1,2087,0-8,66931181.74147344
S1,2087,9-14,46711067.26585206
S1,2087,0-17,
S1,2087,18-29,
S1,2087,30-65,
S1,2087,66+,
S1,2087,15-26,
S1,2087,27-45,
S1,2087,46-65,
S1,2088,00-04,
S1,2088,05-09,
S1,2088,10-14,
S1,2088,15-19,39749687.83535278
S1,2088,20-24,40476909.57153685
S1,2088,25-29,41531865.03458121
S1,2088,30-34,42848001.75461933
S1,2088,35-39,43872679.82689242
S1,2088,40-44,45335023.40682967
S1,2088,45-49,47080010.70196815
S1,2088,50-54,48536138.27144286
S1,2088,55-59,49407165.31600413
S1,2088,60-64,48949201.34445
S1,2088,65-69,47724017.83774308
S1,2088,70-74,46613785.2057028
S1,2088,75+,126847435.03917375
S1,2088,0-8,66473240.63217181
S1,2088,9-14,46341470.20591229
S1,2088,0-17,
S1,2088,18-29,
S1,2088,30-65,
S1,2088,66+,
S1,2088,15-26,
S1,2088,27-45,
S1,2088,46-65,
S1,2089,00-04,
S1,2089,05-09,
S1,2089,10-14,
S1,2089,15-19,39414199.50496916
S1,2089,20-24,40172008.7584125
S1,2089,25-29,41265952.56192239
S1,2089,30-34,42612583.63959873
S1,2089,35-39,43594329.89811369
S1,2089,40-44,44946705.07510045
S1,2089,45-49,46662274.63555059
S1,2089,50-54,48181796.29216002
S1,2089,55-59,49217851.577092126
S1,2089,60-64,48913421.77571864
S1,2089,65-69,47366522.88736591
S1,2089,70-74,46374670.48038943
S1,2089,75+,127666082.89238212
S1,2089,0-8,66033472.6675644
S1,2089,9-14,45972621.48976634
S1,2089,0-17,
S1,2089,18-29,
S1,2089,30-65,
S1,2089,66+,
S1,2089,15-26,
S1,2089,27-45,
S1,2089,46-65,
S1,2090,00-04,
S1,2090,05-09,
S1,2090,10-14,
S1,2090,15-19,39089533.82559057
S1,2090,20-24,39844064.82617211
S1,2090,25-29,41000842.58609923
S1,2090,30-34,42387291.2437115
S1,2090,35-39,43312175.915579736
S1,2090,40-44,44578487.87963508
S1,2090,45-49,46252734.73403613
S1,2090,50-54,47799357.22203191
S1,2090,55-59,48996899.63601285
S1,2090,60-64,48843517.13720779
S1,2090,65-69,47184302.38749814
S1,2090,70-74,46281843.96740396
S1,2090,75+,128153259.65505184
S1,2090,0-8,65607828.90347286
S1,2090,9-14,45610171.4212798
S1,2090,0-17,
S1,2090,18-29,
S1,2090,30-65,
S1,2090,66+,
S1,2090,15-26,
S1,2090,27-45,
S1,2090,46-65,
S1,2091,00-04,
S1,2091,05-09,
S1,2091,10-14,
S1,2091,15-19,38757424.57078303
S1,2091,20-24,39514433.1414243
S1,2091,25-29,40721907.98751572
S1,2091,30-34,42155678.39646917
S1,2091,35-39,43042990.00701681
S1,2091,40-44,44239590.952484
S1,2091,45-49,45827895.34630436
S1,2091,50-54,47408806.680904716
S1,2091,55-59,48738122.59571099
S1,2091,60-64,48768525.58090626
S1,2091,65-69,47206475.08611317
S1,2091,70-74,45903548.66521978
S1,2091,75+,128691996.7318155
S1,2091,0-8,65182402.62427259
S1,2091,9-14,45266679.701732025
S1,2091,0-17,
S1,2091,18-29,
S1,2091,30-65,
S1,2091,66+,
S1,2091,15-26,
S1,2091,27-45,
S1,2091,46-65,
S1,2092,00-04,
S1,2092,05-09,
S1,2092,10-14,
S1,2092,15-19,38427869.64379559
S1,2092,20-24,39184124.48749186
S1,2092,25-29,40447750.68540485
S1,2092,30-34,41896354.56501114
S1,2092,35-39,42793500.25443647
S1,2092,40-44,43923120.21237554
S1,2092,45-49,45418255.15748353
S1,2092,50-54,47001872.95840319
S1,2092,55-59,48451976.96074404
S1,2092,60-64,48659277.03989969
S1,2092,65-69,47258594.86575282
S1,2092,70-74,45430305.76501118
S1,2092,75+,129282644.20587474
S1,2092,0-8,64774798.95839191
S1,2092,9-14,44921712.97811001
S1,2092,0-17,
S1,2092,18-29,
S1,2092,30-65,
S1,2092,66+,
S1,2092,15-26,
S1,2092,27-45,
S1,2092,46-65,
S1,2093,00-04,
S1,2093,05-09,
S1,2093,10-14,
S1,2093,15-19,38118961.56049236
S1,2093,20-24,38849943.05281397
S1,2093,25-29,40155303.28519754
S1,2093,30-34,41637330.50942142
S1,2093,35-39,42562614.09362223
S1,2093,40-44,43628363.47137371
S1,2093,45-49,45020169.713611364
S1,2093,50-54,46586910.69582158
S1,2093,55-59,48145434.94436434
S1,2093,60-64,48511252.592187956
S1,2093,65-69,47279784.36015277
S1,2093,70-74,45211359.88128974
S1,2093,75+,129633623.43130033
S1,2093,0-8,64366192.003241085
S1,2093,9-14,44589421.24983399
S1,2093,0-17,
S1,2093,18-29,
S1,2093,30-65,
S1,2093,66+,
S1,2093,15-26,
S1,2093,27-45,
S1,2093,46-65,
S1,2094,00-04,
S1,2094,05-09,
S1,2094,10-14,
S1,2094,15-19,37807915.46872769
S1,2094,20-24,38518346.13057698
S1,2094,25-29,39851000.67856752
S1,2094,30-34,41370247.3826423
S1,2094,35-39,42328560.04964122
S1,2094,40-44,43352379.49052608
S1,2094,45-49,44636925.40888514
S1,2094,50-54,46178113.87185255
S1,2094,55-59,47803476.71256867
S1,2094,60-64,48340192.16016428
S1,2094,65-69,47267425.630768225
S1,2094,70-74,44910369.14720949
S1,2094,75+,130077648.23799884
S1,2094,0-8,63947121.21409628
S1,2094,9-14,44271664.9294171
S1,2094,0-17,
S1,2094,18-29,
S1,2094,30-65,
S1,2094,66+,
S1,2094,15-26,
S1,2094,27-45,
S1,2094,46-65,
S1,2095,00-04,
S1,2095,05-09,
S1,2095,10-14,
S1,2095,15-19,37501659.10014498
S1,2095,20-24,38198562.16781434
S1,2095,25-29,39524826.33958502
S1,2095,30-34,41104773.88245558
S1,2095,35-39,42105114.42560583
S1,2095,40-44,43073002.29416349
S1,2095,45-49,44273872.36150842
S1,2095,50-54,45777523.09817969
S1,2095,55-59,47433583.14973303
S1,2095,60-64,48138055.98383124
S1,2095,65-69,47222349.44609067
S1,2095,70-74,44775064.16306593
S1,2095,75+,130374069.50569215
S1,2095,0-8,63526702.39551507
S1,2095,9-14,43967260.709045574
S1,2095,0-17,
S1,2095,18-29,
S1,2095,30-65,
S1,2095,66+,
S1,2095,15-26,
S1,2095,27-45,
S1,2095,46-65,
S1,2096,00-04,
S1,2096,05-09,
S1,2096,10-14,
S1,2096,15-19,37214505.65509064
S1,2096,20-24,37873169.77666704
S1,2096,25-29,39199740.76235227
S1,2096,30-34,40828110.08847316
S1,2096,35-39,41877159.46403184
S1,2096,40-44,42807576.95146979
S1,2096,45-49,43940529.25905853
S1,2096,50-54,45362074.24051744
S1,2096,55-59,47055613.30668047
S1,2096,60-64,47898506.28966068
S1,2096,65-69,47171809.43469919
S1,2096,70-74,44830252.74387061
S1,2096,75+,130478087.70590952
S1,2096,0-8,63100406.56222307
S1,2096,9-14,43666680.60727385
S1,2096,0-17,
S1,2096,18-29,
S1,2096,30-65,
S1,2096,66+,
S1,2096,15-26,
S1,2096,27-45,
S1,2096,46-65,
S1,2097,00-04,
S1,2097,05-09,
S1,2097,10-14,
S1,2097,15-19,36921233.02427153
S1,2097,20-24,37550746.70107269
S1,2097,25-29,38874553.33476526
S1,2097,30-34,40556697.18517601
S1,2097,35-39,41622050.15426116
S1,2097,40-44,42561921.58148503
S1,2097,45-49,43629540.8718033
S1,2097,50-54,44961667.31823865
S1,2097,55-59,46661263.52804118
S1,2097,60-64,47631895.80054405
S1,2097,65-69,47087988.52933659
S1,2097,70-74,44913270.24636205
S1,2097,75+,130568174.61018544
S1,2097,0-8,62670746.682603575
S1,2097,9-14,43390639.24703752
S1,2097,0-17,
S1,2097,18-29,
S1,2097,30-65,
S1,2097,66+,
S1,2097,15-26,
S1,2097,27-45,
S1,2097,46-65,
S1,2098,00-04,
S1,2098,05-09,
S1,2098,10-14,
S1,2098,15-19,36639283.39432895
S1,2098,20-24,37248117.91579938
S1,2098,25-29,38543663.61222158
S1,2098,30-34,40264649.06174604
S1,2098,35-39,41365650.09231962
S1,2098,40-44,42333760.57178435
S1,2098,45-49,43339435.65605305
S1,2098,50-54,44572146.75682238
S1,2098,55-59,46258383.75431484
S1,2098,60-64,47344662.0101152
S1,2098,65-69,46966028.03003486
S1,2098,70-74,44966312.08544675
S1,2098,75+,130688856.13509114
S1,2098,0-8,62235052.256832495
S1,2098,9-14,43116919.04125235
S1,2098,0-17,
S1,2098,18-29,
S1,2098,30-65,
S1,2098,66+,
S1,2098,15-26,
S1,2098,27-45,
S1,2098,46-65,
S1,2099,00-04,
S1,2099,05-09,
S1,2099,10-14,
S1,2099,15-19,36369899.78738168
S1,2099,20-24,36942791.23724775
S1,2099,25-29,38215948.27776741
S1,2099,30-34,39962343.82271195
S1,2099,35-39,41102439.76775466
S1,2099,40-44,42103133.8209159
S1,2099,45-49,43068362.22158451
S1,2099,50-54,44197474.43978535
S1,2099,55-59,45861554.47266279
S1,2099,60-64,47022350.79630202
S1,2099,65-69,46821355.37511066
S1,2099,70-74,44987018.71697611
S1,2099,75+,130844810.85367422
S1,2099,0-8,61784338.09345113
S1,2099,9-14,42849063.47997503
S1,2099,0-17,
S1,2099,18-29,
S1,2099,30-65,
S1,2099,66+,
S1,2099,15-26,
S1,2099,27-45,
S1,2099,46-65,
S1,2100,00-04,
S1,2100,05-09,
S1,2100,10-14,
S1,2100,15-19,36113206.23912448
S1,2100,20-24,36643141.2386787
S1,2100,25-29,37900747.45435298
S1,2100,30-34,39638564.01597211
S1,2100,35-39,40841131.43106715
S1,2100,40-44,41883252.87438881
S1,2100,45-49,42794049.80186499
S1,2100,50-54,43842867.54978447
S1,2100,55-59,45472819.86963354
S1,2100,60-64,46672465.33556017
S1,2100,65-69,46646512.14430937
S1,2100,70-74,44976741.93873233
S1,2100,75+,131039994.61429614
S1,2100,0-8,61335637.22692922
S1,2100,9-14,42585886.36860814
S1,2100,0-17,
S1,2100,18-29,
S1,2100,30-65,
S1,2100,66+,
S1,2100,15-26,
S1,2100,27-45,
S1,2100,46-65,
S2,1950,00-04,
S2,1950,05-09,
S2,1950,10-14,
S2,1950,15-19,
S2,1950,20-24,
S2,1950,25-29,
S2,1950,30-34,
S2,1950,35-39,
S2,1950,40-44,
S2,1950,45-49,
S2,1950,50-54,
S2,1950,55-59,
S2,1950,60-64,
S2,1950,65-69,
S2,1950,70-74,
S2,1950,75+,
S2,1950,0-8,
S2,1950,9-14,
S2,1950,0-17,72940959.84628254
S2,1950,18-29,34089396.41875927
S2,1950,30-65,51487762.46539716
S2,1950,66+,4850314.656504414
S2,1950,15-26,
S2,1950,27-45,
S2,1950,46-65,
S2,1951,00-04,
S2,1951,05-09,
S2,1951,10-14,
S2,1951,15-19,
S2,1951,20-24,
S2,1951,25-29,
S2,1951,30-34,
S2,1951,35-39,
S2,1951,40-44,
S2,1951,45-49,
S2,1951,50-54,
S2,1951,55-59,
S2,1951,60-64,
S2,1951,65-69,
S2,1951,70-74,
S2,1951,75+,
S2,1951,0-8,
S2,1951,9-14,
S2,1951,0-17,74585146.43268596
S2,1951,18-29,34688307.90112842
S2,1951,30-65,52588027.38075406
S2,1951,66+,4931908.756959076
S2,1951,15-26,
S2,1951,27-45,
S2,1951,46-65,
S2,1952,00-04,
S2,1952,05-09,
S2,1952,10-14,
S2,1952,15-19,
S2,1952,20-24,
S2,1952,25-29,
S2,1952,30-34,
S2,1952,35-39,
S2,1952,40-44,
S2,1952,45-49,
S2,1952,50-54,
S2,1952,55-59,
S2,1952,60-64,
S2,1952,65-69,
S2,1952,70-74,
S2,1952,75+,
S2,1952,0-8,
S2,1952,9-14,
S2,1952,0-17,76314167.44946767
S2,1952,18-29,35348995.23271971
S2,1952,30-65,53677817.20487007
S2,1952,66+,5066361.969271065
S2,1952,15-26,
S2,1952,27-45,
S2,1952,46-65,
S2,1953,00-04,
S2,1953,05-09,
S2,1953,10-14,
S2,1953,15-19,
S2,1953,20-24,
S2,1953,25-29,
S2,1953,30-34,
S2,1953,35-39,
S2,1953,40-44,
S2,1953,45-49,
S2,1953,50-54,
S2,1953,55-59,
S2,1953,60-64,
S2,1953,65-69,
S2,1953,70-74,
S2,1953,75+,
S2,1953,0-8,
S2,1953,9-14,
S2,1953,0-17,78161810.9806953
S2,1953,18-29,36045504.37344991
S2,1953,30-65,54750932.75044877
S2,1953,66+,5248243.043839583
S2,1953,15-26,
S2,1953,27-45,
S2,1953,46-65,
S2,1954,00-04,
S2,1954,05-09,
S2,1954,10-14,
S2,1954,15-19,
S2,1954,20-24,
S2,1954,25-29,
S2,1954,30-34,
S2,1954,35-39,
S2,1954,40-44,
S2,1954,45-49,
S2,1954,50-54,
S2,1954,55-59,
S2,1954,60-64,
S2,1954,65-69,
S2,1954,70-74,
S2,1954,75+,
S2,1954,0-8,
S2,1954,9-14,
S2,1954,0-17,80117417.24383014
S2,1954,18-29,36709633.684288904
S2,1954,30-65,55804284.575468324
S2,1954,66+,5439137.682535693
S2,1954,15-26,
S2,1954,27-45,
S2,1954,46-65,
S2,1955,00-04,
S2,1955,05-09,
S2,1955,10-14,
S2,1955,15-19,
S2,1955,20-24,
S2,1955,25-29,
S2,1955,30-34,
S2,1955,35-39,
S2,1955,40-44,
S2,1955,45-49,
S2,1955,50-54,
S2,1955,55-59,
S2,1955,60-64,
S2,1955,65-69,
S2,1955,70-74,
S2,1955,75+,
S2,1955,0-8,
S2,1955,9-14,
S2,1955,0-17,82267034.65589786
S2,1955,18-29,37384150.030129105
S2,1955,30-65,56958213.42464437
S2,1955,66+,5608358.400743848
S2,1955,15-26,
S2,1955,27-45,
S2,1955,46-65,
S2,1956,00-04,
S2,1956,05-09,
S2,1956,10-14,
S2,1956,15-19,
S2,1956,20-24,
S2,1956,25-29,
S2,1956,30-34,
S2,1956,35-39,
S2,1956,40-44,
S2,1956,45-49,
S2,1956,50-54,
S2,1956,55-59,
S2,1956,60-64,
S2,1956,65-69,
S2,1956,70-74,
S2,1956,75+,
S2,1956,0-8,
S2,1956,9-14,
S2,1956,0-17,84529423.81891541
S2,1956,18-29,38025244.42653812
S2,1956,30-65,58154288.89436196
S2,1956,66+,5767119.1027756855
S2,1956,15-26,
S2,1956,27-45,
S2,1956,46-65,
S2,1957,00-04,
S2,1957,05-09,
S2,1957,10-14,
S2,1957,15-19,
S2,1957,20-24,
S2,1957,25-29,
S2,1957,30-34,
S2,1957,35-39,
S2,1957,40-44,
S2,1957,45-49,
S2,1957,50-54,
S2,1957,55-59,
S2,1957,60-64,
S2,1957,65-69,
S2,1957,70-74,
S2,1957,75+,
S2,1957,0-8,
S2,1957,9-14,
S2,1957,0-17,86876267.55013396
S2,1957,18-29,38685675.25302045
S2,1957,30-65,59409908.39634226
S2,1957,66+,5907835.955969617
S2,1957,15-26,
S2,1957,27-45,
S2,1957,46-65,
S2,1958,00-04,
S2,1958,05-09,
S2,1958,10-14,
S2,1958,15-19,
S2,1958,20-24,
S2,1958,25-29,
S2,1958,30-34,
S2,1958,35-39,
S2,1958,40-44,
S2,1958,45-49,
S2,1958,50-54,
S2,1958,55-59,
S2,1958,60-64,
S2,1958,65-69,
S2,1958,70-74,
S2,1958,75+,
S2,1958,0-8,
S2,1958,9-14,
S2,1958,0-17,89255500.11270635
S2,1958,18-29,39262187.013309106
S2,1958,30-65,60638610.01846012
S2,1958,66+,6026877.309693486
S2,1958,15-26,
S2,1958,27-45,
S2,1958,46-65,
S2,1959,00-04,
S2,1959,05-09,
S2,1959,10-14,
S2,1959,15-19,
S2,1959,20-24,
S2,1959,25-29,
S2,1959,30-34,
S2,1959,35-39,
S2,1959,40-44,
S2,1959,45-49,
S2,1959,50-54,
S2,1959,55-59,
S2,1959,60-64,
S2,1959,65-69,
S2,1959,70-74,
S2,1959,75+,
S2,1959,0-8,
S2,1959,9-14,
S2,1959,0-17,91745960.38922504
S2,1959,18-29,39928615.294768654
S2,1959,30-65,61979949.999834396
S2,1959,66+,6158262.19784676
S2,1959,15-26,
S2,1959,27-45,
S2,1959,46-65,
S2,1960,00-04,
S2,1960,05-09,
S2,1960,10-14,
S2,1960,15-19,
S2,1960,20-24,
S2,1960,25-29,
S2,1960,30-34,
S2,1960,35-39,
S2,1960,40-44,
S2,1960,45-49,
S2,1960,50-54,
S2,1960,55-59,
S2,1960,60-64,
S2,1960,65-69,
S2,1960,70-74,
S2,1960,75+,
S2,1960,0-8,
S2,1960,9-14,
S2,1960,0-17,94333347.528198
S2,1960,18-29,40521611.934137225
S2,1960,30-65,63307096.12208546
S2,1960,66+,6333157.049563836
S2,1960,15-26,
S2,1960,27-45,
S2,1960,46-65,
S2,1961,00-04,
S2,1961,05-09,
S2,1961,10-14,
S2,1961,15-19,
S2,1961,20-24,
S2,1961,25-29,
S2,1961,30-34,
S2,1961,35-39,
S2,1961,40-44,
S2,1961,45-49,
S2,1961,50-54,
S2,1961,55-59,
S2,1961,60-64,
S2,1961,65-69,
S2,1961,70-74,
S2,1961,75+,
S2,1961,0-8,
S2,1961,9-14,
S2,1961,0-17,97055928.75289762
S2,1961,18-29,41093800.787210174
S2,1961,30-65,64653469.05585237
S2,1961,66+,6536020.251872729
S2,1961,15-26,
S2,1961,27-45,
S2,1961,46-65,
S2,1962,00-04,
S2,1962,05-09,
S2,1962,10-14,
S2,1962,15-19,
S2,1962,20-24,
S2,1962,25-29,
S2,1962,30-34,
S2,1962,35-39,
S2,1962,40-44,
S2,1962,45-49,
S2,1962,50-54,
S2,1962,55-59,
S2,1962,60-64,
S2,1962,65-69,
S2,1962,70-74,
S2,1962,75+,
S2,1962,0-8,
S2,1962,9-14,
S2,1962,0-17,99869901.31699999
S2,1962,18-29,41677629.21501782
S2,1962,30-65,66020687.20658724
S2,1962,66+,6777810.139009144
S2,1962,15-26,
S2,1962,27-45,
S2,1962,46-65,
S2,1963,00-04,
S2,1963,05-09,
S2,1963,10-14,
S2,1963,15-19,
S2,1963,20-24,
S2,1963,25-29,
S2,1963,30-34,
S2,1963,35-39,
S2,1963,40-44,
S2,1963,45-49,
S2,1963,50-54,
S2,1963,55-59,
S2,1963,60-64,
S2,1963,65-69,
S2,1963,70-74,
S2,1963,75+,
S2,1963,0-8,
S2,1963,9-14,
S2,1963,0-17,102746104.18811704
S2,1963,18-29,42206391.30103133
S2,1963,30-65,67363400.97362772
S2,1963,66+,7046967.11725208
S2,1963,15-26,
S2,1963,27-45,
S2,1963,46-65,
S2,1964,00-04,
S2,1964,05-09,
S2,1964,10-14,
S2,1964,15-19,
S2,1964,20-24,
S2,1964,25-29,
S2,1964,30-34,
S2,1964,35-39,
S2,1964,40-44,
S2,1964,45-49,
S2,1964,50-54,
S2,1964,55-59,
S2,1964,60-64,
S2,1964,65-69,
S2,1964,70-74,
S2,1964,75+,
S2,1964,0-8,
S2,1964,9-14,
S2,1964,0-17,105715721.82843466
S2,1964,18-29,42748613.86700036
S2,1964,30-65,68758227.98654415
S2,1964,66+,7320598.10460415
S2,1964,15-26,
S2,1964,27-45,
S2,1964,46-65,
S2,1965,00-04,
S2,1965,05-09,
S2,1965,10-14,
S2,1965,15-19,
S2,1965,20-24,
S2,1965,25-29,
S2,1965,30-34,
S2,1965,35-39,
S2,1965,40-44,
S2,1965,45-49,
S2,1965,50-54,
S2,1965,55-59,
S2,1965,60-64,
S2,1965,65-69,
S2,1965,70-74,
S2,1965,75+,
S2,1965,0-8,
S2,1965,9-14,
S2,1965,0-17,108555995.76098168
S2,1965,18-29,43480557.65294908
S2,1965,30-65,70188939.75271122
S2,1965,66+,7573142.855844553
S2,1965,15-26,
S2,1965,27-45,
S2,1965,46-65,
S2,1966,00-04,
S2,1966,05-09,
S2,1966,10-14,
S2,1966,15-19,
S2,1966,20-24,
S2,1966,25-29,
S2,1966,30-34,
S2,1966,35-39,
S2,1966,40-44,
S2,1966,45-49,
S2,1966,50-54,
S2,1966,55-59,
S2,1966,60-64,
S2,1966,65-69,
S2,1966,70-74,
S2,1966,75+,
S2,1966,0-8,
S2,1966,9-14,
S2,1966,0-17,111174946.82330988
S2,1966,18-29,44280549.33083137
S2,1966,30-65,71604434.52926661
S2,1966,66+,7793996.0609512525
S2,1966,15-26,
S2,1966,27-45,
S2,1966,46-65,
S2,1967,00-04,
S2,1967,05-09,
S2,1967,10-14,
S2,1967,15-19,
S2,1967,20-24,
S2,1967,25-29,
S2,1967,30-34,
S2,1967,35-39,
S2,1967,40-44,
S2,1967,45-49,
S2,1967,50-54,
S2,1967,55-59,
S2,1967,60-64,
S2,1967,65-69,
S2,1967,70-74,
S2,1967,75+,
S2,1967,0-8,
S2,1967,9-14,
S2,1967,0-17,113734026.835617
S2,1967,18-29,45092596.93499977
S2,1967,30-65,73057906.63637139
S2,1967,66+,7994191.4279729035
S2,1967,15-26,
S2,1967,27-45,
S2,1967,46-65,
S2,1968,00-04,
S2,1968,05-09,
S2,1968,10-14,
S2,1968,15-19,
S2,1968,20-24,
S2,1968,25-29,
S2,1968,30-34,
S2,1968,35-39,
S2,1968,40-44,
S2,1968,45-49,
S2,1968,50-54,
S2,1968,55-59,
S2,1968,60-64,
S2,1968,65-69,
S2,1968,70-74,
S2,1968,75+,
S2,1968,0-8,
S2,1968,9-14,
S2,1968,0-17,116304868.04769284
S2,1968,18-29,46041110.140322864
S2,1968,30-65,74630137.53114653
S2,1968,66+,8184746.262572277
S2,1968,15-26,
S2,1968,27-45,
S2,1968,46-65,
S2,1969,00-04,
S2,1969,05-09,
S2,1969,10-14,
S2,1969,15-19,
S2,1969,20-24,
S2,1969,25-29,
S2,1969,30-34,
S2,1969,35-39,
S2,1969,40-44,
S2,1969,45-49,
S2,1969,50-54,
S2,1969,55-59,
S2,1969,60-64,
S2,1969,65-69,
S2,1969,70-74,
S2,1969,75+,
S2,1969,0-8,
S2,1969,9-14,
S2,1969,0-17,118997984.10474575
S2,1969,18-29,46939541.63791341
S2,1969,30-65,76138620.57026055
S2,1969,66+,8392806.165698072
S2,1969,15-26,
S2,1969,27-45,
S2,1969,46-65,
S2,1970,00-04,
S2,1970,05-09,
S2,1970,10-14,
S2,1970,15-19,
S2,1970,20-24,
S2,1970,25-29,
S2,1970,30-34,
S2,1970,35-39,
S2,1970,40-44,
S2,1970,45-49,
S2,1970,50-54,
S2,1970,55-59,
S2,1970,60-64,
S2,1970,65-69,
S2,1970,70-74,
S2,1970,75+,
S2,1970,0-8,
S2,1970,9-14,
S2,1970,0-17,121403899.0708262
S2,1970,18-29,48275952.65207921
S2,1970,30-65,77597284.47351193
S2,1970,66+,8621160.02032275
S2,1970,15-26,
S2,1970,27-45,
S2,1970,46-65,
S2,1971,00-04,
S2,1971,05-09,
S2,1971,10-14,
S2,1971,15-19,
S2,1971,20-24,
S2,1971,25-29,
S2,1971,30-34,
S2,1971,35-39,
S2,1971,40-44,
S2,1971,45-49,
S2,1971,50-54,
S2,1971,55-59,
S2,1971,60-64,
S2,1971,65-69,
S2,1971,70-74,
S2,1971,75+,
S2,1971,0-8,
S2,1971,9-14,
S2,1971,0-17,123839018.7836652
S2,1971,18-29,49949214.81616333
S2,1971,30-65,79157982.88504134
S2,1971,66+,8866261.955749739
S2,1971,15-26,
S2,1971,27-45,
S2,1971,46-65,
S2,1972,00-04,
S2,1972,05-09,
S2,1972,10-14,
S2,1972,15-19,
S2,1972,20-24,
S2,1972,25-29,
S2,1972,30-34,
S2,1972,35-39,
S2,1972,40-44,
S2,1972,45-49,
S2,1972,50-54,
S2,1972,55-59,
S2,1972,60-64,
S2,1972,65-69,
S2,1972,70-74,
S2,1972,75+,
S2,1972,0-8,
S2,1972,9-14,
S2,1972,0-17,126226690.45670167
S2,1972,18-29,51583416.87260198
S2,1972,30-65,80554413.79691923
S2,1972,66+,9127575.780242322
S2,1972,15-26,
S2,1972,27-45,
S2,1972,46-65,
S2,1973,00-04,
S2,1973,05-09,
S2,1973,10-14,
S2,1973,15-19,
S2,1973,20-24,
S2,1973,25-29,
S2,1973,30-34,
S2,1973,35-39,
S2,1973,40-44,
S2,1973,45-49,
S2,1973,50-54,
S2,1973,55-59,
S2,1973,60-64,
S2,1973,65-69,
S2,1973,70-74,
S2,1973,75+,
S2,1973,0-8,
S2,1973,9-14,
S2,1973,0-17,128638058.1971469
S2,1973,18-29,53485551.66185171
S2,1973,30-65,82059480.14019829
S2,1973,66+,9410879.73847187
S2,1973,15-26,
S2,1973,27-45,
S2,1973,46-65,
S2,1974,00-04,
S2,1974,05-09,
S2,1974,10-14,
S2,1974,15-19,
S2,1974,20-24,
S2,1974,25-29,
S2,1974,30-34,
S2,1974,35-39,
S2,1974,40-44,
S2,1974,45-49,
S2,1974,50-54,
S2,1974,55-59,
S2,1974,60-64,
S2,1974,65-69,
S2,1974,70-74,
S2,1974,75+,
S2,1974,0-8,
S2,1974,9-14,
S2,1974,0-17,131055601.65114154
S2,1974,18-29,55442814.507753566
S2,1974,30-65,83560672.98524295
S2,1974,66+,9705746.224933043
S2,1974,15-26,
S2,1974,27-45,
S2,1974,46-65,
S2,1975,00-04,
S2,1975,05-09,
S2,1975,10-14,
S2,1975,15-19,
S2,1975,20-24,
S2,1975,25-29,
S2,1975,30-34,
S2,1975,35-39,
S2,1975,40-44,
S2,1975,45-49,
S2,1975,50-54,
S2,1975,55-59,
S2,1975,60-64,
S2,1975,65-69,
S2,1975,70-74,
S2,1975,75+,
S2,1975,0-8,
S2,1975,9-14,
S2,1975,0-17,133526588.63361838
S2,1975,18-29,57606632.16002767
S2,1975,30-65,85225312.36088863
S2,1975,66+,10009004.844169624
S2,1975,15-26,
S2,1975,27-45,
S2,1975,46-65,
S2,1976,00-04,
S2,1976,05-09,
S2,1976,10-14,
S2,1976,15-19,
S2,1976,20-24,
S2,1976,25-29,
S2,1976,30-34,
S2,1976,35-39,
S2,1976,40-44,
S2,1976,45-49,
S2,1976,50-54,
S2,1976,55-59,
S2,1976,60-64,
S2,1976,65-69,
S2,1976,70-74,
S2,1976,75+,
S2,1976,0-8,
S2,1976,9-14,
S2,1976,0-17,135923011.62282032
S2,1976,18-29,59847123.17718387
S2,1976,30-65,86984942.59877196
S2,1976,66+,10319315.548838705
S2,1976,15-26,
S2,1976,27-45,
S2,1976,46-65,
S2,1977,00-04,
S2,1977,05-09,
S2,1977,10-14,
S2,1977,15-19,
S2,1977,20-24,
S2,1977,25-29,
S2,1977,30-34,
S2,1977,35-39,
S2,1977,40-44,
S2,1977,45-49,
S2,1977,50-54,
S2,1977,55-59,
S2,1977,60-64,
S2,1977,65-69,
S2,1977,70-74,
S2,1977,75+,
S2,1977,0-8,
S2,1977,9-14,
S2,1977,0-17,138385405.39758024
S2,1977,18-29,62109914.1196353
S2,1977,30-65,88820279.80322881
S2,1977,66+,10636077.505327232
S2,1977,15-26,
S2,1977,27-45,
S2,1977,46-65,
S2,1978,00-04,
S2,1978,05-09,
S2,1978,10-14,
S2,1978,15-19,
S2,1978,20-24,
S2,1978,25-29,
S2,1978,30-34,
S2,1978,35-39,
S2,1978,40-44,
S2,1978,45-49,
S2,1978,50-54,
S2,1978,55-59,
S2,1978,60-64,
S2,1978,65-69,
S2,1978,70-74,
S2,1978,75+,
S2,1978,0-8,
S2,1978,9-14,
S2,1978,0-17,140797519.35791066
S2,1978,18-29,64480303.994367115
S2,1978,30-65,90770643.74941738
S2,1978,66+,10956185.333841758
S2,1978,15-26,
S2,1978,27-45,
S2,1978,46-65,
S2,1979,00-04,
S2,1979,05-09,
S2,1979,10-14,
S2,1979,15-19,
S2,1979,20-24,
S2,1979,25-29,
S2,1979,30-34,
S2,1979,35-39,
S2,1979,40-44,
S2,1979,45-49,
S2,1979,50-54,
S2,1979,55-59,
S2,1979,60-64,
S2,1979,65-69,
S2,1979,70-74,
S2,1979,75+,
S2,1979,0-8,
S2,1979,9-14,
S2,1979,0-17,143199994.49127024
S2,1979,18-29,66807244.58353309
S2,1979,30-65,92664473.39901842
S2,1979,66+,11277013.105015937
S2,1979,15-26,
S2,1979,27-45,
S2,1979,46-65,
S2,1980,00-04,
S2,1980,05-09,
S2,1980,10-14,
S2,1980,15-19,
S2,1980,20-24,
S2,1980,25-29,
S2,1980,30-34,
S2,1980,35-39,
S2,1980,40-44,
S2,1980,45-49,
S2,1980,50-54,
S2,1980,55-59,
S2,1980,60-64,
S2,1980,65-69,
S2,1980,70-74,
S2,1980,75+,
S2,1980,0-8,
S2,1980,9-14,
S2,1980,0-17,145789292.68512836
S2,1980,18-29,68891530.23790841
S2,1980,30-65,95182002.87247348
S2,1980,66+,11603040.054185491
S2,1980,15-26,
S2,1980,27-45,
S2,1980,46-65,
S2,1981,00-04,
S2,1981,05-09,
S2,1981,10-14,
S2,1981,15-19,
S2,1981,20-24,
S2,1981,25-29,
S2,1981,30-34,
S2,1981,35-39,
S2,1981,40-44,
S2,1981,45-49,
S2,1981,50-54,
S2,1981,55-59,
S2,1981,60-64,
S2,1981,65-69,
S2,1981,70-74,
S2,1981,75+,
S2,1981,0-8,
S2,1981,9-14,
S2,1981,0-17,148506511.82395825
S2,1981,18-29,70843971.27532957
S2,1981,30-65,97808216.20910704
S2,1981,66+,11930005.918944143
S2,1981,15-26,
S2,1981,27-45,
S2,1981,46-65,
S2,1982,00-04,
S2,1982,05-09,
S2,1982,10-14,
S2,1982,15-19,
S2,1982,20-24,
S2,1982,25-29,
S2,1982,30-34,
S2,1982,35-39,
S2,1982,40-44,
S2,1982,45-49,
S2,1982,50-54,
S2,1982,55-59,
S2,1982,60-64,
S2,1982,65-69,
S2,1982,70-74,
S2,1982,75+,
S2,1982,0-8,
S2,1982,9-14,
S2,1982,0-17,151287750.60401258
S2,1982,18-29,72739662.75722939
S2,1982,30-65,100563295.88987222
S2,1982,66+,12258884.66858004
S2,1982,15-26,
S2,1982,27-45,
S2,1982,46-65,
S2,1983,00-04,
S2,1983,05-09,
S2,1983,10-14,
S2,1983,15-19,
S2,1983,20-24,
S2,1983,25-29,
S2,1983,30-34,
S2,1983,35-39,
S2,1983,40-44,
S2,1983,45-49,
S2,1983,50-54,
S2,1983,55-59,
S2,1983,60-64,
S2,1983,65-69,
S2,1983,70-74,
S2,1983,75+,
S2,1983,0-8,
S2,1983,9-14,
S2,1983,0-17,154117509.4491533
S2,1983,18-29,74599064.2356315
S2,1983,30-65,103480044.28192306
S2,1983,66+,12592052.997851085
S2,1983,15-26,
S2,1983,27-45,
S2,1983,46-65,
S2,1984,00-04,
S2,1984,05-09,
S2,1984,10-14,
S2,1984,15-19,
S2,1984,20-24,
S2,1984,25-29,
S2,1984,30-34,
S2,1984,35-39,
S2,1984,40-44,
S2,1984,45-49,
S2,1984,50-54,
S2,1984,55-59,
S2,1984,60-64,
S2,1984,65-69,
S2,1984,70-74,
S2,1984,75+,
S2,1984,0-8,
S2,1984,9-14,
S2,1984,0-17,157040885.14567333
S2,1984,18-29,76442278.67237052
S2,1984,30-65,106573790.2487498
S2,1984,66+,12932082.424747594
S2,1984,15-26,
S2,1984,27-45,
S2,1984,46-65,
S2,1985,00-04,
S2,1985,05-09,
S2,1985,10-14,
S2,1985,15-19,
S2,1985,20-24,
S2,1985,25-29,
S2,1985,30-34,
S2,1985,35-39,
S2,1985,40-44,
S2,1985,45-49,
S2,1985,50-54,
S2,1985,55-59,
S2,1985,60-64,
S2,1985,65-69,
S2,1985,70-74,
S2,1985,75+,
S2,1985,0-8,
S2,1985,9-14,
S2,1985,0-17,160092970.28011438
S2,1985,18-29,78203351.05536202
S2,1985,30-65,109800952.85026221
S2,1985,66+,13279962.532481158
S2,1985,15-26,
S2,1985,27-45,
S2,1985,46-65,
S2,1986,00-04,
S2,1986,05-09,
S2,1986,10-14,
S2,1986,15-19,
S2,1986,20-24,
S2,1986,25-29,
S2,1986,30-34,
S2,1986,35-39,
S2,1986,40-44,
S2,1986,45-49,
S2,1986,50-54,
S2,1986,55-59,
S2,1986,60-64,
S2,1986,65-69,
S2,1986,70-74,
S2,1986,75+,
S2,1986,0-8,
S2,1986,9-14,
S2,1986,0-17,163205210.77823472
S2,1986,18-29,79917718.41764867
S2,1986,30-65,113126475.96385875
S2,1986,66+,13638179.967456436
S2,1986,15-26,
S2,1986,27-45,
S2,1986,46-65,
S2,1987,00-04,
S2,1987,05-09,
S2,1987,10-14,
S2,1987,15-19,
S2,1987,20-24,
S2,1987,25-29,
S2,1987,30-34,
S2,1987,35-39,
S2,1987,40-44,
S2,1987,45-49,
S2,1987,50-54,
S2,1987,55-59,
S2,1987,60-64,
S2,1987,65-69,
S2,1987,70-74,
S2,1987,75+,
S2,1987,0-8,
S2,1987,9-14,
S2,1987,0-17,166419060.4729226
S2,1987,18-29,81624127.38171719
S2,1987,30-65,116532224.31283668
S2,1987,66+,14009635.606535433
S2,1987,15-26,
S2,1987,27-45,
S2,1987,46-65,
S2,1988,00-04,
S2,1988,05-09,
S2,1988,10-14,
S2,1988,15-19,
S2,1988,20-24,
S2,1988,25-29,
S2,1988,30-34,
S2,1988,35-39,
S2,1988,40-44,
S2,1988,45-49,
S2,1988,50-54,
S2,1988,55-59,
S2,1988,60-64,
S2,1988,65-69,
S2,1988,70-74,
S2,1988,75+,
S2,1988,0-8,
S2,1988,9-14,
S2,1988,0-17,169542722.9874012
S2,1988,18-29,83351075.24374834
S2,1988,30-65,120021018.7931509
S2,1988,66+,14395824.73662453
S2,1988,15-26,
S2,1988,27-45,
S2,1988,46-65,
S2,1989,00-04,
S2,1989,05-09,
S2,1989,10-14,
S2,1989,15-19,
S2,1989,20-24,
S2,1989,25-29,
S2,1989,30-34,
S2,1989,35-39,
S2,1989,40-44,
S2,1989,45-49,
S2,1989,50-54,
S2,1989,55-59,
S2,1989,60-64,
S2,1989,65-69,
S2,1989,70-74,
S2,1989,75+,
S2,1989,0-8,
S2,1989,9-14,
S2,1989,0-17,172647033.63224384
S2,1989,18-29,85144330.6823688
S2,1989,30-65,123573307.22197679
S2,1989,66+,14799811.32375859
S2,1989,15-26,
S2,1989,27-45,
S2,1989,46-65,
S2,1990,00-04,
S2,1990,05-09,
S2,1990,10-14,
S2,1990,15-19,
S2,1990,20-24,
S2,1990,25-29,
S2,1990,30-34,
S2,1990,35-39,
S2,1990,40-44,
S2,1990,45-49,
S2,1990,50-54,
S2,1990,55-59,
S2,1990,60-64,
S2,1990,65-69,
S2,1990,70-74,
S2,1990,75+,
S2,1990,0-8,
S2,1990,9-14,
S2,1990,0-17,175753301.93514013
S2,1990,18-29,86965272.6593006
S2,1990,30-65,127209720.23187223
S2,1990,66+,15224334.006929245
S2,1990,15-26,
S2,1990,27-45,
S2,1990,46-65,
S2,1991,00-04,
S2,1991,05-09,
S2,1991,10-14,
S2,1991,15-19,
S2,1991,20-24,
S2,1991,25-29,
S2,1991,30-34,
S2,1991,35-39,
S2,1991,40-44,
S2,1991,45-49,
S2,1991,50-54,
S2,1991,55-59,
S2,1991,60-64,
S2,1991,65-69,
S2,1991,70-74,
S2,1991,75+,
S2,1991,0-8,
S2,1991,9-14,
S2,1991,0-17,178809608.70899904
S2,1991,18-29,88773248.04275197
S2,1991,30-65,130960243.00415719
S2,1991,66+,15671612.081217911
S2,1991,15-26,
S2,1991,27-45,
S2,1991,46-65,
S2,1992,00-04,
S2,1992,05-09,
S2,1992,10-14,
S2,1992,15-19,
S2,1992,20-24,
S2,1992,25-29,
S2,1992,30-34,
S2,1992,35-39,
S2,1992,40-44,
S2,1992,45-49,
S2,1992,50-54,
S2,1992,55-59,
S2,1992,60-64,
S2,1992,65-69,
S2,1992,70-74,
S2,1992,75+,
S2,1992,0-8,
S2,1992,9-14,
S2,1992,0-17,182226144.1604617
S2,1992,18-29,90141111.48018903
S2,1992,30-65,134481703.0106298
S2,1992,66+,16337695.13827962
S2,1992,15-26,
S2,1992,27-45,
S2,1992,46-65,
S2,1993,00-04,
S2,1993,05-09,
S2,1993,10-14,
S2,1993,15-19,
S2,1993,20-24,
S2,1993,25-29,
S2,1993,30-34,
S2,1993,35-39,
S2,1993,40-44,
S2,1993,45-49,
S2,1993,50-54,
S2,1993,55-59,
S2,1993,60-64,
S2,1993,65-69,
S2,1993,70-74,
S2,1993,75+,
S2,1993,0-8,
S2,1993,9-14,
S2,1993,0-17,185539718.23076484
S2,1993,18-29,91556965.41308737
S2,1993,30-65,138148216.5314844
S2,1993,66+,17029766.383592524
S2,1993,15-26,
S2,1993,27-45,
S2,1993,46-65,
S2,1994,00-04,
S2,1994,05-09,
S2,1994,10-14,
S2,1994,15-19,
S2,1994,20-24,
S2,1994,25-29,
S2,1994,30-34,
S2,1994,35-39,
S2,1994,40-44,
S2,1994,45-49,
S2,1994,50-54,
S2,1994,55-59,
S2,1994,60-64,
S2,1994,65-69,
S2,1994,70-74,
S2,1994,75+,
S2,1994,0-8,
S2,1994,9-14,
S2,1994,0-17,188661814.9404993
S2,1994,18-29,93029432.88270867
S2,1994,30-65,141889610.08125243
S2,1994,66+,17747109.86539999
S2,1994,15-26,
S2,1994,27-45,
S2,1994,46-65,
S2,1995,00-04,
S2,1995,05-09,
S2,1995,10-14,
S2,1995,15-19,
S2,1995,20-24,
S2,1995,25-29,
S2,1995,30-34,
S2,1995,35-39,
S2,1995,40-44,
S2,1995,45-49,
S2,1995,50-54,
S2,1995,55-59,
S2,1995,60-64,
S2,1995,65-69,
S2,1995,70-74,
S2,1995,75+,
S2,1995,0-8,
S2,1995,9-14,
S2,1995,0-17,191594434.89568225
S2,1995,18-29,94505001.60214804
S2,1995,30-65,145648899.10931903
S2,1995,66+,18492027.697208293
S2,1995,15-26,
S2,1995,27-45,
S2,1995,46-65,
S2,1996,00-04,
S2,1996,05-09,
S2,1996,10-14,
S2,1996,15-19,
S2,1996,20-24,
S2,1996,25-29,
S2,1996,30-34,
S2,1996,35-39,
S2,1996,40-44,
S2,1996,45-49,
S2,1996,50-54,
S2,1996,55-59,
S2,1996,60-64,
S2,1996,65-69,
S2,1996,70-74,
S2,1996,75+,
S2,1996,0-8,
S2,1996,9-14,
S2,1996,0-17,194389021.65918344
S2,1996,18-29,96160548.41729885
S2,1996,30-65,149504541.0627138
S2,1996,66+,19264303.93665274
S2,1996,15-26,
S2,1996,27-45,
S2,1996,46-65,
S2,1997,00-04,
S2,1997,05-09,
S2,1997,10-14,
S2,1997,15-19,
S2,1997,20-24,
S2,1997,25-29,
S2,1997,30-34,
S2,1997,35-39,
S2,1997,40-44,
S2,1997,45-49,
S2,1997,50-54,
S2,1997,55-59,
S2,1997,60-64,
S2,1997,65-69,
S2,1997,70-74,
S2,1997,75+,
S2,1997,0-8,
S2,1997,9-14,
S2,1997,0-17,196990526.1915678
S2,1997,18-29,97941108.58963886
S2,1997,30-65,153436760.20357946
S2,1997,66+,20058519.463033907
S2,1997,15-26,
S2,1997,27-45,
S2,1997,46-65,
S2,1998,00-04,
S2,1998,05-09,
S2,1998,10-14,
S2,1998,15-19,
S2,1998,20-24,
S2,1998,25-29,
S2,1998,30-34,
S2,1998,35-39,
S2,1998,40-44,
S2,1998,45-49,
S2,1998,50-54,
S2,1998,55-59,
S2,1998,60-64,
S2,1998,65-69,
S2,1998,70-74,
S2,1998,75+,
S2,1998,0-8,
S2,1998,9-14,
S2,1998,0-17,199465510.46884483
S2,1998,18-29,99746730.79340294
S2,1998,30-65,157480373.5542177
S2,1998,66+,20871997.803245146
S2,1998,15-26,
S2,1998,27-45,
S2,1998,46-65,
S2,1999,00-04,
S2,1999,05-09,
S2,1999,10-14,
S2,1999,15-19,
S2,1999,20-24,
S2,1999,25-29,
S2,1999,30-34,
S2,1999,35-39,
S2,1999,40-44,
S2,1999,45-49,
S2,1999,50-54,
S2,1999,55-59,
S2,1999,60-64,
S2,1999,65-69,
S2,1999,70-74,
S2,1999,75+,
S2,1999,0-8,
S2,1999,9-14,
S2,1999,0-17,201775668.52592316
S2,1999,18-29,101617558.36168574
S2,1999,30-65,161642110.93917355
S2,1999,66+,21701275.771424748
S2,1999,15-26,
S2,1999,27-45,
S2,1999,46-65,
S2,2000,00-04,
S2,2000,05-09,
S2,2000,10-14,
S2,2000,15-19,
S2,2000,20-24,
S2,2000,25-29,
S2,2000,30-34,
S2,2000,35-39,
S2,2000,40-44,
S2,2000,45-49,
S2,2000,50-54,
S2,2000,55-59,
S2,2000,60-64,
S2,2000,65-69,
S2,2000,70-74,
S2,2000,75+,
S2,2000,0-8,
S2,2000,9-14,
S2,2000,0-17,203879721.93968755
S2,2000,18-29,103640430.49318223
S2,2000,30-65,165851373.89729083
S2,2000,66+,22538423.30648337
S2,2000,15-26,
S2,2000,27-45,
S2,2000,46-65,
S2,2001,00-04,
S2,2001,05-09,
S2,2001,10-14,
S2,2001,15-19,
S2,2001,20-24,
S2,2001,25-29,
S2,2001,30-34,
S2,2001,35-39,
S2,2001,40-44,
S2,2001,45-49,
S2,2001,50-54,
S2,2001,55-59,
S2,2001,60-64,
S2,2001,65-69,
S2,2001,70-74,
S2,2001,75+,
S2,2001,0-8,
S2,2001,9-14,
S2,2001,0-17,205889851.35929486
S2,2001,18-29,105793301.89906012
S2,2001,30-65,170170999.71209165
S2,2001,66+,23372640.865752343
S2,2001,15-26,
S2,2001,27-45,
S2,2001,46-65,
S2,2002,00-04,
S2,2002,05-09,
S2,2002,10-14,
S2,2002,15-19,
S2,2002,20-24,
S2,2002,25-29,
S2,2002,30-34,
S2,2002,35-39,
S2,2002,40-44,
S2,2002,45-49,
S2,2002,50-54,
S2,2002,55-59,
S2,2002,60-64,
S2,2002,65-69,
S2,2002,70-74,
S2,2002,75+,
S2,2002,0-8,
S2,2002,9-14,
S2,2002,0-17,207785629.23937544
S2,2002,18-29,108040402.34696606
S2,2002,30-65,174641337.1413988
S2,2002,66+,24231825.355858732
S2,2002,15-26,
S2,2002,27-45,
S2,2002,46-65,
S2,2003,00-04,
S2,2003,05-09,
S2,2003,10-14,
S2,2003,15-19,
S2,2003,20-24,
S2,2003,25-29,
S2,2003,30-34,
S2,2003,35-39,
S2,2003,40-44,
S2,2003,45-49,
S2,2003,50-54,
S2,2003,55-59,
S2,2003,60-64,
S2,2003,65-69,
S2,2003,70-74,
S2,2003,75+,
S2,2003,0-8,
S2,2003,9-14,
S2,2003,0-17,209440056.22672093
S2,2003,18-29,110166152.70674744
S2,2003,30-65,179074694.0080938
S2,2003,66+,25118761.53018448
S2,2003,15-26,
S2,2003,27-45,
S2,2003,46-65,
S2,2004,00-04,
S2,2004,05-09,
S2,2004,10-14,
S2,2004,15-19,
S2,2004,20-24,
S2,2004,25-29,
S2,2004,30-34,
S2,2004,35-39,
S2,2004,40-44,
S2,2004,45-49,
S2,2004,50-54,
S2,2004,55-59,
S2,2004,60-64,
S2,2004,65-69,
S2,2004,70-74,
S2,2004,75+,
S2,2004,0-8,
S2,2004,9-14,
S2,2004,0-17,210787741.74925318
S2,2004,18-29,112339126.1605704
S2,2004,30-65,183648713.31176794
S2,2004,66+,26002922.223663237
S2,2004,15-26,
S2,2004,27-45,
S2,2004,46-65,
S2,2005,00-04,
S2,2005,05-09,
S2,2005,10-14,
S2,2005,15-19,
S2,2005,20-24,
S2,2005,25-29,
S2,2005,30-34,
S2,2005,35-39,
S2,2005,40-44,
S2,2005,45-49,
S2,2005,50-54,
S2,2005,55-59,
S2,2005,60-64,
S2,2005,65-69,
S2,2005,70-74,
S2,2005,75+,
S2,2005,0-8,
S2,2005,9-14,
S2,2005,0-17,211839399.54960322
S2,2005,18-29,114627688.57541478
S2,2005,30-65,188406920.13794404
S2,2005,66+,26840802.22354543
S2,2005,15-26,
S2,2005,27-45,
S2,2005,46-65,
S2,2006,00-04,
S2,2006,05-09,
S2,2006,10-14,
S2,2006,15-19,
S2,2006,20-24,
S2,2006,25-29,
S2,2006,30-34,
S2,2006,35-39,
S2,2006,40-44,
S2,2006,45-49,
S2,2006,50-54,
S2,2006,55-59,
S2,2006,60-64,
S2,2006,65-69,
S2,2006,70-74,
S2,2006,75+,
S2,2006,0-8,
S2,2006,9-14,
S2,2006,0-17,212531186.49380618
S2,2006,18-29,116805978.97526394
S2,2006,30-65,193065834.22468215
S2,2006,66+,27638472.237754945
S2,2006,15-26,
S2,2006,27-45,
S2,2006,46-65,
S2,2007,00-04,
S2,2007,05-09,
S2,2007,10-14,
S2,2007,15-19,
S2,2007,20-24,
S2,2007,25-29,
S2,2007,30-34,
S2,2007,35-39,
S2,2007,40-44,
S2,2007,45-49,
S2,2007,50-54,
S2,2007,55-59,
S2,2007,60-64,
S2,2007,65-69,
S2,2007,70-74,
S2,2007,75+,
S2,2007,0-8,
S2,2007,9-14,
S2,2007,0-17,212903663.70418543
S2,2007,18-29,119080056.25331861
S2,2007,30-65,197927120.1435047
S2,2007,66+,28409534.430225827
S2,2007,15-26,
S2,2007,27-45,
S2,2007,46-65,
S2,2008,00-04,
S2,2008,05-09,
S2,2008,10-14,
S2,2008,15-19,
S2,2008,20-24,
S2,2008,25-29,
S2,2008,30-34,
S2,2008,35-39,
S2,2008,40-44,
S2,2008,45-49,
S2,2008,50-54,
S2,2008,55-59,
S2,2008,60-64,
S2,2008,65-69,
S2,2008,70-74,
S2,2008,75+,
S2,2008,0-8,
S2,2008,9-14,
S2,2008,0-17,213084015.8312697
S2,2008,18-29,121244264.59863475
S2,2008,30-65,202731673.53539872
S2,2008,66+,29174167.00672958
S2,2008,15-26,
S2,2008,27-45,
S2,2008,46-65,
S2,2009,00-04,
S2,2009,05-09,
S2,2009,10-14,
S2,2009,15-19,
S2,2009,20-24,
S2,2009,25-29,
S2,2009,30-34,
S2,2009,35-39,
S2,2009,40-44,
S2,2009,45-49,
S2,2009,50-54,
S2,2009,55-59,
S2,2009,60-64,
S2,2009,65-69,
S2,2009,70-74,
S2,2009,75+,
S2,2009,0-8,
S2,2009,9-14,
S2,2009,0-17,213150812.54337358
S2,2009,18-29,123408093.89243516
S2,2009,30-65,207617088.7285448
S2,2009,66+,29941492.468893833
S2,2009,15-26,
S2,2009,27-45,
S2,2009,46-65,
S2,2010,00-04,
S2,2010,05-09,
S2,2010,10-14,
S2,2010,15-19,
S2,2010,20-24,
S2,2010,25-29,
S2,2010,30-34,
S2,2010,35-39,
S2,2010,40-44,
S2,2010,45-49,
S2,2010,50-54,
S2,2010,55-59,
S2,2010,60-64,
S2,2010,65-69,
S2,2010,70-74,
S2,2010,75+,
S2,2010,0-8,
S2,2010,9-14,
S2,2010,0-17,213081796.59528273
S2,2010,18-29,125576417.83247866
S2,2010,30-65,212739560.00825855
S2,2010,66+,30706289.986356214
S2,2010,15-26,
S2,2010,27-45,
S2,2010,46-65,
S2,2011,00-04,
S2,2011,05-09,
S2,2011,10-14,
S2,2011,15-19,
S2,2011,20-24,
S2,2011,25-29,
S2,2011,30-34,
S2,2011,35-39,
S2,2011,40-44,
S2,2011,45-49,
S2,2011,50-54,
S2,2011,55-59,
S2,2011,60-64,
S2,2011,65-69,
S2,2011,70-74,
S2,2011,75+,
S2,2011,0-8,
S2,2011,9-14,
S2,2011,0-17,212863519.1051931
S2,2011,18-29,127629182.47485007
S2,2011,30-65,218124184.28789946
S2,2011,66+,31498937.45079146
S2,2011,15-26,
S2,2011,27-45,
S2,2011,46-65,
S2,2012,00-04,
S2,2012,05-09,
S2,2012,10-14,
S2,2012,15-19,
S2,2012,20-24,
S2,2012,25-29,
S2,2012,30-34,
S2,2012,35-39,
S2,2012,40-44,
S2,2012,45-49,
S2,2012,50-54,
S2,2012,55-59,
S2,2012,60-64,
S2,2012,65-69,
S2,2012,70-74,
S2,2012,75+,
S2,2012,0-8,
S2,2012,9-14,
S2,2012,0-17,212938840.57982692
S2,2012,18-29,129259444.38338847
S2,2012,30-65,223628046.3783144
S2,2012,66+,32371031.93003676
S2,2012,15-26,
S2,2012,27-45,
S2,2012,46-65,
S2,2013,00-04,
S2,2013,05-09,
S2,2013,10-14,
S2,2013,15-19,
S2,2013,20-24,
S2,2013,25-29,
S2,2013,30-34,
S2,2013,35-39,
S2,2013,40-44,
S2,2013,45-49,
S2,2013,50-54,
S2,2013,55-59,
S2,2013,60-64,
S2,2013,65-69,
S2,2013,70-74,
S2,2013,75+,
S2,2013,0-8,
S2,2013,9-14,
S2,2013,0-17,212980834.40384004
S2,2013,18-29,130817664.38611653
S2,2013,30-65,229298722.4842782
S2,2013,66+,33294965.77873055
S2,2013,15-26,
S2,2013,27-45,
S2,2013,46-65,
S2,2014,00-04,
S2,2014,05-09,
S2,2014,10-14,
S2,2014,15-19,
S2,2014,20-24,
S2,2014,25-29,
S2,2014,30-34,
S2,2014,35-39,
S2,2014,40-44,
S2,2014,45-49,
S2,2014,50-54,
S2,2014,55-59,
S2,2014,60-64,
S2,2014,65-69,
S2,2014,70-74,
S2,2014,75+,
S2,2014,0-8,
S2,2014,9-14,
S2,2014,0-17,212905103.28854656
S2,2014,18-29,132267894.87264729
S2,2014,30-65,235177343.64257142
S2,2014,66+,34245971.356866375
S2,2014,15-26,
S2,2014,27-45,
S2,2014,46-65,
S2,2015,00-04,
S2,2015,05-09,
S2,2015,10-14,
S2,2015,15-19,
S2,2015,20-24,
S2,2015,25-29,
S2,2015,30-34,
S2,2015,35-39,
S2,2015,40-44,
S2,2015,45-49,
S2,2015,50-54,
S2,2015,55-59,
S2,2015,60-64,
S2,2015,65-69,
S2,2015,70-74,
S2,2015,75+,
S2,2015,0-8,
S2,2015,9-14,
S2,2015,0-17,212555645.41929656
S2,2015,18-29,133652039.1769945
S2,2015,30-65,241052731.17651847
S2,2015,66+,35548483.987468705
S2,2015,15-26,
S2,2015,27-45,
S2,2015,46-65,
S2,2016,00-04,
S2,2016,05-09,
S2,2016,10-14,
S2,2016,15-19,
S2,2016,20-24,
S2,2016,25-29,
S2,2016,30-34,
S2,2016,35-39,
S2,2016,40-44,
S2,2016,45-49,
S2,2016,50-54,
S2,2016,55-59,
S2,2016,60-64,
S2,2016,65-69,
S2,2016,70-74,
S2,2016,75+,
S2,2016,0-8,
S2,2016,9-14,
S2,2016,0-17,212113379.1330766
S2,2016,18-29,134901171.61316466
S2,2016,30-65,246846734.74269712
S2,2016,66+,36942001.82721202
S2,2016,15-26,
S2,2016,27-45,
S2,2016,46-65,
S2,2017,00-04,
S2,2017,05-09,
S2,2017,10-14,
S2,2017,15-19,
S2,2017,20-24,
S2,2017,25-29,
S2,2017,30-34,
S2,2017,35-39,
S2,2017,40-44,
S2,2017,45-49,
S2,2017,50-54,
S2,2017,55-59,
S2,2017,60-64,
S2,2017,65-69,
S2,2017,70-74,
S2,2017,75+,
S2,2017,0-8,
S2,2017,9-14,
S2,2017,0-17,211435403.77005306
S2,2017,18-29,136001923.5079499
S2,2017,30-65,252547452.44376868
S2,2017,66+,38365009.962262675
S2,2017,15-26,
S2,2017,27-45,
S2,2017,46-65,
S2,2018,00-04,
S2,2018,05-09,
S2,2018,10-14,
S2,2018,15-19,
S2,2018,20-24,
S2,2018,25-29,
S2,2018,30-34,
S2,2018,35-39,
S2,2018,40-44,
S2,2018,45-49,
S2,2018,50-54,
S2,2018,55-59,
S2,2018,60-64,
S2,2018,65-69,
S2,2018,70-74,
S2,2018,75+,
S2,2018,0-8,
S2,2018,9-14,
S2,2018,0-17,210607101.6390751
S2,2018,18-29,137117458.71407825
S2,2018,30-65,258287149.67817017
S2,2018,66+,39888595.00425164
S2,2018,15-26,
S2,2018,27-45,
S2,2018,46-65,
S2,2019,00-04,
S2,2019,05-09,
S2,2019,10-14,
S2,2019,15-19,
S2,2019,20-24,
S2,2019,25-29,
S2,2019,30-34,
S2,2019,35-39,
S2,2019,40-44,
S2,2019,45-49,
S2,2019,50-54,
S2,2019,55-59,
S2,2019,60-64,
S2,2019,65-69,
S2,2019,70-74,
S2,2019,75+,
S2,2019,0-8,
S2,2019,9-14,
S2,2019,0-17,209910619.043815
S2,2019,18-29,138069912.99690688
S2,2019,30-65,264005680.82637292
S2,2019,66+,41479799.66073798
S2,2019,15-26,
S2,2019,27-45,
S2,2019,46-65,
S2,2020,00-04,
S2,2020,05-09,
S2,2020,10-14,
S2,2020,15-19,
S2,2020,20-24,
S2,2020,25-29,
S2,2020,30-34,
S2,2020,35-39,
S2,2020,40-44,
S2,2020,45-49,
S2,2020,50-54,
S2,2020,55-59,
S2,2020,60-64,
S2,2020,65-69,
S2,2020,70-74,
S2,2020,75+,
S2,2020,0-8,
S2,2020,9-14,
S2,2020,0-17,209136460.45056173
S2,2020,18-29,138954260.50823066
S2,2020,30-65,269754972.33058697
S2,2020,66+,43197419.708848566
S2,2020,15-26,
S2,2020,27-45,
S2,2020,46-65,
S2,2021,00-04,
S2,2021,05-09,
S2,2021,10-14,
S2,2021,15-19,
S2,2021,20-24,
S2,2021,25-29,
S2,2021,30-34,
S2,2021,35-39,
S2,2021,40-44,
S2,2021,45-49,
S2,2021,50-54,
S2,2021,55-59,
S2,2021,60-64,
S2,2021,65-69,
S2,2021,70-74,
S2,2021,75+,
S2,2021,0-8,
S2,2021,9-14,
S2,2021,0-17,208141904.548717
S2,2021,18-29,140009510.27695426
S2,2021,30-65,275451770.1275899
S2,2021,66+,44779919.63487393
S2,2021,15-26,
S2,2021,27-45,
S2,2021,46-65,
S2,2022,00-04,
S2,2022,05-09,
S2,2022,10-14,
S2,2022,15-19,
S2,2022,20-24,
S2,2022,25-29,
S2,2022,30-34,
S2,2022,35-39,
S2,2022,40-44,
S2,2022,45-49,
S2,2022,50-54,
S2,2022,55-59,
S2,2022,60-64,
S2,2022,65-69,
S2,2022,70-74,
S2,2022,75+,
S2,2022,0-8,
S2,2022,9-14,
S2,2022,0-17,207405109.20753855
S2,2022,18-29,141188019.874761
S2,2022,30-65,281006231.4162069
S2,2022,66+,45634143.68708913
S2,2022,15-26,
S2,2022,27-45,
S2,2022,46-65,
S2,2023,00-04,
S2,2023,05-09,
S2,2023,10-14,
S2,2023,15-19,
S2,2023,20-24,
S2,2023,25-29,
S2,2023,30-34,
S2,2023,35-39,
S2,2023,40-44,
S2,2023,45-49,
S2,2023,50-54,
S2,2023,55-59,
S2,2023,60-64,
S2,2023,65-69,
S2,2023,70-74,
S2,2023,75+,
S2,2023,0-8,
S2,2023,9-14,
S2,2023,0-17,206260842.25222385
S2,2023,18-29,141801122.9218608
S2,2023,30-65,286561388.8980874
S2,2023,66+,47471518.1394417
S2,2023,15-26,
S2,2023,27-45,
S2,2023,46-65,
S2,2024,00-04,
S2,2024,05-09,
S2,2024,10-14,
S2,2024,15-19,
S2,2024,20-24,
S2,2024,25-29,
S2,2024,30-34,
S2,2024,35-39,
S2,2024,40-44,
S2,2024,45-49,
S2,2024,50-54,
S2,2024,55-59,
S2,2024,60-64,
S2,2024,65-69,
S2,2024,70-74,
S2,2024,75+,
S2,2024,0-8,
S2,2024,9-14,
S2,2024,0-17,205192807.26371074
S2,2024,18-29,142383766.20177045
S2,2024,30-65,292079198.17139953
S2,2024,66+,49315650.59079808
S2,2024,15-26,
S2,2024,27-45,
S2,2024,46-65,
S2,2025,00-04,
S2,2025,05-09,
S2,2025,10-14,
S2,2025,15-19,
S2,2025,20-24,
S2,2025,25-29,
S2,2025,30-34,
S2,2025,35-39,
S2,2025,40-44,
S2,2025,45-49,
S2,2025,50-54,
S2,2025,55-59,
S2,2025,60-64,
S2,2025,65-69,
S2,2025,70-74,
S2,2025,75+,
S2,2025,0-8,
S2,2025,9-14,
S2,2025,0-17,204047347.37937438
S2,2025,18-29,142867093.44698763
S2,2025,30-65,297702832.0946244
S2,2025,66+,51241080.18203266
S2,2025,15-26,
S2,2025,27-45,
S2,2025,46-65,
S2,2026,00-04,
S2,2026,05-09,
S2,2026,10-14,
S2,2026,15-19,
S2,2026,20-24,
S2,2026,25-29,
S2,2026,30-34,
S2,2026,35-39,
S2,2026,40-44,
S2,2026,45-49,
S2,2026,50-54,
S2,2026,55-59,
S2,2026,60-64,
S2,2026,65-69,
S2,2026,70-74,
S2,2026,75+,
S2,2026,0-8,
S2,2026,9-14,
S2,2026,0-17,202961352.31956935
S2,2026,18-29,143118442.87031376
S2,2026,30-65,303195372.1810906
S2,2026,66+,53195036.24319091
S2,2026,15-26,
S2,2026,27-45,
S2,2026,46-65,
S2,2027,00-04,
S2,2027,05-09,
S2,2027,10-14,
S2,2027,15-19,
S2,2027,20-24,
S2,2027,25-29,
S2,2027,30-34,
S2,2027,35-39,
S2,2027,40-44,
S2,2027,45-49,
S2,2027,50-54,
S2,2027,55-59,
S2,2027,60-64,
S2,2027,65-69,
S2,2027,70-74,
S2,2027,75+,
S2,2027,0-8,
S2,2027,9-14,
S2,2027,0-17,201823879.80313537
S2,2027,18-29,143110554.54309714
S2,2027,30-65,308436301.42758197
S2,2027,66+,55146766.19374339
S2,2027,15-26,
S2,2027,27-45,
S2,2027,46-65,
S2,2028,00-04,
S2,2028,05-09,
S2,2028,10-14,
S2,2028,15-19,
S2,2028,20-24,
S2,2028,25-29,
S2,2028,30-34,
S2,2028,35-39,
S2,2028,40-44,
S2,2028,45-49,
S2,2028,50-54,
S2,2028,55-59,
S2,2028,60-64,
S2,2028,65-69,
S2,2028,70-74,
S2,2028,75+,
S2,2028,0-8,
S2,2028,9-14,
S2,2028,0-17,200770335.3004764
S2,2028,18-29,142979091.39108074
S2,2028,30-65,313677858.46583354
S2,2028,66+,57145541.46164942
S2,2028,15-26,
S2,2028,27-45,
S2,2028,46-65,
S2,2029,00-04,
S2,2029,05-09,
S2,2029,10-14,
S2,2029,15-19,
S2,2029,20-24,
S2,2029,25-29,
S2,2029,30-34,
S2,2029,35-39,
S2,2029,40-44,
S2,2029,45-49,
S2,2029,50-54,
S2,2029,55-59,
S2,2029,60-64,
S2,2029,65-69,
S2,2029,70-74,
S2,2029,75+,
S2,2029,0-8,
S2,2029,9-14,
S2,2029,0-17,199785670.71017125
S2,2029,18-29,142733627.3251187
S2,2029,30-65,318943548.24918
S2,2029,66+,59181559.23843494
S2,2029,15-26,
S2,2029,27-45,
S2,2029,46-65,
S2,2030,00-04,
S2,2030,05-09,
S2,2030,10-14,
S2,2030,15-19,
S2,2030,20-24,
S2,2030,25-29,
S2,2030,30-34,
S2,2030,35-39,
S2,2030,40-44,
S2,2030,45-49,
S2,2030,50-54,
S2,2030,55-59,
S2,2030,60-64,
S2,2030,65-69,
S2,2030,70-74,
S2,2030,75+,
S2,2030,0-8,
S2,2030,9-14,
S2,2030,0-17,198925410.18410856
S2,2030,18-29,142311769.94568014
S2,2030,30-65,324229122.7539733
S2,2030,66+,61265159.918049805
S2,2030,15-26,
S2,2030,27-45,
S2,2030,46-65,
S2,2031,00-04,
S2,2031,05-09,
S2,2031,10-14,
S2,2031,15-19,
S2,2031,20-24,
S2,2031,25-29,
S2,2031,30-34,
S2,2031,35-39,
S2,2031,40-44,
S2,2031,45-49,
S2,2031,50-54,
S2,2031,55-59,
S2,2031,60-64,
S2,2031,65-69,
S2,2031,70-74,
S2,2031,75+,
S2,2031,0-8,
S2,2031,9-14,
S2,2031,0-17,198004077.9323571
S2,2031,18-29,141643335.69633552
S2,2031,30-65,329524331.707875
S2,2031,66+,63358731.90322961
S2,2031,15-26,
S2,2031,27-45,
S2,2031,46-65,
S2,2032,00-04,
S2,2032,05-09,
S2,2032,10-14,
S2,2032,15-19,
S2,2032,20-24,
S2,2032,25-29,
S2,2032,30-34,
S2,2032,35-39,
S2,2032,40-44,
S2,2032,45-49,
S2,2032,50-54,
S2,2032,55-59,
S2,2032,60-64,
S2,2032,65-69,
S2,2032,70-74,
S2,2032,75+,
S2,2032,0-8,
S2,2032,9-14,
S2,2032,0-17,196900610.79679057
S2,2032,18-29,140739733.65669107
S2,2032,30-65,334647063.42404383
S2,2032,66+,65457486.4977989
S2,2032,15-26,
S2,2032,27-45,
S2,2032,46-65,
S2,2033,00-04,
S2,2033,05-09,
S2,2033,10-14,
S2,2033,15-19,
S2,2033,20-24,
S2,2033,25-29,
S2,2033,30-34,
S2,2033,35-39,
S2,2033,40-44,
S2,2033,45-49,
S2,2033,50-54,
S2,2033,55-59,
S2,2033,60-64,
S2,2033,65-69,
S2,2033,70-74,
S2,2033,75+,
S2,2033,0-8,
S2,2033,9-14,
S2,2033,0-17,195926862.3816476
S2,2033,18-29,139737156.5093271
S2,2033,30-65,339670490.223112
S2,2033,66+,67633997.3085088
S2,2033,15-26,
S2,2033,27-45,
S2,2033,46-65,
S2,2034,00-04,
S2,2034,05-09,
S2,2034,10-14,
S2,2034,15-19,
S2,2034,20-24,
S2,2034,25-29,
S2,2034,30-34,
S2,2034,35-39,
S2,2034,40-44,
S2,2034,45-49,
S2,2034,50-54,
S2,2034,55-59,
S2,2034,60-64,
S2,2034,65-69,
S2,2034,70-74,
S2,2034,75+,
S2,2034,0-8,
S2,2034,9-14,
S2,2034,0-17,194975293.17319712
S2,2034,18-29,138827824.82470894
S2,2034,30-65,344514031.90184265
S2,2034,66+,69892400.66127712
S2,2034,15-26,
S2,2034,27-45,
S2,2034,46-65,
S2,2035,00-04,
S2,2035,05-09,
S2,2035,10-14,
S2,2035,15-19,
S2,2035,20-24,
S2,2035,25-29,
S2,2035,30-34,
S2,2035,35-39,
S2,2035,40-44,
S2,2035,45-49,
S2,2035,50-54,
S2,2035,55-59,
S2,2035,60-64,
S2,2035,65-69,
S2,2035,70-74,
S2,2035,75+,
S2,2035,0-8,
S2,2035,9-14,
S2,2035,0-17,194305174.2022445
S2,2035,18-29,137711937.96399313
S2,2035,30-65,349243389.419218
S2,2035,66+,72200768.4250979
S2,2035,15-26,
S2,2035,27-45,
S2,2035,46-65,
S2,2036,00-04,
S2,2036,05-09,
S2,2036,10-14,
S2,2036,15-19,
S2,2036,20-24,
S2,2036,25-29,
S2,2036,30-34,
S2,2036,35-39,
S2,2036,40-44,
S2,2036,45-49,
S2,2036,50-54,
S2,2036,55-59,
S2,2036,60-64,
S2,2036,65-69,
S2,2036,70-74,
S2,2036,75+,
S2,2036,0-8,
S2,2036,9-14,
S2,2036,0-17,193660235.55329925
S2,2036,18-29,136729895.34445113
S2,2036,30-65,353763895.8908262
S2,2036,66+,74575905.06580509
S2,2036,15-26,
S2,2036,27-45,
S2,2036,46-65,
S2,2037,00-04,
S2,2037,05-09,
S2,2037,10-14,
S2,2037,15-19,
S2,2037,20-24,
S2,2037,25-29,
S2,2037,30-34,
S2,2037,35-39,
S2,2037,40-44,
S2,2037,45-49,
S2,2037,50-54,
S2,2037,55-59,
S2,2037,60-64,
S2,2037,65-69,
S2,2037,70-74,
S2,2037,75+,
S2,2037,0-8,
S2,2037,9-14,
S2,2037,0-17,192956904.18229154
S2,2037,18-29,135933693.66110486
S2,2037,30-65,358089318.8204307
S2,2037,66+,77059101.18748134
S2,2037,15-26,
S2,2037,27-45,
S2,2037,46-65,
S2,2038,00-04,
S2,2038,05-09,
S2,2038,10-14,
S2,2038,15-19,
S2,2038,20-24,
S2,2038,25-29,
S2,2038,30-34,
S2,2038,35-39,
S2,2038,40-44,
S2,2038,45-49,
S2,2038,50-54,
S2,2038,55-59,
S2,2038,60-64,
S2,2038,65-69,
S2,2038,70-74,
S2,2038,75+,
S2,2038,0-8,
S2,2038,9-14,
S2,2038,0-17,192370219.54116914
S2,2038,18-29,135083714.10828567
S2,2038,30-65,362261451.5127409
S2,2038,66+,79628086.98965487
S2,2038,15-26,
S2,2038,27-45,
S2,2038,46-65,
S2,2039,00-04,
S2,2039,05-09,
S2,2039,10-14,
S2,2039,15-19,
S2,2039,20-24,
S2,2039,25-29,
S2,2039,30-34,
S2,2039,35-39,
S2,2039,40-44,
S2,2039,45-49,
S2,2039,50-54,
S2,2039,55-59,
S2,2039,60-64,
S2,2039,65-69,
S2,2039,70-74,
S2,2039,75+,
S2,2039,0-8,
S2,2039,9-14,
S2,2039,0-17,191634343.8392277
S2,2039,18-29,134309241.67871204
S2,2039,30-65,366322282.971038
S2,2039,66+,82302836.42709848
S2,2039,15-26,
S2,2039,27-45,
S2,2039,46-65,
S2,2040,00-04,
S2,2040,05-09,
S2,2040,10-14,
S2,2040,15-19,
S2,2040,20-24,
S2,2040,25-29,
S2,2040,30-34,
S2,2040,35-39,
S2,2040,40-44,
S2,2040,45-49,
S2,2040,50-54,
S2,2040,55-59,
S2,2040,60-64,
S2,2040,65-69,
S2,2040,70-74,
S2,2040,75+,
S2,2040,0-8,
S2,2040,9-14,
S2,2040,0-17,190903329.75566322
S2,2040,18-29,133355571.33111432
S2,2040,30-65,370314817.20906126
S2,2040,66+,85053796.12570369
S2,2040,15-26,
S2,2040,27-45,
S2,2040,46-65,
S2,2041,00-04,
S2,2041,05-09,
S2,2041,10-14,
S2,2041,15-19,
S2,2041,20-24,
S2,2041,25-29,
S2,2041,30-34,
S2,2041,35-39,
S2,2041,40-44,
S2,2041,45-49,
S2,2041,50-54,
S2,2041,55-59,
S2,2041,60-64,
S2,2041,65-69,
S2,2041,70-74,
S2,2041,75+,
S2,2041,0-8,
S2,2041,9-14,
S2,2041,0-17,190219671.8214505
S2,2041,18-29,132318270.1932608
S2,2041,30-65,374066553.07802284
S2,2041,66+,87831084.5655255
S2,2041,15-26,
S2,2041,27-45,
S2,2041,46-65,
S2,2042,00-04,
S2,2042,05-09,
S2,2042,10-14,
S2,2042,15-19,
S2,2042,20-24,
S2,2042,25-29,
S2,2042,30-34,
S2,2042,35-39,
S2,2042,40-44,
S2,2042,45-49,
S2,2042,50-54,
S2,2042,55-59,
S2,2042,60-64,
S2,2042,65-69,
S2,2042,70-74,
S2,2042,75+,
S2,2042,0-8,
S2,2042,9-14,
S2,2042,0-17,189431843.77329722
S2,2042,18-29,131269228.51880392
S2,2042,30-65,377512470.43851125
S2,2042,66+,90699036.63419002
S2,2042,15-26,
S2,2042,27-45,
S2,2042,46-65,
S2,2043,00-04,
S2,2043,05-09,
S2,2043,10-14,
S2,2043,15-19,
S2,2043,20-24,
S2,2043,25-29,
S2,2043,30-34,
S2,2043,35-39,
S2,2043,40-44,
S2,2043,45-49,
S2,2043,50-54,
S2,2043,55-59,
S2,2043,60-64,
S2,2043,65-69,
S2,2043,70-74,
S2,2043,75+,
S2,2043,0-8,
S2,2043,9-14,
S2,2043,0-17,188504872.9398143
S2,2043,18-29,130240094.73195231
S2,2043,30-65,380699809.7860523
S2,2043,66+,93560984.04691704
S2,2043,15-26,
S2,2043,27-45,
S2,2043,46-65,
S2,2044,00-04,
S2,2044,05-09,
S2,2044,10-14,
S2,2044,15-19,
S2,2044,20-24,
S2,2044,25-29,
S2,2044,30-34,
S2,2044,35-39,
S2,2044,40-44,
S2,2044,45-49,
S2,2044,50-54,
S2,2044,55-59,
S2,2044,60-64,
S2,2044,65-69,
S2,2044,70-74,
S2,2044,75+,
S2,2044,0-8,
S2,2044,9-14,
S2,2044,0-17,187453593.49978748
S2,2044,18-29,129309604.10523136
S2,2044,30-65,383482825.96973044
S2,2044,66+,96458214.13392267
S2,2044,15-26,
S2,2044,27-45,
S2,2044,46-65,
S2,2045,00-04,
S2,2045,05-09,
S2,2045,10-14,
S2,2045,15-19,
S2,2045,20-24,
S2,2045,25-29,
S2,2045,30-34,
S2,2045,35-39,
S2,2045,40-44,
S2,2045,45-49,
S2,2045,50-54,
S2,2045,55-59,
S2,2045,60-64,
S2,2045,65-69,
S2,2045,70-74,
S2,2045,75+,
S2,2045,0-8,
S2,2045,9-14,
S2,2045,0-17,186294946.71035123
S2,2045,18-29,128739683.71792291
S2,2045,30-65,385600475.89973557
S2,2045,66+,99440467.29039086
S2,2045,15-26,
S2,2045,27-45,
S2,2045,46-65,
S2,2046,00-04,
S2,2046,05-09,
S2,2046,10-14,
S2,2046,15-19,
S2,2046,20-24,
S2,2046,25-29,
S2,2046,30-34,
S2,2046,35-39,
S2,2046,40-44,
S2,2046,45-49,
S2,2046,50-54,
S2,2046,55-59,
S2,2046,60-64,
S2,2046,65-69,
S2,2046,70-74,
S2,2046,75+,
S2,2046,0-8,
S2,2046,9-14,
S2,2046,0-17,185058037.35507357
S2,2046,18-29,128061313.50970925
S2,2046,30-65,387534987.90805227
S2,2046,66+,102539090.93370555
S2,2046,15-26,
S2,2046,27-45,
S2,2046,46-65,
S2,2047,00-04,
S2,2047,05-09,
S2,2047,10-14,
S2,2047,15-19,
S2,2047,20-24,
S2,2047,25-29,
S2,2047,30-34,
S2,2047,35-39,
S2,2047,40-44,
S2,2047,45-49,
S2,2047,50-54,
S2,2047,55-59,
S2,2047,60-64,
S2,2047,65-69,
S2,2047,70-74,
S2,2047,75+,
S2,2047,0-8,
S2,2047,9-14,
S2,2047,0-17,183768940.59119928
S2,2047,18-29,127285149.66466635
S2,2047,30-65,389337176.7030933
S2,2047,66+,105725134.01014094
S2,2047,15-26,
S2,2047,27-45,
S2,2047,46-65,
S2,2048,00-04,
S2,2048,05-09,
S2,2048,10-14,
S2,2048,15-19,
S2,2048,20-24,
S2,2048,25-29,
S2,2048,30-34,
S2,2048,35-39,
S2,2048,40-44,
S2,2048,45-49,
S2,2048,50-54,
S2,2048,55-59,
S2,2048,60-64,
S2,2048,65-69,
S2,2048,70-74,
S2,2048,75+,
S2,2048,0-8,
S2,2048,9-14,
S2,2048,0-17,182437670.66533607
S2,2048,18-29,126766982.12857929
S2,2048,30-65,390661253.7455919
S2,2048,66+,108973745.09838654
S2,2048,15-26,
S2,2048,27-45,
S2,2048,46-65,
S2,2049,00-04,
S2,2049,05-09,
S2,2049,10-14,
S2,2049,15-19,
S2,2049,20-24,
S2,2049,25-29,
S2,2049,30-34,
S2,2049,35-39,
S2,2049,40-44,
S2,2049,45-49,
S2,2049,50-54,
S2,2049,55-59,
S2,2049,60-64,
S2,2049,65-69,
S2,2049,70-74,
S2,2049,75+,
S2,2049,0-8,
S2,2049,9-14,
S2,2049,0-17,181077204.45810592
S2,2049,18-29,126099184.25777839
S2,2049,30-65,391885667.8151419
S2,2049,66+,112310049.85853195
S2,2049,15-26,
S2,2049,27-45,
S2,2049,46-65,
S2,2050,00-04,
S2,2050,05-09,
S2,2050,10-14,
S2,2050,15-19,
S2,2050,20-24,
S2,2050,25-29,
S2,2050,30-34,
S2,2050,35-39,
S2,2050,40-44,
S2,2050,45-49,
S2,2050,50-54,
S2,2050,55-59,
S2,2050,60-64,
S2,2050,65-69,
S2,2050,70-74,
S2,2050,75+,
S2,2050,0-8,
S2,2050,9-14,
S2,2050,0-17,179697192.5879047
S2,2050,18-29,125581839.50308886
S2,2050,30-65,392691360.66612065
S2,2050,66+,115759585.46444224
S2,2050,15-26,
S2,2050,27-45,
S2,2050,46-65,
S2,2051,00-04,
S2,2051,05-09,
S2,2051,10-14,
S2,2051,15-19,
S2,2051,20-24,
S2,2051,25-29,
S2,2051,30-34,
S2,2051,35-39,
S2,2051,40-44,
S2,2051,45-49,
S2,2051,50-54,
S2,2051,55-59,
S2,2051,60-64,
S2,2051,65-69,
S2,2051,70-74,
S2,2051,75+,
S2,2051,0-8,
S2,2051,9-14,
S2,2051,0-17,178303733.37049314
S2,2051,18-29,125282308.55862102
S2,2051,30-65,393062507.2597321
S2,2051,66+,119275817.82588242
S2,2051,15-26,
S2,2051,27-45,
S2,2051,46-65,
S2,2052,00-04,
S2,2052,05-09,
S2,2052,10-14,
S2,2052,15-19,
S2,2052,20-24,
S2,2052,25-29,
S2,2052,30-34,
S2,2052,35-39,
S2,2052,40-44,
S2,2052,45-49,
S2,2052,50-54,
S2,2052,55-59,
S2,2052,60-64,
S2,2052,65-69,
S2,2052,70-74,
S2,2052,75+,
S2,2052,0-8,
S2,2052,9-14,
S2,2052,0-17,176914573.6854537
S2,2052,18-29,124970813.70906134
S2,2052,30-65,393154072.7594704
S2,2052,66+,122907797.24513066
S2,2052,15-26,
S2,2052,27-45,
S2,2052,46-65,
S2,2053,00-04,
S2,2053,05-09,
S2,2053,10-14,
S2,2053,15-19,
S2,2053,20-24,
S2,2053,25-29,
S2,2053,30-34,
S2,2053,35-39,
S2,2053,40-44,
S2,2053,45-49,
S2,2053,50-54,
S2,2053,55-59,
S2,2053,60-64,
S2,2053,65-69,
S2,2053,70-74,
S2,2053,75+,
S2,2053,0-8,
S2,2053,9-14,
S2,2053,0-17,175537386.31987548
S2,2053,18-29,124579383.81689957
S2,2053,30-65,393160078.0743386
S2,2053,66+,126522241.94952133
S2,2053,15-26,
S2,2053,27-45,
S2,2053,46-65,
S2,2054,00-04,
S2,2054,05-09,
S2,2054,10-14,
S2,2054,15-19,
S2,2054,20-24,
S2,2054,25-29,
S2,2054,30-34,
S2,2054,35-39,
S2,2054,40-44,
S2,2054,45-49,
S2,2054,50-54,
S2,2054,55-59,
S2,2054,60-64,
S2,2054,65-69,
S2,2054,70-74,
S2,2054,75+,
S2,2054,0-8,
S2,2054,9-14,
S2,2054,0-17,174183715.01675737
S2,2054,18-29,124118344.48674093
S2,2054,30-65,393016751.5108685
S2,2054,66+,130171820.35709882
S2,2054,15-26,
S2,2054,27-45,
S2,2054,46-65,
S2,2055,00-04,
S2,2055,05-09,
S2,2055,10-14,
S2,2055,15-19,
S2,2055,20-24,
S2,2055,25-29,
S2,2055,30-34,
S2,2055,35-39,
S2,2055,40-44,
S2,2055,45-49,
S2,2055,50-54,
S2,2055,55-59,
S2,2055,60-64,
S2,2055,65-69,
S2,2055,70-74,
S2,2055,75+,
S2,2055,0-8,
S2,2055,9-14,
S2,2055,0-17,172833845.4416896
S2,2055,18-29,123573337.45686214
S2,2055,30-65,392733376.18477166
S2,2055,66+,133846538.49160211
S2,2055,15-26,
S2,2055,27-45,
S2,2055,46-65,
S2,2056,00-04,
S2,2056,05-09,
S2,2056,10-14,
S2,2056,15-19,
S2,2056,20-24,
S2,2056,25-29,
S2,2056,30-34,
S2,2056,35-39,
S2,2056,40-44,
S2,2056,45-49,
S2,2056,50-54,
S2,2056,55-59,
S2,2056,60-64,
S2,2056,65-69,
S2,2056,70-74,
S2,2056,75+,
S2,2056,0-8,
S2,2056,9-14,
S2,2056,0-17,171509298.6966117
S2,2056,18-29,122984926.99308749
S2,2056,30-65,392344362.2492503
S2,2056,66+,137495239.37800577
S2,2056,15-26,
S2,2056,27-45,
S2,2056,46-65,
S2,2057,00-04,
S2,2057,05-09,
S2,2057,10-14,
S2,2057,15-19,
S2,2057,20-24,
S2,2057,25-29,
S2,2057,30-34,
S2,2057,35-39,
S2,2057,40-44,
S2,2057,45-49,
S2,2057,50-54,
S2,2057,55-59,
S2,2057,60-64,
S2,2057,65-69,
S2,2057,70-74,
S2,2057,75+,
S2,2057,0-8,
S2,2057,9-14,
S2,2057,0-17,170228821.87252367
S2,2057,18-29,122320800.04943028
S2,2057,30-65,391811791.34627426
S2,2057,66+,141154412.68394417
S2,2057,15-26,
S2,2057,27-45,
S2,2057,46-65,
S2,2058,00-04,
S2,2058,05-09,
S2,2058,10-14,
S2,2058,15-19,
S2,2058,20-24,
S2,2058,25-29,
S2,2058,30-34,
S2,2058,35-39,
S2,2058,40-44,
S2,2058,45-49,
S2,2058,50-54,
S2,2058,55-59,
S2,2058,60-64,
S2,2058,65-69,
S2,2058,70-74,
S2,2058,75+,
S2,2058,0-8,
S2,2058,9-14,
S2,2058,0-17,168996566.0318228
S2,2058,18-29,121596810.03208978
S2,2058,30-65,391179434.59034646
S2,2058,66+,144777110.94300443
S2,2058,15-26,
S2,2058,27-45,
S2,2058,46-65,
S2,2059,00-04,
S2,2059,05-09,
S2,2059,10-14,
S2,2059,15-19,
S2,2059,20-24,
S2,2059,25-29,
S2,2059,30-34,
S2,2059,35-39,
S2,2059,40-44,
S2,2059,45-49,
S2,2059,50-54,
S2,2059,55-59,
S2,2059,60-64,
S2,2059,65-69,
S2,2059,70-74,
S2,2059,75+,
S2,2059,0-8,
S2,2059,9-14,
S2,2059,0-17,167802342.11549908
S2,2059,18-29,120816192.82509275
S2,2059,30-65,390441303.6239299
S2,2059,66+,148355620.1625276
S2,2059,15-26,
S2,2059,27-45,
S2,2059,46-65,
S2,2060,00-04,
S2,2060,05-09,
S2,2060,10-14,
S2,2060,15-19,
S2,2060,20-24,
S2,2060,25-29,
S2,2060,30-34,
S2,2060,35-39,
S2,2060,40-44,
S2,2060,45-49,
S2,2060,50-54,
S2,2060,55-59,
S2,2060,60-64,
S2,2060,65-69,
S2,2060,70-74,
S2,2060,75+,
S2,2060,0-8,
S2,2060,9-14,
S2,2060,0-17,166642313.14727387
S2,2060,18-29,119980735.89784855
S2,2060,30-65,389577577.51986414
S2,2060,66+,151916167.12813476
S2,2060,15-26,
S2,2060,27-45,
S2,2060,46-65,
S2,2061,00-04,
S2,2061,05-09,
S2,2061,10-14,
S2,2061,15-19,
S2,2061,20-24,
S2,2061,25-29,
S2,2061,30-34,
S2,2061,35-39,
S2,2061,40-44,
S2,2061,45-49,
S2,2061,50-54,
S2,2061,55-59,
S2,2061,60-64,
S2,2061,65-69,
S2,2061,70-74,
S2,2061,75+,
S2,2061,0-8,
S2,2061,9-14,
S2,2061,0-17,165511405.0243457
S2,2061,18-29,119090925.3350235
S2,2061,30-65,388613372.4542058
S2,2061,66+,155433899.02727863
S2,2061,15-26,
S2,2061,27-45,
S2,2061,46-65,
S2,2062,00-04,
S2,2062,05-09,
S2,2062,10-14,
S2,2062,15-19,
S2,2062,20-24,
S2,2062,25-29,
S2,2062,30-34,
S2,2062,35-39,
S2,2062,40-44,
S2,2062,45-49,
S2,2062,50-54,
S2,2062,55-59,
S2,2062,60-64,
S2,2062,65-69,
S2,2062,70-74,
S2,2062,75+,
S2,2062,0-8,
S2,2062,9-14,
S2,2062,0-17,164401686.47845107
S2,2062,18-29,118158487.26346737
S2,2062,30-65,387518656.1888183
S2,2062,66+,158911246.83792898
S2,2062,15-26,
S2,2062,27-45,
S2,2062,46-65,
S2,2063,00-04,
S2,2063,05-09,
S2,2063,10-14,
S2,2063,15-19,
S2,2063,20-24,
S2,2063,25-29,
S2,2063,30-34,
S2,2063,35-39,
S2,2063,40-44,
S2,2063,45-49,
S2,2063,50-54,
S2,2063,55-59,
S2,2063,60-64,
S2,2063,65-69,
S2,2063,70-74,
S2,2063,75+,
S2,2063,0-8,
S2,2063,9-14,
S2,2063,0-17,163336355.19046277
S2,2063,18-29,117202211.45042337
S2,2063,30-65,386289998.5310888
S2,2063,66+,162338901.67879578
S2,2063,15-26,
S2,2063,27-45,
S2,2063,46-65,
S2,2064,00-04,
S2,2064,05-09,
S2,2064,10-14,
S2,2064,15-19,
S2,2064,20-24,
S2,2064,25-29,
S2,2064,30-34,
S2,2064,35-39,
S2,2064,40-44,
S2,2064,45-49,
S2,2064,50-54,
S2,2064,55-59,
S2,2064,60-64,
S2,2064,65-69,
S2,2064,70-74,
S2,2064,75+,
S2,2064,0-8,
S2,2064,9-14,
S2,2064,0-17,162294570.92610994
S2,2064,18-29,116227255.26428984
S2,2064,30-65,384935453.82871795
S2,2064,66+,165722453.5570076
S2,2064,15-26,
S2,2064,27-45,
S2,2064,46-65,
S2,2065,00-04,
S2,2065,05-09,
S2,2065,10-14,
S2,2065,15-19,
S2,2065,20-24,
S2,2065,25-29,
S2,2065,30-34,
S2,2065,35-39,
S2,2065,40-44,
S2,2065,45-49,
S2,2065,50-54,
S2,2065,55-59,
S2,2065,60-64,
S2,2065,65-69,
S2,2065,70-74,
S2,2065,75+,
S2,2065,0-8,
S2,2065,9-14,
S2,2065,0-17,161270389.45421433
S2,2065,18-29,115238075.87860775
S2,2065,30-65,383438918.1940025
S2,2065,66+,169071229.42487818
S2,2065,15-26,
S2,2065,27-45,
S2,2065,46-65,
S2,2066,00-04,
S2,2066,05-09,
S2,2066,10-14,
S2,2066,15-19,
S2,2066,20-24,
S2,2066,25-29,
S2,2066,30-34,
S2,2066,35-39,
S2,2066,40-44,
S2,2066,45-49,
S2,2066,50-54,
S2,2066,55-59,
S2,2066,60-64,
S2,2066,65-69,
S2,2066,70-74,
S2,2066,75+,
S2,2066,0-8,
S2,2066,9-14,
S2,2066,0-17,160259334.9757315
S2,2066,18-29,114235949.6828618
S2,2066,30-65,381728236.66259533
S2,2066,66+,172444386.50733227
S2,2066,15-26,
S2,2066,27-45,
S2,2066,46-65,
S2,2067,00-04,
S2,2067,05-09,
S2,2067,10-14,
S2,2067,15-19,
S2,2067,20-24,
S2,2067,25-29,
S2,2067,30-34,
S2,2067,35-39,
S2,2067,40-44,
S2,2067,45-49,
S2,2067,50-54,
S2,2067,55-59,
S2,2067,60-64,
S2,2067,65-69,
S2,2067,70-74,
S2,2067,75+,
S2,2067,0-8,
S2,2067,9-14,
S2,2067,0-17,159263030.96698958
S2,2067,18-29,113248715.74769711
S2,2067,30-65,379827495.389427
S2,2067,66+,175828316.25909886
S2,2067,15-26,
S2,2067,27-45,
S2,2067,46-65,
S2,2068,00-04,
S2,2068,05-09,
S2,2068,10-14,
S2,2068,15-19,
S2,2068,20-24,
S2,2068,25-29,
S2,2068,30-34,
S2,2068,35-39,
S2,2068,40-44,
S2,2068,45-49,
S2,2068,50-54,
S2,2068,55-59,
S2,2068,60-64,
S2,2068,65-69,
S2,2068,70-74,
S2,2068,75+,
S2,2068,0-8,
S2,2068,9-14,
S2,2068,0-17,158271448.2376533
S2,2068,18-29,112270425.80765164
S2,2068,30-65,377843632.5733196
S2,2068,66+,179089820.7411067
S2,2068,15-26,
S2,2068,27-45,
S2,2068,46-65,
S2,2069,00-04,
S2,2069,05-09,
S2,2069,10-14,
S2,2069,15-19,
S2,2069,20-24,
S2,2069,25-29,
S2,2069,30-34,
S2,2069,35-39,
S2,2069,40-44,
S2,2069,45-49,
S2,2069,50-54,
S2,2069,55-59,
S2,2069,60-64,
S2,2069,65-69,
S2,2069,70-74,
S2,2069,75+,
S2,2069,0-8,
S2,2069,9-14,
S2,2069,0-17,157272410.6673822
S2,2069,18-29,111320731.44178878
S2,2069,30-65,375828354.1818752
S2,2069,66+,182172530.64212224
S2,2069,15-26,
S2,2069,27-45,
S2,2069,46-65,
S2,2070,00-04,
S2,2070,05-09,
S2,2070,10-14,
S2,2070,15-19,
S2,2070,20-24,
S2,2070,25-29,
S2,2070,30-34,
S2,2070,35-39,
S2,2070,40-44,
S2,2070,45-49,
S2,2070,50-54,
S2,2070,55-59,
S2,2070,60-64,
S2,2070,65-69,
S2,2070,70-74,
S2,2070,75+,
S2,2070,0-8,
S2,2070,9-14,
S2,2070,0-17,156260789.78250843
S2,2070,18-29,110400028.65798058
S2,2070,30-65,373764832.3421277
S2,2070,66+,185106798.24650142
S2,2070,15-26,
S2,2070,27-45,
S2,2070,46-65,
S2,2071,00-04,
S2,2071,05-09,
S2,2071,10-14,
S2,2071,15-19,
S2,2071,20-24,
S2,2071,25-29,
S2,2071,30-34,
S2,2071,35-39,
S2,2071,40-44,
S2,2071,45-49,
S2,2071,50-54,
S2,2071,55-59,
S2,2071,60-64,
S2,2071,65-69,
S2,2071,70-74,
S2,2071,75+,
S2,2071,0-8,
S2,2071,9-14,
S2,2071,0-17,155237710.80180657
S2,2071,18-29,109498477.36704183
S2,2071,30-65,371712528.7559906
S2,2071,66+,187843546.7565713
S2,2071,15-26,
S2,2071,27-45,
S2,2071,46-65,
S2,2072,00-04,
S2,2072,05-09,
S2,2072,10-14,
S2,2072,15-19,
S2,2072,20-24,
S2,2072,25-29,
S2,2072,30-34,
S2,2072,35-39,
S2,2072,40-44,
S2,2072,45-49,
S2,2072,50-54,
S2,2072,55-59,
S2,2072,60-64,
S2,2072,65-69,
S2,2072,70-74,
S2,2072,75+,
S2,2072,0-8,
S2,2072,9-14,
S2,2072,0-17,154201803.01590365
S2,2072,18-29,108644260.27238525
S2,2072,30-65,369637596.33938164
S2,2072,66+,190408242.05684036
S2,2072,15-26,
S2,2072,27-45,
S2,2072,46-65,
S2,2073,00-04,
S2,2073,05-09,
S2,2073,10-14,
S2,2073,15-19,
S2,2073,20-24,
S2,2073,25-29,
S2,2073,30-34,
S2,2073,35-39,
S2,2073,40-44,
S2,2073,45-49,
S2,2073,50-54,
S2,2073,55-59,
S2,2073,60-64,
S2,2073,65-69,
S2,2073,70-74,
S2,2073,75+,
S2,2073,0-8,
S2,2073,9-14,
S2,2073,0-17,153146366.62017274
S2,2073,18-29,107829892.90902925
S2,2073,30-65,367541042.1316258
S2,2073,66+,192793416.74824524
S2,2073,15-26,
S2,2073,27-45,
S2,2073,46-65,
S2,2074,00-04,
S2,2074,05-09,
S2,2074,10-14,
S2,2074,15-19,
S2,2074,20-24,
S2,2074,25-29,
S2,2074,30-34,
S2,2074,35-39,
S2,2074,40-44,
S2,2074,45-49,
S2,2074,50-54,
S2,2074,55-59,
S2,2074,60-64,
S2,2074,65-69,
S2,2074,70-74,
S2,2074,75+,
S2,2074,0-8,
S2,2074,9-14,
S2,2074,0-17,152079578.44163984
S2,2074,18-29,107052282.63437217
S2,2074,30-65,365380013.4833683
S2,2074,66+,195072904.49840882
S2,2074,15-26,
S2,2074,27-45,
S2,2074,46-65,
S2,2075,00-04,
S2,2075,05-09,
S2,2075,10-14,
S2,2075,15-19,
S2,2075,20-24,
S2,2075,25-29,
S2,2075,30-34,
S2,2075,35-39,
S2,2075,40-44,
S2,2075,45-49,
S2,2075,50-54,
S2,2075,55-59,
S2,2075,60-64,
S2,2075,65-69,
S2,2075,70-74,
S2,2075,75+,
S2,2075,0-8,
S2,2075,9-14,
S2,2075,0-17,151008118.9191702
S2,2075,18-29,106296001.31459121
S2,2075,30-65,363104163.11943465
S2,2075,66+,197289014.75357342
S2,2075,15-26,
S2,2075,27-45,
S2,2075,46-65,
S2,2076,00-04,
S2,2076,05-09,
S2,2076,10-14,
S2,2076,15-19,
S2,2076,20-24,
S2,2076,25-29,
S2,2076,30-34,
S2,2076,35-39,
S2,2076,40-44,
S2,2076,45-49,
S2,2076,50-54,
S2,2076,55-59,
S2,2076,60-64,
S2,2076,65-69,
S2,2076,70-74,
S2,2076,75+,
S2,2076,0-8,
S2,2076,9-14,
S2,2076,0-17,149913328.6908848
S2,2076,18-29,105581027.4391124
S2,2076,30-65,360838654.21021825
S2,2076,66+,199313426.79184383
S2,2076,15-26,
S2,2076,27-45,
S2,2076,46-65,
S2,2077,00-04,
S2,2077,05-09,
S2,2077,10-14,
S2,2077,15-19,
S2,2077,20-24,
S2,2077,25-29,
S2,2077,30-34,
S2,2077,35-39,
S2,2077,40-44,
S2,2077,45-49,
S2,2077,50-54,
S2,2077,55-59,
S2,2077,60-64,
S2,2077,65-69,
S2,2077,70-74,
S2,2077,75+,
S2,2077,0-8,
S2,2077,9-14,
S2,2077,0-17,148808380.0446436
S2,2077,18-29,104899525.17431162
S2,2077,30-65,358555583.42680126
S2,2077,66+,201198261.9359313
S2,2077,15-26,
S2,2077,27-45,
S2,2077,46-65,
S2,2078,00-04,
S2,2078,05-09,
S2,2078,10-14,
S2,2078,15-19,
S2,2078,20-24,
S2,2078,25-29,
S2,2078,30-34,
S2,2078,35-39,
S2,2078,40-44,
S2,2078,45-49,
S2,2078,50-54,
S2,2078,55-59,
S2,2078,60-64,
S2,2078,65-69,
S2,2078,70-74,
S2,2078,75+,
S2,2078,0-8,
S2,2078,9-14,
S2,2078,0-17,147692531.94462824
S2,2078,18-29,104255535.86400263
S2,2078,30-65,356248769.5780428
S2,2078,66+,202941883.26097545
S2,2078,15-26,
S2,2078,27-45,
S2,2078,46-65,
S2,2079,00-04,
S2,2079,05-09,
S2,2079,10-14,
S2,2079,15-19,
S2,2079,20-24,
S2,2079,25-29,
S2,2079,30-34,
S2,2079,35-39,
S2,2079,40-44,
S2,2079,45-49,
S2,2079,50-54,
S2,2079,55-59,
S2,2079,60-64,
S2,2079,65-69,
S2,2079,70-74,
S2,2079,75+,
S2,2079,0-8,
S2,2079,9-14,
S2,2079,0-17,146568934.76524356
S2,2079,18-29,103630371.36261551
S2,2079,30-65,353984080.5577018
S2,2079,66+,204500088.06387937
S2,2079,15-26,
S2,2079,27-45,
S2,2079,46-65,
S2,2080,00-04,
S2,2080,05-09,
S2,2080,10-14,
S2,2080,15-19,
S2,2080,20-24,
S2,2080,25-29,
S2,2080,30-34,
S2,2080,35-39,
S2,2080,40-44,
S2,2080,45-49,
S2,2080,50-54,
S2,2080,55-59,
S2,2080,60-64,
S2,2080,65-69,
S2,2080,70-74,
S2,2080,75+,
S2,2080,0-8,
S2,2080,9-14,
S2,2080,0-17,145436177.66249058
S2,2080,18-29,103010581.99246821
S2,2080,30-65,351931869.76158226
S2,2080,66+,205721858.6857297
S2,2080,15-26,
S2,2080,27-45,
S2,2080,46-65,
S2,2081,00-04,
S2,2081,05-09,
S2,2081,10-14,
S2,2081,15-19,
S2,2081,20-24,
S2,2081,25-29,
S2,2081,30-34,
S2,2081,35-39,
S2,2081,40-44,
S2,2081,45-49,
S2,2081,50-54,
S2,2081,55-59,
S2,2081,60-64,
S2,2081,65-69,
S2,2081,70-74,
S2,2081,75+,
S2,2081,0-8,
S2,2081,9-14,
S2,2081,0-17,144306023.25288337
S2,2081,18-29,102393512.4294325
S2,2081,30-65,349781679.8884064
S2,2081,66+,206913898.95086727
S2,2081,15-26,
S2,2081,27-45,
S2,2081,46-65,
S2,2082,00-04,
S2,2082,05-09,
S2,2082,10-14,
S2,2082,15-19,
S2,2082,20-24,
S2,2082,25-29,
S2,2082,30-34,
S2,2082,35-39,
S2,2082,40-44,
S2,2082,45-49,
S2,2082,50-54,
S2,2082,55-59,
S2,2082,60-64,
S2,2082,65-69,
S2,2082,70-74,
S2,2082,75+,
S2,2082,0-8,
S2,2082,9-14,
S2,2082,0-17,143174178.31640124
S2,2082,18-29,101772436.68639657
S2,2082,30-65,347539955.1736263
S2,2082,66+,208094572.0106356
S2,2082,15-26,
S2,2082,27-45,
S2,2082,46-65,
S2,2083,00-04,
S2,2083,05-09,
S2,2083,10-14,
S2,2083,15-19,
S2,2083,20-24,
S2,2083,25-29,
S2,2083,30-34,
S2,2083,35-39,
S2,2083,40-44,
S2,2083,45-49,
S2,2083,50-54,
S2,2083,55-59,
S2,2083,60-64,
S2,2083,65-69,
S2,2083,70-74,
S2,2083,75+,
S2,2083,0-8,
S2,2083,9-14,
S2,2083,0-17,142053887.3710012
S2,2083,18-29,101159774.2695298
S2,2083,30-65,345469097.27609
S2,2083,66+,208992435.25900477
S2,2083,15-26,
S2,2083,27-45,
S2,2083,46-65,
S2,2084,00-04,
S2,2084,05-09,
S2,2084,10-14,
S2,2084,15-19,
S2,2084,20-24,
S2,2084,25-29,
S2,2084,30-34,
S2,2084,35-39,
S2,2084,40-44,
S2,2084,45-49,
S2,2084,50-54,
S2,2084,55-59,
S2,2084,60-64,
S2,2084,65-69,
S2,2084,70-74,
S2,2084,75+,
S2,2084,0-8,
S2,2084,9-14,
S2,2084,0-17,140942901.969724
S2,2084,18-29,100532452.8147578
S2,2084,30-65,343296657.1362061
S2,2084,66+,209889325.88916907
S2,2084,15-26,
S2,2084,27-45,
S2,2084,46-65,
S2,2085,00-04,
S2,2085,05-09,
S2,2085,10-14,
S2,2085,15-19,
S2,2085,20-24,
S2,2085,25-29,
S2,2085,30-34,
S2,2085,35-39,
S2,2085,40-44,
S2,2085,45-49,
S2,2085,50-54,
S2,2085,55-59,
S2,2085,60-64,
S2,2085,65-69,
S2,2085,70-74,
S2,2085,75+,
S2,2085,0-8,
S2,2085,9-14,
S2,2085,0-17,139846428.82090485
S2,2085,18-29,99909374.69621666
S2,2085,30-65,341273071.8462518
S2,2085,66+,210537080.49687353
S2,2085,15-26,
S2,2085,27-45,
S2,2085,46-65,
S2,2086,00-04,
S2,2086,05-09,
S2,2086,10-14,
S2,2086,15-19,
S2,2086,20-24,
S2,2086,25-29,
S2,2086,30-34,
S2,2086,35-39,
S2,2086,40-44,
S2,2086,45-49,
S2,2086,50-54,
S2,2086,55-59,
S2,2086,60-64,
S2,2086,65-69,
S2,2086,70-74,
S2,2086,75+,
S2,2086,0-8,
S2,2086,9-14,
S2,2086,0-17,138761778.6887531
S2,2086,18-29,99264848.13119026
S2,2086,30-65,339376677.3328011
S2,2086,66+,210965748.34195158
S2,2086,15-26,
S2,2086,27-45,
S2,2086,46-65,
S2,2087,00-04,
S2,2087,05-09,
S2,2087,10-14,
S2,2087,15-19,
S2,2087,20-24,
S2,2087,25-29,
S2,2087,30-34,
S2,2087,35-39,
S2,2087,40-44,
S2,2087,45-49,
S2,2087,50-54,
S2,2087,55-59,
S2,2087,60-64,
S2,2087,65-69,
S2,2087,70-74,
S2,2087,75+,
S2,2087,0-8,
S2,2087,9-14,
S2,2087,0-17,137695705.91485912
S2,2087,18-29,98595765.26168607
S2,2087,30-65,337469573.9924672
S2,2087,66+,211339064.6835209
S2,2087,15-26,
S2,2087,27-45,
S2,2087,46-65,
S2,2088,00-04,
S2,2088,05-09,
S2,2088,10-14,
S2,2088,15-19,
S2,2088,20-24,
S2,2088,25-29,
S2,2088,30-34,
S2,2088,35-39,
S2,2088,40-44,
S2,2088,45-49,
S2,2088,50-54,
S2,2088,55-59,
S2,2088,60-64,
S2,2088,65-69,
S2,2088,70-74,
S2,2088,75+,
S2,2088,0-8,
S2,2088,9-14,
S2,2088,0-17,136664523.53929576
S2,2088,18-29,97908649.74025917
S2,2088,30-65,335573024.1897552
S2,2088,66+,211640434.5150711
S2,2088,15-26,
S2,2088,27-45,
S2,2088,46-65,
S2,2089,00-04,
S2,2089,05-09,
S2,2089,10-14,
S2,2089,15-19,
S2,2089,20-24,
S2,2089,25-29,
S2,2089,30-34,
S2,2089,35-39,
S2,2089,40-44,
S2,2089,45-49,
S2,2089,50-54,
S2,2089,55-59,
S2,2089,60-64,
S2,2089,65-69,
S2,2089,70-74,
S2,2089,75+,
S2,2089,0-8,
S2,2089,9-14,
S2,2089,0-17,135654613.86031222
S2,2089,18-29,97203641.12232253
S2,2089,30-65,333602267.4708073
S2,2089,66+,211933971.68266422
S2,2089,15-26,
S2,2089,27-45,
S2,2089,46-65,
S2,2090,00-04,
S2,2090,05-09,
S2,2090,10-14,
S2,2090,15-19,
S2,2090,20-24,
S2,2090,25-29,
S2,2090,30-34,
S2,2090,35-39,
S2,2090,40-44,
S2,2090,45-49,
S2,2090,50-54,
S2,2090,55-59,
S2,2090,60-64,
S2,2090,65-69,
S2,2090,70-74,
S2,2090,75+,
S2,2090,0-8,
S2,2090,9-14,
S2,2090,0-17,134671720.62010702
S2,2090,18-29,96480720.94250755
S2,2090,30-65,331607324.2457146
S2,2090,66+,212182545.5324541
S2,2090,15-26,
S2,2090,27-45,
S2,2090,46-65,
S2,2091,00-04,
S2,2091,05-09,
S2,2091,10-14,
S2,2091,15-19,
S2,2091,20-24,
S2,2091,25-29,
S2,2091,30-34,
S2,2091,35-39,
S2,2091,40-44,
S2,2091,45-49,
S2,2091,50-54,
S2,2091,55-59,
S2,2091,60-64,
S2,2091,65-69,
S2,2091,70-74,
S2,2091,75+,
S2,2091,0-8,
S2,2091,9-14,
S2,2091,0-17,133703537.06847443
S2,2091,18-29,95739310.9572532
S2,2091,30-65,329622904.57701904
S2,2091,66+,212360725.46592602
S2,2091,15-26,
S2,2091,27-45,
S2,2091,46-65,
S2,2092,00-04,
S2,2092,05-09,
S2,2092,10-14,
S2,2092,15-19,
S2,2092,20-24,
S2,2092,25-29,
S2,2092,30-34,
S2,2092,35-39,
S2,2092,40-44,
S2,2092,45-49,
S2,2092,50-54,
S2,2092,55-59,
S2,2092,60-64,
S2,2092,65-69,
S2,2092,70-74,
S2,2092,75+,
S2,2092,0-8,
S2,2092,9-14,
S2,2092,0-17,132753233.72277927
S2,2092,18-29,95003023.03041492
S2,2092,30-65,327596076.12150425
S2,2092,66+,212519825.86348796
S2,2092,15-26,
S2,2092,27-45,
S2,2092,46-65,
S2,2093,00-04,
S2,2093,05-09,
S2,2093,10-14,
S2,2093,15-19,
S2,2093,20-24,
S2,2093,25-29,
S2,2093,30-34,
S2,2093,35-39,
S2,2093,40-44,
S2,2093,45-49,
S2,2093,50-54,
S2,2093,55-59,
S2,2093,60-64,
S2,2093,65-69,
S2,2093,70-74,
S2,2093,75+,
S2,2093,0-8,
S2,2093,9-14,
S2,2093,0-17,131826990.18937053
S2,2093,18-29,94252830.96220845
S2,2093,30-65,325548032.892433
S2,2093,66+,212668810.8007123
S2,2093,15-26,
S2,2093,27-45,
S2,2093,46-65,
S2,2094,00-04,
S2,2094,05-09,
S2,2094,10-14,
S2,2094,15-19,
S2,2094,20-24,
S2,2094,25-29,
S2,2094,30-34,
S2,2094,35-39,
S2,2094,40-44,
S2,2094,45-49,
S2,2094,50-54,
S2,2094,55-59,
S2,2094,60-64,
S2,2094,65-69,
S2,2094,70-74,
S2,2094,75+,
S2,2094,0-8,
S2,2094,9-14,
S2,2094,0-17,130903535.42474999
S2,2094,18-29,93492512.99663559
S2,2094,30-65,323463380.2024341
S2,2094,66+,212801957.8898231
S2,2094,15-26,
S2,2094,27-45,
S2,2094,46-65,
S2,2095,00-04,
S2,2095,05-09,
S2,2095,10-14,
S2,2095,15-19,
S2,2095,20-24,
S2,2095,25-29,
S2,2095,30-34,
S2,2095,35-39,
S2,2095,40-44,
S2,2095,45-49,
S2,2095,50-54,
S2,2095,55-59,
S2,2095,60-64,
S2,2095,65-69,
S2,2095,70-74,
S2,2095,75+,
S2,2095,0-8,
S2,2095,9-14,
S2,2095,0-17,129994958.56464763
S2,2095,18-29,92724052.14745736
S2,2095,30-65,321350395.0846956
S2,2095,66+,212927013.22563052
S2,2095,15-26,
S2,2095,27-45,
S2,2095,46-65,
S2,2096,00-04,
S2,2096,05-09,
S2,2096,10-14,
S2,2096,15-19,
S2,2096,20-24,
S2,2096,25-29,
S2,2096,30-34,
S2,2096,35-39,
S2,2096,40-44,
S2,2096,45-49,
S2,2096,50-54,
S2,2096,55-59,
S2,2096,60-64,
S2,2096,65-69,
S2,2096,70-74,
S2,2096,75+,
S2,2096,0-8,
S2,2096,9-14,
S2,2096,0-17,129095790.56255132
S2,2096,18-29,91958712.80105558
S2,2096,30-65,319203931.4868317
S2,2096,66+,213045787.99753946
S2,2096,15-26,
S2,2096,27-45,
S2,2096,46-65,
S2,2097,00-04,
S2,2097,05-09,
S2,2097,10-14,
S2,2097,15-19,
S2,2097,20-24,
S2,2097,25-29,
S2,2097,30-34,
S2,2097,35-39,
S2,2097,40-44,
S2,2097,45-49,
S2,2097,50-54,
S2,2097,55-59,
S2,2097,60-64,
S2,2097,65-69,
S2,2097,70-74,
S2,2097,75+,
S2,2097,0-8,
S2,2097,9-14,
S2,2097,0-17,128214125.74420397
S2,2097,18-29,91193793.24554658
S2,2097,30-65,317042634.1454167
S2,2097,66+,213151835.6800169
S2,2097,15-26,
S2,2097,27-45,
S2,2097,46-65,
S2,2098,00-04,
S2,2098,05-09,
S2,2098,10-14,
S2,2098,15-19,
S2,2098,20-24,
S2,2098,25-29,
S2,2098,30-34,
S2,2098,35-39,
S2,2098,40-44,
S2,2098,45-49,
S2,2098,50-54,
S2,2098,55-59,
S2,2098,60-64,
S2,2098,65-69,
S2,2098,70-74,
S2,2098,75+,
S2,2098,0-8,
S2,2098,9-14,
S2,2098,0-17,127335541.3346822
S2,2098,18-29,90447494.88575253
S2,2098,30-65,314871893.5091623
S2,2098,66+,213227990.64456555
S2,2098,15-26,
S2,2098,27-45,
S2,2098,46-65,
S2,2099,00-04,
S2,2099,05-09,
S2,2099,10-14,
S2,2099,15-19,
S2,2099,20-24,
S2,2099,25-29,
S2,2099,30-34,
S2,2099,35-39,
S2,2099,40-44,
S2,2099,45-49,
S2,2099,50-54,
S2,2099,55-59,
S2,2099,60-64,
S2,2099,65-69,
S2,2099,70-74,
S2,2099,75+,
S2,2099,0-8,
S2,2099,9-14,
S2,2099,0-17,126455341.44585516
S2,2099,18-29,89706699.42996785
S2,2099,30-65,312681930.4167393
S2,2099,66+,213288913.87073886
S2,2099,15-26,
S2,2099,27-45,
S2,2099,46-65,
S2,2100,00-04,
S2,2100,05-09,
S2,2100,10-14,
S2,2100,15-19,
S2,2100,20-24,
S2,2100,25-29,
S2,2100,30-34,
S2,2100,35-39,
S2,2100,40-44,
S2,2100,45-49,
S2,2100,50-54,
S2,2100,55-59,
S2,2100,60-64,
S2,2100,65-69,
S2,2100,70-74,
S2,2100,75+,
S2,2100,0-8,
S2,2100,9-14,
S2,2100,0-17,125589447.33901203
S2,2100,18-29,88989171.18868147
S2,2100,30-65,310474453.30713314
S2,2100,66+,213333946.2684762
S2,2100,15-26,
S2,2100,27-45,
S2,2100,46-65,
S3,1950,00-04,
S3,1950,05-09,
S3,1950,10-14,
S3,1950,15-19,
S3,1950,20-24,
S3,1950,25-29,
S3,1950,30-34,
S3,1950,35-39,
S3,1950,40-44,
S3,1950,45-49,
S3,1950,50-54,
S3,1950,55-59,
S3,1950,60-64,
S3,1950,65-69,
S3,1950,70-74,
S3,1950,75+,
S3,1950,0-8,40418173.48217617
S3,1950,9-14,22526909.69860852
S3,1950,0-17,
S3,1950,18-29,
S3,1950,30-65,
S3,1950,66+,4850314.656504414
S3,1950,15-26,36385527.311725184
S3,1950,27-45,39258126.470556065
S3,1950,46-65,19929381.767373037
S3,1951,00-04,
S3,1951,05-09,
S3,1951,10-14,
S3,1951,15-19,
S3,1951,20-24,
S3,1951,25-29,
S3,1951,30-34,
S3,1951,35-39,
S3,1951,40-44,
S3,1951,45-49,
S3,1951,50-54,
S3,1951,55-59,
S3,1951,60-64,
S3,1951,65-69,
S3,1951,70-74,
S3,1951,75+,
S3,1951,0-8,41683565.66056859
S3,1951,9-14,22734246.222960882
S3,1951,0-17,
S3,1951,18-29,
S3,1951,30-65,
S3,1951,66+,4931908.756959076
S3,1951,15-26,37034321.93075834
S3,1951,27-45,39949673.83358473
S3,1951,46-65,20459674.0666959
S3,1952,00-04,
S3,1952,05-09,
S3,1952,10-14,
S3,1952,15-19,
S3,1952,20-24,
S3,1952,25-29,
S3,1952,30-34,
S3,1952,35-39,
S3,1952,40-44,
S3,1952,45-49,
S3,1952,50-54,
S3,1952,55-59,
S3,1952,60-64,
S3,1952,65-69,
S3,1952,70-74,
S3,1952,75+,
S3,1952,0-8,43063143.97682964
S3,1952,9-14,22900273.059670236
S3,1952,0-17,
S3,1952,18-29,
S3,1952,30-65,
S3,1952,66+,5066361.969271065
S3,1952,15-26,37742238.260328
S3,1952,27-45,40645334.730250955
S3,1952,46-65,20989989.8599786
S3,1953,00-04,
S3,1953,05-09,
S3,1953,10-14,
S3,1953,15-19,
S3,1953,20-24,
S3,1953,25-29,
S3,1953,30-34,
S3,1953,35-39,
S3,1953,40-44,
S3,1953,45-49,
S3,1953,50-54,
S3,1953,55-59,
S3,1953,60-64,
S3,1953,65-69,
S3,1953,70-74,
S3,1953,75+,
S3,1953,0-8,44580247.13372527
S3,1953,9-14,23044199.55028042
S3,1953,0-17,
S3,1953,18-29,
S3,1953,30-65,
S3,1953,66+,5248243.043839583
S3,1953,15-26,38478630.34304979
S3,1953,27-45,41333003.3415398
S3,1953,46-65,21522167.73599869
S3,1954,00-04,
S3,1954,05-09,
S3,1954,10-14,
S3,1954,15-19,
S3,1954,20-24,
S3,1954,25-29,
S3,1954,30-34,
S3,1954,35-39,
S3,1954,40-44,
S3,1954,45-49,
S3,1954,50-54,
S3,1954,55-59,
S3,1954,60-64,
S3,1954,65-69,
S3,1954,70-74,
S3,1954,75+,
S3,1954,0-8,46210613.707499854
S3,1954,9-14,23210282.960192565
S3,1954,0-17,
S3,1954,18-29,
S3,1954,30-65,
S3,1954,66+,5439137.682535693
S3,1954,15-26,39155033.96668342
S3,1954,27-45,41992106.911210395
S3,1954,46-65,22063297.958001122
S3,1955,00-04,
S3,1955,05-09,
S3,1955,10-14,
S3,1955,15-19,
S3,1955,20-24,
S3,1955,25-29,
S3,1955,30-34,
S3,1955,35-39,
S3,1955,40-44,
S3,1955,45-49,
S3,1955,50-54,
S3,1955,55-59,
S3,1955,60-64,
S3,1955,65-69,
S3,1955,70-74,
S3,1955,75+,
S3,1955,0-8,47869417.240428664
S3,1955,9-14,23581544.15416269
S3,1955,0-17,
S3,1955,18-29,
S3,1955,30-65,
S3,1955,66+,5608358.400743848
S3,1955,15-26,39782369.58263673
S3,1955,27-45,42719494.70454775
S3,1955,46-65,22656572.428895462
S3,1956,00-04,
S3,1956,05-09,
S3,1956,10-14,
S3,1956,15-19,
S3,1956,20-24,
S3,1956,25-29,
S3,1956,30-34,
S3,1956,35-39,
S3,1956,40-44,
S3,1956,45-49,
S3,1956,50-54,
S3,1956,55-59,
S3,1956,60-64,
S3,1956,65-69,
S3,1956,70-74,
S3,1956,75+,
S3,1956,0-8,49554197.78818723
S3,1956,9-14,24067071.80932979
S3,1956,0-17,
S3,1956,18-29,
S3,1956,30-65,
S3,1956,66+,5767119.1027756855
S3,1956,15-26,40342329.82920774
S3,1956,27-45,43469045.93404364
S3,1956,46-65,23276311.77904708
S3,1957,00-04,
S3,1957,05-09,
S3,1957,10-14,
S3,1957,15-19,
S3,1957,20-24,
S3,1957,25-29,
S3,1957,30-34,
S3,1957,35-39,
S3,1957,40-44,
S3,1957,45-49,
S3,1957,50-54,
S3,1957,55-59,
S3,1957,60-64,
S3,1957,65-69,
S3,1957,70-74,
S3,1957,75+,
S3,1957,0-8,51258769.005065665
S3,1957,9-14,24649634.268167756
S3,1957,0-17,
S3,1957,18-29,
S3,1957,30-65,
S3,1957,66+,5907835.955969617
S3,1957,15-26,40875636.22903672
S3,1957,27-45,44256501.5275639
S3,1957,46-65,23931310.169662647
S3,1958,00-04,
S3,1958,05-09,
S3,1958,10-14,
S3,1958,15-19,
S3,1958,20-24,
S3,1958,25-29,
S3,1958,30-34,
S3,1958,35-39,
S3,1958,40-44,
S3,1958,45-49,
S3,1958,50-54,
S3,1958,55-59,
S3,1958,60-64,
S3,1958,65-69,
S3,1958,70-74,
S3,1958,75+,
S3,1958,0-8,52969665.5404623
S3,1958,9-14,25291025.87396086
S3,1958,0-17,
S3,1958,18-29,
S3,1958,30-65,
S3,1958,66+,6026877.309693486
S3,1958,15-26,41307379.26874642
S3,1958,27-45,44988493.35169262
S3,1958,46-65,24599733.109613337
S3,1959,00-04,
S3,1959,05-09,
S3,1959,10-14,
S3,1959,15-19,
S3,1959,20-24,
S3,1959,25-29,
S3,1959,30-34,
S3,1959,35-39,
S3,1959,40-44,
S3,1959,45-49,
S3,1959,50-54,
S3,1959,55-59,
S3,1959,60-64,
S3,1959,65-69,
S3,1959,70-74,
S3,1959,75+,
S3,1959,0-8,54730481.014659874
S3,1959,9-14,25956970.81602232
S3,1959,0-17,
S3,1959,18-29,
S3,1959,30-65,
S3,1959,66+,6158262.19784676
S3,1959,15-26,41836780.04773085
S3,1959,27-45,45842398.42047241
S3,1959,46-65,25287895.384942617
S3,1960,00-04,
S3,1960,05-09,
S3,1960,10-14,
S3,1960,15-19,
S3,1960,20-24,
S3,1960,25-29,
S3,1960,30-34,
S3,1960,35-39,
S3,1960,40-44,
S3,1960,45-49,
S3,1960,50-54,
S3,1960,55-59,
S3,1960,60-64,
S3,1960,65-69,
S3,1960,70-74,
S3,1960,75+,
S3,1960,0-8,56139216.031200685
S3,1960,9-14,27017257.80102884
S3,1960,0-17,
S3,1960,18-29,
S3,1960,30-65,
S3,1960,66+,6333157.049563836
S3,1960,15-26,42360939.90962066
S3,1960,27-45,46698839.8506324
S3,1960,46-65,25945801.991938125
S3,1961,00-04,
S3,1961,05-09,
S3,1961,10-14,
S3,1961,15-19,
S3,1961,20-24,
S3,1961,25-29,
S3,1961,30-34,
S3,1961,35-39,
S3,1961,40-44,
S3,1961,45-49,
S3,1961,50-54,
S3,1961,55-59,
S3,1961,60-64,
S3,1961,65-69,
S3,1961,70-74,
S3,1961,75+,
S3,1961,0-8,57540910.38089514
S3,1961,9-14,28163362.787675276
S3,1961,0-17,
S3,1961,18-29,
S3,1961,30-65,
S3,1961,66+,6536020.251872729
S3,1961,15-26,42931969.168115206
S3,1961,27-45,47577888.790102646
S3,1961,46-65,26589067.469171893
S3,1962,00-04,
S3,1962,05-09,
S3,1962,10-14,
S3,1962,15-19,
S3,1962,20-24,
S3,1962,25-29,
S3,1962,30-34,
S3,1962,35-39,
S3,1962,40-44,
S3,1962,45-49,
S3,1962,50-54,
S3,1962,55-59,
S3,1962,60-64,
S3,1962,65-69,
S3,1962,70-74,
S3,1962,75+,
S3,1962,0-8,58921171.61819987
S3,1962,9-14,29374373.83487136
S3,1962,0-17,
S3,1962,18-29,
S3,1962,30-65,
S3,1962,66+,6777810.139009144
S3,1962,15-26,43547733.24195405
S3,1962,27-45,48517174.96245157
S3,1962,46-65,27207764.081128266
S3,1963,00-04,
S3,1963,05-09,
S3,1963,10-14,
S3,1963,15-19,
S3,1963,20-24,
S3,1963,25-29,
S3,1963,30-34,
S3,1963,35-39,
S3,1963,40-44,
S3,1963,45-49,
S3,1963,50-54,
S3,1963,55-59,
S3,1963,60-64,
S3,1963,65-69,
S3,1963,70-74,
S3,1963,75+,
S3,1963,0-8,60258170.03661138
S3,1963,9-14,30679559.15344039
S3,1963,0-17,
S3,1963,18-29,
S3,1963,30-65,
S3,1963,66+,7046967.11725208
S3,1963,15-26,44126312.89239492
S3,1963,27-45,49450128.89983021
S3,1963,46-65,27801725.480499145
S3,1964,00-04,
S3,1964,05-09,
S3,1964,10-14,
S3,1964,15-19,
S3,1964,20-24,
S3,1964,25-29,
S3,1964,30-34,
S3,1964,35-39,
S3,1964,40-44,
S3,1964,45-49,
S3,1964,50-54,
S3,1964,55-59,
S3,1964,60-64,
S3,1964,65-69,
S3,1964,70-74,
S3,1964,75+,
S3,1964,0-8,61567489.19830792
S3,1964,9-14,32115554.01604382
S3,1964,0-17,
S3,1964,18-29,
S3,1964,30-65,
S3,1964,66+,7320598.10460415
S3,1964,15-26,44719497.0962188
S3,1964,27-45,50416097.72975845
S3,1964,46-65,28403925.64165017
S3,1965,00-04,
S3,1965,05-09,
S3,1965,10-14,
S3,1965,15-19,
S3,1965,20-24,
S3,1965,25-29,
S3,1965,30-34,
S3,1965,35-39,
S3,1965,40-44,
S3,1965,45-49,
S3,1965,50-54,
S3,1965,55-59,
S3,1965,60-64,
S3,1965,65-69,
S3,1965,70-74,
S3,1965,75+,
S3,1965,0-8,62849018.345967226
S3,1965,9-14,33185363.08666063
S3,1965,0-17,
S3,1965,18-29,
S3,1965,30-65,
S3,1965,66+,7573142.855844553
S3,1965,15-26,45812405.163658425
S3,1965,27-45,51349639.614328586
S3,1965,46-65,29029066.95602705
S3,1966,00-04,
S3,1966,05-09,
S3,1966,10-14,
S3,1966,15-19,
S3,1966,20-24,
S3,1966,25-29,
S3,1966,30-34,
S3,1966,35-39,
S3,1966,40-44,
S3,1966,45-49,
S3,1966,50-54,
S3,1966,55-59,
S3,1966,60-64,
S3,1966,65-69,
S3,1966,70-74,
S3,1966,75+,
S3,1966,0-8,63916016.56826873
S3,1966,9-14,34204901.132195614
S3,1966,0-17,
S3,1966,18-29,
S3,1966,30-65,
S3,1966,66+,7793996.0609512525
S3,1966,15-26,47043434.13206077
S3,1966,27-45,52249232.911339276
S3,1966,46-65,29646345.939543445
S3,1967,00-04,
S3,1967,05-09,
S3,1967,10-14,
S3,1967,15-19,
S3,1967,20-24,
S3,1967,25-29,
S3,1967,30-34,
S3,1967,35-39,
S3,1967,40-44,
S3,1967,45-49,
S3,1967,50-54,
S3,1967,55-59,
S3,1967,60-64,
S3,1967,65-69,
S3,1967,70-74,
S3,1967,75+,
S3,1967,0-8,64925798.11101122
S3,1967,9-14,35196408.98796129
S3,1967,0-17,
S3,1967,18-29,
S3,1967,30-65,
S3,1967,66+,7994191.4279729035
S3,1967,15-26,48352036.86036774
S3,1967,27-45,53127141.764411844
S3,1967,46-65,30283144.68323602
S3,1968,00-04,
S3,1968,05-09,
S3,1968,10-14,
S3,1968,15-19,
S3,1968,20-24,
S3,1968,25-29,
S3,1968,30-34,
S3,1968,35-39,
S3,1968,40-44,
S3,1968,45-49,
S3,1968,50-54,
S3,1968,55-59,
S3,1968,60-64,
S3,1968,65-69,
S3,1968,70-74,
S3,1968,75+,
S3,1968,0-8,65919479.526305534
S3,1968,9-14,36151882.400941424
S3,1968,0-17,
S3,1968,18-29,
S3,1968,30-65,
S3,1968,66+,8184746.262572277
S3,1968,15-26,49855228.116451964
S3,1968,27-45,54097635.623771615
S3,1968,46-65,30951890.05169173
S3,1969,00-04,
S3,1969,05-09,
S3,1969,10-14,
S3,1969,15-19,
S3,1969,20-24,
S3,1969,25-29,
S3,1969,30-34,
S3,1969,35-39,
S3,1969,40-44,
S3,1969,45-49,
S3,1969,50-54,
S3,1969,55-59,
S3,1969,60-64,
S3,1969,65-69,
S3,1969,70-74,
S3,1969,75+,
S3,1969,0-8,67039034.746185526
S3,1969,9-14,37053592.85839529
S3,1969,0-17,
S3,1969,18-29,
S3,1969,30-65,
S3,1969,66+,8392806.165698072
S3,1969,15-26,51370632.54773489
S3,1969,27-45,54980133.7378167
S3,1969,46-65,31632752.42278732
S3,1970,00-04,
S3,1970,05-09,
S3,1970,10-14,
S3,1970,15-19,
S3,1970,20-24,
S3,1970,25-29,
S3,1970,30-34,
S3,1970,35-39,
S3,1970,40-44,
S3,1970,45-49,
S3,1970,50-54,
S3,1970,55-59,
S3,1970,60-64,
S3,1970,65-69,
S3,1970,70-74,
S3,1970,75+,
S3,1970,0-8,68127566.77010898
S3,1970,9-14,37908491.43052337
S3,1970,0-17,
S3,1970,18-29,
S3,1970,30-65,
S3,1970,66+,8621160.02032275
S3,1970,15-26,53049442.431247
S3,1970,27-45,55883991.231507316
S3,1970,46-65,32307644.333030652
S3,1971,00-04,
S3,1971,05-09,
S3,1971,10-14,
S3,1971,15-19,
S3,1971,20-24,
S3,1971,25-29,
S3,1971,30-34,
S3,1971,35-39,
S3,1971,40-44,
S3,1971,45-49,
S3,1971,50-54,
S3,1971,55-59,
S3,1971,60-64,
S3,1971,65-69,
S3,1971,70-74,
S3,1971,75+,
S3,1971,0-8,69230413.40475504
S3,1971,9-14,38784859.18595148
S3,1971,0-17,
S3,1971,18-29,
S3,1971,30-65,
S3,1971,66+,8866261.955749739
S3,1971,15-26,54958931.01977017
S3,1971,27-45,56958341.850151256
S3,1971,46-65,33013671.024241894
S3,1972,00-04,
S3,1972,05-09,
S3,1972,10-14,
S3,1972,15-19,
S3,1972,20-24,
S3,1972,25-29,
S3,1972,30-34,
S3,1972,35-39,
S3,1972,40-44,
S3,1972,45-49,
S3,1972,50-54,
S3,1972,55-59,
S3,1972,60-64,
S3,1972,65-69,
S3,1972,70-74,
S3,1972,75+,
S3,1972,0-8,70346627.8245337
S3,1972,9-14,39658164.36237248
S3,1972,0-17,
S3,1972,18-29,
S3,1972,30-65,
S3,1972,66+,9127575.780242322
S3,1972,15-26,56766004.20467821
S3,1972,27-45,57908445.58125812
S3,1972,46-65,33685279.15338035
S3,1973,00-04,
S3,1973,05-09,
S3,1973,10-14,
S3,1973,15-19,
S3,1973,20-24,
S3,1973,25-29,
S3,1973,30-34,
S3,1973,35-39,
S3,1973,40-44,
S3,1973,45-49,
S3,1973,50-54,
S3,1973,55-59,
S3,1973,60-64,
S3,1973,65-69,
S3,1973,70-74,
S3,1973,75+,
S3,1973,0-8,71466813.68365523
S3,1973,9-14,40565070.373094834
S3,1973,0-17,
S3,1973,18-29,
S3,1973,30-65,
S3,1973,66+,9410879.73847187
S3,1973,15-26,58761410.61969631
S3,1973,27-45,59009503.362039395
S3,1973,46-65,34380291.96071104
S3,1974,00-04,
S3,1974,05-09,
S3,1974,10-14,
S3,1974,15-19,
S3,1974,20-24,
S3,1974,25-29,
S3,1974,30-34,
S3,1974,35-39,
S3,1974,40-44,
S3,1974,45-49,
S3,1974,50-54,
S3,1974,55-59,
S3,1974,60-64,
S3,1974,65-69,
S3,1974,70-74,
S3,1974,75+,
S3,1974,0-8,72617924.64936377
S3,1974,9-14,41503826.71729056
S3,1974,0-17,
S3,1974,18-29,
S3,1974,30-65,
S3,1974,66+,9705746.224933043
S3,1974,15-26,60768046.50991201
S3,1974,27-45,60079781.85386716
S3,1974,46-65,35089509.413704604
S3,1975,00-04,
S3,1975,05-09,
S3,1975,10-14,
S3,1975,15-19,
S3,1975,20-24,
S3,1975,25-29,
S3,1975,30-34,
S3,1975,35-39,
S3,1975,40-44,
S3,1975,45-49,
S3,1975,50-54,
S3,1975,55-59,
S3,1975,60-64,
S3,1975,65-69,
S3,1975,70-74,
S3,1975,75+,
S3,1975,0-8,73822862.06303093
S3,1975,9-14,42465159.02301839
S3,1975,0-17,
S3,1975,18-29,
S3,1975,30-65,
S3,1975,66+,10009004.844169624
S3,1975,15-26,62651861.11886028
S3,1975,27-45,61554135.61037726
S3,1975,46-65,35864515.339247756
S3,1976,00-04,
S3,1976,05-09,
S3,1976,10-14,
S3,1976,15-19,
S3,1976,20-24,
S3,1976,25-29,
S3,1976,30-34,
S3,1976,35-39,
S3,1976,40-44,
S3,1976,45-49,
S3,1976,50-54,
S3,1976,55-59,
S3,1976,60-64,
S3,1976,65-69,
S3,1976,70-74,
S3,1976,75+,
S3,1976,0-8,75002364.7385206
S3,1976,9-14,43375971.38096506
S3,1976,0-17,
S3,1976,18-29,
S3,1976,30-65,
S3,1976,66+,10319315.548838705
S3,1976,15-26,64546420.10286014
S3,1976,27-45,63147064.81295833
S3,1976,46-65,36683256.363471955
S3,1977,00-04,
S3,1977,05-09,
S3,1977,10-14,
S3,1977,15-19,
S3,1977,20-24,
S3,1977,25-29,
S3,1977,30-34,
S3,1977,35-39,
S3,1977,40-44,
S3,1977,45-49,
S3,1977,50-54,
S3,1977,55-59,
S3,1977,60-64,
S3,1977,65-69,
S3,1977,70-74,
S3,1977,75+,
S3,1977,0-8,76253276.44597985
S3,1977,9-14,44287943.21160631
S3,1977,0-17,
S3,1977,18-29,
S3,1977,30-65,
S3,1977,66+,10636077.505327232
S3,1977,15-26,66414212.46233403
S3,1977,27-45,64819256.697064765
S3,1977,46-65,37540910.50345941
S3,1978,00-04,
S3,1978,05-09,
S3,1978,10-14,
S3,1978,15-19,
S3,1978,20-24,
S3,1978,25-29,
S3,1978,30-34,
S3,1978,35-39,
S3,1978,40-44,
S3,1978,45-49,
S3,1978,50-54,
S3,1978,55-59,
S3,1978,60-64,
S3,1978,65-69,
S3,1978,70-74,
S3,1978,75+,
S3,1978,0-8,77428815.46665105
S3,1978,9-14,45215713.16522112
S3,1978,0-17,
S3,1978,18-29,
S3,1978,30-65,
S3,1978,66+,10956185.333841758
S3,1978,15-26,68319424.59125921
S3,1978,27-45,66635916.439174384
S3,1978,46-65,38448597.43938941
S3,1979,00-04,
S3,1979,05-09,
S3,1979,10-14,
S3,1979,15-19,
S3,1979,20-24,
S3,1979,25-29,
S3,1979,30-34,
S3,1979,35-39,
S3,1979,40-44,
S3,1979,45-49,
S3,1979,50-54,
S3,1979,55-59,
S3,1979,60-64,
S3,1979,65-69,
S3,1979,70-74,
S3,1979,75+,
S3,1979,0-8,78572706.32121521
S3,1979,9-14,46174354.7590381
S3,1979,0-17,
S3,1979,18-29,
S3,1979,30-65,
S3,1979,66+,11277013.105015937
S3,1979,15-26,70117472.84714097
S3,1979,27-45,68430997.46673676
S3,1979,46-65,39376181.079690665
S3,1980,00-04,
S3,1980,05-09,
S3,1980,10-14,
S3,1980,15-19,
S3,1980,20-24,
S3,1980,25-29,
S3,1980,30-34,
S3,1980,35-39,
S3,1980,40-44,
S3,1980,45-49,
S3,1980,50-54,
S3,1980,55-59,
S3,1980,60-64,
S3,1980,65-69,
S3,1980,70-74,
S3,1980,75+,
S3,1980,0-8,79858709.39545749
S3,1980,9-14,47146560.56065009
S3,1980,0-17,
S3,1980,18-29,
S3,1980,30-65,
S3,1980,66+,11603040.054185491
S3,1980,15-26,71868050.64939176
S3,1980,27-45,70625985.42640474
S3,1980,46-65,40363519.763606235
S3,1981,00-04,
S3,1981,05-09,
S3,1981,10-14,
S3,1981,15-19,
S3,1981,20-24,
S3,1981,25-29,
S3,1981,30-34,
S3,1981,35-39,
S3,1981,40-44,
S3,1981,45-49,
S3,1981,50-54,
S3,1981,55-59,
S3,1981,60-64,
S3,1981,65-69,
S3,1981,70-74,
S3,1981,75+,
S3,1981,0-8,81276049.70669995
S3,1981,9-14,48163021.864212535
S3,1981,0-17,
S3,1981,18-29,
S3,1981,30-65,
S3,1981,66+,11930005.918944143
S3,1981,15-26,73483046.23629591
S3,1981,27-45,72873219.74473067
S3,1981,46-65,41363361.75645577
S3,1982,00-04,
S3,1982,05-09,
S3,1982,10-14,
S3,1982,15-19,
S3,1982,20-24,
S3,1982,25-29,
S3,1982,30-34,
S3,1982,35-39,
S3,1982,40-44,
S3,1982,45-49,
S3,1982,50-54,
S3,1982,55-59,
S3,1982,60-64,
S3,1982,65-69,
S3,1982,70-74,
S3,1982,75+,
S3,1982,0-8,82690158.29434344
S3,1982,9-14,49254943.44509795
S3,1982,0-17,
S3,1982,18-29,
S3,1982,30-65,
S3,1982,66+,12258884.66858004
S3,1982,15-26,75059190.45099944
S3,1982,27-45,75180334.08961561
S3,1982,46-65,42406082.97105777
S3,1983,00-04,
S3,1983,05-09,
S3,1983,10-14,
S3,1983,15-19,
S3,1983,20-24,
S3,1983,25-29,
S3,1983,30-34,
S3,1983,35-39,
S3,1983,40-44,
S3,1983,45-49,
S3,1983,50-54,
S3,1983,55-59,
S3,1983,60-64,
S3,1983,65-69,
S3,1983,70-74,
S3,1983,75+,
S3,1983,0-8,84146242.3100151
S3,1983,9-14,50342081.820185885
S3,1983,0-17,
S3,1983,18-29,
S3,1983,30-65,
S3,1983,66+,12592052.997851085
S3,1983,15-26,76643111.8909199
S3,1983,27-45,77575999.26780935
S3,1983,46-65,43489182.67777774
S3,1984,00-04,
S3,1984,05-09,
S3,1984,10-14,
S3,1984,15-19,
S3,1984,20-24,
S3,1984,25-29,
S3,1984,30-34,
S3,1984,35-39,
S3,1984,40-44,
S3,1984,45-49,
S3,1984,50-54,
S3,1984,55-59,
S3,1984,60-64,
S3,1984,65-69,
S3,1984,70-74,
S3,1984,75+,
S3,1984,0-8,85638646.51435027
S3,1984,9-14,51459663.87496472
S3,1984,0-17,
S3,1984,18-29,
S3,1984,30-65,
S3,1984,66+,12932082.424747594
S3,1984,15-26,78277947.15276097
S3,1984,27-45,80093017.55791746
S3,1984,46-65,44587678.966800235
S3,1985,00-04,
S3,1985,05-09,
S3,1985,10-14,
S3,1985,15-19,
S3,1985,20-24,
S3,1985,25-29,
S3,1985,30-34,
S3,1985,35-39,
S3,1985,40-44,
S3,1985,45-49,
S3,1985,50-54,
S3,1985,55-59,
S3,1985,60-64,
S3,1985,65-69,
S3,1985,70-74,
S3,1985,75+,
S3,1985,0-8,87194806.20893268
S3,1985,9-14,52647447.947275266
S3,1985,0-17,
S3,1985,18-29,
S3,1985,30-65,
S3,1985,66+,13279962.532481158
S3,1985,15-26,79872631.66994335
S3,1985,27-45,82730653.6741188
S3,1985,46-65,45651734.68546858
S3,1986,00-04,
S3,1986,05-09,
S3,1986,10-14,
S3,1986,15-19,
S3,1986,20-24,
S3,1986,25-29,
S3,1986,30-34,
S3,1986,35-39,
S3,1986,40-44,
S3,1986,45-49,
S3,1986,50-54,
S3,1986,55-59,
S3,1986,60-64,
S3,1986,65-69,
S3,1986,70-74,
S3,1986,75+,
S3,1986,0-8,88792964.576474
S3,1986,9-14,53816680.531308934
S3,1986,0-17,
S3,1986,18-29,
S3,1986,30-65,
S3,1986,66+,13638179.967456436
S3,1986,15-26,81458194.98739637
S3,1986,27-45,85487994.07651533
S3,1986,46-65,46693570.98804749
S3,1987,00-04,
S3,1987,05-09,
S3,1987,10-14,
S3,1987,15-19,
S3,1987,20-24,
S3,1987,25-29,
S3,1987,30-34,
S3,1987,35-39,
S3,1987,40-44,
S3,1987,45-49,
S3,1987,50-54,
S3,1987,55-59,
S3,1987,60-64,
S3,1987,65-69,
S3,1987,70-74,
S3,1987,75+,
S3,1987,0-8,90435539.8434555
S3,1987,9-14,54998504.83181919
S3,1987,0-17,
S3,1987,18-29,
S3,1987,30-65,
S3,1987,66+,14009635.606535433
S3,1987,15-26,83088788.88859545
S3,1987,27-45,88322448.46704227
S3,1987,46-65,47730130.13656405
S3,1988,00-04,
S3,1988,05-09,
S3,1988,10-14,
S3,1988,15-19,
S3,1988,20-24,
S3,1988,25-29,
S3,1988,30-34,
S3,1988,35-39,
S3,1988,40-44,
S3,1988,45-49,
S3,1988,50-54,
S3,1988,55-59,
S3,1988,60-64,
S3,1988,65-69,
S3,1988,70-74,
S3,1988,75+,
S3,1988,0-8,92032647.04789245
S3,1988,9-14,56121710.310685754
S3,1988,0-17,
S3,1988,18-29,
S3,1988,30-65,
S3,1988,66+,14395824.73662453
S3,1988,15-26,84753166.9241091
S3,1988,27-45,91237453.32114455
S3,1988,46-65,48769839.420468494
S3,1989,00-04,
S3,1989,05-09,
S3,1989,10-14,
S3,1989,15-19,
S3,1989,20-24,
S3,1989,25-29,
S3,1989,30-34,
S3,1989,35-39,
S3,1989,40-44,
S3,1989,45-49,
S3,1989,50-54,
S3,1989,55-59,
S3,1989,60-64,
S3,1989,65-69,
S3,1989,70-74,
S3,1989,75+,
S3,1989,0-8,93620237.12018833
S3,1989,9-14,57204148.06977205
S3,1989,0-17,
S3,1989,18-29,
S3,1989,30-65,
S3,1989,66+,14799811.32375859
S3,1989,15-26,86506685.4375223
S3,1989,27-45,94211830.13683763
S3,1989,46-65,49821770.77226905
S3,1990,00-04,
S3,1990,05-09,
S3,1990,10-14,
S3,1990,15-19,
S3,1990,20-24,
S3,1990,25-29,
S3,1990,30-34,
S3,1990,35-39,
S3,1990,40-44,
S3,1990,45-49,
S3,1990,50-54,
S3,1990,55-59,
S3,1990,60-64,
S3,1990,65-69,
S3,1990,70-74,
S3,1990,75+,
S3,1990,0-8,95117455.05037947
S3,1990,9-14,58332733.54173907
S3,1990,0-17,
S3,1990,18-29,
S3,1990,30-65,
S3,1990,66+,15224334.006929245
S3,1990,15-26,88330190.14954442
S3,1990,27-45,97255313.12000509
S3,1990,46-65,50892602.96464501
S3,1991,00-04,
S3,1991,05-09,
S3,1991,10-14,
S3,1991,15-19,
S3,1991,20-24,
S3,1991,25-29,
S3,1991,30-34,
S3,1991,35-39,
S3,1991,40-44,
S3,1991,45-49,
S3,1991,50-54,
S3,1991,55-59,
S3,1991,60-64,
S3,1991,65-69,
S3,1991,70-74,
S3,1991,75+,
S3,1991,0-8,96428463.81911102
S3,1991,9-14,59609683.236868486
S3,1991,0-17,
S3,1991,18-29,
S3,1991,30-65,
S3,1991,66+,15671612.081217911
S3,1991,15-26,90169975.30809675
S3,1991,27-45,100338873.47734906
S3,1991,46-65,51996103.91448294
S3,1992,00-04,
S3,1992,05-09,
S3,1992,10-14,
S3,1992,15-19,
S3,1992,20-24,
S3,1992,25-29,
S3,1992,30-34,
S3,1992,35-39,
S3,1992,40-44,
S3,1992,45-49,
S3,1992,50-54,
S3,1992,55-59,
S3,1992,60-64,
S3,1992,65-69,
S3,1992,70-74,
S3,1992,75+,
S3,1992,0-8,97793562.62699668
S3,1992,9-14,61165497.540854864
S3,1992,0-17,
S3,1992,18-29,
S3,1992,30-65,
S3,1992,66+,16337695.13827962
S3,1992,15-26,91682510.23745856
S3,1992,27-45,103325568.08294846
S3,1992,46-65,52881820.16302202
S3,1993,00-04,
S3,1993,05-09,
S3,1993,10-14,
S3,1993,15-19,
S3,1993,20-24,
S3,1993,25-29,
S3,1993,30-34,
S3,1993,35-39,
S3,1993,40-44,
S3,1993,45-49,
S3,1993,50-54,
S3,1993,55-59,
S3,1993,60-64,
S3,1993,65-69,
S3,1993,70-74,
S3,1993,75+,
S3,1993,0-8,99018000.41203472
S3,1993,9-14,62787093.20994919
S3,1993,0-17,
S3,1993,18-29,
S3,1993,30-65,
S3,1993,66+,17029766.383592524
S3,1993,15-26,93198605.1719135
S3,1993,27-45,106425546.17954253
S3,1993,46-65,53815655.20189669
S3,1994,00-04,
S3,1994,05-09,
S3,1994,10-14,
S3,1994,15-19,
S3,1994,20-24,
S3,1994,25-29,
S3,1994,30-34,
S3,1994,35-39,
S3,1994,40-44,
S3,1994,45-49,
S3,1994,50-54,
S3,1994,55-59,
S3,1994,60-64,
S3,1994,65-69,
S3,1994,70-74,
S3,1994,75+,
S3,1994,0-8,100045593.79456228
S3,1994,9-14,64437424.71206221
S3,1994,0-17,
S3,1994,18-29,
S3,1994,30-65,
S3,1994,66+,17747109.86539999
S3,1994,15-26,94732971.54884152
S3,1994,27-45,109604363.0929473
S3,1994,46-65,54760504.75604703
S3,1995,00-04,
S3,1995,05-09,
S3,1995,10-14,
S3,1995,15-19,
S3,1995,20-24,
S3,1995,25-29,
S3,1995,30-34,
S3,1995,35-39,
S3,1995,40-44,
S3,1995,45-49,
S3,1995,50-54,
S3,1995,55-59,
S3,1995,60-64,
S3,1995,65-69,
S3,1995,70-74,
S3,1995,75+,
S3,1995,0-8,100902833.33606015
S3,1995,9-14,66049159.759148315
S3,1995,0-17,
S3,1995,18-29,
S3,1995,30-65,
S3,1995,66+,18492027.697208293
S3,1995,15-26,96322542.3727267
S3,1995,27-45,112421489.54833505
S3,1995,46-65,56052310.59087906
S3,1996,00-04,
S3,1996,05-09,
S3,1996,10-14,
S3,1996,15-19,
S3,1996,20-24,
S3,1996,25-29,
S3,1996,30-34,
S3,1996,35-39,
S3,1996,40-44,
S3,1996,45-49,
S3,1996,50-54,
S3,1996,55-59,
S3,1996,60-64,
S3,1996,65-69,
S3,1996,70-74,
S3,1996,75+,
S3,1996,0-8,101673243.15232266
S3,1996,9-14,67496209.17089988
S3,1996,0-17,
S3,1996,18-29,
S3,1996,30-65,
S3,1996,66+,19264303.93665274
S3,1996,15-26,98152133.01280728
S3,1996,27-45,115271995.7953802
S3,1996,46-65,57460530.00778603
S3,1997,00-04,
S3,1997,05-09,
S3,1997,10-14,
S3,1997,15-19,
S3,1997,20-24,
S3,1997,25-29,
S3,1997,30-34,
S3,1997,35-39,
S3,1997,40-44,
S3,1997,45-49,
S3,1997,50-54,
S3,1997,55-59,
S3,1997,60-64,
S3,1997,65-69,
S3,1997,70-74,
S3,1997,75+,
S3,1997,0-8,102269214.58859669
S3,1997,9-14,68932300.35446349
S3,1997,0-17,
S3,1997,18-29,
S3,1997,30-65,
S3,1997,66+,20058519.463033907
S3,1997,15-26,100055176.9147784
S3,1997,27-45,118146649.443162
S3,1997,46-65,58965053.683785565
S3,1998,00-04,
S3,1998,05-09,
S3,1998,10-14,
S3,1998,15-19,
S3,1998,20-24,
S3,1998,25-29,
S3,1998,30-34,
S3,1998,35-39,
S3,1998,40-44,
S3,1998,45-49,
S3,1998,50-54,
S3,1998,55-59,
S3,1998,60-64,
S3,1998,65-69,
S3,1998,70-74,
S3,1998,75+,
S3,1998,0-8,102860756.79318824
S3,1998,9-14,70190855.94546872
S3,1998,0-17,
S3,1998,18-29,
S3,1998,30-65,
S3,1998,66+,20871997.803245146
S3,1998,15-26,102033006.93437576
S3,1998,27-45,121029244.30192338
S3,1998,46-65,60578750.84150941
S3,1999,00-04,
S3,1999,05-09,
S3,1999,10-14,
S3,1999,15-19,
S3,1999,20-24,
S3,1999,25-29,
S3,1999,30-34,
S3,1999,35-39,
S3,1999,40-44,
S3,1999,45-49,
S3,1999,50-54,
S3,1999,55-59,
S3,1999,60-64,
S3,1999,65-69,
S3,1999,70-74,
S3,1999,75+,
S3,1999,0-8,103401028.59063783
S3,1999,9-14,71302241.72742033
S3,1999,0-17,
S3,1999,18-29,
S3,1999,30-65,
S3,1999,66+,21701275.771424748
S3,1999,15-26,104088201.56997441
S3,1999,27-45,123947595.39759648
S3,1999,46-65,62296270.541153476
S3,2000,00-04,
S3,2000,05-09,
S3,2000,10-14,
S3,2000,15-19,
S3,2000,20-24,
S3,2000,25-29,
S3,2000,30-34,
S3,2000,35-39,
S3,2000,40-44,
S3,2000,45-49,
S3,2000,50-54,
S3,2000,55-59,
S3,2000,60-64,
S3,2000,65-69,
S3,2000,70-74,
S3,2000,75+,
S3,2000,0-8,103913967.79900727
S3,2000,9-14,72231123.08439043
S3,2000,0-17,
S3,2000,18-29,
S3,2000,30-65,
S3,2000,66+,22538423.30648337
S3,2000,15-26,106267580.15512395
S3,2000,27-45,126769778.38525121
S3,2000,46-65,64189076.906387635
S3,2001,00-04,
S3,2001,05-09,
S3,2001,10-14,
S3,2001,15-19,
S3,2001,20-24,
S3,2001,25-29,
S3,2001,30-34,
S3,2001,35-39,
S3,2001,40-44,
S3,2001,45-49,
S3,2001,50-54,
S3,2001,55-59,
S3,2001,60-64,
S3,2001,65-69,
S3,2001,70-74,
S3,2001,75+,
S3,2001,0-8,104555739.02949363
S3,2001,9-14,73004605.90915507
S3,2001,0-17,
S3,2001,18-29,
S3,2001,30-65,
S3,2001,66+,23372640.865752343
S3,2001,15-26,108541917.66898212
S3,2001,27-45,129546610.0071814
S3,2001,46-65,66205280.355634406
S3,2002,00-04,
S3,2002,05-09,
S3,2002,10-14,
S3,2002,15-19,
S3,2002,20-24,
S3,2002,25-29,
S3,2002,30-34,
S3,2002,35-39,
S3,2002,40-44,
S3,2002,45-49,
S3,2002,50-54,
S3,2002,55-59,
S3,2002,60-64,
S3,2002,65-69,
S3,2002,70-74,
S3,2002,75+,
S3,2002,0-8,105240591.77041492
S3,2002,9-14,73559020.03419794
S3,2002,0-17,
S3,2002,18-29,
S3,2002,30-65,
S3,2002,66+,24231825.355858732
S3,2002,15-26,110956396.55256963
S3,2002,27-45,132410618.84717374
S3,2002,46-65,68300741.52338415
S3,2003,00-04,
S3,2003,05-09,
S3,2003,10-14,
S3,2003,15-19,
S3,2003,20-24,
S3,2003,25-29,
S3,2003,30-34,
S3,2003,35-39,
S3,2003,40-44,
S3,2003,45-49,
S3,2003,50-54,
S3,2003,55-59,
S3,2003,60-64,
S3,2003,65-69,
S3,2003,70-74,
S3,2003,75+,
S3,2003,0-8,105761428.1241397
S3,2003,9-14,74071870.76344645
S3,2003,0-17,
S3,2003,18-29,
S3,2003,30-65,
S3,2003,66+,25118761.53018448
S3,2003,15-26,113296515.51747534
S3,2003,27-45,135125349.74198225
S3,2003,46-65,70425738.7945184
S3,2004,00-04,
S3,2004,05-09,
S3,2004,10-14,
S3,2004,15-19,
S3,2004,20-24,
S3,2004,25-29,
S3,2004,30-34,
S3,2004,35-39,
S3,2004,40-44,
S3,2004,45-49,
S3,2004,50-54,
S3,2004,55-59,
S3,2004,60-64,
S3,2004,65-69,
S3,2004,70-74,
S3,2004,75+,
S3,2004,0-8,106097356.61618221
S3,2004,9-14,74447659.77699716
S3,2004,0-17,
S3,2004,18-29,
S3,2004,30-65,
S3,2004,66+,26002922.223663237
S3,2004,15-26,115725506.81329046
S3,2004,27-45,137900076.51108915
S3,2004,46-65,72604981.50403252
S3,2005,00-04,
S3,2005,05-09,
S3,2005,10-14,
S3,2005,15-19,
S3,2005,20-24,
S3,2005,25-29,
S3,2005,30-34,
S3,2005,35-39,
S3,2005,40-44,
S3,2005,45-49,
S3,2005,50-54,
S3,2005,55-59,
S3,2005,60-64,
S3,2005,65-69,
S3,2005,70-74,
S3,2005,75+,
S3,2005,0-8,106232701.06286639
S3,2005,9-14,74740125.77257773
S3,2005,0-17,
S3,2005,18-29,
S3,2005,30-65,
S3,2005,66+,26840802.22354543
S3,2005,15-26,118216429.6066946
S3,2005,27-45,140791921.52614993
S3,2005,46-65,74892830.29467349
S3,2006,00-04,
S3,2006,05-09,
S3,2006,10-14,
S3,2006,15-19,
S3,2006,20-24,
S3,2006,25-29,
S3,2006,30-34,
S3,2006,35-39,
S3,2006,40-44,
S3,2006,45-49,
S3,2006,50-54,
S3,2006,55-59,
S3,2006,60-64,
S3,2006,65-69,
S3,2006,70-74,
S3,2006,75+,
S3,2006,0-8,106077491.46056786
S3,2006,9-14,75006333.81410845
S3,2006,0-17,
S3,2006,18-29,
S3,2006,30-65,
S3,2006,66+,27638472.237754945
S3,2006,15-26,120498612.18764958
S3,2006,27-45,143575068.7984333
S3,2006,46-65,77245493.43299302
S3,2007,00-04,
S3,2007,05-09,
S3,2007,10-14,
S3,2007,15-19,
S3,2007,20-24,
S3,2007,25-29,
S3,2007,30-34,
S3,2007,35-39,
S3,2007,40-44,
S3,2007,45-49,
S3,2007,50-54,
S3,2007,55-59,
S3,2007,60-64,
S3,2007,65-69,
S3,2007,70-74,
S3,2007,75+,
S3,2007,0-8,105692870.82757577
S3,2007,9-14,75221476.81408954
S3,2007,0-17,
S3,2007,18-29,
S3,2007,30-65,
S3,2007,66+,28409534.430225827
S3,2007,15-26,122834160.29528293
S3,2007,27-45,146496338.00508723
S3,2007,46-65,79665994.15897311
S3,2008,00-04,
S3,2008,05-09,
S3,2008,10-14,
S3,2008,15-19,
S3,2008,20-24,
S3,2008,25-29,
S3,2008,30-34,
S3,2008,35-39,
S3,2008,40-44,
S3,2008,45-49,
S3,2008,50-54,
S3,2008,55-59,
S3,2008,60-64,
S3,2008,65-69,
S3,2008,70-74,
S3,2008,75+,
S3,2008,0-8,105138874.2052309
S3,2008,9-14,75390152.449883
S3,2008,0-17,
S3,2008,18-29,
S3,2008,30-65,
S3,2008,66+,29174167.00672958
S3,2008,15-26,125066251.07781303
S3,2008,27-45,149326018.9389045
S3,2008,46-65,82138657.2934717
S3,2009,00-04,
S3,2009,05-09,
S3,2009,10-14,
S3,2009,15-19,
S3,2009,20-24,
S3,2009,25-29,
S3,2009,30-34,
S3,2009,35-39,
S3,2009,40-44,
S3,2009,45-49,
S3,2009,50-54,
S3,2009,55-59,
S3,2009,60-64,
S3,2009,65-69,
S3,2009,70-74,
S3,2009,75+,
S3,2009,0-8,104507583.29922561
S3,2009,9-14,75544261.87488164
S3,2009,0-17,
S3,2009,18-29,
S3,2009,30-65,
S3,2009,66+,29941492.468893833
S3,2009,15-26,127247863.26740476
S3,2009,27-45,152233196.8726268
S3,2009,46-65,84643089.8502148
S3,2010,00-04,
S3,2010,05-09,
S3,2010,10-14,
S3,2010,15-19,
S3,2010,20-24,
S3,2010,25-29,
S3,2010,30-34,
S3,2010,35-39,
S3,2010,40-44,
S3,2010,45-49,
S3,2010,50-54,
S3,2010,55-59,
S3,2010,60-64,
S3,2010,65-69,
S3,2010,70-74,
S3,2010,75+,
S3,2010,0-8,103817748.70343235
S3,2010,9-14,75610090.86836942
S3,2010,0-17,
S3,2010,18-29,
S3,2010,30-65,
S3,2010,66+,30706289.986356214
S3,2010,15-26,129426299.83029965
S3,2010,27-45,155313772.52728263
S3,2010,46-65,87229862.50663601
S3,2011,00-04,
S3,2011,05-09,
S3,2011,10-14,
S3,2011,15-19,
S3,2011,20-24,
S3,2011,25-29,
S3,2011,30-34,
S3,2011,35-39,
S3,2011,40-44,
S3,2011,45-49,
S3,2011,50-54,
S3,2011,55-59,
S3,2011,60-64,
S3,2011,65-69,
S3,2011,70-74,
S3,2011,75+,
S3,2011,0-8,102905053.019768
S3,2011,9-14,75724090.94276838
S3,2011,0-17,
S3,2011,18-29,
S3,2011,30-65,
S3,2011,66+,31498937.45079146
S3,2011,15-26,131581067.9325227
S3,2011,27-45,158567103.80389178
S3,2011,46-65,89839570.1689918
S3,2012,00-04,
S3,2012,05-09,
S3,2012,10-14,
S3,2012,15-19,
S3,2012,20-24,
S3,2012,25-29,
S3,2012,30-34,
S3,2012,35-39,
S3,2012,40-44,
S3,2012,45-49,
S3,2012,50-54,
S3,2012,55-59,
S3,2012,60-64,
S3,2012,65-69,
S3,2012,70-74,
S3,2012,75+,
S3,2012,0-8,102322980.7976412
S3,2012,9-14,76196763.73054388
S3,2012,0-17,
S3,2012,18-29,
S3,2012,30-65,
S3,2012,66+,32371031.93003676
S3,2012,15-26,132760088.38426535
S3,2012,27-45,161906194.95484146
S3,2012,46-65,92640303.4742379
S3,2013,00-04,
S3,2013,05-09,
S3,2013,10-14,
S3,2013,15-19,
S3,2013,20-24,
S3,2013,25-29,
S3,2013,30-34,
S3,2013,35-39,
S3,2013,40-44,
S3,2013,45-49,
S3,2013,50-54,
S3,2013,55-59,
S3,2013,60-64,
S3,2013,65-69,
S3,2013,70-74,
S3,2013,75+,
S3,2013,0-8,101787178.13637258
S3,2013,9-14,76581782.92713393
S3,2013,0-17,
S3,2013,18-29,
S3,2013,30-65,
S3,2013,66+,33294965.77873055
S3,2013,15-26,133943582.99832478
S3,2013,27-45,165246537.11921188
S3,2013,46-65,95538140.09319167
S3,2014,00-04,
S3,2014,05-09,
S3,2014,10-14,
S3,2014,15-19,
S3,2014,20-24,
S3,2014,25-29,
S3,2014,30-34,
S3,2014,35-39,
S3,2014,40-44,
S3,2014,45-49,
S3,2014,50-54,
S3,2014,55-59,
S3,2014,60-64,
S3,2014,65-69,
S3,2014,70-74,
S3,2014,75+,
S3,2014,0-8,101261091.694011
S3,2014,9-14,76806362.44868538
S3,2014,0-17,
S3,2014,18-29,
S3,2014,30-65,
S3,2014,66+,34245971.356866375
S3,2014,15-26,135088398.03973287
S3,2014,27-45,168641175.75110546
S3,2014,46-65,98553313.87023062
S3,2015,00-04,
S3,2015,05-09,
S3,2015,10-14,
S3,2015,15-19,
S3,2015,20-24,
S3,2015,25-29,
S3,2015,30-34,
S3,2015,35-39,
S3,2015,40-44,
S3,2015,45-49,
S3,2015,50-54,
S3,2015,55-59,
S3,2015,60-64,
S3,2015,65-69,
S3,2015,70-74,
S3,2015,75+,
S3,2015,0-8,100530482.42863691
S3,2015,9-14,76941691.54461479
S3,2015,0-17,
S3,2015,18-29,
S3,2015,30-65,
S3,2015,66+,35548483.987468705
S3,2015,15-26,136240186.15775988
S3,2015,27-45,172188786.24991265
S3,2015,46-65,101359269.39188522
S3,2016,00-04,
S3,2016,05-09,
S3,2016,10-14,
S3,2016,15-19,
S3,2016,20-24,
S3,2016,25-29,
S3,2016,30-34,
S3,2016,35-39,
S3,2016,40-44,
S3,2016,45-49,
S3,2016,50-54,
S3,2016,55-59,
S3,2016,60-64,
S3,2016,65-69,
S3,2016,70-74,
S3,2016,75+,
S3,2016,0-8,100022761.27415305
S3,2016,9-14,76703207.08140934
S3,2016,0-17,
S3,2016,18-29,
S3,2016,30-65,
S3,2016,66+,36942001.82721202
S3,2016,15-26,137400355.02724257
S3,2016,27-45,175614349.9550196
S3,2016,46-65,104120612.15111391
S3,2017,00-04,
S3,2017,05-09,
S3,2017,10-14,
S3,2017,15-19,
S3,2017,20-24,
S3,2017,25-29,
S3,2017,30-34,
S3,2017,35-39,
S3,2017,40-44,
S3,2017,45-49,
S3,2017,50-54,
S3,2017,55-59,
S3,2017,60-64,
S3,2017,65-69,
S3,2017,70-74,
S3,2017,75+,
S3,2017,0-8,99618449.60616216
S3,2017,9-14,76084752.53612195
S3,2017,0-17,
S3,2017,18-29,
S3,2017,30-65,
S3,2017,66+,38365009.962262675
S3,2017,15-26,138547201.63785818
S3,2017,27-45,178932351.96677238
S3,2017,46-65,106802023.97485699
S3,2018,00-04,
S3,2018,05-09,
S3,2018,10-14,
S3,2018,15-19,
S3,2018,20-24,
S3,2018,25-29,
S3,2018,30-34,
S3,2018,35-39,
S3,2018,40-44,
S3,2018,45-49,
S3,2018,50-54,
S3,2018,55-59,
S3,2018,60-64,
S3,2018,65-69,
S3,2018,70-74,
S3,2018,75+,
S3,2018,0-8,99124681.4448648
S3,2018,9-14,75430519.42585415
S3,2018,0-17,
S3,2018,18-29,
S3,2018,30-65,
S3,2018,66+,39888595.00425164
S3,2018,15-26,139668520.2992128
S3,2018,27-45,182236411.85767668
S3,2018,46-65,109551577.00371513
S3,2019,00-04,
S3,2019,05-09,
S3,2019,10-14,
S3,2019,15-19,
S3,2019,20-24,
S3,2019,25-29,
S3,2019,30-34,
S3,2019,35-39,
S3,2019,40-44,
S3,2019,45-49,
S3,2019,50-54,
S3,2019,55-59,
S3,2019,60-64,
S3,2019,65-69,
S3,2019,70-74,
S3,2019,75+,
S3,2019,0-8,98791180.69856592
S3,2019,9-14,74849218.09510054
S3,2019,0-17,
S3,2019,18-29,
S3,2019,30-65,
S3,2019,66+,41479799.66073798
S3,2019,15-26,140593464.2655214
S3,2019,27-45,185405637.6491143
S3,2019,46-65,112346712.15879259
S3,2020,00-04,
S3,2020,05-09,
S3,2020,10-14,
S3,2020,15-19,
S3,2020,20-24,
S3,2020,25-29,
S3,2020,30-34,
S3,2020,35-39,
S3,2020,40-44,
S3,2020,45-49,
S3,2020,50-54,
S3,2020,55-59,
S3,2020,60-64,
S3,2020,65-69,
S3,2020,70-74,
S3,2020,75+,
S3,2020,0-8,98363763.22405747
S3,2020,9-14,74349931.81675181
S3,2020,0-17,
S3,2020,18-29,
S3,2020,30-65,
S3,2020,66+,43197419.708848566
S3,2020,15-26,141400091.32559896
S3,2020,27-45,188564359.64728087
S3,2020,46-65,115167547.27569026
S3,2021,00-04,
S3,2021,05-09,
S3,2021,10-14,
S3,2021,15-19,
S3,2021,20-24,
S3,2021,25-29,
S3,2021,30-34,
S3,2021,35-39,
S3,2021,40-44,
S3,2021,45-49,
S3,2021,50-54,
S3,2021,55-59,
S3,2021,60-64,
S3,2021,65-69,
S3,2021,70-74,
S3,2021,75+,
S3,2021,0-8,97803459.20792489
S3,2021,9-14,73932799.70352927
S3,2021,0-17,
S3,2021,18-29,
S3,2021,30-65,
S3,2021,66+,44779919.63487393
S3,2021,15-26,142158875.19464812
S3,2021,27-45,191808165.73737228
S3,2021,46-65,117899885.10978654
S3,2022,00-04,
S3,2022,05-09,
S3,2022,10-14,
S3,2022,15-19,
S3,2022,20-24,
S3,2022,25-29,
S3,2022,30-34,
S3,2022,35-39,
S3,2022,40-44,
S3,2022,45-49,
S3,2022,50-54,
S3,2022,55-59,
S3,2022,60-64,
S3,2022,65-69,
S3,2022,70-74,
S3,2022,75+,
S3,2022,0-8,97401988.29099856
S3,2022,9-14,73730835.01323396
S3,2022,0-17,
S3,2022,18-29,
S3,2022,30-65,
S3,2022,66+,45634143.68708913
S3,2022,15-26,142906318.92485756
S3,2022,27-45,195090115.8068494
S3,2022,46-65,120470102.46256694
S3,2023,00-04,
S3,2023,05-09,
S3,2023,10-14,
S3,2023,15-19,
S3,2023,20-24,
S3,2023,25-29,
S3,2023,30-34,
S3,2023,35-39,
S3,2023,40-44,
S3,2023,45-49,
S3,2023,50-54,
S3,2023,55-59,
S3,2023,60-64,
S3,2023,65-69,
S3,2023,70-74,
S3,2023,75+,
S3,2023,0-8,96901838.22271878
S3,2023,9-14,73368589.14270857
S3,2023,0-17,
S3,2023,18-29,
S3,2023,30-65,
S3,2023,66+,47471518.1394417
S3,2023,15-26,143056894.82699615
S3,2023,27-45,197882956.17006415
S3,2023,46-65,123413075.70968442
S3,2024,00-04,
S3,2024,05-09,
S3,2024,10-14,
S3,2024,15-19,
S3,2024,20-24,
S3,2024,25-29,
S3,2024,30-34,
S3,2024,35-39,
S3,2024,40-44,
S3,2024,45-49,
S3,2024,50-54,
S3,2024,55-59,
S3,2024,60-64,
S3,2024,65-69,
S3,2024,70-74,
S3,2024,75+,
S3,2024,0-8,96514370.61627404
S3,2024,9-14,72898706.45239827
S3,2024,0-17,
S3,2024,18-29,
S3,2024,30-65,
S3,2024,66+,49315650.59079808
S3,2024,15-26,143214661.94365793
S3,2024,27-45,200599426.29423317
S3,2024,46-65,126428606.33031723
S3,2025,00-04,
S3,2025,05-09,
S3,2025,10-14,
S3,2025,15-19,
S3,2025,20-24,
S3,2025,25-29,
S3,2025,30-34,
S3,2025,35-39,
S3,2025,40-44,
S3,2025,45-49,
S3,2025,50-54,
S3,2025,55-59,
S3,2025,60-64,
S3,2025,65-69,
S3,2025,70-74,
S3,2025,75+,
S3,2025,0-8,96434068.16164657
S3,2025,9-14,71977166.9439711
S3,2025,0-17,
S3,2025,18-29,
S3,2025,30-65,
S3,2025,66+,51241080.18203266
S3,2025,15-26,143317856.4918342
S3,2025,27-45,203282203.38666993
S3,2025,46-65,129605977.93686439
S3,2026,00-04,
S3,2026,05-09,
S3,2026,10-14,
S3,2026,15-19,
S3,2026,20-24,
S3,2026,25-29,
S3,2026,30-34,
S3,2026,35-39,
S3,2026,40-44,
S3,2026,45-49,
S3,2026,50-54,
S3,2026,55-59,
S3,2026,60-64,
S3,2026,65-69,
S3,2026,70-74,
S3,2026,75+,
S3,2026,0-8,96286969.1485741
S3,2026,9-14,71152728.72256659
S3,2026,0-17,
S3,2026,18-29,
S3,2026,30-65,
S3,2026,66+,53195036.24319091
S3,2026,15-26,143159016.3022849
S3,2026,27-45,205801168.7415215
S3,2026,46-65,132875284.45602651
S3,2027,00-04,
S3,2027,05-09,
S3,2027,10-14,
S3,2027,15-19,
S3,2027,20-24,
S3,2027,25-29,
S3,2027,30-34,
S3,2027,35-39,
S3,2027,40-44,
S3,2027,45-49,
S3,2027,50-54,
S3,2027,55-59,
S3,2027,60-64,
S3,2027,65-69,
S3,2027,70-74,
S3,2027,75+,
S3,2027,0-8,96014120.37488288
S3,2027,9-14,70377211.91304357
S3,2027,0-17,
S3,2027,18-29,
S3,2027,30-65,
S3,2027,66+,55146766.19374339
S3,2027,15-26,142743492.8880421
S3,2027,27-45,208087688.6655687
S3,2027,46-65,136148221.93227717
S3,2028,00-04,
S3,2028,05-09,
S3,2028,10-14,
S3,2028,15-19,
S3,2028,20-24,
S3,2028,25-29,
S3,2028,30-34,
S3,2028,35-39,
S3,2028,40-44,
S3,2028,45-49,
S3,2028,50-54,
S3,2028,55-59,
S3,2028,60-64,
S3,2028,65-69,
S3,2028,70-74,
S3,2028,75+,
S3,2028,0-8,95970631.99761026
S3,2028,9-14,69427302.89925201
S3,2028,0-17,
S3,2028,18-29,
S3,2028,30-65,
S3,2028,66+,57145541.46164942
S3,2028,15-26,142283426.4187057
S3,2028,27-45,210235180.83991358
S3,2028,46-65,139510743.00190926
S3,2029,00-04,
S3,2029,05-09,
S3,2029,10-14,
S3,2029,15-19,
S3,2029,20-24,
S3,2029,25-29,
S3,2029,30-34,
S3,2029,35-39,
S3,2029,40-44,
S3,2029,45-49,
S3,2029,50-54,
S3,2029,55-59,
S3,2029,60-64,
S3,2029,65-69,
S3,2029,70-74,
S3,2029,75+,
S3,2029,0-8,95819890.9095102
S3,2029,9-14,68737134.96716589
S3,2029,0-17,
S3,2029,18-29,
S3,2029,30-65,
S3,2029,66+,59181559.23843494
S3,2029,15-26,141733973.8306419
S3,2029,27-45,212173941.43439442
S3,2029,46-65,142997905.14275768
S3,2030,00-04,
S3,2030,05-09,
S3,2030,10-14,
S3,2030,15-19,
S3,2030,20-24,
S3,2030,25-29,
S3,2030,30-34,
S3,2030,35-39,
S3,2030,40-44,
S3,2030,45-49,
S3,2030,50-54,
S3,2030,55-59,
S3,2030,60-64,
S3,2030,65-69,
S3,2030,70-74,
S3,2030,75+,
S3,2030,0-8,95801220.108269
S3,2030,9-14,68308592.8491552
S3,2030,0-17,
S3,2030,18-29,
S3,2030,30-65,
S3,2030,66+,61265159.918049805
S3,2030,15-26,140827147.67406616
S3,2030,27-45,213898139.281113
S3,2030,46-65,146631202.97115853
S3,2031,00-04,
S3,2031,05-09,
S3,2031,10-14,
S3,2031,15-19,
S3,2031,20-24,
S3,2031,25-29,
S3,2031,30-34,
S3,2031,35-39,
S3,2031,40-44,
S3,2031,45-49,
S3,2031,50-54,
S3,2031,55-59,
S3,2031,60-64,
S3,2031,65-69,
S3,2031,70-74,
S3,2031,75+,
S3,2031,0-8,95931277.79270469
S3,2031,9-14,67574196.58314303
S3,2031,0-17,
S3,2031,18-29,
S3,2031,30-65,
S3,2031,66+,63358731.90322961
S3,2031,15-26,139984052.39295837
S3,2031,27-45,215364833.57964146
S3,2031,46-65,150317384.9881198
S3,2032,00-04,
S3,2032,05-09,
S3,2032,10-14,
S3,2032,15-19,
S3,2032,20-24,
S3,2032,25-29,
S3,2032,30-34,
S3,2032,35-39,
S3,2032,40-44,
S3,2032,45-49,
S3,2032,50-54,
S3,2032,55-59,
S3,2032,60-64,
S3,2032,65-69,
S3,2032,70-74,
S3,2032,75+,
S3,2032,0-8,95977953.5659864
S3,2032,9-14,66694701.391080484
S3,2032,0-17,
S3,2032,18-29,
S3,2032,30-65,
S3,2032,66+,65457486.4977989
S3,2032,15-26,139139150.38836277
S3,2032,27-45,216448799.30701613
S3,2032,46-65,154026803.22507972
S3,2033,00-04,
S3,2033,05-09,
S3,2033,10-14,
S3,2033,15-19,
S3,2033,20-24,
S3,2033,25-29,
S3,2033,30-34,
S3,2033,35-39,
S3,2033,40-44,
S3,2033,45-49,
S3,2033,50-54,
S3,2033,55-59,
S3,2033,60-64,
S3,2033,65-69,
S3,2033,70-74,
S3,2033,75+,
S3,2033,0-8,95958290.60170957
S3,2033,9-14,66151433.654236585
S3,2033,0-17,
S3,2033,18-29,
S3,2033,30-65,
S3,2033,66+,67633997.3085088
S3,2033,15-26,138087907.7307239
S3,2033,27-45,217428174.71585712
S3,2033,46-65,157708702.41155928
S3,2034,00-04,
S3,2034,05-09,
S3,2034,10-14,
S3,2034,15-19,
S3,2034,20-24,
S3,2034,25-29,
S3,2034,30-34,
S3,2034,35-39,
S3,2034,40-44,
S3,2034,45-49,
S3,2034,50-54,
S3,2034,55-59,
S3,2034,60-64,
S3,2034,65-69,
S3,2034,70-74,
S3,2034,75+,
S3,2034,0-8,95887256.59279412
S3,2034,9-14,65524178.97503505
S3,2034,0-17,
S3,2034,18-29,
S3,2034,30-65,
S3,2034,66+,69892400.66127712
S3,2034,15-26,137211332.0405833
S3,2034,27-45,218269122.92821658
S3,2034,46-65,161425259.3631195
S3,2035,00-04,
S3,2035,05-09,
S3,2035,10-14,
S3,2035,15-19,
S3,2035,20-24,
S3,2035,25-29,
S3,2035,30-34,
S3,2035,35-39,
S3,2035,40-44,
S3,2035,45-49,
S3,2035,50-54,
S3,2035,55-59,
S3,2035,60-64,
S3,2035,65-69,
S3,2035,70-74,
S3,2035,75+,
S3,2035,0-8,95750571.78464021
S3,2035,9-14,65120603.215988666
S3,2035,0-17,
S3,2035,18-29,
S3,2035,30-65,
S3,2035,66+,72200768.4250979
S3,2035,15-26,136158062.23910648
S3,2035,27-45,219035869.07990173
S3,2035,46-65,165195395.26581872
S3,2036,00-04,
S3,2036,05-09,
S3,2036,10-14,
S3,2036,15-19,
S3,2036,20-24,
S3,2036,25-29,
S3,2036,30-34,
S3,2036,35-39,
S3,2036,40-44,
S3,2036,45-49,
S3,2036,50-54,
S3,2036,55-59,
S3,2036,60-64,
S3,2036,65-69,
S3,2036,70-74,
S3,2036,75+,
S3,2036,0-8,95567069.33049448
S3,2036,9-14,64984394.96064096
S3,2036,0-17,
S3,2036,18-29,
S3,2036,30-65,
S3,2036,66+,74575905.06580509
S3,2036,15-26,134996173.977137
S3,2036,27-45,219664692.32048988
S3,2036,46-65,168941696.1998142
S3,2037,00-04,
S3,2037,05-09,
S3,2037,10-14,
S3,2037,15-19,
S3,2037,20-24,
S3,2037,25-29,
S3,2037,30-34,
S3,2037,35-39,
S3,2037,40-44,
S3,2037,45-49,
S3,2037,50-54,
S3,2037,55-59,
S3,2037,60-64,
S3,2037,65-69,
S3,2037,70-74,
S3,2037,75+,
S3,2037,0-8,95326099.18774137
S3,2037,9-14,64911048.5112028
S3,2037,0-17,
S3,2037,18-29,
S3,2037,30-65,
S3,2037,66+,77059101.18748134
S3,2037,15-26,133895537.48516297
S3,2037,27-45,220168790.9336004
S3,2037,46-65,172678440.5461194
S3,2038,00-04,
S3,2038,05-09,
S3,2038,10-14,
S3,2038,15-19,
S3,2038,20-24,
S3,2038,25-29,
S3,2038,30-34,
S3,2038,35-39,
S3,2038,40-44,
S3,2038,45-49,
S3,2038,50-54,
S3,2038,55-59,
S3,2038,60-64,
S3,2038,65-69,
S3,2038,70-74,
S3,2038,75+,
S3,2038,0-8,95022265.77968842
S3,2038,9-14,64826468.9875685
S3,2038,0-17,
S3,2038,18-29,
S3,2038,30-65,
S3,2038,66+,79628086.98965487
S3,2038,15-26,132899994.50952277
S3,2038,27-45,220599237.3792976
S3,2038,46-65,176367418.5061185
S3,2039,00-04,
S3,2039,05-09,
S3,2039,10-14,
S3,2039,15-19,
S3,2039,20-24,
S3,2039,25-29,
S3,2039,30-34,
S3,2039,35-39,
S3,2039,40-44,
S3,2039,45-49,
S3,2039,50-54,
S3,2039,55-59,
S3,2039,60-64,
S3,2039,65-69,
S3,2039,70-74,
S3,2039,75+,
S3,2039,0-8,94644135.73168918
S3,2039,9-14,64726689.815051645
S3,2039,0-17,
S3,2039,18-29,
S3,2039,30-65,
S3,2039,66+,82302836.42709848
S3,2039,15-26,132003806.28143719
S3,2039,27-45,220931218.30201888
S3,2039,46-65,179960018.3587808
S3,2040,00-04,
S3,2040,05-09,
S3,2040,10-14,
S3,2040,15-19,
S3,2040,20-24,
S3,2040,25-29,
S3,2040,30-34,
S3,2040,35-39,
S3,2040,40-44,
S3,2040,45-49,
S3,2040,50-54,
S3,2040,55-59,
S3,2040,60-64,
S3,2040,65-69,
S3,2040,70-74,
S3,2040,75+,
S3,2040,0-8,94177974.70764652
S3,2040,9-14,64601205.17396341
S3,2040,0-17,
S3,2040,18-29,
S3,2040,30-65,
S3,2040,66+,85053796.12570369
S3,2040,15-26,131318038.31648278
S3,2040,27-45,220987995.058637
S3,2040,46-65,183488505.0391093
S3,2041,00-04,
S3,2041,05-09,
S3,2041,10-14,
S3,2041,15-19,
S3,2041,20-24,
S3,2041,25-29,
S3,2041,30-34,
S3,2041,35-39,
S3,2041,40-44,
S3,2041,45-49,
S3,2041,50-54,
S3,2041,55-59,
S3,2041,60-64,
S3,2041,65-69,
S3,2041,70-74,
S3,2041,75+,
S3,2041,0-8,93626653.37811205
S3,2041,9-14,64472122.67782386
S3,2041,0-17,
S3,2041,18-29,
S3,2041,30-65,
S3,2041,66+,87831084.5655255
S3,2041,15-26,130582530.58419111
S3,2041,27-45,220984947.52686226
S3,2041,46-65,186938240.925745
S3,2042,00-04,
S3,2042,05-09,
S3,2042,10-14,
S3,2042,15-19,
S3,2042,20-24,
S3,2042,25-29,
S3,2042,30-34,
S3,2042,35-39,
S3,2042,40-44,
S3,2042,45-49,
S3,2042,50-54,
S3,2042,55-59,
S3,2042,60-64,
S3,2042,65-69,
S3,2042,70-74,
S3,2042,75+,
S3,2042,0-8,93000966.54903255
S3,2042,9-14,64297576.21691425
S3,2042,0-17,
S3,2042,18-29,
S3,2042,30-65,
S3,2042,66+,90699036.63419002
S3,2042,15-26,129787094.70697442
S3,2042,27-45,220902322.21667233
S3,2042,46-65,190225583.04101872
S3,2043,00-04,
S3,2043,05-09,
S3,2043,10-14,
S3,2043,15-19,
S3,2043,20-24,
S3,2043,25-29,
S3,2043,30-34,
S3,2043,35-39,
S3,2043,40-44,
S3,2043,45-49,
S3,2043,50-54,
S3,2043,55-59,
S3,2043,60-64,
S3,2043,65-69,
S3,2043,70-74,
S3,2043,75+,
S3,2043,0-8,92324863.22809316
S3,2043,9-14,64061663.638668515
S3,2043,0-17,
S3,2043,18-29,
S3,2043,30-65,
S3,2043,66+,93560984.04691704
S3,2043,15-26,129138292.31210156
S3,2043,27-45,220492700.04321474
S3,2043,46-65,193427258.23574066
S3,2044,00-04,
S3,2044,05-09,
S3,2044,10-14,
S3,2044,15-19,
S3,2044,20-24,
S3,2044,25-29,
S3,2044,30-34,
S3,2044,35-39,
S3,2044,40-44,
S3,2044,45-49,
S3,2044,50-54,
S3,2044,55-59,
S3,2044,60-64,
S3,2044,65-69,
S3,2044,70-74,
S3,2044,75+,
S3,2044,0-8,91600867.02230182
S3,2044,9-14,63778413.087869175
S3,2044,0-17,
S3,2044,18-29,
S3,2044,30-65,
S3,2044,66+,96458214.13392267
S3,2044,15-26,128417569.692739
S3,2044,27-45,219953132.2757453
S3,2044,46-65,196496041.49609408
S3,2045,00-04,
S3,2045,05-09,
S3,2045,10-14,
S3,2045,15-19,
S3,2045,20-24,
S3,2045,25-29,
S3,2045,30-34,
S3,2045,35-39,
S3,2045,40-44,
S3,2045,45-49,
S3,2045,50-54,
S3,2045,55-59,
S3,2045,60-64,
S3,2045,65-69,
S3,2045,70-74,
S3,2045,75+,
S3,2045,0-8,90846020.7204831
S3,2045,9-14,63445175.45024018
S3,2045,0-17,
S3,2045,18-29,
S3,2045,30-65,
S3,2045,66+,99440467.29039086
S3,2045,15-26,127918612.36611952
S3,2045,27-45,219017292.5017537
S3,2045,46-65,199408005.28941327
S3,2046,00-04,
S3,2046,05-09,
S3,2046,10-14,
S3,2046,15-19,
S3,2046,20-24,
S3,2046,25-29,
S3,2046,30-34,
S3,2046,35-39,
S3,2046,40-44,
S3,2046,45-49,
S3,2046,50-54,
S3,2046,55-59,
S3,2046,60-64,
S3,2046,65-69,
S3,2046,70-74,
S3,2046,75+,
S3,2046,0-8,90063027.03167456
S3,2046,9-14,63066390.590909995
S3,2046,0-17,
S3,2046,18-29,
S3,2046,30-65,
S3,2046,66+,102539090.93370555
S3,2046,15-26,127508850.66346416
S3,2046,27-45,217787060.54145527
S3,2046,46-65,202229009.94533128
S3,2047,00-04,
S3,2047,05-09,
S3,2047,10-14,
S3,2047,15-19,
S3,2047,20-24,
S3,2047,25-29,
S3,2047,30-34,
S3,2047,35-39,
S3,2047,40-44,
S3,2047,45-49,
S3,2047,50-54,
S3,2047,55-59,
S3,2047,60-64,
S3,2047,65-69,
S3,2047,70-74,
S3,2047,75+,
S3,2047,0-8,89281499.07601118
S3,2047,9-14,62655573.4703238
S3,2047,0-17,
S3,2047,18-29,
S3,2047,30-65,
S3,2047,66+,105725134.01014094
S3,2047,15-26,127050728.36928043
S3,2047,27-45,216421205.9043305
S3,2047,46-65,204982260.1390129
S3,2048,00-04,
S3,2048,05-09,
S3,2048,10-14,
S3,2048,15-19,
S3,2048,20-24,
S3,2048,25-29,
S3,2048,30-34,
S3,2048,35-39,
S3,2048,40-44,
S3,2048,45-49,
S3,2048,50-54,
S3,2048,55-59,
S3,2048,60-64,
S3,2048,65-69,
S3,2048,70-74,
S3,2048,75+,
S3,2048,0-8,88504791.19984229
S3,2048,9-14,62222040.31177426
S3,2048,0-17,
S3,2048,18-29,
S3,2048,30-65,
S3,2048,66+,108973745.09838654
S3,2048,15-26,126641912.71262738
S3,2048,27-45,214945739.28069863
S3,2048,46-65,207551423.03456467
S3,2049,00-04,
S3,2049,05-09,
S3,2049,10-14,
S3,2049,15-19,
S3,2049,20-24,
S3,2049,25-29,
S3,2049,30-34,
S3,2049,35-39,
S3,2049,40-44,
S3,2049,45-49,
S3,2049,50-54,
S3,2049,55-59,
S3,2049,60-64,
S3,2049,65-69,
S3,2049,70-74,
S3,2049,75+,
S3,2049,0-8,87748782.13213675
S3,2049,9-14,61752769.82235717
S3,2049,0-17,
S3,2049,18-29,
S3,2049,30-65,
S3,2049,66+,112310049.85853195
S3,2049,15-26,126131750.15723917
S3,2049,27-45,213581154.8897308
S3,2049,46-65,209847599.52956244
S3,2050,00-04,
S3,2050,05-09,
S3,2050,10-14,
S3,2050,15-19,
S3,2050,20-24,
S3,2050,25-29,
S3,2050,30-34,
S3,2050,35-39,
S3,2050,40-44,
S3,2050,45-49,
S3,2050,50-54,
S3,2050,55-59,
S3,2050,60-64,
S3,2050,65-69,
S3,2050,70-74,
S3,2050,75+,
S3,2050,0-8,87020398.95119055
S3,2050,9-14,61255729.78018283
S3,2050,0-17,
S3,2050,18-29,
S3,2050,30-65,
S3,2050,66+,115759585.46444224
S3,2050,15-26,125633479.69458832
S3,2050,27-45,212186773.9731703
S3,2050,46-65,211874010.35798246
S3,2051,00-04,
S3,2051,05-09,
S3,2051,10-14,
S3,2051,15-19,
S3,2051,20-24,
S3,2051,25-29,
S3,2051,30-34,
S3,2051,35-39,
S3,2051,40-44,
S3,2051,45-49,
S3,2051,50-54,
S3,2051,55-59,
S3,2051,60-64,
S3,2051,65-69,
S3,2051,70-74,
S3,2051,75+,
S3,2051,0-8,86312171.99832977
S3,2051,9-14,60748015.926177725
S3,2051,0-17,
S3,2051,18-29,
S3,2051,30-65,
S3,2051,66+,119275817.82588242
S3,2051,15-26,125188763.62098299
S3,2051,27-45,210770561.18408328
S3,2051,46-65,213629036.45927253
S3,2052,00-04,
S3,2052,05-09,
S3,2052,10-14,
S3,2052,15-19,
S3,2052,20-24,
S3,2052,25-29,
S3,2052,30-34,
S3,2052,35-39,
S3,2052,40-44,
S3,2052,45-49,
S3,2052,50-54,
S3,2052,55-59,
S3,2052,60-64,
S3,2052,65-69,
S3,2052,70-74,
S3,2052,75+,
S3,2052,0-8,85639342.1912512
S3,2052,9-14,60226167.11502605
S3,2052,0-17,
S3,2052,18-29,
S3,2052,30-65,
S3,2052,66+,122907797.24513066
S3,2052,15-26,124693995.56423403
S3,2052,27-45,209397431.28315738
S3,2052,46-65,215082524.00031692
S3,2053,00-04,
S3,2053,05-09,
S3,2053,10-14,
S3,2053,15-19,
S3,2053,20-24,
S3,2053,25-29,
S3,2053,30-34,
S3,2053,35-39,
S3,2053,40-44,
S3,2053,45-49,
S3,2053,50-54,
S3,2053,55-59,
S3,2053,60-64,
S3,2053,65-69,
S3,2053,70-74,
S3,2053,75+,
S3,2053,0-8,84997573.95892584
S3,2053,9-14,59697699.38929852
S3,2053,0-17,
S3,2053,18-29,
S3,2053,30-65,
S3,2053,66+,126522241.94952133
S3,2053,15-26,124126129.7354461
S3,2053,27-45,208095328.66889405
S3,2053,46-65,216360116.4585493
S3,2054,00-04,
S3,2054,05-09,
S3,2054,10-14,
S3,2054,15-19,
S3,2054,20-24,
S3,2054,25-29,
S3,2054,30-34,
S3,2054,35-39,
S3,2054,40-44,
S3,2054,45-49,
S3,2054,50-54,
S3,2054,55-59,
S3,2054,60-64,
S3,2054,65-69,
S3,2054,70-74,
S3,2054,75+,
S3,2054,0-8,84390170.08855942
S3,2054,9-14,59179883.22823612
S3,2054,0-17,
S3,2054,18-29,
S3,2054,30-65,
S3,2054,66+,130171820.35709882
S3,2054,15-26,123487290.82680488
S3,2054,27-45,206795846.0006987
S3,2054,46-65,217465620.87006783
S3,2055,00-04,
S3,2055,05-09,
S3,2055,10-14,
S3,2055,15-19,
S3,2055,20-24,
S3,2055,25-29,
S3,2055,30-34,
S3,2055,35-39,
S3,2055,40-44,
S3,2055,45-49,
S3,2055,50-54,
S3,2055,55-59,
S3,2055,60-64,
S3,2055,65-69,
S3,2055,70-74,
S3,2055,75+,
S3,2055,0-8,83792997.65356626
S3,2055,9-14,58673725.94888465
S3,2055,0-17,
S3,2055,18-29,
S3,2055,30-65,
S3,2055,66+,133846538.49160211
S3,2055,15-26,122768952.23017047
S3,2055,27-45,205440969.36255002
S3,2055,46-65,218463913.88815206
S3,2056,00-04,
S3,2056,05-09,
S3,2056,10-14,
S3,2056,15-19,
S3,2056,20-24,
S3,2056,25-29,
S3,2056,30-34,
S3,2056,35-39,
S3,2056,40-44,
S3,2056,45-49,
S3,2056,50-54,
S3,2056,55-59,
S3,2056,60-64,
S3,2056,65-69,
S3,2056,70-74,
S3,2056,75+,
S3,2056,0-8,83235400.5547095
S3,2056,9-14,58157967.4345693
S3,2056,0-17,
S3,2056,18-29,
S3,2056,30-65,
S3,2056,66+,137495239.37800577
S3,2056,15-26,122004213.83857346
S3,2056,27-45,204173608.07723373
S3,2056,46-65,219267398.03386366
S3,2057,00-04,
S3,2057,05-09,
S3,2057,10-14,
S3,2057,15-19,
S3,2057,20-24,
S3,2057,25-29,
S3,2057,30-34,
S3,2057,35-39,
S3,2057,40-44,
S3,2057,45-49,
S3,2057,50-54,
S3,2057,55-59,
S3,2057,60-64,
S3,2057,65-69,
S3,2057,70-74,
S3,2057,75+,
S3,2057,0-8,82713661.4491167
S3,2057,9-14,57661286.782128975
S3,2057,0-17,
S3,2057,18-29,
S3,2057,30-65,
S3,2057,66+,141154412.68394417
S3,2057,15-26,121175818.18729974
S3,2057,27-45,202927120.2655946
S3,2057,46-65,219883526.58408836
S3,2058,00-04,
S3,2058,05-09,
S3,2058,10-14,
S3,2058,15-19,
S3,2058,20-24,
S3,2058,25-29,
S3,2058,30-34,
S3,2058,35-39,
S3,2058,40-44,
S3,2058,45-49,
S3,2058,50-54,
S3,2058,55-59,
S3,2058,60-64,
S3,2058,65-69,
S3,2058,70-74,
S3,2058,75+,
S3,2058,0-8,82228740.91296498
S3,2058,9-14,57180655.623913646
S3,2058,0-17,
S3,2058,18-29,
S3,2058,30-65,
S3,2058,66+,144777110.94300443
S3,2058,15-26,120305740.19522409
S3,2058,27-45,201699556.9563847
S3,2058,46-65,220358116.96577147
S3,2059,00-04,
S3,2059,05-09,
S3,2059,10-14,
S3,2059,15-19,
S3,2059,20-24,
S3,2059,25-29,
S3,2059,30-34,
S3,2059,35-39,
S3,2059,40-44,
S3,2059,45-49,
S3,2059,50-54,
S3,2059,55-59,
S3,2059,60-64,
S3,2059,65-69,
S3,2059,70-74,
S3,2059,75+,
S3,2059,0-8,81757848.1029803
S3,2059,9-14,56719871.806114584
S3,2059,0-17,
S3,2059,18-29,
S3,2059,30-65,
S3,2059,66+,148355620.1625276
S3,2059,15-26,119397135.69762808
S3,2059,27-45,200538231.58952108
S3,2059,46-65,220646751.36827764
S3,2060,00-04,
S3,2060,05-09,
S3,2060,10-14,
S3,2060,15-19,
S3,2060,20-24,
S3,2060,25-29,
S3,2060,30-34,
S3,2060,35-39,
S3,2060,40-44,
S3,2060,45-49,
S3,2060,50-54,
S3,2060,55-59,
S3,2060,60-64,
S3,2060,65-69,
S3,2060,70-74,
S3,2060,75+,
S3,2060,0-8,81295548.36812174
S3,2060,9-14,56279333.47996311
S3,2060,0-17,
S3,2060,18-29,
S3,2060,30-65,
S3,2060,66+,151916167.12813476
S3,2060,15-26,118457516.65312448
S3,2060,27-45,199624281.1337188
S3,2060,46-65,220543946.93005854
S3,2061,00-04,
S3,2061,05-09,
S3,2061,10-14,
S3,2061,15-19,
S3,2061,20-24,
S3,2061,25-29,
S3,2061,30-34,
S3,2061,35-39,
S3,2061,40-44,
S3,2061,45-49,
S3,2061,50-54,
S3,2061,55-59,
S3,2061,60-64,
S3,2061,65-69,
S3,2061,70-74,
S3,2061,75+,
S3,2061,0-8,80838718.60958445
S3,2061,9-14,55872014.51356587
S3,2061,0-17,
S3,2061,18-29,
S3,2061,30-65,
S3,2061,66+,155433899.02727863
S3,2061,15-26,117477587.47015339
S3,2061,27-45,198617989.10649157
S3,2061,46-65,220409393.1137799
S3,2062,00-04,
S3,2062,05-09,
S3,2062,10-14,
S3,2062,15-19,
S3,2062,20-24,
S3,2062,25-29,
S3,2062,30-34,
S3,2062,35-39,
S3,2062,40-44,
S3,2062,45-49,
S3,2062,50-54,
S3,2062,55-59,
S3,2062,60-64,
S3,2062,65-69,
S3,2062,70-74,
S3,2062,75+,
S3,2062,0-8,80367746.01562487
S3,2062,9-14,55491143.096679285
S3,2062,0-17,
S3,2062,18-29,
S3,2062,30-65,
S3,2062,66+,158911246.83792898
S3,2062,15-26,116481933.36582357
S3,2062,27-45,197497206.597989
S3,2062,46-65,220240800.85461986
S3,2063,00-04,
S3,2063,05-09,
S3,2063,10-14,
S3,2063,15-19,
S3,2063,20-24,
S3,2063,25-29,
S3,2063,30-34,
S3,2063,35-39,
S3,2063,40-44,
S3,2063,45-49,
S3,2063,50-54,
S3,2063,55-59,
S3,2063,60-64,
S3,2063,65-69,
S3,2063,70-74,
S3,2063,75+,
S3,2063,0-8,79909297.05045256
S3,2063,9-14,55135276.84856935
S3,2063,0-17,
S3,2063,18-29,
S3,2063,30-65,
S3,2063,66+,162338901.67879578
S3,2063,15-26,115481560.34971793
S3,2063,27-45,196544931.49869496
S3,2063,46-65,219757499.42454046
S3,2064,00-04,
S3,2064,05-09,
S3,2064,10-14,
S3,2064,15-19,
S3,2064,20-24,
S3,2064,25-29,
S3,2064,30-34,
S3,2064,35-39,
S3,2064,40-44,
S3,2064,45-49,
S3,2064,50-54,
S3,2064,55-59,
S3,2064,60-64,
S3,2064,65-69,
S3,2064,70-74,
S3,2064,75+,
S3,2064,0-8,79444277.92414396
S3,2064,9-14,54799650.52389173
S3,2064,0-17,
S3,2064,18-29,
S3,2064,30-65,
S3,2064,66+,165722453.5570076
S3,2064,15-26,114492800.77449352
S3,2064,27-45,195464221.36923113
S3,2064,46-65,219256329.42735744
S3,2065,00-04,
S3,2065,05-09,
S3,2065,10-14,
S3,2065,15-19,
S3,2065,20-24,
S3,2065,25-29,
S3,2065,30-34,
S3,2065,35-39,
S3,2065,40-44,
S3,2065,45-49,
S3,2065,50-54,
S3,2065,55-59,
S3,2065,60-64,
S3,2065,65-69,
S3,2065,70-74,
S3,2065,75+,
S3,2065,0-8,78987348.31820947
S3,2065,9-14,54461606.533655055
S3,2065,0-17,
S3,2065,18-29,
S3,2065,30-65,
S3,2065,66+,169071229.42487818
S3,2065,15-26,113519599.54748987
S3,2065,27-45,194529412.82699746
S3,2065,46-65,218449416.3004725
S3,2066,00-04,
S3,2066,05-09,
S3,2066,10-14,
S3,2066,15-19,
S3,2066,20-24,
S3,2066,25-29,
S3,2066,30-34,
S3,2066,35-39,
S3,2066,40-44,
S3,2066,45-49,
S3,2066,50-54,
S3,2066,55-59,
S3,2066,60-64,
S3,2066,65-69,
S3,2066,70-74,
S3,2066,75+,
S3,2066,0-8,78512791.22031145
S3,2066,9-14,54136280.21665819
S3,2066,0-17,
S3,2066,18-29,
S3,2066,30-65,
S3,2066,66+,172444386.50733227
S3,2066,15-26,112556839.42348008
S3,2066,27-45,193708344.7969326
S3,2066,46-65,217309265.6638063
S3,2067,00-04,
S3,2067,05-09,
S3,2067,10-14,
S3,2067,15-19,
S3,2067,20-24,
S3,2067,25-29,
S3,2067,30-34,
S3,2067,35-39,
S3,2067,40-44,
S3,2067,45-49,
S3,2067,50-54,
S3,2067,55-59,
S3,2067,60-64,
S3,2067,65-69,
S3,2067,70-74,
S3,2067,75+,
S3,2067,0-8,78022846.78343514
S3,2067,9-14,53826614.87233178
S3,2067,0-17,
S3,2067,18-29,
S3,2067,30-65,
S3,2067,66+,175828316.25909886
S3,2067,15-26,111631396.19264814
S3,2067,27-45,192833155.64783815
S3,2067,46-65,216025228.6078605
S3,2068,00-04,
S3,2068,05-09,
S3,2068,10-14,
S3,2068,15-19,
S3,2068,20-24,
S3,2068,25-29,
S3,2068,30-34,
S3,2068,35-39,
S3,2068,40-44,
S3,2068,45-49,
S3,2068,50-54,
S3,2068,55-59,
S3,2068,60-64,
S3,2068,65-69,
S3,2068,70-74,
S3,2068,75+,
S3,2068,0-8,77508151.91307966
S3,2068,9-14,53534012.22008907
S3,2068,0-17,
S3,2068,18-29,
S3,2068,30-65,
S3,2068,66+,179089820.7411067
S3,2068,15-26,110733012.70482536
S3,2068,27-45,191916162.55853036
S3,2068,46-65,214694167.22210017
S3,2069,00-04,
S3,2069,05-09,
S3,2069,10-14,
S3,2069,15-19,
S3,2069,20-24,
S3,2069,25-29,
S3,2069,30-34,
S3,2069,35-39,
S3,2069,40-44,
S3,2069,45-49,
S3,2069,50-54,
S3,2069,55-59,
S3,2069,60-64,
S3,2069,65-69,
S3,2069,70-74,
S3,2069,75+,
S3,2069,0-8,76977825.84224208
S3,2069,9-14,53237856.50853403
S3,2069,0-17,
S3,2069,18-29,
S3,2069,30-65,
S3,2069,66+,182172530.64212224
S3,2069,15-26,109871358.04468188
S3,2069,27-45,190887030.34513536
S3,2069,46-65,213447425.55045283
S3,2070,00-04,
S3,2070,05-09,
S3,2070,10-14,
S3,2070,15-19,
S3,2070,20-24,
S3,2070,25-29,
S3,2070,30-34,
S3,2070,35-39,
S3,2070,40-44,
S3,2070,45-49,
S3,2070,50-54,
S3,2070,55-59,
S3,2070,60-64,
S3,2070,65-69,
S3,2070,70-74,
S3,2070,75+,
S3,2070,0-8,76425555.33354768
S3,2070,9-14,52953057.257244274
S3,2070,0-17,
S3,2070,18-29,
S3,2070,30-65,
S3,2070,66+,185106798.24650142
S3,2070,15-26,109031149.12807117
S3,2070,27-45,189807522.5760394
S3,2070,46-65,212208366.48771414
S3,2071,00-04,
S3,2071,05-09,
S3,2071,10-14,
S3,2071,15-19,
S3,2071,20-24,
S3,2071,25-29,
S3,2071,30-34,
S3,2071,35-39,
S3,2071,40-44,
S3,2071,45-49,
S3,2071,50-54,
S3,2071,55-59,
S3,2071,60-64,
S3,2071,65-69,
S3,2071,70-74,
S3,2071,75+,
S3,2071,0-8,75861763.58389425
S3,2071,9-14,52660151.38729891
S3,2071,0-17,
S3,2071,18-29,
S3,2071,30-65,
S3,2071,66+,187843546.7565713
S3,2071,15-26,108227836.58555222
S3,2071,27-45,188711430.12865153
S3,2071,46-65,210987535.2394419
S3,2072,00-04,
S3,2072,05-09,
S3,2072,10-14,
S3,2072,15-19,
S3,2072,20-24,
S3,2072,25-29,
S3,2072,30-34,
S3,2072,35-39,
S3,2072,40-44,
S3,2072,45-49,
S3,2072,50-54,
S3,2072,55-59,
S3,2072,60-64,
S3,2072,65-69,
S3,2072,70-74,
S3,2072,75+,
S3,2072,0-8,75300519.42134438
S3,2072,9-14,52339751.70463668
S3,2072,0-17,
S3,2072,18-29,
S3,2072,30-65,
S3,2072,66+,190408242.05684036
S3,2072,15-26,107474337.49429256
S3,2072,27-45,187552943.46636328
S3,2072,46-65,209816107.5410334
S3,2073,00-04,
S3,2073,05-09,
S3,2073,10-14,
S3,2073,15-19,
S3,2073,20-24,
S3,2073,25-29,
S3,2073,30-34,
S3,2073,35-39,
S3,2073,40-44,
S3,2073,45-49,
S3,2073,50-54,
S3,2073,55-59,
S3,2073,60-64,
S3,2073,65-69,
S3,2073,70-74,
S3,2073,75+,
S3,2073,0-8,74715015.7678307
S3,2073,9-14,52013352.010452464
S3,2073,0-17,
S3,2073,18-29,
S3,2073,30-65,
S3,2073,66+,192793416.74824524
S3,2073,15-26,106764603.9996842
S3,2073,27-45,186325550.94371045
S3,2073,46-65,208698778.93914962
S3,2074,00-04,
S3,2074,05-09,
S3,2074,10-14,
S3,2074,15-19,
S3,2074,20-24,
S3,2074,25-29,
S3,2074,30-34,
S3,2074,35-39,
S3,2074,40-44,
S3,2074,45-49,
S3,2074,50-54,
S3,2074,55-59,
S3,2074,60-64,
S3,2074,65-69,
S3,2074,70-74,
S3,2074,75+,
S3,2074,0-8,74127253.08980314
S3,2074,9-14,51678822.91339307
S3,2074,0-17,
S3,2074,18-29,
S3,2074,30-65,
S3,2074,66+,195072904.49840882
S3,2074,15-26,106080651.66876605
S3,2074,27-45,185050952.22206146
S3,2074,46-65,207574194.6653563
S3,2075,00-04,
S3,2075,05-09,
S3,2075,10-14,
S3,2075,15-19,
S3,2075,20-24,
S3,2075,25-29,
S3,2075,30-34,
S3,2075,35-39,
S3,2075,40-44,
S3,2075,45-49,
S3,2075,50-54,
S3,2075,55-59,
S3,2075,60-64,
S3,2075,65-69,
S3,2075,70-74,
S3,2075,75+,
S3,2075,0-8,73531907.49657689
S3,2075,9-14,51340791.493828535
S3,2075,0-17,
S3,2075,18-29,
S3,2075,30-65,
S3,2075,66+,197289014.75357342
S3,2075,15-26,105412090.03403242
S3,2075,27-45,183730199.93106416
S3,2075,46-65,206393294.397694
S3,2076,00-04,
S3,2076,05-09,
S3,2076,10-14,
S3,2076,15-19,
S3,2076,20-24,
S3,2076,25-29,
S3,2076,30-34,
S3,2076,35-39,
S3,2076,40-44,
S3,2076,45-49,
S3,2076,50-54,
S3,2076,55-59,
S3,2076,60-64,
S3,2076,65-69,
S3,2076,70-74,
S3,2076,75+,
S3,2076,0-8,72928841.2358096
S3,2076,9-14,50990213.41348558
S3,2076,0-17,
S3,2076,18-29,
S3,2076,30-65,
S3,2076,66+,199313426.79184383
S3,2076,15-26,104763911.28144056
S3,2076,27-45,182364210.05065843
S3,2076,46-65,205285834.35882115
S3,2077,00-04,
S3,2077,05-09,
S3,2077,10-14,
S3,2077,15-19,
S3,2077,20-24,
S3,2077,25-29,
S3,2077,30-34,
S3,2077,35-39,
S3,2077,40-44,
S3,2077,45-49,
S3,2077,50-54,
S3,2077,55-59,
S3,2077,60-64,
S3,2077,65-69,
S3,2077,70-74,
S3,2077,75+,
S3,2077,0-8,72327664.37051532
S3,2077,9-14,50644158.093529016
S3,2077,0-17,
S3,2077,18-29,
S3,2077,30-65,
S3,2077,66+,201198261.9359313
S3,2077,15-26,104118402.21430267
S3,2077,27-45,180978420.3672128
S3,2077,46-65,204194843.60019663
S3,2078,00-04,
S3,2078,05-09,
S3,2078,10-14,
S3,2078,15-19,
S3,2078,20-24,
S3,2078,25-29,
S3,2078,30-34,
S3,2078,35-39,
S3,2078,40-44,
S3,2078,45-49,
S3,2078,50-54,
S3,2078,55-59,
S3,2078,60-64,
S3,2078,65-69,
S3,2078,70-74,
S3,2078,75+,
S3,2078,0-8,71740293.06172836
S3,2078,9-14,50274527.713231675
S3,2078,0-17,
S3,2078,18-29,
S3,2078,30-65,
S3,2078,66+,202941883.26097545
S3,2078,15-26,103496727.38081485
S3,2078,27-45,179578931.2224419
S3,2078,46-65,203106358.0084571
S3,2079,00-04,
S3,2079,05-09,
S3,2079,10-14,
S3,2079,15-19,
S3,2079,20-24,
S3,2079,25-29,
S3,2079,30-34,
S3,2079,35-39,
S3,2079,40-44,
S3,2079,45-49,
S3,2079,50-54,
S3,2079,55-59,
S3,2079,60-64,
S3,2079,65-69,
S3,2079,70-74,
S3,2079,75+,
S3,2079,0-8,71156860.58344704
S3,2079,9-14,49896626.24866919
S3,2079,0-17,
S3,2079,18-29,
S3,2079,30-65,
S3,2079,66+,204500088.06387937
S3,2079,15-26,102877513.09564283
S3,2079,27-45,178177477.44349298
S3,2079,46-65,202074909.314309
S3,2080,00-04,
S3,2080,05-09,
S3,2080,10-14,
S3,2080,15-19,
S3,2080,20-24,
S3,2080,25-29,
S3,2080,30-34,
S3,2080,35-39,
S3,2080,40-44,
S3,2080,45-49,
S3,2080,50-54,
S3,2080,55-59,
S3,2080,60-64,
S3,2080,65-69,
S3,2080,70-74,
S3,2080,75+,
S3,2080,0-8,70585701.61815822
S3,2080,9-14,49496967.12312625
S3,2080,0-17,
S3,2080,18-29,
S3,2080,30-65,
S3,2080,66+,205721858.6857297
S3,2080,15-26,102266683.4840766
S3,2080,27-45,176766412.45428205
S3,2080,46-65,201262864.73689792
S3,2081,00-04,
S3,2081,05-09,
S3,2081,10-14,
S3,2081,15-19,
S3,2081,20-24,
S3,2081,25-29,
S3,2081,30-34,
S3,2081,35-39,
S3,2081,40-44,
S3,2081,45-49,
S3,2081,50-54,
S3,2081,55-59,
S3,2081,60-64,
S3,2081,65-69,
S3,2081,70-74,
S3,2081,75+,
S3,2081,0-8,70026906.77953517
S3,2081,9-14,49095050.84327624
S3,2081,0-17,
S3,2081,18-29,
S3,2081,30-65,
S3,2081,66+,206913898.95086727
S3,2081,15-26,101643121.06774634
S3,2081,27-45,175361871.78011551
S3,2081,46-65,200354265.10004905
S3,2082,00-04,
S3,2082,05-09,
S3,2082,10-14,
S3,2082,15-19,
S3,2082,20-24,
S3,2082,25-29,
S3,2082,30-34,
S3,2082,35-39,
S3,2082,40-44,
S3,2082,45-49,
S3,2082,50-54,
S3,2082,55-59,
S3,2082,60-64,
S3,2082,65-69,
S3,2082,70-74,
S3,2082,75+,
S3,2082,0-8,69464038.82831945
S3,2082,9-14,48692556.79513003
S3,2082,0-17,
S3,2082,18-29,
S3,2082,30-65,
S3,2082,66+,208094572.0106356
S3,2082,15-26,101005987.08913758
S3,2082,27-45,173987743.42940006
S3,2082,46-65,199336244.034437
S3,2083,00-04,
S3,2083,05-09,
S3,2083,10-14,
S3,2083,15-19,
S3,2083,20-24,
S3,2083,25-29,
S3,2083,30-34,
S3,2083,35-39,
S3,2083,40-44,
S3,2083,45-49,
S3,2083,50-54,
S3,2083,55-59,
S3,2083,60-64,
S3,2083,65-69,
S3,2083,70-74,
S3,2083,75+,
S3,2083,0-8,68928493.32274073
S3,2083,9-14,48287208.23303049
S3,2083,0-17,
S3,2083,18-29,
S3,2083,30-65,
S3,2083,66+,208992435.25900477
S3,2083,15-26,100353420.11506951
S3,2083,27-45,172645494.10055077
S3,2083,46-65,198468143.14522964
S3,2084,00-04,
S3,2084,05-09,
S3,2084,10-14,
S3,2084,15-19,
S3,2084,20-24,
S3,2084,25-29,
S3,2084,30-34,
S3,2084,35-39,
S3,2084,40-44,
S3,2084,45-49,
S3,2084,50-54,
S3,2084,55-59,
S3,2084,60-64,
S3,2084,65-69,
S3,2084,70-74,
S3,2084,75+,
S3,2084,0-8,68404058.09048714
S3,2084,9-14,47886031.24625112
S3,2084,0-17,
S3,2084,18-29,
S3,2084,30-65,
S3,2084,66+,209889325.88916907
S3,2084,15-26,99682195.22673206
S3,2084,27-45,171334801.28705764
S3,2084,46-65,197464926.07015988
S3,2085,00-04,
S3,2085,05-09,
S3,2085,10-14,
S3,2085,15-19,
S3,2085,20-24,
S3,2085,25-29,
S3,2085,30-34,
S3,2085,35-39,
S3,2085,40-44,
S3,2085,45-49,
S3,2085,50-54,
S3,2085,55-59,
S3,2085,60-64,
S3,2085,65-69,
S3,2085,70-74,
S3,2085,75+,
S3,2085,0-8,67895726.35147338
S3,2085,9-14,47496920.75307632
S3,2085,0-17,
S3,2085,18-29,
S3,2085,30-65,
S3,2085,66+,210537080.49687353
S3,2085,15-26,98994711.55340771
S3,2085,27-45,170052011.9246093
S3,2085,46-65,196589504.78080678
S3,2086,00-04,
S3,2086,05-09,
S3,2086,10-14,
S3,2086,15-19,
S3,2086,20-24,
S3,2086,25-29,
S3,2086,30-34,
S3,2086,35-39,
S3,2086,40-44,
S3,2086,45-49,
S3,2086,50-54,
S3,2086,55-59,
S3,2086,60-64,
S3,2086,65-69,
S3,2086,70-74,
S3,2086,75+,
S3,2086,0-8,67404099.04389472
S3,2086,9-14,47103675.78840225
S3,2086,0-17,
S3,2086,18-29,
S3,2086,30-65,
S3,2086,66+,210965748.34195158
S3,2086,15-26,98289288.82680681
S3,2086,27-45,168789000.30738533
S3,2086,46-65,195817240.18625534
S3,2087,00-04,
S3,2087,05-09,
S3,2087,10-14,
S3,2087,15-19,
S3,2087,20-24,
S3,2087,25-29,
S3,2087,30-34,
S3,2087,35-39,
S3,2087,40-44,
S3,2087,45-49,
S3,2087,50-54,
S3,2087,55-59,
S3,2087,60-64,
S3,2087,65-69,
S3,2087,70-74,
S3,2087,75+,
S3,2087,0-8,66931181.74147344
S3,2087,9-14,46711067.26585206
S3,2087,0-17,
S3,2087,18-29,
S3,2087,30-65,
S3,2087,66+,211339064.6835209
S3,2087,15-26,97575510.1484425
S3,2087,27-45,167562513.31349587
S3,2087,46-65,194980772.69974846
S3,2088,00-04,
S3,2088,05-09,
S3,2088,10-14,
S3,2088,15-19,
S3,2088,20-24,
S3,2088,25-29,
S3,2088,30-34,
S3,2088,35-39,
S3,2088,40-44,
S3,2088,45-49,
S3,2088,50-54,
S3,2088,55-59,
S3,2088,60-64,
S3,2088,65-69,
S3,2088,70-74,
S3,2088,75+,
S3,2088,0-8,66473240.63217181
S3,2088,9-14,46341470.20591229
S3,2088,0-17,
S3,2088,18-29,
S3,2088,30-65,
S3,2088,66+,211640434.5150711
S3,2088,15-26,96839343.42072211
S3,2088,27-45,166390826.14948374
S3,2088,46-65,194101317.0610201
S3,2089,00-04,
S3,2089,05-09,
S3,2089,10-14,
S3,2089,15-19,
S3,2089,20-24,
S3,2089,25-29,
S3,2089,30-34,
S3,2089,35-39,
S3,2089,40-44,
S3,2089,45-49,
S3,2089,50-54,
S3,2089,55-59,
S3,2089,60-64,
S3,2089,65-69,
S3,2089,70-74,
S3,2089,75+,
S3,2089,0-8,66033472.6675644
S3,2089,9-14,45972621.48976634
S3,2089,0-17,
S3,2089,18-29,
S3,2089,30-65,
S3,2089,66+,211933971.68266422
S3,2089,15-26,96092589.28815061
S3,2089,27-45,165245645.0770764
S3,2089,46-65,193116193.93088442
S3,2090,00-04,
S3,2090,05-09,
S3,2090,10-14,
S3,2090,15-19,
S3,2090,20-24,
S3,2090,25-29,
S3,2090,30-34,
S3,2090,35-39,
S3,2090,40-44,
S3,2090,45-49,
S3,2090,50-54,
S3,2090,55-59,
S3,2090,60-64,
S3,2090,65-69,
S3,2090,70-74,
S3,2090,75+,
S3,2090,0-8,65607828.90347286
S3,2090,9-14,45610171.4212798
S3,2090,0-17,
S3,2090,18-29,
S3,2090,30-65,
S3,2090,66+,212182545.5324541
S3,2090,15-26,95333935.68620238
S3,2090,27-45,164129007.5373931
S3,2090,46-65,192078822.25998113
S3,2091,00-04,
S3,2091,05-09,
S3,2091,10-14,
S3,2091,15-19,
S3,2091,20-24,
S3,2091,25-29,
S3,2091,30-34,
S3,2091,35-39,
S3,2091,40-44,
S3,2091,45-49,
S3,2091,50-54,
S3,2091,55-59,
S3,2091,60-64,
S3,2091,65-69,
S3,2091,70-74,
S3,2091,75+,
S3,2091,0-8,65182402.62427259
S3,2091,9-14,45266679.701732025
S3,2091,0-17,
S3,2091,18-29,
S3,2091,30-65,
S3,2091,66+,212360725.46592602
S3,2091,15-26,94560620.9072136
S3,2091,27-45,163036983.21774027
S3,2091,46-65,191019066.1517881
S3,2092,00-04,
S3,2092,05-09,
S3,2092,10-14,
S3,2092,15-19,
S3,2092,20-24,
S3,2092,25-29,
S3,2092,30-34,
S3,2092,35-39,
S3,2092,40-44,
S3,2092,45-49,
S3,2092,50-54,
S3,2092,55-59,
S3,2092,60-64,
S3,2092,65-69,
S3,2092,70-74,
S3,2092,75+,
S3,2092,0-8,64774798.95839191
S3,2092,9-14,44921712.97811001
S3,2092,0-17,
S3,2092,18-29,
S3,2092,30-65,
S3,2092,66+,212519825.86348796
S3,2092,15-26,93791094.40544938
S3,2092,27-45,161965276.47456273
S3,2092,46-65,189899450.0581843
S3,2093,00-04,
S3,2093,05-09,
S3,2093,10-14,
S3,2093,15-19,
S3,2093,20-24,
S3,2093,25-29,
S3,2093,30-34,
S3,2093,35-39,
S3,2093,40-44,
S3,2093,45-49,
S3,2093,50-54,
S3,2093,55-59,
S3,2093,60-64,
S3,2093,65-69,
S3,2093,70-74,
S3,2093,75+,
S3,2093,0-8,64366192.003241085
S3,2093,9-14,44589421.24983399
S3,2093,0-17,
S3,2093,18-29,
S3,2093,30-65,
S3,2093,66+,212668810.8007123
S3,2093,15-26,93031025.92738536
S3,2093,27-45,160925523.98825818
S3,2093,46-65,188715690.87529352
S3,2094,00-04,
S3,2094,05-09,
S3,2094,10-14,
S3,2094,15-19,
S3,2094,20-24,
S3,2094,25-29,
S3,2094,30-34,
S3,2094,35-39,
S3,2094,40-44,
S3,2094,45-49,
S3,2094,50-54,
S3,2094,55-59,
S3,2094,60-64,
S3,2094,65-69,
S3,2094,70-74,
S3,2094,75+,
S3,2094,0-8,63947121.21409628
S3,2094,9-14,44271664.9294171
S3,2094,0-17,
S3,2094,18-29,
S3,2094,30-65,
S3,2094,66+,212801957.8898231
S3,2094,15-26,92266661.87073168
S3,2094,27-45,159889172.41172713
S3,2094,46-65,187484808.19784728
S3,2095,00-04,
S3,2095,05-09,
S3,2095,10-14,
S3,2095,15-19,
S3,2095,20-24,
S3,2095,25-29,
S3,2095,30-34,
S3,2095,35-39,
S3,2095,40-44,
S3,2095,45-49,
S3,2095,50-54,
S3,2095,55-59,
S3,2095,60-64,
S3,2095,65-69,
S3,2095,70-74,
S3,2095,75+,
S3,2095,0-8,63526702.39551507
S3,2095,9-14,43967260.709045574
S3,2095,0-17,
S3,2095,18-29,
S3,2095,30-65,
S3,2095,66+,212927013.22563052
S3,2095,15-26,91510151.80379334
S3,2095,27-45,158852560.8782776
S3,2095,46-65,186212730.01016885
S3,2096,00-04,
S3,2096,05-09,
S3,2096,10-14,
S3,2096,15-19,
S3,2096,20-24,
S3,2096,25-29,
S3,2096,30-34,
S3,2096,35-39,
S3,2096,40-44,
S3,2096,45-49,
S3,2096,50-54,
S3,2096,55-59,
S3,2096,60-64,
S3,2096,65-69,
S3,2096,70-74,
S3,2096,75+,
S3,2096,0-8,63100406.56222307
S3,2096,9-14,43666680.60727385
S3,2096,0-17,
S3,2096,18-29,
S3,2096,30-65,
S3,2096,66+,213045787.99753946
S3,2096,15-26,90767571.7366986
S3,2096,27-45,157820796.81319785
S3,2096,46-65,184902979.13104522
S3,2097,00-04,
S3,2097,05-09,
S3,2097,10-14,
S3,2097,15-19,
S3,2097,20-24,
S3,2097,25-29,
S3,2097,30-34,
S3,2097,35-39,
S3,2097,40-44,
S3,2097,45-49,
S3,2097,50-54,
S3,2097,55-59,
S3,2097,60-64,
S3,2097,65-69,
S3,2097,70-74,
S3,2097,75+,
S3,2097,0-8,62670746.682603575
S3,2097,9-14,43390639.24703752
S3,2097,0-17,
S3,2097,18-29,
S3,2097,30-65,
S3,2097,66+,213151835.6800169
S3,2097,15-26,90021801.05925032
S3,2097,27-45,156791309.096142
S3,2097,46-65,183576057.05013382
S3,2098,00-04,
S3,2098,05-09,
S3,2098,10-14,
S3,2098,15-19,
S3,2098,20-24,
S3,2098,25-29,
S3,2098,30-34,
S3,2098,35-39,
S3,2098,40-44,
S3,2098,45-49,
S3,2098,50-54,
S3,2098,55-59,
S3,2098,60-64,
S3,2098,65-69,
S3,2098,70-74,
S3,2098,75+,
S3,2098,0-8,62235052.256832495
S3,2098,9-14,43116919.04125235
S3,2098,0-17,
S3,2098,18-29,
S3,2098,30-65,
S3,2098,66+,213227990.64456555
S3,2098,15-26,89304866.75501697
S3,2098,27-45,155758145.02439362
S3,2098,46-65,182239946.6521019
S3,2099,00-04,
S3,2099,05-09,
S3,2099,10-14,
S3,2099,15-19,
S3,2099,20-24,
S3,2099,25-29,
S3,2099,30-34,
S3,2099,35-39,
S3,2099,40-44,
S3,2099,45-49,
S3,2099,50-54,
S3,2099,55-59,
S3,2099,60-64,
S3,2099,65-69,
S3,2099,70-74,
S3,2099,75+,
S3,2099,0-8,61784338.09345113
S3,2099,9-14,42849063.47997503
S3,2099,0-17,
S3,2099,18-29,
S3,2099,30-65,
S3,2099,66+,213288913.87073886
S3,2099,15-26,88599070.3357364
S3,2099,27-45,154711158.8223599
S3,2099,46-65,180900340.56103987
S3,2100,00-04,
S3,2100,05-09,
S3,2100,10-14,
S3,2100,15-19,
S3,2100,20-24,
S3,2100,25-29,
S3,2100,30-34,
S3,2100,35-39,
S3,2100,40-44,
S3,2100,45-49,
S3,2100,50-54,
S3,2100,55-59,
S3,2100,60-64,
S3,2100,65-69,
S3,2100,70-74,
S3,2100,75+,
S3,2100,0-8,61335637.22692922
S3,2100,9-14,42585886.36860814
S3,2100,0-17,
S3,2100,18-29,
S3,2100,30-65,
S3,2100,66+,213333946.2684762
S3,2100,15-26,87916646.45954436
S3,2100,27-45,153662206.75441286
S3,2100,46-65,179552695.02533203
