scheme,year,band,females
S0,1950,00-04,24694668.4621128
S0,1950,05-09,19654381.27507922
S0,1950,10-14,18596033.44359268
S0,1950,15-19,16659794.442496419
S0,1950,20-24,14592569.020874128
S0,1950,25-29,12832909.62088658
S0,1950,30-34,11443040.17045733
S0,1950,35-39,10003466.73737686
S0,1950,40-44,8735326.058504706
S0,1950,45-49,6882738.65842616
S0,1950,50-54,6051233.247535274
S0,1950,55-59,4206953.869285121
S0,1950,60-64,3752303.4448475195
S0,1950,65-69,2063501.3948209812
S0,1950,70-74,1618193.733198231
S0,1950,75+,1581319.8074493995
S0,1950,0-8,
S0,1950,9-14,
S0,1950,0-17,
S0,1950,18-29,
S0,1950,30-65,
S0,1950,66+,
S0,1950,15-26,
S0,1950,27-45,
S0,1950,46-65,
S0,1951,00-04,25729316.911728762
S0,1951,05-09,19942810.93604979
S0,1951,10-14,18745684.03575092
S0,1951,15-19,16945557.5819275
S0,1951,20-24,14874550.669146461
S0,1951,25-29,13035534.19921096
S0,1951,30-34,11615750.722241027
S0,1951,35-39,10142155.66953764
S0,1951,40-44,8963628.749274597
S0,1951,45-49,7034090.865024462
S0,1951,50-54,6235673.845482532
S0,1951,55-59,4315036.43006249
S0,1951,60-64,3846416.2138753887
S0,1951,65-69,2176374.42627954
S0,1951,70-74,1606493.878066129
S0,1951,75+,1584315.3378693194
S0,1951,0-8,
S0,1951,9-14,
S0,1951,0-17,
S0,1951,18-29,
S0,1951,30-65,
S0,1951,66+,
S0,1951,15-26,
S0,1951,27-45,
S0,1951,46-65,
S0,1952,00-04,26810428.80265086
S0,1952,05-09,20315893.96772347
S0,1952,10-14,18837094.26612554
S0,1952,15-19,17251250.68827966
S0,1952,20-24,15185982.64847534
S0,1952,25-29,13262512.30893251
S0,1952,30-34,11790818.86078383
S0,1952,35-39,10304559.46806346
S0,1952,40-44,9135622.548904749
S0,1952,45-49,7284132.335697055
S0,1952,50-54,6304240.340955511
S0,1952,55-59,4551113.912471991
S0,1952,60-64,3829732.4716912457
S0,1952,65-69,2387986.331511086
S0,1952,70-74,1552220.070352282
S0,1952,75+,1603752.8337099208
S0,1952,0-8,
S0,1952,9-14,
S0,1952,0-17,
S0,1952,18-29,
S0,1952,30-65,
S0,1952,66+,
S0,1952,15-26,
S0,1952,27-45,
S0,1952,46-65,
S0,1953,00-04,27991622.06043897
S0,1953,05-09,20735781.341607884
S0,1953,10-14,18897043.28195884
S0,1953,15-19,17562273.82781604
S0,1953,20-24,15513530.9638406
S0,1953,25-29,13507063.878482888
S0,1953,30-34,11964775.106636573
S0,1953,35-39,10488655.51055989
S0,1953,40-44,9254204.548518619
S0,1953,45-49,7605649.243674969
S0,1953,50-54,6291842.975081312
S0,1953,55-59,4896707.669135545
S0,1953,60-64,3717655.3729347326
S0,1953,65-69,2657211.619535636
S0,1953,70-74,1493559.5932992552
S0,1953,75+,1628914.1549118145
S0,1953,0-8,
S0,1953,9-14,
S0,1953,0-17,
S0,1953,18-29,
S0,1953,30-65,
S0,1953,66+,
S0,1953,15-26,
S0,1953,27-45,
S0,1953,46-65,
S0,1954,00-04,29299988.08020514
S0,1954,05-09,21138282.03411839
S0,1954,10-14,18982626.55336889
S0,1954,15-19,17827534.29356287
S0,1954,20-24,15826752.81062507
S0,1954,25-29,13751867.15623869
S0,1954,30-34,12132030.92816874
S0,1954,35-39,10671231.63416551
S0,1954,40-44,9350783.118488299
S0,1954,45-49,7934704.683223098
S0,1954,50-54,6275875.668727147
S0,1954,55-59,5242578.970156789
S0,1954,60-64,3616109.8371195
S0,1954,65-69,2904848.6770959967
S0,1954,70-74,1466987.184549441
S0,1954,75+,1648271.556309458
S0,1954,0-8,
S0,1954,9-14,
S0,1954,0-17,
S0,1954,18-29,
S0,1954,30-65,
S0,1954,66+,
S0,1954,15-26,
S0,1954,27-45,
S0,1954,46-65,
S0,1955,00-04,30246714.40649385
S0,1955,05-09,22028378.542418513
S0,1955,10-14,19175868.445678994
S0,1955,15-19,18026788.76884415
S0,1955,20-24,16143678.341259988
S0,1955,25-29,14029756.18133145
S0,1955,30-34,12328580.155494552
S0,1955,35-39,10852523.95337922
S0,1955,40-44,9480519.976944543
S0,1955,45-49,8200084.54965277
S0,1955,50-54,6363327.20479484
S0,1955,55-59,5479693.552192749
S0,1955,60-64,3644403.5693190484
S0,1955,65-69,3045402.314333075
S0,1955,70-74,1517787.037745956
S0,1955,75+,1654249.5115314387
S0,1955,0-8,
S0,1955,9-14,
S0,1955,0-17,
S0,1955,18-29,
S0,1955,30-65,
S0,1955,66+,
S0,1955,15-26,
S0,1955,27-45,
S0,1955,46-65,
S0,1956,00-04,31143317.221774988
S0,1956,05-09,23013600.7080153
S0,1956,10-14,19464351.66772673
S0,1956,15-19,18180257.035663992
S0,1956,20-24,16434693.581057917
S0,1956,25-29,14318448.031214599
S0,1956,30-34,12539403.231718589
S0,1956,35-39,11030461.78409101
S0,1956,40-44,9623440.162449408
S0,1956,45-49,8423359.68527932
S0,1956,50-54,6511966.788168069
S0,1956,55-59,5652689.638721082
S0,1956,60-64,3747918.525115098
S0,1956,65-69,3125245.3940968476
S0,1956,70-74,1610023.097377733
S0,1956,75+,1656899.6901204688
S0,1956,0-8,
S0,1956,9-14,
S0,1956,0-17,
S0,1956,18-29,
S0,1956,30-65,
S0,1956,66+,
S0,1956,15-26,
S0,1956,27-45,
S0,1956,46-65,
S0,1957,00-04,32004520.032712407
S0,1957,05-09,24067811.21544157
S0,1957,10-14,19836072.02507944
S0,1957,15-19,18279773.79483423
S0,1957,20-24,16743926.90027964
S0,1957,25-29,14629838.834807118
S0,1957,30-34,12767628.63333952
S0,1957,35-39,11206343.491823802
S0,1957,40-44,9786139.103773085
S0,1957,45-49,8592434.988716112
S0,1957,50-54,6751006.744157737
S0,1957,55-59,5720849.475885436
S0,1957,60-64,3962286.680005315
S0,1957,65-69,3116096.393206288
S0,1957,70-74,1774221.98540525
S0,1957,75+,1640736.8559993359
S0,1957,0-8,
S0,1957,9-14,
S0,1957,0-17,
S0,1957,18-29,
S0,1957,30-65,
S0,1957,66+,
S0,1957,15-26,
S0,1957,27-45,
S0,1957,46-65,
S0,1958,00-04,32795186.249550804
S0,1958,05-09,25218099.11363939
S0,1958,10-14,20247406.05123298
S0,1958,15-19,18324681.16380533
S0,1958,20-24,17016287.14304384
S0,1958,25-29,14916027.404743142
S0,1958,30-34,12981958.71564319
S0,1958,35-39,11360465.667774837
S0,1958,40-44,9955891.580043366
S0,1958,45-49,8702804.726926642
S0,1958,50-54,7050542.106905015
S0,1958,55-59,5712789.800296858
S0,1958,60-64,4268319.966675065
S0,1958,65-69,3029187.270975472
S0,1958,70-74,1979103.92199619
S0,1958,75+,1624423.5709169162
S0,1958,0-8,
S0,1958,9-14,
S0,1958,0-17,
S0,1958,18-29,
S0,1958,30-65,
S0,1958,66+,
S0,1958,15-26,
S0,1958,27-45,
S0,1958,46-65,
S0,1959,00-04,33521060.43984037
S0,1959,05-09,26511775.71852438
S0,1959,10-14,20654615.67231745
S0,1959,15-19,18430847.59757136
S0,1959,20-24,17305703.24643907
S0,1959,25-29,15250573.00930104
S0,1959,30-34,13244386.26395317
S0,1959,35-39,11540772.52568705
S0,1959,40-44,10145594.71121106
S0,1959,45-49,8806505.570202528
S0,1959,50-54,7365997.55747468
S0,1959,55-59,5708164.642154547
S0,1959,60-64,4577431.981763467
S0,1959,65-69,2955483.736939466
S0,1959,70-74,2167367.440931907
S0,1959,75+,1626507.7673632917
S0,1959,0-8,
S0,1959,9-14,
S0,1959,0-17,
S0,1959,18-29,
S0,1959,30-65,
S0,1959,66+,
S0,1959,15-26,
S0,1959,27-45,
S0,1959,46-65,
S0,1960,00-04,34190030.15038795
S0,1960,05-09,27436482.351015925
S0,1960,10-14,21529961.33082566
S0,1960,15-19,18628122.82661412
S0,1960,20-24,17507786.60268318
S0,1960,25-29,15562576.200808387
S0,1960,30-34,13517295.594963757
S0,1960,35-39,11733521.17155234
S0,1960,40-44,10323634.04246602
S0,1960,45-49,8934216.605826255
S0,1960,50-54,7617507.530202232
S0,1960,55-59,5794553.362883748
S0,1960,60-64,4788859.012115949
S0,1960,65-69,2987544.010375981
S0,1960,70-74,2273294.426195804
S0,1960,75+,1669827.415067236
S0,1960,0-8,
S0,1960,9-14,
S0,1960,0-17,
S0,1960,18-29,
S0,1960,30-65,
S0,1960,66+,
S0,1960,15-26,
S0,1960,27-45,
S0,1960,46-65,
S0,1961,00-04,34888635.69635677
S0,1961,05-09,28315343.35567297
S0,1961,10-14,22500294.116540685
S0,1961,15-19,18919425.97387869
S0,1961,20-24,17670218.391955063
S0,1961,25-29,15855812.005703632
S0,1961,30-34,13805594.861218167
S0,1961,35-39,11943120.7185284
S0,1961,40-44,10500567.65846022
S0,1961,45-49,9075591.742368419
S0,1961,50-54,7830680.166762479
S0,1961,55-59,5937244.035645077
S0,1961,60-64,4944313.49586356
S0,1961,65-69,3081781.885030204
S0,1961,70-74,2333534.235137325
S0,1961,75+,1737060.508711238
S0,1961,0-8,
S0,1961,9-14,
S0,1961,0-17,
S0,1961,18-29,
S0,1961,30-65,
S0,1961,66+,
S0,1961,15-26,
S0,1961,27-45,
S0,1961,46-65,
S0,1962,00-04,35589612.07998277
S0,1962,05-09,29164449.422771376
S0,1962,10-14,23541483.95031708
S0,1962,15-19,19290593.106547955
S0,1962,20-24,17787638.9107444
S0,1962,25-29,16173753.06165424
S0,1962,30-34,14117583.531881891
S0,1962,35-39,12170657.980993561
S0,1962,40-44,10677039.13427223
S0,1962,45-49,9238212.391556762
S0,1962,50-54,7993860.043424718
S0,1962,55-59,6159867.859419191
S0,1962,60-64,5010328.780542624
S0,1962,65-69,3265687.422481543
S0,1962,70-74,2327843.029896033
S0,1962,75+,1837417.1711278837
S0,1962,0-8,
S0,1962,9-14,
S0,1962,0-17,
S0,1962,18-29,
S0,1962,30-65,
S0,1962,66+,
S0,1962,15-26,
S0,1962,27-45,
S0,1962,46-65,
S0,1963,00-04,36283793.74574621
S0,1963,05-09,29967970.363581464
S0,1963,10-14,24685965.0807241
S0,1963,15-19,19680624.996775366
S0,1963,20-24,17853385.62448513
S0,1963,25-29,16480755.67783605
S0,1963,30-34,14427118.901007831
S0,1963,35-39,12403433.653672097
S0,1963,40-44,10847017.83198961
S0,1963,45-49,9420525.532295253
S0,1963,50-54,8108253.228541591
S0,1963,55-59,6435990.778844317
S0,1963,60-64,5016559.418018652
S0,1963,65-69,3522508.1462919144
S0,1963,70-74,2266785.634906463
S0,1963,75+,1962174.96531208
S0,1963,0-8,
S0,1963,9-14,
S0,1963,0-17,
S0,1963,18-29,
S0,1963,30-65,
S0,1963,66+,
S0,1963,15-26,
S0,1963,27-45,
S0,1963,46-65,
S0,1964,00-04,36999180.75736894
S0,1964,05-09,30710385.55117371
S0,1964,10-14,25973476.905809067
S0,1964,15-19,20054464.35680496
S0,1964,20-24,17957169.14950415
S0,1964,25-29,16769658.97477421
S0,1964,30-34,14746169.93121721
S0,1964,35-39,12657317.06001625
S0,1964,40-44,11027501.2142868
S0,1964,45-49,9616570.696868345
S0,1964,50-54,8210530.426388889
S0,1964,55-59,6717072.025613289
S0,1964,60-64,5027868.87949115
S0,1964,65-69,3775988.763310898
S0,1964,70-74,2216946.092240532
S0,1964,75+,2082861.0017148948
S0,1964,0-8,
S0,1964,9-14,
S0,1964,0-17,
S0,1964,18-29,
S0,1964,30-65,
S0,1964,66+,
S0,1964,15-26,
S0,1964,27-45,
S0,1964,46-65,
S0,1965,00-04,37725943.25565689
S0,1965,05-09,31403843.86288792
S0,1965,10-14,26904594.31408305
S0,1965,15-19,20869357.21392293
S0,1965,20-24,18149870.07130589
S0,1965,25-29,16982944.69607402
S0,1965,30-34,15047543.374046188
S0,1965,35-39,12925981.07200567
S0,1965,40-44,11224665.42892251
S0,1965,45-49,9808414.608548997
S0,1965,50-54,8336010.16534422
S0,1965,55-59,6934262.873557876
S0,1965,60-64,5123126.605906684
S0,1965,65-69,3944678.121895332
S0,1965,70-74,2247575.7662233803
S0,1965,75+,2169824.5921049006
S0,1965,0-8,
S0,1965,9-14,
S0,1965,0-17,
S0,1965,18-29,
S0,1965,30-65,
S0,1965,66+,
S0,1965,15-26,
S0,1965,27-45,
S0,1965,46-65,
S0,1966,00-04,38234818.77408828
S0,1966,05-09,32101497.24272557
S0,1966,10-14,27784601.6836505
S0,1966,15-19,21756715.204742596
S0,1966,20-24,18425956.04624074
S0,1966,25-29,17151907.20269359
S0,1966,30-34,15320872.55276977
S0,1966,35-39,13203298.75822754
S0,1966,40-44,11434155.706867062
S0,1966,45-49,9998807.859293744
S0,1966,50-54,8468092.669183781
S0,1966,55-59,7103588.815633269
S0,1966,60-64,5264491.957876223
S0,1966,65-69,4055631.047075941
S0,1966,70-74,2319038.495032822
S0,1966,75+,2230452.7282576687
S0,1966,0-8,
S0,1966,9-14,
S0,1966,0-17,
S0,1966,18-29,
S0,1966,30-65,
S0,1966,66+,
S0,1966,15-26,
S0,1966,27-45,
S0,1966,46-65,
S0,1967,00-04,38674526.27900685
S0,1967,05-09,32814089.790005457
S0,1967,10-14,28633591.029960204
S0,1967,15-19,22686366.22774077
S0,1967,20-24,18764084.09177598
S0,1967,25-29,17253966.35212749
S0,1967,30-34,15592903.166621912
S0,1967,35-39,13490359.70500521
S0,1967,40-44,11653889.55308914
S0,1967,45-49,10188047.64209546
S0,1967,50-54,8614766.740405574
S0,1967,55-59,7219859.05196453
S0,1967,60-64,5480456.608888565
S0,1967,65-69,4088120.841504935
S0,1967,70-74,2456695.5891408604
S0,1967,75+,2266999.1656281035
S0,1967,0-8,
S0,1967,9-14,
S0,1967,0-17,
S0,1967,18-29,
S0,1967,30-65,
S0,1967,66+,
S0,1967,15-26,
S0,1967,27-45,
S0,1967,46-65,
S0,1968,00-04,39076358.38363532
S0,1968,05-09,33553901.428337783
S0,1968,10-14,29441102.115273867
S0,1968,15-19,23722510.20074318
S0,1968,20-24,19186459.15283092
S0,1968,25-29,17365646.90719468
S0,1968,30-34,15892882.04435703
S0,1968,35-39,13807667.77275173
S0,1968,40-44,11900222.697154962
S0,1968,45-49,10387374.825955437
S0,1968,50-54,8783035.965372123
S0,1968,55-59,7291197.6170654
S0,1968,60-64,5753964.735879616
S0,1968,65-69,4068959.36305117
S0,1968,70-74,2647544.887021767
S0,1968,75+,2282033.8851095783
S0,1968,0-8,
S0,1968,9-14,
S0,1968,0-17,
S0,1968,18-29,
S0,1968,30-65,
S0,1968,66+,
S0,1968,15-26,
S0,1968,27-45,
S0,1968,46-65,
S0,1969,00-04,39565300.14814071
S0,1969,05-09,34342168.24755601
S0,1969,10-14,30185159.20888409
S0,1969,15-19,24842260.8336082
S0,1969,20-24,19545527.98723105
S0,1969,25-29,17457109.31723908
S0,1969,30-34,16125624.92843529
S0,1969,35-39,14108979.31189304
S0,1969,40-44,12152787.88687446
S0,1969,45-49,10592380.10135236
S0,1969,50-54,8956982.751501985
S0,1969,55-59,7347695.444036892
S0,1969,60-64,6043265.540588601
S0,1969,65-69,4054523.027889753
S0,1969,70-74,2839053.97165277
S0,1969,75+,2310133.771733491
S0,1969,0-8,
S0,1969,9-14,
S0,1969,0-17,
S0,1969,18-29,
S0,1969,30-65,
S0,1969,66+,
S0,1969,15-26,
S0,1969,27-45,
S0,1969,46-65,
S0,1970,00-04,40004628.33210389
S0,1970,05-09,35153673.04750635
S0,1970,10-14,30877756.821022097
S0,1970,15-19,25613068.11698971
S0,1970,20-24,20373473.58690662
S0,1970,25-29,17657251.81837672
S0,1970,30-34,16292997.899316058
S0,1970,35-39,14404991.511817288
S0,1970,40-44,12427514.674997687
S0,1970,45-49,10820680.27175117
S0,1970,50-54,9124605.909917705
S0,1970,55-59,7421214.66992202
S0,1970,60-64,6284599.513932079
S0,1970,65-69,4103400.1092895996
S0,1970,70-74,2967202.0268234345
S0,1970,75+,2371237.9060676442
S0,1970,0-8,
S0,1970,9-14,
S0,1970,0-17,
S0,1970,18-29,
S0,1970,30-65,
S0,1970,66+,
S0,1970,15-26,
S0,1970,27-45,
S0,1970,46-65,
S0,1971,00-04,40496057.97110565
S0,1971,05-09,35917944.29206175
S0,1971,10-14,31601270.32753913
S0,1971,15-19,26372910.32159774
S0,1971,20-24,21376667.371937905
S0,1971,25-29,18023383.31558632
S0,1971,30-34,16470756.34898508
S0,1971,35-39,14716823.301888512
S0,1971,40-44,12739998.90225689
S0,1971,45-49,11083666.538344849
S0,1971,50-54,9300166.17026367
S0,1971,55-59,7506877.342891413
S0,1971,60-64,6501338.1162337
S0,1971,65-69,4191780.820886148
S0,1971,70-74,3060247.90410703
S0,1971,75+,2452589.3949337793
S0,1971,0-8,
S0,1971,9-14,
S0,1971,0-17,
S0,1971,18-29,
S0,1971,30-65,
S0,1971,66+,
S0,1971,15-26,
S0,1971,27-45,
S0,1971,46-65,
S0,1972,00-04,41013994.60287454
S0,1972,05-09,36665791.52707394
S0,1972,10-14,32325006.056957684
S0,1972,15-19,27036497.11632581
S0,1972,20-24,22369966.46320624
S0,1972,25-29,18398851.562865395
S0,1972,30-34,16542607.329195447
S0,1972,35-39,15007268.25026052
S0,1972,40-44,13049161.899355348
S0,1972,45-49,11350485.823637858
S0,1972,50-54,9464292.011057135
S0,1972,55-59,7597753.027240271
S0,1972,60-64,6676480.505429354
S0,1972,65-69,4331824.753716511
S0,1972,70-74,3097789.2907175133
S0,1972,75+,2564326.6865515895
S0,1972,0-8,
S0,1972,9-14,
S0,1972,0-17,
S0,1972,18-29,
S0,1972,30-65,
S0,1972,66+,
S0,1972,15-26,
S0,1972,27-45,
S0,1972,46-65,
S0,1973,00-04,41515480.37169325
S0,1973,05-09,37439166.63995248
S0,1973,10-14,33077237.04510434
S0,1973,15-19,27676956.90066133
S0,1973,20-24,23530910.2640002
S0,1973,25-29,18883858.63758697
S0,1973,30-34,16627585.24705689
S0,1973,35-39,15330917.991304997
S0,1973,40-44,13391193.57967585
S0,1973,45-49,11647456.807247361
S0,1973,50-54,9634446.592721477
S0,1973,55-59,7705069.472440314
S0,1973,60-64,6820456.023849529
S0,1973,65-69,4511772.129509184
S0,1973,70-74,3102031.0695871743
S0,1973,75+,2699430.9652773417
S0,1973,0-8,
S0,1973,9-14,
S0,1973,0-17,
S0,1973,18-29,
S0,1973,30-65,
S0,1973,66+,
S0,1973,15-26,
S0,1973,27-45,
S0,1973,46-65,
S0,1974,00-04,42019892.62190293
S0,1974,05-09,38247540.03432605
S0,1974,10-14,33854318.71042535
S0,1974,15-19,28223083.80747871
S0,1974,20-24,24805883.84754743
S0,1974,25-29,19347697.13721464
S0,1974,30-34,16725868.1289562
S0,1974,35-39,15617921.208252281
S0,1974,40-44,13734986.57468015
S0,1974,45-49,11961938.298248779
S0,1974,50-54,9809200.189328726
S0,1974,55-59,7814579.731279391
S0,1974,60-64,6957294.749687707
S0,1974,65-69,4694420.524048753
S0,1974,70-74,3111868.509273372
S0,1974,75+,2838341.296420662
S0,1974,0-8,
S0,1974,9-14,
S0,1974,0-17,
S0,1974,18-29,
S0,1974,30-65,
S0,1974,66+,
S0,1974,15-26,
S0,1974,27-45,
S0,1974,46-65,
S0,1975,00-04,42581252.55483146
S0,1975,05-09,39052011.885249354
S0,1975,10-14,34654756.64596852
S0,1975,15-19,28730945.91261506
S0,1975,20-24,25792022.81375426
S0,1975,25-29,20322230.98122739
S0,1975,30-34,16951578.72016389
S0,1975,35-39,15860945.07539611
S0,1975,40-44,14086523.607673062
S0,1975,45-49,12308748.092038877
S0,1975,50-54,10007016.6614186
S0,1975,55-59,7920515.073723255
S0,1975,60-64,7122448.951549355
S0,1975,65-69,4837680.894627196
S0,1975,70-74,3177620.871203123
S0,1975,75+,2961239.2572647533
S0,1975,0-8,
S0,1975,9-14,
S0,1975,0-17,
S0,1975,18-29,
S0,1975,30-65,
S0,1975,66+,
S0,1975,15-26,
S0,1975,27-45,
S0,1975,46-65,
S0,1976,00-04,43065934.24721244
S0,1976,05-09,39920538.11413524
S0,1976,10-14,35391863.75813801
S0,1976,15-19,29241125.83889109
S0,1976,20-24,26741708.54553016
S0,1976,25-29,21408964.29609726
S0,1976,30-34,17271135.601475295
S0,1976,35-39,16070619.756599989
S0,1976,40-44,14424740.506927121
S0,1976,45-49,12675951.851487853
S0,1976,50-54,10221860.74429702
S0,1976,55-59,8025793.579375739
S0,1976,60-64,7303583.896946832
S0,1976,65-69,4956283.308310408
S0,1976,70-74,3277394.485465798
S0,1976,75+,3076894.416724569
S0,1976,0-8,
S0,1976,9-14,
S0,1976,0-17,
S0,1976,18-29,
S0,1976,30-65,
S0,1976,66+,
S0,1976,15-26,
S0,1976,27-45,
S0,1976,46-65,
S0,1977,00-04,43561229.3799829
S0,1977,05-09,40865058.83249619
S0,1977,10-14,36114931.44510707
S0,1977,15-19,29740309.566656776
S0,1977,20-24,27647311.29748036
S0,1977,25-29,22566478.995492227
S0,1977,30-34,17663370.74083887
S0,1977,35-39,16227446.327466918
S0,1977,40-44,14775844.77749583
S0,1977,45-49,13063537.269839052
S0,1977,50-54,10449800.63412477
S0,1977,55-59,8128496.603689053
S0,1977,60-64,7503050.9384680865
S0,1977,65-69,5043662.556531301
S0,1977,70-74,3422956.918126693
S0,1977,75+,3178190.541975505
S0,1977,0-8,
S0,1977,9-14,
S0,1977,0-17,
S0,1977,18-29,
S0,1977,30-65,
S0,1977,66+,
S0,1977,15-26,
S0,1977,27-45,
S0,1977,46-65,
S0,1978,00-04,43972651.16010669
S0,1978,05-09,41820205.383180454
S0,1978,10-14,36851672.08858503
S0,1978,15-19,30254984.543397445
S0,1978,20-24,28521859.96176418
S0,1978,25-29,23856450.215243965
S0,1978,30-34,18117577.08654495
S0,1978,35-39,16368891.107813999
S0,1978,40-44,15140998.686851371
S0,1978,45-49,13472897.144088339
S0,1978,50-54,10694718.24822754
S0,1978,55-59,8232312.388815407
S0,1978,60-64,7722481.8789642565
S0,1978,65-69,5103836.040557626
S0,1978,70-74,3600935.093367192
S0,1978,75+,3272181.4080284648
S0,1978,0-8,
S0,1978,9-14,
S0,1978,0-17,
S0,1978,18-29,
S0,1978,30-65,
S0,1978,66+,
S0,1978,15-26,
S0,1978,27-45,
S0,1978,46-65,
S0,1979,00-04,44326264.26459873
S0,1979,05-09,42808052.5707706
S0,1979,10-14,37612744.24488398
S0,1979,15-19,30754889.01836157
S0,1979,20-24,29267447.063840047
S0,1979,25-29,25237841.91234842
S0,1979,30-34,18532045.55399902
S0,1979,35-39,16514807.364958592
S0,1979,40-44,15465060.41905937
S0,1979,45-49,13881894.906553652
S0,1979,50-54,10950816.81549073
S0,1979,55-59,8339701.711983748
S0,1979,60-64,7948935.414323921
S0,1979,65-69,5156056.063246739
S0,1979,70-74,3781956.05557839
S0,1979,75+,3370212.1988401464
S0,1979,0-8,
S0,1979,9-14,
S0,1979,0-17,
S0,1979,18-29,
S0,1979,30-65,
S0,1979,66+,
S0,1979,15-26,
S0,1979,27-45,
S0,1979,46-65,
S0,1980,00-04,44760169.78947036
S0,1980,05-09,43873174.50748393
S0,1980,10-14,38371925.6591533
S0,1980,15-19,31306704.54836796
S0,1980,20-24,30023011.2226655
S0,1980,25-29,26345837.19589573
S0,1980,30-34,19429896.547750495
S0,1980,35-39,16784509.30777055
S0,1980,40-44,15744312.48370537
S0,1980,45-49,14298823.84820453
S0,1980,50-54,11233983.58847889
S0,1980,55-59,8468189.226136286
S0,1980,60-64,8176836.540262131
S0,1980,65-69,5227256.6508265175
S0,1980,70-74,3931502.8598731915
S0,1980,75+,3489731.8736510915
S0,1980,0-8,
S0,1980,9-14,
S0,1980,0-17,
S0,1980,18-29,
S0,1980,30-65,
S0,1980,66+,
S0,1980,15-26,
S0,1980,27-45,
S0,1980,46-65,
S0,1981,00-04,45368445.34224921
S0,1981,05-09,44884505.45556343
S0,1981,10-14,39186120.77309985
S0,1981,15-19,31779067.088409677
S0,1981,20-24,30751735.61983323
S0,1981,25-29,27380608.82013247
S0,1981,30-34,20400383.53009487
S0,1981,35-39,17127630.19748648
S0,1981,40-44,15977929.01097111
S0,1981,45-49,14694558.57049369
S0,1981,50-54,11529332.22515442
S0,1981,55-59,8610628.613971367
S0,1981,60-64,8406220.103553066
S0,1981,65-69,5307669.786909965
S0,1981,70-74,4061154.8065825505
S0,1981,75+,3622715.282833603
S0,1981,0-8,
S0,1981,9-14,
S0,1981,0-17,
S0,1981,18-29,
S0,1981,30-65,
S0,1981,66+,
S0,1981,15-26,
S0,1981,27-45,
S0,1981,46-65,
S0,1982,00-04,45957253.24302575
S0,1982,05-09,45916131.31414709
S0,1982,10-14,40071717.18226853
S0,1982,15-19,32237748.10761872
S0,1982,20-24,31472694.89617993
S0,1982,25-29,28371868.61800199
S0,1982,30-34,21433914.76448054
S0,1982,35-39,17543659.94947986
S0,1982,40-44,16159019.917067721
S0,1982,45-49,15103091.43893151
S0,1982,50-54,11841477.34148204
S0,1982,55-59,8766401.006943878
S0,1982,60-64,8635631.911006792
S0,1982,65-69,5400497.802399254
S0,1982,70-74,4166244.7443646477
S0,1982,75+,3772241.6822960125
S0,1982,0-8,
S0,1982,9-14,
S0,1982,0-17,
S0,1982,18-29,
S0,1982,30-65,
S0,1982,66+,
S0,1982,15-26,
S0,1982,27-45,
S0,1982,46-65,
S0,1983,00-04,46646313.85028584
S0,1983,05-09,46874910.57466155
S0,1983,10-14,40967099.70525357
S0,1983,15-19,32715308.864920646
S0,1983,20-24,32204377.916889906
S0,1983,25-29,29308562.77277332
S0,1983,30-34,22567301.3771906
S0,1983,35-39,18005893.64092786
S0,1983,40-44,16313992.739885882
S0,1983,45-49,15518369.230704991
S0,1983,50-54,12168537.99988407
S0,1983,55-59,8937565.679240111
S0,1983,60-64,8866901.252603803
S0,1983,65-69,5507411.807428825
S0,1983,70-74,4249891.682728298
S0,1983,75+,3936231.869179748
S0,1983,0-8,
S0,1983,9-14,
S0,1983,0-17,
S0,1983,18-29,
S0,1983,30-65,
S0,1983,66+,
S0,1983,15-26,
S0,1983,27-45,
S0,1983,46-65,
S0,1984,00-04,47408192.6062635
S0,1984,05-09,47788067.38510844
S0,1984,10-14,41902050.39794304
S0,1984,15-19,33237624.59393059
S0,1984,20-24,32969051.708185114
S0,1984,25-29,30178177.12661318
S0,1984,30-34,23838110.98185619
S0,1984,35-39,18468266.06988098
S0,1984,40-44,16498418.149285369
S0,1984,45-49,15906580.404635048
S0,1984,50-54,12504276.60649483
S0,1984,55-59,9126931.426642926
S0,1984,60-64,9106672.403339677
S0,1984,65-69,5622671.033073902
S0,1984,70-74,4329576.575990126
S0,1984,75+,4104369.022298352
S0,1984,0-8,
S0,1984,9-14,
S0,1984,0-17,
S0,1984,18-29,
S0,1984,30-65,
S0,1984,66+,
S0,1984,15-26,
S0,1984,27-45,
S0,1984,46-65,
S0,1985,00-04,48193255.23974167
S0,1985,05-09,48751938.71148878
S0,1985,10-14,42897060.204977505
S0,1985,15-19,33751193.53984403
S0,1985,20-24,33733814.45721595
S0,1985,25-29,30969059.18220847
S0,1985,30-34,24776627.243465252
S0,1985,35-39,19359364.35659744
S0,1985,40-44,16769121.339272767
S0,1985,45-49,16220526.127291221
S0,1985,50-54,12831896.550696889
S0,1985,55-59,9334133.717247728
S0,1985,60-64,9361731.26328925
S0,1985,65-69,5737761.262008574
S0,1985,70-74,4423811.674328905
S0,1985,75+,4265941.848545401
S0,1985,0-8,
S0,1985,9-14,
S0,1985,0-17,
S0,1985,18-29,
S0,1985,30-65,
S0,1985,66+,
S0,1985,15-26,
S0,1985,27-45,
S0,1985,46-65,
S0,1986,00-04,48873986.19184814
S0,1986,05-09,49898722.98078233
S0,1986,10-14,43836935.93515247
S0,1986,15-19,34325942.78408637
S0,1986,20-24,34428859.46950728
S0,1986,25-29,31758481.83450687
S0,1986,30-34,25670900.22807281
S0,1986,35-39,20341449.012437917
S0,1986,40-44,17122712.71994486
S0,1986,45-49,16489215.07677817
S0,1986,50-54,13143403.769339
S0,1986,55-59,9556799.56656193
S0,1986,60-64,9630518.58589791
S0,1986,65-69,5857385.024130553
S0,1986,70-74,4526960.828908321
S0,1986,75+,4425311.11924368
S0,1986,0-8,
S0,1986,9-14,
S0,1986,0-17,
S0,1986,18-29,
S0,1986,30-65,
S0,1986,66+,
S0,1986,15-26,
S0,1986,27-45,
S0,1986,46-65,
S0,1987,00-04,49623264.55733692
S0,1987,05-09,51015344.10764822
S0,1987,10-14,44795436.01028954
S0,1987,15-19,34975026.32941325
S0,1987,20-24,35100193.03200243
S0,1987,25-29,32533923.817949474
S0,1987,30-34,26526241.62338512
S0,1987,35-39,21387842.24414275
S0,1987,40-44,17548256.99711114
S0,1987,45-49,16698766.558167972
S0,1987,50-54,13467110.216542298
S0,1987,55-59,9797751.13841007
S0,1987,60-64,9910019.347130626
S0,1987,65-69,5981180.939733462
S0,1987,70-74,4641459.30268295
S0,1987,75+,4583231.552065729
S0,1987,0-8,
S0,1987,9-14,
S0,1987,0-17,
S0,1987,18-29,
S0,1987,30-65,
S0,1987,66+,
S0,1987,15-26,
S0,1987,27-45,
S0,1987,46-65,
S0,1988,00-04,50255454.183409944
S0,1988,05-09,52221491.08060313
S0,1988,10-14,45677412.09456512
S0,1988,15-19,35647276.04803832
S0,1988,20-24,35781708.24376261
S0,1988,25-29,33310456.58077039
S0,1988,30-34,27329727.178327795
S0,1988,35-39,22531066.18187461
S0,1988,40-44,18015779.00925483
S0,1988,45-49,16873035.016125675
S0,1988,50-54,13795772.533423442
S0,1988,55-59,10054180.49101166
S0,1988,60-64,10199408.30473845
S0,1988,65-69,6110250.391972057
S0,1988,70-74,4767556.951605053
S0,1988,75+,4740067.471441811
S0,1988,0-8,
S0,1988,9-14,
S0,1988,0-17,
S0,1988,18-29,
S0,1988,30-65,
S0,1988,66+,
S0,1988,15-26,
S0,1988,27-45,
S0,1988,46-65,
S0,1989,00-04,50839056.340447344
S0,1989,05-09,53476475.97467621
S0,1989,10-14,46508852.8748368
S0,1989,15-19,36371080.737139076
S0,1989,20-24,36495408.90896329
S0,1989,25-29,34100489.47854989
S0,1989,30-34,28062362.66542713
S0,1989,35-39,23801360.62587053
S0,1989,40-44,18474549.17948398
S0,1989,45-49,17066319.89463041
S0,1989,50-54,14098282.57267075
S0,1989,55-59,10320658.20820493
S0,1989,60-64,10499857.795141747
S0,1989,65-69,6249581.402736478
S0,1989,70-74,4899810.825022496
S0,1989,75+,4900335.376546929
S0,1989,0-8,
S0,1989,9-14,
S0,1989,0-17,
S0,1989,18-29,
S0,1989,30-65,
S0,1989,66+,
S0,1989,15-26,
S0,1989,27-45,
S0,1989,46-65,
S0,1990,00-04,51338114.39546683
S0,1990,05-09,54724175.81864078
S0,1990,10-14,47387898.37801091
S0,1990,15-19,37171855.57170276
S0,1990,20-24,37199537.342656426
S0,1990,25-29,34896993.08796305
S0,1990,30-34,28737558.08577622
S0,1990,35-39,24745365.981964
S0,1990,40-44,19365294.75585519
S0,1990,45-49,17344492.21815911
S0,1990,50-54,14337992.815133903
S0,1990,55-59,10586396.96972194
S0,1990,60-64,10811541.0215592
S0,1990,65-69,6405391.918513432
S0,1990,70-74,5031151.881967435
S0,1990,75+,5068868.590151077
S0,1990,0-8,
S0,1990,9-14,
S0,1990,0-17,
S0,1990,18-29,
S0,1990,30-65,
S0,1990,66+,
S0,1990,15-26,
S0,1990,27-45,
S0,1990,46-65,
S0,1991,00-04,51773088.35680756
S0,1991,05-09,55819219.32787932
S0,1991,10-14,48445839.37129263
S0,1991,15-19,37952436.08836585
S0,1991,20-24,37967716.294614434
S0,1991,25-29,35624557.31279123
S0,1991,30-34,29426782.676489215
S0,1991,35-39,25648791.18586389
S0,1991,40-44,20347845.76468077
S0,1991,45-49,17703597.31320216
S0,1991,50-54,14542090.423483618
S0,1991,55-59,10845521.43200803
S0,1991,60-64,11130170.61165171
S0,1991,65-69,6577217.983889163
S0,1991,70-74,5165093.493795366
S0,1991,75+,5244744.200311233
S0,1991,0-8,
S0,1991,9-14,
S0,1991,0-17,
S0,1991,18-29,
S0,1991,30-65,
S0,1991,66+,
S0,1991,15-26,
S0,1991,27-45,
S0,1991,46-65,
S0,1992,00-04,52078299.23528223
S0,1992,05-09,57144079.23964306
S0,1992,10-14,49736681.69292626
S0,1992,15-19,38778473.32101681
S0,1992,20-24,38420246.759548
S0,1992,25-29,36209475.39223429
S0,1992,30-34,30308902.88579619
S0,1992,35-39,26781439.75929381
S0,1992,40-44,20965914.193269044
S0,1992,45-49,17718130.046244435
S0,1992,50-54,14553154.172444232
S0,1992,55-59,11337007.605303543
S0,1992,60-64,11432682.985250609
S0,1992,65-69,6922356.815140464
S0,1992,70-74,5353279.956766293
S0,1992,75+,5446529.729400973
S0,1992,0-8,
S0,1992,9-14,
S0,1992,0-17,
S0,1992,18-29,
S0,1992,30-65,
S0,1992,66+,
S0,1992,15-26,
S0,1992,27-45,
S0,1992,46-65,
S0,1993,00-04,52395627.7464601
S0,1993,05-09,58277965.83196827
S0,1993,10-14,51131500.04355554
S0,1993,15-19,39557707.68130147
S0,1993,20-24,38912240.92397553
S0,1993,25-29,36821641.41659127
S0,1993,30-34,31201949.344100844
S0,1993,35-39,27882284.26218089
S0,1993,40-44,21690464.02900296
S0,1993,45-49,17789318.47151543
S0,1993,50-54,14545347.939163199
S0,1993,55-59,11827640.87023738
S0,1993,60-64,11753990.40062515
S0,1993,65-69,7286106.073292964
S0,1993,70-74,5544913.134702986
S0,1993,75+,5655968.3902551755
S0,1993,0-8,
S0,1993,9-14,
S0,1993,0-17,
S0,1993,18-29,
S0,1993,30-65,
S0,1993,66+,
S0,1993,15-26,
S0,1993,27-45,
S0,1993,46-65,
S0,1994,00-04,52623075.37984961
S0,1994,05-09,59278148.018390834
S0,1994,10-14,52581795.10838404
S0,1994,15-19,40297994.05645799
S0,1994,20-24,39451472.31388891
S0,1994,25-29,37458762.94623657
S0,1994,30-34,32099544.17100037
S0,1994,35-39,28912269.32980881
S0,1994,40-44,22543940.90828961
S0,1994,45-49,17866754.58053275
S0,1994,50-54,14563453.638844771
S0,1994,55-59,12285478.15810858
S0,1994,60-64,12084693.102965098
S0,1994,65-69,7667380.958511925
S0,1994,70-74,5742015.689844706
S0,1994,75+,5871189.408745757
S0,1994,0-8,
S0,1994,9-14,
S0,1994,0-17,
S0,1994,18-29,
S0,1994,30-65,
S0,1994,66+,
S0,1994,15-26,
S0,1994,27-45,
S0,1994,46-65,
S0,1995,00-04,52821742.27248668
S0,1995,05-09,60101363.82946682
S0,1995,10-14,54028886.99325496
S0,1995,15-19,41070736.33412288
S0,1995,20-24,40035205.35200708
S0,1995,25-29,38041501.7164918
S0,1995,30-34,32967715.07223234
S0,1995,35-39,29858622.342134096
S0,1995,40-44,23096008.893864166
S0,1995,45-49,18371211.05104678
S0,1995,50-54,14659795.97666312
S0,1995,55-59,12672375.43745903
S0,1995,60-64,12410142.65809238
S0,1995,65-69,8065138.389135575
S0,1995,70-74,5949037.863636058
S0,1995,75+,6090879.122263774
S0,1995,0-8,
S0,1995,9-14,
S0,1995,0-17,
S0,1995,18-29,
S0,1995,30-65,
S0,1995,66+,
S0,1995,15-26,
S0,1995,27-45,
S0,1995,46-65,
S0,1996,00-04,53043944.08969496
S0,1996,05-09,60786623.82828463
S0,1996,10-14,55338884.40524296
S0,1996,15-19,42032615.55993481
S0,1996,20-24,40634194.29257081
S0,1996,25-29,38713307.90075411
S0,1996,30-34,33780514.18273383
S0,1996,35-39,30818900.272894986
S0,1996,40-44,23647877.32907427
S0,1996,45-49,18983596.3511231
S0,1996,50-54,14838086.00015049
S0,1996,55-59,13013478.27246654
S0,1996,60-64,12726580.687245058
S0,1996,65-69,8477539.835127259
S0,1996,70-74,6165445.7042818265
S0,1996,75+,6316826.364269122
S0,1996,0-8,
S0,1996,9-14,
S0,1996,0-17,
S0,1996,18-29,
S0,1996,30-65,
S0,1996,66+,
S0,1996,15-26,
S0,1996,27-45,
S0,1996,46-65,
S0,1997,00-04,53251118.6918001
S0,1997,05-09,61272619.87099573
S0,1997,10-14,56677776.380264334
S0,1997,15-19,42981685.41417947
S0,1997,20-24,41290196.21835352
S0,1997,25-29,39458238.20561354
S0,1997,30-34,34565154.83558635
S0,1997,35-39,31765030.86959301
S0,1997,40-44,24205196.78954554
S0,1997,45-49,19681620.1253446
S0,1997,50-54,15085039.43568511
S0,1997,55-59,13294277.70421587
S0,1997,60-64,13059903.51829305
S0,1997,65-69,8902684.62657926
S0,1997,70-74,6387675.100454549
S0,1997,75+,6548696.661315969
S0,1997,0-8,
S0,1997,9-14,
S0,1997,0-17,
S0,1997,18-29,
S0,1997,30-65,
S0,1997,66+,
S0,1997,15-26,
S0,1997,27-45,
S0,1997,46-65,
S0,1998,00-04,53459374.54732821
S0,1998,05-09,61751727.807325035
S0,1998,10-14,57840510.384003714
S0,1998,15-19,44023162.8836465
S0,1998,20-24,41924762.99125251
S0,1998,25-29,40212702.6486918
S0,1998,30-34,35345203.063651755
S0,1998,35-39,32697217.527750365
S0,1998,40-44,24758722.52708939
S0,1998,45-49,20502397.97108378
S0,1998,50-54,15373787.58943712
S0,1998,55-59,13532387.47717449
S0,1998,60-64,13403493.719112597
S0,1998,65-69,9335818.39459086
S0,1998,70-74,6615622.520885913
S0,1998,75+,6787720.566686549
S0,1998,0-8,
S0,1998,9-14,
S0,1998,0-17,
S0,1998,18-29,
S0,1998,30-65,
S0,1998,66+,
S0,1998,15-26,
S0,1998,27-45,
S0,1998,46-65,
S0,1999,00-04,53709273.88723677
S0,1999,05-09,62114693.379251316
S0,1999,10-14,58879303.05157007
S0,1999,15-19,45120663.67977504
S0,1999,20-24,42566367.89048182
S0,1999,25-29,41002924.99929393
S0,1999,30-34,36136983.33086687
S0,1999,35-39,33616390.34912325
S0,1999,40-44,25295904.29233984
S0,1999,45-49,21482812.128450796
S0,1999,50-54,15660869.619852701
S0,1999,55-59,13769458.39983226
S0,1999,60-64,13725982.567587093
S0,1999,65-69,9768551.25560403
S0,1999,70-74,6849968.165005544
S0,1999,75+,7036466.601935991
S0,1999,0-8,
S0,1999,9-14,
S0,1999,0-17,
S0,1999,18-29,
S0,1999,30-65,
S0,1999,66+,
S0,1999,15-26,
S0,1999,27-45,
S0,1999,46-65,
S0,2000,00-04,53961533.694752865
S0,2000,05-09,62440542.63031801
S0,2000,10-14,59743014.55832683
S0,2000,15-19,46224385.09381634
S0,2000,20-24,43304874.13174218
S0,2000,25-29,41845802.32391354
S0,2000,30-34,36887251.98657042
S0,2000,35-39,34498476.11575494
S0,2000,40-44,25830587.24762141
S0,2000,45-49,22229908.2047818
S0,2000,50-54,16321256.21685579
S0,2000,55-59,14056356.80360579
S0,2000,60-64,13990213.910431582
S0,2000,65-69,10186617.05834529
S0,2000,70-74,7091033.215563127
S0,2000,75+,7298096.444243987
S0,2000,0-8,
S0,2000,9-14,
S0,2000,0-17,
S0,2000,18-29,
S0,2000,30-65,
S0,2000,66+,
S0,2000,15-26,
S0,2000,27-45,
S0,2000,46-65,
S0,2001,00-04,54335251.779413864
S0,2001,05-09,62775609.0625997
S0,2001,10-14,60449484.09663513
S0,2001,15-19,47215844.03441024
S0,2001,20-24,44272146.53408911
S0,2001,25-29,42634817.75120693
S0,2001,30-34,37669250.71896511
S0,2001,35-39,35259859.73102612
S0,2001,40-44,26432955.320123613
S0,2001,45-49,23018267.93171202
S0,2001,50-54,17061834.09264342
S0,2001,55-59,14389410.670458222
S0,2001,60-64,14223529.40276474
S0,2001,65-69,10579459.22199202
S0,2001,70-74,7335418.601219369
S0,2001,75+,7573654.886939324
S0,2001,0-8,
S0,2001,9-14,
S0,2001,0-17,
S0,2001,18-29,
S0,2001,30-65,
S0,2001,66+,
S0,2001,15-26,
S0,2001,27-45,
S0,2001,46-65,
S0,2002,00-04,54819814.03538368
S0,2002,05-09,63025972.16878906
S0,2002,10-14,60953825.600440115
S0,2002,15-19,48310029.05793771
S0,2002,20-24,45266352.00852588
S0,2002,25-29,43450038.71526511
S0,2002,30-34,38502722.41163464
S0,2002,35-39,35980404.46941721
S0,2002,40-44,27092640.52950449
S0,2002,45-49,23824141.03729178
S0,2002,50-54,17858628.52490694
S0,2002,55-59,14762748.391425367
S0,2002,60-64,14424197.761277432
S0,2002,65-69,10979270.07970479
S0,2002,70-74,7588304.402123686
S0,2002,75+,7860104.88997121
S0,2002,0-8,
S0,2002,9-14,
S0,2002,0-17,
S0,2002,18-29,
S0,2002,30-65,
S0,2002,66+,
S0,2002,15-26,
S0,2002,27-45,
S0,2002,46-65,
S0,2003,00-04,55249449.96421233
S0,2003,05-09,63139972.69990923
S0,2003,10-14,61443876.2234646
S0,2003,15-19,49344595.56522466
S0,2003,20-24,46300990.26664607
S0,2003,25-29,44127324.214011505
S0,2003,30-34,39269744.76202716
S0,2003,35-39,36676594.99547079
S0,2003,40-44,27787065.67459828
S0,2003,45-49,24577748.90739563
S0,2003,50-54,18723798.45598378
S0,2003,55-59,15145636.77137257
S0,2003,60-64,14616557.269918758
S0,2003,65-69,11387735.85663402
S0,2003,70-74,7851568.742118746
S0,2003,75+,8157004.102758497
S0,2003,0-8,
S0,2003,9-14,
S0,2003,0-17,
S0,2003,18-29,
S0,2003,30-65,
S0,2003,66+,
S0,2003,15-26,
S0,2003,27-45,
S0,2003,46-65,
S0,2004,00-04,55554633.21722066
S0,2004,05-09,63178404.248701975
S0,2004,10-14,61811978.927256785
S0,2004,15-19,50404542.260123104
S0,2004,20-24,47416734.75093148
S0,2004,25-29,44760574.50558965
S0,2004,30-34,40043908.67538732
S0,2004,35-39,37398049.44186266
S0,2004,40-44,28546669.20625269
S0,2004,45-49,25275522.42116351
S0,2004,50-54,19685776.41504733
S0,2004,55-59,15495008.01773974
S0,2004,60-64,14848615.626906069
S0,2004,65-69,11775817.53704284
S0,2004,70-74,8118882.935088534
S0,2004,75+,8463385.258940455
S0,2004,0-8,
S0,2004,9-14,
S0,2004,0-17,
S0,2004,18-29,
S0,2004,30-65,
S0,2004,66+,
S0,2004,15-26,
S0,2004,27-45,
S0,2004,46-65,
S0,2005,00-04,55755752.78889096
S0,2005,05-09,63096185.34246932
S0,2005,10-14,62120888.70408388
S0,2005,15-19,51444287.85693179
S0,2005,20-24,48586920.627843276
S0,2005,25-29,45463052.80479875
S0,2005,30-34,40858590.03873056
S0,2005,35-39,38100264.92872259
S0,2005,40-44,29368927.848871805
S0,2005,45-49,25931535.13472845
S0,2005,50-54,20372321.27977793
S0,2005,55-59,16180629.21935698
S0,2005,60-64,15173564.50200382
S0,2005,65-69,12105435.928759977
S0,2005,70-74,8378255.990751045
S0,2005,75+,8778197.489786409
S0,2005,0-8,
S0,2005,9-14,
S0,2005,0-17,
S0,2005,18-29,
S0,2005,30-65,
S0,2005,66+,
S0,2005,15-26,
S0,2005,27-45,
S0,2005,46-65,
S0,2006,00-04,55652116.28620814
S0,2006,05-09,63031718.96794966
S0,2006,10-14,62399990.02051851
S0,2006,15-19,52412268.69854992
S0,2006,20-24,49583191.48460343
S0,2006,25-29,46257880.01124051
S0,2006,30-34,41528956.32672213
S0,2006,35-39,38804543.29578228
S0,2006,40-44,30167219.411349837
S0,2006,45-49,26598108.78917382
S0,2006,50-54,21008225.82965964
S0,2006,55-59,16896116.57525432
S0,2006,60-64,15583873.81896969
S0,2006,65-69,12393950.88885157
S0,2006,70-74,8622512.776427722
S0,2006,75+,9100798.750246001
S0,2006,0-8,
S0,2006,9-14,
S0,2006,0-17,
S0,2006,18-29,
S0,2006,30-65,
S0,2006,66+,
S0,2006,15-26,
S0,2006,27-45,
S0,2006,46-65,
S0,2007,00-04,55315312.95817003
S0,2007,05-09,62971947.33675716
S0,2007,10-14,62627087.34673809
S0,2007,15-19,53315526.7708668
S0,2007,20-24,50695158.84404565
S0,2007,25-29,47058686.70092623
S0,2007,30-34,42204405.29218611
S0,2007,35-39,39577433.03725929
S0,2007,40-44,31020466.38419763
S0,2007,45-49,27294106.354442395
S0,2007,50-54,21610265.1340365
S0,2007,55-59,17618708.13657298
S0,2007,60-64,16074816.68384681
S0,2007,65-69,12634595.60481455
S0,2007,70-74,8871210.64954649
S0,2007,75+,9430647.29682769
S0,2007,0-8,
S0,2007,9-14,
S0,2007,0-17,
S0,2007,18-29,
S0,2007,30-65,
S0,2007,66+,
S0,2007,15-26,
S0,2007,27-45,
S0,2007,46-65,
S0,2008,00-04,54919299.825742744
S0,2008,05-09,62774467.97436024
S0,2008,10-14,62835258.85501094
S0,2008,15-19,54258315.29359291
S0,2008,20-24,51652600.652901836
S0,2008,25-29,47888337.828295775
S0,2008,30-34,42733367.08681995
S0,2008,35-39,40313468.26236206
S0,2008,40-44,31940684.42241257
S0,2008,45-49,28027482.35166252
S0,2008,50-54,22163809.56215684
S0,2008,55-59,18365038.16709771
S0,2008,60-64,16618476.35478396
S0,2008,65-69,12846736.640515931
S0,2008,70-74,9121534.047612758
S0,2008,75+,9775243.646704039
S0,2008,0-8,
S0,2008,9-14,
S0,2008,0-17,
S0,2008,18-29,
S0,2008,30-65,
S0,2008,66+,
S0,2008,15-26,
S0,2008,27-45,
S0,2008,46-65,
S0,2009,00-04,54626865.89418849
S0,2009,05-09,62350896.75629641
S0,2009,10-14,63074082.523622334
S0,2009,15-19,55164945.61544386
S0,2009,20-24,52576785.65576306
S0,2009,25-29,48765329.99049458
S0,2009,30-34,43179498.00867695
S0,2009,35-39,41064158.49437716
S0,2009,40-44,32965830.3618563
S0,2009,45-49,28822560.067098297
S0,2009,50-54,22655791.779960267
S0,2009,55-59,19149482.22479898
S0,2009,60-64,17166024.229920786
S0,2009,65-69,13068717.80928044
S0,2009,70-74,9349839.498009915
S0,2009,75+,10136678.723459532
S0,2009,0-8,
S0,2009,9-14,
S0,2009,0-17,
S0,2009,18-29,
S0,2009,30-65,
S0,2009,66+,
S0,2009,15-26,
S0,2009,27-45,
S0,2009,46-65,
S0,2010,00-04,54443430.21432003
S0,2010,05-09,61717898.11139039
S0,2010,10-14,63266511.24609134
S0,2010,15-19,56089928.372468285
S0,2010,20-24,53466988.10739135
S0,2010,25-29,49673458.3761
S0,2010,30-34,43655298.868939444
S0,2010,35-39,41859129.92211309
S0,2010,40-44,34060638.50879954
S0,2010,45-49,29673151.00885269
S0,2010,50-54,23087983.657304045
S0,2010,55-59,19601307.36307947
S0,2010,60-64,18134044.85818571
S0,2010,65-69,13340029.104923042
S0,2010,70-74,9523776.403087946
S0,2010,75+,10510490.299329853
S0,2010,0-8,
S0,2010,9-14,
S0,2010,0-17,
S0,2010,18-29,
S0,2010,30-65,
S0,2010,66+,
S0,2010,15-26,
S0,2010,27-45,
S0,2010,46-65,
S0,2011,00-04,54317933.31071048
S0,2011,05-09,60733899.636321895
S0,2011,10-14,63577311.01550399
S0,2011,15-19,57057291.9044279
S0,2011,20-24,54335449.57143874
S0,2011,25-29,50470816.141640164
S0,2011,30-34,44278446.01265331
S0,2011,35-39,42588921.27925429
S0,2011,40-44,35310396.90195809
S0,2011,45-49,30534249.62520982
S0,2011,50-54,23527117.197699815
S0,2011,55-59,19953004.25147155
S0,2011,60-64,19199731.611482404
S0,2011,65-69,13661587.04085087
S0,2011,70-74,9667827.29983519
S0,2011,75+,10901840.518275525
S0,2011,0-8,
S0,2011,9-14,
S0,2011,0-17,
S0,2011,18-29,
S0,2011,30-65,
S0,2011,66+,
S0,2011,15-26,
S0,2011,27-45,
S0,2011,46-65,
S0,2012,00-04,54102115.38740186
S0,2012,05-09,60276081.762799144
S0,2012,10-14,64141547.37798405
S0,2012,15-19,57365160.08606967
S0,2012,20-24,54782626.93101905
S0,2012,25-29,51530753.41794154
S0,2012,30-34,45233851.19515996
S0,2012,35-39,43473270.07467136
S0,2012,40-44,36057258.83519538
S0,2012,45-49,31116813.995249365
S0,2012,50-54,24074650.680407256
S0,2012,55-59,20635662.90346928
S0,2012,60-64,20227097.0009125
S0,2012,65-69,14047208.46624688
S0,2012,70-74,9826730.678999513
S0,2012,75+,11306534.478039699
S0,2012,0-8,
S0,2012,9-14,
S0,2012,0-17,
S0,2012,18-29,
S0,2012,30-65,
S0,2012,66+,
S0,2012,15-26,
S0,2012,27-45,
S0,2012,46-65,
S0,2013,00-04,53976458.20558645
S0,2013,05-09,59763399.913482636
S0,2013,10-14,64629102.94443739
S0,2013,15-19,57686455.567222476
S0,2013,20-24,55266490.945685476
S0,2013,25-29,52476591.213542044
S0,2013,30-34,46305365.51885786
S0,2013,35-39,44289297.97964032
S0,2013,40-44,36821780.19646107
S0,2013,45-49,31720693.480637185
S0,2013,50-54,24652707.988109507
S0,2013,55-59,21291155.124283157
S0,2013,60-64,21325005.338293076
S0,2013,65-69,14463584.28998077
S0,2013,70-74,9976438.095083803
S0,2013,75+,11747660.251662156
S0,2013,0-8,
S0,2013,9-14,
S0,2013,0-17,
S0,2013,18-29,
S0,2013,30-65,
S0,2013,66+,
S0,2013,15-26,
S0,2013,27-45,
S0,2013,46-65,
S0,2014,00-04,53767294.17861364
S0,2014,05-09,59367246.89424668
S0,2014,10-14,64932913.06983605
S0,2014,15-19,58062748.57641699
S0,2014,20-24,55680885.47747284
S0,2014,25-29,53361909.96460764
S0,2014,30-34,47456951.19864608
S0,2014,35-39,45063030.97566748
S0,2014,40-44,37631239.1557047
S0,2014,45-49,32364042.21161328
S0,2014,50-54,25270998.67457975
S0,2014,55-59,21904259.006232955
S0,2014,60-64,22513527.888918597
S0,2014,65-69,14866472.65604343
S0,2014,70-74,10146480.4806734
S0,2014,75+,12206312.751358258
S0,2014,0-8,
S0,2014,9-14,
S0,2014,0-17,
S0,2014,18-29,
S0,2014,30-65,
S0,2014,66+,
S0,2014,15-26,
S0,2014,27-45,
S0,2014,46-65,
S0,2015,00-04,53215944.982133046
S0,2015,05-09,59143171.8081298
S0,2015,10-14,65113057.18298881
S0,2015,15-19,58472452.410074726
S0,2015,20-24,56104184.10416551
S0,2015,25-29,54158874.10879907
S0,2015,30-34,48656264.9848794
S0,2015,35-39,45908744.773775995
S0,2015,40-44,38524565.617711596
S0,2015,45-49,33019432.04133102
S0,2015,50-54,25934269.50355079
S0,2015,55-59,22494476.08839886
S0,2015,60-64,23387698.404964123
S0,2015,65-69,15636398.809533186
S0,2015,70-74,10376439.5475596
S0,2015,75+,12662925.392282583
S0,2015,0-8,
S0,2015,9-14,
S0,2015,0-17,
S0,2015,18-29,
S0,2015,30-65,
S0,2015,66+,
S0,2015,15-26,
S0,2015,27-45,
S0,2015,46-65,
S0,2016,00-04,52850120.64053116
S0,2016,05-09,58965800.79202738
S0,2016,10-14,64910046.92300387
S0,2016,15-19,58979017.96252365
S0,2016,20-24,56495852.1557614
S0,2016,25-29,54813712.27239378
S0,2016,30-34,49714759.66486491
S0,2016,35-39,46905405.27291606
S0,2016,40-44,39361522.78942693
S0,2016,45-49,33722174.32187738
S0,2016,50-54,26564888.15398902
S0,2016,55-59,23099832.94729419
S0,2016,60-64,24185405.474591766
S0,2016,65-69,16463730.588685121
S0,2016,70-74,10655680.869559908
S0,2016,75+,13115336.486704035
S0,2016,0-8,
S0,2016,9-14,
S0,2016,0-17,
S0,2016,18-29,
S0,2016,30-65,
S0,2016,66+,
S0,2016,15-26,
S0,2016,27-45,
S0,2016,46-65,
S0,2017,00-04,52574498.46769535
S0,2017,05-09,58804938.9230835
S0,2017,10-14,64323764.751505226
S0,2017,15-19,59553669.3796149
S0,2017,20-24,56868916.593002856
S0,2017,25-29,55311539.16310106
S0,2017,30-34,50813123.93062817
S0,2017,35-39,47845753.63613946
S0,2017,40-44,40193598.65434977
S0,2017,45-49,34464761.23897181
S0,2017,50-54,27182667.78612259
S0,2017,55-59,23696694.622990824
S0,2017,60-64,24889495.99465432
S0,2017,65-69,17306782.89955925
S0,2017,70-74,10966253.46246922
S0,2017,75+,13553330.180146009
S0,2017,0-8,
S0,2017,9-14,
S0,2017,0-17,
S0,2017,18-29,
S0,2017,30-65,
S0,2017,66+,
S0,2017,15-26,
S0,2017,27-45,
S0,2017,46-65,
S0,2018,00-04,52138000.89216727
S0,2018,05-09,58733350.69087194
S0,2018,10-14,63683849.28767977
S0,2018,15-19,60086501.28059359
S0,2018,20-24,57248126.22980479
S0,2018,25-29,55834731.97203599
S0,2018,30-34,51802121.42421039
S0,2018,35-39,48896224.15082116
S0,2018,40-44,40988738.58349668
S0,2018,45-49,35242442.57963464
S0,2018,50-54,27852171.13520638
S0,2018,55-59,24333791.00940458
S0,2018,60-64,25528585.815745413
S0,2018,65-69,18215374.898255106
S0,2018,70-74,11307891.26586287
S0,2018,75+,14008403.81978467
S0,2018,0-8,
S0,2018,9-14,
S0,2018,0-17,
S0,2018,18-29,
S0,2018,30-65,
S0,2018,66+,
S0,2018,15-26,
S0,2018,27-45,
S0,2018,46-65,
S0,2019,00-04,51965567.18148263
S0,2019,05-09,58532016.89635409
S0,2019,10-14,63142814.71582973
S0,2019,15-19,60450367.08358079
S0,2019,20-24,57645317.86091795
S0,2019,25-29,56244448.30255659
S0,2019,30-34,52705195.31363135
S0,2019,35-39,49991685.921619765
S0,2019,40-44,41749510.92676019
S0,2019,45-49,36062882.52784555
S0,2019,50-54,28575209.538873665
S0,2019,55-59,25008650.47881636
S0,2019,60-64,26072925.27959188
S0,2019,65-69,19198104.19617122
S0,2019,70-74,11641569.16110097
S0,2019,75+,14479747.142699976
S0,2019,0-8,
S0,2019,9-14,
S0,2019,0-17,
S0,2019,18-29,
S0,2019,30-65,
S0,2019,66+,
S0,2019,15-26,
S0,2019,27-45,
S0,2019,46-65,
S0,2020,00-04,52024991.1213266
S0,2020,05-09,57923465.12841356
S0,2020,10-14,62765238.79106912
S0,2020,15-19,60704609.01625408
S0,2020,20-24,58044192.58108874
S0,2020,25-29,56628224.32064028
S0,2020,30-34,53502486.31781906
S0,2020,35-39,51104623.16940901
S0,2020,40-44,42586975.27892795
S0,2020,45-49,36966701.4437031
S0,2020,50-54,29329751.433936473
S0,2020,55-59,25728809.51794157
S0,2020,60-64,26550842.35214908
S0,2020,65-69,19923914.08350315
S0,2020,70-74,12276901.37049787
S0,2020,75+,14981387.071548162
S0,2020,0-8,
S0,2020,9-14,
S0,2020,0-17,
S0,2020,18-29,
S0,2020,30-65,
S0,2020,66+,
S0,2020,15-26,
S0,2020,27-45,
S0,2020,46-65,
S0,2021,00-04,51805699.5710002
S0,2021,05-09,57497199.54615585
S0,2021,10-14,62433359.7942981
S0,2021,15-19,60676076.06210475
S0,2021,20-24,58645278.65283068
S0,2021,25-29,57093801.19928163
S0,2021,30-34,54253236.6163415
S0,2021,35-39,52114710.65242298
S0,2021,40-44,43616581.50633088
S0,2021,45-49,37836781.21353998
S0,2021,50-54,30144529.59260321
S0,2021,55-59,26400525.631523088
S0,2021,60-64,26975717.8718229
S0,2021,65-69,20548435.215027004
S0,2021,70-74,12928190.931544412
S0,2021,75+,15412980.531307843
S0,2021,0-8,
S0,2021,9-14,
S0,2021,0-17,
S0,2021,18-29,
S0,2021,30-65,
S0,2021,66+,
S0,2021,15-26,
S0,2021,27-45,
S0,2021,46-65,
S0,2022,00-04,51573997.41556618
S0,2022,05-09,57284988.594290465
S0,2022,10-14,62273837.29437587
S0,2022,15-19,60453809.83884338
S0,2022,20-24,59416517.85054123
S0,2022,25-29,57589978.088682376
S0,2022,30-34,54904967.40280887
S0,2022,35-39,53213913.77359204
S0,2022,40-44,44667694.7944969
S0,2022,45-49,38747764.9137108
S0,2022,50-54,31013946.466525994
S0,2022,55-59,27016884.75982145
S0,2022,60-64,27254170.15495301
S0,2022,65-69,20934445.751489352
S0,2022,70-74,13409539.867628641
S0,2022,75+,15477047.218269018
S0,2022,0-8,
S0,2022,9-14,
S0,2022,0-17,
S0,2022,18-29,
S0,2022,30-65,
S0,2022,66+,
S0,2022,15-26,
S0,2022,27-45,
S0,2022,46-65,
S0,2023,00-04,51526364.96772581
S0,2023,05-09,56719341.56874122
S0,2023,10-14,62024720.828960314
S0,2023,15-19,59984024.81132743
S0,2023,20-24,59916441.36122802
S0,2023,25-29,57891071.63610179
S0,2023,30-34,55421280.96426716
S0,2023,35-39,54052574.40514863
S0,2023,40-44,45756655.99620023
S0,2023,45-49,39589009.1139348
S0,2023,50-54,31960731.416119564
S0,2023,55-59,27765581.68344742
S0,2023,60-64,27711902.56839844
S0,2023,65-69,21518263.75285578
S0,2023,70-74,14192077.04479928
S0,2023,75+,16064830.092357758
S0,2023,0-8,
S0,2023,9-14,
S0,2023,0-17,
S0,2023,18-29,
S0,2023,30-65,
S0,2023,66+,
S0,2023,15-26,
S0,2023,27-45,
S0,2023,46-65,
S0,2024,00-04,51390649.93821394
S0,2024,05-09,56404650.84757511
S0,2024,10-14,61617776.282883234
S0,2024,15-19,59632883.65839741
S0,2024,20-24,60282555.31649318
S0,2024,25-29,58248057.421918295
S0,2024,30-34,55854423.700313054
S0,2024,35-39,54803855.83987519
S0,2024,40-44,46912004.15909557
S0,2024,45-49,40401540.70899183
S0,2024,50-54,32962246.66287107
S0,2024,55-59,28563043.150246862
S0,2024,60-64,28176053.56128326
S0,2024,65-69,22030151.94361268
S0,2024,70-74,15041079.04327828
S0,2024,75+,16650449.992629692
S0,2024,0-8,
S0,2024,9-14,
S0,2024,0-17,
S0,2024,18-29,
S0,2024,30-65,
S0,2024,66+,
S0,2024,15-26,
S0,2024,27-45,
S0,2024,46-65,
S0,2025,00-04,51422440.12772111
S0,2025,05-09,56264535.04240681
S0,2025,10-14,60724259.93548973
S0,2025,15-19,59393520.45626116
S0,2025,20-24,60467436.54963291
S0,2025,25-29,58642248.71485025
S0,2025,30-34,56302152.6314919
S0,2025,35-39,55441578.22879908
S0,2025,40-44,48098151.11924415
S0,2025,45-49,41274860.89112335
S0,2025,50-54,34015942.06135655
S0,2025,55-59,29395442.192214206
S0,2025,60-64,28675779.26688043
S0,2025,65-69,22494628.517572436
S0,2025,70-74,15712491.54262808
S0,2025,75+,17532885.825346556
S0,2025,0-8,
S0,2025,9-14,
S0,2025,0-17,
S0,2025,18-29,
S0,2025,30-65,
S0,2025,66+,
S0,2025,15-26,
S0,2025,27-45,
S0,2025,46-65,
S0,2026,00-04,51670652.78841177
S0,2026,05-09,55770395.45020293
S0,2026,10-14,59998649.632526
S0,2026,15-19,59202757.41404764
S0,2026,20-24,60302204.87726559
S0,2026,25-29,59135135.027429104
S0,2026,30-34,56745660.78900096
S0,2026,35-39,55954006.39923079
S0,2026,40-44,49156708.55625635
S0,2026,45-49,42318559.90287989
S0,2026,50-54,35032835.10829682
S0,2026,55-59,30277617.735468224
S0,2026,60-64,29118809.62726536
S0,2026,65-69,22955870.31346105
S0,2026,70-74,16347862.89894988
S0,2026,75+,18482477.09347225
S0,2026,0-8,
S0,2026,9-14,
S0,2026,0-17,
S0,2026,18-29,
S0,2026,30-65,
S0,2026,66+,
S0,2026,15-26,
S0,2026,27-45,
S0,2026,46-65,
S0,2027,00-04,51920677.277423024
S0,2027,05-09,55116803.87182481
S0,2027,10-14,59353851.13867862
S0,2027,15-19,59054245.8586815
S0,2027,20-24,59822840.91585128
S0,2027,25-29,59666015.28377327
S0,2027,30-34,57125799.89593203
S0,2027,35-39,56265559.57790129
S0,2027,40-44,50230823.58903086
S0,2027,45-49,43329482.162202835
S0,2027,50-54,36059583.32453503
S0,2027,55-59,31204005.88410253
S0,2027,60-64,29540477.319635853
S0,2027,65-69,23402848.371207703
S0,2027,70-74,16944769.71143435
S0,2027,75+,19479717.785342965
S0,2027,0-8,
S0,2027,9-14,
S0,2027,0-17,
S0,2027,18-29,
S0,2027,30-65,
S0,2027,66+,
S0,2027,15-26,
S0,2027,27-45,
S0,2027,46-65,
S0,2028,00-04,52145683.74504457
S0,2028,05-09,54781185.31570713
S0,2028,10-14,58471065.83611059
S0,2028,15-19,58954000.67269021
S0,2028,20-24,59284048.82868935
S0,2028,25-29,60113442.29331531
S0,2028,30-34,57502418.88691037
S0,2028,35-39,56596147.75984178
S0,2028,40-44,51179293.863152355
S0,2028,45-49,44446274.77009905
S0,2028,50-54,37049048.3564696
S0,2028,55-59,32143823.509109315
S0,2028,60-64,29987785.965102624
S0,2028,65-69,23865326.77574228
S0,2028,70-74,17508091.35231558
S0,2028,75+,20545188.68873995
S0,2028,0-8,
S0,2028,9-14,
S0,2028,0-17,
S0,2028,18-29,
S0,2028,30-65,
S0,2028,66+,
S0,2028,15-26,
S0,2028,27-45,
S0,2028,46-65,
S0,2029,00-04,52340959.04333383
S0,2029,05-09,54348664.83272048
S0,2029,10-14,57867402.00062181
S0,2029,15-19,58714408.055825256
S0,2029,20-24,58867366.88950206
S0,2029,25-29,60380497.21328654
S0,2029,30-34,57918592.21633031
S0,2029,35-39,56842215.73123109
S0,2029,40-44,52058048.01500675
S0,2029,45-49,45633935.71927138
S0,2029,50-54,38024720.22879451
S0,2029,55-59,33118976.160701334
S0,2029,60-64,30476174.330814175
S0,2029,65-69,24354429.23515267
S0,2029,70-74,18026010.75223064
S0,2029,75+,21672005.098082155
S0,2029,0-8,
S0,2029,9-14,
S0,2029,0-17,
S0,2029,18-29,
S0,2029,30-65,
S0,2029,66+,
S0,2029,15-26,
S0,2029,27-45,
S0,2029,46-65,
S0,2030,00-04,52502140.07076241
S0,2030,05-09,54123850.04688326
S0,2030,10-14,57483822.83977855
S0,2030,15-19,58025995.37780737
S0,2030,20-24,58601005.9640598
S0,2030,25-29,60500365.83049735
S0,2030,30-34,58328642.94135924
S0,2030,35-39,57073278.26365554
S0,2030,40-44,52826972.3231619
S0,2030,45-49,46845131.273189366
S0,2030,50-54,39069234.55203661
S0,2030,55-59,34148907.60344663
S0,2030,60-64,30963301.44223738
S0,2030,65-69,24868271.77443233
S0,2030,70-74,18510920.02984181
S0,2030,75+,22859622.468662143
S0,2030,0-8,
S0,2030,9-14,
S0,2030,0-17,
S0,2030,18-29,
S0,2030,30-65,
S0,2030,66+,
S0,2030,15-26,
S0,2030,27-45,
S0,2030,46-65,
S0,2031,00-04,52634959.37674777
S0,2031,05-09,54120398.01994614
S0,2031,10-14,56750116.9791538
S0,2031,15-19,57497672.59418232
S0,2031,20-24,58381121.89218511
S0,2031,25-29,60263144.76647745
S0,2031,30-34,58830863.73941691
S0,2031,35-39,57304772.196665354
S0,2031,40-44,53484309.472954914
S0,2031,45-49,47935006.55358923
S0,2031,50-54,40276133.29105504
S0,2031,55-59,35129210.54150657
S0,2031,60-64,31494812.75825459
S0,2031,65-69,25346115.77216135
S0,2031,70-74,19003712.29060482
S0,2031,75+,24078126.994895797
S0,2031,0-8,
S0,2031,9-14,
S0,2031,0-17,
S0,2031,18-29,
S0,2031,30-65,
S0,2031,66+,
S0,2031,15-26,
S0,2031,27-45,
S0,2031,46-65,
S0,2032,00-04,52684928.47374994
S0,2032,05-09,54116281.36529556
S0,2032,10-14,55871445.118021384
S0,2032,15-19,57046593.06620613
S0,2032,20-24,58206864.58345535
S0,2032,25-29,59714231.84675331
S0,2032,30-34,59370770.21537186
S0,2032,35-39,57483537.27516273
S0,2032,40-44,53957249.44997262
S0,2032,45-49,49043516.29228461
S0,2032,50-54,41451153.65320503
S0,2032,55-59,36107947.74319047
S0,2032,60-64,32069159.914843813
S0,2032,65-69,25818644.400063884
S0,2032,70-74,19494231.47346134
S0,2032,75+,25308339.504286356
S0,2032,0-8,
S0,2032,9-14,
S0,2032,0-17,
S0,2032,18-29,
S0,2032,30-65,
S0,2032,66+,
S0,2032,15-26,
S0,2032,27-45,
S0,2032,46-65,
S0,2033,00-04,52688488.72757749
S0,2033,05-09,54087252.34266509
S0,2033,10-14,55333983.18570357
S0,2033,15-19,56361896.87616896
S0,2033,20-24,58081752.91835188
S0,2033,25-29,59110644.84050763
S0,2033,30-34,59829173.40610044
S0,2033,35-39,57673147.99721806
S0,2033,40-44,54453209.84051355
S0,2033,45-49,50031282.838602155
S0,2033,50-54,42722646.19191239
S0,2033,55-59,37036841.01801192
S0,2033,60-64,32658819.827323183
S0,2033,65-69,26326845.517150447
S0,2033,70-74,20006211.078214414
S0,2033,75+,26566309.81657395
S0,2033,0-8,
S0,2033,9-14,
S0,2033,0-17,
S0,2033,18-29,
S0,2033,30-65,
S0,2033,66+,
S0,2033,15-26,
S0,2033,27-45,
S0,2033,46-65,
S0,2034,00-04,52661261.714582406
S0,2034,05-09,54032493.59776463
S0,2034,10-14,54717680.25548214
S0,2034,15-19,55939762.67561319
S0,2034,20-24,57818002.43864113
S0,2034,25-29,58633917.31582252
S0,2034,30-34,60109528.05762027
S0,2034,35-39,57918571.568378806
S0,2034,40-44,54870289.361463815
S0,2034,45-49,50951917.7563009
S0,2034,50-54,44054640.31696977
S0,2034,55-59,37940581.57746539
S0,2034,60-64,33291680.373356104
S0,2034,65-69,26884114.451438032
S0,2034,70-74,20547956.565393522
S0,2034,75+,27837152.534733076
S0,2034,0-8,
S0,2034,9-14,
S0,2034,0-17,
S0,2034,18-29,
S0,2034,30-65,
S0,2034,66+,
S0,2034,15-26,
S0,2034,27-45,
S0,2034,46-65,
S0,2035,00-04,52590545.46304667
S0,2035,05-09,53950032.90199193
S0,2035,10-14,54330596.635590285
S0,2035,15-19,55723332.00269273
S0,2035,20-24,57109480.28541223
S0,2035,25-29,58313124.87750378
S0,2035,30-34,60244816.48026676
S0,2035,35-39,58176415.21893487
S0,2035,40-44,55273603.275960386
S0,2035,45-49,51765795.89118718
S0,2035,50-54,45399328.40084988
S0,2035,55-59,38902295.02406567
S0,2035,60-64,33990836.0230477
S0,2035,65-69,27451495.524528593
S0,2035,70-74,21116354.94652361
S0,2035,75+,29123217.05895141
S0,2035,0-8,
S0,2035,9-14,
S0,2035,0-17,
S0,2035,18-29,
S0,2035,30-65,
S0,2035,66+,
S0,2035,15-26,
S0,2035,27-45,
S0,2035,46-65,
S0,2036,00-04,52468812.43405278
S0,2036,05-09,53872821.1205521
S0,2036,10-14,54209830.73653054
S0,2036,15-19,55181285.43693967
S0,2036,20-24,56586560.12054537
S0,2036,25-29,58070821.04912985
S0,2036,30-34,60052916.14440645
S0,2036,35-39,58571813.45415224
S0,2036,40-44,55699199.92376462
S0,2036,45-49,52491350.84344321
S0,2036,50-54,46631129.11107938
S0,2036,55-59,40030477.857767
S0,2036,60-64,34671095.25213761
S0,2036,65-69,28079566.52037831
S0,2036,70-74,21667364.459758803
S0,2036,75+,30444887.389743652
S0,2036,0-8,
S0,2036,9-14,
S0,2036,0-17,
S0,2036,18-29,
S0,2036,30-65,
S0,2036,66+,
S0,2036,15-26,
S0,2036,27-45,
S0,2036,46-65,
S0,2037,00-04,52308429.05086789
S0,2037,05-09,53772087.67109185
S0,2037,10-14,54156630.97698443
S0,2037,15-19,54532927.47224553
S0,2037,20-24,56190668.240058005
S0,2037,25-29,57929854.432148665
S0,2037,30-34,59601721.391437024
S0,2037,35-39,59076394.90768282
S0,2037,40-44,56116937.41203104
S0,2037,45-49,53079122.81580159
S0,2037,50-54,47903369.17237899
S0,2037,55-59,41150984.87786114
S0,2037,60-64,35404515.1457389
S0,2037,65-69,28781365.487495482
S0,2037,70-74,22237286.221036766
S0,2037,75+,31796722.576448213
S0,2037,0-8,
S0,2037,9-14,
S0,2037,0-17,
S0,2037,18-29,
S0,2037,30-65,
S0,2037,66+,
S0,2037,15-26,
S0,2037,27-45,
S0,2037,46-65,
S0,2038,00-04,52110992.83057402
S0,2038,05-09,53639091.186393
S0,2038,10-14,54098650.7502899
S0,2038,15-19,54202474.62318705
S0,2038,20-24,55560716.97121896
S0,2038,25-29,57842007.28779187
S0,2038,30-34,59093673.77803601
S0,2038,35-39,59523265.39797733
S0,2038,40-44,56539549.94738725
S0,2038,45-49,53687719.41610938
S0,2038,50-54,49037597.573413745
S0,2038,55-59,42358346.19177663
S0,2038,60-64,36119726.99811691
S0,2038,65-69,29507861.04961823
S0,2038,70-74,22842140.977920335
S0,2038,75+,33179657.172039952
S0,2038,0-8,
S0,2038,9-14,
S0,2038,0-17,
S0,2038,18-29,
S0,2038,30-65,
S0,2038,66+,
S0,2038,15-26,
S0,2038,27-45,
S0,2038,46-65,
S0,2039,00-04,51855228.49861202
S0,2039,05-09,53486134.04134649
S0,2039,10-14,54029463.00678236
S0,2039,15-19,53772530.48747801
S0,2039,20-24,55185306.667451434
S0,2039,25-29,57614922.81626942
S0,2039,30-34,58704861.20184886
S0,2039,35-39,59811966.75573641
S0,2039,40-44,57003392.402432956
S0,2039,45-49,54210221.26119482
S0,2039,50-54,50077406.62228873
S0,2039,55-59,43613595.18636057
S0,2039,60-64,36844524.39777274
S0,2039,65-69,30281575.71701462
S0,2039,70-74,23491192.775177084
S0,2039,75+,34586383.07830971
S0,2039,0-8,
S0,2039,9-14,
S0,2039,0-17,
S0,2039,18-29,
S0,2039,30-65,
S0,2039,66+,
S0,2039,15-26,
S0,2039,27-45,
S0,2039,46-65,
S0,2040,00-04,51540994.005782925
S0,2040,05-09,53296225.87732951
S0,2040,10-14,53941959.998497516
S0,2040,15-19,53540249.79008891
S0,2040,20-24,55003333.26727059
S0,2040,25-29,56936138.14780816
S0,2040,30-34,58458157.9202551
S0,2040,35-39,59969534.80713569
S0,2040,40-44,57457853.33256694
S0,2040,45-49,54703830.54997192
S0,2040,50-54,50974903.21252784
S0,2040,55-59,44865622.24613108
S0,2040,60-64,37661189.67704149
S0,2040,65-69,31118627.31715682
S0,2040,70-74,24146095.707734503
S0,2040,75+,36012798.56424367
S0,2040,0-8,
S0,2040,9-14,
S0,2040,0-17,
S0,2040,18-29,
S0,2040,30-65,
S0,2040,66+,
S0,2040,15-26,
S0,2040,27-45,
S0,2040,46-65,
S0,2041,00-04,51182311.59426406
S0,2041,05-09,53055427.22980996
S0,2041,10-14,53861037.23186185
S0,2041,15-19,53534826.27585775
S0,2041,20-24,54476614.05861046
S0,2041,25-29,56427725.62430725
S0,2041,30-34,58267148.44796887
S0,2041,35-39,59805866.67268611
S0,2041,40-44,58016267.33653381
S0,2041,45-49,55195148.47544561
S0,2041,50-54,51737239.5111063
S0,2041,55-59,45984807.31752225
S0,2041,60-64,38673009.68983375
S0,2041,65-69,31935328.134630717
S0,2041,70-74,24847044.002146304
S0,2041,75+,37435778.055674545
S0,2041,0-8,
S0,2041,9-14,
S0,2041,0-17,
S0,2041,18-29,
S0,2041,30-65,
S0,2041,66+,
S0,2041,15-26,
S0,2041,27-45,
S0,2041,46-65,
S0,2042,00-04,50782031.345102996
S0,2042,05-09,52773669.00491196
S0,2042,10-14,53742842.41593186
S0,2042,15-19,53555501.678917445
S0,2042,20-24,53821303.14860369
S0,2042,25-29,56025724.69863325
S0,2042,30-34,58148653.692427374
S0,2042,35-39,59368761.06482904
S0,2042,40-44,58639776.422810055
S0,2042,45-49,55648481.08712947
S0,2042,50-54,52325920.160227776
S0,2042,55-59,47131559.34987383
S0,2042,60-64,39692905.35208395
S0,2042,65-69,32782066.54564833
S0,2042,70-74,25597767.26655878
S0,2042,75+,38875616.13111251
S0,2042,0-8,
S0,2042,9-14,
S0,2042,0-17,
S0,2042,18-29,
S0,2042,30-65,
S0,2042,66+,
S0,2042,15-26,
S0,2042,27-45,
S0,2042,46-65,
S0,2043,00-04,50359488.85917325
S0,2043,05-09,52456717.9611499
S0,2043,10-14,53570320.04643854
S0,2043,15-19,53530576.78842103
S0,2043,20-24,53460949.86174497
S0,2043,25-29,55366914.15483892
S0,2043,30-34,58053959.24040863
S0,2043,35-39,58846736.4154448
S0,2043,40-44,59156691.94206491
S0,2043,45-49,56075819.76196544
S0,2043,50-54,52912509.104501724
S0,2043,55-59,48143835.04339507
S0,2043,60-64,40795030.47527538
S0,2043,65-69,33576139.01498078
S0,2043,70-74,26348698.75154614
S0,2043,75+,40351374.083386205
S0,2043,0-8,
S0,2043,9-14,
S0,2043,0-17,
S0,2043,18-29,
S0,2043,30-65,
S0,2043,66+,
S0,2043,15-26,
S0,2043,27-45,
S0,2043,46-65,
S0,2044,00-04,49929976.10746334
S0,2044,05-09,52088613.6435481
S0,2044,10-14,53360690.35915956
S0,2044,15-19,53457188.982694164
S0,2044,20-24,52982815.50863891
S0,2044,25-29,54943913.0035148
S0,2044,30-34,57794034.13650789
S0,2044,35-39,58419960.53854768
S0,2044,40-44,59469399.55138102
S0,2044,45-49,56516951.2359992
S0,2044,50-54,53395839.13813019
S0,2044,55-59,49071949.23665674
S0,2044,60-64,41946153.32208408
S0,2044,65-69,34342694.05211855
S0,2044,70-74,27119057.069533933
S0,2044,75+,41865001.82269381
S0,2044,0-8,
S0,2044,9-14,
S0,2044,0-17,
S0,2044,18-29,
S0,2044,30-65,
S0,2044,66+,
S0,2044,15-26,
S0,2044,27-45,
S0,2044,46-65,
S0,2045,00-04,49500712.76204881
S0,2045,05-09,51681634.94804284
S0,2045,10-14,53108848.46063161
S0,2045,15-19,53339584.232713215
S0,2045,20-24,52695813.53911877
S0,2045,25-29,54708036.48571885
S0,2045,30-34,57068444.52610993
S0,2045,35-39,58123024.41384746
S0,2045,40-44,59614641.52075674
S0,2045,45-49,56931800.7480409
S0,2045,50-54,53842210.69204914
S0,2045,55-59,49880919.6499164
S0,2045,60-64,43107034.673869304
S0,2045,65-69,35161998.37572838
S0,2045,70-74,27924189.285698213
S0,2045,75+,43386679.3041099
S0,2045,0-8,
S0,2045,9-14,
S0,2045,0-17,
S0,2045,18-29,
S0,2045,30-65,
S0,2045,66+,
S0,2045,15-26,
S0,2045,27-45,
S0,2045,46-65,
S0,2046,00-04,49052773.10750692
S0,2046,05-09,51262817.40520957
S0,2046,10-14,52813827.10986808
S0,2046,15-19,53214366.22081505
S0,2046,20-24,52640429.39015973
S0,2046,25-29,54135137.63122352
S0,2046,30-34,56515509.09868282
S0,2046,35-39,57883949.39492159
S0,2046,40-44,59417378.4964917
S0,2046,45-49,57445704.86312481
S0,2046,50-54,54289928.73405255
S0,2046,55-59,50590924.15627685
S0,2046,60-64,44164723.53407234
S0,2046,65-69,36134348.1521482
S0,2046,70-74,28691770.8735073
S0,2046,75+,44939841.538479805
S0,2046,0-8,
S0,2046,9-14,
S0,2046,0-17,
S0,2046,18-29,
S0,2046,30-65,
S0,2046,66+,
S0,2046,15-26,
S0,2046,27-45,
S0,2046,46-65,
S0,2047,00-04,48620336.37562578
S0,2047,05-09,50826453.37548177
S0,2047,10-14,52490282.79522745
S0,2047,15-19,53053113.40810712
S0,2047,20-24,52620088.734339856
S0,2047,25-29,53443815.56708363
S0,2047,30-34,56076822.88641707
S0,2047,35-39,57726021.49008462
S0,2047,40-44,58946011.87354303
S0,2047,45-49,58030301.57017826
S0,2047,50-54,54710534.97734663
S0,2047,55-59,51157253.86551258
S0,2047,60-64,45269180.888870716
S0,2047,65-69,37105245.7557019
S0,2047,70-74,29483588.55116061
S0,2047,75+,46557348.85441875
S0,2047,0-8,
S0,2047,9-14,
S0,2047,0-17,
S0,2047,18-29,
S0,2047,30-65,
S0,2047,66+,
S0,2047,15-26,
S0,2047,27-45,
S0,2047,46-65,
S0,2048,00-04,48199604.93903203
S0,2048,05-09,50381482.826012835
S0,2048,10-14,52145743.74657169
S0,2048,15-19,52851398.58953246
S0,2048,20-24,52566575.0766473
S0,2048,25-29,53059847.61611901
S0,2048,30-34,55395311.81782169
S0,2048,35-39,57605709.42642421
S0,2048,40-44,58404474.70388211
S0,2048,45-49,58521673.81449625
S0,2048,50-54,55117359.36506926
S0,2048,55-59,51731850.581013
S0,2048,60-64,46253007.53585107
S0,2048,65-69,38159332.50517215
S0,2048,70-74,30233133.44742401
S0,2048,75+,48213145.64682488
S0,2048,0-8,
S0,2048,9-14,
S0,2048,0-17,
S0,2048,18-29,
S0,2048,30-65,
S0,2048,66+,
S0,2048,15-26,
S0,2048,27-45,
S0,2048,46-65,
S0,2049,00-04,47794261.64793311
S0,2049,05-09,49943150.60525455
S0,2049,10-14,51764139.70130625
S0,2049,15-19,52626087.506020084
S0,2049,20-24,52476938.24845158
S0,2049,25-29,52571811.00691878
S0,2049,30-34,54964502.01719959
S0,2049,35-39,57336611.04894108
S0,2049,40-44,57972068.78544432
S0,2049,45-49,58824432.16997259
S0,2049,50-54,55550427.21341036
S0,2049,55-59,52217279.52053491
S0,2049,60-64,47166811.43609712
S0,2049,65-69,39267678.1177097
S0,2049,70-74,30966155.85032811
S0,2049,75+,49929751.51403603
S0,2049,0-8,
S0,2049,9-14,
S0,2049,0-17,
S0,2049,18-29,
S0,2049,30-65,
S0,2049,66+,
S0,2049,15-26,
S0,2049,27-45,
S0,2049,46-65,
S0,2050,00-04,47409736.56692077
S0,2050,05-09,49513327.98033723
S0,2050,10-14,51353064.184115395
S0,2050,15-19,52368439.76088551
S0,2050,20-24,52352090.82368158
S0,2050,25-29,52282372.77505307
S0,2050,30-34,54729074.65834372
S0,2050,35-39,56615558.758174255
S0,2050,40-44,57678422.98472418
S0,2050,45-49,58971469.53448153
S0,2050,50-54,55967353.51412968
S0,2050,55-59,52675921.46886596
S0,2050,60-64,47974938.63948294
S0,2050,65-69,40393105.53959287
S0,2050,70-74,31754492.126976408
S0,2050,75+,51690608.90579137
S0,2050,0-8,
S0,2050,9-14,
S0,2050,0-17,
S0,2050,18-29,
S0,2050,30-65,
S0,2050,66+,
S0,2050,15-26,
S0,2050,27-45,
S0,2050,46-65,
S0,2051,00-04,47057393.52742918
S0,2051,05-09,49068473.08862576
S0,2051,10-14,50934321.30845258
S0,2051,15-19,52072575.74330939
S0,2051,20-24,52224794.28859113
S0,2051,25-29,52228483.97270614
S0,2051,30-34,54160796.01790023
S0,2051,35-39,56069845.2898469
S0,2051,40-44,57446042.83833101
S0,2051,45-49,58783933.271907344
S0,2051,50-54,56485859.303359896
S0,2051,55-59,53139466.49197689
S0,2051,60-64,48691326.52734309
S0,2051,65-69,41426187.59533404
S0,2051,70-74,32685281.11317905
S0,2051,75+,53449586.63643596
S0,2051,0-8,
S0,2051,9-14,
S0,2051,0-17,
S0,2051,18-29,
S0,2051,30-65,
S0,2051,66+,
S0,2051,15-26,
S0,2051,27-45,
S0,2051,46-65,
S0,2052,00-04,46727964.01414274
S0,2052,05-09,48639222.721385606
S0,2052,10-14,50498322.57074893
S0,2052,15-19,51748440.63196081
S0,2052,20-24,52061633.24960403
S0,2052,25-29,52209804.20667297
S0,2052,30-34,53474568.67297284
S0,2052,35-39,55637769.98828295
S0,2052,40-44,57294119.65782056
S0,2052,45-49,58325452.20038607
S0,2052,50-54,57073999.031472
S0,2052,55-59,53576578.22348784
S0,2052,60-64,49270617.774562314
S0,2052,65-69,42504836.05242996
S0,2052,70-74,33617230.13164767
S0,2052,75+,55286698.27153906
S0,2052,0-8,
S0,2052,9-14,
S0,2052,0-17,
S0,2052,18-29,
S0,2052,30-65,
S0,2052,66+,
S0,2052,15-26,
S0,2052,27-45,
S0,2052,46-65,
S0,2053,00-04,46420526.61610657
S0,2053,05-09,48221309.17852409
S0,2053,10-14,50053437.55359371
S0,2053,15-19,51403521.619418584
S0,2053,20-24,51859030.08062447
S0,2053,25-29,52158945.08850765
S0,2053,30-34,53095869.65523298
S0,2053,35-39,54965130.34234638
S0,2053,40-44,57179447.853591666
S0,2053,45-49,57797568.823091775
S0,2053,50-54,57570084.72399175
S0,2053,55-59,54000251.63609816
S0,2053,60-64,49857734.724080585
S0,2053,65-69,43469951.57952701
S0,2053,70-74,34624803.98541833
S0,2053,75+,57121476.70048148
S0,2053,0-8,
S0,2053,9-14,
S0,2053,0-17,
S0,2053,18-29,
S0,2053,30-65,
S0,2053,66+,
S0,2053,15-26,
S0,2053,27-45,
S0,2053,46-65,
S0,2054,00-04,46134326.56861195
S0,2054,05-09,47819804.39993434
S0,2054,10-14,49615922.34824926
S0,2054,15-19,51022769.49993637
S0,2054,20-24,51634711.086936615
S0,2054,25-29,52074525.59982976
S0,2054,30-34,52615237.13189659
S0,2054,35-39,54542415.91153946
S0,2054,40-44,56917853.66536535
S0,2054,45-49,57378119.65999653
S0,2054,50-54,57880329.77888113
S0,2054,55-59,54449623.65948011
S0,2054,60-64,50359134.45287629
S0,2054,65-69,44370186.25416534
S0,2054,70-74,35682472.098724656
S0,2054,75+,58993199.255041726
S0,2054,0-8,
S0,2054,9-14,
S0,2054,0-17,
S0,2054,18-29,
S0,2054,30-65,
S0,2054,66+,
S0,2054,15-26,
S0,2054,27-45,
S0,2054,46-65,
S0,2055,00-04,45842679.49388565
S0,2055,05-09,47437897.69960074
S0,2055,10-14,49186146.40896451
S0,2055,15-19,50611869.73206447
S0,2055,20-24,51376077.78748579
S0,2055,25-29,51952511.776550554
S0,2055,30-34,52331437.53515589
S0,2055,35-39,54312056.67426421
S0,2055,40-44,56206882.58589805
S0,2055,45-49,57095427.50650762
S0,2055,50-54,58036354.51034813
S0,2055,55-59,54882536.01035114
S0,2055,60-64,50834346.68549071
S0,2055,65-69,45171673.38377973
S0,2055,70-74,36757527.69622266
S0,2055,75+,60951672.08835572
S0,2055,0-8,
S0,2055,9-14,
S0,2055,0-17,
S0,2055,18-29,
S0,2055,30-65,
S0,2055,66+,
S0,2055,15-26,
S0,2055,27-45,
S0,2055,46-65,
S0,2056,00-04,45565785.69556021
S0,2056,05-09,47087018.57393662
S0,2056,10-14,48740563.71978198
S0,2056,15-19,50193217.845554836
S0,2056,20-24,51079900.08512067
S0,2056,25-29,51827739.7697449
S0,2056,30-34,52282049.76921282
S0,2056,35-39,53750963.44334991
S0,2056,40-44,55669433.33641033
S0,2056,45-49,56872588.33206849
S0,2056,50-54,57862787.490199
S0,2056,55-59,55415209.08376361
S0,2056,60-64,51313962.90900154
S0,2056,65-69,45886839.42622348
S0,2056,70-74,37751140.28432214
S0,2056,75+,63034627.55270487
S0,2056,0-8,
S0,2056,9-14,
S0,2056,0-17,
S0,2056,18-29,
S0,2056,30-65,
S0,2056,66+,
S0,2056,15-26,
S0,2056,27-45,
S0,2056,46-65,
S0,2057,00-04,45307334.69269776
S0,2057,05-09,46757908.44552368
S0,2057,10-14,48309705.09302425
S0,2057,15-19,49756456.06879668
S0,2057,20-24,50753458.44956404
S0,2057,25-29,51664759.17234756
S0,2057,30-34,52266288.58036019
S0,2057,35-39,53072127.95504761
S0,2057,40-44,55244141.01560847
S0,2057,45-49,56728536.05584898
S0,2057,50-54,57422285.78529366
S0,2057,55-59,56015810.06339299
S0,2057,60-64,51767718.83537988
S0,2057,65-69,46474415.27671303
S0,2057,70-74,38788687.94581938
S0,2057,75+,65186192.5167544
S0,2057,0-8,
S0,2057,9-14,
S0,2057,0-17,
S0,2057,18-29,
S0,2057,30-65,
S0,2057,66+,
S0,2057,15-26,
S0,2057,27-45,
S0,2057,46-65,
S0,2058,00-04,45067979.30317184
S0,2058,05-09,46450952.01224144
S0,2058,10-14,47890465.22146536
S0,2058,15-19,49311949.158240244
S0,2058,20-24,50408298.14911061
S0,2058,25-29,51463732.21968311
S0,2058,30-34,52218685.783080444
S0,2058,35-39,52698300.624729715
S0,2058,40-44,54580090.04371735
S0,2058,45-49,56621205.86523688
S0,2058,50-54,56913487.03843609
S0,2058,55-59,56525266.62591443
S0,2058,60-64,52208543.65630741
S0,2058,65-69,47069274.764619924
S0,2058,70-74,39722583.10236494
S0,2058,75+,67399108.0289435
S0,2058,0-8,
S0,2058,9-14,
S0,2058,0-17,
S0,2058,18-29,
S0,2058,30-65,
S0,2058,66+,
S0,2058,15-26,
S0,2058,27-45,
S0,2058,46-65,
S0,2059,00-04,44826524.08519297
S0,2059,05-09,46164155.02223416
S0,2059,10-14,47487040.80166774
S0,2059,15-19,48874370.344007045
S0,2059,20-24,50026979.13104175
S0,2059,25-29,51239465.5564482
S0,2059,30-34,52135545.77003866
S0,2059,35-39,52222238.24114102
S0,2059,40-44,54163247.23690626
S0,2059,45-49,56367605.03783112
S0,2059,50-54,56510964.84050611
S0,2059,55-59,56851027.88798204
S0,2059,60-64,52673952.47655389
S0,2059,65-69,47583610.66485354
S0,2059,70-74,40599056.52200456
S0,2059,75+,69689675.10864016
S0,2059,0-8,
S0,2059,9-14,
S0,2059,0-17,
S0,2059,18-29,
S0,2059,30-65,
S0,2059,66+,
S0,2059,15-26,
S0,2059,27-45,
S0,2059,46-65,
S0,2060,00-04,44596492.10119401
S0,2060,05-09,45873820.33365963
S0,2060,10-14,47104569.413231194
S0,2060,15-19,48445718.83198172
S0,2060,20-24,49618030.791867405
S0,2060,25-29,50984417.57318847
S0,2060,30-34,52018007.36389486
S0,2060,35-39,51943490.84901353
S0,2060,40-44,53938200.81896452
S0,2060,45-49,55669657.7896638
S0,2060,50-54,56243968.28976397
S0,2060,55-59,57025294.877901755
S0,2060,60-64,53124076.55917113
S0,2060,65-69,48074404.85745348
S0,2060,70-74,41387564.82045593
S0,2060,75+,72069078.42171611
S0,2060,0-8,
S0,2060,9-14,
S0,2060,0-17,
S0,2060,18-29,
S0,2060,30-65,
S0,2060,66+,
S0,2060,15-26,
S0,2060,27-45,
S0,2060,46-65,
S0,2061,00-04,44360902.453337535
S0,2061,05-09,45597270.195308656
S0,2061,10-14,46752560.47450414
S0,2061,15-19,48001119.835325584
S0,2061,20-24,49200461.12411751
S0,2061,25-29,50690016.27677575
S0,2061,30-34,51895676.33590866
S0,2061,35-39,51895697.92599069
S0,2061,40-44,53383979.06698822
S0,2061,45-49,55143130.057692766
S0,2061,50-54,56034907.48329156
S0,2061,55-59,56875211.9253282
S0,2061,60-64,53670976.30294248
S0,2061,65-69,48568966.780317165
S0,2061,70-74,42096915.09972055
S0,2061,75+,74481810.50330427
S0,2061,0-8,
S0,2061,9-14,
S0,2061,0-17,
S0,2061,18-29,
S0,2061,30-65,
S0,2061,66+,
S0,2061,15-26,
S0,2061,27-45,
S0,2061,46-65,
S0,2062,00-04,44095540.3128157
S0,2062,05-09,45340257.12851148
S0,2062,10-14,46423091.670977
S0,2062,15-19,47571328.94357814
S0,2062,20-24,48764370.24638496
S0,2062,25-29,50365585.43965115
S0,2062,30-34,51736322.79429853
S0,2062,35-39,51882235.65697488
S0,2062,40-44,52713651.876266055
S0,2062,45-49,54728225.03329419
S0,2062,50-54,55903213.02123828
S0,2062,55-59,56463105.77456859
S0,2062,60-64,54284021.97020795
S0,2062,65-69,49039400.30984809
S0,2062,70-74,42691995.65221144
S0,2062,75+,76987730.93783921
S0,2062,0-8,
S0,2062,9-14,
S0,2062,0-17,
S0,2062,18-29,
S0,2062,30-65,
S0,2062,66+,
S0,2062,15-26,
S0,2062,27-45,
S0,2062,46-65,
S0,2063,00-04,43828383.74789836
S0,2063,05-09,45101141.62819276
S0,2063,10-14,46115048.522930786
S0,2063,15-19,47152968.81906801
S0,2063,20-24,48320303.269219086
S0,2063,25-29,50020720.65357709
S0,2063,30-34,51536666.95683406
S0,2063,35-39,51835726.895157844
S0,2063,40-44,52344936.60774816
S0,2063,45-49,54075843.23404349
S0,2063,50-54,55806727.4955973
S0,2063,55-59,55983124.42133261
S0,2063,60-64,54807538.1503416
S0,2063,65-69,49497173.85017044
S0,2063,70-74,43292777.36937068
S0,2063,75+,79448385.22928883
S0,2063,0-8,
S0,2063,9-14,
S0,2063,0-17,
S0,2063,18-29,
S0,2063,30-65,
S0,2063,66+,
S0,2063,15-26,
S0,2063,27-45,
S0,2063,46-65,
S0,2064,00-04,43555816.94616149
S0,2064,05-09,44860576.22247808
S0,2064,10-14,45827535.279396124
S0,2064,15-19,46751070.79679048
S0,2064,20-24,47884998.66578932
S0,2064,25-29,49641828.27978434
S0,2064,30-34,51315082.916939884
S0,2064,35-39,51754839.893605486
S0,2064,40-44,51875444.32894373
S0,2064,45-49,53668786.30935697
S0,2064,50-54,55565960.19658161
S0,2064,55-59,55607669.81517953
S0,2064,60-64,55152041.2391694
S0,2064,65-69,49978145.64470647
S0,2064,70-74,43820148.32015672
S0,2064,75+,81919788.7210858
S0,2064,0-8,
S0,2064,9-14,
S0,2064,0-17,
S0,2064,18-29,
S0,2064,30-65,
S0,2064,66+,
S0,2064,15-26,
S0,2064,27-45,
S0,2064,46-65,
S0,2065,00-04,43283352.869076215
S0,2065,05-09,44629994.31141657
S0,2065,10-14,45535607.67137174
S0,2065,15-19,46369057.67058298
S0,2065,20-24,47457267.92126177
S0,2065,25-29,49233184.88911277
S0,2065,30-34,51060378.854810685
S0,2065,35-39,51638325.69905164
S0,2065,40-44,51600741.36883901
S0,2065,45-49,53450279.85414256
S0,2065,50-54,54886193.71635029
S0,2065,55-59,55365353.3686223
S0,2065,60-64,55348677.04734614
S0,2065,65-69,50444841.42419889
S0,2065,70-74,44327118.20660023
S0,2065,75+,84388238.07891898
S0,2065,0-8,
S0,2065,9-14,
S0,2065,0-17,
S0,2065,18-29,
S0,2065,30-65,
S0,2065,66+,
S0,2065,15-26,
S0,2065,27-45,
S0,2065,46-65,
S0,2066,00-04,42997727.06600921
S0,2066,05-09,44393830.19287782
S0,2066,10-14,45257514.178082615
S0,2066,15-19,46017105.89793644
S0,2066,20-24,47013484.32678128
S0,2066,25-29,48815622.99690595
S0,2066,30-34,50766060.87428993
S0,2066,35-39,51516905.62907551
S0,2066,40-44,51554935.89847638
S0,2066,45-49,52905342.98473581
S0,2066,50-54,54375447.20621464
S0,2066,55-59,55178717.19078597
S0,2066,60-64,55230030.00176167
S0,2066,65-69,51003984.38627686
S0,2066,70-74,44836903.00498661
S0,2066,75+,86804295.99332426
S0,2066,0-8,
S0,2066,9-14,
S0,2066,0-17,
S0,2066,18-29,
S0,2066,30-65,
S0,2066,66+,
S0,2066,15-26,
S0,2066,27-45,
S0,2066,46-65,
S0,2067,00-04,42718591.86153586
S0,2067,05-09,44130318.6523741
S0,2067,10-14,45000551.14185697
S0,2067,15-19,45689282.18537102
S0,2067,20-24,46588188.096429385
S0,2067,25-29,48384814.77711931
S0,2067,30-34,50446151.60359007
S0,2067,35-39,51361727.34140588
S0,2067,40-44,51545015.29925609
S0,2067,45-49,52246862.6865721
S0,2067,50-54,53976025.13431466
S0,2067,55-59,55068302.97782709
S0,2067,60-64,54857967.26181832
S0,2067,65-69,51627215.42321356
S0,2067,70-74,45325933.79351318
S0,2067,75+,89200610.12701485
S0,2067,0-8,
S0,2067,9-14,
S0,2067,0-17,
S0,2067,18-29,
S0,2067,30-65,
S0,2067,66+,
S0,2067,15-26,
S0,2067,27-45,
S0,2067,46-65,
S0,2068,00-04,42416621.20081041
S0,2068,05-09,43864413.39033657
S0,2068,10-14,44761129.54202175
S0,2068,15-19,45382140.17414093
S0,2068,20-24,46173074.39247722
S0,2068,25-29,47944495.34551804
S0,2068,30-34,50104556.69737138
S0,2068,35-39,51165842.80437943
S0,2068,40-44,51501745.22966424
S0,2068,45-49,51886603.099022046
S0,2068,50-54,53341534.24077156
S0,2068,55-59,54991450.984279364
S0,2068,60-64,54419205.26979941
S0,2068,65-69,52163471.24016121
S0,2068,70-74,45802949.8886296
S0,2068,75+,91556093.86034824
S0,2068,0-8,
S0,2068,9-14,
S0,2068,0-17,
S0,2068,18-29,
S0,2068,30-65,
S0,2068,66+,
S0,2068,15-26,
S0,2068,27-45,
S0,2068,46-65,
S0,2069,00-04,42104438.6779899
S0,2069,05-09,43591733.95531521
S0,2069,10-14,44519509.717470974
S0,2069,15-19,45094547.19434349
S0,2069,20-24,45772743.04119639
S0,2069,25-29,47510169.52285501
S0,2069,30-34,49726213.34554021
S0,2069,35-39,50946399.22526933
S0,2069,40-44,51423125.828760155
S0,2069,45-49,51425951.15926328
S0,2069,50-54,52948613.43699174
S0,2069,55-59,54771316.70005508
S0,2069,60-64,54081306.45746341
S0,2069,65-69,52527140.14266023
S0,2069,70-74,46300792.73225113
S0,2069,75+,93850025.79574281
S0,2069,0-8,
S0,2069,9-14,
S0,2069,0-17,
S0,2069,18-29,
S0,2069,30-65,
S0,2069,66+,
S0,2069,15-26,
S0,2069,27-45,
S0,2069,46-65,
S0,2070,00-04,41769154.32623282
S0,2070,05-09,43320501.25914359
S0,2070,10-14,44288957.00541556
S0,2070,15-19,44803628.65286078
S0,2070,20-24,45393482.66079316
S0,2070,25-29,47085094.53604308
S0,2070,30-34,49319676.39797296
S0,2070,35-39,50695248.687954605
S0,2070,40-44,51309810.30266628
S0,2070,45-49,51158652.32909842
S0,2070,50-54,52740612.55830544
S0,2070,55-59,54117717.38987027
S0,2070,60-64,53873270.1719213
S0,2070,65-69,52749222.52169222
S0,2070,70-74,46786186.55091292
S0,2070,75+,96121233.67823473
S0,2070,0-8,
S0,2070,9-14,
S0,2070,0-17,
S0,2070,18-29,
S0,2070,30-65,
S0,2070,66+,
S0,2070,15-26,
S0,2070,27-45,
S0,2070,46-65,
S0,2071,00-04,41432800.87302005
S0,2071,05-09,43036203.388592735
S0,2071,10-14,44052910.70958036
S0,2071,15-19,44526326.384355776
S0,2071,20-24,45043885.793127745
S0,2071,25-29,46644061.02017182
S0,2071,30-34,48904570.19319698
S0,2071,35-39,50405112.38485821
S0,2071,40-44,51191725.93208941
S0,2071,45-49,51117925.03201932
S0,2071,50-54,52210265.86886111
S0,2071,55-59,53630979.25606951
S0,2071,60-64,53717875.12847294
S0,2071,65-69,52670374.80211482
S0,2071,70-74,47358491.26953761
S0,2071,75+,98348755.6453419
S0,2071,0-8,
S0,2071,9-14,
S0,2071,0-17,
S0,2071,18-29,
S0,2071,30-65,
S0,2071,66+,
S0,2071,15-26,
S0,2071,27-45,
S0,2071,46-65,
S0,2072,00-04,41095334.61704241
S0,2072,05-09,42756481.005377494
S0,2072,10-14,43788455.50356118
S0,2072,15-19,44269219.81653758
S0,2072,20-24,44717481.23241148
S0,2072,25-29,46219091.11335873
S0,2072,30-34,48473086.01290277
S0,2072,35-39,50087395.16344006
S0,2072,40-44,51038662.77647023
S0,2072,45-49,51111724.22767518
S0,2072,50-54,51567623.94229466
S0,2072,55-59,53253888.01255517
S0,2072,60-64,53635195.017509766
S0,2072,65-69,52350105.932668485
S0,2072,70-74,47990499.70029449
S0,2072,75+,100537657.6104111
S0,2072,0-8,
S0,2072,9-14,
S0,2072,0-17,
S0,2072,18-29,
S0,2072,30-65,
S0,2072,66+,
S0,2072,15-26,
S0,2072,27-45,
S0,2072,46-65,
S0,2073,00-04,40751187.89946193
S0,2073,05-09,42454784.83546096
S0,2073,10-14,43522395.04336026
S0,2073,15-19,44029998.06981599
S0,2073,20-24,44412414.09571179
S0,2073,25-29,45805479.58539103
S0,2073,30-34,48033188.918378145
S0,2073,35-39,49748929.776098296
S0,2073,40-44,50845603.298416644
S0,2073,45-49,51072705.99791408
S0,2073,50-54,51218990.63814548
S0,2073,55-59,52643985.76149511
S0,2073,60-64,53584416.28493295
S0,2073,65-69,51966107.28122417
S0,2073,70-74,48539683.60816714
S0,2073,75+,102680847.31509858
S0,2073,0-8,
S0,2073,9-14,
S0,2073,0-17,
S0,2073,18-29,
S0,2073,30-65,
S0,2073,66+,
S0,2073,15-26,
S0,2073,27-45,
S0,2073,46-65,
S0,2074,00-04,40412381.9982392
S0,2074,05-09,42143588.86445493
S0,2074,10-14,43250105.14050209
S0,2074,15-19,43789170.730739355
S0,2074,20-24,44128058.66866019
S0,2074,25-29,45408555.67341626
S0,2074,30-34,47600982.99279813
S0,2074,35-39,49375145.11300164
S0,2074,40-44,50629866.683309
S0,2074,45-49,50999120.14451438
S0,2074,50-54,50772245.405226186
S0,2074,55-59,52273116.79616737
S0,2074,60-64,53393724.04498833
S0,2074,65-69,51679061.51681474
S0,2074,70-74,48926987.14138138
S0,2074,75+,104802668.14357568
S0,2074,0-8,
S0,2074,9-14,
S0,2074,0-17,
S0,2074,18-29,
S0,2074,30-65,
S0,2074,66+,
S0,2074,15-26,
S0,2074,27-45,
S0,2074,46-65,
S0,2075,00-04,40084820.16414917
S0,2075,05-09,41808859.165534645
S0,2075,10-14,42979019.660721615
S0,2075,15-19,43559033.21460798
S0,2075,20-24,43840169.34654203
S0,2075,25-29,45032218.68220598
S0,2075,30-34,47177462.50020925
S0,2075,35-39,48972965.73277836
S0,2075,40-44,50382271.71639891
S0,2075,45-49,50890843.86177012
S0,2075,50-54,50515872.6815822
S0,2075,55-59,52082551.31702453
S0,2075,60-64,52778938.61713797
S0,2075,65-69,51516283.462665945
S0,2075,70-74,49180578.1413633
S0,2075,75+,106895409.84207721
S0,2075,0-8,
S0,2075,9-14,
S0,2075,0-17,
S0,2075,18-29,
S0,2075,30-65,
S0,2075,66+,
S0,2075,15-26,
S0,2075,27-45,
S0,2075,46-65,
S0,2076,00-04,39749971.26309754
S0,2076,05-09,41473587.465890095
S0,2076,10-14,42695495.92030757
S0,2076,15-19,43323790.06931606
S0,2076,20-24,43565861.07928349
S0,2076,25-29,44685650.33210244
S0,2076,30-34,46738385.22810094
S0,2076,35-39,48562657.1250238
S0,2076,40-44,50096188.75384757
S0,2076,45-49,50777943.72212285
S0,2076,50-54,50482671.13594908
S0,2076,55-59,51573244.06854936
S0,2076,60-64,52327179.22575584
S0,2076,65-69,51401924.75434339
S0,2076,70-74,49153649.89309266
S0,2076,75+,109038237.09527652
S0,2076,0-8,
S0,2076,9-14,
S0,2076,0-17,
S0,2076,18-29,
S0,2076,30-65,
S0,2076,66+,
S0,2076,15-26,
S0,2076,27-45,
S0,2076,46-65,
S0,2077,00-04,39417834.70130929
S0,2077,05-09,41137287.086507544
S0,2077,10-14,42416700.6762275
S0,2077,15-19,43060929.30099881
S0,2077,20-24,43312352.55289841
S0,2077,25-29,44362800.901013665
S0,2077,30-34,46315612.87850189
S0,2077,35-39,48136255.06247339
S0,2077,40-44,49782797.059228815
S0,2077,45-49,50630374.13200226
S0,2077,50-54,50483409.01199674
S0,2077,55-59,50953417.48052035
S0,2077,60-64,51982618.21630076
S0,2077,65-69,51355497.92888461
S0,2077,70-74,48902455.97703093
S0,2077,75+,111211407.61579269
S0,2077,0-8,
S0,2077,9-14,
S0,2077,0-17,
S0,2077,18-29,
S0,2077,30-65,
S0,2077,66+,
S0,2077,15-26,
S0,2077,27-45,
S0,2077,46-65,
S0,2078,00-04,39105182.58008987
S0,2078,05-09,40793888.1020481
S0,2078,10-14,42115750.09282205
S0,2078,15-19,42796185.28278041
S0,2078,20-24,43076195.6627971
S0,2078,25-29,44060866.08809339
S0,2078,30-34,45903931.48953392
S0,2078,35-39,47701295.85536258
S0,2078,40-44,49448596.18958825
S0,2078,45-49,50442940.17550564
S0,2078,50-54,50451554.3469075
S0,2078,55-59,50623302.89235601
S0,2078,60-64,51409510.98026161
S0,2078,65-69,51338188.24263757
S0,2078,70-74,48591831.6128457
S0,2078,75+,113279501.0540198
S0,2078,0-8,
S0,2078,9-14,
S0,2078,0-17,
S0,2078,18-29,
S0,2078,30-65,
S0,2078,66+,
S0,2078,15-26,
S0,2078,27-45,
S0,2078,46-65,
S0,2079,00-04,38792183.57531926
S0,2079,05-09,40455846.26015973
S0,2079,10-14,41805456.99663725
S0,2079,15-19,42525746.55521211
S0,2079,20-24,42839562.40703075
S0,2079,25-29,43780510.33349989
S0,2079,30-34,45509216.46376478
S0,2079,35-39,47274052.71915545
S0,2079,40-44,49079319.39996948
S0,2079,45-49,50232913.30251679
S0,2079,50-54,50385401.62611222
S0,2079,55-59,50196570.4479236
S0,2079,60-64,51069577.75949641
S0,2079,65-69,51185144.19381649
S0,2079,70-74,48371133.7750925
S0,2079,75+,115180838.93373388
S0,2079,0-8,
S0,2079,9-14,
S0,2079,0-17,
S0,2079,18-29,
S0,2079,30-65,
S0,2079,66+,
S0,2079,15-26,
S0,2079,27-45,
S0,2079,46-65,
S0,2080,00-04,38482949.09342115
S0,2080,05-09,40128440.65592134
S0,2080,10-14,41471278.99194198
S0,2080,15-19,42255848.20201019
S0,2080,20-24,42612563.66233459
S0,2080,25-29,43495679.04932956
S0,2080,30-34,45134419.15358549
S0,2080,35-39,46854928.413107544
S0,2080,40-44,48681458.71523051
S0,2080,45-49,49990993.71380376
S0,2080,50-54,50284773.76606816
S0,2080,55-59,49957457.37135449
S0,2080,60-64,50903098.62706058
S0,2080,65-69,50623700.00685824
S0,2080,70-74,48268092.17855863
S0,2080,75+,116954806.50168431
S0,2080,0-8,
S0,2080,9-14,
S0,2080,0-17,
S0,2080,18-29,
S0,2080,30-65,
S0,2080,66+,
S0,2080,15-26,
S0,2080,27-45,
S0,2080,46-65,
S0,2081,00-04,38192108.173551455
S0,2081,05-09,39793498.25747966
S0,2081,10-14,41136351.191780314
S0,2081,15-19,41973442.716786645
S0,2081,20-24,42380040.35645424
S0,2081,25-29,43224094.98626361
S0,2081,30-34,44789417.64331143
S0,2081,35-39,46420374.66693633
S0,2081,40-44,48275466.774455
S0,2081,45-49,49710778.51827291
S0,2081,50-54,50179399.67167276
S0,2081,55-59,49937987.98722531
S0,2081,60-64,50424380.08609032
S0,2081,65-69,50219372.70221179
S0,2081,70-74,48207584.04123534
S0,2081,75+,118530816.74786226
S0,2081,0-8,
S0,2081,9-14,
S0,2081,0-17,
S0,2081,18-29,
S0,2081,30-65,
S0,2081,66+,
S0,2081,15-26,
S0,2081,27-45,
S0,2081,46-65,
S0,2082,00-04,37895194.8449652
S0,2082,05-09,39461054.97919281
S0,2082,10-14,40800345.79929146
S0,2082,15-19,41695971.15491967
S0,2082,20-24,42120661.07407738
S0,2082,25-29,42973387.15035132
S0,2082,30-34,44467894.15706893
S0,2082,35-39,46001793.06694825
S0,2082,40-44,47853354.23593448
S0,2082,45-49,49403348.39618786
S0,2082,50-54,50039679.56204896
S0,2082,55-59,49951811.10702407
S0,2082,60-64,49838217.03118075
S0,2082,65-69,49919288.08616471
S0,2082,70-74,48209354.48929224
S0,2082,75+,119949787.0524114
S0,2082,0-8,
S0,2082,9-14,
S0,2082,0-17,
S0,2082,18-29,
S0,2082,30-65,
S0,2082,66+,
S0,2082,15-26,
S0,2082,27-45,
S0,2082,46-65,
S0,2083,00-04,37609744.68618572
S0,2083,05-09,39148435.79569376
S0,2083,10-14,40457521.07389173
S0,2083,15-19,41396976.35871664
S0,2083,20-24,41860083.77655936
S0,2083,25-29,42740899.9494838
S0,2083,30-34,44168088.4147509
S0,2083,35-39,45594737.3267042
S0,2083,40-44,47423050.72105329
S0,2083,45-49,49075388.3417604
S0,2083,50-54,49860591.38019728
S0,2083,55-59,49933245.58138159
S0,2083,60-64,49534389.33967322
S0,2083,65-69,49398030.85284628
S0,2083,70-74,48236697.35023604
S0,2083,75+,121237313.22649178
S0,2083,0-8,
S0,2083,9-14,
S0,2083,0-17,
S0,2083,18-29,
S0,2083,30-65,
S0,2083,66+,
S0,2083,15-26,
S0,2083,27-45,
S0,2083,46-65,
S0,2084,00-04,37336841.691304035
S0,2084,05-09,38834020.49897885
S0,2084,10-14,40119227.14645535
S0,2084,15-19,41088021.05497622
S0,2084,20-24,41592127.3577482
S0,2084,25-29,42505117.035019115
S0,2084,30-34,43887226.21346469
S0,2084,35-39,45202797.78843605
S0,2084,40-44,46999333.30292525
S0,2084,45-49,48711868.8061009
S0,2084,50-54,49658594.42752198
S0,2084,55-59,49880141.98371309
S0,2084,60-64,49136440.08777168
S0,2084,65-69,49101272.631362155
S0,2084,70-74,48134848.663464054
S0,2084,75+,122473459.12061529
S0,2084,0-8,
S0,2084,9-14,
S0,2084,0-17,
S0,2084,18-29,
S0,2084,30-65,
S0,2084,66+,
S0,2084,15-26,
S0,2084,27-45,
S0,2084,46-65,
S0,2085,00-04,37076430.85192766
S0,2085,05-09,38524119.37443215
S0,2085,10-14,39792096.87818989
S0,2085,15-19,40756302.86059195
S0,2085,20-24,41326112.1200397
S0,2085,25-29,42280741.43194017
S0,2085,30-34,43603429.6140703
S0,2085,35-39,44831673.15074691
S0,2085,40-44,46584384.3416877
S0,2085,45-49,48320399.79470168
S0,2085,50-54,49425339.73893573
S0,2085,55-59,49792905.51387426
S0,2085,60-64,48921571.25063223
S0,2085,65-69,48966842.2080158
S0,2085,70-74,47646026.137365766
S0,2085,75+,123717580.59309503
S0,2085,0-8,
S0,2085,9-14,
S0,2085,0-17,
S0,2085,18-29,
S0,2085,30-65,
S0,2085,66+,
S0,2085,15-26,
S0,2085,27-45,
S0,2085,46-65,
S0,2086,00-04,36818337.2082128
S0,2086,05-09,38232202.2946024
S0,2086,10-14,39457235.32948177
S0,2086,15-19,40423339.76076016
S0,2086,20-24,41046240.29215363
S0,2086,25-29,42049271.93473256
S0,2086,30-34,43332008.26772425
S0,2086,35-39,44489590.33793697
S0,2086,40-44,46153733.20290238
S0,2086,45-49,47920526.68991108
S0,2086,50-54,49153898.25648438
S0,2086,55-59,49700457.09210266
S0,2086,60-64,48920279.57396179
S0,2086,65-69,48530919.55888794
S0,2086,70-74,47306252.36311948
S0,2086,75+,124834760.33172192
S0,2086,0-8,
S0,2086,9-14,
S0,2086,0-17,
S0,2086,18-29,
S0,2086,30-65,
S0,2086,66+,
S0,2086,15-26,
S0,2086,27-45,
S0,2086,46-65,
S0,2087,00-04,36584497.09432325
S0,2087,05-09,37933355.80893774
S0,2087,10-14,39124396.10406451
S0,2087,15-19,40089094.84588936
S0,2087,20-24,40770607.28870167
S0,2087,25-29,41789520.03462866
S0,2087,30-34,43079945.95184501
S0,2087,35-39,44169779.49068891
S0,2087,40-44,45738257.67083308
S0,2087,45-49,47504090.89675859
S0,2087,50-54,48855027.79683387
S0,2087,55-59,49573342.69783527
S0,2087,60-64,48950676.24292603
S0,2087,65-69,47992266.22373226
S0,2087,70-74,47065681.453068756
S0,2087,75+,125879570.25146642
S0,2087,0-8,
S0,2087,9-14,
S0,2087,0-17,
S0,2087,18-29,
S0,2087,30-65,
S0,2087,66+,
S0,2087,15-26,
S0,2087,27-45,
S0,2087,46-65,
S0,2088,00-04,36355684.23638961
S0,2088,05-09,37646945.49472775
S0,2088,10-14,38812081.10696674
S0,2088,15-19,39749687.835352786
S0,2088,20-24,40476909.57153685
S0,2088,25-29,41531865.03458121
S0,2088,30-34,42848001.75461933
S0,2088,35-39,43872679.82689242
S0,2088,40-44,45335023.40682966
S0,2088,45-49,47080010.70196815
S0,2088,50-54,48536138.271442845
S0,2088,55-59,49407165.31600413
S0,2088,60-64,48949201.344450004
S0,2088,65-69,47724017.83774308
S0,2088,70-74,46613785.2057028
S0,2088,75+,126847435.03917368
S0,2088,0-8,
S0,2088,9-14,
S0,2088,0-17,
S0,2088,18-29,
S0,2088,30-65,
S0,2088,66+,
S0,2088,15-26,
S0,2088,27-45,
S0,2088,46-65,
S0,2089,00-04,36135011.97654284
S0,2089,05-09,37373075.86377695
S0,2089,10-14,38498006.31701094
S0,2089,15-19,39414199.504969165
S0,2089,20-24,40172008.7584125
S0,2089,25-29,41265952.56192239
S0,2089,30-34,42612583.63959873
S0,2089,35-39,43594329.89811369
S0,2089,40-44,44946705.07510045
S0,2089,45-49,46662274.63555059
S0,2089,50-54,48181796.29216002
S0,2089,55-59,49217851.57709213
S0,2089,60-64,48913421.77571863
S0,2089,65-69,47366522.88736591
S0,2089,70-74,46374670.48038944
S0,2089,75+,127666082.89238219
S0,2089,0-8,
S0,2089,9-14,
S0,2089,0-17,
S0,2089,18-29,
S0,2089,30-65,
S0,2089,66+,
S0,2089,15-26,
S0,2089,27-45,
S0,2089,46-65,
S0,2090,00-04,35919107.180160835
S0,2090,05-09,37110902.15414003
S0,2090,10-14,38187990.9904518
S0,2090,15-19,39089533.82559057
S0,2090,20-24,39844064.82617211
S0,2090,25-29,41000842.58609922
S0,2090,30-34,42387291.2437115
S0,2090,35-39,43312175.91557975
S0,2090,40-44,44578487.87963507
S0,2090,45-49,46252734.73403613
S0,2090,50-54,47799357.222031906
S0,2090,55-59,48996899.63601285
S0,2090,60-64,48843517.13720779
S0,2090,65-69,47184302.38749813
S0,2090,70-74,46281843.96740396
S0,2090,75+,128153259.65505181
S0,2090,0-8,
S0,2090,9-14,
S0,2090,0-17,
S0,2090,18-29,
S0,2090,30-65,
S0,2090,66+,
S0,2090,15-26,
S0,2090,27-45,
S0,2090,46-65,
S0,2091,00-04,35701097.72547711
S0,2091,05-09,36851631.12349437
S0,2091,10-14,37896353.47703315
S0,2091,15-19,38757424.57078303
S0,2091,20-24,39514433.1414243
S0,2091,25-29,40721907.98751572
S0,2091,30-34,42155678.39646917
S0,2091,35-39,43042990.00701681
S0,2091,40-44,44239590.952484004
S0,2091,45-49,45827895.34630436
S0,2091,50-54,47408806.680904716
S0,2091,55-59,48738122.59571101
S0,2091,60-64,48768525.580906264
S0,2091,65-69,47206475.08611317
S0,2091,70-74,45903548.66521978
S0,2091,75+,128691996.7318155
S0,2091,0-8,
S0,2091,9-14,
S0,2091,0-17,
S0,2091,18-29,
S0,2091,30-65,
S0,2091,66+,
S0,2091,15-26,
S0,2091,27-45,
S0,2091,46-65,
S0,2092,00-04,35481045.96589569
S0,2092,05-09,36617191.240620255
S0,2092,10-14,37598274.729985945
S0,2092,15-19,38427869.64379559
S0,2092,20-24,39184124.48749186
S0,2092,25-29,40447750.68540485
S0,2092,30-34,41896354.56501114
S0,2092,35-39,42793500.25443647
S0,2092,40-44,43923120.21237554
S0,2092,45-49,45418255.15748353
S0,2092,50-54,47001872.9584032
S0,2092,55-59,48451976.96074404
S0,2092,60-64,48659277.03989969
S0,2092,65-69,47258594.86575282
S0,2092,70-74,45430305.76501118
S0,2092,75+,129282644.20587471
S0,2092,0-8,
S0,2092,9-14,
S0,2092,0-17,
S0,2092,18-29,
S0,2092,30-65,
S0,2092,66+,
S0,2092,15-26,
S0,2092,27-45,
S0,2092,46-65,
S0,2093,00-04,35256765.46343695
S0,2093,05-09,36386783.17475517
S0,2093,10-14,37312064.61488296
S0,2093,15-19,38118961.56049236
S0,2093,20-24,38849943.05281398
S0,2093,25-29,40155303.28519754
S0,2093,30-34,41637330.50942142
S0,2093,35-39,42562614.09362224
S0,2093,40-44,43628363.47137371
S0,2093,45-49,45020169.71361136
S0,2093,50-54,46586910.69582158
S0,2093,55-59,48145434.94436433
S0,2093,60-64,48511252.59218795
S0,2093,65-69,47279784.36015277
S0,2093,70-74,45211359.88128974
S0,2093,75+,129633623.4313003
S0,2093,0-8,
S0,2093,9-14,
S0,2093,0-17,
S0,2093,18-29,
S0,2093,30-65,
S0,2093,66+,
S0,2093,15-26,
S0,2093,27-45,
S0,2093,46-65,
S0,2094,00-04,35015175.98067585
S0,2094,05-09,36164931.54177555
S0,2094,10-14,37038678.62106198
S0,2094,15-19,37807915.46872769
S0,2094,20-24,38518346.13057698
S0,2094,25-29,39851000.67856752
S0,2094,30-34,41370247.3826423
S0,2094,35-39,42328560.04964124
S0,2094,40-44,43352379.49052608
S0,2094,45-49,44636925.408885136
S0,2094,50-54,46178113.87185255
S0,2094,55-59,47803476.71256867
S0,2094,60-64,48340192.1601643
S0,2094,65-69,47267425.63076822
S0,2094,70-74,44910369.14720949
S0,2094,75+,130077648.23799889
S0,2094,0-8,
S0,2094,9-14,
S0,2094,0-17,
S0,2094,18-29,
S0,2094,30-65,
S0,2094,66+,
S0,2094,15-26,
S0,2094,27-45,
S0,2094,46-65,
S0,2095,00-04,34767873.48393442
S0,2095,05-09,35948536.13947583
S0,2095,10-14,36777553.4811504
S0,2095,15-19,37501659.10014498
S0,2095,20-24,38198562.16781434
S0,2095,25-29,39524826.33958502
S0,2095,30-34,41104773.88245558
S0,2095,35-39,42105114.42560584
S0,2095,40-44,43073002.29416349
S0,2095,45-49,44273872.361508414
S0,2095,50-54,45777523.09817969
S0,2095,55-59,47433583.14973304
S0,2095,60-64,48138055.98383124
S0,2095,65-69,47222349.44609066
S0,2095,70-74,44775064.163065925
S0,2095,75+,130374069.5056922
S0,2095,0-8,
S0,2095,9-14,
S0,2095,0-17,
S0,2095,18-29,
S0,2095,30-65,
S0,2095,66+,
S0,2095,15-26,
S0,2095,27-45,
S0,2095,46-65,
S0,2096,00-04,34515161.687096715
S0,2096,05-09,35731556.09390796
S0,2096,10-14,36520369.38849226
S0,2096,15-19,37214505.65509064
S0,2096,20-24,37873169.77666704
S0,2096,25-29,39199740.76235227
S0,2096,30-34,40828110.08847316
S0,2096,35-39,41877159.46403184
S0,2096,40-44,42807576.951469794
S0,2096,45-49,43940529.25905853
S0,2096,50-54,45362074.24051744
S0,2096,55-59,47055613.30668047
S0,2096,60-64,47898506.28966068
S0,2096,65-69,47171809.43469919
S0,2096,70-74,44830252.743870616
S0,2096,75+,130478087.7059096
S0,2096,0-8,
S0,2096,9-14,
S0,2096,0-17,
S0,2096,18-29,
S0,2096,30-65,
S0,2096,66+,
S0,2096,15-26,
S0,2096,27-45,
S0,2096,46-65,
S0,2097,00-04,34260467.20329506
S0,2097,05-09,35512849.34913564
S0,2097,10-14,36288069.37721039
S0,2097,15-19,36921233.02427153
S0,2097,20-24,37550746.70107269
S0,2097,25-29,38874553.33476526
S0,2097,30-34,40556697.18517601
S0,2097,35-39,41622050.15426116
S0,2097,40-44,42561921.58148503
S0,2097,45-49,43629540.8718033
S0,2097,50-54,44961667.318238646
S0,2097,55-59,46661263.52804118
S0,2097,60-64,47631895.800544046
S0,2097,65-69,47087988.52933658
S0,2097,70-74,44913270.24636206
S0,2097,75+,130568174.6101855
S0,2097,0-8,
S0,2097,9-14,
S0,2097,0-17,
S0,2097,18-29,
S0,2097,30-65,
S0,2097,66+,
S0,2097,15-26,
S0,2097,27-45,
S0,2097,46-65,
S0,2098,00-04,34004066.74995984
S0,2098,05-09,35288731.8835908
S0,2098,10-14,36059172.66453419
S0,2098,15-19,36639283.39432895
S0,2098,20-24,37248117.91579938
S0,2098,25-29,38543663.61222158
S0,2098,30-34,40264649.06174604
S0,2098,35-39,41365650.09231962
S0,2098,40-44,42333760.571784355
S0,2098,45-49,43339435.65605305
S0,2098,50-54,44572146.756822385
S0,2098,55-59,46258383.75431485
S0,2098,60-64,47344662.0101152
S0,2098,65-69,46966028.03003486
S0,2098,70-74,44966312.085446745
S0,2098,75+,130688856.1350911
S0,2098,0-8,
S0,2098,9-14,
S0,2098,0-17,
S0,2098,18-29,
S0,2098,30-65,
S0,2098,66+,
S0,2098,15-26,
S0,2098,27-45,
S0,2098,46-65,
S0,2099,00-04,33745696.13073148
S0,2099,05-09,35048302.45339956
S0,2099,10-14,35839402.98929511
S0,2099,15-19,36369899.78738168
S0,2099,20-24,36942791.23724775
S0,2099,25-29,38215948.27776741
S0,2099,30-34,39962343.822711945
S0,2099,35-39,41102439.76775466
S0,2099,40-44,42103133.82091589
S0,2099,45-49,43068362.22158451
S0,2099,50-54,44197474.43978535
S0,2099,55-59,45861554.472662784
S0,2099,60-64,47022350.79630202
S0,2099,65-69,46821355.37511066
S0,2099,70-74,44987018.71697611
S0,2099,75+,130844810.85367419
S0,2099,0-8,
S0,2099,9-14,
S0,2099,0-17,
S0,2099,18-29,
S0,2099,30-65,
S0,2099,66+,
S0,2099,15-26,
S0,2099,27-45,
S0,2099,46-65,
S0,2100,00-04,33493639.15020558
S0,2100,05-09,34802497.59590454
S0,2100,10-14,35625386.84942724
S0,2100,15-19,36113206.23912448
S0,2100,20-24,36643141.2386787
S0,2100,25-29,37900747.45435298
S0,2100,30-34,39638564.01597211
S0,2100,35-39,40841131.43106715
S0,2100,40-44,41883252.87438881
S0,2100,45-49,42794049.80186499
S0,2100,50-54,43842867.54978447
S0,2100,55-59,45472819.86963354
S0,2100,60-64,46672465.33556017
S0,2100,65-69,46646512.14430938
S0,2100,70-74,44976741.93873233
S0,2100,75+,131039994.61429623
S0,2100,0-8,
S0,2100,9-14,
S0,2100,0-17,
S0,2100,18-29,
S0,2100,30-65,
S0,2100,66+,
S0,2100,15-26,
S0,2100,27-45,
S0,2100,46-65,
S1,1950,00-04,
S1,1950,05-09,
S1,1950,10-14,
S1,1950,15-19,16659794.442496419
S1,1950,20-24,14592569.020874128
S1,1950,25-29,12832909.62088658
S1,1950,30-34,11443040.17045733
S1,1950,35-39,10003466.73737686
S1,1950,40-44,8735326.058504706
S1,1950,45-49,6882738.65842616
S1,1950,50-54,6051233.247535274
S1,1950,55-59,4206953.869285121
S1,1950,60-64,3752303.4448475195
S1,1950,65-69,2063501.3948209812
S1,1950,70-74,1618193.733198231
S1,1950,75+,1581319.8074493995
S1,1950,0-8,40530033.19281949
S1,1950,9-14,22415049.98796521
S1,1950,0-17,
S1,1950,18-29,
S1,1950,30-65,
S1,1950,66+,
S1,1950,15-26,
S1,1950,27-45,
S1,1950,46-65,
S1,1951,00-04,
S1,1951,05-09,
S1,1951,10-14,
S1,1951,15-19,16945557.5819275
S1,1951,20-24,14874550.669146461
S1,1951,25-29,13035534.19921096
S1,1951,30-34,11615750.722241027
S1,1951,35-39,10142155.66953764
S1,1951,40-44,8963628.749274597
S1,1951,45-49,7034090.865024462
S1,1951,50-54,6235673.845482532
S1,1951,55-59,4315036.43006249
S1,1951,60-64,3846416.2138753887
S1,1951,65-69,2176374.42627954
S1,1951,70-74,1606493.878066129
S1,1951,75+,1584315.3378693194
S1,1951,0-8,41833846.56787184
S1,1951,9-14,22583965.315657634
S1,1951,0-17,
S1,1951,18-29,
S1,1951,30-65,
S1,1951,66+,
S1,1951,15-26,
S1,1951,27-45,
S1,1951,46-65,
S1,1952,00-04,
S1,1952,05-09,
S1,1952,10-14,
S1,1952,15-19,17251250.68827966
S1,1952,20-24,15185982.64847534
S1,1952,25-29,13262512.30893251
S1,1952,30-34,11790818.86078383
S1,1952,35-39,10304559.46806346
S1,1952,40-44,9135622.548904749
S1,1952,45-49,7284132.335697055
S1,1952,50-54,6304240.340955511
S1,1952,55-59,4551113.912471991
S1,1952,60-64,3829732.4716912457
S1,1952,65-69,2387986.331511086
S1,1952,70-74,1552220.070352282
S1,1952,75+,1603752.8337099208
S1,1952,0-8,43251033.71012606
S1,1952,9-14,22712383.326373808
S1,1952,0-17,
S1,1952,18-29,
S1,1952,30-65,
S1,1952,66+,
S1,1952,15-26,
S1,1952,27-45,
S1,1952,46-65,
S1,1953,00-04,
S1,1953,05-09,
S1,1953,10-14,
S1,1953,15-19,17562273.82781604
S1,1953,20-24,15513530.9638406
S1,1953,25-29,13507063.878482888
S1,1953,30-34,11964775.106636573
S1,1953,35-39,10488655.51055989
S1,1953,40-44,9254204.548518619
S1,1953,45-49,7605649.243674969
S1,1953,50-54,6291842.975081312
S1,1953,55-59,4896707.669135545
S1,1953,60-64,3717655.3729347326
S1,1953,65-69,2657211.619535636
S1,1953,70-74,1493559.5932992552
S1,1953,75+,1628914.1549118145
S1,1953,0-8,44794454.739925615
S1,1953,9-14,22829991.944080077
S1,1953,0-17,
S1,1953,18-29,
S1,1953,30-65,
S1,1953,66+,
S1,1953,15-26,
S1,1953,27-45,
S1,1953,46-65,
S1,1954,00-04,
S1,1954,05-09,
S1,1954,10-14,
S1,1954,15-19,17827534.29356287
S1,1954,20-24,15826752.81062507
S1,1954,25-29,13751867.15623869
S1,1954,30-34,12132030.92816874
S1,1954,35-39,10671231.63416551
S1,1954,40-44,9350783.118488299
S1,1954,45-49,7934704.683223098
S1,1954,50-54,6275875.668727147
S1,1954,55-59,5242578.970156789
S1,1954,60-64,3616109.8371195
S1,1954,65-69,2904848.6770959967
S1,1954,70-74,1466987.184549441
S1,1954,75+,1648271.556309458
S1,1954,0-8,46428231.042304024
S1,1954,9-14,22992665.625388395
S1,1954,0-17,
S1,1954,18-29,
S1,1954,30-65,
S1,1954,66+,
S1,1954,15-26,
S1,1954,27-45,
S1,1954,46-65,
S1,1955,00-04,
S1,1955,05-09,
S1,1955,10-14,
S1,1955,15-19,18026788.76884415
S1,1955,20-24,16143678.341259988
S1,1955,25-29,14029756.18133145
S1,1955,30-34,12328580.155494552
S1,1955,35-39,10852523.95337922
S1,1955,40-44,9480519.976944543
S1,1955,45-49,8200084.54965277
S1,1955,50-54,6363327.20479484
S1,1955,55-59,5479693.552192749
S1,1955,60-64,3644403.5693190484
S1,1955,65-69,3045402.314333075
S1,1955,70-74,1517787.037745956
S1,1955,75+,1654249.5115314387
S1,1955,0-8,48170025.0090728
S1,1955,9-14,23280936.385518543
S1,1955,0-17,
S1,1955,18-29,
S1,1955,30-65,
S1,1955,66+,
S1,1955,15-26,
S1,1955,27-45,
S1,1955,46-65,
S1,1956,00-04,
S1,1956,05-09,
S1,1956,10-14,
S1,1956,15-19,18180257.035663992
S1,1956,20-24,16434693.581057917
S1,1956,25-29,14318448.031214599
S1,1956,30-34,12539403.231718589
S1,1956,35-39,11030461.78409101
S1,1956,40-44,9623440.162449408
S1,1956,45-49,8423359.68527932
S1,1956,50-54,6511966.788168069
S1,1956,55-59,5652689.638721082
S1,1956,60-64,3747918.525115098
S1,1956,65-69,3125245.3940968476
S1,1956,70-74,1610023.097377733
S1,1956,75+,1656899.6901204688
S1,1956,0-8,49948591.405608214
S1,1956,9-14,23672678.191908803
S1,1956,0-17,
S1,1956,18-29,
S1,1956,30-65,
S1,1956,66+,
S1,1956,15-26,
S1,1956,27-45,
S1,1956,46-65,
S1,1957,00-04,
S1,1957,05-09,
S1,1957,10-14,
S1,1957,15-19,18279773.79483423
S1,1957,20-24,16743926.90027964
S1,1957,25-29,14629838.834807118
S1,1957,30-34,12767628.63333952
S1,1957,35-39,11206343.491823802
S1,1957,40-44,9786139.103773085
S1,1957,45-49,8592434.988716112
S1,1957,50-54,6751006.744157737
S1,1957,55-59,5720849.475885436
S1,1957,60-64,3962286.680005315
S1,1957,65-69,3116096.393206288
S1,1957,70-74,1774221.98540525
S1,1957,75+,1640736.8559993359
S1,1957,0-8,51779841.073731236
S1,1957,9-14,24128562.19950218
S1,1957,0-17,
S1,1957,18-29,
S1,1957,30-65,
S1,1957,66+,
S1,1957,15-26,
S1,1957,27-45,
S1,1957,46-65,
S1,1958,00-04,
S1,1958,05-09,
S1,1958,10-14,
S1,1958,15-19,18324681.16380533
S1,1958,20-24,17016287.14304384
S1,1958,25-29,14916027.404743142
S1,1958,30-34,12981958.71564319
S1,1958,35-39,11360465.667774837
S1,1958,40-44,9955891.580043366
S1,1958,45-49,8702804.726926642
S1,1958,50-54,7050542.106905015
S1,1958,55-59,5712789.800296858
S1,1958,60-64,4268319.966675065
S1,1958,65-69,3029187.270975472
S1,1958,70-74,1979103.92199619
S1,1958,75+,1624423.5709169162
S1,1958,0-8,53675373.875875
S1,1958,9-14,24585317.538548175
S1,1958,0-17,
S1,1958,18-29,
S1,1958,30-65,
S1,1958,66+,
S1,1958,15-26,
S1,1958,27-45,
S1,1958,46-65,
S1,1959,00-04,
S1,1959,05-09,
S1,1959,10-14,
S1,1959,15-19,18430847.59757136
S1,1959,20-24,17305703.24643907
S1,1959,25-29,15250573.00930104
S1,1959,30-34,13244386.26395317
S1,1959,35-39,11540772.52568705
S1,1959,40-44,10145594.71121106
S1,1959,45-49,8806505.570202528
S1,1959,50-54,7365997.55747468
S1,1959,55-59,5708164.642154547
S1,1959,60-64,4577431.981763467
S1,1959,65-69,2955483.736939466
S1,1959,70-74,2167367.440931907
S1,1959,75+,1626507.7673632917
S1,1959,0-8,55144579.12843328
S1,1959,9-14,25542872.70224892
S1,1959,0-17,
S1,1959,18-29,
S1,1959,30-65,
S1,1959,66+,
S1,1959,15-26,
S1,1959,27-45,
S1,1959,46-65,
S1,1960,00-04,
S1,1960,05-09,
S1,1960,10-14,
S1,1960,15-19,18628122.82661412
S1,1960,20-24,17507786.60268318
S1,1960,25-29,15562576.200808387
S1,1960,30-34,13517295.594963757
S1,1960,35-39,11733521.17155234
S1,1960,40-44,10323634.04246602
S1,1960,45-49,8934216.605826255
S1,1960,50-54,7617507.530202232
S1,1960,55-59,5794553.362883748
S1,1960,60-64,4788859.012115949
S1,1960,65-69,2987544.010375981
S1,1960,70-74,2273294.426195804
S1,1960,75+,1669827.415067236
S1,1960,0-8,56546890.32316986
S1,1960,9-14,26609583.50905968
S1,1960,0-17,
S1,1960,18-29,
S1,1960,30-65,
S1,1960,66+,
S1,1960,15-26,
S1,1960,27-45,
S1,1960,46-65,
S1,1961,00-04,
S1,1961,05-09,
S1,1961,10-14,
S1,1961,15-19,18919425.97387869
S1,1961,20-24,17670218.391955063
S1,1961,25-29,15855812.005703632
S1,1961,30-34,13805594.861218167
S1,1961,35-39,11943120.7185284
S1,1961,40-44,10500567.65846022
S1,1961,45-49,9075591.742368419
S1,1961,50-54,7830680.166762479
S1,1961,55-59,5937244.035645077
S1,1961,60-64,4944313.49586356
S1,1961,65-69,3081781.885030204
S1,1961,70-74,2333534.235137325
S1,1961,75+,1737060.508711238
S1,1961,0-8,57951332.388113126
S1,1961,9-14,27752940.7804573
S1,1961,0-17,
S1,1961,18-29,
S1,1961,30-65,
S1,1961,66+,
S1,1961,15-26,
S1,1961,27-45,
S1,1961,46-65,
S1,1962,00-04,
S1,1962,05-09,
S1,1962,10-14,
S1,1962,15-19,19290593.106547955
S1,1962,20-24,17787638.9107444
S1,1962,25-29,16173753.06165424
S1,1962,30-34,14117583.531881891
S1,1962,35-39,12170657.980993561
S1,1962,40-44,10677039.13427223
S1,1962,45-49,9238212.391556762
S1,1962,50-54,7993860.043424718
S1,1962,55-59,6159867.859419191
S1,1962,60-64,5010328.780542624
S1,1962,65-69,3265687.422481543
S1,1962,70-74,2327843.029896033
S1,1962,75+,1837417.1711278837
S1,1962,0-8,59312318.40841295
S1,1962,9-14,28983227.044658285
S1,1962,0-17,
S1,1962,18-29,
S1,1962,30-65,
S1,1962,66+,
S1,1962,15-26,
S1,1962,27-45,
S1,1962,46-65,
S1,1963,00-04,
S1,1963,05-09,
S1,1963,10-14,
S1,1963,15-19,19680624.996775366
S1,1963,20-24,17853385.62448513
S1,1963,25-29,16480755.67783605
S1,1963,30-34,14427118.901007831
S1,1963,35-39,12403433.653672097
S1,1963,40-44,10847017.83198961
S1,1963,45-49,9420525.532295253
S1,1963,50-54,8108253.228541591
S1,1963,55-59,6435990.778844317
S1,1963,60-64,5016559.418018652
S1,1963,65-69,3522508.1462919144
S1,1963,70-74,2266785.634906463
S1,1963,75+,1962174.96531208
S1,1963,0-8,60622289.468007796
S1,1963,9-14,30315439.722043976
S1,1963,0-17,
S1,1963,18-29,
S1,1963,30-65,
S1,1963,66+,
S1,1963,15-26,
S1,1963,27-45,
S1,1963,46-65,
S1,1964,00-04,
S1,1964,05-09,
S1,1964,10-14,
S1,1964,15-19,20054464.35680496
S1,1964,20-24,17957169.14950415
S1,1964,25-29,16769658.97477421
S1,1964,30-34,14746169.93121721
S1,1964,35-39,12657317.06001625
S1,1964,40-44,11027501.2142868
S1,1964,45-49,9616570.696868345
S1,1964,50-54,8210530.426388889
S1,1964,55-59,6717072.025613289
S1,1964,60-64,5027868.87949115
S1,1964,65-69,3775988.763310898
S1,1964,70-74,2216946.092240532
S1,1964,75+,2082861.0017148948
S1,1964,0-8,61895252.943728104
S1,1964,9-14,31787790.270623617
S1,1964,0-17,
S1,1964,18-29,
S1,1964,30-65,
S1,1964,66+,
S1,1964,15-26,
S1,1964,27-45,
S1,1964,46-65,
S1,1965,00-04,
S1,1965,05-09,
S1,1965,10-14,
S1,1965,15-19,20869357.21392293
S1,1965,20-24,18149870.07130589
S1,1965,25-29,16982944.69607402
S1,1965,30-34,15047543.374046188
S1,1965,35-39,12925981.07200567
S1,1965,40-44,11224665.42892251
S1,1965,45-49,9808414.608548997
S1,1965,50-54,8336010.16534422
S1,1965,55-59,6934262.873557876
S1,1965,60-64,5123126.605906684
S1,1965,65-69,3944678.121895332
S1,1965,70-74,2247575.7662233803
S1,1965,75+,2169824.5921049006
S1,1965,0-8,63163959.42234136
S1,1965,9-14,32870422.0102865
S1,1965,0-17,
S1,1965,18-29,
S1,1965,30-65,
S1,1965,66+,
S1,1965,15-26,
S1,1965,27-45,
S1,1965,46-65,
S1,1966,00-04,
S1,1966,05-09,
S1,1966,10-14,
S1,1966,15-19,21756715.204742596
S1,1966,20-24,18425956.04624074
S1,1966,25-29,17151907.20269359
S1,1966,30-34,15320872.55276977
S1,1966,35-39,13203298.75822754
S1,1966,40-44,11434155.706867062
S1,1966,45-49,9998807.859293744
S1,1966,50-54,8468092.669183781
S1,1966,55-59,7103588.815633269
S1,1966,60-64,5264491.957876223
S1,1966,65-69,4055631.047075941
S1,1966,70-74,2319038.495032822
S1,1966,75+,2230452.7282576687
S1,1966,0-8,64226910.508981645
S1,1966,9-14,33894007.1914827
S1,1966,0-17,
S1,1966,18-29,
S1,1966,30-65,
S1,1966,66+,
S1,1966,15-26,
S1,1966,27-45,
S1,1966,46-65,
S1,1967,00-04,
S1,1967,05-09,
S1,1967,10-14,
S1,1967,15-19,22686366.22774077
S1,1967,20-24,18764084.09177598
S1,1967,25-29,17253966.35212749
S1,1967,30-34,15592903.166621912
S1,1967,35-39,13490359.70500521
S1,1967,40-44,11653889.55308914
S1,1967,45-49,10188047.64209546
S1,1967,50-54,8614766.740405574
S1,1967,55-59,7219859.05196453
S1,1967,60-64,5480456.608888565
S1,1967,65-69,4088120.841504935
S1,1967,70-74,2456695.5891408604
S1,1967,75+,2266999.1656281035
S1,1967,0-8,65237247.20840853
S1,1967,9-14,34884959.89056399
S1,1967,0-17,
S1,1967,18-29,
S1,1967,30-65,
S1,1967,66+,
S1,1967,15-26,
S1,1967,27-45,
S1,1967,46-65,
S1,1968,00-04,
S1,1968,05-09,
S1,1968,10-14,
S1,1968,15-19,23722510.20074318
S1,1968,20-24,19186459.15283092
S1,1968,25-29,17365646.90719468
S1,1968,30-34,15892882.04435703
S1,1968,35-39,13807667.77275173
S1,1968,40-44,11900222.697154962
S1,1968,45-49,10387374.825955437
S1,1968,50-54,8783035.965372123
S1,1968,55-59,7291197.6170654
S1,1968,60-64,5753964.735879616
S1,1968,65-69,4068959.36305117
S1,1968,70-74,2647544.887021767
S1,1968,75+,2282033.8851095783
S1,1968,0-8,66257971.26862086
S1,1968,9-14,35813390.6586261
S1,1968,0-17,
S1,1968,18-29,
S1,1968,30-65,
S1,1968,66+,
S1,1968,15-26,
S1,1968,27-45,
S1,1968,46-65,
S1,1969,00-04,
S1,1969,05-09,
S1,1969,10-14,
S1,1969,15-19,24842260.8336082
S1,1969,20-24,19545527.98723105
S1,1969,25-29,17457109.31723908
S1,1969,30-34,16125624.92843529
S1,1969,35-39,14108979.31189304
S1,1969,40-44,12152787.88687446
S1,1969,45-49,10592380.10135236
S1,1969,50-54,8956982.751501985
S1,1969,55-59,7347695.444036892
S1,1969,60-64,6043265.540588601
S1,1969,65-69,4054523.027889753
S1,1969,70-74,2839053.97165277
S1,1969,75+,2310133.771733491
S1,1969,0-8,67402959.14593206
S1,1969,9-14,36689668.45864874
S1,1969,0-17,
S1,1969,18-29,
S1,1969,30-65,
S1,1969,66+,
S1,1969,15-26,
S1,1969,27-45,
S1,1969,46-65,
S1,1970,00-04,
S1,1970,05-09,
S1,1970,10-14,
S1,1970,15-19,25613068.11698971
S1,1970,20-24,20373473.58690662
S1,1970,25-29,17657251.81837672
S1,1970,30-34,16292997.899316058
S1,1970,35-39,14404991.511817288
S1,1970,40-44,12427514.674997687
S1,1970,45-49,10820680.27175117
S1,1970,50-54,9124605.909917705
S1,1970,55-59,7421214.66992202
S1,1970,60-64,6284599.513932079
S1,1970,65-69,4103400.1092895996
S1,1970,70-74,2967202.0268234345
S1,1970,75+,2371237.9060676442
S1,1970,0-8,68479210.54742105
S1,1970,9-14,37556847.653211296
S1,1970,0-17,
S1,1970,18-29,
S1,1970,30-65,
S1,1970,66+,
S1,1970,15-26,
S1,1970,27-45,
S1,1970,46-65,
S1,1971,00-04,
S1,1971,05-09,
S1,1971,10-14,
S1,1971,15-19,26372910.32159774
S1,1971,20-24,21376667.371937905
S1,1971,25-29,18023383.31558632
S1,1971,30-34,16470756.34898508
S1,1971,35-39,14716823.301888512
S1,1971,40-44,12739998.90225689
S1,1971,45-49,11083666.538344849
S1,1971,50-54,9300166.17026367
S1,1971,55-59,7506877.342891413
S1,1971,60-64,6501338.1162337
S1,1971,65-69,4191780.820886148
S1,1971,70-74,3060247.90410703
S1,1971,75+,2452589.3949337793
S1,1971,0-8,69570356.35086168
S1,1971,9-14,38444916.239844844
S1,1971,0-17,
S1,1971,18-29,
S1,1971,30-65,
S1,1971,66+,
S1,1971,15-26,
S1,1971,27-45,
S1,1971,46-65,
S1,1972,00-04,
S1,1972,05-09,
S1,1972,10-14,
S1,1972,15-19,27036497.11632581
S1,1972,20-24,22369966.46320624
S1,1972,25-29,18398851.562865395
S1,1972,30-34,16542607.329195447
S1,1972,35-39,15007268.25026052
S1,1972,40-44,13049161.899355348
S1,1972,45-49,11350485.823637858
S1,1972,50-54,9464292.011057135
S1,1972,55-59,7597753.027240271
S1,1972,60-64,6676480.505429354
S1,1972,65-69,4331824.753716511
S1,1972,70-74,3097789.2907175133
S1,1972,75+,2564326.6865515895
S1,1972,0-8,70667791.82541718
S1,1972,9-14,39337000.36148898
S1,1972,0-17,
S1,1972,18-29,
S1,1972,30-65,
S1,1972,66+,
S1,1972,15-26,
S1,1972,27-45,
S1,1972,46-65,
S1,1973,00-04,
S1,1973,05-09,
S1,1973,10-14,
S1,1973,15-19,27676956.90066133
S1,1973,20-24,23530910.2640002
S1,1973,25-29,18883858.63758697
S1,1973,30-34,16627585.24705689
S1,1973,35-39,15330917.991304997
S1,1973,40-44,13391193.57967585
S1,1973,45-49,11647456.807247361
S1,1973,50-54,9634446.592721477
S1,1973,55-59,7705069.472440314
S1,1973,60-64,6820456.023849529
S1,1973,65-69,4511772.129509184
S1,1973,70-74,3102031.0695871743
S1,1973,75+,2699430.9652773417
S1,1973,0-8,71784824.2883619
S1,1973,9-14,40247059.76838815
S1,1973,0-17,
S1,1973,18-29,
S1,1973,30-65,
S1,1973,66+,
S1,1973,15-26,
S1,1973,27-45,
S1,1973,46-65,
S1,1974,00-04,
S1,1974,05-09,
S1,1974,10-14,
S1,1974,15-19,28223083.80747871
S1,1974,20-24,24805883.84754743
S1,1974,25-29,19347697.13721464
S1,1974,30-34,16725868.1289562
S1,1974,35-39,15617921.208252281
S1,1974,40-44,13734986.57468015
S1,1974,45-49,11961938.298248779
S1,1974,50-54,9809200.189328726
S1,1974,55-59,7814579.731279391
S1,1974,60-64,6957294.749687707
S1,1974,65-69,4694420.524048753
S1,1974,70-74,3111868.509273372
S1,1974,75+,2838341.296420662
S1,1974,0-8,72943494.59339821
S1,1974,9-14,41178256.77325612
S1,1974,0-17,
S1,1974,18-29,
S1,1974,30-65,
S1,1974,66+,
S1,1974,15-26,
S1,1974,27-45,
S1,1974,46-65,
S1,1975,00-04,
S1,1975,05-09,
S1,1975,10-14,
S1,1975,15-19,28730945.91261506
S1,1975,20-24,25792022.81375426
S1,1975,25-29,20322230.98122739
S1,1975,30-34,16951578.72016389
S1,1975,35-39,15860945.07539611
S1,1975,40-44,14086523.607673062
S1,1975,45-49,12308748.092038877
S1,1975,50-54,10007016.6614186
S1,1975,55-59,7920515.073723255
S1,1975,60-64,7122448.951549355
S1,1975,65-69,4837680.894627196
S1,1975,70-74,3177620.871203123
S1,1975,75+,2961239.2572647533
S1,1975,0-8,74191331.50621073
S1,1975,9-14,42096689.57983861
S1,1975,0-17,
S1,1975,18-29,
S1,1975,30-65,
S1,1975,66+,
S1,1975,15-26,
S1,1975,27-45,
S1,1975,46-65,
S1,1976,00-04,
S1,1976,05-09,
S1,1976,10-14,
S1,1976,15-19,29241125.83889109
S1,1976,20-24,26741708.54553016
S1,1976,25-29,21408964.29609726
S1,1976,30-34,17271135.601475295
S1,1976,35-39,16070619.756599989
S1,1976,40-44,14424740.506927121
S1,1976,45-49,12675951.851487853
S1,1976,50-54,10221860.74429702
S1,1976,55-59,8025793.579375739
S1,1976,60-64,7303583.896946832
S1,1976,65-69,4956283.308310408
S1,1976,70-74,3277394.485465798
S1,1976,75+,3076894.416724569
S1,1976,0-8,75387041.49737372
S1,1976,9-14,42991294.62211198
S1,1976,0-17,
S1,1976,18-29,
S1,1976,30-65,
S1,1976,66+,
S1,1976,15-26,
S1,1976,27-45,
S1,1976,46-65,
S1,1977,00-04,
S1,1977,05-09,
S1,1977,10-14,
S1,1977,15-19,29740309.566656776
S1,1977,20-24,27647311.29748036
S1,1977,25-29,22566478.995492227
S1,1977,30-34,17663370.74083887
S1,1977,35-39,16227446.327466918
S1,1977,40-44,14775844.77749583
S1,1977,45-49,13063537.269839052
S1,1977,50-54,10449800.63412477
S1,1977,55-59,8128496.603689053
S1,1977,60-64,7503050.9384680865
S1,1977,65-69,5043662.556531301
S1,1977,70-74,3422956.918126693
S1,1977,75+,3178190.541975505
S1,1977,0-8,76640198.83404544
S1,1977,9-14,43901020.823540725
S1,1977,0-17,
S1,1977,18-29,
S1,1977,30-65,
S1,1977,66+,
S1,1977,15-26,
S1,1977,27-45,
S1,1977,46-65,
S1,1978,00-04,
S1,1978,05-09,
S1,1978,10-14,
S1,1978,15-19,30254984.543397445
S1,1978,20-24,28521859.96176418
S1,1978,25-29,23856450.215243965
S1,1978,30-34,18117577.08654495
S1,1978,35-39,16368891.107813999
S1,1978,40-44,15140998.686851371
S1,1978,45-49,13472897.144088339
S1,1978,50-54,10694718.24822754
S1,1978,55-59,8232312.388815407
S1,1978,60-64,7722481.8789642565
S1,1978,65-69,5103836.040557626
S1,1978,70-74,3600935.093367192
S1,1978,75+,3272181.4080284648
S1,1978,0-8,77812080.5363688
S1,1978,9-14,44832448.09550337
S1,1978,0-17,
S1,1978,18-29,
S1,1978,30-65,
S1,1978,66+,
S1,1978,15-26,
S1,1978,27-45,
S1,1978,46-65,
S1,1979,00-04,
S1,1979,05-09,
S1,1979,10-14,
S1,1979,15-19,30754889.01836157
S1,1979,20-24,29267447.063840047
S1,1979,25-29,25237841.91234842
S1,1979,30-34,18532045.55399902
S1,1979,35-39,16514807.364958592
S1,1979,40-44,15465060.41905937
S1,1979,45-49,13881894.906553652
S1,1979,50-54,10950816.81549073
S1,1979,55-59,8339701.711983748
S1,1979,60-64,7948935.414323921
S1,1979,65-69,5156056.063246739
S1,1979,70-74,3781956.05557839
S1,1979,75+,3370212.1988401464
S1,1979,0-8,79011789.18348174
S1,1979,9-14,45735271.896771565
S1,1979,0-17,
S1,1979,18-29,
S1,1979,30-65,
S1,1979,66+,
S1,1979,15-26,
S1,1979,27-45,
S1,1979,46-65,
S1,1980,00-04,
S1,1980,05-09,
S1,1980,10-14,
S1,1980,15-19,31306704.54836796
S1,1980,20-24,30023011.2226655
S1,1980,25-29,26345837.19589573
S1,1980,30-34,19429896.547750495
S1,1980,35-39,16784509.30777055
S1,1980,40-44,15744312.48370537
S1,1980,45-49,14298823.84820453
S1,1980,50-54,11233983.58847889
S1,1980,55-59,8468189.226136286
S1,1980,60-64,8176836.540262131
S1,1980,65-69,5227256.6508265175
S1,1980,70-74,3931502.8598731915
S1,1980,75+,3489731.8736510915
S1,1980,0-8,80329916.48729348
S1,1980,9-14,46675353.468814105
S1,1980,0-17,
S1,1980,18-29,
S1,1980,30-65,
S1,1980,66+,
S1,1980,15-26,
S1,1980,27-45,
S1,1980,46-65,
S1,1981,00-04,
S1,1981,05-09,
S1,1981,10-14,
S1,1981,15-19,31779067.088409677
S1,1981,20-24,30751735.61983323
S1,1981,25-29,27380608.82013247
S1,1981,30-34,20400383.53009487
S1,1981,35-39,17127630.19748648
S1,1981,40-44,15977929.01097111
S1,1981,45-49,14694558.57049369
S1,1981,50-54,11529332.22515442
S1,1981,55-59,8610628.613971367
S1,1981,60-64,8406220.103553066
S1,1981,65-69,5307669.786909965
S1,1981,70-74,4061154.8065825505
S1,1981,75+,3622715.282833603
S1,1981,0-8,81715718.21010774
S1,1981,9-14,47723353.360804744
S1,1981,0-17,
S1,1981,18-29,
S1,1981,30-65,
S1,1981,66+,
S1,1981,15-26,
S1,1981,27-45,
S1,1981,46-65,
S1,1982,00-04,
S1,1982,05-09,
S1,1982,10-14,
S1,1982,15-19,32237748.10761872
S1,1982,20-24,31472694.89617993
S1,1982,25-29,28371868.61800199
S1,1982,30-34,21433914.76448054
S1,1982,35-39,17543659.94947986
S1,1982,40-44,16159019.917067721
S1,1982,45-49,15103091.43893151
S1,1982,50-54,11841477.34148204
S1,1982,55-59,8766401.006943878
S1,1982,60-64,8635631.911006792
S1,1982,65-69,5400497.802399254
S1,1982,70-74,4166244.7443646477
S1,1982,75+,3772241.6822960125
S1,1982,0-8,83139838.83000273
S1,1982,9-14,48805262.90943866
S1,1982,0-17,
S1,1982,18-29,
S1,1982,30-65,
S1,1982,66+,
S1,1982,15-26,
S1,1982,27-45,
S1,1982,46-65,
S1,1983,00-04,
S1,1983,05-09,
S1,1983,10-14,
S1,1983,15-19,32715308.864920646
S1,1983,20-24,32204377.916889906
S1,1983,25-29,29308562.77277332
S1,1983,30-34,22567301.3771906
S1,1983,35-39,18005893.64092786
S1,1983,40-44,16313992.739885882
S1,1983,45-49,15518369.230704991
S1,1983,50-54,12168537.99988407
S1,1983,55-59,8937565.679240111
S1,1983,60-64,8866901.252603803
S1,1983,65-69,5507411.807428825
S1,1983,70-74,4249891.682728298
S1,1983,75+,3936231.869179748
S1,1983,0-8,84553893.54757859
S1,1983,9-14,49934430.58262238
S1,1983,0-17,
S1,1983,18-29,
S1,1983,30-65,
S1,1983,66+,
S1,1983,15-26,
S1,1983,27-45,
S1,1983,46-65,
S1,1984,00-04,
S1,1984,05-09,
S1,1984,10-14,
S1,1984,15-19,33237624.59393059
S1,1984,20-24,32969051.708185114
S1,1984,25-29,30178177.12661318
S1,1984,30-34,23838110.98185619
S1,1984,35-39,18468266.06988098
S1,1984,40-44,16498418.149285369
S1,1984,45-49,15906580.404635048
S1,1984,50-54,12504276.60649483
S1,1984,55-59,9126931.426642926
S1,1984,60-64,9106672.403339677
S1,1984,65-69,5622671.033073902
S1,1984,70-74,4329576.575990126
S1,1984,75+,4104369.022298352
S1,1984,0-8,86020092.66422766
S1,1984,9-14,51078217.725087315
S1,1984,0-17,
S1,1984,18-29,
S1,1984,30-65,
S1,1984,66+,
S1,1984,15-26,
S1,1984,27-45,
S1,1984,46-65,
S1,1985,00-04,
S1,1985,05-09,
S1,1985,10-14,
S1,1985,15-19,33751193.53984403
S1,1985,20-24,33733814.45721595
S1,1985,25-29,30969059.18220847
S1,1985,30-34,24776627.243465252
S1,1985,35-39,19359364.35659744
S1,1985,40-44,16769121.339272767
S1,1985,45-49,16220526.127291221
S1,1985,50-54,12831896.550696889
S1,1985,55-59,9334133.717247728
S1,1985,60-64,9361731.26328925
S1,1985,65-69,5737761.262008574
S1,1985,70-74,4423811.674328905
S1,1985,75+,4265941.848545401
S1,1985,0-8,87640219.11964083
S1,1985,9-14,52202035.03656713
S1,1985,0-17,
S1,1985,18-29,
S1,1985,30-65,
S1,1985,66+,
S1,1985,15-26,
S1,1985,27-45,
S1,1985,46-65,
S1,1986,00-04,
S1,1986,05-09,
S1,1986,10-14,
S1,1986,15-19,34325942.78408637
S1,1986,20-24,34428859.46950728
S1,1986,25-29,31758481.83450687
S1,1986,30-34,25670900.22807281
S1,1986,35-39,20341449.012437917
S1,1986,40-44,17122712.71994486
S1,1986,45-49,16489215.07677817
S1,1986,50-54,13143403.769339
S1,1986,55-59,9556799.56656193
S1,1986,60-64,9630518.58589791
S1,1986,65-69,5857385.024130553
S1,1986,70-74,4526960.828908321
S1,1986,75+,4425311.11924368
S1,1986,0-8,89214652.85328902
S1,1986,9-14,53394992.25449392
S1,1986,0-17,
S1,1986,18-29,
S1,1986,30-65,
S1,1986,66+,
S1,1986,15-26,
S1,1986,27-45,
S1,1986,46-65,
S1,1987,00-04,
S1,1987,05-09,
S1,1987,10-14,
S1,1987,15-19,34975026.32941325
S1,1987,20-24,35100193.03200243
S1,1987,25-29,32533923.817949474
S1,1987,30-34,26526241.62338512
S1,1987,35-39,21387842.24414275
S1,1987,40-44,17548256.99711114
S1,1987,45-49,16698766.558167972
S1,1987,50-54,13467110.216542298
S1,1987,55-59,9797751.13841007
S1,1987,60-64,9910019.347130626
S1,1987,65-69,5981180.939733462
S1,1987,70-74,4641459.30268295
S1,1987,75+,4583231.552065729
S1,1987,0-8,90959865.50503875
S1,1987,9-14,54474179.17023593
S1,1987,0-17,
S1,1987,18-29,
S1,1987,30-65,
S1,1987,66+,
S1,1987,15-26,
S1,1987,27-45,
S1,1987,46-65,
S1,1988,00-04,
S1,1988,05-09,
S1,1988,10-14,
S1,1988,15-19,35647276.04803832
S1,1988,20-24,35781708.24376261
S1,1988,25-29,33310456.58077039
S1,1988,30-34,27329727.178327795
S1,1988,35-39,22531066.18187461
S1,1988,40-44,18015779.00925483
S1,1988,45-49,16873035.016125675
S1,1988,50-54,13795772.533423442
S1,1988,55-59,10054180.49101166
S1,1988,60-64,10199408.30473845
S1,1988,65-69,6110250.391972057
S1,1988,70-74,4767556.951605053
S1,1988,75+,4740067.471441811
S1,1988,0-8,92616078.99253356
S1,1988,9-14,55538278.36604464
S1,1988,0-17,
S1,1988,18-29,
S1,1988,30-65,
S1,1988,66+,
S1,1988,15-26,
S1,1988,27-45,
S1,1988,46-65,
S1,1989,00-04,
S1,1989,05-09,
S1,1989,10-14,
S1,1989,15-19,36371080.737139076
S1,1989,20-24,36495408.90896329
S1,1989,25-29,34100489.47854989
S1,1989,30-34,28062362.66542713
S1,1989,35-39,23801360.62587053
S1,1989,40-44,18474549.17948398
S1,1989,45-49,17066319.89463041
S1,1989,50-54,14098282.57267075
S1,1989,55-59,10320658.20820493
S1,1989,60-64,10499857.795141747
S1,1989,65-69,6249581.402736478
S1,1989,70-74,4899810.825022496
S1,1989,75+,4900335.376546929
S1,1989,0-8,94197587.36823294
S1,1989,9-14,56626797.821727425
S1,1989,0-17,
S1,1989,18-29,
S1,1989,30-65,
S1,1989,66+,
S1,1989,15-26,
S1,1989,27-45,
S1,1989,46-65,
S1,1990,00-04,
S1,1990,05-09,
S1,1990,10-14,
S1,1990,15-19,37171855.57170276
S1,1990,20-24,37199537.342656426
S1,1990,25-29,34896993.08796305
S1,1990,30-34,28737558.08577622
S1,1990,35-39,24745365.981964
S1,1990,40-44,19365294.75585519
S1,1990,45-49,17344492.21815911
S1,1990,50-54,14337992.815133903
S1,1990,55-59,10586396.96972194
S1,1990,60-64,10811541.0215592
S1,1990,65-69,6405391.918513432
S1,1990,70-74,5031151.881967435
S1,1990,75+,5068868.590151077
S1,1990,0-8,95634290.33219247
S1,1990,9-14,57815898.25992605
S1,1990,0-17,
S1,1990,18-29,
S1,1990,30-65,
S1,1990,66+,
S1,1990,15-26,
S1,1990,27-45,
S1,1990,46-65,
S1,1991,00-04,
S1,1991,05-09,
S1,1991,10-14,
S1,1991,15-19,37952436.08836585
S1,1991,20-24,37967716.294614434
S1,1991,25-29,35624557.31279123
S1,1991,30-34,29426782.676489215
S1,1991,35-39,25648791.18586389
S1,1991,40-44,20347845.76468077
S1,1991,45-49,17703597.31320216
S1,1991,50-54,14542090.423483618
S1,1991,55-59,10845521.43200803
S1,1991,60-64,11130170.61165171
S1,1991,65-69,6577217.983889163
S1,1991,70-74,5165093.493795366
S1,1991,75+,5244744.200311233
S1,1991,0-8,96944600.6709309
S1,1991,9-14,59093546.38504858
S1,1991,0-17,
S1,1991,18-29,
S1,1991,30-65,
S1,1991,66+,
S1,1991,15-26,
S1,1991,27-45,
S1,1991,46-65,
S1,1992,00-04,
S1,1992,05-09,
S1,1992,10-14,
S1,1992,15-19,38778473.32101681
S1,1992,20-24,38420246.759548
S1,1992,25-29,36209475.39223429
S1,1992,30-34,30308902.88579619
S1,1992,35-39,26781439.75929381
S1,1992,40-44,20965914.193269044
S1,1992,45-49,17718130.046244435
S1,1992,50-54,14553154.172444232
S1,1992,55-59,11337007.605303543
S1,1992,60-64,11432682.985250609
S1,1992,65-69,6922356.815140464
S1,1992,70-74,5353279.956766293
S1,1992,75+,5446529.729400973
S1,1992,0-8,98326222.98865962
S1,1992,9-14,60632837.17919193
S1,1992,0-17,
S1,1992,18-29,
S1,1992,30-65,
S1,1992,66+,
S1,1992,15-26,
S1,1992,27-45,
S1,1992,46-65,
S1,1993,00-04,
S1,1993,05-09,
S1,1993,10-14,
S1,1993,15-19,39557707.68130147
S1,1993,20-24,38912240.92397553
S1,1993,25-29,36821641.41659127
S1,1993,30-34,31201949.344100844
S1,1993,35-39,27882284.26218089
S1,1993,40-44,21690464.02900296
S1,1993,45-49,17789318.47151543
S1,1993,50-54,14545347.939163199
S1,1993,55-59,11827640.87023738
S1,1993,60-64,11753990.40062515
S1,1993,65-69,7286106.073292964
S1,1993,70-74,5544913.134702986
S1,1993,75+,5655968.3902551755
S1,1993,0-8,99512437.67840675
S1,1993,9-14,62292655.94357717
S1,1993,0-17,
S1,1993,18-29,
S1,1993,30-65,
S1,1993,66+,
S1,1993,15-26,
S1,1993,27-45,
S1,1993,46-65,
S1,1994,00-04,
S1,1994,05-09,
S1,1994,10-14,
S1,1994,15-19,40297994.05645799
S1,1994,20-24,39451472.31388891
S1,1994,25-29,37458762.94623657
S1,1994,30-34,32099544.17100037
S1,1994,35-39,28912269.32980881
S1,1994,40-44,22543940.90828961
S1,1994,45-49,17866754.58053275
S1,1994,50-54,14563453.638844771
S1,1994,55-59,12285478.15810858
S1,1994,60-64,12084693.102965098
S1,1994,65-69,7667380.958511925
S1,1994,70-74,5742015.689844706
S1,1994,75+,5871189.408745757
S1,1994,0-8,100458214.28374533
S1,1994,9-14,64024804.22287916
S1,1994,0-17,
S1,1994,18-29,
S1,1994,30-65,
S1,1994,66+,
S1,1994,15-26,
S1,1994,27-45,
S1,1994,46-65,
S1,1995,00-04,
S1,1995,05-09,
S1,1995,10-14,
S1,1995,15-19,41070736.33412288
S1,1995,20-24,40035205.35200708
S1,1995,25-29,38041501.7164918
S1,1995,30-34,32967715.07223234
S1,1995,35-39,29858622.342134096
S1,1995,40-44,23096008.893864166
S1,1995,45-49,18371211.05104678
S1,1995,50-54,14659795.97666312
S1,1995,55-59,12672375.43745903
S1,1995,60-64,12410142.65809238
S1,1995,65-69,8065138.389135575
S1,1995,70-74,5949037.863636058
S1,1995,75+,6090879.122263774
S1,1995,0-8,101293583.93993486
S1,1995,9-14,65658409.155273594
S1,1995,0-17,
S1,1995,18-29,
S1,1995,30-65,
S1,1995,66+,
S1,1995,15-26,
S1,1995,27-45,
S1,1995,46-65,
S1,1996,00-04,
S1,1996,05-09,
S1,1996,10-14,
S1,1996,15-19,42032615.55993481
S1,1996,20-24,40634194.29257081
S1,1996,25-29,38713307.90075411
S1,1996,30-34,33780514.18273383
S1,1996,35-39,30818900.272894986
S1,1996,40-44,23647877.32907427
S1,1996,45-49,18983596.3511231
S1,1996,50-54,14838086.00015049
S1,1996,55-59,13013478.27246654
S1,1996,60-64,12726580.687245058
S1,1996,65-69,8477539.835127259
S1,1996,70-74,6165445.7042818265
S1,1996,75+,6316826.364269122
S1,1996,0-8,101923018.36624818
S1,1996,9-14,67246433.95697436
S1,1996,0-17,
S1,1996,18-29,
S1,1996,30-65,
S1,1996,66+,
S1,1996,15-26,
S1,1996,27-45,
S1,1996,46-65,
S1,1997,00-04,
S1,1997,05-09,
S1,1997,10-14,
S1,1997,15-19,42981685.41417947
S1,1997,20-24,41290196.21835352
S1,1997,25-29,39458238.20561354
S1,1997,30-34,34565154.83558635
S1,1997,35-39,31765030.86959301
S1,1997,40-44,24205196.78954554
S1,1997,45-49,19681620.1253446
S1,1997,50-54,15085039.43568511
S1,1997,55-59,13294277.70421587
S1,1997,60-64,13059903.51829305
S1,1997,65-69,8902684.62657926
S1,1997,70-74,6387675.100454549
S1,1997,75+,6548696.661315969
S1,1997,0-8,102551000.3392321
S1,1997,9-14,68650514.60382807
S1,1997,0-17,
S1,1997,18-29,
S1,1997,30-65,
S1,1997,66+,
S1,1997,15-26,
S1,1997,27-45,
S1,1997,46-65,
S1,1998,00-04,
S1,1998,05-09,
S1,1998,10-14,
S1,1998,15-19,44023162.8836465
S1,1998,20-24,41924762.99125251
S1,1998,25-29,40212702.6486918
S1,1998,30-34,35345203.063651755
S1,1998,35-39,32697217.527750365
S1,1998,40-44,24758722.52708939
S1,1998,45-49,20502397.97108378
S1,1998,50-54,15373787.58943712
S1,1998,55-59,13532387.47717449
S1,1998,60-64,13403493.719112597
S1,1998,65-69,9335818.39459086
S1,1998,70-74,6615622.520885913
S1,1998,75+,6787720.566686549
S1,1998,0-8,103094339.34699364
S1,1998,9-14,69957273.39166333
S1,1998,0-17,
S1,1998,18-29,
S1,1998,30-65,
S1,1998,66+,
S1,1998,15-26,
S1,1998,27-45,
S1,1998,46-65,
S1,1999,00-04,
S1,1999,05-09,
S1,1999,10-14,
S1,1999,15-19,45120663.67977504
S1,1999,20-24,42566367.89048182
S1,1999,25-29,41002924.99929393
S1,1999,30-34,36136983.33086687
S1,1999,35-39,33616390.34912325
S1,1999,40-44,25295904.29233984
S1,1999,45-49,21482812.128450796
S1,1999,50-54,15660869.619852701
S1,1999,55-59,13769458.39983226
S1,1999,60-64,13725982.567587093
S1,1999,65-69,9768551.25560403
S1,1999,70-74,6849968.165005544
S1,1999,75+,7036466.601935991
S1,1999,0-8,103586294.67645116
S1,1999,9-14,71116975.641607
S1,1999,0-17,
S1,1999,18-29,
S1,1999,30-65,
S1,1999,66+,
S1,1999,15-26,
S1,1999,27-45,
S1,1999,46-65,
S1,2000,00-04,
S1,2000,05-09,
S1,2000,10-14,
S1,2000,15-19,46224385.09381634
S1,2000,20-24,43304874.13174218
S1,2000,25-29,41845802.32391354
S1,2000,30-34,36887251.98657042
S1,2000,35-39,34498476.11575494
S1,2000,40-44,25830587.24762141
S1,2000,45-49,22229908.2047818
S1,2000,50-54,16321256.21685579
S1,2000,55-59,14056356.80360579
S1,2000,60-64,13990213.910431582
S1,2000,65-69,10186617.05834529
S1,2000,70-74,7091033.215563127
S1,2000,75+,7298096.444243987
S1,2000,0-8,104111146.68382001
S1,2000,9-14,72033944.19957769
S1,2000,0-17,
S1,2000,18-29,
S1,2000,30-65,
S1,2000,66+,
S1,2000,15-26,
S1,2000,27-45,
S1,2000,46-65,
S1,2001,00-04,
S1,2001,05-09,
S1,2001,10-14,
S1,2001,15-19,47215844.03441024
S1,2001,20-24,44272146.53408911
S1,2001,25-29,42634817.75120693
S1,2001,30-34,37669250.71896511
S1,2001,35-39,35259859.73102612
S1,2001,40-44,26432955.320123613
S1,2001,45-49,23018267.93171202
S1,2001,50-54,17061834.09264342
S1,2001,55-59,14389410.670458222
S1,2001,60-64,14223529.40276474
S1,2001,65-69,10579459.22199202
S1,2001,70-74,7335418.601219369
S1,2001,75+,7573654.886939324
S1,2001,0-8,104730265.498007
S1,2001,9-14,72830079.44064172
S1,2001,0-17,
S1,2001,18-29,
S1,2001,30-65,
S1,2001,66+,
S1,2001,15-26,
S1,2001,27-45,
S1,2001,46-65,
S1,2002,00-04,
S1,2002,05-09,
S1,2002,10-14,
S1,2002,15-19,48310029.05793771
S1,2002,20-24,45266352.00852588
S1,2002,25-29,43450038.71526511
S1,2002,30-34,38502722.41163464
S1,2002,35-39,35980404.46941721
S1,2002,40-44,27092640.52950449
S1,2002,45-49,23824141.03729178
S1,2002,50-54,17858628.52490694
S1,2002,55-59,14762748.391425367
S1,2002,60-64,14424197.761277432
S1,2002,65-69,10979270.07970479
S1,2002,70-74,7588304.402123686
S1,2002,75+,7860104.88997121
S1,2002,0-8,105409337.58851579
S1,2002,9-14,73390274.21609707
S1,2002,0-17,
S1,2002,18-29,
S1,2002,30-65,
S1,2002,66+,
S1,2002,15-26,
S1,2002,27-45,
S1,2002,46-65,
S1,2003,00-04,
S1,2003,05-09,
S1,2003,10-14,
S1,2003,15-19,49344595.56522466
S1,2003,20-24,46300990.26664607
S1,2003,25-29,44127324.214011505
S1,2003,30-34,39269744.76202716
S1,2003,35-39,36676594.99547079
S1,2003,40-44,27787065.67459828
S1,2003,45-49,24577748.90739563
S1,2003,50-54,18723798.45598378
S1,2003,55-59,15145636.77137257
S1,2003,60-64,14616557.269918758
S1,2003,65-69,11387735.85663402
S1,2003,70-74,7851568.742118746
S1,2003,75+,8157004.102758497
S1,2003,0-8,105953616.85736227
S1,2003,9-14,73879682.03022389
S1,2003,0-17,
S1,2003,18-29,
S1,2003,30-65,
S1,2003,66+,
S1,2003,15-26,
S1,2003,27-45,
S1,2003,46-65,
S1,2004,00-04,
S1,2004,05-09,
S1,2004,10-14,
S1,2004,15-19,50404542.260123104
S1,2004,20-24,47416734.75093148
S1,2004,25-29,44760574.50558965
S1,2004,30-34,40043908.67538732
S1,2004,35-39,37398049.44186266
S1,2004,40-44,28546669.20625269
S1,2004,45-49,25275522.42116351
S1,2004,50-54,19685776.41504733
S1,2004,55-59,15495008.01773974
S1,2004,60-64,14848615.626906069
S1,2004,65-69,11775817.53704284
S1,2004,70-74,8118882.935088534
S1,2004,75+,8463385.258940455
S1,2004,0-8,106267626.59577538
S1,2004,9-14,74277389.79740402
S1,2004,0-17,
S1,2004,18-29,
S1,2004,30-65,
S1,2004,66+,
S1,2004,15-26,
S1,2004,27-45,
S1,2004,46-65,
S1,2005,00-04,
S1,2005,05-09,
S1,2005,10-14,
S1,2005,15-19,51444287.85693179
S1,2005,20-24,48586920.627843276
S1,2005,25-29,45463052.80479875
S1,2005,30-34,40858590.03873056
S1,2005,35-39,38100264.92872259
S1,2005,40-44,29368927.848871805
S1,2005,45-49,25931535.13472845
S1,2005,50-54,20372321.27977793
S1,2005,55-59,16180629.21935698
S1,2005,60-64,15173564.50200382
S1,2005,65-69,12105435.928759977
S1,2005,70-74,8378255.990751045
S1,2005,75+,8778197.489786409
S1,2005,0-8,106405349.36081743
S1,2005,9-14,74567477.47462672
S1,2005,0-17,
S1,2005,18-29,
S1,2005,30-65,
S1,2005,66+,
S1,2005,15-26,
S1,2005,27-45,
S1,2005,46-65,
S1,2006,00-04,
S1,2006,05-09,
S1,2006,10-14,
S1,2006,15-19,52412268.69854992
S1,2006,20-24,49583191.48460343
S1,2006,25-29,46257880.01124051
S1,2006,30-34,41528956.32672213
S1,2006,35-39,38804543.29578228
S1,2006,40-44,30167219.411349837
S1,2006,45-49,26598108.78917382
S1,2006,50-54,21008225.82965964
S1,2006,55-59,16896116.57525432
S1,2006,60-64,15583873.81896969
S1,2006,65-69,12393950.88885157
S1,2006,70-74,8622512.776427722
S1,2006,75+,9100798.750246001
S1,2006,0-8,106276523.68073599
S1,2006,9-14,74807301.59394033
S1,2006,0-17,
S1,2006,18-29,
S1,2006,30-65,
S1,2006,66+,
S1,2006,15-26,
S1,2006,27-45,
S1,2006,46-65,
S1,2007,00-04,
S1,2007,05-09,
S1,2007,10-14,
S1,2007,15-19,53315526.7708668
S1,2007,20-24,50695158.84404565
S1,2007,25-29,47058686.70092623
S1,2007,30-34,42204405.29218611
S1,2007,35-39,39577433.03725929
S1,2007,40-44,31020466.38419763
S1,2007,45-49,27294106.354442395
S1,2007,50-54,21610265.1340365
S1,2007,55-59,17618708.13657298
S1,2007,60-64,16074816.68384681
S1,2007,65-69,12634595.60481455
S1,2007,70-74,8871210.64954649
S1,2007,75+,9430647.29682769
S1,2007,0-8,105941792.73985425
S1,2007,9-14,74972554.90181103
S1,2007,0-17,
S1,2007,18-29,
S1,2007,30-65,
S1,2007,66+,
S1,2007,15-26,
S1,2007,27-45,
S1,2007,46-65,
S1,2008,00-04,
S1,2008,05-09,
S1,2008,10-14,
S1,2008,15-19,54258315.29359291
S1,2008,20-24,51652600.652901836
S1,2008,25-29,47888337.828295775
S1,2008,30-34,42733367.08681995
S1,2008,35-39,40313468.26236206
S1,2008,40-44,31940684.42241257
S1,2008,45-49,28027482.35166252
S1,2008,50-54,22163809.56215684
S1,2008,55-59,18365038.16709771
S1,2008,60-64,16618476.35478396
S1,2008,65-69,12846736.640515931
S1,2008,70-74,9121534.047612758
S1,2008,75+,9775243.646704039
S1,2008,0-8,105405354.34224644
S1,2008,9-14,75123672.31286749
S1,2008,0-17,
S1,2008,18-29,
S1,2008,30-65,
S1,2008,66+,
S1,2008,15-26,
S1,2008,27-45,
S1,2008,46-65,
S1,2009,00-04,
S1,2009,05-09,
S1,2009,10-14,
S1,2009,15-19,55164945.61544386
S1,2009,20-24,52576785.65576306
S1,2009,25-29,48765329.99049458
S1,2009,30-34,43179498.00867695
S1,2009,35-39,41064158.49437716
S1,2009,40-44,32965830.3618563
S1,2009,45-49,28822560.067098297
S1,2009,50-54,22655791.779960267
S1,2009,55-59,19149482.22479898
S1,2009,60-64,17166024.229920786
S1,2009,65-69,13068717.80928044
S1,2009,70-74,9349839.498009915
S1,2009,75+,10136678.723459532
S1,2009,0-8,104749248.44017933
S1,2009,9-14,75302596.7339279
S1,2009,0-17,
S1,2009,18-29,
S1,2009,30-65,
S1,2009,66+,
S1,2009,15-26,
S1,2009,27-45,
S1,2009,46-65,
S1,2010,00-04,
S1,2010,05-09,
S1,2010,10-14,
S1,2010,15-19,56089928.372468285
S1,2010,20-24,53466988.10739135
S1,2010,25-29,49673458.3761
S1,2010,30-34,43655298.868939444
S1,2010,35-39,41859129.92211309
S1,2010,40-44,34060638.50879954
S1,2010,45-49,29673151.00885269
S1,2010,50-54,23087983.657304045
S1,2010,55-59,19601307.36307947
S1,2010,60-64,18134044.85818571
S1,2010,65-69,13340029.104923042
S1,2010,70-74,9523776.403087946
S1,2010,75+,10510490.299329853
S1,2010,0-8,103903350.93699437
S1,2010,9-14,75524488.63480738
S1,2010,0-17,
S1,2010,18-29,
S1,2010,30-65,
S1,2010,66+,
S1,2010,15-26,
S1,2010,27-45,
S1,2010,46-65,
S1,2011,00-04,
S1,2011,05-09,
S1,2011,10-14,
S1,2011,15-19,57057291.9044279
S1,2011,20-24,54335449.57143874
S1,2011,25-29,50470816.141640164
S1,2011,30-34,44278446.01265331
S1,2011,35-39,42588921.27925429
S1,2011,40-44,35310396.90195809
S1,2011,45-49,30534249.62520982
S1,2011,50-54,23527117.197699815
S1,2011,55-59,19953004.25147155
S1,2011,60-64,19199731.611482404
S1,2011,65-69,13661587.04085087
S1,2011,70-74,9667827.29983519
S1,2011,75+,10901840.518275525
S1,2011,0-8,102800100.28024219
S1,2011,9-14,75829043.68229418
S1,2011,0-17,
S1,2011,18-29,
S1,2011,30-65,
S1,2011,66+,
S1,2011,15-26,
S1,2011,27-45,
S1,2011,46-65,
S1,2012,00-04,
S1,2012,05-09,
S1,2012,10-14,
S1,2012,15-19,57365160.08606967
S1,2012,20-24,54782626.93101905
S1,2012,25-29,51530753.41794154
S1,2012,30-34,45233851.19515996
S1,2012,35-39,43473270.07467136
S1,2012,40-44,36057258.83519538
S1,2012,45-49,31116813.995249365
S1,2012,50-54,24074650.680407256
S1,2012,55-59,20635662.90346928
S1,2012,60-64,20227097.0009125
S1,2012,65-69,14047208.46624688
S1,2012,70-74,9826730.678999513
S1,2012,75+,11306534.478039699
S1,2012,0-8,102141148.68528989
S1,2012,9-14,76378595.84289517
S1,2012,0-17,
S1,2012,18-29,
S1,2012,30-65,
S1,2012,66+,
S1,2012,15-26,
S1,2012,27-45,
S1,2012,46-65,
S1,2013,00-04,
S1,2013,05-09,
S1,2013,10-14,
S1,2013,15-19,57686455.567222476
S1,2013,20-24,55266490.945685476
S1,2013,25-29,52476591.213542044
S1,2013,30-34,46305365.51885786
S1,2013,35-39,44289297.97964032
S1,2013,40-44,36821780.19646107
S1,2013,45-49,31720693.480637185
S1,2013,50-54,24652707.988109507
S1,2013,55-59,21291155.124283157
S1,2013,60-64,21325005.338293076
S1,2013,65-69,14463584.28998077
S1,2013,70-74,9976438.095083803
S1,2013,75+,11747660.251662156
S1,2013,0-8,101594562.36487989
S1,2013,9-14,76774398.69862661
S1,2013,0-17,
S1,2013,18-29,
S1,2013,30-65,
S1,2013,66+,
S1,2013,15-26,
S1,2013,27-45,
S1,2013,46-65,
S1,2014,00-04,
S1,2014,05-09,
S1,2014,10-14,
S1,2014,15-19,58062748.57641699
S1,2014,20-24,55680885.47747284
S1,2014,25-29,53361909.96460764
S1,2014,30-34,47456951.19864608
S1,2014,35-39,45063030.97566748
S1,2014,40-44,37631239.1557047
S1,2014,45-49,32364042.21161328
S1,2014,50-54,25270998.67457975
S1,2014,55-59,21904259.006232955
S1,2014,60-64,22513527.888918597
S1,2014,65-69,14866472.65604343
S1,2014,70-74,10146480.4806734
S1,2014,75+,12206312.751358258
S1,2014,0-8,101041437.30992691
S1,2014,9-14,77026016.83276947
S1,2014,0-17,
S1,2014,18-29,
S1,2014,30-65,
S1,2014,66+,
S1,2014,15-26,
S1,2014,27-45,
S1,2014,46-65,
S1,2015,00-04,
S1,2015,05-09,
S1,2015,10-14,
S1,2015,15-19,58472452.410074726
S1,2015,20-24,56104184.10416551
S1,2015,25-29,54158874.10879907
S1,2015,30-34,48656264.9848794
S1,2015,35-39,45908744.773775995
S1,2015,40-44,38524565.617711596
S1,2015,45-49,33019432.04133102
S1,2015,50-54,25934269.50355079
S1,2015,55-59,22494476.08839886
S1,2015,60-64,23387698.404964123
S1,2015,65-69,15636398.809533186
S1,2015,70-74,10376439.5475596
S1,2015,75+,12662925.392282583
S1,2015,0-8,100398444.8830183
S1,2015,9-14,77073729.09023337
S1,2015,0-17,
S1,2015,18-29,
S1,2015,30-65,
S1,2015,66+,
S1,2015,15-26,
S1,2015,27-45,
S1,2015,46-65,
S1,2016,00-04,
S1,2016,05-09,
S1,2016,10-14,
S1,2016,15-19,58979017.96252365
S1,2016,20-24,56495852.1557614
S1,2016,25-29,54813712.27239378
S1,2016,30-34,49714759.66486491
S1,2016,35-39,46905405.27291606
S1,2016,40-44,39361522.78942693
S1,2016,45-49,33722174.32187738
S1,2016,50-54,26564888.15398902
S1,2016,55-59,23099832.94729419
S1,2016,60-64,24185405.474591766
S1,2016,65-69,16463730.588685121
S1,2016,70-74,10655680.869559908
S1,2016,75+,13115336.486704035
S1,2016,0-8,99961557.45126513
S1,2016,9-14,76764410.90429729
S1,2016,0-17,
S1,2016,18-29,
S1,2016,30-65,
S1,2016,66+,
S1,2016,15-26,
S1,2016,27-45,
S1,2016,46-65,
S1,2017,00-04,
S1,2017,05-09,
S1,2017,10-14,
S1,2017,15-19,59553669.3796149
S1,2017,20-24,56868916.593002856
S1,2017,25-29,55311539.16310106
S1,2017,30-34,50813123.93062817
S1,2017,35-39,47845753.63613946
S1,2017,40-44,40193598.65434977
S1,2017,45-49,34464761.23897181
S1,2017,50-54,27182667.78612259
S1,2017,55-59,23696694.622990824
S1,2017,60-64,24889495.99465432
S1,2017,65-69,17306782.89955925
S1,2017,70-74,10966253.46246922
S1,2017,75+,13553330.180146009
S1,2017,0-8,99615750.3564353
S1,2017,9-14,76087451.78584878
S1,2017,0-17,
S1,2017,18-29,
S1,2017,30-65,
S1,2017,66+,
S1,2017,15-26,
S1,2017,27-45,
S1,2017,46-65,
S1,2018,00-04,
S1,2018,05-09,
S1,2018,10-14,
S1,2018,15-19,60086501.28059359
S1,2018,20-24,57248126.22980479
S1,2018,25-29,55834731.97203599
S1,2018,30-34,51802121.42421039
S1,2018,35-39,48896224.15082116
S1,2018,40-44,40988738.58349668
S1,2018,45-49,35242442.57963464
S1,2018,50-54,27852171.13520638
S1,2018,55-59,24333791.00940458
S1,2018,60-64,25528585.815745413
S1,2018,65-69,18215374.898255106
S1,2018,70-74,11307891.26586287
S1,2018,75+,14008403.81978467
S1,2018,0-8,99094489.4090542
S1,2018,9-14,75460711.46166477
S1,2018,0-17,
S1,2018,18-29,
S1,2018,30-65,
S1,2018,66+,
S1,2018,15-26,
S1,2018,27-45,
S1,2018,46-65,
S1,2019,00-04,
S1,2019,05-09,
S1,2019,10-14,
S1,2019,15-19,60450367.08358079
S1,2019,20-24,57645317.86091795
S1,2019,25-29,56244448.30255659
S1,2019,30-34,52705195.31363135
S1,2019,35-39,49991685.921619765
S1,2019,40-44,41749510.92676019
S1,2019,45-49,36062882.52784555
S1,2019,50-54,28575209.538873665
S1,2019,55-59,25008650.47881636
S1,2019,60-64,26072925.27959188
S1,2019,65-69,19198104.19617122
S1,2019,70-74,11641569.16110097
S1,2019,75+,14479747.142699976
S1,2019,0-8,98639366.28468871
S1,2019,9-14,75001032.50897774
S1,2019,0-17,
S1,2019,18-29,
S1,2019,30-65,
S1,2019,66+,
S1,2019,15-26,
S1,2019,27-45,
S1,2019,46-65,
S1,2020,00-04,
S1,2020,05-09,
S1,2020,10-14,
S1,2020,15-19,60704609.01625408
S1,2020,20-24,58044192.58108874
S1,2020,25-29,56628224.32064028
S1,2020,30-34,53502486.31781906
S1,2020,35-39,51104623.16940901
S1,2020,40-44,42586975.27892795
S1,2020,45-49,36966701.4437031
S1,2020,50-54,29329751.433936473
S1,2020,55-59,25728809.51794157
S1,2020,60-64,26550842.35214908
S1,2020,65-69,19923914.08350315
S1,2020,70-74,12276901.37049787
S1,2020,75+,14981387.071548162
S1,2020,0-8,98163896.99842572
S1,2020,9-14,74549798.04238357
S1,2020,0-17,
S1,2020,18-29,
S1,2020,30-65,
S1,2020,66+,
S1,2020,15-26,
S1,2020,27-45,
S1,2020,46-65,
S1,2021,00-04,
S1,2021,05-09,
S1,2021,10-14,
S1,2021,15-19,60676076.06210475
S1,2021,20-24,58645278.65283068
S1,2021,25-29,57093801.19928163
S1,2021,30-34,54253236.6163415
S1,2021,35-39,52114710.65242298
S1,2021,40-44,43616581.50633088
S1,2021,45-49,37836781.21353998
S1,2021,50-54,30144529.59260321
S1,2021,55-59,26400525.631523088
S1,2021,60-64,26975717.8718229
S1,2021,65-69,20548435.215027004
S1,2021,70-74,12928190.931544412
S1,2021,75+,15412980.531307843
S1,2021,0-8,97538553.1844151
S1,2021,9-14,74197705.72703904
S1,2021,0-17,
S1,2021,18-29,
S1,2021,30-65,
S1,2021,66+,
S1,2021,15-26,
S1,2021,27-45,
S1,2021,46-65,
S1,2022,00-04,
S1,2022,05-09,
S1,2022,10-14,
S1,2022,15-19,60453809.83884338
S1,2022,20-24,59416517.85054123
S1,2022,25-29,57589978.088682376
S1,2022,30-34,54904967.40280887
S1,2022,35-39,53213913.77359204
S1,2022,40-44,44667694.7944969
S1,2022,45-49,38747764.9137108
S1,2022,50-54,31013946.466525994
S1,2022,55-59,27016884.75982145
S1,2022,60-64,27254170.15495301
S1,2022,65-69,20934445.751489352
S1,2022,70-74,13409539.867628641
S1,2022,75+,15477047.218269018
S1,2022,0-8,97104560.69741076
S1,2022,9-14,74028262.60682176
S1,2022,0-17,
S1,2022,18-29,
S1,2022,30-65,
S1,2022,66+,
S1,2022,15-26,
S1,2022,27-45,
S1,2022,46-65,
S1,2023,00-04,
S1,2023,05-09,
S1,2023,10-14,
S1,2023,15-19,59984024.81132743
S1,2023,20-24,59916441.36122802
S1,2023,25-29,57891071.63610179
S1,2023,30-34,55421280.96426716
S1,2023,35-39,54052574.40514863
S1,2023,40-44,45756655.99620023
S1,2023,45-49,39589009.1139348
S1,2023,50-54,31960731.416119564
S1,2023,55-59,27765581.68344742
S1,2023,60-64,27711902.56839844
S1,2023,65-69,21518263.75285578
S1,2023,70-74,14192077.04479928
S1,2023,75+,16064830.092357758
S1,2023,0-8,96613646.53454444
S1,2023,9-14,73656780.8308829
S1,2023,0-17,
S1,2023,18-29,
S1,2023,30-65,
S1,2023,66+,
S1,2023,15-26,
S1,2023,27-45,
S1,2023,46-65,
S1,2024,00-04,
S1,2024,05-09,
S1,2024,10-14,
S1,2024,15-19,59632883.65839741
S1,2024,20-24,60282555.31649318
S1,2024,25-29,58248057.421918295
S1,2024,30-34,55854423.700313054
S1,2024,35-39,54803855.83987519
S1,2024,40-44,46912004.15909557
S1,2024,45-49,40401540.70899183
S1,2024,50-54,32962246.66287107
S1,2024,55-59,28563043.150246862
S1,2024,60-64,28176053.56128326
S1,2024,65-69,22030151.94361268
S1,2024,70-74,15041079.04327828
S1,2024,75+,16650449.992629692
S1,2024,0-8,96529010.74295926
S1,2024,9-14,72884066.32571302
S1,2024,0-17,
S1,2024,18-29,
S1,2024,30-65,
S1,2024,66+,
S1,2024,15-26,
S1,2024,27-45,
S1,2024,46-65,
S1,2025,00-04,
S1,2025,05-09,
S1,2025,10-14,
S1,2025,15-19,59393520.45626116
S1,2025,20-24,60467436.54963291
S1,2025,25-29,58642248.71485025
S1,2025,30-34,56302152.6314919
S1,2025,35-39,55441578.22879908
S1,2025,40-44,48098151.11924415
S1,2025,45-49,41274860.89112335
S1,2025,50-54,34015942.06135655
S1,2025,55-59,29395442.192214206
S1,2025,60-64,28675779.26688043
S1,2025,65-69,22494628.517572436
S1,2025,70-74,15712491.54262808
S1,2025,75+,17532885.825346556
S1,2025,0-8,96320925.50705656
S1,2025,9-14,72090309.59856108
S1,2025,0-17,
S1,2025,18-29,
S1,2025,30-65,
S1,2025,66+,
S1,2025,15-26,
S1,2025,27-45,
S1,2025,46-65,
S1,2026,00-04,
S1,2026,05-09,
S1,2026,10-14,
S1,2026,15-19,59202757.41404764
S1,2026,20-24,60302204.87726559
S1,2026,25-29,59135135.027429104
S1,2026,30-34,56745660.78900096
S1,2026,35-39,55954006.39923079
S1,2026,40-44,49156708.55625635
S1,2026,45-49,42318559.90287989
S1,2026,50-54,35032835.10829682
S1,2026,55-59,30277617.735468224
S1,2026,60-64,29118809.62726536
S1,2026,65-69,22955870.31346105
S1,2026,70-74,16347862.89894988
S1,2026,75+,18482477.09347225
S1,2026,0-8,95987427.54623984
S1,2026,9-14,71452270.32490087
S1,2026,0-17,
S1,2026,18-29,
S1,2026,30-65,
S1,2026,66+,
S1,2026,15-26,
S1,2026,27-45,
S1,2026,46-65,
S1,2027,00-04,
S1,2027,05-09,
S1,2027,10-14,
S1,2027,15-19,59054245.8586815
S1,2027,20-24,59822840.91585128
S1,2027,25-29,59666015.28377327
S1,2027,30-34,57125799.89593203
S1,2027,35-39,56265559.57790129
S1,2027,40-44,50230823.58903086
S1,2027,45-49,43329482.162202835
S1,2027,50-54,36059583.32453503
S1,2027,55-59,31204005.88410253
S1,2027,60-64,29540477.319635853
S1,2027,65-69,23402848.371207703
S1,2027,70-74,16944769.71143435
S1,2027,75+,19479717.785342965
S1,2027,0-8,95876991.84610046
S1,2027,9-14,70514340.441826
S1,2027,0-17,
S1,2027,18-29,
S1,2027,30-65,
S1,2027,66+,
S1,2027,15-26,
S1,2027,27-45,
S1,2027,46-65,
S1,2028,00-04,
S1,2028,05-09,
S1,2028,10-14,
S1,2028,15-19,58954000.67269021
S1,2028,20-24,59284048.82868935
S1,2028,25-29,60113442.29331531
S1,2028,30-34,57502418.88691037
S1,2028,35-39,56596147.75984178
S1,2028,40-44,51179293.863152355
S1,2028,45-49,44446274.77009905
S1,2028,50-54,37049048.3564696
S1,2028,55-59,32143823.509109315
S1,2028,60-64,29987785.965102624
S1,2028,65-69,23865326.77574228
S1,2028,70-74,17508091.35231558
S1,2028,75+,20545188.68873995
S1,2028,0-8,95649606.93203065
S1,2028,9-14,69748327.96483165
S1,2028,0-17,
S1,2028,18-29,
S1,2028,30-65,
S1,2028,66+,
S1,2028,15-26,
S1,2028,27-45,
S1,2028,46-65,
S1,2029,00-04,
S1,2029,05-09,
S1,2029,10-14,
S1,2029,15-19,58714408.055825256
S1,2029,20-24,58867366.88950206
S1,2029,25-29,60380497.21328654
S1,2029,30-34,57918592.21633031
S1,2029,35-39,56842215.73123109
S1,2029,40-44,52058048.01500675
S1,2029,45-49,45633935.71927138
S1,2029,50-54,38024720.22879451
S1,2029,55-59,33118976.160701334
S1,2029,60-64,30476174.330814175
S1,2029,65-69,24354429.23515267
S1,2029,70-74,18026010.75223064
S1,2029,75+,21672005.098082155
S1,2029,0-8,95593346.50789645
S1,2029,9-14,68963679.36877964
S1,2029,0-17,
S1,2029,18-29,
S1,2029,30-65,
S1,2029,66+,
S1,2029,15-26,
S1,2029,27-45,
S1,2029,46-65,
S1,2030,00-04,
S1,2030,05-09,
S1,2030,10-14,
S1,2030,15-19,58025995.37780737
S1,2030,20-24,58601005.9640598
S1,2030,25-29,60500365.83049735
S1,2030,30-34,58328642.94135924
S1,2030,35-39,57073278.26365554
S1,2030,40-44,52826972.3231619
S1,2030,45-49,46845131.273189366
S1,2030,50-54,39069234.55203661
S1,2030,55-59,34148907.60344663
S1,2030,60-64,30963301.44223738
S1,2030,65-69,24868271.77443233
S1,2030,70-74,18510920.02984181
S1,2030,75+,22859622.468662143
S1,2030,0-8,95775586.13654846
S1,2030,9-14,68334226.82087573
S1,2030,0-17,
S1,2030,18-29,
S1,2030,30-65,
S1,2030,66+,
S1,2030,15-26,
S1,2030,27-45,
S1,2030,46-65,
S1,2031,00-04,
S1,2031,05-09,
S1,2031,10-14,
S1,2031,15-19,57497672.59418232
S1,2031,20-24,58381121.89218511
S1,2031,25-29,60263144.76647745
S1,2031,30-34,58830863.73941691
S1,2031,35-39,57304772.196665354
S1,2031,40-44,53484309.472954914
S1,2031,45-49,47935006.55358923
S1,2031,50-54,40276133.29105504
S1,2031,55-59,35129210.54150657
S1,2031,60-64,31494812.75825459
S1,2031,65-69,25346115.77216135
S1,2031,70-74,19003712.29060482
S1,2031,75+,24078126.994895797
S1,2031,0-8,95943962.94039552
S1,2031,9-14,67561511.4354522
S1,2031,0-17,
S1,2031,18-29,
S1,2031,30-65,
S1,2031,66+,
S1,2031,15-26,
S1,2031,27-45,
S1,2031,46-65,
S1,2032,00-04,
S1,2032,05-09,
S1,2032,10-14,
S1,2032,15-19,57046593.06620613
S1,2032,20-24,58206864.58345535
S1,2032,25-29,59714231.84675331
S1,2032,30-34,59370770.21537186
S1,2032,35-39,57483537.27516273
S1,2032,40-44,53957249.44997262
S1,2032,45-49,49043516.29228461
S1,2032,50-54,41451153.65320503
S1,2032,55-59,36107947.74319047
S1,2032,60-64,32069159.914843813
S1,2032,65-69,25818644.400063884
S1,2032,70-74,19494231.47346134
S1,2032,75+,25308339.504286356
S1,2032,0-8,95978443.26189956
S1,2032,9-14,66694211.69516735
S1,2032,0-17,
S1,2032,18-29,
S1,2032,30-65,
S1,2032,66+,
S1,2032,15-26,
S1,2032,27-45,
S1,2032,46-65,
S1,2033,00-04,
S1,2033,05-09,
S1,2033,10-14,
S1,2033,15-19,56361896.87616896
S1,2033,20-24,58081752.91835188
S1,2033,25-29,59110644.84050763
S1,2033,30-34,59829173.40610044
S1,2033,35-39,57673147.99721806
S1,2033,40-44,54453209.84051355
S1,2033,45-49,50031282.838602155
S1,2033,50-54,42722646.19191239
S1,2033,55-59,37036841.01801192
S1,2033,60-64,32658819.827323183
S1,2033,65-69,26326845.517150447
S1,2033,70-74,20006211.078214414
S1,2033,75+,26566309.81657395
S1,2033,0-8,95947238.00522995
S1,2033,9-14,66162486.25071622
S1,2033,0-17,
S1,2033,18-29,
S1,2033,30-65,
S1,2033,66+,
S1,2033,15-26,
S1,2033,27-45,
S1,2033,46-65,
S1,2034,00-04,
S1,2034,05-09,
S1,2034,10-14,
S1,2034,15-19,55939762.67561319
S1,2034,20-24,57818002.43864113
S1,2034,25-29,58633917.31582252
S1,2034,30-34,60109528.05762027
S1,2034,35-39,57918571.568378806
S1,2034,40-44,54870289.361463815
S1,2034,45-49,50951917.7563009
S1,2034,50-54,44054640.31696977
S1,2034,55-59,37940581.57746539
S1,2034,60-64,33291680.373356104
S1,2034,65-69,26884114.451438032
S1,2034,70-74,20547956.565393522
S1,2034,75+,27837152.534733076
S1,2034,0-8,95850575.60986184
S1,2034,9-14,65560859.95796734
S1,2034,0-17,
S1,2034,18-29,
S1,2034,30-65,
S1,2034,66+,
S1,2034,15-26,
S1,2034,27-45,
S1,2034,46-65,
S1,2035,00-04,
S1,2035,05-09,
S1,2035,10-14,
S1,2035,15-19,55723332.00269273
S1,2035,20-24,57109480.28541223
S1,2035,25-29,58313124.87750378
S1,2035,30-34,60244816.48026676
S1,2035,35-39,58176415.21893487
S1,2035,40-44,55273603.275960386
S1,2035,45-49,51765795.89118718
S1,2035,50-54,45399328.40084988
S1,2035,55-59,38902295.02406567
S1,2035,60-64,33990836.0230477
S1,2035,65-69,27451495.524528593
S1,2035,70-74,21116354.94652361
S1,2035,75+,29123217.05895141
S1,2035,0-8,95711347.2300236
S1,2035,9-14,65159827.77060531
S1,2035,0-17,
S1,2035,18-29,
S1,2035,30-65,
S1,2035,66+,
S1,2035,15-26,
S1,2035,27-45,
S1,2035,46-65,
S1,2036,00-04,
S1,2036,05-09,
S1,2036,10-14,
S1,2036,15-19,55181285.43693967
S1,2036,20-24,56586560.12054537
S1,2036,25-29,58070821.04912985
S1,2036,30-34,60052916.14440645
S1,2036,35-39,58571813.45415224
S1,2036,40-44,55699199.92376462
S1,2036,45-49,52491350.84344321
S1,2036,50-54,46631129.11107938
S1,2036,55-59,40030477.857767
S1,2036,60-64,34671095.25213761
S1,2036,65-69,28079566.52037831
S1,2036,70-74,21667364.459758803
S1,2036,75+,30444887.389743652
S1,2036,0-8,95515154.50538675
S1,2036,9-14,65036309.78574866
S1,2036,0-17,
S1,2036,18-29,
S1,2036,30-65,
S1,2036,66+,
S1,2036,15-26,
S1,2036,27-45,
S1,2036,46-65,
S1,2037,00-04,
S1,2037,05-09,
S1,2037,10-14,
S1,2037,15-19,54532927.47224553
S1,2037,20-24,56190668.240058005
S1,2037,25-29,57929854.432148665
S1,2037,30-34,59601721.391437024
S1,2037,35-39,59076394.90768282
S1,2037,40-44,56116937.41203104
S1,2037,45-49,53079122.81580159
S1,2037,50-54,47903369.17237899
S1,2037,55-59,41150984.87786114
S1,2037,60-64,35404515.1457389
S1,2037,65-69,28781365.487495482
S1,2037,70-74,22237286.221036766
S1,2037,75+,31796722.576448213
S1,2037,0-8,95266664.08157653
S1,2037,9-14,64970483.61736763
S1,2037,0-17,
S1,2037,18-29,
S1,2037,30-65,
S1,2037,66+,
S1,2037,15-26,
S1,2037,27-45,
S1,2037,46-65,
S1,2038,00-04,
S1,2038,05-09,
S1,2038,10-14,
S1,2038,15-19,54202474.62318705
S1,2038,20-24,55560716.97121896
S1,2038,25-29,57842007.28779187
S1,2038,30-34,59093673.77803601
S1,2038,35-39,59523265.39797733
S1,2038,40-44,56539549.94738725
S1,2038,45-49,53687719.41610938
S1,2038,50-54,49037597.573413745
S1,2038,55-59,42358346.19177663
S1,2038,60-64,36119726.99811691
S1,2038,65-69,29507861.04961823
S1,2038,70-74,22842140.977920335
S1,2038,75+,33179657.172039952
S1,2038,0-8,94956563.28346959
S1,2038,9-14,64892171.48378733
S1,2038,0-17,
S1,2038,18-29,
S1,2038,30-65,
S1,2038,66+,
S1,2038,15-26,
S1,2038,27-45,
S1,2038,46-65,
S1,2039,00-04,
S1,2039,05-09,
S1,2039,10-14,
S1,2039,15-19,53772530.48747801
S1,2039,20-24,55185306.667451434
S1,2039,25-29,57614922.81626942
S1,2039,30-34,58704861.20184886
S1,2039,35-39,59811966.75573641
S1,2039,40-44,57003392.402432956
S1,2039,45-49,54210221.26119482
S1,2039,50-54,50077406.62228873
S1,2039,55-59,43613595.18636057
S1,2039,60-64,36844524.39777274
S1,2039,65-69,30281575.71701462
S1,2039,70-74,23491192.775177084
S1,2039,75+,34586383.07830971
S1,2039,0-8,94560362.71620803
S1,2039,9-14,64810462.83053283
S1,2039,0-17,
S1,2039,18-29,
S1,2039,30-65,
S1,2039,66+,
S1,2039,15-26,
S1,2039,27-45,
S1,2039,46-65,
S1,2040,00-04,
S1,2040,05-09,
S1,2040,10-14,
S1,2040,15-19,53540249.79008891
S1,2040,20-24,55003333.26727059
S1,2040,25-29,56936138.14780816
S1,2040,30-34,58458157.9202551
S1,2040,35-39,59969534.80713569
S1,2040,40-44,57457853.33256694
S1,2040,45-49,54703830.54997192
S1,2040,50-54,50974903.21252784
S1,2040,55-59,44865622.24613108
S1,2040,60-64,37661189.67704149
S1,2040,65-69,31118627.31715682
S1,2040,70-74,24146095.707734503
S1,2040,75+,36012798.56424367
S1,2040,0-8,94068294.57510582
S1,2040,9-14,64710885.30650413
S1,2040,0-17,
S1,2040,18-29,
S1,2040,30-65,
S1,2040,66+,
S1,2040,15-26,
S1,2040,27-45,
S1,2040,46-65,
S1,2041,00-04,
S1,2041,05-09,
S1,2041,10-14,
S1,2041,15-19,53534826.27585775
S1,2041,20-24,54476614.05861046
S1,2041,25-29,56427725.62430725
S1,2041,30-34,58267148.44796887
S1,2041,35-39,59805866.67268611
S1,2041,40-44,58016267.33653381
S1,2041,45-49,55195148.47544561
S1,2041,50-54,51737239.5111063
S1,2041,55-59,45984807.31752225
S1,2041,60-64,38673009.68983375
S1,2041,65-69,31935328.134630717
S1,2041,70-74,24847044.002146304
S1,2041,75+,37435778.055674545
S1,2041,0-8,93505640.46692811
S1,2041,9-14,64593135.58900778
S1,2041,0-17,
S1,2041,18-29,
S1,2041,30-65,
S1,2041,66+,
S1,2041,15-26,
S1,2041,27-45,
S1,2041,46-65,
S1,2042,00-04,
S1,2042,05-09,
S1,2042,10-14,
S1,2042,15-19,53555501.678917445
S1,2042,20-24,53821303.14860369
S1,2042,25-29,56025724.69863325
S1,2042,30-34,58148653.692427374
S1,2042,35-39,59368761.06482904
S1,2042,40-44,58639776.422810055
S1,2042,45-49,55648481.08712947
S1,2042,50-54,52325920.160227776
S1,2042,55-59,47131559.34987383
S1,2042,60-64,39692905.35208395
S1,2042,65-69,32782066.54564833
S1,2042,70-74,25597767.26655878
S1,2042,75+,38875616.13111251
S1,2042,0-8,92880453.22891939
S1,2042,9-14,64418089.537027426
S1,2042,0-17,
S1,2042,18-29,
S1,2042,30-65,
S1,2042,66+,
S1,2042,15-26,
S1,2042,27-45,
S1,2042,46-65,
S1,2043,00-04,
S1,2043,05-09,
S1,2043,10-14,
S1,2043,15-19,53530576.78842103
S1,2043,20-24,53460949.86174497
S1,2043,25-29,55366914.15483892
S1,2043,30-34,58053959.24040863
S1,2043,35-39,58846736.4154448
S1,2043,40-44,59156691.94206491
S1,2043,45-49,56075819.76196544
S1,2043,50-54,52912509.104501724
S1,2043,55-59,48143835.04339507
S1,2043,60-64,40795030.47527538
S1,2043,65-69,33576139.01498078
S1,2043,70-74,26348698.75154614
S1,2043,75+,40351374.083386205
S1,2043,0-8,92192542.60342126
S1,2043,9-14,64193984.263340436
S1,2043,0-17,
S1,2043,18-29,
S1,2043,30-65,
S1,2043,66+,
S1,2043,15-26,
S1,2043,27-45,
S1,2043,46-65,
S1,2044,00-04,
S1,2044,05-09,
S1,2044,10-14,
S1,2044,15-19,53457188.982694164
S1,2044,20-24,52982815.50863891
S1,2044,25-29,54943913.0035148
S1,2044,30-34,57794034.13650789
S1,2044,35-39,58419960.53854768
S1,2044,40-44,59469399.55138102
S1,2044,45-49,56516951.2359992
S1,2044,50-54,53395839.13813019
S1,2044,55-59,49071949.23665674
S1,2044,60-64,41946153.32208408
S1,2044,65-69,34342694.05211855
S1,2044,70-74,27119057.069533933
S1,2044,75+,41865001.82269381
S1,2044,0-8,91451515.77591257
S1,2044,9-14,63927764.33425841
S1,2044,0-17,
S1,2044,18-29,
S1,2044,30-65,
S1,2044,66+,
S1,2044,15-26,
S1,2044,27-45,
S1,2044,46-65,
S1,2045,00-04,
S1,2045,05-09,
S1,2045,10-14,
S1,2045,15-19,53339584.232713215
S1,2045,20-24,52695813.53911877
S1,2045,25-29,54708036.48571885
S1,2045,30-34,57068444.52610993
S1,2045,35-39,58123024.41384746
S1,2045,40-44,59614641.52075674
S1,2045,45-49,56931800.7480409
S1,2045,50-54,53842210.69204914
S1,2045,55-59,49880919.6499164
S1,2045,60-64,43107034.673869304
S1,2045,65-69,35161998.37572838
S1,2045,70-74,27924189.285698213
S1,2045,75+,43386679.3041099
S1,2045,0-8,90679396.28909692
S1,2045,9-14,63611799.88162634
S1,2045,0-17,
S1,2045,18-29,
S1,2045,30-65,
S1,2045,66+,
S1,2045,15-26,
S1,2045,27-45,
S1,2045,46-65,
S1,2046,00-04,
S1,2046,05-09,
S1,2046,10-14,
S1,2046,15-19,53214366.22081505
S1,2046,20-24,52640429.39015973
S1,2046,25-29,54135137.63122352
S1,2046,30-34,56515509.09868282
S1,2046,35-39,57883949.39492159
S1,2046,40-44,59417378.4964917
S1,2046,45-49,57445704.86312481
S1,2046,50-54,54289928.73405255
S1,2046,55-59,50590924.15627685
S1,2046,60-64,44164723.53407234
S1,2046,65-69,36134348.1521482
S1,2046,70-74,28691770.8735073
S1,2046,75+,44939841.538479805
S1,2046,0-8,89888849.42714074
S1,2046,9-14,63240568.19544384
S1,2046,0-17,
S1,2046,18-29,
S1,2046,30-65,
S1,2046,66+,
S1,2046,15-26,
S1,2046,27-45,
S1,2046,46-65,
S1,2047,00-04,
S1,2047,05-09,
S1,2047,10-14,
S1,2047,15-19,53053113.40810712
S1,2047,20-24,52620088.734339856
S1,2047,25-29,53443815.56708363
S1,2047,30-34,56076822.88641707
S1,2047,35-39,57726021.49008462
S1,2047,40-44,58946011.87354303
S1,2047,45-49,58030301.57017826
S1,2047,50-54,54710534.97734663
S1,2047,55-59,51157253.86551258
S1,2047,60-64,45269180.888870716
S1,2047,65-69,37105245.7557019
S1,2047,70-74,29483588.55116061
S1,2047,75+,46557348.85441875
S1,2047,0-8,89106575.57117617
S1,2047,9-14,62830496.975158826
S1,2047,0-17,
S1,2047,18-29,
S1,2047,30-65,
S1,2047,66+,
S1,2047,15-26,
S1,2047,27-45,
S1,2047,46-65,
S1,2048,00-04,
S1,2048,05-09,
S1,2048,10-14,
S1,2048,15-19,52851398.58953246
S1,2048,20-24,52566575.0766473
S1,2048,25-29,53059847.61611901
S1,2048,30-34,55395311.81782169
S1,2048,35-39,57605709.42642421
S1,2048,40-44,58404474.70388211
S1,2048,45-49,58521673.81449625
S1,2048,50-54,55117359.36506926
S1,2048,55-59,51731850.581013
S1,2048,60-64,46253007.53585107
S1,2048,65-69,38159332.50517215
S1,2048,70-74,30233133.44742401
S1,2048,75+,48213145.64682488
S1,2048,0-8,88334933.58684492
S1,2048,9-14,62391897.92477164
S1,2048,0-17,
S1,2048,18-29,
S1,2048,30-65,
S1,2048,66+,
S1,2048,15-26,
S1,2048,27-45,
S1,2048,46-65,
S1,2049,00-04,
S1,2049,05-09,
S1,2049,10-14,
S1,2049,15-19,52626087.506020084
S1,2049,20-24,52476938.24845158
S1,2049,25-29,52571811.00691878
S1,2049,30-34,54964502.01719959
S1,2049,35-39,57336611.04894108
S1,2049,40-44,57972068.78544432
S1,2049,45-49,58824432.16997259
S1,2049,50-54,55550427.21341036
S1,2049,55-59,52217279.52053491
S1,2049,60-64,47166811.43609712
S1,2049,65-69,39267678.1177097
S1,2049,70-74,30966155.85032811
S1,2049,75+,49929751.51403603
S1,2049,0-8,87580090.45204325
S1,2049,9-14,61921461.50245066
S1,2049,0-17,
S1,2049,18-29,
S1,2049,30-65,
S1,2049,66+,
S1,2049,15-26,
S1,2049,27-45,
S1,2049,46-65,
S1,2050,00-04,
S1,2050,05-09,
S1,2050,10-14,
S1,2050,15-19,52368439.76088551
S1,2050,20-24,52352090.82368158
S1,2050,25-29,52282372.77505307
S1,2050,30-34,54729074.65834372
S1,2050,35-39,56615558.758174255
S1,2050,40-44,57678422.98472418
S1,2050,45-49,58971469.53448153
S1,2050,50-54,55967353.51412968
S1,2050,55-59,52675921.46886596
S1,2050,60-64,47974938.63948294
S1,2050,65-69,40393105.53959287
S1,2050,70-74,31754492.126976408
S1,2050,75+,51690608.90579137
S1,2050,0-8,86839098.7386886
S1,2050,9-14,61437029.99268478
S1,2050,0-17,
S1,2050,18-29,
S1,2050,30-65,
S1,2050,66+,
S1,2050,15-26,
S1,2050,27-45,
S1,2050,46-65,
S1,2051,00-04,
S1,2051,05-09,
S1,2051,10-14,
S1,2051,15-19,52072575.74330939
S1,2051,20-24,52224794.28859113
S1,2051,25-29,52228483.97270614
S1,2051,30-34,54160796.01790023
S1,2051,35-39,56069845.2898469
S1,2051,40-44,57446042.83833101
S1,2051,45-49,58783933.271907344
S1,2051,50-54,56485859.303359896
S1,2051,55-59,53139466.49197689
S1,2051,60-64,48691326.52734309
S1,2051,65-69,41426187.59533404
S1,2051,70-74,32685281.11317905
S1,2051,75+,53449586.63643596
S1,2051,0-8,86135393.33598807
S1,2051,9-14,60924794.58851944
S1,2051,0-17,
S1,2051,18-29,
S1,2051,30-65,
S1,2051,66+,
S1,2051,15-26,
S1,2051,27-45,
S1,2051,46-65,
S1,2052,00-04,
S1,2052,05-09,
S1,2052,10-14,
S1,2052,15-19,51748440.63196081
S1,2052,20-24,52061633.24960403
S1,2052,25-29,52209804.20667297
S1,2052,30-34,53474568.67297284
S1,2052,35-39,55637769.98828295
S1,2052,40-44,57294119.65782056
S1,2052,45-49,58325452.20038607
S1,2052,50-54,57073999.031472
S1,2052,55-59,53576578.22348784
S1,2052,60-64,49270617.774562314
S1,2052,65-69,42504836.05242996
S1,2052,70-74,33617230.13164767
S1,2052,75+,55286698.27153906
S1,2052,0-8,85472007.32287204
S1,2052,9-14,60393501.98340523
S1,2052,0-17,
S1,2052,18-29,
S1,2052,30-65,
S1,2052,66+,
S1,2052,15-26,
S1,2052,27-45,
S1,2052,46-65,
S1,2053,00-04,
S1,2053,05-09,
S1,2053,10-14,
S1,2053,15-19,51403521.619418584
S1,2053,20-24,51859030.08062447
S1,2053,25-29,52158945.08850765
S1,2053,30-34,53095869.65523298
S1,2053,35-39,54965130.34234638
S1,2053,40-44,57179447.853591666
S1,2053,45-49,57797568.823091775
S1,2053,50-54,57570084.72399175
S1,2053,55-59,54000251.63609816
S1,2053,60-64,49857734.724080585
S1,2053,65-69,43469951.57952701
S1,2053,70-74,34624803.98541833
S1,2053,75+,57121476.70048148
S1,2053,0-8,84833656.23160923
S1,2053,9-14,59861617.11661515
S1,2053,0-17,
S1,2053,18-29,
S1,2053,30-65,
S1,2053,66+,
S1,2053,15-26,
S1,2053,27-45,
S1,2053,46-65,
S1,2054,00-04,
S1,2054,05-09,
S1,2054,10-14,
S1,2054,15-19,51022769.49993637
S1,2054,20-24,51634711.086936615
S1,2054,25-29,52074525.59982976
S1,2054,30-34,52615237.13189659
S1,2054,35-39,54542415.91153946
S1,2054,40-44,56917853.66536535
S1,2054,45-49,57378119.65999653
S1,2054,50-54,57880329.77888113
S1,2054,55-59,54449623.65948011
S1,2054,60-64,50359134.45287629
S1,2054,65-69,44370186.25416534
S1,2054,70-74,35682472.098724656
S1,2054,75+,58993199.255041726
S1,2054,0-8,84225951.8677059
S1,2054,9-14,59344101.44908963
S1,2054,0-17,
S1,2054,18-29,
S1,2054,30-65,
S1,2054,66+,
S1,2054,15-26,
S1,2054,27-45,
S1,2054,46-65,
S1,2055,00-04,
S1,2055,05-09,
S1,2055,10-14,
S1,2055,15-19,50611869.73206447
S1,2055,20-24,51376077.78748579
S1,2055,25-29,51952511.776550554
S1,2055,30-34,52331437.53515589
S1,2055,35-39,54312056.67426421
S1,2055,40-44,56206882.58589805
S1,2055,45-49,57095427.50650762
S1,2055,50-54,58036354.51034813
S1,2055,55-59,54882536.01035114
S1,2055,60-64,50834346.68549071
S1,2055,65-69,45171673.38377973
S1,2055,70-74,36757527.69622266
S1,2055,75+,60951672.08835572
S1,2055,0-8,83641754.42871165
S1,2055,9-14,58824969.173739254
S1,2055,0-17,
S1,2055,18-29,
S1,2055,30-65,
S1,2055,66+,
S1,2055,15-26,
S1,2055,27-45,
S1,2055,46-65,
S1,2056,00-04,
S1,2056,05-09,
S1,2056,10-14,
S1,2056,15-19,50193217.845554836
S1,2056,20-24,51079900.08512067
S1,2056,25-29,51827739.7697449
S1,2056,30-34,52282049.76921282
S1,2056,35-39,53750963.44334991
S1,2056,40-44,55669433.33641033
S1,2056,45-49,56872588.33206849
S1,2056,50-54,57862787.490199
S1,2056,55-59,55415209.08376361
S1,2056,60-64,51313962.90900154
S1,2056,65-69,45886839.42622348
S1,2056,70-74,37751140.28432214
S1,2056,75+,63034627.55270487
S1,2056,0-8,83091925.44875655
S1,2056,9-14,58301442.54052226
S1,2056,0-17,
S1,2056,18-29,
S1,2056,30-65,
S1,2056,66+,
S1,2056,15-26,
S1,2056,27-45,
S1,2056,46-65,
S1,2057,00-04,
S1,2057,05-09,
S1,2057,10-14,
S1,2057,15-19,49756456.06879668
S1,2057,20-24,50753458.44956404
S1,2057,25-29,51664759.17234756
S1,2057,30-34,52266288.58036019
S1,2057,35-39,53072127.95504761
S1,2057,40-44,55244141.01560847
S1,2057,45-49,56728536.05584898
S1,2057,50-54,57422285.78529366
S1,2057,55-59,56015810.06339299
S1,2057,60-64,51767718.83537988
S1,2057,65-69,46474415.27671303
S1,2057,70-74,38788687.94581938
S1,2057,75+,65186192.5167544
S1,2057,0-8,82588678.21867363
S1,2057,9-14,57786270.01257206
S1,2057,0-17,
S1,2057,18-29,
S1,2057,30-65,
S1,2057,66+,
S1,2057,15-26,
S1,2057,27-45,
S1,2057,46-65,
S1,2058,00-04,
S1,2058,05-09,
S1,2058,10-14,
S1,2058,15-19,49311949.158240244
S1,2058,20-24,50408298.14911061
S1,2058,25-29,51463732.21968311
S1,2058,30-34,52218685.783080444
S1,2058,35-39,52698300.624729715
S1,2058,40-44,54580090.04371735
S1,2058,45-49,56621205.86523688
S1,2058,50-54,56913487.03843609
S1,2058,55-59,56525266.62591443
S1,2058,60-64,52208543.65630741
S1,2058,65-69,47069274.764619924
S1,2058,70-74,39722583.10236494
S1,2058,75+,67399108.0289435
S1,2058,0-8,82113774.65800294
S1,2058,9-14,57295621.878875695
S1,2058,0-17,
S1,2058,18-29,
S1,2058,30-65,
S1,2058,66+,
S1,2058,15-26,
S1,2058,27-45,
S1,2058,46-65,
S1,2059,00-04,
S1,2059,05-09,
S1,2059,10-14,
S1,2059,15-19,48874370.344007045
S1,2059,20-24,50026979.13104175
S1,2059,25-29,51239465.5564482
S1,2059,30-34,52135545.77003866
S1,2059,35-39,52222238.24114102
S1,2059,40-44,54163247.23690626
S1,2059,45-49,56367605.03783112
S1,2059,50-54,56510964.84050611
S1,2059,55-59,56851027.88798204
S1,2059,60-64,52673952.47655389
S1,2059,65-69,47583610.66485354
S1,2059,70-74,40599056.52200456
S1,2059,75+,69689675.10864016
S1,2059,0-8,81645048.34674945
S1,2059,9-14,56832671.562345415
S1,2059,0-17,
S1,2059,18-29,
S1,2059,30-65,
S1,2059,66+,
S1,2059,15-26,
S1,2059,27-45,
S1,2059,46-65,
S1,2060,00-04,
S1,2060,05-09,
S1,2060,10-14,
S1,2060,15-19,48445718.83198172
S1,2060,20-24,49618030.791867405
S1,2060,25-29,50984417.57318847
S1,2060,30-34,52018007.36389486
S1,2060,35-39,51943490.84901353
S1,2060,40-44,53938200.81896452
S1,2060,45-49,55669657.7896638
S1,2060,50-54,56243968.28976397
S1,2060,55-59,57025294.877901755
S1,2060,60-64,53124076.55917113
S1,2060,65-69,48074404.85745348
S1,2060,70-74,41387564.82045593
S1,2060,75+,72069078.42171611
S1,2060,0-8,81183284.43292914
S1,2060,9-14,56391597.41515568
S1,2060,0-17,
S1,2060,18-29,
S1,2060,30-65,
S1,2060,66+,
S1,2060,15-26,
S1,2060,27-45,
S1,2060,46-65,
S1,2061,00-04,
S1,2061,05-09,
S1,2061,10-14,
S1,2061,15-19,48001119.835325584
S1,2061,20-24,49200461.12411751
S1,2061,25-29,50690016.27677575
S1,2061,30-34,51895676.33590866
S1,2061,35-39,51895697.92599069
S1,2061,40-44,53383979.06698822
S1,2061,45-49,55143130.057692766
S1,2061,50-54,56034907.48329156
S1,2061,55-59,56875211.9253282
S1,2061,60-64,53670976.30294248
S1,2061,65-69,48568966.780317165
S1,2061,70-74,42096915.09972055
S1,2061,75+,74481810.50330427
S1,2061,0-8,80726162.66924994
S1,2061,9-14,55984570.4539004
S1,2061,0-17,
S1,2061,18-29,
S1,2061,30-65,
S1,2061,66+,
S1,2061,15-26,
S1,2061,27-45,
S1,2061,46-65,
S1,2062,00-04,
S1,2062,05-09,
S1,2062,10-14,
S1,2062,15-19,47571328.94357814
S1,2062,20-24,48764370.24638496
S1,2062,25-29,50365585.43965115
S1,2062,30-34,51736322.79429853
S1,2062,35-39,51882235.65697488
S1,2062,40-44,52713651.876266055
S1,2062,45-49,54728225.03329419
S1,2062,50-54,55903213.02123828
S1,2062,55-59,56463105.77456859
S1,2062,60-64,54284021.97020795
S1,2062,65-69,49039400.30984809
S1,2062,70-74,42691995.65221144
S1,2062,75+,76987730.93783921
S1,2062,0-8,80266503.7579689
S1,2062,9-14,55592385.35433528
S1,2062,0-17,
S1,2062,18-29,
S1,2062,30-65,
S1,2062,66+,
S1,2062,15-26,
S1,2062,27-45,
S1,2062,46-65,
S1,2063,00-04,
S1,2063,05-09,
S1,2063,10-14,
S1,2063,15-19,47152968.81906801
S1,2063,20-24,48320303.269219086
S1,2063,25-29,50020720.65357709
S1,2063,30-34,51536666.95683406
S1,2063,35-39,51835726.895157844
S1,2063,40-44,52344936.60774816
S1,2063,45-49,54075843.23404349
S1,2063,50-54,55806727.4955973
S1,2063,55-59,55983124.42133261
S1,2063,60-64,54807538.1503416
S1,2063,65-69,49497173.85017044
S1,2063,70-74,43292777.36937068
S1,2063,75+,79448385.22928883
S1,2063,0-8,79811613.68046762
S1,2063,9-14,55232960.21855429
S1,2063,0-17,
S1,2063,18-29,
S1,2063,30-65,
S1,2063,66+,
S1,2063,15-26,
S1,2063,27-45,
S1,2063,46-65,
S1,2064,00-04,
S1,2064,05-09,
S1,2064,10-14,
S1,2064,15-19,46751070.79679048
S1,2064,20-24,47884998.66578932
S1,2064,25-29,49641828.27978434
S1,2064,30-34,51315082.916939884
S1,2064,35-39,51754839.893605486
S1,2064,40-44,51875444.32894373
S1,2064,45-49,53668786.30935697
S1,2064,50-54,55565960.19658161
S1,2064,55-59,55607669.81517953
S1,2064,60-64,55152041.2391694
S1,2064,65-69,49978145.64470647
S1,2064,70-74,43820148.32015672
S1,2064,75+,81919788.7210858
S1,2064,0-8,79361948.79647335
S1,2064,9-14,54881979.651562326
S1,2064,0-17,
S1,2064,18-29,
S1,2064,30-65,
S1,2064,66+,
S1,2064,15-26,
S1,2064,27-45,
S1,2064,46-65,
S1,2065,00-04,
S1,2065,05-09,
S1,2065,10-14,
S1,2065,15-19,46369057.67058298
S1,2065,20-24,47457267.92126177
S1,2065,25-29,49233184.88911277
S1,2065,30-34,51060378.854810685
S1,2065,35-39,51638325.69905164
S1,2065,40-44,51600741.36883901
S1,2065,45-49,53450279.85414256
S1,2065,50-54,54886193.71635029
S1,2065,55-59,55365353.3686223
S1,2065,60-64,55348677.04734614
S1,2065,65-69,50444841.42419889
S1,2065,70-74,44327118.20660023
S1,2065,75+,84388238.07891898
S1,2065,0-8,78903629.85514975
S1,2065,9-14,54545324.99671477
S1,2065,0-17,
S1,2065,18-29,
S1,2065,30-65,
S1,2065,66+,
S1,2065,15-26,
S1,2065,27-45,
S1,2065,46-65,
S1,2066,00-04,
S1,2066,05-09,
S1,2066,10-14,
S1,2066,15-19,46017105.89793644
S1,2066,20-24,47013484.32678128
S1,2066,25-29,48815622.99690595
S1,2066,30-34,50766060.87428993
S1,2066,35-39,51516905.62907551
S1,2066,40-44,51554935.89847638
S1,2066,45-49,52905342.98473581
S1,2066,50-54,54375447.20621464
S1,2066,55-59,55178717.19078597
S1,2066,60-64,55230030.00176167
S1,2066,65-69,51003984.38627686
S1,2066,70-74,44836903.00498661
S1,2066,75+,86804295.99332426
S1,2066,0-8,78416826.91544428
S1,2066,9-14,54232244.52152535
S1,2066,0-17,
S1,2066,18-29,
S1,2066,30-65,
S1,2066,66+,
S1,2066,15-26,
S1,2066,27-45,
S1,2066,46-65,
S1,2067,00-04,
S1,2067,05-09,
S1,2067,10-14,
S1,2067,15-19,45689282.18537102
S1,2067,20-24,46588188.096429385
S1,2067,25-29,48384814.77711931
S1,2067,30-34,50446151.60359007
S1,2067,35-39,51361727.34140588
S1,2067,40-44,51545015.29925609
S1,2067,45-49,52246862.6865721
S1,2067,50-54,53976025.13431466
S1,2067,55-59,55068302.97782709
S1,2067,60-64,54857967.26181832
S1,2067,65-69,51627215.42321356
S1,2067,70-74,45325933.79351318
S1,2067,75+,89200610.12701485
S1,2067,0-8,77918748.9826229
S1,2067,9-14,53930712.673144035
S1,2067,0-17,
S1,2067,18-29,
S1,2067,30-65,
S1,2067,66+,
S1,2067,15-26,
S1,2067,27-45,
S1,2067,46-65,
S1,2068,00-04,
S1,2068,05-09,
S1,2068,10-14,
S1,2068,15-19,45382140.17414093
S1,2068,20-24,46173074.39247722
S1,2068,25-29,47944495.34551804
S1,2068,30-34,50104556.69737138
S1,2068,35-39,51165842.80437943
S1,2068,40-44,51501745.22966424
S1,2068,45-49,51886603.099022046
S1,2068,50-54,53341534.24077156
S1,2068,55-59,54991450.984279364
S1,2068,60-64,54419205.26979941
S1,2068,65-69,52163471.24016121
S1,2068,70-74,45802949.8886296
S1,2068,75+,91556093.86034824
S1,2068,0-8,77404301.48696028
S1,2068,9-14,53637862.646208465
S1,2068,0-17,
S1,2068,18-29,
S1,2068,30-65,
S1,2068,66+,
S1,2068,15-26,
S1,2068,27-45,
S1,2068,46-65,
S1,2069,00-04,
S1,2069,05-09,
S1,2069,10-14,
S1,2069,15-19,45094547.19434349
S1,2069,20-24,45772743.04119639
S1,2069,25-29,47510169.52285501
S1,2069,30-34,49726213.34554021
S1,2069,35-39,50946399.22526933
S1,2069,40-44,51423125.828760155
S1,2069,45-49,51425951.15926328
S1,2069,50-54,52948613.43699174
S1,2069,55-59,54771316.70005508
S1,2069,60-64,54081306.45746341
S1,2069,65-69,52527140.14266023
S1,2069,70-74,46300792.73225113
S1,2069,75+,93850025.79574281
S1,2069,0-8,76872264.58996567
S1,2069,9-14,53343417.760810405
S1,2069,0-17,
S1,2069,18-29,
S1,2069,30-65,
S1,2069,66+,
S1,2069,15-26,
S1,2069,27-45,
S1,2069,46-65,
S1,2070,00-04,
S1,2070,05-09,
S1,2070,10-14,
S1,2070,15-19,44803628.65286078
S1,2070,20-24,45393482.66079316
S1,2070,25-29,47085094.53604308
S1,2070,30-34,49319676.39797296
S1,2070,35-39,50695248.687954605
S1,2070,40-44,51309810.30266628
S1,2070,45-49,51158652.32909842
S1,2070,50-54,52740612.55830544
S1,2070,55-59,54117717.38987027
S1,2070,60-64,53873270.1719213
S1,2070,65-69,52749222.52169222
S1,2070,70-74,46786186.55091292
S1,2070,75+,96121233.67823473
S1,2070,0-8,76315585.16358909
S1,2070,9-14,53063027.42720287
S1,2070,0-17,
S1,2070,18-29,
S1,2070,30-65,
S1,2070,66+,
S1,2070,15-26,
S1,2070,27-45,
S1,2070,46-65,
S1,2071,00-04,
S1,2071,05-09,
S1,2071,10-14,
S1,2071,15-19,44526326.384355776
S1,2071,20-24,45043885.793127745
S1,2071,25-29,46644061.02017182
S1,2071,30-34,48904570.19319698
S1,2071,35-39,50405112.38485821
S1,2071,40-44,51191725.93208941
S1,2071,45-49,51117925.03201932
S1,2071,50-54,52210265.86886111
S1,2071,55-59,53630979.25606951
S1,2071,60-64,53717875.12847294
S1,2071,65-69,52670374.80211482
S1,2071,70-74,47358491.26953761
S1,2071,75+,98348755.6453419
S1,2071,0-8,75758542.39615758
S1,2071,9-14,52763372.57503557
S1,2071,0-17,
S1,2071,18-29,
S1,2071,30-65,
S1,2071,66+,
S1,2071,15-26,
S1,2071,27-45,
S1,2071,46-65,
S1,2072,00-04,
S1,2072,05-09,
S1,2072,10-14,
S1,2072,15-19,44269219.81653758
S1,2072,20-24,44717481.23241148
S1,2072,25-29,46219091.11335873
S1,2072,30-34,48473086.01290277
S1,2072,35-39,50087395.16344006
S1,2072,40-44,51038662.77647023
S1,2072,45-49,51111724.22767518
S1,2072,50-54,51567623.94229466
S1,2072,55-59,53253888.01255517
S1,2072,60-64,53635195.017509766
S1,2072,65-69,52350105.932668485
S1,2072,70-74,47990499.70029449
S1,2072,75+,100537657.6104111
S1,2072,0-8,75187869.58027449
S1,2072,9-14,52452401.54570656
S1,2072,0-17,
S1,2072,18-29,
S1,2072,30-65,
S1,2072,66+,
S1,2072,15-26,
S1,2072,27-45,
S1,2072,46-65,
S1,2073,00-04,
S1,2073,05-09,
S1,2073,10-14,
S1,2073,15-19,44029998.06981599
S1,2073,20-24,44412414.09571179
S1,2073,25-29,45805479.58539103
S1,2073,30-34,48033188.918378145
S1,2073,35-39,49748929.776098296
S1,2073,40-44,50845603.298416644
S1,2073,45-49,51072705.99791408
S1,2073,50-54,51218990.63814548
S1,2073,55-59,52643985.76149511
S1,2073,60-64,53584416.28493295
S1,2073,65-69,51966107.28122417
S1,2073,70-74,48539683.60816714
S1,2073,75+,102680847.31509858
S1,2073,0-8,74601925.7059972
S1,2073,9-14,52126442.07228596
S1,2073,0-17,
S1,2073,18-29,
S1,2073,30-65,
S1,2073,66+,
S1,2073,15-26,
S1,2073,27-45,
S1,2073,46-65,
S1,2074,00-04,
S1,2074,05-09,
S1,2074,10-14,
S1,2074,15-19,43789170.730739355
S1,2074,20-24,44128058.66866019
S1,2074,25-29,45408555.67341626
S1,2074,30-34,47600982.99279813
S1,2074,35-39,49375145.11300164
S1,2074,40-44,50629866.683309
S1,2074,45-49,50999120.14451438
S1,2074,50-54,50772245.405226186
S1,2074,55-59,52273116.79616737
S1,2074,60-64,53393724.04498833
S1,2074,65-69,51679061.51681474
S1,2074,70-74,48926987.14138138
S1,2074,75+,104802668.14357568
S1,2074,0-8,74003637.31663014
S1,2074,9-14,51802438.686566085
S1,2074,0-17,
S1,2074,18-29,
S1,2074,30-65,
S1,2074,66+,
S1,2074,15-26,
S1,2074,27-45,
S1,2074,46-65,
S1,2075,00-04,
S1,2075,05-09,
S1,2075,10-14,
S1,2075,15-19,43559033.21460798
S1,2075,20-24,43840169.34654203
S1,2075,25-29,45032218.68220598
S1,2075,30-34,47177462.50020925
S1,2075,35-39,48972965.73277836
S1,2075,40-44,50382271.71639891
S1,2075,45-49,50890843.86177012
S1,2075,50-54,50515872.6815822
S1,2075,55-59,52082551.31702453
S1,2075,60-64,52778938.61713797
S1,2075,65-69,51516283.462665945
S1,2075,70-74,49180578.1413633
S1,2075,75+,106895409.84207721
S1,2075,0-8,73403753.51897874
S1,2075,9-14,51468945.47142668
S1,2075,0-17,
S1,2075,18-29,
S1,2075,30-65,
S1,2075,66+,
S1,2075,15-26,
S1,2075,27-45,
S1,2075,46-65,
S1,2076,00-04,
S1,2076,05-09,
S1,2076,10-14,
S1,2076,15-19,43323790.06931606
S1,2076,20-24,43565861.07928349
S1,2076,25-29,44685650.33210244
S1,2076,30-34,46738385.22810094
S1,2076,35-39,48562657.1250238
S1,2076,40-44,50096188.75384757
S1,2076,45-49,50777943.72212285
S1,2076,50-54,50482671.13594908
S1,2076,55-59,51573244.06854936
S1,2076,60-64,52327179.22575584
S1,2076,65-69,51401924.75434339
S1,2076,70-74,49153649.89309266
S1,2076,75+,109038237.09527652
S1,2076,0-8,72792643.16157457
S1,2076,9-14,51126411.48772063
S1,2076,0-17,
S1,2076,18-29,
S1,2076,30-65,
S1,2076,66+,
S1,2076,15-26,
S1,2076,27-45,
S1,2076,46-65,
S1,2077,00-04,
S1,2077,05-09,
S1,2077,10-14,
S1,2077,15-19,43060929.30099881
S1,2077,20-24,43312352.55289841
S1,2077,25-29,44362800.901013665
S1,2077,30-34,46315612.87850189
S1,2077,35-39,48136255.06247339
S1,2077,40-44,49782797.059228815
S1,2077,45-49,50630374.13200226
S1,2077,50-54,50483409.01199674
S1,2077,55-59,50953417.48052035
S1,2077,60-64,51982618.21630076
S1,2077,65-69,51355497.92888461
S1,2077,70-74,48902455.97703093
S1,2077,75+,111211407.61579269
S1,2077,0-8,72192703.1783249
S1,2077,9-14,50779119.28571945
S1,2077,0-17,
S1,2077,18-29,
S1,2077,30-65,
S1,2077,66+,
S1,2077,15-26,
S1,2077,27-45,
S1,2077,46-65,
S1,2078,00-04,
S1,2078,05-09,
S1,2078,10-14,
S1,2078,15-19,42796185.28278041
S1,2078,20-24,43076195.6627971
S1,2078,25-29,44060866.08809339
S1,2078,30-34,45903931.48953392
S1,2078,35-39,47701295.85536258
S1,2078,40-44,49448596.18958825
S1,2078,45-49,50442940.17550564
S1,2078,50-54,50451554.3469075
S1,2078,55-59,50623302.89235601
S1,2078,60-64,51409510.98026161
S1,2078,65-69,51338188.24263757
S1,2078,70-74,48591831.6128457
S1,2078,75+,113279501.0540198
S1,2078,0-8,71606204.22285916
S1,2078,9-14,50408616.55210086
S1,2078,0-17,
S1,2078,18-29,
S1,2078,30-65,
S1,2078,66+,
S1,2078,15-26,
S1,2078,27-45,
S1,2078,46-65,
S1,2079,00-04,
S1,2079,05-09,
S1,2079,10-14,
S1,2079,15-19,42525746.55521211
S1,2079,20-24,42839562.40703075
S1,2079,25-29,43780510.33349989
S1,2079,30-34,45509216.46376478
S1,2079,35-39,47274052.71915545
S1,2079,40-44,49079319.39996948
S1,2079,45-49,50232913.30251679
S1,2079,50-54,50385401.62611222
S1,2079,55-59,50196570.4479236
S1,2079,60-64,51069577.75949641
S1,2079,65-69,51185144.19381649
S1,2079,70-74,48371133.7750925
S1,2079,75+,115180838.93373388
S1,2079,0-8,71030453.61816974
S1,2079,9-14,50023033.2139465
S1,2079,0-17,
S1,2079,18-29,
S1,2079,30-65,
S1,2079,66+,
S1,2079,15-26,
S1,2079,27-45,
S1,2079,46-65,
S1,2080,00-04,
S1,2080,05-09,
S1,2080,10-14,
S1,2080,15-19,42255848.20201019
S1,2080,20-24,42612563.66233459
S1,2080,25-29,43495679.04932956
S1,2080,30-34,45134419.15358549
S1,2080,35-39,46854928.413107544
S1,2080,40-44,48681458.71523051
S1,2080,45-49,49990993.71380376
S1,2080,50-54,50284773.76606816
S1,2080,55-59,49957457.37135449
S1,2080,60-64,50903098.62706058
S1,2080,65-69,50623700.00685824
S1,2080,70-74,48268092.17855863
S1,2080,75+,116954806.50168431
S1,2080,0-8,70456756.5912822
S1,2080,9-14,49625912.15000227
S1,2080,0-17,
S1,2080,18-29,
S1,2080,30-65,
S1,2080,66+,
S1,2080,15-26,
S1,2080,27-45,
S1,2080,46-65,
S1,2081,00-04,
S1,2081,05-09,
S1,2081,10-14,
S1,2081,15-19,41973442.716786645
S1,2081,20-24,42380040.35645424
S1,2081,25-29,43224094.98626361
S1,2081,30-34,44789417.64331143
S1,2081,35-39,46420374.66693633
S1,2081,40-44,48275466.774455
S1,2081,45-49,49710778.51827291
S1,2081,50-54,50179399.67167276
S1,2081,55-59,49937987.98722531
S1,2081,60-64,50424380.08609032
S1,2081,65-69,50219372.70221179
S1,2081,70-74,48207584.04123534
S1,2081,75+,118530816.74786226
S1,2081,0-8,69891426.61884691
S1,2081,9-14,49230531.00396453
S1,2081,0-17,
S1,2081,18-29,
S1,2081,30-65,
S1,2081,66+,
S1,2081,15-26,
S1,2081,27-45,
S1,2081,46-65,
S1,2082,00-04,
S1,2082,05-09,
S1,2082,10-14,
S1,2082,15-19,41695971.15491967
S1,2082,20-24,42120661.07407738
S1,2082,25-29,42973387.15035132
S1,2082,30-34,44467894.15706893
S1,2082,35-39,46001793.06694825
S1,2082,40-44,47853354.23593448
S1,2082,45-49,49403348.39618786
S1,2082,50-54,50039679.56204896
S1,2082,55-59,49951811.10702407
S1,2082,60-64,49838217.03118075
S1,2082,65-69,49919288.08616471
S1,2082,70-74,48209354.48929224
S1,2082,75+,119949787.0524114
S1,2082,0-8,69337477.28363733
S1,2082,9-14,48819118.33981214
S1,2082,0-17,
S1,2082,18-29,
S1,2082,30-65,
S1,2082,66+,
S1,2082,15-26,
S1,2082,27-45,
S1,2082,46-65,
S1,2083,00-04,
S1,2083,05-09,
S1,2083,10-14,
S1,2083,15-19,41396976.35871664
S1,2083,20-24,41860083.77655936
S1,2083,25-29,42740899.9494838
S1,2083,30-34,44168088.4147509
S1,2083,35-39,45594737.3267042
S1,2083,40-44,47423050.72105329
S1,2083,45-49,49075388.3417604
S1,2083,50-54,49860591.38019728
S1,2083,55-59,49933245.58138159
S1,2083,60-64,49534389.33967322
S1,2083,65-69,49398030.85284628
S1,2083,70-74,48236697.35023604
S1,2083,75+,121237313.22649178
S1,2083,0-8,68804122.1852133
S1,2083,9-14,48411579.370557904
S1,2083,0-17,
S1,2083,18-29,
S1,2083,30-65,
S1,2083,66+,
S1,2083,15-26,
S1,2083,27-45,
S1,2083,46-65,
S1,2084,00-04,
S1,2084,05-09,
S1,2084,10-14,
S1,2084,15-19,41088021.05497622
S1,2084,20-24,41592127.3577482
S1,2084,25-29,42505117.035019115
S1,2084,30-34,43887226.21346469
S1,2084,35-39,45202797.78843605
S1,2084,40-44,46999333.30292525
S1,2084,45-49,48711868.8061009
S1,2084,50-54,49658594.42752198
S1,2084,55-59,49880141.98371309
S1,2084,60-64,49136440.08777168
S1,2084,65-69,49101272.631362155
S1,2084,70-74,48134848.663464054
S1,2084,75+,122473459.12061529
S1,2084,0-8,68281155.56291322
S1,2084,9-14,48008933.77382502
S1,2084,0-17,
S1,2084,18-29,
S1,2084,30-65,
S1,2084,66+,
S1,2084,15-26,
S1,2084,27-45,
S1,2084,46-65,
S1,2085,00-04,
S1,2085,05-09,
S1,2085,10-14,
S1,2085,15-19,40756302.86059195
S1,2085,20-24,41326112.1200397
S1,2085,25-29,42280741.43194017
S1,2085,30-34,43603429.6140703
S1,2085,35-39,44831673.15074691
S1,2085,40-44,46584384.3416877
S1,2085,45-49,48320399.79470168
S1,2085,50-54,49425339.73893573
S1,2085,55-59,49792905.51387426
S1,2085,60-64,48921571.25063223
S1,2085,65-69,48966842.2080158
S1,2085,70-74,47646026.137365766
S1,2085,75+,123717580.59309503
S1,2085,0-8,67781059.55581321
S1,2085,9-14,47611587.54873648
S1,2085,0-17,
S1,2085,18-29,
S1,2085,30-65,
S1,2085,66+,
S1,2085,15-26,
S1,2085,27-45,
S1,2085,46-65,
S1,2086,00-04,
S1,2086,05-09,
S1,2086,10-14,
S1,2086,15-19,40423339.76076016
S1,2086,20-24,41046240.29215363
S1,2086,25-29,42049271.93473256
S1,2086,30-34,43332008.26772425
S1,2086,35-39,44489590.33793697
S1,2086,40-44,46153733.20290238
S1,2086,45-49,47920526.68991108
S1,2086,50-54,49153898.25648438
S1,2086,55-59,49700457.09210266
S1,2086,60-64,48920279.57396179
S1,2086,65-69,48530919.55888794
S1,2086,70-74,47306252.36311948
S1,2086,75+,124834760.33172192
S1,2086,0-8,67289550.11874917
S1,2086,9-14,47218224.713547796
S1,2086,0-17,
S1,2086,18-29,
S1,2086,30-65,
S1,2086,66+,
S1,2086,15-26,
S1,2086,27-45,
S1,2086,46-65,
S1,2087,00-04,
S1,2087,05-09,
S1,2087,10-14,
S1,2087,15-19,40089094.84588936
S1,2087,20-24,40770607.28870167
S1,2087,25-29,41789520.03462866
S1,2087,30-34,43079945.95184501
S1,2087,35-39,44169779.49068891
S1,2087,40-44,45738257.67083308
S1,2087,45-49,47504090.89675859
S1,2087,50-54,48855027.79683387
S1,2087,55-59,49573342.69783527
S1,2087,60-64,48950676.24292603
S1,2087,65-69,47992266.22373226
S1,2087,70-74,47065681.453068756
S1,2087,75+,125879570.25146642
S1,2087,0-8,66812717.86220035
S1,2087,9-14,46829531.14512515
S1,2087,0-17,
S1,2087,18-29,
S1,2087,30-65,
S1,2087,66+,
S1,2087,15-26,
S1,2087,27-45,
S1,2087,46-65,
S1,2088,00-04,
S1,2088,05-09,
S1,2088,10-14,
S1,2088,15-19,39749687.835352786
S1,2088,20-24,40476909.57153685
S1,2088,25-29,41531865.03458121
S1,2088,30-34,42848001.75461933
S1,2088,35-39,43872679.82689242
S1,2088,40-44,45335023.40682966
S1,2088,45-49,47080010.70196815
S1,2088,50-54,48536138.271442845
S1,2088,55-59,49407165.31600413
S1,2088,60-64,48949201.344450004
S1,2088,65-69,47724017.83774308
S1,2088,70-74,46613785.2057028
S1,2088,75+,126847435.03917368
S1,2088,0-8,66363547.38979417
S1,2088,9-14,46451163.44828993
S1,2088,0-17,
S1,2088,18-29,
S1,2088,30-65,
S1,2088,66+,
S1,2088,15-26,
S1,2088,27-45,
S1,2088,46-65,
S1,2089,00-04,
S1,2089,05-09,
S1,2089,10-14,
S1,2089,15-19,39414199.504969165
S1,2089,20-24,40172008.7584125
S1,2089,25-29,41265952.56192239
S1,2089,30-34,42612583.63959873
S1,2089,35-39,43594329.89811369
S1,2089,40-44,44946705.07510045
S1,2089,45-49,46662274.63555059
S1,2089,50-54,48181796.29216002
S1,2089,55-59,49217851.57709213
S1,2089,60-64,48913421.77571863
S1,2089,65-69,47366522.88736591
S1,2089,70-74,46374670.48038944
S1,2089,75+,127666082.89238219
S1,2089,0-8,65929102.6896758
S1,2089,9-14,46076991.467654936
S1,2089,0-17,
S1,2089,18-29,
S1,2089,30-65,
S1,2089,66+,
S1,2089,15-26,
S1,2089,27-45,
S1,2089,46-65,
S1,2090,00-04,
S1,2090,05-09,
S1,2090,10-14,
S1,2090,15-19,39089533.82559057
S1,2090,20-24,39844064.82617211
S1,2090,25-29,41000842.58609922
S1,2090,30-34,42387291.2437115
S1,2090,35-39,43312175.91557975
S1,2090,40-44,44578487.87963507
S1,2090,45-49,46252734.73403613
S1,2090,50-54,47799357.222031906
S1,2090,55-59,48996899.63601285
S1,2090,60-64,48843517.13720779
S1,2090,65-69,47184302.38749813
S1,2090,70-74,46281843.96740396
S1,2090,75+,128153259.65505181
S1,2090,0-8,65502558.40732875
S1,2090,9-14,45715441.91742392
S1,2090,0-17,
S1,2090,18-29,
S1,2090,30-65,
S1,2090,66+,
S1,2090,15-26,
S1,2090,27-45,
S1,2090,46-65,
S1,2091,00-04,
S1,2091,05-09,
S1,2091,10-14,
S1,2091,15-19,38757424.57078303
S1,2091,20-24,39514433.1414243
S1,2091,25-29,40721907.98751572
S1,2091,30-34,42155678.39646917
S1,2091,35-39,43042990.00701681
S1,2091,40-44,44239590.952484004
S1,2091,45-49,45827895.34630436
S1,2091,50-54,47408806.680904716
S1,2091,55-59,48738122.59571101
S1,2091,60-64,48768525.580906264
S1,2091,65-69,47206475.08611317
S1,2091,70-74,45903548.66521978
S1,2091,75+,128691996.7318155
S1,2091,0-8,65090648.725728534
S1,2091,9-14,45358433.600276105
S1,2091,0-17,
S1,2091,18-29,
S1,2091,30-65,
S1,2091,66+,
S1,2091,15-26,
S1,2091,27-45,
S1,2091,46-65,
S1,2092,00-04,
S1,2092,05-09,
S1,2092,10-14,
S1,2092,15-19,38427869.64379559
S1,2092,20-24,39184124.48749186
S1,2092,25-29,40447750.68540485
S1,2092,30-34,41896354.56501114
S1,2092,35-39,42793500.25443647
S1,2092,40-44,43923120.21237554
S1,2092,45-49,45418255.15748353
S1,2092,50-54,47001872.9584032
S1,2092,55-59,48451976.96074404
S1,2092,60-64,48659277.03989969
S1,2092,65-69,47258594.86575282
S1,2092,70-74,45430305.76501118
S1,2092,75+,129282644.20587471
S1,2092,0-8,64680872.952998914
S1,2092,9-14,45015638.983502984
S1,2092,0-17,
S1,2092,18-29,
S1,2092,30-65,
S1,2092,66+,
S1,2092,15-26,
S1,2092,27-45,
S1,2092,46-65,
S1,2093,00-04,
S1,2093,05-09,
S1,2093,10-14,
S1,2093,15-19,38118961.56049236
S1,2093,20-24,38849943.05281398
S1,2093,25-29,40155303.28519754
S1,2093,30-34,41637330.50942142
S1,2093,35-39,42562614.09362224
S1,2093,40-44,43628363.47137371
S1,2093,45-49,45020169.71361136
S1,2093,50-54,46586910.69582158
S1,2093,55-59,48145434.94436433
S1,2093,60-64,48511252.59218795
S1,2093,65-69,47279784.36015277
S1,2093,70-74,45211359.88128974
S1,2093,75+,129633623.4313003
S1,2093,0-8,64279007.41454235
S1,2093,9-14,44676605.838532746
S1,2093,0-17,
S1,2093,18-29,
S1,2093,30-65,
S1,2093,66+,
S1,2093,15-26,
S1,2093,27-45,
S1,2093,46-65,
S1,2094,00-04,
S1,2094,05-09,
S1,2094,10-14,
S1,2094,15-19,37807915.46872769
S1,2094,20-24,38518346.13057698
S1,2094,25-29,39851000.67856752
S1,2094,30-34,41370247.3826423
S1,2094,35-39,42328560.04964124
S1,2094,40-44,43352379.49052608
S1,2094,45-49,44636925.408885136
S1,2094,50-54,46178113.87185255
S1,2094,55-59,47803476.71256867
S1,2094,60-64,48340192.1601643
S1,2094,65-69,47267425.63076822
S1,2094,70-74,44910369.14720949
S1,2094,75+,130077648.23799889
S1,2094,0-8,63863669.04472142
S1,2094,9-14,44355117.098791964
S1,2094,0-17,
S1,2094,18-29,
S1,2094,30-65,
S1,2094,66+,
S1,2094,15-26,
S1,2094,27-45,
S1,2094,46-65,
S1,2095,00-04,
S1,2095,05-09,
S1,2095,10-14,
S1,2095,15-19,37501659.10014498
S1,2095,20-24,38198562.16781434
S1,2095,25-29,39524826.33958502
S1,2095,30-34,41104773.88245558
S1,2095,35-39,42105114.42560584
S1,2095,40-44,43073002.29416349
S1,2095,45-49,44273872.361508414
S1,2095,50-54,45777523.09817969
S1,2095,55-59,47433583.14973304
S1,2095,60-64,48138055.98383124
S1,2095,65-69,47222349.44609066
S1,2095,70-74,44775064.163065925
S1,2095,75+,130374069.5056922
S1,2095,0-8,63447904.74193978
S1,2095,9-14,44046058.36262086
S1,2095,0-17,
S1,2095,18-29,
S1,2095,30-65,
S1,2095,66+,
S1,2095,15-26,
S1,2095,27-45,
S1,2095,46-65,
S1,2096,00-04,
S1,2096,05-09,
S1,2096,10-14,
S1,2096,15-19,37214505.65509064
S1,2096,20-24,37873169.77666704
S1,2096,25-29,39199740.76235227
S1,2096,30-34,40828110.08847316
S1,2096,35-39,41877159.46403184
S1,2096,40-44,42807576.951469794
S1,2096,45-49,43940529.25905853
S1,2096,50-54,45362074.24051744
S1,2096,55-59,47055613.30668047
S1,2096,60-64,47898506.28966068
S1,2096,65-69,47171809.43469919
S1,2096,70-74,44830252.743870616
S1,2096,75+,130478087.7059096
S1,2096,0-8,63018697.36387273
S1,2096,9-14,43748389.8056242
S1,2096,0-17,
S1,2096,18-29,
S1,2096,30-65,
S1,2096,66+,
S1,2096,15-26,
S1,2096,27-45,
S1,2096,46-65,
S1,2097,00-04,
S1,2097,05-09,
S1,2097,10-14,
S1,2097,15-19,36921233.02427153
S1,2097,20-24,37550746.70107269
S1,2097,25-29,38874553.33476526
S1,2097,30-34,40556697.18517601
S1,2097,35-39,41622050.15426116
S1,2097,40-44,42561921.58148503
S1,2097,45-49,43629540.8718033
S1,2097,50-54,44961667.318238646
S1,2097,55-59,46661263.52804118
S1,2097,60-64,47631895.800544046
S1,2097,65-69,47087988.52933658
S1,2097,70-74,44913270.24636206
S1,2097,75+,130568174.6101855
S1,2097,0-8,62586731.85109997
S1,2097,9-14,43474654.07854112
S1,2097,0-17,
S1,2097,18-29,
S1,2097,30-65,
S1,2097,66+,
S1,2097,15-26,
S1,2097,27-45,
S1,2097,46-65,
S1,2098,00-04,
S1,2098,05-09,
S1,2098,10-14,
S1,2098,15-19,36639283.39432895
S1,2098,20-24,37248117.91579938
S1,2098,25-29,38543663.61222158
S1,2098,30-34,40264649.06174604
S1,2098,35-39,41365650.09231962
S1,2098,40-44,42333760.571784355
S1,2098,45-49,43339435.65605305
S1,2098,50-54,44572146.756822385
S1,2098,55-59,46258383.75431485
S1,2098,60-64,47344662.0101152
S1,2098,65-69,46966028.03003486
S1,2098,70-74,44966312.085446745
S1,2098,75+,130688856.1350911
S1,2098,0-8,62149484.793244384
S1,2098,9-14,43202486.50484045
S1,2098,0-17,
S1,2098,18-29,
S1,2098,30-65,
S1,2098,66+,
S1,2098,15-26,
S1,2098,27-45,
S1,2098,46-65,
S1,2099,00-04,
S1,2099,05-09,
S1,2099,10-14,
S1,2099,15-19,36369899.78738168
S1,2099,20-24,36942791.23724775
S1,2099,25-29,38215948.27776741
S1,2099,30-34,39962343.822711945
S1,2099,35-39,41102439.76775466
S1,2099,40-44,42103133.82091589
S1,2099,45-49,43068362.22158451
S1,2099,50-54,44197474.43978535
S1,2099,55-59,45861554.472662784
S1,2099,60-64,47022350.79630202
S1,2099,65-69,46821355.37511066
S1,2099,70-74,44987018.71697611
S1,2099,75+,130844810.85367419
S1,2099,0-8,61693357.545113824
S1,2099,9-14,42940044.02831233
S1,2099,0-17,
S1,2099,18-29,
S1,2099,30-65,
S1,2099,66+,
S1,2099,15-26,
S1,2099,27-45,
S1,2099,46-65,
S1,2100,00-04,
S1,2100,05-09,
S1,2100,10-14,
S1,2100,15-19,36113206.23912448
S1,2100,20-24,36643141.2386787
S1,2100,25-29,37900747.45435298
S1,2100,30-34,39638564.01597211
S1,2100,35-39,40841131.43106715
S1,2100,40-44,41883252.87438881
S1,2100,45-49,42794049.80186499
S1,2100,50-54,43842867.54978447
S1,2100,55-59,45472819.86963354
S1,2100,60-64,46672465.33556017
S1,2100,65-69,46646512.14430938
S1,2100,70-74,44976741.93873233
S1,2100,75+,131039994.61429623
S1,2100,0-8,61244157.91858578
S1,2100,9-14,42677365.67695158
S1,2100,0-17,
S1,2100,18-29,
S1,2100,30-65,
S1,2100,66+,
S1,2100,15-26,
S1,2100,27-45,
S1,2100,46-65,
S2,1950,00-04,
S2,1950,05-09,
S2,1950,10-14,
S2,1950,15-19,
S2,1950,20-24,
S2,1950,25-29,
S2,1950,30-34,
S2,1950,35-39,
S2,1950,40-44,
S2,1950,45-49,
S2,1950,50-54,
S2,1950,55-59,
S2,1950,60-64,
S2,1950,65-69,
S2,1950,70-74,
S2,1950,75+,
S2,1950,0-8,
S2,1950,9-14,
S2,1950,0-17,73190853.73081739
S2,1950,18-29,33839502.53422443
S2,1950,30-65,51596313.13536742
S2,1950,66+,4741763.986534158
S2,1950,15-26,
S2,1950,27-45,
S2,1950,46-65,
S2,1951,00-04,
S2,1951,05-09,
S2,1951,10-14,
S2,1951,15-19,
S2,1951,20-24,
S2,1951,25-29,
S2,1951,30-34,
S2,1951,35-39,
S2,1951,40-44,
S2,1951,45-49,
S2,1951,50-54,
S2,1951,55-59,
S2,1951,60-64,
S2,1951,65-69,
S2,1951,70-74,
S2,1951,75+,
S2,1951,0-8,
S2,1951,9-14,
S2,1951,0-17,74821240.51229632
S2,1951,18-29,34452213.82151806
S2,1951,30-65,52723879.54799126
S2,1951,66+,4796056.589721866
S2,1951,15-26,
S2,1951,27-45,
S2,1951,46-65,
S2,1952,00-04,
S2,1952,05-09,
S2,1952,10-14,
S2,1952,15-19,
S2,1952,20-24,
S2,1952,25-29,
S2,1952,30-34,
S2,1952,35-39,
S2,1952,40-44,
S2,1952,45-49,
S2,1952,50-54,
S2,1952,55-59,
S2,1952,60-64,
S2,1952,65-69,
S2,1952,70-74,
S2,1952,75+,
S2,1952,0-8,
S2,1952,9-14,
S2,1952,0-17,76544246.68859413
S2,1952,18-29,35118915.993593246
S2,1952,30-65,53844557.64202873
S2,1952,66+,4899621.532112408
S2,1952,15-26,
S2,1952,27-45,
S2,1952,46-65,
S2,1953,00-04,
S2,1953,05-09,
S2,1953,10-14,
S2,1953,15-19,
S2,1953,20-24,
S2,1953,25-29,
S2,1953,30-34,
S2,1953,35-39,
S2,1953,40-44,
S2,1953,45-49,
S2,1953,50-54,
S2,1953,55-59,
S2,1953,60-64,
S2,1953,65-69,
S2,1953,70-74,
S2,1953,75+,
S2,1953,0-8,
S2,1953,9-14,
S2,1953,0-17,78397790.16016929
S2,1953,18-29,35809525.19397593
S2,1953,30-65,54927073.02795311
S2,1953,66+,5072102.7663352275
S2,1953,15-26,
S2,1953,27-45,
S2,1953,46-65,
S2,1954,00-04,
S2,1954,05-09,
S2,1954,10-14,
S2,1954,15-19,
S2,1954,20-24,
S2,1954,25-29,
S2,1954,30-34,
S2,1954,35-39,
S2,1954,40-44,
S2,1954,45-49,
S2,1954,50-54,
S2,1954,55-59,
S2,1954,60-64,
S2,1954,65-69,
S2,1954,70-74,
S2,1954,75+,
S2,1954,0-8,
S2,1954,9-14,
S2,1954,0-17,80366219.30220662
S2,1954,18-29,36460831.62591242
S2,1954,30-65,55945791.90076445
S2,1954,66+,5297630.357239522
S2,1954,15-26,
S2,1954,27-45,
S2,1954,46-65,
S2,1955,00-04,
S2,1955,05-09,
S2,1955,10-14,
S2,1955,15-19,
S2,1955,20-24,
S2,1955,25-29,
S2,1955,30-34,
S2,1955,35-39,
S2,1955,40-44,
S2,1955,45-49,
S2,1955,50-54,
S2,1955,55-59,
S2,1955,60-64,
S2,1955,65-69,
S2,1955,70-74,
S2,1955,75+,
S2,1955,0-8,
S2,1955,9-14,
S2,1955,0-17,82472168.7039333
S2,1955,18-29,37179015.98209363
S2,1955,30-65,57032836.1985221
S2,1955,66+,5533735.626866113
S2,1955,15-26,
S2,1955,27-45,
S2,1955,46-65,
S2,1956,00-04,
S2,1956,05-09,
S2,1956,10-14,
S2,1956,15-19,
S2,1956,20-24,
S2,1956,25-29,
S2,1956,30-34,
S2,1956,35-39,
S2,1956,40-44,
S2,1956,45-49,
S2,1956,50-54,
S2,1956,55-59,
S2,1956,60-64,
S2,1956,65-69,
S2,1956,70-74,
S2,1956,75+,
S2,1956,0-8,
S2,1956,9-14,
S2,1956,0-17,84648560.02931532
S2,1956,18-29,37906108.21613822
S2,1956,30-65,58198148.12991443
S2,1956,66+,5723259.867223198
S2,1956,15-26,
S2,1956,27-45,
S2,1956,46-65,
S2,1957,00-04,
S2,1957,05-09,
S2,1957,10-14,
S2,1957,15-19,
S2,1957,20-24,
S2,1957,25-29,
S2,1957,30-34,
S2,1957,35-39,
S2,1957,40-44,
S2,1957,45-49,
S2,1957,50-54,
S2,1957,55-59,
S2,1957,60-64,
S2,1957,65-69,
S2,1957,70-74,
S2,1957,75+,
S2,1957,0-8,
S2,1957,9-14,
S2,1957,0-17,86935308.58440012
S2,1957,18-29,38626634.21875428
S2,1957,30-65,59427773.14490955
S2,1957,66+,5889971.207402353
S2,1957,15-26,
S2,1957,27-45,
S2,1957,46-65,
S2,1958,00-04,
S2,1958,05-09,
S2,1958,10-14,
S2,1958,15-19,
S2,1958,20-24,
S2,1958,25-29,
S2,1958,30-34,
S2,1958,35-39,
S2,1958,40-44,
S2,1958,45-49,
S2,1958,50-54,
S2,1958,55-59,
S2,1958,60-64,
S2,1958,65-69,
S2,1958,70-74,
S2,1958,75+,
S2,1958,0-8,
S2,1958,9-14,
S2,1958,0-17,89336175.82863913
S2,1958,18-29,39181511.297376335
S2,1958,30-65,60646673.97812295
S2,1958,66+,6018813.350030611
S2,1958,15-26,
S2,1958,27-45,
S2,1958,46-65,
S2,1959,00-04,
S2,1959,05-09,
S2,1959,10-14,
S2,1959,15-19,
S2,1959,20-24,
S2,1959,25-29,
S2,1959,30-34,
S2,1959,35-39,
S2,1959,40-44,
S2,1959,45-49,
S2,1959,50-54,
S2,1959,55-59,
S2,1959,60-64,
S2,1959,65-69,
S2,1959,70-74,
S2,1959,75+,
S2,1959,0-8,
S2,1959,9-14,
S2,1959,0-17,91884766.7202961
S2,1959,18-29,39789808.96369756
S2,1959,30-65,62022557.021008536
S2,1959,66+,6115655.17667264
S2,1959,15-26,
S2,1959,27-45,
S2,1959,46-65,
S2,1960,00-04,
S2,1960,05-09,
S2,1960,10-14,
S2,1960,15-19,
S2,1960,20-24,
S2,1960,25-29,
S2,1960,30-34,
S2,1960,35-39,
S2,1960,40-44,
S2,1960,45-49,
S2,1960,50-54,
S2,1960,55-59,
S2,1960,60-64,
S2,1960,65-69,
S2,1960,70-74,
S2,1960,75+,
S2,1960,0-8,
S2,1960,9-14,
S2,1960,0-17,94527819.50409941
S2,1960,18-29,40327139.95823581
S2,1960,30-65,63415108.91913125
S2,1960,66+,6225144.252518066
S2,1960,15-26,
S2,1960,27-45,
S2,1960,46-65,
S2,1961,00-04,
S2,1961,05-09,
S2,1961,10-14,
S2,1961,15-19,
S2,1961,20-24,
S2,1961,25-29,
S2,1961,30-34,
S2,1961,35-39,
S2,1961,40-44,
S2,1961,45-49,
S2,1961,50-54,
S2,1961,55-59,
S2,1961,60-64,
S2,1961,65-69,
S2,1961,70-74,
S2,1961,75+,
S2,1961,0-8,
S2,1961,9-14,
S2,1961,0-17,97305898.88313895
S2,1961,18-29,40843830.65696886
S2,1961,30-65,64794066.926607236
S2,1961,66+,6395422.381117853
S2,1961,15-26,
S2,1961,27-45,
S2,1961,46-65,
S2,1962,00-04,
S2,1962,05-09,
S2,1962,10-14,
S2,1962,15-19,
S2,1962,20-24,
S2,1962,25-29,
S2,1962,30-34,
S2,1962,35-39,
S2,1962,40-44,
S2,1962,45-49,
S2,1962,50-54,
S2,1962,55-59,
S2,1962,60-64,
S2,1962,65-69,
S2,1962,70-74,
S2,1962,75+,
S2,1962,0-8,
S2,1962,9-14,
S2,1962,0-17,100170281.14191265
S2,1962,18-29,41377249.39010517
S2,1962,30-65,66196756.041335344
S2,1962,66+,6601741.304261094
S2,1962,15-26,
S2,1962,27-45,
S2,1962,46-65,
S2,1963,00-04,
S2,1963,05-09,
S2,1963,10-14,
S2,1963,15-19,
S2,1963,20-24,
S2,1963,25-29,
S2,1963,30-34,
S2,1963,35-39,
S2,1963,40-44,
S2,1963,45-49,
S2,1963,50-54,
S2,1963,55-59,
S2,1963,60-64,
S2,1963,65-69,
S2,1963,70-74,
S2,1963,75+,
S2,1963,0-8,
S2,1963,9-14,
S2,1963,0-17,103077718.10053325
S2,1963,18-29,41874777.38861507
S2,1963,30-65,67549752.90691036
S2,1963,66+,6860615.183969463
S2,1963,15-26,
S2,1963,27-45,
S2,1963,46-65,
S2,1964,00-04,
S2,1964,05-09,
S2,1964,10-14,
S2,1964,15-19,
S2,1964,20-24,
S2,1964,25-29,
S2,1964,30-34,
S2,1964,35-39,
S2,1964,40-44,
S2,1964,45-49,
S2,1964,50-54,
S2,1964,55-59,
S2,1964,60-64,
S2,1964,65-69,
S2,1964,70-74,
S2,1964,75+,
S2,1964,0-8,
S2,1964,9-14,
S2,1964,0-17,106038091.59288947
S2,1964,18-29,42426244.102545604
S2,1964,30-65,68918692.89864525
S2,1964,66+,7160133.192503007
S2,1964,15-26,
S2,1964,27-45,
S2,1964,46-65,
S2,1965,00-04,
S2,1965,05-09,
S2,1965,10-14,
S2,1965,15-19,
S2,1965,20-24,
S2,1965,25-29,
S2,1965,30-34,
S2,1965,35-39,
S2,1965,40-44,
S2,1965,45-49,
S2,1965,50-54,
S2,1965,55-59,
S2,1965,60-64,
S2,1965,65-69,
S2,1965,70-74,
S2,1965,75+,
S2,1965,0-8,
S2,1965,9-14,
S2,1965,0-17,109028493.5951273
S2,1965,18-29,43008059.8188034
S2,1965,30-65,70300737.19054662
S2,1965,66+,7461345.4180091685
S2,1965,15-26,
S2,1965,27-45,
S2,1965,46-65,
S2,1966,00-04,
S2,1966,05-09,
S2,1966,10-14,
S2,1966,15-19,
S2,1966,20-24,
S2,1966,25-29,
S2,1966,30-34,
S2,1966,35-39,
S2,1966,40-44,
S2,1966,45-49,
S2,1966,50-54,
S2,1966,55-59,
S2,1966,60-64,
S2,1966,65-69,
S2,1966,70-74,
S2,1966,75+,
S2,1966,0-8,
S2,1966,9-14,
S2,1966,0-17,111843776.92562328
S2,1966,18-29,43611719.228518
S2,1966,30-65,71692214.63736872
S2,1966,66+,7706215.952849089
S2,1966,15-26,
S2,1966,27-45,
S2,1966,46-65,
S2,1967,00-04,
S2,1967,05-09,
S2,1967,10-14,
S2,1967,15-19,
S2,1967,20-24,
S2,1967,25-29,
S2,1967,30-34,
S2,1967,35-39,
S2,1967,40-44,
S2,1967,45-49,
S2,1967,50-54,
S2,1967,55-59,
S2,1967,60-64,
S2,1967,65-69,
S2,1967,70-74,
S2,1967,75+,
S2,1967,0-8,
S2,1967,9-14,
S2,1967,0-17,114678810.30413108
S2,1967,18-29,44147813.466485694
S2,1967,30-65,73123184.22756064
S2,1967,66+,7928913.836783634
S2,1967,15-26,
S2,1967,27-45,
S2,1967,46-65,
S2,1968,00-04,
S2,1968,05-09,
S2,1968,10-14,
S2,1968,15-19,
S2,1968,20-24,
S2,1968,25-29,
S2,1968,30-34,
S2,1968,35-39,
S2,1968,40-44,
S2,1968,45-49,
S2,1968,50-54,
S2,1968,55-59,
S2,1968,60-64,
S2,1968,65-69,
S2,1968,70-74,
S2,1968,75+,
S2,1968,0-8,
S2,1968,9-14,
S2,1968,0-17,117118739.64408089
S2,1968,18-29,45227238.54393485
S2,1968,30-65,74696296.77178787
S2,1968,66+,8118587.021930944
S2,1968,15-26,
S2,1968,27-45,
S2,1968,46-65,
S2,1969,00-04,
S2,1969,05-09,
S2,1969,10-14,
S2,1969,15-19,
S2,1969,20-24,
S2,1969,25-29,
S2,1969,30-34,
S2,1969,35-39,
S2,1969,40-44,
S2,1969,45-49,
S2,1969,50-54,
S2,1969,55-59,
S2,1969,60-64,
S2,1969,65-69,
S2,1969,70-74,
S2,1969,75+,
S2,1969,0-8,
S2,1969,9-14,
S2,1969,0-17,119602959.95981283
S2,1969,18-29,46334565.78284629
S2,1969,30-65,76225737.4714773
S2,1969,66+,8305689.264481357
S2,1969,15-26,
S2,1969,27-45,
S2,1969,46-65,
S2,1970,00-04,
S2,1970,05-09,
S2,1970,10-14,
S2,1970,15-19,
S2,1970,20-24,
S2,1970,25-29,
S2,1970,30-34,
S2,1970,35-39,
S2,1970,40-44,
S2,1970,45-49,
S2,1970,50-54,
S2,1970,55-59,
S2,1970,60-64,
S2,1970,65-69,
S2,1970,70-74,
S2,1970,75+,
S2,1970,0-8,
S2,1970,9-14,
S2,1970,0-17,122014165.8978676
S2,1970,18-29,47665685.82503775
S2,1970,30-65,77725348.77612284
S2,1970,66+,8493095.71771185
S2,1970,15-26,
S2,1970,27-45,
S2,1970,46-65,
S2,1971,00-04,
S2,1971,05-09,
S2,1971,10-14,
S2,1971,15-19,
S2,1971,20-24,
S2,1971,25-29,
S2,1971,30-34,
S2,1971,35-39,
S2,1971,40-44,
S2,1971,45-49,
S2,1971,50-54,
S2,1971,55-59,
S2,1971,60-64,
S2,1971,65-69,
S2,1971,70-74,
S2,1971,75+,
S2,1971,0-8,
S2,1971,9-14,
S2,1971,0-17,124433839.32366222
S2,1971,18-29,49354394.27616626
S2,1971,30-65,79307396.25319871
S2,1971,66+,8716848.587592365
S2,1971,15-26,
S2,1971,27-45,
S2,1971,46-65,
S2,1972,00-04,
S2,1972,05-09,
S2,1972,10-14,
S2,1972,15-19,
S2,1972,20-24,
S2,1972,25-29,
S2,1972,30-34,
S2,1972,35-39,
S2,1972,40-44,
S2,1972,45-49,
S2,1972,50-54,
S2,1972,55-59,
S2,1972,60-64,
S2,1972,65-69,
S2,1972,70-74,
S2,1972,75+,
S2,1972,0-8,
S2,1972,9-14,
S2,1972,0-17,126786719.87143515
S2,1972,18-29,51023387.45786847
S2,1972,30-65,80721496.10320096
S2,1972,66+,8960493.473960565
S2,1972,15-26,
S2,1972,27-45,
S2,1972,46-65,
S2,1973,00-04,
S2,1973,05-09,
S2,1973,10-14,
S2,1973,15-19,
S2,1973,20-24,
S2,1973,25-29,
S2,1973,30-34,
S2,1973,35-39,
S2,1973,40-44,
S2,1973,45-49,
S2,1973,50-54,
S2,1973,55-59,
S2,1973,60-64,
S2,1973,65-69,
S2,1973,70-74,
S2,1973,75+,
S2,1973,0-8,
S2,1973,9-14,
S2,1973,0-17,129146232.35553795
S2,1973,18-29,52977377.5034606
S2,1973,30-65,82232960.16596323
S2,1973,66+,9237399.712706903
S2,1973,15-26,
S2,1973,27-45,
S2,1973,46-65,
S2,1974,00-04,
S2,1974,05-09,
S2,1974,10-14,
S2,1974,15-19,
S2,1974,20-24,
S2,1974,25-29,
S2,1974,30-34,
S2,1974,35-39,
S2,1974,40-44,
S2,1974,45-49,
S2,1974,50-54,
S2,1974,55-59,
S2,1974,60-64,
S2,1974,65-69,
S2,1974,70-74,
S2,1974,75+,
S2,1974,0-8,
S2,1974,9-14,
S2,1974,0-17,131523541.63180467
S2,1974,18-29,54974874.527090445
S2,1974,30-65,83722023.56244451
S2,1974,66+,9544395.647731492
S2,1974,15-26,
S2,1974,27-45,
S2,1974,46-65,
S2,1975,00-04,
S2,1975,05-09,
S2,1975,10-14,
S2,1975,15-19,
S2,1975,20-24,
S2,1975,25-29,
S2,1975,30-34,
S2,1975,35-39,
S2,1975,40-44,
S2,1975,45-49,
S2,1975,50-54,
S2,1975,55-59,
S2,1975,60-64,
S2,1975,65-69,
S2,1975,70-74,
S2,1975,75+,
S2,1975,0-8,
S2,1975,9-14,
S2,1975,0-17,133966926.61469935
S2,1975,18-29,57166294.178946696
S2,1975,30-65,85363529.54055442
S2,1975,66+,9870787.664503783
S2,1975,15-26,
S2,1975,27-45,
S2,1975,46-65,
S2,1976,00-04,
S2,1976,05-09,
S2,1976,10-14,
S2,1976,15-19,
S2,1976,20-24,
S2,1976,25-29,
S2,1976,30-34,
S2,1976,35-39,
S2,1976,40-44,
S2,1976,45-49,
S2,1976,50-54,
S2,1976,55-59,
S2,1976,60-64,
S2,1976,65-69,
S2,1976,70-74,
S2,1976,75+,
S2,1976,0-8,
S2,1976,9-14,
S2,1976,0-17,136349992.87509206
S2,1976,18-29,59420141.924912155
S2,1976,30-65,87110742.42571312
S2,1976,66+,10193515.721897515
S2,1976,15-26,
S2,1976,27-45,
S2,1976,46-65,
S2,1977,00-04,
S2,1977,05-09,
S2,1977,10-14,
S2,1977,15-19,
S2,1977,20-24,
S2,1977,25-29,
S2,1977,30-34,
S2,1977,35-39,
S2,1977,40-44,
S2,1977,45-49,
S2,1977,50-54,
S2,1977,55-59,
S2,1977,60-64,
S2,1977,65-69,
S2,1977,70-74,
S2,1977,75+,
S2,1977,0-8,
S2,1977,9-14,
S2,1977,0-17,138827318.71299693
S2,1977,18-29,61668000.804218635
S2,1977,30-65,88938563.38111201
S2,1977,66+,10517793.927444072
S2,1977,15-26,
S2,1977,27-45,
S2,1977,46-65,
S2,1978,00-04,
S2,1978,05-09,
S2,1978,10-14,
S2,1978,15-19,
S2,1978,20-24,
S2,1978,25-29,
S2,1978,30-34,
S2,1978,35-39,
S2,1978,40-44,
S2,1978,45-49,
S2,1978,50-54,
S2,1978,55-59,
S2,1978,60-64,
S2,1978,65-69,
S2,1978,70-74,
S2,1978,75+,
S2,1978,0-8,
S2,1978,9-14,
S2,1978,0-17,141273096.85727355
S2,1978,18-29,64004726.49500423
S2,1978,30-65,90886542.28700791
S2,1978,66+,10840286.796251208
S2,1978,15-26,
S2,1978,27-45,
S2,1978,46-65,
S2,1979,00-04,
S2,1979,05-09,
S2,1979,10-14,
S2,1979,15-19,
S2,1979,20-24,
S2,1979,25-29,
S2,1979,30-34,
S2,1979,35-39,
S2,1979,40-44,
S2,1979,45-49,
S2,1979,50-54,
S2,1979,55-59,
S2,1979,60-64,
S2,1979,65-69,
S2,1979,70-74,
S2,1979,75+,
S2,1979,0-8,
S2,1979,9-14,
S2,1979,0-17,143679450.3468645
S2,1979,18-29,66327788.727938846
S2,1979,30-65,92785121.29691215
S2,1979,66+,11156365.207122192
S2,1979,15-26,
S2,1979,27-45,
S2,1979,46-65,
S2,1980,00-04,
S2,1980,05-09,
S2,1980,10-14,
S2,1980,15-19,
S2,1980,20-24,
S2,1980,25-29,
S2,1980,30-34,
S2,1980,35-39,
S2,1980,40-44,
S2,1980,45-49,
S2,1980,50-54,
S2,1980,55-59,
S2,1980,60-64,
S2,1980,65-69,
S2,1980,70-74,
S2,1980,75+,
S2,1980,0-8,
S2,1980,9-14,
S2,1980,0-17,146249125.2983394
S2,1980,18-29,68431697.62469742
S2,1980,30-65,95311654.24782981
S2,1980,66+,11473388.678829227
S2,1980,15-26,
S2,1980,27-45,
S2,1980,46-65,
S2,1981,00-04,
S2,1981,05-09,
S2,1981,10-14,
S2,1981,15-19,
S2,1981,20-24,
S2,1981,25-29,
S2,1981,30-34,
S2,1981,35-39,
S2,1981,40-44,
S2,1981,45-49,
S2,1981,50-54,
S2,1981,55-59,
S2,1981,60-64,
S2,1981,65-69,
S2,1981,70-74,
S2,1981,75+,
S2,1981,0-8,
S2,1981,9-14,
S2,1981,0-17,148935144.99520904
S2,1981,18-29,70415338.10407884
S2,1981,30-65,97943205.21602419
S2,1981,66+,11795016.912026923
S2,1981,15-26,
S2,1981,27-45,
S2,1981,46-65,
S2,1982,00-04,
S2,1982,05-09,
S2,1982,10-14,
S2,1982,15-19,
S2,1982,20-24,
S2,1982,25-29,
S2,1982,30-34,
S2,1982,35-39,
S2,1982,40-44,
S2,1982,45-49,
S2,1982,50-54,
S2,1982,55-59,
S2,1982,60-64,
S2,1982,65-69,
S2,1982,70-74,
S2,1982,75+,
S2,1982,0-8,
S2,1982,9-14,
S2,1982,0-17,151690170.39222628
S2,1982,18-29,72337242.96901576
S2,1982,30-65,100703026.52949804
S2,1982,66+,12119154.028954204
S2,1982,15-26,
S2,1982,27-45,
S2,1982,46-65,
S2,1983,00-04,
S2,1983,05-09,
S2,1983,10-14,
S2,1983,15-19,
S2,1983,20-24,
S2,1983,25-29,
S2,1983,30-34,
S2,1983,35-39,
S2,1983,40-44,
S2,1983,45-49,
S2,1983,50-54,
S2,1983,55-59,
S2,1983,60-64,
S2,1983,65-69,
S2,1983,70-74,
S2,1983,75+,
S2,1983,0-8,
S2,1983,9-14,
S2,1983,0-17,154513893.97504172
S2,1983,18-29,74202679.70974311
S2,1983,30-65,103622864.54892746
S2,1983,66+,12449232.730846686
S2,1983,15-26,
S2,1983,27-45,
S2,1983,46-65,
S2,1984,00-04,
S2,1984,05-09,
S2,1984,10-14,
S2,1984,15-19,
S2,1984,20-24,
S2,1984,25-29,
S2,1984,30-34,
S2,1984,35-39,
S2,1984,40-44,
S2,1984,45-49,
S2,1984,50-54,
S2,1984,55-59,
S2,1984,60-64,
S2,1984,65-69,
S2,1984,70-74,
S2,1984,75+,
S2,1984,0-8,
S2,1984,9-14,
S2,1984,0-17,157479225.72635043
S2,1984,18-29,76003938.09169346
S2,1984,30-65,106717195.58846554
S2,1984,66+,12788677.085031867
S2,1984,15-26,
S2,1984,27-45,
S2,1984,46-65,
S2,1985,00-04,
S2,1985,05-09,
S2,1985,10-14,
S2,1985,15-19,
S2,1985,20-24,
S2,1985,25-29,
S2,1985,30-34,
S2,1985,35-39,
S2,1985,40-44,
S2,1985,45-49,
S2,1985,50-54,
S2,1985,55-59,
S2,1985,60-64,
S2,1985,65-69,
S2,1985,70-74,
S2,1985,75+,
S2,1985,0-8,
S2,1985,9-14,
S2,1985,0-17,160567759.2981479
S2,1985,18-29,77728562.03732856
S2,1985,30-65,109943495.02968755
S2,1985,66+,13137420.353055844
S2,1985,15-26,
S2,1985,27-45,
S2,1985,46-65,
S2,1986,00-04,
S2,1986,05-09,
S2,1986,10-14,
S2,1986,15-19,
S2,1986,20-24,
S2,1986,25-29,
S2,1986,30-34,
S2,1986,35-39,
S2,1986,40-44,
S2,1986,45-49,
S2,1986,50-54,
S2,1986,55-59,
S2,1986,60-64,
S2,1986,65-69,
S2,1986,70-74,
S2,1986,75+,
S2,1986,0-8,
S2,1986,9-14,
S2,1986,0-17,163679030.79388824
S2,1986,18-29,79443898.40199527
S2,1986,30-65,113270596.86231716
S2,1986,66+,13494059.068997998
S2,1986,15-26,
S2,1986,27-45,
S2,1986,46-65,
S2,1987,00-04,
S2,1987,05-09,
S2,1987,10-14,
S2,1987,15-19,
S2,1987,20-24,
S2,1987,25-29,
S2,1987,30-34,
S2,1987,35-39,
S2,1987,40-44,
S2,1987,45-49,
S2,1987,50-54,
S2,1987,55-59,
S2,1987,60-64,
S2,1987,65-69,
S2,1987,70-74,
S2,1987,75+,
S2,1987,0-8,
S2,1987,9-14,
S2,1987,0-17,166887218.1750252
S2,1987,18-29,81155969.67961462
S2,1987,30-65,116678187.82171781
S2,1987,66+,13863672.097654272
S2,1987,15-26,
S2,1987,27-45,
S2,1987,46-65,
S2,1988,00-04,
S2,1988,05-09,
S2,1988,10-14,
S2,1988,15-19,
S2,1988,20-24,
S2,1988,25-29,
S2,1988,30-34,
S2,1988,35-39,
S2,1988,40-44,
S2,1988,45-49,
S2,1988,50-54,
S2,1988,55-59,
S2,1988,60-64,
S2,1988,65-69,
S2,1988,70-74,
S2,1988,75+,
S2,1988,0-8,
S2,1988,9-14,
S2,1988,0-17,170046372.67917114
S2,1988,18-29,82847425.55197838
S2,1988,30-65,120170181.76463681
S2,1988,66+,14246661.765138516
S2,1988,15-26,
S2,1988,27-45,
S2,1988,46-65,
S2,1989,00-04,
S2,1989,05-09,
S2,1989,10-14,
S2,1989,15-19,
S2,1989,20-24,
S2,1989,25-29,
S2,1989,30-34,
S2,1989,35-39,
S2,1989,40-44,
S2,1989,45-49,
S2,1989,50-54,
S2,1989,55-59,
S2,1989,60-64,
S2,1989,65-69,
S2,1989,70-74,
S2,1989,75+,
S2,1989,0-8,
S2,1989,9-14,
S2,1989,0-17,173211678.04179558
S2,1989,18-29,84579686.27281702
S2,1989,30-65,123727921.72375672
S2,1989,66+,14645196.82197863
S2,1989,15-26,
S2,1989,27-45,
S2,1989,46-65,
S2,1990,00-04,
S2,1990,05-09,
S2,1990,10-14,
S2,1990,15-19,
S2,1990,20-24,
S2,1990,25-29,
S2,1990,30-34,
S2,1990,35-39,
S2,1990,40-44,
S2,1990,45-49,
S2,1990,50-54,
S2,1990,55-59,
S2,1990,60-64,
S2,1990,65-69,
S2,1990,70-74,
S2,1990,75+,
S2,1990,0-8,
S2,1990,9-14,
S2,1990,0-17,176323676.2912177
S2,1990,18-29,86394898.30322306
S2,1990,30-65,127372057.50499673
S2,1990,66+,15061996.733804775
S2,1990,15-26,
S2,1990,27-45,
S2,1990,46-65,
S2,1991,00-04,
S2,1991,05-09,
S2,1991,10-14,
S2,1991,15-19,
S2,1991,20-24,
S2,1991,25-29,
S2,1991,30-34,
S2,1991,35-39,
S2,1991,40-44,
S2,1991,45-49,
S2,1991,50-54,
S2,1991,55-59,
S2,1991,60-64,
S2,1991,65-69,
S2,1991,70-74,
S2,1991,75+,
S2,1991,0-8,
S2,1991,9-14,
S2,1991,0-17,179354408.8693365
S2,1991,18-29,88228447.88241449
S2,1991,30-65,131130085.30680521
S2,1991,66+,15501769.778569974
S2,1991,15-26,
S2,1991,27-45,
S2,1991,46-65,
S2,1992,00-04,
S2,1992,05-09,
S2,1992,10-14,
S2,1992,15-19,
S2,1992,20-24,
S2,1992,25-29,
S2,1992,30-34,
S2,1992,35-39,
S2,1992,40-44,
S2,1992,45-49,
S2,1992,50-54,
S2,1992,55-59,
S2,1992,60-64,
S2,1992,65-69,
S2,1992,70-74,
S2,1992,75+,
S2,1992,0-8,
S2,1992,9-14,
S2,1992,0-17,182755432.70732585
S2,1992,18-29,89611822.9333248
S2,1992,30-65,134659956.34385118
S2,1992,66+,16159441.805058453
S2,1992,15-26,
S2,1992,27-45,
S2,1992,46-65,
S2,1993,00-04,
S2,1993,05-09,
S2,1993,10-14,
S2,1993,15-19,
S2,1993,20-24,
S2,1993,25-29,
S2,1993,30-34,
S2,1993,35-39,
S2,1993,40-44,
S2,1993,45-49,
S2,1993,50-54,
S2,1993,55-59,
S2,1993,60-64,
S2,1993,65-69,
S2,1993,70-74,
S2,1993,75+,
S2,1993,0-8,
S2,1993,9-14,
S2,1993,0-17,186017653.6444133
S2,1993,18-29,91079029.99943887
S2,1993,30-65,138335034.58309418
S2,1993,66+,16842948.331982847
S2,1993,15-26,
S2,1993,27-45,
S2,1993,46-65,
S2,1994,00-04,
S2,1994,05-09,
S2,1994,10-14,
S2,1994,15-19,
S2,1994,20-24,
S2,1994,25-29,
S2,1994,30-34,
S2,1994,35-39,
S2,1994,40-44,
S2,1994,45-49,
S2,1994,50-54,
S2,1994,55-59,
S2,1994,60-64,
S2,1994,65-69,
S2,1994,70-74,
S2,1994,75+,
S2,1994,0-8,
S2,1994,9-14,
S2,1994,0-17,189161337.41633883
S2,1994,18-29,92529910.40686913
S2,1994,30-65,142087584.7746317
S2,1994,66+,17549135.17202069
S2,1994,15-26,
S2,1994,27-45,
S2,1994,46-65,
S2,1995,00-04,
S2,1995,05-09,
S2,1995,10-14,
S2,1995,15-19,
S2,1995,20-24,
S2,1995,25-29,
S2,1995,30-34,
S2,1995,35-39,
S2,1995,40-44,
S2,1995,45-49,
S2,1995,50-54,
S2,1995,55-59,
S2,1995,60-64,
S2,1995,65-69,
S2,1995,70-74,
S2,1995,75+,
S2,1995,0-8,
S2,1995,9-14,
S2,1995,0-17,192097670.4702809
S2,1995,18-29,94001766.02754933
S2,1995,30-65,145861253.6232559
S2,1995,66+,18279673.183271423
S2,1995,15-26,
S2,1995,27-45,
S2,1995,46-65,
S2,1996,00-04,
S2,1996,05-09,
S2,1996,10-14,
S2,1996,15-19,
S2,1996,20-24,
S2,1996,25-29,
S2,1996,30-34,
S2,1996,35-39,
S2,1996,40-44,
S2,1996,45-49,
S2,1996,50-54,
S2,1996,55-59,
S2,1996,60-64,
S2,1996,65-69,
S2,1996,70-74,
S2,1996,75+,
S2,1996,0-8,
S2,1996,9-14,
S2,1996,0-17,194963423.1763616
S2,1996,18-29,95586146.90012068
S2,1996,30-65,149728998.4402932
S2,1996,66+,19039846.55907327
S2,1996,15-26,
S2,1996,27-45,
S2,1996,46-65,
S2,1997,00-04,
S2,1997,05-09,
S2,1997,10-14,
S2,1997,15-19,
S2,1997,20-24,
S2,1997,25-29,
S2,1997,30-34,
S2,1997,35-39,
S2,1997,40-44,
S2,1997,45-49,
S2,1997,50-54,
S2,1997,55-59,
S2,1997,60-64,
S2,1997,65-69,
S2,1997,70-74,
S2,1997,75+,
S2,1997,0-8,
S2,1997,9-14,
S2,1997,0-17,197685225.43706036
S2,1997,18-29,97246409.34414636
S2,1997,30-65,153671402.47147912
S2,1997,66+,19823877.195134155
S2,1997,15-26,
S2,1997,27-45,
S2,1997,46-65,
S2,1998,00-04,
S2,1998,05-09,
S2,1998,10-14,
S2,1998,15-19,
S2,1998,20-24,
S2,1998,25-29,
S2,1998,30-34,
S2,1998,35-39,
S2,1998,40-44,
S2,1998,45-49,
S2,1998,50-54,
S2,1998,55-59,
S2,1998,60-64,
S2,1998,65-69,
S2,1998,70-74,
S2,1998,75+,
S2,1998,0-8,
S2,1998,9-14,
S2,1998,0-17,200195674.26037058
S2,1998,18-29,99016567.0018772
S2,1998,30-65,157722460.8831335
S2,1998,66+,20629910.4743293
S2,1998,15-26,
S2,1998,27-45,
S2,1998,46-65,
S2,1999,00-04,
S2,1999,05-09,
S2,1999,10-14,
S2,1999,15-19,
S2,1999,20-24,
S2,1999,25-29,
S2,1999,30-34,
S2,1999,35-39,
S2,1999,40-44,
S2,1999,45-49,
S2,1999,50-54,
S2,1999,55-59,
S2,1999,60-64,
S2,1999,65-69,
S2,1999,70-74,
S2,1999,75+,
S2,1999,0-8,
S2,1999,9-14,
S2,1999,0-17,202449446.64049834
S2,1999,18-29,100943780.2471106
S2,1999,30-65,161889534.50202414
S2,1999,66+,21453852.208574213
S2,1999,15-26,
S2,1999,27-45,
S2,1999,46-65,
S2,2000,00-04,
S2,2000,05-09,
S2,2000,10-14,
S2,2000,15-19,
S2,2000,20-24,
S2,2000,25-29,
S2,2000,30-34,
S2,2000,35-39,
S2,2000,40-44,
S2,2000,45-49,
S2,2000,50-54,
S2,2000,55-59,
S2,2000,60-64,
S2,2000,65-69,
S2,2000,70-74,
S2,2000,75+,
S2,2000,0-8,
S2,2000,9-14,
S2,2000,0-17,204527157.52030176
S2,2000,18-29,102992994.91256799
S2,2000,30-65,166099540.78406838
S2,2000,66+,22290256.419705737
S2,2000,15-26,
S2,2000,27-45,
S2,2000,46-65,
S2,2001,00-04,
S2,2001,05-09,
S2,2001,10-14,
S2,2001,15-19,
S2,2001,20-24,
S2,2001,25-29,
S2,2001,30-34,
S2,2001,35-39,
S2,2001,40-44,
S2,2001,45-49,
S2,2001,50-54,
S2,2001,55-59,
S2,2001,60-64,
S2,2001,65-69,
S2,2001,70-74,
S2,2001,75+,
S2,2001,0-8,
S2,2001,9-14,
S2,2001,0-17,206544465.68181401
S2,2001,18-29,105138687.57654098
S2,2001,30-65,170414666.21278608
S2,2001,66+,23128974.36505782
S2,2001,15-26,
S2,2001,27-45,
S2,2001,46-65,
S2,2002,00-04,
S2,2002,05-09,
S2,2002,10-14,
S2,2002,15-19,
S2,2002,20-24,
S2,2002,25-29,
S2,2002,30-34,
S2,2002,35-39,
S2,2002,40-44,
S2,2002,45-49,
S2,2002,50-54,
S2,2002,55-59,
S2,2002,60-64,
S2,2002,65-69,
S2,2002,70-74,
S2,2002,75+,
S2,2002,0-8,
S2,2002,9-14,
S2,2002,0-17,208449400.49017647
S2,2002,18-29,107376631.09616505
S2,2002,30-65,174902387.5127269
S2,2002,66+,23970774.984530695
S2,2002,15-26,
S2,2002,27-45,
S2,2002,46-65,
S2,2003,00-04,
S2,2003,05-09,
S2,2003,10-14,
S2,2003,15-19,
S2,2003,20-24,
S2,2003,25-29,
S2,2003,30-34,
S2,2003,35-39,
S2,2003,40-44,
S2,2003,45-49,
S2,2003,50-54,
S2,2003,55-59,
S2,2003,60-64,
S2,2003,65-69,
S2,2003,70-74,
S2,2003,75+,
S2,2003,0-8,
S2,2003,9-14,
S2,2003,0-17,210026086.6601538
S2,2003,18-29,109580122.27331457
S2,2003,30-65,179345831.48911336
S2,2003,66+,24847624.04916492
S2,2003,15-26,
S2,2003,27-45,
S2,2003,46-65,
S2,2004,00-04,
S2,2004,05-09,
S2,2004,10-14,
S2,2004,15-19,
S2,2004,20-24,
S2,2004,25-29,
S2,2004,30-34,
S2,2004,35-39,
S2,2004,40-44,
S2,2004,45-49,
S2,2004,50-54,
S2,2004,55-59,
S2,2004,60-64,
S2,2004,65-69,
S2,2004,70-74,
S2,2004,75+,
S2,2004,0-8,
S2,2004,9-14,
S2,2004,0-17,211317941.7171237
S2,2004,18-29,111808926.19269992
S2,2004,30-65,183906392.35740036
S2,2004,66+,25745243.178030778
S2,2004,15-26,
S2,2004,27-45,
S2,2004,46-65,
S2,2005,00-04,
S2,2005,05-09,
S2,2005,10-14,
S2,2005,15-19,
S2,2005,20-24,
S2,2005,25-29,
S2,2005,30-34,
S2,2005,35-39,
S2,2005,40-44,
S2,2005,45-49,
S2,2005,50-54,
S2,2005,55-59,
S2,2005,60-64,
S2,2005,65-69,
S2,2005,70-74,
S2,2005,75+,
S2,2005,0-8,
S2,2005,9-14,
S2,2005,0-17,212256380.08092976
S2,2005,18-29,114210708.04408821
S2,2005,30-65,188623964.6650206
S2,2005,66+,26623757.696468968
S2,2005,15-26,
S2,2005,27-45,
S2,2005,46-65,
S2,2006,00-04,
S2,2006,05-09,
S2,2006,10-14,
S2,2006,15-19,
S2,2006,20-24,
S2,2006,25-29,
S2,2006,30-34,
S2,2006,35-39,
S2,2006,40-44,
S2,2006,45-49,
S2,2006,50-54,
S2,2006,55-59,
S2,2006,60-64,
S2,2006,65-69,
S2,2006,70-74,
S2,2006,75+,
S2,2006,0-8,
S2,2006,9-14,
S2,2006,0-17,212894947.7478824
S2,2006,18-29,116442217.72118777
S2,2006,30-65,193264012.66111678
S2,2006,66+,27440293.801320218
S2,2006,15-26,
S2,2006,27-45,
S2,2006,46-65,
S2,2007,00-04,
S2,2007,05-09,
S2,2007,10-14,
S2,2007,15-19,
S2,2007,20-24,
S2,2007,25-29,
S2,2007,30-34,
S2,2007,35-39,
S2,2007,40-44,
S2,2007,45-49,
S2,2007,50-54,
S2,2007,55-59,
S2,2007,60-64,
S2,2007,65-69,
S2,2007,70-74,
S2,2007,75+,
S2,2007,0-8,
S2,2007,9-14,
S2,2007,0-17,213257186.6300833
S2,2007,18-29,118726533.32742058
S2,2007,30-65,198128696.79071507
S2,2007,66+,28207957.78301543
S2,2007,15-26,
S2,2007,27-45,
S2,2007,46-65,
S2,2008,00-04,
S2,2008,05-09,
S2,2008,10-14,
S2,2008,15-19,
S2,2008,20-24,
S2,2008,25-29,
S2,2008,30-34,
S2,2008,35-39,
S2,2008,40-44,
S2,2008,45-49,
S2,2008,50-54,
S2,2008,55-59,
S2,2008,60-64,
S2,2008,65-69,
S2,2008,70-74,
S2,2008,75+,
S2,2008,0-8,
S2,2008,9-14,
S2,2008,0-17,213380909.45891348
S2,2008,18-29,120947370.97099099
S2,2008,30-65,202952938.6305432
S2,2008,66+,28952901.91158513
S2,2008,15-26,
S2,2008,27-45,
S2,2008,46-65,
S2,2009,00-04,
S2,2009,05-09,
S2,2009,10-14,
S2,2009,15-19,
S2,2009,20-24,
S2,2009,25-29,
S2,2009,30-34,
S2,2009,35-39,
S2,2009,40-44,
S2,2009,45-49,
S2,2009,50-54,
S2,2009,55-59,
S2,2009,60-64,
S2,2009,65-69,
S2,2009,70-74,
S2,2009,75+,
S2,2009,0-8,
S2,2009,9-14,
S2,2009,0-17,213429703.2329033
S2,2009,18-29,123129203.2029055
S2,2009,30-65,207868827.7717116
S2,2009,66+,29689753.425727062
S2,2009,15-26,
S2,2009,27-45,
S2,2009,46-65,
S2,2010,00-04,
S2,2010,05-09,
S2,2010,10-14,
S2,2010,15-19,
S2,2010,20-24,
S2,2010,25-29,
S2,2010,30-34,
S2,2010,35-39,
S2,2010,40-44,
S2,2010,45-49,
S2,2010,50-54,
S2,2010,55-59,
S2,2010,60-64,
S2,2010,65-69,
S2,2010,70-74,
S2,2010,75+,
S2,2010,0-8,
S2,2010,9-14,
S2,2010,0-17,213352118.12164053
S2,2010,18-29,125306096.30612086
S2,2010,30-65,213022799.86389923
S2,2010,66+,30423050.130715605
S2,2010,15-26,
S2,2010,27-45,
S2,2010,46-65,
S2,2011,00-04,
S2,2011,05-09,
S2,2011,10-14,
S2,2011,15-19,
S2,2011,20-24,
S2,2011,25-29,
S2,2011,30-34,
S2,2011,35-39,
S2,2011,40-44,
S2,2011,45-49,
S2,2011,50-54,
S2,2011,55-59,
S2,2011,60-64,
S2,2011,65-69,
S2,2011,70-74,
S2,2011,75+,
S2,2011,0-8,
S2,2011,9-14,
S2,2011,0-17,213112826.05330506
S2,2011,18-29,127379875.52673812
S2,2011,30-65,218438345.61642373
S2,2011,66+,31184776.122267157
S2,2011,15-26,
S2,2011,27-45,
S2,2011,46-65,
S2,2012,00-04,
S2,2012,05-09,
S2,2012,10-14,
S2,2012,15-19,
S2,2012,20-24,
S2,2012,25-29,
S2,2012,30-34,
S2,2012,35-39,
S2,2012,40-44,
S2,2012,45-49,
S2,2012,50-54,
S2,2012,55-59,
S2,2012,60-64,
S2,2012,65-69,
S2,2012,70-74,
S2,2012,75+,
S2,2012,0-8,
S2,2012,9-14,
S2,2012,0-17,213204899.57901156
S2,2012,18-29,128993385.38420376
S2,2012,30-65,223968086.35077673
S2,2012,66+,32030991.957574442
S2,2012,15-26,
S2,2012,27-45,
S2,2012,46-65,
S2,2013,00-04,
S2,2013,05-09,
S2,2013,10-14,
S2,2013,15-19,
S2,2013,20-24,
S2,2013,25-29,
S2,2013,30-34,
S2,2013,35-39,
S2,2013,40-44,
S2,2013,45-49,
S2,2013,50-54,
S2,2013,55-59,
S2,2013,60-64,
S2,2013,65-69,
S2,2013,70-74,
S2,2013,75+,
S2,2013,0-8,
S2,2013,9-14,
S2,2013,0-17,213240855.70527053
S2,2013,18-29,130557643.0846859
S2,2013,30-65,229643852.6655062
S2,2013,66+,32949835.59750263
S2,2013,15-26,
S2,2013,27-45,
S2,2013,46-65,
S2,2014,00-04,
S2,2014,05-09,
S2,2014,10-14,
S2,2014,15-19,
S2,2014,20-24,
S2,2014,25-29,
S2,2014,30-34,
S2,2014,35-39,
S2,2014,40-44,
S2,2014,45-49,
S2,2014,50-54,
S2,2014,55-59,
S2,2014,60-64,
S2,2014,65-69,
S2,2014,70-74,
S2,2014,75+,
S2,2014,0-8,
S2,2014,9-14,
S2,2014,0-17,213148766.1403951
S2,2014,18-29,132024232.0207988
S2,2014,30-65,235500523.81734166
S2,2014,66+,33922791.182096206
S2,2014,15-26,
S2,2014,27-45,
S2,2014,46-65,
S2,2015,00-04,
S2,2015,05-09,
S2,2015,10-14,
S2,2015,15-19,
S2,2015,20-24,
S2,2015,25-29,
S2,2015,30-34,
S2,2015,35-39,
S2,2015,40-44,
S2,2015,45-49,
S2,2015,50-54,
S2,2015,55-59,
S2,2015,60-64,
S2,2015,65-69,
S2,2015,70-74,
S2,2015,75+,
S2,2015,0-8,
S2,2015,9-14,
S2,2015,0-17,212804867.7025052
S2,2015,18-29,133402816.8937858
S2,2015,30-65,241668910.9971452
S2,2015,66+,34932304.166841984
S2,2015,15-26,
S2,2015,27-45,
S2,2015,46-65,
S2,2016,00-04,
S2,2016,05-09,
S2,2016,10-14,
S2,2016,15-19,
S2,2016,20-24,
S2,2016,25-29,
S2,2016,30-34,
S2,2016,35-39,
S2,2016,40-44,
S2,2016,45-49,
S2,2016,50-54,
S2,2016,55-59,
S2,2016,60-64,
S2,2016,65-69,
S2,2016,70-74,
S2,2016,75+,
S2,2016,0-8,
S2,2016,9-14,
S2,2016,0-17,212423608.53337303
S2,2016,18-29,134590942.21286824
S2,2016,30-65,247466045.55191785
S2,2016,66+,36322691.01799151
S2,2016,15-26,
S2,2016,27-45,
S2,2016,46-65,
S2,2017,00-04,
S2,2017,05-09,
S2,2017,10-14,
S2,2017,15-19,
S2,2017,20-24,
S2,2017,25-29,
S2,2017,30-34,
S2,2017,35-39,
S2,2017,40-44,
S2,2017,45-49,
S2,2017,50-54,
S2,2017,55-59,
S2,2017,60-64,
S2,2017,65-69,
S2,2017,70-74,
S2,2017,75+,
S2,2017,0-8,
S2,2017,9-14,
S2,2017,0-17,211827568.30585295
S2,2017,18-29,135609758.97214997
S2,2017,30-65,253144398.80365992
S2,2017,66+,37768063.602371484
S2,2017,15-26,
S2,2017,27-45,
S2,2017,46-65,
S2,2018,00-04,
S2,2018,05-09,
S2,2018,10-14,
S2,2018,15-19,
S2,2018,20-24,
S2,2018,25-29,
S2,2018,30-34,
S2,2018,35-39,
S2,2018,40-44,
S2,2018,45-49,
S2,2018,50-54,
S2,2018,55-59,
S2,2018,60-64,
S2,2018,65-69,
S2,2018,70-74,
S2,2018,75+,
S2,2018,0-8,
S2,2018,9-14,
S2,2018,0-17,211033777.71729624
S2,2018,18-29,136690782.63585708
S2,2018,30-65,258858843.39608952
S2,2018,66+,39316901.286332324
S2,2018,15-26,
S2,2018,27-45,
S2,2018,46-65,
S2,2019,00-04,
S2,2019,05-09,
S2,2019,10-14,
S2,2019,15-19,
S2,2019,20-24,
S2,2019,25-29,
S2,2019,30-34,
S2,2019,35-39,
S2,2019,40-44,
S2,2019,45-49,
S2,2019,50-54,
S2,2019,55-59,
S2,2019,60-64,
S2,2019,65-69,
S2,2019,70-74,
S2,2019,75+,
S2,2019,0-8,
S2,2019,9-14,
S2,2019,0-17,210198476.48454052
S2,2019,18-29,137782055.55618125
S2,2019,30-65,264530974.9450113
S2,2019,66+,40954505.54209969
S2,2019,15-26,
S2,2019,27-45,
S2,2019,46-65,
S2,2020,00-04,
S2,2020,05-09,
S2,2020,10-14,
S2,2020,15-19,
S2,2020,20-24,
S2,2020,25-29,
S2,2020,30-34,
S2,2020,35-39,
S2,2020,40-44,
S2,2020,45-49,
S2,2020,50-54,
S2,2020,55-59,
S2,2020,60-64,
S2,2020,65-69,
S2,2020,70-74,
S2,2020,75+,
S2,2020,0-8,
S2,2020,9-14,
S2,2020,0-17,209157751.3727392
S2,2020,18-29,138932969.5860532
S2,2020,30-65,270279128.1270803
S2,2020,66+,42673263.91235502
S2,2020,15-26,
S2,2020,27-45,
S2,2020,46-65,
S2,2021,00-04,
S2,2021,05-09,
S2,2021,10-14,
S2,2021,15-19,
S2,2021,20-24,
S2,2021,25-29,
S2,2021,30-34,
S2,2021,35-39,
S2,2021,40-44,
S2,2021,45-49,
S2,2021,50-54,
S2,2021,55-59,
S2,2021,60-64,
S2,2021,65-69,
S2,2021,70-74,
S2,2021,75+,
S2,2021,0-8,
S2,2021,9-14,
S2,2021,0-17,207951752.66749978
S2,2021,18-29,140199662.15817136
S2,2021,30-65,275953387.69638026
S2,2021,66+,44278302.06608356
S2,2021,15-26,
S2,2021,27-45,
S2,2021,46-65,
S2,2022,00-04,
S2,2022,05-09,
S2,2022,10-14,
S2,2022,15-19,
S2,2022,20-24,
S2,2022,25-29,
S2,2022,30-34,
S2,2022,35-39,
S2,2022,40-44,
S2,2022,45-49,
S2,2022,50-54,
S2,2022,55-59,
S2,2022,60-64,
S2,2022,65-69,
S2,2022,70-74,
S2,2022,75+,
S2,2022,0-8,
S2,2022,9-14,
S2,2022,0-17,207143410.56734097
S2,2022,18-29,141449718.51495856
S2,2022,30-65,281489915.53973407
S2,2022,66+,45150459.563561946
S2,2022,15-26,
S2,2022,27-45,
S2,2022,46-65,
S2,2023,00-04,
S2,2023,05-09,
S2,2023,10-14,
S2,2023,15-19,
S2,2023,20-24,
S2,2023,25-29,
S2,2023,30-34,
S2,2023,35-39,
S2,2023,40-44,
S2,2023,45-49,
S2,2023,50-54,
S2,2023,55-59,
S2,2023,60-64,
S2,2023,65-69,
S2,2023,70-74,
S2,2023,75+,
S2,2023,0-8,
S2,2023,9-14,
S2,2023,0-17,205949461.85595953
S2,2023,18-29,142112503.31812507
S2,2023,30-65,287026958.7371422
S2,2023,66+,47005948.3003868
S2,2023,15-26,
S2,2023,27-45,
S2,2023,46-65,
S2,2024,00-04,
S2,2024,05-09,
S2,2024,10-14,
S2,2024,15-19,
S2,2024,20-24,
S2,2024,25-29,
S2,2024,30-34,
S2,2024,35-39,
S2,2024,40-44,
S2,2024,45-49,
S2,2024,50-54,
S2,2024,55-59,
S2,2024,60-64,
S2,2024,65-69,
S2,2024,70-74,
S2,2024,75+,
S2,2024,0-8,
S2,2024,9-14,
S2,2024,0-17,204921884.71042427
S2,2024,18-29,142654688.7550569
S2,2024,30-65,292518981.3957309
S2,2024,66+,48875867.366466545
S2,2024,15-26,
S2,2024,27-45,
S2,2024,46-65,
S2,2025,00-04,
S2,2025,05-09,
S2,2025,10-14,
S2,2025,15-19,
S2,2025,20-24,
S2,2025,25-29,
S2,2025,30-34,
S2,2025,35-39,
S2,2025,40-44,
S2,2025,45-49,
S2,2025,50-54,
S2,2025,55-59,
S2,2025,60-64,
S2,2025,65-69,
S2,2025,70-74,
S2,2025,75+,
S2,2025,0-8,
S2,2025,9-14,
S2,2025,0-17,203940604.3811196
S2,2025,18-29,142973836.4452424
S2,2025,30-65,298132774.69803786
S2,2025,66+,50811137.57861883
S2,2025,15-26,
S2,2025,27-45,
S2,2025,46-65,
S2,2026,00-04,
S2,2026,05-09,
S2,2026,10-14,
S2,2026,15-19,
S2,2026,20-24,
S2,2026,25-29,
S2,2026,30-34,
S2,2026,35-39,
S2,2026,40-44,
S2,2026,45-49,
S2,2026,50-54,
S2,2026,55-59,
S2,2026,60-64,
S2,2026,65-69,
S2,2026,70-74,
S2,2026,75+,
S2,2026,0-8,
S2,2026,9-14,
S2,2026,0-17,202977989.4696787
S2,2026,18-29,143101805.72020435
S2,2026,30-65,303644848.1950599
S2,2026,66+,52745560.229221724
S2,2026,15-26,
S2,2026,27-45,
S2,2026,46-65,
S2,2027,00-04,
S2,2027,05-09,
S2,2027,10-14,
S2,2027,15-19,
S2,2027,20-24,
S2,2027,25-29,
S2,2027,30-34,
S2,2027,35-39,
S2,2027,40-44,
S2,2027,45-49,
S2,2027,50-54,
S2,2027,55-59,
S2,2027,60-64,
S2,2027,65-69,
S2,2027,70-74,
S2,2027,75+,
S2,2027,0-8,
S2,2027,9-14,
S2,2027,0-17,201865984.9790613
S2,2027,18-29,143068449.36717117
S2,2027,30-65,308895300.4997901
S2,2027,66+,54687767.12153544
S2,2027,15-26,
S2,2027,27-45,
S2,2027,46-65,
S2,2028,00-04,
S2,2028,05-09,
S2,2028,10-14,
S2,2028,15-19,
S2,2028,20-24,
S2,2028,25-29,
S2,2028,30-34,
S2,2028,35-39,
S2,2028,40-44,
S2,2028,45-49,
S2,2028,50-54,
S2,2028,55-59,
S2,2028,60-64,
S2,2028,65-69,
S2,2028,70-74,
S2,2028,75+,
S2,2028,0-8,
S2,2028,9-14,
S2,2028,0-17,200689956.53767788
S2,2028,18-29,143059470.15387928
S2,2028,30-65,314148792.2409618
S2,2028,66+,56674607.68652116
S2,2028,15-26,
S2,2028,27-45,
S2,2028,46-65,
S2,2029,00-04,
S2,2029,05-09,
S2,2029,10-14,
S2,2029,15-19,
S2,2029,20-24,
S2,2029,25-29,
S2,2029,30-34,
S2,2029,35-39,
S2,2029,40-44,
S2,2029,45-49,
S2,2029,50-54,
S2,2029,55-59,
S2,2029,60-64,
S2,2029,65-69,
S2,2029,70-74,
S2,2029,75+,
S2,2029,0-8,
S2,2029,9-14,
S2,2029,0-17,199622984.71046662
S2,2029,18-29,142896313.32482332
S2,2029,30-65,319415037.2867005
S2,2029,66+,58710070.20091442
S2,2029,15-26,
S2,2029,27-45,
S2,2029,46-65,
S2,2030,00-04,
S2,2030,05-09,
S2,2030,10-14,
S2,2030,15-19,
S2,2030,20-24,
S2,2030,25-29,
S2,2030,30-34,
S2,2030,35-39,
S2,2030,40-44,
S2,2030,45-49,
S2,2030,50-54,
S2,2030,55-59,
S2,2030,60-64,
S2,2030,65-69,
S2,2030,70-74,
S2,2030,75+,
S2,2030,0-8,
S2,2030,9-14,
S2,2030,0-17,198611214.4418922
S2,2030,18-29,142625965.68789655
S2,2030,30-65,324697482.60683066
S2,2030,66+,60796800.065192446
S2,2030,15-26,
S2,2030,27-45,
S2,2030,46-65,
S2,2031,00-04,
S2,2031,05-09,
S2,2031,10-14,
S2,2031,15-19,
S2,2031,20-24,
S2,2031,25-29,
S2,2031,30-34,
S2,2031,35-39,
S2,2031,40-44,
S2,2031,45-49,
S2,2031,50-54,
S2,2031,55-59,
S2,2031,60-64,
S2,2031,65-69,
S2,2031,70-74,
S2,2031,75+,
S2,2031,0-8,
S2,2031,9-14,
S2,2031,0-17,197567660.92471218
S2,2031,18-29,142079752.70398042
S2,2031,30-65,329970859.78072685
S2,2031,66+,62912203.830377825
S2,2031,15-26,
S2,2031,27-45,
S2,2031,46-65,
S2,2032,00-04,
S2,2032,05-09,
S2,2032,10-14,
S2,2032,15-19,
S2,2032,20-24,
S2,2032,25-29,
S2,2032,30-34,
S2,2032,35-39,
S2,2032,40-44,
S2,2032,45-49,
S2,2032,50-54,
S2,2032,55-59,
S2,2032,60-64,
S2,2032,65-69,
S2,2032,70-74,
S2,2032,75+,
S2,2032,0-8,
S2,2032,9-14,
S2,2032,0-17,196490063.12161547
S2,2032,18-29,141150281.3318662
S2,2032,30-65,335101798.766303
S2,2032,66+,65002751.1555398
S2,2032,15-26,
S2,2032,27-45,
S2,2032,46-65,
S2,2033,00-04,
S2,2033,05-09,
S2,2033,10-14,
S2,2033,15-19,
S2,2033,20-24,
S2,2033,25-29,
S2,2033,30-34,
S2,2033,35-39,
S2,2033,40-44,
S2,2033,45-49,
S2,2033,50-54,
S2,2033,55-59,
S2,2033,60-64,
S2,2033,65-69,
S2,2033,70-74,
S2,2033,75+,
S2,2033,0-8,
S2,2033,9-14,
S2,2033,0-17,195776849.4820561
S2,2033,18-29,139887169.40891853
S2,2033,30-65,340151621.16365325
S2,2033,66+,67152866.36796728
S2,2033,15-26,
S2,2033,27-45,
S2,2033,46-65,
S2,2034,00-04,
S2,2034,05-09,
S2,2034,10-14,
S2,2034,15-19,
S2,2034,20-24,
S2,2034,25-29,
S2,2034,30-34,
S2,2034,35-39,
S2,2034,40-44,
S2,2034,45-49,
S2,2034,50-54,
S2,2034,55-59,
S2,2034,60-64,
S2,2034,65-69,
S2,2034,70-74,
S2,2034,75+,
S2,2034,0-8,
S2,2034,9-14,
S2,2034,0-17,194960697.01120585
S2,2034,18-29,138842420.98670015
S2,2034,30-65,345020456.4086951
S2,2034,66+,69385976.15442464
S2,2034,15-26,
S2,2034,27-45,
S2,2034,46-65,
S2,2035,00-04,
S2,2035,05-09,
S2,2035,10-14,
S2,2035,15-19,
S2,2035,20-24,
S2,2035,25-29,
S2,2035,30-34,
S2,2035,35-39,
S2,2035,40-44,
S2,2035,45-49,
S2,2035,50-54,
S2,2035,55-59,
S2,2035,60-64,
S2,2035,65-69,
S2,2035,70-74,
S2,2035,75+,
S2,2035,0-8,
S2,2035,9-14,
S2,2035,0-17,194046555.58008063
S2,2035,18-29,137970556.58615702
S2,2035,30-65,349736423.51680005
S2,2035,66+,71707734.32751605
S2,2035,15-26,
S2,2035,27-45,
S2,2035,46-65,
S2,2036,00-04,
S2,2036,05-09,
S2,2036,10-14,
S2,2036,15-19,
S2,2036,20-24,
S2,2036,25-29,
S2,2036,30-34,
S2,2036,35-39,
S2,2036,40-44,
S2,2036,45-49,
S2,2036,50-54,
S2,2036,55-59,
S2,2036,60-64,
S2,2036,65-69,
S2,2036,70-74,
S2,2036,75+,
S2,2036,0-8,
S2,2036,9-14,
S2,2036,0-17,193402091.59517342
S2,2036,18-29,136988039.3025769
S2,2036,30-65,354261317.8304225
S2,2036,66+,74078483.12620877
S2,2036,15-26,
S2,2036,27-45,
S2,2036,46-65,
S2,2037,00-04,
S2,2037,05-09,
S2,2037,10-14,
S2,2037,15-19,
S2,2037,20-24,
S2,2037,25-29,
S2,2037,30-34,
S2,2037,35-39,
S2,2037,40-44,
S2,2037,45-49,
S2,2037,50-54,
S2,2037,55-59,
S2,2037,60-64,
S2,2037,65-69,
S2,2037,70-74,
S2,2037,75+,
S2,2037,0-8,
S2,2037,9-14,
S2,2037,0-17,192616264.5762591
S2,2037,18-29,136274333.2671373
S2,2037,30-65,358618985.0929602
S2,2037,66+,76529434.91495179
S2,2037,15-26,
S2,2037,27-45,
S2,2037,46-65,
S2,2038,00-04,
S2,2038,05-09,
S2,2038,10-14,
S2,2038,15-19,
S2,2038,20-24,
S2,2038,25-29,
S2,2038,30-34,
S2,2038,35-39,
S2,2038,40-44,
S2,2038,45-49,
S2,2038,50-54,
S2,2038,55-59,
S2,2038,60-64,
S2,2038,65-69,
S2,2038,70-74,
S2,2038,75+,
S2,2038,0-8,
S2,2038,9-14,
S2,2038,0-17,191962100.9838388
S2,2038,18-29,135491832.665616
S2,2038,30-65,362794443.30359143
S2,2038,66+,79095095.19880429
S2,2038,15-26,
S2,2038,27-45,
S2,2038,46-65,
S2,2039,00-04,
S2,2039,05-09,
S2,2039,10-14,
S2,2039,15-19,
S2,2039,20-24,
S2,2039,25-29,
S2,2039,30-34,
S2,2039,35-39,
S2,2039,40-44,
S2,2039,45-49,
S2,2039,50-54,
S2,2039,55-59,
S2,2039,60-64,
S2,2039,65-69,
S2,2039,70-74,
S2,2039,75+,
S2,2039,0-8,
S2,2039,9-14,
S2,2039,0-17,191479767.44620955
S2,2039,18-29,134463818.0717302
S2,2039,30-65,366881621.34937984
S2,2039,66+,81743498.04875673
S2,2039,15-26,
S2,2039,27-45,
S2,2039,46-65,
S2,2040,00-04,
S2,2040,05-09,
S2,2040,10-14,
S2,2040,15-19,
S2,2040,20-24,
S2,2040,25-29,
S2,2040,30-34,
S2,2040,35-39,
S2,2040,40-44,
S2,2040,45-49,
S2,2040,50-54,
S2,2040,55-59,
S2,2040,60-64,
S2,2040,65-69,
S2,2040,70-74,
S2,2040,75+,
S2,2040,0-8,
S2,2040,9-14,
S2,2040,0-17,190939452.53642175
S2,2040,18-29,133319448.55035582
S2,2040,30-65,370874423.4490368
S2,2040,66+,84494189.88572836
S2,2040,15-26,
S2,2040,27-45,
S2,2040,46-65,
S2,2041,00-04,
S2,2041,05-09,
S2,2041,10-14,
S2,2041,15-19,
S2,2041,20-24,
S2,2041,25-29,
S2,2041,30-34,
S2,2041,35-39,
S2,2041,40-44,
S2,2041,45-49,
S2,2041,50-54,
S2,2041,55-59,
S2,2041,60-64,
S2,2041,65-69,
S2,2041,70-74,
S2,2041,75+,
S2,2041,0-8,
S2,2041,9-14,
S2,2041,0-17,190274860.15705293
S2,2041,18-29,132263081.85765836
S2,2041,30-65,374577088.864094
S2,2041,66+,87320548.77945428
S2,2041,15-26,
S2,2041,27-45,
S2,2041,46-65,
S2,2042,00-04,
S2,2042,05-09,
S2,2042,10-14,
S2,2042,15-19,
S2,2042,20-24,
S2,2042,25-29,
S2,2042,30-34,
S2,2042,35-39,
S2,2042,40-44,
S2,2042,45-49,
S2,2042,50-54,
S2,2042,55-59,
S2,2042,60-64,
S2,2042,65-69,
S2,2042,70-74,
S2,2042,75+,
S2,2042,0-8,
S2,2042,9-14,
S2,2042,0-17,189470357.3130494
S2,2042,18-29,131230714.9790518
S2,2042,30-65,378066749.2788962
S2,2042,66+,90144757.79380485
S2,2042,15-26,
S2,2042,27-45,
S2,2042,46-65,
S2,2043,00-04,
S2,2043,05-09,
S2,2043,10-14,
S2,2043,15-19,
S2,2043,20-24,
S2,2043,25-29,
S2,2043,30-34,
S2,2043,35-39,
S2,2043,40-44,
S2,2043,45-49,
S2,2043,50-54,
S2,2043,55-59,
S2,2043,60-64,
S2,2043,65-69,
S2,2043,70-74,
S2,2043,75+,
S2,2043,0-8,
S2,2043,9-14,
S2,2043,0-17,188513771.38652343
S2,2043,18-29,130231196.28524318
S2,2043,30-65,381210844.8333403
S2,2043,66+,93049948.99962871
S2,2043,15-26,
S2,2043,27-45,
S2,2043,46-65,
S2,2044,00-04,
S2,2044,05-09,
S2,2044,10-14,
S2,2044,15-19,
S2,2044,20-24,
S2,2044,25-29,
S2,2044,30-34,
S2,2044,35-39,
S2,2044,40-44,
S2,2044,45-49,
S2,2044,50-54,
S2,2044,55-59,
S2,2044,60-64,
S2,2044,65-69,
S2,2044,70-74,
S2,2044,75+,
S2,2044,0-8,
S2,2044,9-14,
S2,2044,0-17,187441909.70500267
S2,2044,18-29,129321287.90001622
S2,2044,30-65,384005621.8321356
S2,2044,66+,95935418.27151747
S2,2044,15-26,
S2,2044,27-45,
S2,2044,46-65,
S2,2045,00-04,
S2,2045,05-09,
S2,2045,10-14,
S2,2045,15-19,
S2,2045,20-24,
S2,2045,25-29,
S2,2045,30-34,
S2,2045,35-39,
S2,2045,40-44,
S2,2045,45-49,
S2,2045,50-54,
S2,2045,55-59,
S2,2045,60-64,
S2,2045,65-69,
S2,2045,70-74,
S2,2045,75+,
S2,2045,0-8,
S2,2045,9-14,
S2,2045,0-17,186269193.62815472
S2,2045,18-29,128765436.80011933
S2,2045,30-65,386184983.45920455
S2,2045,66+,98855959.73092185
S2,2045,15-26,
S2,2045,27-45,
S2,2045,46-65,
S2,2046,00-04,
S2,2046,05-09,
S2,2046,10-14,
S2,2046,15-19,
S2,2046,20-24,
S2,2046,25-29,
S2,2046,30-34,
S2,2046,35-39,
S2,2046,40-44,
S2,2046,45-49,
S2,2046,50-54,
S2,2046,55-59,
S2,2046,60-64,
S2,2046,65-69,
S2,2046,70-74,
S2,2046,75+,
S2,2046,0-8,
S2,2046,9-14,
S2,2046,0-17,185019512.70722848
S2,2046,18-29,128099838.1575544
S2,2046,30-65,388195486.1368892
S2,2046,66+,101878592.70486867
S2,2046,15-26,
S2,2046,27-45,
S2,2046,46-65,
S2,2047,00-04,
S2,2047,05-09,
S2,2047,10-14,
S2,2047,15-19,
S2,2047,20-24,
S2,2047,25-29,
S2,2047,30-34,
S2,2047,35-39,
S2,2047,40-44,
S2,2047,45-49,
S2,2047,50-54,
S2,2047,55-59,
S2,2047,60-64,
S2,2047,65-69,
S2,2047,70-74,
S2,2047,75+,
S2,2047,0-8,
S2,2047,9-14,
S2,2047,0-17,183725133.6323439
S2,2047,18-29,127328956.62352173
S2,2047,30-65,390008784.5586966
S2,2047,66+,105053526.15453756
S2,2047,15-26,
S2,2047,27-45,
S2,2047,46-65,
S2,2048,00-04,
S2,2048,05-09,
S2,2048,10-14,
S2,2048,15-19,
S2,2048,20-24,
S2,2048,25-29,
S2,2048,30-34,
S2,2048,35-39,
S2,2048,40-44,
S2,2048,45-49,
S2,2048,50-54,
S2,2048,55-59,
S2,2048,60-64,
S2,2048,65-69,
S2,2048,70-74,
S2,2048,75+,
S2,2048,0-8,
S2,2048,9-14,
S2,2048,0-17,182374765.4565362
S2,2048,18-29,126829887.33737916
S2,2048,30-65,391323760.5973271
S2,2048,66+,108311238.24665162
S2,2048,15-26,
S2,2048,27-45,
S2,2048,46-65,
S2,2049,00-04,
S2,2049,05-09,
S2,2049,10-14,
S2,2049,15-19,
S2,2049,20-24,
S2,2049,25-29,
S2,2049,30-34,
S2,2049,35-39,
S2,2049,40-44,
S2,2049,45-49,
S2,2049,50-54,
S2,2049,55-59,
S2,2049,60-64,
S2,2049,65-69,
S2,2049,70-74,
S2,2049,75+,
S2,2049,0-8,
S2,2049,9-14,
S2,2049,0-17,180977744.3183663
S2,2049,18-29,126198644.39751807
S2,2049,30-65,392547543.1014423
S2,2049,66+,111648174.57223144
S2,2049,15-26,
S2,2049,27-45,
S2,2049,46-65,
S2,2050,00-04,
S2,2050,05-09,
S2,2050,10-14,
S2,2050,15-19,
S2,2050,20-24,
S2,2050,25-29,
S2,2050,30-34,
S2,2050,35-39,
S2,2050,40-44,
S2,2050,45-49,
S2,2050,50-54,
S2,2050,55-59,
S2,2050,60-64,
S2,2050,65-69,
S2,2050,70-74,
S2,2050,75+,
S2,2050,0-8,
S2,2050,9-14,
S2,2050,0-17,179569206.53898653
S2,2050,18-29,125709825.55200703
S2,2050,30-65,393369443.1709955
S2,2050,66+,115081502.95956752
S2,2050,15-26,
S2,2050,27-45,
S2,2050,46-65,
S2,2051,00-04,
S2,2051,05-09,
S2,2051,10-14,
S2,2051,15-19,
S2,2051,20-24,
S2,2051,25-29,
S2,2051,30-34,
S2,2051,35-39,
S2,2051,40-44,
S2,2051,45-49,
S2,2051,50-54,
S2,2051,55-59,
S2,2051,60-64,
S2,2051,65-69,
S2,2051,70-74,
S2,2051,75+,
S2,2051,0-8,
S2,2051,9-14,
S2,2051,0-17,178170889.62964055
S2,2051,18-29,125415152.29947364
S2,2051,30-65,393708010.66734296
S2,2051,66+,118630314.41827141
S2,2051,15-26,
S2,2051,27-45,
S2,2051,46-65,
S2,2052,00-04,
S2,2052,05-09,
S2,2052,10-14,
S2,2052,15-19,
S2,2052,20-24,
S2,2052,25-29,
S2,2052,30-34,
S2,2052,35-39,
S2,2052,40-44,
S2,2052,45-49,
S2,2052,50-54,
S2,2052,55-59,
S2,2052,60-64,
S2,2052,65-69,
S2,2052,70-74,
S2,2052,75+,
S2,2052,0-8,
S2,2052,9-14,
S2,2052,0-17,176774967.81655332
S2,2052,18-29,125110419.57796176
S2,2052,30-65,393834200.9074465
S2,2052,66+,122227669.09715481
S2,2052,15-26,
S2,2052,27-45,
S2,2052,46-65,
S2,2053,00-04,
S2,2053,05-09,
S2,2053,10-14,
S2,2053,15-19,
S2,2053,20-24,
S2,2053,25-29,
S2,2053,30-34,
S2,2053,35-39,
S2,2053,40-44,
S2,2053,45-49,
S2,2053,50-54,
S2,2053,55-59,
S2,2053,60-64,
S2,2053,65-69,
S2,2053,70-74,
S2,2053,75+,
S2,2053,0-8,
S2,2053,9-14,
S2,2053,0-17,175376767.46092197
S2,2053,18-29,124740002.67585312
S2,2053,30-65,393735859.1767212
S2,2053,66+,125946460.84713894
S2,2053,15-26,
S2,2053,27-45,
S2,2053,46-65,
S2,2054,00-04,
S2,2054,05-09,
S2,2054,10-14,
S2,2054,15-19,
S2,2054,20-24,
S2,2054,25-29,
S2,2054,30-34,
S2,2054,35-39,
S2,2054,40-44,
S2,2054,45-49,
S2,2054,50-54,
S2,2054,55-59,
S2,2054,60-64,
S2,2054,65-69,
S2,2054,70-74,
S2,2054,75+,
S2,2054,0-8,
S2,2054,9-14,
S2,2054,0-17,173995130.383601
S2,2054,18-29,124306929.11989729
S2,2054,30-65,393566621.1149468
S2,2054,66+,129621950.75302036
S2,2054,15-26,
S2,2054,27-45,
S2,2054,46-65,
S2,2055,00-04,
S2,2055,05-09,
S2,2055,10-14,
S2,2055,15-19,
S2,2055,20-24,
S2,2055,25-29,
S2,2055,30-34,
S2,2055,35-39,
S2,2055,40-44,
S2,2055,45-49,
S2,2055,50-54,
S2,2055,55-59,
S2,2055,60-64,
S2,2055,65-69,
S2,2055,70-74,
S2,2055,75+,
S2,2055,0-8,
S2,2055,9-14,
S2,2055,0-17,172622573.65591222
S2,2055,18-29,123784609.24263951
S2,2055,30-65,393261417.7093882
S2,2055,66+,133318496.96698576
S2,2055,15-26,
S2,2055,27-45,
S2,2055,46-65,
S2,2056,00-04,
S2,2056,05-09,
S2,2056,10-14,
S2,2056,15-19,
S2,2056,20-24,
S2,2056,25-29,
S2,2056,30-34,
S2,2056,35-39,
S2,2056,40-44,
S2,2056,45-49,
S2,2056,50-54,
S2,2056,55-59,
S2,2056,60-64,
S2,2056,65-69,
S2,2056,70-74,
S2,2056,75+,
S2,2056,0-8,
S2,2056,9-14,
S2,2056,0-17,171293241.90408045
S2,2056,18-29,123200983.78561877
S2,2056,30-65,392815695.5940241
S2,2056,66+,137023906.03323206
S2,2056,15-26,
S2,2056,27-45,
S2,2056,46-65,
S2,2057,00-04,
S2,2057,05-09,
S2,2057,10-14,
S2,2057,15-19,
S2,2057,20-24,
S2,2057,25-29,
S2,2057,30-34,
S2,2057,35-39,
S2,2057,40-44,
S2,2057,45-49,
S2,2057,50-54,
S2,2057,55-59,
S2,2057,60-64,
S2,2057,65-69,
S2,2057,70-74,
S2,2057,75+,
S2,2057,0-8,
S2,2057,9-14,
S2,2057,0-17,170018876.59172088
S2,2057,18-29,122530745.33023304
S2,2057,30-65,392280875.8576142
S2,2057,66+,140685328.1726043
S2,2057,15-26,
S2,2057,27-45,
S2,2057,46-65,
S2,2058,00-04,
S2,2058,05-09,
S2,2058,10-14,
S2,2058,15-19,
S2,2058,20-24,
S2,2058,25-29,
S2,2058,30-34,
S2,2058,35-39,
S2,2058,40-44,
S2,2058,45-49,
S2,2058,50-54,
S2,2058,55-59,
S2,2058,60-64,
S2,2058,65-69,
S2,2058,70-74,
S2,2058,75+,
S2,2058,0-8,
S2,2058,9-14,
S2,2058,0-17,168791325.45978853
S2,2058,18-29,121802050.60412404
S2,2058,30-65,391626856.3171613
S2,2058,66+,144329689.2161893
S2,2058,15-26,
S2,2058,27-45,
S2,2058,46-65,
S2,2059,00-04,
S2,2059,05-09,
S2,2059,10-14,
S2,2059,15-19,
S2,2059,20-24,
S2,2059,25-29,
S2,2059,30-34,
S2,2059,35-39,
S2,2059,40-44,
S2,2059,45-49,
S2,2059,50-54,
S2,2059,55-59,
S2,2059,60-64,
S2,2059,65-69,
S2,2059,70-74,
S2,2059,75+,
S2,2059,0-8,
S2,2059,9-14,
S2,2059,0-17,167584138.9164225
S2,2059,18-29,121034396.0241694
S2,2059,30-65,390856834.2478125
S2,2059,66+,147940089.53864482
S2,2059,15-26,
S2,2059,27-45,
S2,2059,46-65,
S2,2060,00-04,
S2,2060,05-09,
S2,2060,10-14,
S2,2060,15-19,
S2,2060,20-24,
S2,2060,25-29,
S2,2060,30-34,
S2,2060,35-39,
S2,2060,40-44,
S2,2060,45-49,
S2,2060,50-54,
S2,2060,55-59,
S2,2060,60-64,
S2,2060,65-69,
S2,2060,70-74,
S2,2060,75+,
S2,2060,0-8,
S2,2060,9-14,
S2,2060,0-17,166419201.30987054
S2,2060,18-29,120203847.73525187
S2,2060,30-65,390007624.7094369
S2,2060,66+,151486119.93856215
S2,2060,15-26,
S2,2060,27-45,
S2,2060,46-65,
S2,2061,00-04,
S2,2061,05-09,
S2,2061,10-14,
S2,2061,15-19,
S2,2061,20-24,
S2,2061,25-29,
S2,2061,30-34,
S2,2061,35-39,
S2,2061,40-44,
S2,2061,45-49,
S2,2061,50-54,
S2,2061,55-59,
S2,2061,60-64,
S2,2061,65-69,
S2,2061,70-74,
S2,2061,75+,
S2,2061,0-8,
S2,2061,9-14,
S2,2061,0-17,165298867.88386044
S2,2061,18-29,119303462.47550876
S2,2061,30-65,389035357.01340157
S2,2061,66+,155011914.46808282
S2,2061,15-26,
S2,2061,27-45,
S2,2061,46-65,
S2,2062,00-04,
S2,2062,05-09,
S2,2062,10-14,
S2,2062,15-19,
S2,2062,20-24,
S2,2062,25-29,
S2,2062,30-34,
S2,2062,35-39,
S2,2062,40-44,
S2,2062,45-49,
S2,2062,50-54,
S2,2062,55-59,
S2,2062,60-64,
S2,2062,65-69,
S2,2062,70-74,
S2,2062,75+,
S2,2062,0-8,
S2,2062,9-14,
S2,2062,0-17,164199625.10201254
S2,2062,18-29,118360548.63990588
S2,2062,30-65,387936677.8295659
S2,2062,66+,158493225.19718128
S2,2062,15-26,
S2,2062,27-45,
S2,2062,46-65,
S2,2063,00-04,
S2,2063,05-09,
S2,2063,10-14,
S2,2063,15-19,
S2,2063,20-24,
S2,2063,25-29,
S2,2063,30-34,
S2,2063,35-39,
S2,2063,40-44,
S2,2063,45-49,
S2,2063,50-54,
S2,2063,55-59,
S2,2063,60-64,
S2,2063,65-69,
S2,2063,70-74,
S2,2063,75+,
S2,2063,0-8,
S2,2063,9-14,
S2,2063,0-17,163134216.93545386
S2,2063,18-29,117404349.70543222
S2,2063,30-65,386700849.4421363
S2,2063,66+,161928050.7677487
S2,2063,15-26,
S2,2063,27-45,
S2,2063,46-65,
S2,2064,00-04,
S2,2064,05-09,
S2,2064,10-14,
S2,2064,15-19,
S2,2064,20-24,
S2,2064,25-29,
S2,2064,30-34,
S2,2064,35-39,
S2,2064,40-44,
S2,2064,45-49,
S2,2064,50-54,
S2,2064,55-59,
S2,2064,60-64,
S2,2064,65-69,
S2,2064,70-74,
S2,2064,75+,
S2,2064,0-8,
S2,2064,9-14,
S2,2064,0-17,162100625.5161867
S2,2064,18-29,116421200.67421313
S2,2064,30-65,385345158.17510146
S2,2064,66+,165312749.21062416
S2,2064,15-26,
S2,2064,27-45,
S2,2064,46-65,
S2,2065,00-04,
S2,2065,05-09,
S2,2065,10-14,
S2,2065,15-19,
S2,2065,20-24,
S2,2065,25-29,
S2,2065,30-34,
S2,2065,35-39,
S2,2065,40-44,
S2,2065,45-49,
S2,2065,50-54,
S2,2065,55-59,
S2,2065,60-64,
S2,2065,65-69,
S2,2065,70-74,
S2,2065,75+,
S2,2065,0-8,
S2,2065,9-14,
S2,2065,0-17,161090662.90430164
S2,2065,18-29,115417802.4285204
S2,2065,30-65,383852614.3987474
S2,2065,66+,168657533.2201334
S2,2065,15-26,
S2,2065,27-45,
S2,2065,46-65,
S2,2066,00-04,
S2,2066,05-09,
S2,2066,10-14,
S2,2066,15-19,
S2,2066,20-24,
S2,2066,25-29,
S2,2066,30-34,
S2,2066,35-39,
S2,2066,40-44,
S2,2066,45-49,
S2,2066,50-54,
S2,2066,55-59,
S2,2066,60-64,
S2,2066,65-69,
S2,2066,70-74,
S2,2066,75+,
S2,2066,0-8,
S2,2066,9-14,
S2,2066,0-17,160100831.86709973
S2,2066,18-29,114394452.79149361
S2,2066,30-65,382213792.4518967
S2,2066,66+,171958830.71803102
S2,2066,15-26,
S2,2066,27-45,
S2,2066,46-65,
S2,2067,00-04,
S2,2067,05-09,
S2,2067,10-14,
S2,2067,15-19,
S2,2067,20-24,
S2,2067,25-29,
S2,2067,30-34,
S2,2067,35-39,
S2,2067,40-44,
S2,2067,45-49,
S2,2067,50-54,
S2,2067,55-59,
S2,2067,60-64,
S2,2067,65-69,
S2,2067,70-74,
S2,2067,75+,
S2,2067,0-8,
S2,2067,9-14,
S2,2067,0-17,159128042.4919914
S2,2067,18-29,113383704.22269523
S2,2067,30-65,380342862.2780266
S2,2067,66+,175312949.37049916
S2,2067,15-26,
S2,2067,27-45,
S2,2067,46-65,
S2,2068,00-04,
S2,2068,05-09,
S2,2068,10-14,
S2,2068,15-19,
S2,2068,20-24,
S2,2068,25-29,
S2,2068,30-34,
S2,2068,35-39,
S2,2068,40-44,
S2,2068,45-49,
S2,2068,50-54,
S2,2068,55-59,
S2,2068,60-64,
S2,2068,65-69,
S2,2068,70-74,
S2,2068,75+,
S2,2068,0-8,
S2,2068,9-14,
S2,2068,0-17,158144305.4056377
S2,2068,18-29,112397568.63966721
S2,2068,30-65,378251575.7170617
S2,2068,66+,178681877.59736484
S2,2068,15-26,
S2,2068,27-45,
S2,2068,46-65,
S2,2069,00-04,
S2,2069,05-09,
S2,2069,10-14,
S2,2069,15-19,
S2,2069,20-24,
S2,2069,25-29,
S2,2069,30-34,
S2,2069,35-39,
S2,2069,40-44,
S2,2069,45-49,
S2,2069,50-54,
S2,2069,55-59,
S2,2069,60-64,
S2,2069,65-69,
S2,2069,70-74,
S2,2069,75+,
S2,2069,0-8,
S2,2069,9-14,
S2,2069,0-17,157148601.7405722
S2,2069,18-29,111444540.36859874
S2,2069,30-65,376086766.6137708
S2,2069,66+,181914118.2102266
S2,2069,15-26,
S2,2069,27-45,
S2,2069,46-65,
S2,2070,00-04,
S2,2070,05-09,
S2,2070,10-14,
S2,2070,15-19,
S2,2070,20-24,
S2,2070,25-29,
S2,2070,30-34,
S2,2070,35-39,
S2,2070,40-44,
S2,2070,45-49,
S2,2070,50-54,
S2,2070,55-59,
S2,2070,60-64,
S2,2070,65-69,
S2,2070,70-74,
S2,2070,75+,
S2,2070,0-8,
S2,2070,9-14,
S2,2070,0-17,156134319.12839016
S2,2070,18-29,110526499.3120988
S2,2070,30-65,373933404.56673354
S2,2070,66+,184938226.0218957
S2,2070,15-26,
S2,2070,27-45,
S2,2070,46-65,
S2,2071,00-04,
S2,2071,05-09,
S2,2071,10-14,
S2,2071,15-19,
S2,2071,20-24,
S2,2071,25-29,
S2,2071,30-34,
S2,2071,35-39,
S2,2071,40-44,
S2,2071,45-49,
S2,2071,50-54,
S2,2071,55-59,
S2,2071,60-64,
S2,2071,65-69,
S2,2071,70-74,
S2,2071,75+,
S2,2071,0-8,
S2,2071,9-14,
S2,2071,0-17,155117994.470976
S2,2071,18-29,109618193.69787252
S2,2071,30-65,371773011.6119551
S2,2071,66+,187783063.9006067
S2,2071,15-26,
S2,2071,27-45,
S2,2071,46-65,
S2,2072,00-04,
S2,2072,05-09,
S2,2072,10-14,
S2,2072,15-19,
S2,2072,20-24,
S2,2072,25-29,
S2,2072,30-34,
S2,2072,35-39,
S2,2072,40-44,
S2,2072,45-49,
S2,2072,50-54,
S2,2072,55-59,
S2,2072,60-64,
S2,2072,65-69,
S2,2072,70-74,
S2,2072,75+,
S2,2072,0-8,
S2,2072,9-14,
S2,2072,0-17,154093026.38124433
S2,2072,18-29,108753036.90704453
S2,2072,30-65,369666141.0447726
S2,2072,66+,190379697.35144928
S2,2072,15-26,
S2,2072,27-45,
S2,2072,46-65,
S2,2073,00-04,
S2,2073,05-09,
S2,2073,10-14,
S2,2073,15-19,
S2,2073,20-24,
S2,2073,25-29,
S2,2073,30-34,
S2,2073,35-39,
S2,2073,40-44,
S2,2073,45-49,
S2,2073,50-54,
S2,2073,55-59,
S2,2073,60-64,
S2,2073,65-69,
S2,2073,70-74,
S2,2073,75+,
S2,2073,0-8,
S2,2073,9-14,
S2,2073,0-17,153056399.92171365
S2,2073,18-29,107919859.60748832
S2,2073,30-65,367579643.57811964
S2,2073,66+,192754815.30175096
S2,2073,15-26,
S2,2073,27-45,
S2,2073,46-65,
S2,2074,00-04,
S2,2074,05-09,
S2,2074,10-14,
S2,2074,15-19,
S2,2074,20-24,
S2,2074,25-29,
S2,2074,30-34,
S2,2074,35-39,
S2,2074,40-44,
S2,2074,45-49,
S2,2074,50-54,
S2,2074,55-59,
S2,2074,60-64,
S2,2074,65-69,
S2,2074,70-74,
S2,2074,75+,
S2,2074,0-8,
S2,2074,9-14,
S2,2074,0-17,152000989.42620346
S2,2074,18-29,107130871.6498085
S2,2074,30-65,365495879.6710389
S2,2074,66+,194957038.31073785
S2,2074,15-26,
S2,2074,27-45,
S2,2074,46-65,
S2,2075,00-04,
S2,2075,05-09,
S2,2075,10-14,
S2,2075,15-19,
S2,2075,20-24,
S2,2075,25-29,
S2,2075,30-34,
S2,2075,35-39,
S2,2075,40-44,
S2,2075,45-49,
S2,2075,50-54,
S2,2075,55-59,
S2,2075,60-64,
S2,2075,65-69,
S2,2075,70-74,
S2,2075,75+,
S2,2075,0-8,
S2,2075,9-14,
S2,2075,0-17,150917021.8891042
S2,2075,18-29,106387098.34465726
S2,2075,30-65,363331032.6084106
S2,2075,66+,197062145.26459712
S2,2075,15-26,
S2,2075,27-45,
S2,2075,46-65,
S2,2076,00-04,
S2,2076,05-09,
S2,2076,10-14,
S2,2076,15-19,
S2,2076,20-24,
S2,2076,25-29,
S2,2076,30-34,
S2,2076,35-39,
S2,2076,40-44,
S2,2076,45-49,
S2,2076,50-54,
S2,2076,55-59,
S2,2076,60-64,
S2,2076,65-69,
S2,2076,70-74,
S2,2076,75+,
S2,2076,0-8,
S2,2076,9-14,
S2,2076,0-17,149807736.12709266
S2,2076,18-29,105686620.00290453
S2,2076,30-65,361017730.8712506
S2,2076,66+,199134350.13081136
S2,2076,15-26,
S2,2076,27-45,
S2,2076,46-65,
S2,2077,00-04,
S2,2077,05-09,
S2,2077,10-14,
S2,2077,15-19,
S2,2077,20-24,
S2,2077,25-29,
S2,2077,30-34,
S2,2077,35-39,
S2,2077,40-44,
S2,2077,45-49,
S2,2077,50-54,
S2,2077,55-59,
S2,2077,60-64,
S2,2077,65-69,
S2,2077,70-74,
S2,2077,75+,
S2,2077,0-8,
S2,2077,9-14,
S2,2077,0-17,148695189.38674796
S2,2077,18-29,105012715.83220726
S2,2077,30-65,358719575.86563456
S2,2077,66+,201034269.4970979
S2,2077,15-26,
S2,2077,27-45,
S2,2077,46-65,
S2,2078,00-04,
S2,2078,05-09,
S2,2078,10-14,
S2,2078,15-19,
S2,2078,20-24,
S2,2078,25-29,
S2,2078,30-34,
S2,2078,35-39,
S2,2078,40-44,
S2,2078,45-49,
S2,2078,50-54,
S2,2078,55-59,
S2,2078,60-64,
S2,2078,65-69,
S2,2078,70-74,
S2,2078,75+,
S2,2078,0-8,
S2,2078,9-14,
S2,2078,0-17,147579001.73872733
S2,2078,18-29,104369066.0699036
S2,2078,30-65,356381670.2166216
S2,2078,66+,202808982.62239692
S2,2078,15-26,
S2,2078,27-45,
S2,2078,46-65,
S2,2079,00-04,
S2,2079,05-09,
S2,2079,10-14,
S2,2079,15-19,
S2,2079,20-24,
S2,2079,25-29,
S2,2079,30-34,
S2,2079,35-39,
S2,2079,40-44,
S2,2079,45-49,
S2,2079,50-54,
S2,2079,55-59,
S2,2079,60-64,
S2,2079,65-69,
S2,2079,70-74,
S2,2079,75+,
S2,2079,0-8,
S2,2079,9-14,
S2,2079,0-17,146448948.2692186
S2,2079,18-29,103750357.85864042
S2,2079,30-65,354030821.77930224
S2,2079,66+,204453346.84227946
S2,2079,15-26,
S2,2079,27-45,
S2,2079,46-65,
S2,2080,00-04,
S2,2080,05-09,
S2,2080,10-14,
S2,2080,15-19,
S2,2080,20-24,
S2,2080,25-29,
S2,2080,30-34,
S2,2080,35-39,
S2,2080,40-44,
S2,2080,45-49,
S2,2080,50-54,
S2,2080,55-59,
S2,2080,60-64,
S2,2080,65-69,
S2,2080,70-74,
S2,2080,75+,
S2,2080,0-8,
S2,2080,9-14,
S2,2080,0-17,145320776.03785667
S2,2080,18-29,103125983.61710215
S2,2080,30-65,351756022.53864676
S2,2080,66+,205897705.90866497
S2,2080,15-26,
S2,2080,27-45,
S2,2080,46-65,
S2,2081,00-04,
S2,2081,05-09,
S2,2081,10-14,
S2,2081,15-19,
S2,2081,20-24,
S2,2081,25-29,
S2,2081,30-34,
S2,2081,35-39,
S2,2081,40-44,
S2,2081,45-49,
S2,2081,50-54,
S2,2081,55-59,
S2,2081,60-64,
S2,2081,65-69,
S2,2081,70-74,
S2,2081,75+,
S2,2081,0-8,
S2,2081,9-14,
S2,2081,0-17,144186998.32407302
S2,2081,18-29,102512537.35824294
S2,2081,30-65,349772195.20817596
S2,2081,66+,206923383.63109744
S2,2081,15-26,
S2,2081,27-45,
S2,2081,46-65,
S2,2082,00-04,
S2,2082,05-09,
S2,2082,10-14,
S2,2082,15-19,
S2,2082,20-24,
S2,2082,25-29,
S2,2082,30-34,
S2,2082,35-39,
S2,2082,40-44,
S2,2082,45-49,
S2,2082,50-54,
S2,2082,55-59,
S2,2082,60-64,
S2,2082,65-69,
S2,2082,70-74,
S2,2082,75+,
S2,2082,0-8,
S2,2082,9-14,
S2,2082,0-17,143049638.24698123
S2,2082,18-29,101896976.75581658
S2,2082,30-65,347667680.9343793
S2,2082,66+,207966846.24988228
S2,2082,15-26,
S2,2082,27-45,
S2,2082,46-65,
S2,2083,00-04,
S2,2083,05-09,
S2,2083,10-14,
S2,2083,15-19,
S2,2083,20-24,
S2,2083,25-29,
S2,2083,30-34,
S2,2083,35-39,
S2,2083,40-44,
S2,2083,45-49,
S2,2083,50-54,
S2,2083,55-59,
S2,2083,60-64,
S2,2083,65-69,
S2,2083,70-74,
S2,2083,75+,
S2,2083,0-8,
S2,2083,9-14,
S2,2083,0-17,141920278.31801534
S2,2083,18-29,101293383.3225157
S2,2083,30-65,345444005.5880505
S2,2083,66+,209017526.9470445
S2,2083,15-26,
S2,2083,27-45,
S2,2083,46-65,
S2,2084,00-04,
S2,2084,05-09,
S2,2084,10-14,
S2,2084,15-19,
S2,2084,20-24,
S2,2084,25-29,
S2,2084,30-34,
S2,2084,35-39,
S2,2084,40-44,
S2,2084,45-49,
S2,2084,50-54,
S2,2084,55-59,
S2,2084,60-64,
S2,2084,65-69,
S2,2084,70-74,
S2,2084,75+,
S2,2084,0-8,
S2,2084,9-14,
S2,2084,0-17,140799033.70931527
S2,2084,18-29,100676321.0751665
S2,2084,30-65,343439535.1621322
S2,2084,66+,209746447.86324292
S2,2084,15-26,
S2,2084,27-45,
S2,2084,46-65,
S2,2085,00-04,
S2,2085,05-09,
S2,2085,10-14,
S2,2085,15-19,
S2,2085,20-24,
S2,2085,25-29,
S2,2085,30-34,
S2,2085,35-39,
S2,2085,40-44,
S2,2085,45-49,
S2,2085,50-54,
S2,2085,55-59,
S2,2085,60-64,
S2,2085,65-69,
S2,2085,70-74,
S2,2085,75+,
S2,2085,0-8,
S2,2085,9-14,
S2,2085,0-17,139690151.66095585
S2,2085,18-29,100065651.85616563
S2,2085,30-65,341282557.9961729
S2,2085,66+,210527594.34695247
S2,2085,15-26,
S2,2085,27-45,
S2,2085,46-65,
S2,2086,00-04,
S2,2086,05-09,
S2,2086,10-14,
S2,2086,15-19,
S2,2086,20-24,
S2,2086,25-29,
S2,2086,30-34,
S2,2086,35-39,
S2,2086,40-44,
S2,2086,45-49,
S2,2086,50-54,
S2,2086,55-59,
S2,2086,60-64,
S2,2086,65-69,
S2,2086,70-74,
S2,2086,75+,
S2,2086,0-8,
S2,2086,9-14,
S2,2086,0-17,138599021.7215598
S2,2086,18-29,99427605.0983835
S2,2086,30-65,339253277.9108911
S2,2086,66+,211089147.7638617
S2,2086,15-26,
S2,2086,27-45,
S2,2086,46-65,
S2,2087,00-04,
S2,2087,05-09,
S2,2087,10-14,
S2,2087,15-19,
S2,2087,20-24,
S2,2087,25-29,
S2,2087,30-34,
S2,2087,35-39,
S2,2087,40-44,
S2,2087,45-49,
S2,2087,50-54,
S2,2087,55-59,
S2,2087,60-64,
S2,2087,65-69,
S2,2087,70-74,
S2,2087,75+,
S2,2087,0-8,
S2,2087,9-14,
S2,2087,0-17,137536261.85245395
S2,2087,18-29,98755209.32409124
S2,2087,30-65,337421971.04589814
S2,2087,66+,211386667.6300902
S2,2087,15-26,
S2,2087,27-45,
S2,2087,46-65,
S2,2088,00-04,
S2,2088,05-09,
S2,2088,10-14,
S2,2088,15-19,
S2,2088,20-24,
S2,2088,25-29,
S2,2088,30-34,
S2,2088,35-39,
S2,2088,40-44,
S2,2088,45-49,
S2,2088,50-54,
S2,2088,55-59,
S2,2088,60-64,
S2,2088,65-69,
S2,2088,70-74,
S2,2088,75+,
S2,2088,0-8,
S2,2088,9-14,
S2,2088,0-17,136512140.62344542
S2,2088,18-29,98061032.65610951
S2,2088,30-65,335598809.82969564
S2,2088,66+,211614648.8751305
S2,2088,15-26,
S2,2088,27-45,
S2,2088,46-65,
S2,2089,00-04,
S2,2089,05-09,
S2,2089,10-14,
S2,2089,15-19,
S2,2089,20-24,
S2,2089,25-29,
S2,2089,30-34,
S2,2089,35-39,
S2,2089,40-44,
S2,2089,45-49,
S2,2089,50-54,
S2,2089,55-59,
S2,2089,60-64,
S2,2089,65-69,
S2,2089,70-74,
S2,2089,75+,
S2,2089,0-8,
S2,2089,9-14,
S2,2089,0-17,135504860.81128645
S2,2089,18-29,97353394.17134833
S2,2089,30-65,333712411.86124337
S2,2089,66+,211823827.29222858
S2,2089,15-26,
S2,2089,27-45,
S2,2089,46-65,
S2,2090,00-04,
S2,2090,05-09,
S2,2090,10-14,
S2,2090,15-19,
S2,2090,20-24,
S2,2090,25-29,
S2,2090,30-34,
S2,2090,35-39,
S2,2090,40-44,
S2,2090,45-49,
S2,2090,50-54,
S2,2090,55-59,
S2,2090,60-64,
S2,2090,65-69,
S2,2090,70-74,
S2,2090,75+,
S2,2090,0-8,
S2,2090,9-14,
S2,2090,0-17,134514314.64407358
S2,2090,18-29,96638126.918541
S2,2090,30-65,331772673.4847179
S2,2090,66+,212017196.29345095
S2,2090,15-26,
S2,2090,27-45,
S2,2090,46-65,
S2,2091,00-04,
S2,2091,05-09,
S2,2091,10-14,
S2,2091,15-19,
S2,2091,20-24,
S2,2091,25-29,
S2,2091,30-34,
S2,2091,35-39,
S2,2091,40-44,
S2,2091,45-49,
S2,2091,50-54,
S2,2091,55-59,
S2,2091,60-64,
S2,2091,65-69,
S2,2091,70-74,
S2,2091,75+,
S2,2091,0-8,
S2,2091,9-14,
S2,2091,0-17,133547962.49333394
S2,2091,18-29,95894885.53239375
S2,2091,30-65,329775161.3821233
S2,2091,66+,212208468.66082162
S2,2091,15-26,
S2,2091,27-45,
S2,2091,46-65,
S2,2092,00-04,
S2,2092,05-09,
S2,2092,10-14,
S2,2092,15-19,
S2,2092,20-24,
S2,2092,25-29,
S2,2092,30-34,
S2,2092,35-39,
S2,2092,40-44,
S2,2092,45-49,
S2,2092,50-54,
S2,2092,55-59,
S2,2092,60-64,
S2,2092,65-69,
S2,2092,70-74,
S2,2092,75+,
S2,2092,0-8,
S2,2092,9-14,
S2,2092,0-17,132604483.74280722
S2,2092,18-29,95151773.01038699
S2,2092,30-65,327737358.58492094
S2,2092,66+,212378543.40007138
S2,2092,15-26,
S2,2092,27-45,
S2,2092,46-65,
S2,2093,00-04,
S2,2093,05-09,
S2,2093,10-14,
S2,2093,15-19,
S2,2093,20-24,
S2,2093,25-29,
S2,2093,30-34,
S2,2093,35-39,
S2,2093,40-44,
S2,2093,45-49,
S2,2093,50-54,
S2,2093,55-59,
S2,2093,60-64,
S2,2093,65-69,
S2,2093,70-74,
S2,2093,75+,
S2,2093,0-8,
S2,2093,9-14,
S2,2093,0-17,131681703.74735649
S2,2093,18-29,94398117.40422249
S2,2093,30-65,325673193.86255115
S2,2093,66+,212543649.83059427
S2,2093,15-26,
S2,2093,27-45,
S2,2093,46-65,
S2,2094,00-04,
S2,2094,05-09,
S2,2094,10-14,
S2,2094,15-19,
S2,2094,20-24,
S2,2094,25-29,
S2,2094,30-34,
S2,2094,35-39,
S2,2094,40-44,
S2,2094,45-49,
S2,2094,50-54,
S2,2094,55-59,
S2,2094,60-64,
S2,2094,65-69,
S2,2094,70-74,
S2,2094,75+,
S2,2094,0-8,
S2,2094,9-14,
S2,2094,0-17,130766704.0918234
S2,2094,18-29,93629344.32956216
S2,2094,30-65,323570248.3950773
S2,2094,66+,212695089.69717956
S2,2094,15-26,
S2,2094,27-45,
S2,2094,46-65,
S2,2095,00-04,
S2,2095,05-09,
S2,2095,10-14,
S2,2095,15-19,
S2,2095,20-24,
S2,2095,25-29,
S2,2095,30-34,
S2,2095,35-39,
S2,2095,40-44,
S2,2095,45-49,
S2,2095,50-54,
S2,2095,55-59,
S2,2095,60-64,
S2,2095,65-69,
S2,2095,70-74,
S2,2095,75+,
S2,2095,0-8,
S2,2095,9-14,
S2,2095,0-17,129862383.71015936
S2,2095,18-29,92856627.00194561
S2,2095,30-65,321451609.43719435
S2,2095,66+,212825798.87313166
S2,2095,15-26,
S2,2095,27-45,
S2,2095,46-65,
S2,2096,00-04,
S2,2096,05-09,
S2,2096,10-14,
S2,2096,15-19,
S2,2096,20-24,
S2,2096,25-29,
S2,2096,30-34,
S2,2096,35-39,
S2,2096,40-44,
S2,2096,45-49,
S2,2096,50-54,
S2,2096,55-59,
S2,2096,60-64,
S2,2096,65-69,
S2,2096,70-74,
S2,2096,75+,
S2,2096,0-8,
S2,2096,9-14,
S2,2096,0-17,128960550.01802196
S2,2096,18-29,92093953.34558494
S2,2096,30-65,319301432.4293549
S2,2096,66+,212948287.05501643
S2,2096,15-26,
S2,2096,27-45,
S2,2096,46-65,
S2,2097,00-04,
S2,2097,05-09,
S2,2097,10-14,
S2,2097,15-19,
S2,2097,20-24,
S2,2097,25-29,
S2,2097,30-34,
S2,2097,35-39,
S2,2097,40-44,
S2,2097,45-49,
S2,2097,50-54,
S2,2097,55-59,
S2,2097,60-64,
S2,2097,65-69,
S2,2097,70-74,
S2,2097,75+,
S2,2097,0-8,
S2,2097,9-14,
S2,2097,0-17,128081105.4874552
S2,2097,18-29,91326813.50229539
S2,2097,30-65,317122614.8341422
S2,2097,66+,213071854.99129134
S2,2097,15-26,
S2,2097,27-45,
S2,2097,46-65,
S2,2098,00-04,
S2,2098,05-09,
S2,2098,10-14,
S2,2098,15-19,
S2,2098,20-24,
S2,2098,25-29,
S2,2098,30-34,
S2,2098,35-39,
S2,2098,40-44,
S2,2098,45-49,
S2,2098,50-54,
S2,2098,55-59,
S2,2098,60-64,
S2,2098,65-69,
S2,2098,70-74,
S2,2098,75+,
S2,2098,0-8,
S2,2098,9-14,
S2,2098,0-17,127213349.76484346
S2,2098,18-29,90569686.45559128
S2,2098,30-65,314926015.25081146
S2,2098,66+,213173868.9029168
S2,2098,15-26,
S2,2098,27-45,
S2,2098,46-65,
S2,2099,00-04,
S2,2099,05-09,
S2,2099,10-14,
S2,2099,15-19,
S2,2099,20-24,
S2,2099,25-29,
S2,2099,30-34,
S2,2099,35-39,
S2,2099,40-44,
S2,2099,45-49,
S2,2099,50-54,
S2,2099,55-59,
S2,2099,60-64,
S2,2099,65-69,
S2,2099,70-74,
S2,2099,75+,
S2,2099,0-8,
S2,2099,9-14,
S2,2099,0-17,126334937.45823103
S2,2099,18-29,89827103.41759197
S2,2099,30-65,312721700.40583193
S2,2099,66+,213249143.8816463
S2,2099,15-26,
S2,2099,27-45,
S2,2099,46-65,
S2,2100,00-04,
S2,2100,05-09,
S2,2100,10-14,
S2,2100,15-19,
S2,2100,20-24,
S2,2100,25-29,
S2,2100,30-34,
S2,2100,35-39,
S2,2100,40-44,
S2,2100,45-49,
S2,2100,50-54,
S2,2100,55-59,
S2,2100,60-64,
S2,2100,65-69,
S2,2100,70-74,
S2,2100,75+,
S2,2100,0-8,
S2,2100,9-14,
S2,2100,0-17,125480449.53903475
S2,2100,18-29,89098168.98865877
S2,2100,30-65,310503755.4312306
S2,2100,66+,213304644.14437857
S2,2100,15-26,
S2,2100,27-45,
S2,2100,46-65,
S3,1950,00-04,
S3,1950,05-09,
S3,1950,10-14,
S3,1950,15-19,
S3,1950,20-24,
S3,1950,25-29,
S3,1950,30-34,
S3,1950,35-39,
S3,1950,40-44,
S3,1950,45-49,
S3,1950,50-54,
S3,1950,55-59,
S3,1950,60-64,
S3,1950,65-69,
S3,1950,70-74,
S3,1950,75+,
S3,1950,0-8,40530033.19281949
S3,1950,9-14,22415049.98796521
S3,1950,0-17,
S3,1950,18-29,
S3,1950,30-65,
S3,1950,66+,4741763.986534158
S3,1950,15-26,36571460.620600134
S3,1950,27-45,39187888.62474982
S3,1950,46-65,19922236.974274613
S3,1951,00-04,
S3,1951,05-09,
S3,1951,10-14,
S3,1951,15-19,
S3,1951,20-24,
S3,1951,25-29,
S3,1951,30-34,
S3,1951,35-39,
S3,1951,40-44,
S3,1951,45-49,
S3,1951,50-54,
S3,1951,55-59,
S3,1951,60-64,
S3,1951,65-69,
S3,1951,70-74,
S3,1951,75+,
S3,1951,0-8,41833846.56787184
S3,1951,9-14,22583965.315657634
S3,1951,0-17,
S3,1951,18-29,
S3,1951,30-65,
S3,1951,66+,4796056.589721866
S3,1951,15-26,37235819.127626926
S3,1951,27-45,39897857.53907954
S3,1951,46-65,20445845.331569735
S3,1952,00-04,
S3,1952,05-09,
S3,1952,10-14,
S3,1952,15-19,
S3,1952,20-24,
S3,1952,25-29,
S3,1952,30-34,
S3,1952,35-39,
S3,1952,40-44,
S3,1952,45-49,
S3,1952,50-54,
S3,1952,55-59,
S3,1952,60-64,
S3,1952,65-69,
S3,1952,70-74,
S3,1952,75+,
S3,1952,0-8,43251033.71012606
S3,1952,9-14,22712383.326373808
S3,1952,0-17,
S3,1952,18-29,
S3,1952,30-65,
S3,1952,66+,4899621.532112408
S3,1952,15-26,37953295.460220926
S3,1952,27-45,40610956.10331289
S3,1952,46-65,20980051.724182423
S3,1953,00-04,
S3,1953,05-09,
S3,1953,10-14,
S3,1953,15-19,
S3,1953,20-24,
S3,1953,25-29,
S3,1953,30-34,
S3,1953,35-39,
S3,1953,40-44,
S3,1953,45-49,
S3,1953,50-54,
S3,1953,55-59,
S3,1953,60-64,
S3,1953,65-69,
S3,1953,70-74,
S3,1953,75+,
S3,1953,0-8,44794454.739925615
S3,1953,9-14,22829991.944080077
S3,1953,0-17,
S3,1953,18-29,
S3,1953,30-65,
S3,1953,66+,5072102.7663352275
S3,1953,15-26,38692753.90379757
S3,1953,27-45,41303308.74119674
S3,1953,46-65,21513879.053098332
S3,1954,00-04,
S3,1954,05-09,
S3,1954,10-14,
S3,1954,15-19,
S3,1954,20-24,
S3,1954,25-29,
S3,1954,30-34,
S3,1954,35-39,
S3,1954,40-44,
S3,1954,45-49,
S3,1954,50-54,
S3,1954,55-59,
S3,1954,60-64,
S3,1954,65-69,
S3,1954,70-74,
S3,1954,75+,
S3,1954,0-8,46428231.042304024
S3,1954,9-14,22992665.625388395
S3,1954,0-17,
S3,1954,18-29,
S3,1954,30-65,
S3,1954,66+,5297630.357239522
S3,1954,15-26,39375188.30871626
S3,1954,27-45,41933730.46192295
S3,1954,46-65,22043027.390551876
S3,1955,00-04,
S3,1955,05-09,
S3,1955,10-14,
S3,1955,15-19,
S3,1955,20-24,
S3,1955,25-29,
S3,1955,30-34,
S3,1955,35-39,
S3,1955,40-44,
S3,1955,45-49,
S3,1955,50-54,
S3,1955,55-59,
S3,1955,60-64,
S3,1955,65-69,
S3,1955,70-74,
S3,1955,75+,
S3,1955,0-8,48170025.0090728
S3,1955,9-14,23280936.385518543
S3,1955,0-17,
S3,1955,18-29,
S3,1955,30-65,
S3,1955,66+,5533735.626866113
S3,1955,15-26,40017757.89623173
S3,1955,27-45,42606222.208607435
S3,1955,46-65,22609079.3851185
S3,1956,00-04,
S3,1956,05-09,
S3,1956,10-14,
S3,1956,15-19,
S3,1956,20-24,
S3,1956,25-29,
S3,1956,30-34,
S3,1956,35-39,
S3,1956,40-44,
S3,1956,45-49,
S3,1956,50-54,
S3,1956,55-59,
S3,1956,60-64,
S3,1956,65-69,
S3,1956,70-74,
S3,1956,75+,
S3,1956,0-8,49948591.405608214
S3,1956,9-14,23672678.191908803
S3,1956,0-17,
S3,1956,18-29,
S3,1956,30-65,
S3,1956,66+,5723259.867223198
S3,1956,15-26,40594463.02810721
S3,1956,27-45,43316601.55949273
S3,1956,46-65,23220482.190251015
S3,1957,00-04,
S3,1957,05-09,
S3,1957,10-14,
S3,1957,15-19,
S3,1957,20-24,
S3,1957,25-29,
S3,1957,30-34,
S3,1957,35-39,
S3,1957,40-44,
S3,1957,45-49,
S3,1957,50-54,
S3,1957,55-59,
S3,1957,60-64,
S3,1957,65-69,
S3,1957,70-74,
S3,1957,75+,
S3,1957,0-8,51779841.073731236
S3,1957,9-14,24128562.19950218
S3,1957,0-17,
S3,1957,18-29,
S3,1957,30-65,
S3,1957,66+,5889971.207402353
S3,1957,15-26,41136597.27715169
S3,1957,27-45,44081516.71569051
S3,1957,46-65,23863198.681988336
S3,1958,00-04,
S3,1958,05-09,
S3,1958,10-14,
S3,1958,15-19,
S3,1958,20-24,
S3,1958,25-29,
S3,1958,30-34,
S3,1958,35-39,
S3,1958,40-44,
S3,1958,45-49,
S3,1958,50-54,
S3,1958,55-59,
S3,1958,60-64,
S3,1958,65-69,
S3,1958,70-74,
S3,1958,75+,
S3,1958,0-8,53675373.875875
S3,1958,9-14,24585317.538548175
S3,1958,0-17,
S3,1958,18-29,
S3,1958,30-65,
S3,1958,66+,6018813.350030611
S3,1958,15-26,41569583.329961
S3,1958,27-45,44807435.5187187
S3,1958,46-65,24526650.84103554
S3,1959,00-04,
S3,1959,05-09,
S3,1959,10-14,
S3,1959,15-19,
S3,1959,20-24,
S3,1959,25-29,
S3,1959,30-34,
S3,1959,35-39,
S3,1959,40-44,
S3,1959,45-49,
S3,1959,50-54,
S3,1959,55-59,
S3,1959,60-64,
S3,1959,65-69,
S3,1959,70-74,
S3,1959,75+,
S3,1959,0-8,55144579.12843328
S3,1959,9-14,25542872.70224892
S3,1959,0-17,
S3,1959,18-29,
S3,1959,30-65,
S3,1959,66+,6115655.17667264
S3,1959,15-26,42096735.88599026
S3,1959,27-45,45671004.11363316
S3,1959,46-65,25241940.874696583
S3,1960,00-04,
S3,1960,05-09,
S3,1960,10-14,
S3,1960,15-19,
S3,1960,20-24,
S3,1960,25-29,
S3,1960,30-34,
S3,1960,35-39,
S3,1960,40-44,
S3,1960,45-49,
S3,1960,50-54,
S3,1960,55-59,
S3,1960,60-64,
S3,1960,65-69,
S3,1960,70-74,
S3,1960,75+,
S3,1960,0-8,56546890.32316986
S3,1960,9-14,26609583.50905968
S3,1960,0-17,
S3,1960,18-29,
S3,1960,30-65,
S3,1960,66+,6225144.252518066
S3,1960,15-26,42613371.232304424
S3,1960,27-45,46548586.38958346
S3,1960,46-65,25951636.927349057
S3,1961,00-04,
S3,1961,05-09,
S3,1961,10-14,
S3,1961,15-19,
S3,1961,20-24,
S3,1961,25-29,
S3,1961,30-34,
S3,1961,35-39,
S3,1961,40-44,
S3,1961,45-49,
S3,1961,50-54,
S3,1961,55-59,
S3,1961,60-64,
S3,1961,65-69,
S3,1961,70-74,
S3,1961,75+,
S3,1961,0-8,57951332.388113126
S3,1961,9-14,27752940.7804573
S3,1961,0-17,
S3,1961,18-29,
S3,1961,30-65,
S3,1961,66+,6395422.381117853
S3,1961,15-26,43167131.733571485
S3,1961,27-45,47452341.99280191
S3,1961,46-65,26620049.57177122
S3,1962,00-04,
S3,1962,05-09,
S3,1962,10-14,
S3,1962,15-19,
S3,1962,20-24,
S3,1962,25-29,
S3,1962,30-34,
S3,1962,35-39,
S3,1962,40-44,
S3,1962,45-49,
S3,1962,50-54,
S3,1962,55-59,
S3,1962,60-64,
S3,1962,65-69,
S3,1962,70-74,
S3,1962,75+,
S3,1962,0-8,59312318.40841295
S3,1962,9-14,28983227.044658285
S3,1962,0-17,
S3,1962,18-29,
S3,1962,30-65,
S3,1962,66+,6601741.304261094
S3,1962,15-26,43784420.26182366
S3,1962,27-45,48396173.56400252
S3,1962,46-65,27268147.29445576
S3,1963,00-04,
S3,1963,05-09,
S3,1963,10-14,
S3,1963,15-19,
S3,1963,20-24,
S3,1963,25-29,
S3,1963,30-34,
S3,1963,35-39,
S3,1963,40-44,
S3,1963,45-49,
S3,1963,50-54,
S3,1963,55-59,
S3,1963,60-64,
S3,1963,65-69,
S3,1963,70-74,
S3,1963,75+,
S3,1963,0-8,60622289.468007796
S3,1963,9-14,30315439.722043976
S3,1963,0-17,
S3,1963,18-29,
S3,1963,30-65,
S3,1963,66+,6860615.183969463
S3,1963,15-26,44386343.39368855
S3,1963,27-45,49308428.48912969
S3,1963,46-65,27869747.323188655
S3,1964,00-04,
S3,1964,05-09,
S3,1964,10-14,
S3,1964,15-19,
S3,1964,20-24,
S3,1964,25-29,
S3,1964,30-34,
S3,1964,35-39,
S3,1964,40-44,
S3,1964,45-49,
S3,1964,50-54,
S3,1964,55-59,
S3,1964,60-64,
S3,1964,65-69,
S3,1964,70-74,
S3,1964,75+,
S3,1964,0-8,61895252.943728104
S3,1964,9-14,31787790.270623617
S3,1964,0-17,
S3,1964,18-29,
S3,1964,30-65,
S3,1964,66+,7160133.192503007
S3,1964,15-26,44968832.92259777
S3,1964,27-45,50283307.10323689
S3,1964,46-65,28447845.353893902
S3,1965,00-04,
S3,1965,05-09,
S3,1965,10-14,
S3,1965,15-19,
S3,1965,20-24,
S3,1965,25-29,
S3,1965,30-34,
S3,1965,35-39,
S3,1965,40-44,
S3,1965,45-49,
S3,1965,50-54,
S3,1965,55-59,
S3,1965,60-64,
S3,1965,65-69,
S3,1965,70-74,
S3,1965,75+,
S3,1965,0-8,63163959.42234136
S3,1965,9-14,32870422.0102865
S3,1965,0-17,
S3,1965,18-29,
S3,1965,30-65,
S3,1965,66+,7461345.4180091685
S3,1965,15-26,45993020.51384523
S3,1965,27-45,51281312.8798717
S3,1965,46-65,29028575.778132502
S3,1966,00-04,
S3,1966,05-09,
S3,1966,10-14,
S3,1966,15-19,
S3,1966,20-24,
S3,1966,25-29,
S3,1966,30-34,
S3,1966,35-39,
S3,1966,40-44,
S3,1966,45-49,
S3,1966,50-54,
S3,1966,55-59,
S3,1966,60-64,
S3,1966,65-69,
S3,1966,70-74,
S3,1966,75+,
S3,1966,0-8,64226910.508981645
S3,1966,9-14,33894007.1914827
S3,1966,0-17,
S3,1966,18-29,
S3,1966,30-65,
S3,1966,66+,7706215.952849089
S3,1966,15-26,47143984.744305424
S3,1966,27-45,52260547.24648418
S3,1966,46-65,29622261.100256056
S3,1967,00-04,
S3,1967,05-09,
S3,1967,10-14,
S3,1967,15-19,
S3,1967,20-24,
S3,1967,25-29,
S3,1967,30-34,
S3,1967,35-39,
S3,1967,40-44,
S3,1967,45-49,
S3,1967,50-54,
S3,1967,55-59,
S3,1967,60-64,
S3,1967,65-69,
S3,1967,70-74,
S3,1967,75+,
S3,1967,0-8,65237247.20840853
S3,1967,9-14,34884959.89056399
S3,1967,0-17,
S3,1967,18-29,
S3,1967,30-65,
S3,1967,66+,7928913.836783634
S3,1967,15-26,48434681.86741818
S3,1967,27-45,53156228.6634365
S3,1967,46-65,30236690.368350204
S3,1968,00-04,
S3,1968,05-09,
S3,1968,10-14,
S3,1968,15-19,
S3,1968,20-24,
S3,1968,25-29,
S3,1968,30-34,
S3,1968,35-39,
S3,1968,40-44,
S3,1968,45-49,
S3,1968,50-54,
S3,1968,55-59,
S3,1968,60-64,
S3,1968,65-69,
S3,1968,70-74,
S3,1968,75+,
S3,1968,0-8,66257971.26862086
S3,1968,9-14,35813390.6586261
S3,1968,0-17,
S3,1968,18-29,
S3,1968,30-65,
S3,1968,66+,8118587.021930944
S3,1968,15-26,49968201.706639
S3,1968,27-45,54098785.48503622
S3,1968,46-65,30903925.84088143
S3,1969,00-04,
S3,1969,05-09,
S3,1969,10-14,
S3,1969,15-19,
S3,1969,20-24,
S3,1969,25-29,
S3,1969,30-34,
S3,1969,35-39,
S3,1969,40-44,
S3,1969,45-49,
S3,1969,50-54,
S3,1969,55-59,
S3,1969,60-64,
S3,1969,65-69,
S3,1969,70-74,
S3,1969,75+,
S3,1969,0-8,67402959.14593206
S3,1969,9-14,36689668.45864874
S3,1969,0-17,
S3,1969,18-29,
S3,1969,30-65,
S3,1969,66+,8305689.264481357
S3,1969,15-26,51536883.65866201
S3,1969,27-45,54933567.01886926
S3,1969,46-65,31600184.93202436
S3,1970,00-04,
S3,1970,05-09,
S3,1970,10-14,
S3,1970,15-19,
S3,1970,20-24,
S3,1970,25-29,
S3,1970,30-34,
S3,1970,35-39,
S3,1970,40-44,
S3,1970,45-49,
S3,1970,50-54,
S3,1970,55-59,
S3,1970,60-64,
S3,1970,65-69,
S3,1970,70-74,
S3,1970,75+,
S3,1970,0-8,68479210.54742105
S3,1970,9-14,37556847.653211296
S3,1970,0-17,
S3,1970,18-29,
S3,1970,30-65,
S3,1970,66+,8493095.71771185
S3,1970,15-26,53270088.81755869
S3,1970,27-45,55792184.10359817
S3,1970,46-65,32306869.377239034
S3,1971,00-04,
S3,1971,05-09,
S3,1971,10-14,
S3,1971,15-19,
S3,1971,20-24,
S3,1971,25-29,
S3,1971,30-34,
S3,1971,35-39,
S3,1971,40-44,
S3,1971,45-49,
S3,1971,50-54,
S3,1971,55-59,
S3,1971,60-64,
S3,1971,65-69,
S3,1971,70-74,
S3,1971,75+,
S3,1971,0-8,69570356.35086168
S3,1971,9-14,38444916.239844844
S3,1971,0-17,
S3,1971,18-29,
S3,1971,30-65,
S3,1971,66+,8716848.587592365
S3,1971,15-26,55236092.05665179
S3,1971,27-45,56819289.7765248
S3,1971,46-65,33024975.429144066
S3,1972,00-04,
S3,1972,05-09,
S3,1972,10-14,
S3,1972,15-19,
S3,1972,20-24,
S3,1972,25-29,
S3,1972,30-34,
S3,1972,35-39,
S3,1972,40-44,
S3,1972,45-49,
S3,1972,50-54,
S3,1972,55-59,
S3,1972,60-64,
S3,1972,65-69,
S3,1972,70-74,
S3,1972,75+,
S3,1972,0-8,70667791.82541718
S3,1972,9-14,39337000.36148898
S3,1972,0-17,
S3,1972,18-29,
S3,1972,30-65,
S3,1972,66+,8960493.473960565
S3,1972,15-26,57091225.656927995
S3,1972,27-45,57724819.004971445
S3,1972,46-65,33710766.583698995
S3,1973,00-04,
S3,1973,05-09,
S3,1973,10-14,
S3,1973,15-19,
S3,1973,20-24,
S3,1973,25-29,
S3,1973,30-34,
S3,1973,35-39,
S3,1973,40-44,
S3,1973,45-49,
S3,1973,50-54,
S3,1973,55-59,
S3,1973,60-64,
S3,1973,65-69,
S3,1973,70-74,
S3,1973,75+,
S3,1973,0-8,71784824.2883619
S3,1973,9-14,40247059.76838815
S3,1973,0-17,
S3,1973,18-29,
S3,1973,30-65,
S3,1973,66+,9237399.712706903
S3,1973,15-26,59110016.791742586
S3,1973,27-45,58806322.1126455
S3,1973,46-65,34408347.063823625
S3,1974,00-04,
S3,1974,05-09,
S3,1974,10-14,
S3,1974,15-19,
S3,1974,20-24,
S3,1974,25-29,
S3,1974,30-34,
S3,1974,35-39,
S3,1974,40-44,
S3,1974,45-49,
S3,1974,50-54,
S3,1974,55-59,
S3,1974,60-64,
S3,1974,65-69,
S3,1974,70-74,
S3,1974,75+,
S3,1974,0-8,72943494.59339821
S3,1974,9-14,41178256.77325612
S3,1974,0-17,
S3,1974,18-29,
S3,1974,30-65,
S3,1974,66+,9544395.647731492
S3,1974,15-26,61090925.4398472
S3,1974,27-45,59909681.22553774
S3,1974,46-65,35098081.68930037
S3,1975,00-04,
S3,1975,05-09,
S3,1975,10-14,
S3,1975,15-19,
S3,1975,20-24,
S3,1975,25-29,
S3,1975,30-34,
S3,1975,35-39,
S3,1975,40-44,
S3,1975,45-49,
S3,1975,50-54,
S3,1975,55-59,
S3,1975,60-64,
S3,1975,65-69,
S3,1975,70-74,
S3,1975,75+,
S3,1975,0-8,74191331.50621073
S3,1975,9-14,42096689.57983861
S3,1975,0-17,
S3,1975,18-29,
S3,1975,30-65,
S3,1975,66+,9870787.664503783
S3,1975,15-26,63215335.53293456
S3,1975,27-45,61155708.35480564
S3,1975,46-65,35837685.360410966
S3,1976,00-04,
S3,1976,05-09,
S3,1976,10-14,
S3,1976,15-19,
S3,1976,20-24,
S3,1976,25-29,
S3,1976,30-34,
S3,1976,35-39,
S3,1976,40-44,
S3,1976,45-49,
S3,1976,50-54,
S3,1976,55-59,
S3,1976,60-64,
S3,1976,65-69,
S3,1976,70-74,
S3,1976,75+,
S3,1976,0-8,75387041.49737372
S3,1976,9-14,42991294.62211198
S3,1976,0-17,
S3,1976,18-29,
S3,1976,30-65,
S3,1976,66+,10193515.721897515
S3,1976,15-26,65452645.50917768
S3,1976,27-45,62414696.30816454
S3,1976,46-65,36635199.28888941
S3,1977,00-04,
S3,1977,05-09,
S3,1977,10-14,
S3,1977,15-19,
S3,1977,20-24,
S3,1977,25-29,
S3,1977,30-34,
S3,1977,35-39,
S3,1977,40-44,
S3,1977,45-49,
S3,1977,50-54,
S3,1977,55-59,
S3,1977,60-64,
S3,1977,65-69,
S3,1977,70-74,
S3,1977,75+,
S3,1977,0-8,76640198.83404544
S3,1977,9-14,43901020.823540725
S3,1977,0-17,
S3,1977,18-29,
S3,1977,30-65,
S3,1977,66+,10517793.927444072
S3,1977,15-26,67278045.44196366
S3,1977,27-45,64135239.634268865
S3,1977,46-65,37479378.16450885
S3,1978,00-04,
S3,1978,05-09,
S3,1978,10-14,
S3,1978,15-19,
S3,1978,20-24,
S3,1978,25-29,
S3,1978,30-34,
S3,1978,35-39,
S3,1978,40-44,
S3,1978,45-49,
S3,1978,50-54,
S3,1978,55-59,
S3,1978,60-64,
S3,1978,65-69,
S3,1978,70-74,
S3,1978,75+,
S3,1978,0-8,77812080.5363688
S3,1978,9-14,44832448.09550337
S3,1978,0-17,
S3,1978,18-29,
S3,1978,30-65,
S3,1978,66+,10840286.796251208
S3,1978,15-26,69097954.5694372
S3,1978,27-45,66039666.65839677
S3,1978,46-65,38382215.77957956
S3,1979,00-04,
S3,1979,05-09,
S3,1979,10-14,
S3,1979,15-19,
S3,1979,20-24,
S3,1979,25-29,
S3,1979,30-34,
S3,1979,35-39,
S3,1979,40-44,
S3,1979,45-49,
S3,1979,50-54,
S3,1979,55-59,
S3,1979,60-64,
S3,1979,65-69,
S3,1979,70-74,
S3,1979,75+,
S3,1979,0-8,79011789.18348174
S3,1979,9-14,45735271.896771565
S3,1979,0-17,
S3,1979,18-29,
S3,1979,30-65,
S3,1979,66+,11156365.207122192
S3,1979,15-26,70767019.40422137
S3,1979,27-45,67963401.99125002
S3,1979,46-65,39314877.895990774
S3,1980,00-04,
S3,1980,05-09,
S3,1980,10-14,
S3,1980,15-19,
S3,1980,20-24,
S3,1980,25-29,
S3,1980,30-34,
S3,1980,35-39,
S3,1980,40-44,
S3,1980,45-49,
S3,1980,50-54,
S3,1980,55-59,
S3,1980,60-64,
S3,1980,65-69,
S3,1980,70-74,
S3,1980,75+,
S3,1980,0-8,80329916.48729348
S3,1980,9-14,46675353.468814105
S3,1980,0-17,
S3,1980,18-29,
S3,1980,30-65,
S3,1980,66+,11473388.678829227
S3,1980,15-26,72521601.13225505
S3,1980,27-45,70149267.86906555
S3,1980,46-65,40316338.21343842
S3,1981,00-04,
S3,1981,05-09,
S3,1981,10-14,
S3,1981,15-19,
S3,1981,20-24,
S3,1981,25-29,
S3,1981,30-34,
S3,1981,35-39,
S3,1981,40-44,
S3,1981,45-49,
S3,1981,50-54,
S3,1981,55-59,
S3,1981,60-64,
S3,1981,65-69,
S3,1981,70-74,
S3,1981,75+,
S3,1981,0-8,81715718.21010774
S3,1981,9-14,47723353.360804744
S3,1981,0-17,
S3,1981,18-29,
S3,1981,30-65,
S3,1981,66+,11795016.912026923
S3,1981,15-26,74116517.54855378
S3,1981,27-45,72405311.18273321
S3,1981,46-65,41332788.01311259
S3,1982,00-04,
S3,1982,05-09,
S3,1982,10-14,
S3,1982,15-19,
S3,1982,20-24,
S3,1982,25-29,
S3,1982,30-34,
S3,1982,35-39,
S3,1982,40-44,
S3,1982,45-49,
S3,1982,50-54,
S3,1982,55-59,
S3,1982,60-64,
S3,1982,65-69,
S3,1982,70-74,
S3,1982,75+,
S3,1982,0-8,83139838.83000273
S3,1982,9-14,48805262.90943866
S3,1982,0-17,
S3,1982,18-29,
S3,1982,30-65,
S3,1982,66+,12119154.028954204
S3,1982,15-26,75643019.80389543
S3,1982,27-45,74780016.84707783
S3,1982,46-65,42362301.50032544
S3,1983,00-04,
S3,1983,05-09,
S3,1983,10-14,
S3,1983,15-19,
S3,1983,20-24,
S3,1983,25-29,
S3,1983,30-34,
S3,1983,35-39,
S3,1983,40-44,
S3,1983,45-49,
S3,1983,50-54,
S3,1983,55-59,
S3,1983,60-64,
S3,1983,65-69,
S3,1983,70-74,
S3,1983,75+,
S3,1983,0-8,84553893.54757859
S3,1983,9-14,49934430.58262238
S3,1983,0-17,
S3,1983,18-29,
S3,1983,30-65,
S3,1983,66+,12449232.730846686
S3,1983,15-26,77186800.94750541
S3,1983,27-45,77224210.27883975
S3,1983,46-65,43440102.8771662
S3,1984,00-04,
S3,1984,05-09,
S3,1984,10-14,
S3,1984,15-19,
S3,1984,20-24,
S3,1984,25-29,
S3,1984,30-34,
S3,1984,35-39,
S3,1984,40-44,
S3,1984,45-49,
S3,1984,50-54,
S3,1984,55-59,
S3,1984,60-64,
S3,1984,65-69,
S3,1984,70-74,
S3,1984,75+,
S3,1984,0-8,86020092.66422766
S3,1984,9-14,51078217.725087315
S3,1984,0-17,
S3,1984,18-29,
S3,1984,30-65,
S3,1984,66+,12788677.085031867
S3,1984,15-26,78783327.17737293
S3,1984,27-45,79757671.3779787
S3,1984,46-65,44561050.4618428
S3,1985,00-04,
S3,1985,05-09,
S3,1985,10-14,
S3,1985,15-19,
S3,1985,20-24,
S3,1985,25-29,
S3,1985,30-34,
S3,1985,35-39,
S3,1985,40-44,
S3,1985,45-49,
S3,1985,50-54,
S3,1985,55-59,
S3,1985,60-64,
S3,1985,65-69,
S3,1985,70-74,
S3,1985,75+,
S3,1985,0-8,87640219.11964083
S3,1985,9-14,52202035.03656713
S3,1985,0-17,
S3,1985,18-29,
S3,1985,30-65,
S3,1985,66+,13137420.353055844
S3,1985,15-26,80346901.48458295
S3,1985,27-45,82370157.50165278
S3,1985,46-65,45680503.22272031
S3,1986,00-04,
S3,1986,05-09,
S3,1986,10-14,
S3,1986,15-19,
S3,1986,20-24,
S3,1986,25-29,
S3,1986,30-34,
S3,1986,35-39,
S3,1986,40-44,
S3,1986,45-49,
S3,1986,50-54,
S3,1986,55-59,
S3,1986,60-64,
S3,1986,65-69,
S3,1986,70-74,
S3,1986,75+,
S3,1986,0-8,89214652.85328902
S3,1986,9-14,53394992.25449392
S3,1986,0-17,
S3,1986,18-29,
S3,1986,30-65,
S3,1986,66+,13494059.068997998
S3,1986,15-26,81942911.39629395
S3,1986,27-45,85089069.34098764
S3,1986,46-65,46751900.2131361
S3,1987,00-04,
S3,1987,05-09,
S3,1987,10-14,
S3,1987,15-19,
S3,1987,20-24,
S3,1987,25-29,
S3,1987,30-34,
S3,1987,35-39,
S3,1987,40-44,
S3,1987,45-49,
S3,1987,50-54,
S3,1987,55-59,
S3,1987,60-64,
S3,1987,65-69,
S3,1987,70-74,
S3,1987,75+,
S3,1987,0-8,90959865.50503875
S3,1987,9-14,54474179.17023593
S3,1987,0-17,
S3,1987,18-29,
S3,1987,30-65,
S3,1987,66+,13863672.097654272
S3,1987,15-26,83608027.23689629
S3,1987,27-45,87890158.44299886
S3,1987,46-65,47789145.32118788
S3,1988,00-04,
S3,1988,05-09,
S3,1988,10-14,
S3,1988,15-19,
S3,1988,20-24,
S3,1988,25-29,
S3,1988,30-34,
S3,1988,35-39,
S3,1988,40-44,
S3,1988,45-49,
S3,1988,50-54,
S3,1988,55-59,
S3,1988,60-64,
S3,1988,65-69,
S3,1988,70-74,
S3,1988,75+,
S3,1988,0-8,92616078.99253356
S3,1988,9-14,55538278.36604464
S3,1988,0-17,
S3,1988,18-29,
S3,1988,30-65,
S3,1988,66+,14246661.765138516
S3,1988,15-26,85292356.02702287
S3,1988,27-45,90807822.21922098
S3,1988,46-65,48809444.39096438
S3,1989,00-04,
S3,1989,05-09,
S3,1989,10-14,
S3,1989,15-19,
S3,1989,20-24,
S3,1989,25-29,
S3,1989,30-34,
S3,1989,35-39,
S3,1989,40-44,
S3,1989,45-49,
S3,1989,50-54,
S3,1989,55-59,
S3,1989,60-64,
S3,1989,65-69,
S3,1989,70-74,
S3,1989,75+,
S3,1989,0-8,94197587.36823294
S3,1989,9-14,56626797.821727425
S3,1989,0-17,
S3,1989,18-29,
S3,1989,30-65,
S3,1989,66+,14645196.82197863
S3,1989,15-26,87047462.36919376
S3,1989,27-45,93816932.2914031
S3,1989,46-65,49830506.187812135
S3,1990,00-04,
S3,1990,05-09,
S3,1990,10-14,
S3,1990,15-19,
S3,1990,20-24,
S3,1990,25-29,
S3,1990,30-34,
S3,1990,35-39,
S3,1990,40-44,
S3,1990,45-49,
S3,1990,50-54,
S3,1990,55-59,
S3,1990,60-64,
S3,1990,65-69,
S3,1990,70-74,
S3,1990,75+,
S3,1990,0-8,95634290.33219247
S3,1990,9-14,57815898.25992605
S3,1990,0-17,
S3,1990,18-29,
S3,1990,30-65,
S3,1990,66+,15061996.733804775
S3,1990,15-26,88850660.39803463
S3,1990,27-45,96917625.52435836
S3,1990,46-65,50872157.58492598
S3,1991,00-04,
S3,1991,05-09,
S3,1991,10-14,
S3,1991,15-19,
S3,1991,20-24,
S3,1991,25-29,
S3,1991,30-34,
S3,1991,35-39,
S3,1991,40-44,
S3,1991,45-49,
S3,1991,50-54,
S3,1991,55-59,
S3,1991,60-64,
S3,1991,65-69,
S3,1991,70-74,
S3,1991,75+,
S3,1991,0-8,96944600.6709309
S3,1991,9-14,59093546.38504858
S3,1991,0-17,
S3,1991,18-29,
S3,1991,30-65,
S3,1991,66+,15501769.778569974
S3,1991,15-26,90654188.49695997
S3,1991,27-45,100073263.26651156
S3,1991,46-65,51947343.23910517
S3,1992,00-04,
S3,1992,05-09,
S3,1992,10-14,
S3,1992,15-19,
S3,1992,20-24,
S3,1992,25-29,
S3,1992,30-34,
S3,1992,35-39,
S3,1992,40-44,
S3,1992,45-49,
S3,1992,50-54,
S3,1992,55-59,
S3,1992,60-64,
S3,1992,65-69,
S3,1992,70-74,
S3,1992,75+,
S3,1992,0-8,98326222.98865962
S3,1992,9-14,60632837.17919193
S3,1992,0-17,
S3,1992,18-29,
S3,1992,30-65,
S3,1992,66+,16159441.805058453
S3,1992,15-26,92134620.73399803
S3,1992,27-45,103115146.27848276
S3,1992,46-65,52818384.80416946
S3,1993,00-04,
S3,1993,05-09,
S3,1993,10-14,
S3,1993,15-19,
S3,1993,20-24,
S3,1993,25-29,
S3,1993,30-34,
S3,1993,35-39,
S3,1993,40-44,
S3,1993,45-49,
S3,1993,50-54,
S3,1993,55-59,
S3,1993,60-64,
S3,1993,65-69,
S3,1993,70-74,
S3,1993,75+,
S3,1993,0-8,99512437.67840675
S3,1993,9-14,62292655.94357717
S3,1993,0-17,
S3,1993,18-29,
S3,1993,30-65,
S3,1993,66+,16842948.331982847
S3,1993,15-26,93681666.04432325
S3,1993,27-45,106181969.89371252
S3,1993,46-65,53762988.666926585
S3,1994,00-04,
S3,1994,05-09,
S3,1994,10-14,
S3,1994,15-19,
S3,1994,20-24,
S3,1994,25-29,
S3,1994,30-34,
S3,1994,35-39,
S3,1994,40-44,
S3,1994,45-49,
S3,1994,50-54,
S3,1994,55-59,
S3,1994,60-64,
S3,1994,65-69,
S3,1994,70-74,
S3,1994,75+,
S3,1994,0-8,100458214.28374533
S3,1994,9-14,64024804.22287916
S3,1994,0-17,
S3,1994,18-29,
S3,1994,30-65,
S3,1994,66+,17549135.17202069
S3,1994,15-26,95269718.25205654
S3,1994,27-45,109274561.98427004
S3,1994,46-65,54751533.85488858
S3,1995,00-04,
S3,1995,05-09,
S3,1995,10-14,
S3,1995,15-19,
S3,1995,20-24,
S3,1995,25-29,
S3,1995,30-34,
S3,1995,35-39,
S3,1995,40-44,
S3,1995,45-49,
S3,1995,50-54,
S3,1995,55-59,
S3,1995,60-64,
S3,1995,65-69,
S3,1995,70-74,
S3,1995,75+,
S3,1995,0-8,101293583.93993486
S3,1995,9-14,65658409.155273594
S3,1995,0-17,
S3,1995,18-29,
S3,1995,30-65,
S3,1995,66+,18279673.183271423
S3,1995,15-26,96873717.97834507
S3,1995,27-45,112399489.18189494
S3,1995,46-65,55735489.86563769
S3,1996,00-04,
S3,1996,05-09,
S3,1996,10-14,
S3,1996,15-19,
S3,1996,20-24,
S3,1996,25-29,
S3,1996,30-34,
S3,1996,35-39,
S3,1996,40-44,
S3,1996,45-49,
S3,1996,50-54,
S3,1996,55-59,
S3,1996,60-64,
S3,1996,65-69,
S3,1996,70-74,
S3,1996,75+,
S3,1996,0-8,101923018.36624818
S3,1996,9-14,67246433.95697436
S3,1996,0-17,
S3,1996,18-29,
S3,1996,30-65,
S3,1996,66+,19039846.55907327
S3,1996,15-26,98680692.76277828
S3,1996,27-45,115264944.7575649
S3,1996,46-65,57163478.67320975
S3,1997,00-04,
S3,1997,05-09,
S3,1997,10-14,
S3,1997,15-19,
S3,1997,20-24,
S3,1997,25-29,
S3,1997,30-34,
S3,1997,35-39,
S3,1997,40-44,
S3,1997,45-49,
S3,1997,50-54,
S3,1997,55-59,
S3,1997,60-64,
S3,1997,65-69,
S3,1997,70-74,
S3,1997,75+,
S3,1997,0-8,102551000.3392321
S3,1997,9-14,68650514.60382807
S3,1997,0-17,
S3,1997,18-29,
S3,1997,30-65,
S3,1997,66+,19823877.195134155
S3,1997,15-26,100620260.74985336
S3,1997,27-45,118069592.24213159
S3,1997,46-65,58711669.317640714
S3,1998,00-04,
S3,1998,05-09,
S3,1998,10-14,
S3,1998,15-19,
S3,1998,20-24,
S3,1998,25-29,
S3,1998,30-34,
S3,1998,35-39,
S3,1998,40-44,
S3,1998,45-49,
S3,1998,50-54,
S3,1998,55-59,
S3,1998,60-64,
S3,1998,65-69,
S3,1998,70-74,
S3,1998,75+,
S3,1998,0-8,103094339.34699364
S3,1998,9-14,69957273.39166333
S3,1998,0-17,
S3,1998,18-29,
S3,1998,30-65,
S3,1998,66+,20629910.4743293
S3,1998,15-26,102646500.88288975
S3,1998,27-45,120867845.30348866
S3,1998,46-65,60368743.22034596
S3,1999,00-04,
S3,1999,05-09,
S3,1999,10-14,
S3,1999,15-19,
S3,1999,20-24,
S3,1999,25-29,
S3,1999,30-34,
S3,1999,35-39,
S3,1999,40-44,
S3,1999,45-49,
S3,1999,50-54,
S3,1999,55-59,
S3,1999,60-64,
S3,1999,65-69,
S3,1999,70-74,
S3,1999,75+,
S3,1999,0-8,103586294.67645116
S3,1999,9-14,71116975.641607
S3,1999,0-17,
S3,1999,18-29,
S3,1999,30-65,
S3,1999,66+,21453852.208574213
S3,1999,15-26,104735280.26648185
S3,1999,27-45,123693783.01286685
S3,1999,46-65,62150427.79222623
S3,2000,00-04,
S3,2000,05-09,
S3,2000,10-14,
S3,2000,15-19,
S3,2000,20-24,
S3,2000,25-29,
S3,2000,30-34,
S3,2000,35-39,
S3,2000,40-44,
S3,2000,45-49,
S3,2000,50-54,
S3,2000,55-59,
S3,2000,60-64,
S3,2000,65-69,
S3,2000,70-74,
S3,2000,75+,
S3,2000,0-8,104111146.68382001
S3,2000,9-14,72033944.19957769
S3,2000,0-17,
S3,2000,18-29,
S3,2000,30-65,
S3,2000,66+,22290256.419705737
S3,2000,15-26,106934684.15814303
S3,2000,27-45,126493088.9037918
S3,2000,46-65,64046829.271605626
S3,2001,00-04,
S3,2001,05-09,
S3,2001,10-14,
S3,2001,15-19,
S3,2001,20-24,
S3,2001,25-29,
S3,2001,30-34,
S3,2001,35-39,
S3,2001,40-44,
S3,2001,45-49,
S3,2001,50-54,
S3,2001,55-59,
S3,2001,60-64,
S3,2001,65-69,
S3,2001,70-74,
S3,2001,75+,
S3,2001,0-8,104730265.498007
S3,2001,9-14,72830079.44064172
S3,2001,0-17,
S3,2001,18-29,
S3,2001,30-65,
S3,2001,66+,23128974.36505782
S3,2001,15-26,109148977.69157386
S3,2001,27-45,129305976.12952235
S3,2001,46-65,66082520.71139616
S3,2002,00-04,
S3,2002,05-09,
S3,2002,10-14,
S3,2002,15-19,
S3,2002,20-24,
S3,2002,25-29,
S3,2002,30-34,
S3,2002,35-39,
S3,2002,40-44,
S3,2002,45-49,
S3,2002,50-54,
S3,2002,55-59,
S3,2002,60-64,
S3,2002,65-69,
S3,2002,70-74,
S3,2002,75+,
S3,2002,0-8,105409337.58851579
S3,2002,9-14,73390274.21609707
S3,2002,0-17,
S3,2002,18-29,
S3,2002,30-65,
S3,2002,66+,23970774.984530695
S3,2002,15-26,111540693.51215935
S3,2002,27-45,132168909.9960956
S3,2002,46-65,68219203.78620061
S3,2003,00-04,
S3,2003,05-09,
S3,2003,10-14,
S3,2003,15-19,
S3,2003,20-24,
S3,2003,25-29,
S3,2003,30-34,
S3,2003,35-39,
S3,2003,40-44,
S3,2003,45-49,
S3,2003,50-54,
S3,2003,55-59,
S3,2003,60-64,
S3,2003,65-69,
S3,2003,70-74,
S3,2003,75+,
S3,2003,0-8,105953616.85736227
S3,2003,9-14,73879682.03022389
S3,2003,0-17,
S3,2003,18-29,
S3,2003,30-65,
S3,2003,66+,24847624.04916492
S3,2003,15-26,113878710.4855485
S3,2003,27-45,134866878.20898417
S3,2003,46-65,70373152.84046288
S3,2004,00-04,
S3,2004,05-09,
S3,2004,10-14,
S3,2004,15-19,
S3,2004,20-24,
S3,2004,25-29,
S3,2004,30-34,
S3,2004,35-39,
S3,2004,40-44,
S3,2004,45-49,
S3,2004,50-54,
S3,2004,55-59,
S3,2004,60-64,
S3,2004,65-69,
S3,2004,70-74,
S3,2004,75+,
S3,2004,0-8,106267626.59577538
S3,2004,9-14,74277389.79740402
S3,2004,0-17,
S3,2004,18-29,
S3,2004,30-65,
S3,2004,66+,25745243.178030778
S3,2004,15-26,116259526.62968218
S3,2004,27-45,137663038.97606623
S3,2004,46-65,72565678.26829621
S3,2005,00-04,
S3,2005,05-09,
S3,2005,10-14,
S3,2005,15-19,
S3,2005,20-24,
S3,2005,25-29,
S3,2005,30-34,
S3,2005,35-39,
S3,2005,40-44,
S3,2005,45-49,
S3,2005,50-54,
S3,2005,55-59,
S3,2005,60-64,
S3,2005,65-69,
S3,2005,70-74,
S3,2005,75+,
S3,2005,0-8,106405349.36081743
S3,2005,9-14,74567477.47462672
S3,2005,0-17,
S3,2005,18-29,
S3,2005,30-65,
S3,2005,66+,26623757.696468968
S3,2005,15-26,118815196.97242096
S3,2005,27-45,140479636.91150907
S3,2005,46-65,74823392.07066442
S3,2006,00-04,
S3,2006,05-09,
S3,2006,10-14,
S3,2006,15-19,
S3,2006,20-24,
S3,2006,25-29,
S3,2006,30-34,
S3,2006,35-39,
S3,2006,40-44,
S3,2006,45-49,
S3,2006,50-54,
S3,2006,55-59,
S3,2006,60-64,
S3,2006,65-69,
S3,2006,70-74,
S3,2006,75+,
S3,2006,0-8,106276523.68073599
S3,2006,9-14,74807301.59394033
S3,2006,0-17,
S3,2006,18-29,
S3,2006,30-65,
S3,2006,66+,27440293.801320218
S3,2006,15-26,121212869.81409875
S3,2006,27-45,143168085.38819107
S3,2006,46-65,77136397.65322086
S3,2007,00-04,
S3,2007,05-09,
S3,2007,10-14,
S3,2007,15-19,
S3,2007,20-24,
S3,2007,25-29,
S3,2007,30-34,
S3,2007,35-39,
S3,2007,40-44,
S3,2007,45-49,
S3,2007,50-54,
S3,2007,55-59,
S3,2007,60-64,
S3,2007,65-69,
S3,2007,70-74,
S3,2007,75+,
S3,2007,0-8,105941792.73985425
S3,2007,9-14,74972554.90181103
S3,2007,0-17,
S3,2007,18-29,
S3,2007,30-65,
S3,2007,66+,28207957.78301543
S3,2007,15-26,123642893.44684583
S3,2007,27-45,146004012.27359703
S3,2007,46-65,79551163.38611084
S3,2008,00-04,
S3,2008,05-09,
S3,2008,10-14,
S3,2008,15-19,
S3,2008,20-24,
S3,2008,25-29,
S3,2008,30-34,
S3,2008,35-39,
S3,2008,40-44,
S3,2008,45-49,
S3,2008,50-54,
S3,2008,55-59,
S3,2008,60-64,
S3,2008,65-69,
S3,2008,70-74,
S3,2008,75+,
S3,2008,0-8,105405354.34224644
S3,2008,9-14,75123672.31286749
S3,2008,0-17,
S3,2008,18-29,
S3,2008,30-65,
S3,2008,66+,28952901.91158513
S3,2008,15-26,125841553.49786893
S3,2008,27-45,148877323.4645483
S3,2008,46-65,82033315.44291654
S3,2009,00-04,
S3,2009,05-09,
S3,2009,10-14,
S3,2009,15-19,
S3,2009,20-24,
S3,2009,25-29,
S3,2009,30-34,
S3,2009,35-39,
S3,2009,40-44,
S3,2009,45-49,
S3,2009,50-54,
S3,2009,55-59,
S3,2009,60-64,
S3,2009,65-69,
S3,2009,70-74,
S3,2009,75+,
S3,2009,0-8,104749248.44017933
S3,2009,9-14,75302596.7339279
S3,2009,0-17,
S3,2009,18-29,
S3,2009,30-65,
S3,2009,66+,29689753.425727062
S3,2009,15-26,127982994.0279608
S3,2009,27-45,151820498.76704833
S3,2009,46-65,84572396.23840393
S3,2010,00-04,
S3,2010,05-09,
S3,2010,10-14,
S3,2010,15-19,
S3,2010,20-24,
S3,2010,25-29,
S3,2010,30-34,
S3,2010,35-39,
S3,2010,40-44,
S3,2010,45-49,
S3,2010,50-54,
S3,2010,55-59,
S3,2010,60-64,
S3,2010,65-69,
S3,2010,70-74,
S3,2010,75+,
S3,2010,0-8,103903350.93699437
S3,2010,9-14,75524488.63480738
S3,2010,0-17,
S3,2010,18-29,
S3,2010,30-65,
S3,2010,66+,30423050.130715605
S3,2010,15-26,130163458.79526933
S3,2010,27-45,154889846.58109728
S3,2010,46-65,87199869.34349224
S3,2011,00-04,
S3,2011,05-09,
S3,2011,10-14,
S3,2011,15-19,
S3,2011,20-24,
S3,2011,25-29,
S3,2011,30-34,
S3,2011,35-39,
S3,2011,40-44,
S3,2011,45-49,
S3,2011,50-54,
S3,2011,55-59,
S3,2011,60-64,
S3,2011,65-69,
S3,2011,70-74,
S3,2011,75+,
S3,2011,0-8,102800100.28024219
S3,2011,9-14,75829043.68229418
S3,2011,0-17,
S3,2011,18-29,
S3,2011,30-65,
S3,2011,66+,31184776.122267157
S3,2011,15-26,132311216.48797917
S3,2011,27-45,158120088.34989375
S3,2011,46-65,89870598.39605758
S3,2012,00-04,
S3,2012,05-09,
S3,2012,10-14,
S3,2012,15-19,
S3,2012,20-24,
S3,2012,25-29,
S3,2012,30-34,
S3,2012,35-39,
S3,2012,40-44,
S3,2012,45-49,
S3,2012,50-54,
S3,2012,55-59,
S3,2012,60-64,
S3,2012,65-69,
S3,2012,70-74,
S3,2012,75+,
S3,2012,0-8,102141148.68528989
S3,2012,9-14,76378595.84289517
S3,2012,0-17,
S3,2012,18-29,
S3,2012,30-65,
S3,2012,66+,32030991.957574442
S3,2012,15-26,133475204.01094066
S3,2012,27-45,161477199.97015882
S3,2012,46-65,92694222.80470751
S3,2013,00-04,
S3,2013,05-09,
S3,2013,10-14,
S3,2013,15-19,
S3,2013,20-24,
S3,2013,25-29,
S3,2013,30-34,
S3,2013,35-39,
S3,2013,40-44,
S3,2013,45-49,
S3,2013,50-54,
S3,2013,55-59,
S3,2013,60-64,
S3,2013,65-69,
S3,2013,70-74,
S3,2013,75+,
S3,2013,0-8,101594562.36487989
S3,2013,9-14,76774398.69862661
S3,2013,0-17,
S3,2013,18-29,
S3,2013,30-65,
S3,2013,66+,32949835.59750263
S3,2013,15-26,134597054.12012714
S3,2013,27-45,164905214.83321768
S3,2013,46-65,95571121.43861146
S3,2014,00-04,
S3,2014,05-09,
S3,2014,10-14,
S3,2014,15-19,
S3,2014,20-24,
S3,2014,25-29,
S3,2014,30-34,
S3,2014,35-39,
S3,2014,40-44,
S3,2014,45-49,
S3,2014,50-54,
S3,2014,55-59,
S3,2014,60-64,
S3,2014,65-69,
S3,2014,70-74,
S3,2014,75+,
S3,2014,0-8,101041437.30992691
S3,2014,9-14,77026016.83276947
S3,2014,0-17,
S3,2014,18-29,
S3,2014,30-65,
S3,2014,66+,33922791.182096206
S3,2014,15-26,135599808.87269637
S3,2014,27-45,168469130.27585295
S3,2014,46-65,98537128.6872899
S3,2015,00-04,
S3,2015,05-09,
S3,2015,10-14,
S3,2015,15-19,
S3,2015,20-24,
S3,2015,25-29,
S3,2015,30-34,
S3,2015,35-39,
S3,2015,40-44,
S3,2015,45-49,
S3,2015,50-54,
S3,2015,55-59,
S3,2015,60-64,
S3,2015,65-69,
S3,2015,70-74,
S3,2015,75+,
S3,2015,0-8,100398444.8830183
S3,2015,9-14,77073729.09023337
S3,2015,0-17,
S3,2015,18-29,
S3,2015,30-65,
S3,2015,66+,34932304.166841984
S3,2015,15-26,136715797.71143258
S3,2015,27-45,172037774.3933361
S3,2015,46-65,101650849.51541589
S3,2016,00-04,
S3,2016,05-09,
S3,2016,10-14,
S3,2016,15-19,
S3,2016,20-24,
S3,2016,25-29,
S3,2016,30-34,
S3,2016,35-39,
S3,2016,40-44,
S3,2016,45-49,
S3,2016,50-54,
S3,2016,55-59,
S3,2016,60-64,
S3,2016,65-69,
S3,2016,70-74,
S3,2016,75+,
S3,2016,0-8,99961557.45126513
S3,2016,9-14,76764410.90429729
S3,2016,0-17,
S3,2016,18-29,
S3,2016,30-65,
S3,2016,66+,36322691.01799151
S3,2016,15-26,137801165.9541331
S3,2016,27-45,175545083.08449587
S3,2016,46-65,104408378.90396775
S3,2017,00-04,
S3,2017,05-09,
S3,2017,10-14,
S3,2017,15-19,
S3,2017,20-24,
S3,2017,25-29,
S3,2017,30-34,
S3,2017,35-39,
S3,2017,40-44,
S3,2017,45-49,
S3,2017,50-54,
S3,2017,55-59,
S3,2017,60-64,
S3,2017,65-69,
S3,2017,70-74,
S3,2017,75+,
S3,2017,0-8,99615750.3564353
S3,2017,9-14,76087451.78584878
S3,2017,0-17,
S3,2017,18-29,
S3,2017,30-65,
S3,2017,66+,37768063.602371484
S3,2017,15-26,138910578.51606956
S3,2017,27-45,178940628.50036398
S3,2017,46-65,107027316.92294523
S3,2018,00-04,
S3,2018,05-09,
S3,2018,10-14,
S3,2018,15-19,
S3,2018,20-24,
S3,2018,25-29,
S3,2018,30-34,
S3,2018,35-39,
S3,2018,40-44,
S3,2018,45-49,
S3,2018,50-54,
S3,2018,55-59,
S3,2018,60-64,
S3,2018,65-69,
S3,2018,70-74,
S3,2018,75+,
S3,2018,0-8,99094489.4090542
S3,2018,9-14,75460711.46166477
S3,2018,0-17,
S3,2018,18-29,
S3,2018,30-65,
S3,2018,66+,39316901.286332324
S3,2018,15-26,140002264.05737796
S3,2018,27-45,182281318.47040123
S3,2018,46-65,109744620.35074474
S3,2019,00-04,
S3,2019,05-09,
S3,2019,10-14,
S3,2019,15-19,
S3,2019,20-24,
S3,2019,25-29,
S3,2019,30-34,
S3,2019,35-39,
S3,2019,40-44,
S3,2019,45-49,
S3,2019,50-54,
S3,2019,55-59,
S3,2019,60-64,
S3,2019,65-69,
S3,2019,70-74,
S3,2019,75+,
S3,2019,0-8,98639366.28468871
S3,2019,9-14,75001032.50897774
S3,2019,0-17,
S3,2019,18-29,
S3,2019,30-65,
S3,2019,66+,40954505.54209969
S3,2019,15-26,140884076.09567988
S3,2019,27-45,185526390.2506201
S3,2019,46-65,112460641.84576659
S3,2020,00-04,
S3,2020,05-09,
S3,2020,10-14,
S3,2020,15-19,
S3,2020,20-24,
S3,2020,25-29,
S3,2020,30-34,
S3,2020,35-39,
S3,2020,40-44,
S3,2020,45-49,
S3,2020,50-54,
S3,2020,55-59,
S3,2020,60-64,
S3,2020,65-69,
S3,2020,70-74,
S3,2020,75+,
S3,2020,0-8,98163896.99842572
S3,2020,9-14,74549798.04238357
S3,2020,0-17,
S3,2020,18-29,
S3,2020,30-65,
S3,2020,66+,42673263.91235502
S3,2020,15-26,141676530.48429656
S3,2020,27-45,188699733.71818283
S3,2020,46-65,115279889.84258409
S3,2021,00-04,
S3,2021,05-09,
S3,2021,10-14,
S3,2021,15-19,
S3,2021,20-24,
S3,2021,25-29,
S3,2021,30-34,
S3,2021,35-39,
S3,2021,40-44,
S3,2021,45-49,
S3,2021,50-54,
S3,2021,55-59,
S3,2021,60-64,
S3,2021,65-69,
S3,2021,70-74,
S3,2021,75+,
S3,2021,0-8,97538553.1844151
S3,2021,9-14,74197705.72703904
S3,2021,0-17,
S3,2021,18-29,
S3,2021,30-65,
S3,2021,66+,44278302.06608356
S3,2021,15-26,142444178.6912874
S3,2021,27-45,191877133.489459
S3,2021,46-65,118047231.42985088
S3,2022,00-04,
S3,2022,05-09,
S3,2022,10-14,
S3,2022,15-19,
S3,2022,20-24,
S3,2022,25-29,
S3,2022,30-34,
S3,2022,35-39,
S3,2022,40-44,
S3,2022,45-49,
S3,2022,50-54,
S3,2022,55-59,
S3,2022,60-64,
S3,2022,65-69,
S3,2022,70-74,
S3,2022,75+,
S3,2022,0-8,97104560.69741076
S3,2022,9-14,74028262.60682176
S3,2022,0-17,
S3,2022,18-29,
S3,2022,30-65,
S3,2022,66+,45150459.563561946
S3,2022,15-26,143188397.33253384
S3,2022,27-45,195211899.23943487
S3,2022,46-65,120549924.74583243
S3,2023,00-04,
S3,2023,05-09,
S3,2023,10-14,
S3,2023,15-19,
S3,2023,20-24,
S3,2023,25-29,
S3,2023,30-34,
S3,2023,35-39,
S3,2023,40-44,
S3,2023,45-49,
S3,2023,50-54,
S3,2023,55-59,
S3,2023,60-64,
S3,2023,65-69,
S3,2023,70-74,
S3,2023,75+,
S3,2023,0-8,96613646.53454444
S3,2023,9-14,73656780.8308829
S3,2023,0-17,
S3,2023,18-29,
S3,2023,30-65,
S3,2023,66+,47005948.3003868
S3,2023,15-26,143331423.9084849
S3,2023,27-45,197957216.57906884
S3,2023,46-65,123529856.05824578
S3,2024,00-04,
S3,2024,05-09,
S3,2024,10-14,
S3,2024,15-19,
S3,2024,20-24,
S3,2024,25-29,
S3,2024,30-34,
S3,2024,35-39,
S3,2024,40-44,
S3,2024,45-49,
S3,2024,50-54,
S3,2024,55-59,
S3,2024,60-64,
S3,2024,65-69,
S3,2024,70-74,
S3,2024,75+,
S3,2024,0-8,96529010.74295926
S3,2024,9-14,72884066.32571302
S3,2024,0-17,
S3,2024,18-29,
S3,2024,30-65,
S3,2024,66+,48875867.366466545
S3,2024,15-26,143479687.0448199
S3,2024,27-45,200691459.60117283
S3,2024,46-65,126511331.14654711
S3,2025,00-04,
S3,2025,05-09,
S3,2025,10-14,
S3,2025,15-19,
S3,2025,20-24,
S3,2025,25-29,
S3,2025,30-34,
S3,2025,35-39,
S3,2025,40-44,
S3,2025,45-49,
S3,2025,50-54,
S3,2025,55-59,
S3,2025,60-64,
S3,2025,65-69,
S3,2025,70-74,
S3,2025,75+,
S3,2025,0-8,96320925.50705656
S3,2025,9-14,72090309.59856108
S3,2025,0-17,
S3,2025,18-29,
S3,2025,30-65,
S3,2025,66+,50811137.57861883
S3,2025,15-26,143592532.39417964
S3,2025,27-45,203433400.12610576
S3,2025,46-65,129610047.89849682
S3,2026,00-04,
S3,2026,05-09,
S3,2026,10-14,
S3,2026,15-19,
S3,2026,20-24,
S3,2026,25-29,
S3,2026,30-34,
S3,2026,35-39,
S3,2026,40-44,
S3,2026,45-49,
S3,2026,50-54,
S3,2026,55-59,
S3,2026,60-64,
S3,2026,65-69,
S3,2026,70-74,
S3,2026,75+,
S3,2026,0-8,95987427.54623984
S3,2026,9-14,71452270.32490087
S3,2026,0-17,
S3,2026,18-29,
S3,2026,30-65,
S3,2026,66+,52745560.229221724
S3,2026,15-26,143502041.44711173
S3,2026,27-45,205968034.46978763
S3,2026,46-65,132814869.59690279
S3,2027,00-04,
S3,2027,05-09,
S3,2027,10-14,
S3,2027,15-19,
S3,2027,20-24,
S3,2027,25-29,
S3,2027,30-34,
S3,2027,35-39,
S3,2027,40-44,
S3,2027,45-49,
S3,2027,50-54,
S3,2027,55-59,
S3,2027,60-64,
S3,2027,65-69,
S3,2027,70-74,
S3,2027,75+,
S3,2027,0-8,95876991.84610046
S3,2027,9-14,70514340.441826
S3,2027,0-17,
S3,2027,18-29,
S3,2027,30-65,
S3,2027,66+,54687767.12153544
S3,2027,15-26,143190004.37159172
S3,2027,27-45,208161288.3680196
S3,2027,46-65,136087109.8184847
S3,2028,00-04,
S3,2028,05-09,
S3,2028,10-14,
S3,2028,15-19,
S3,2028,20-24,
S3,2028,25-29,
S3,2028,30-34,
S3,2028,35-39,
S3,2028,40-44,
S3,2028,45-49,
S3,2028,50-54,
S3,2028,55-59,
S3,2028,60-64,
S3,2028,65-69,
S3,2028,70-74,
S3,2028,75+,
S3,2028,0-8,95649606.93203065
S3,2028,9-14,69748327.96483165
S3,2028,0-17,
S3,2028,18-29,
S3,2028,30-65,
S3,2028,66+,56674607.68652116
S3,2028,15-26,142663669.04420575
S3,2028,27-45,210361204.5685671
S3,2028,46-65,139475410.42288384
S3,2029,00-04,
S3,2029,05-09,
S3,2029,10-14,
S3,2029,15-19,
S3,2029,20-24,
S3,2029,25-29,
S3,2029,30-34,
S3,2029,35-39,
S3,2029,40-44,
S3,2029,45-49,
S3,2029,50-54,
S3,2029,55-59,
S3,2029,60-64,
S3,2029,65-69,
S3,2029,70-74,
S3,2029,75+,
S3,2029,0-8,95593346.50789645
S3,2029,9-14,68963679.36877964
S3,2029,0-17,
S3,2029,18-29,
S3,2029,30-65,
S3,2029,66+,58710070.20091442
S3,2029,15-26,141865367.25494686
S3,2029,27-45,212544030.01912978
S3,2029,46-65,142967912.17123783
S3,2030,00-04,
S3,2030,05-09,
S3,2030,10-14,
S3,2030,15-19,
S3,2030,20-24,
S3,2030,25-29,
S3,2030,30-34,
S3,2030,35-39,
S3,2030,40-44,
S3,2030,45-49,
S3,2030,50-54,
S3,2030,55-59,
S3,2030,60-64,
S3,2030,65-69,
S3,2030,70-74,
S3,2030,75+,
S3,2030,0-8,95775586.13654846
S3,2030,9-14,68334226.82087573
S3,2030,0-17,
S3,2030,18-29,
S3,2030,30-65,
S3,2030,66+,60796800.065192446
S3,2030,15-26,140724062.03250924
S3,2030,27-45,214517187.19957903
S3,2030,46-65,146583600.5471068
S3,2031,00-04,
S3,2031,05-09,
S3,2031,10-14,
S3,2031,15-19,
S3,2031,20-24,
S3,2031,25-29,
S3,2031,30-34,
S3,2031,35-39,
S3,2031,40-44,
S3,2031,45-49,
S3,2031,50-54,
S3,2031,55-59,
S3,2031,60-64,
S3,2031,65-69,
S3,2031,70-74,
S3,2031,75+,
S3,2031,0-8,95943962.94039552
S3,2031,9-14,67561511.4354522
S3,2031,0-17,
S3,2031,18-29,
S3,2031,30-65,
S3,2031,66+,62912203.830377825
S3,2031,15-26,139732980.49668893
S3,2031,27-45,216092091.63029006
S3,2031,46-65,150287726.90659264
S3,2032,00-04,
S3,2032,05-09,
S3,2032,10-14,
S3,2032,15-19,
S3,2032,20-24,
S3,2032,25-29,
S3,2032,30-34,
S3,2032,35-39,
S3,2032,40-44,
S3,2032,45-49,
S3,2032,50-54,
S3,2032,55-59,
S3,2032,60-64,
S3,2032,65-69,
S3,2032,70-74,
S3,2032,75+,
S3,2032,0-8,95978443.26189956
S3,2032,9-14,66694211.69516735
S3,2032,0-17,
S3,2032,18-29,
S3,2032,30-65,
S3,2032,66+,65002751.1555398
S3,2032,15-26,138796714.24415576
S3,2032,27-45,217303122.34899032
S3,2032,46-65,153969651.66957155
S3,2033,00-04,
S3,2033,05-09,
S3,2033,10-14,
S3,2033,15-19,
S3,2033,20-24,
S3,2033,25-29,
S3,2033,30-34,
S3,2033,35-39,
S3,2033,40-44,
S3,2033,45-49,
S3,2033,50-54,
S3,2033,55-59,
S3,2033,60-64,
S3,2033,65-69,
S3,2033,70-74,
S3,2033,75+,
S3,2033,0-8,95947238.00522995
S3,2033,9-14,66162486.25071622
S3,2033,0-17,
S3,2033,18-29,
S3,2033,30-65,
S3,2033,66+,67152866.36796728
S3,2033,15-26,137748026.8765022
S3,2033,27-45,218159682.8512913
S3,2033,46-65,157798206.07088816
S3,2034,00-04,
S3,2034,05-09,
S3,2034,10-14,
S3,2034,15-19,
S3,2034,20-24,
S3,2034,25-29,
S3,2034,30-34,
S3,2034,35-39,
S3,2034,40-44,
S3,2034,45-49,
S3,2034,50-54,
S3,2034,55-59,
S3,2034,60-64,
S3,2034,65-69,
S3,2034,70-74,
S3,2034,75+,
S3,2034,0-8,95850575.60986184
S3,2034,9-14,65560859.95796734
S3,2034,0-17,
S3,2034,18-29,
S3,2034,30-65,
S3,2034,66+,69385976.15442464
S3,2034,15-26,136959741.61905527
S3,2034,27-45,218880882.57962015
S3,2034,46-65,161571514.64009646
S3,2035,00-04,
S3,2035,05-09,
S3,2035,10-14,
S3,2035,15-19,
S3,2035,20-24,
S3,2035,25-29,
S3,2035,30-34,
S3,2035,35-39,
S3,2035,40-44,
S3,2035,45-49,
S3,2035,50-54,
S3,2035,55-59,
S3,2035,60-64,
S3,2035,65-69,
S3,2035,70-74,
S3,2035,75+,
S3,2035,0-8,95711347.2300236
S3,2035,9-14,65159827.77060531
S3,2035,0-17,
S3,2035,18-29,
S3,2035,30-65,
S3,2035,66+,71707734.32751605
S3,2035,15-26,136100604.08875886
S3,2035,27-45,219427754.90607455
S3,2035,46-65,165354001.68757534
S3,2036,00-04,
S3,2036,05-09,
S3,2036,10-14,
S3,2036,15-19,
S3,2036,20-24,
S3,2036,25-29,
S3,2036,30-34,
S3,2036,35-39,
S3,2036,40-44,
S3,2036,45-49,
S3,2036,50-54,
S3,2036,55-59,
S3,2036,60-64,
S3,2036,65-69,
S3,2036,70-74,
S3,2036,75+,
S3,2036,0-8,95515154.50538675
S3,2036,9-14,65036309.78574866
S3,2036,0-17,
S3,2036,18-29,
S3,2036,30-65,
S3,2036,66+,74078483.12620877
S3,2036,15-26,135008168.78888407
S3,2036,27-45,219922886.4798501
S3,2036,46-65,169168929.16830322
S3,2037,00-04,
S3,2037,05-09,
S3,2037,10-14,
S3,2037,15-19,
S3,2037,20-24,
S3,2037,25-29,
S3,2037,30-34,
S3,2037,35-39,
S3,2037,40-44,
S3,2037,45-49,
S3,2037,50-54,
S3,2037,55-59,
S3,2037,60-64,
S3,2037,65-69,
S3,2037,70-74,
S3,2037,75+,
S3,2037,0-8,95266664.08157653
S3,2037,9-14,64970483.61736763
S3,2037,0-17,
S3,2037,18-29,
S3,2037,30-65,
S3,2037,66+,76529434.91495179
S3,2037,15-26,133830917.0600916
S3,2037,27-45,220501885.19482595
S3,2037,46-65,172939632.98249477
S3,2038,00-04,
S3,2038,05-09,
S3,2038,10-14,
S3,2038,15-19,
S3,2038,20-24,
S3,2038,25-29,
S3,2038,30-34,
S3,2038,35-39,
S3,2038,40-44,
S3,2038,45-49,
S3,2038,50-54,
S3,2038,55-59,
S3,2038,60-64,
S3,2038,65-69,
S3,2038,70-74,
S3,2038,75+,
S3,2038,0-8,94956563.28346959
S3,2038,9-14,64892171.48378733
S3,2038,0-17,
S3,2038,18-29,
S3,2038,30-65,
S3,2038,66+,79095095.19880429
S3,2038,15-26,132784489.69512014
S3,2038,27-45,220959588.0930376
S3,2038,46-65,176655564.39763156
S3,2039,00-04,
S3,2039,05-09,
S3,2039,10-14,
S3,2039,15-19,
S3,2039,20-24,
S3,2039,25-29,
S3,2039,30-34,
S3,2039,35-39,
S3,2039,40-44,
S3,2039,45-49,
S3,2039,50-54,
S3,2039,55-59,
S3,2039,60-64,
S3,2039,65-69,
S3,2039,70-74,
S3,2039,75+,
S3,2039,0-8,94560362.71620803
S3,2039,9-14,64810462.83053283
S3,2039,0-17,
S3,2039,18-29,
S3,2039,30-65,
S3,2039,66+,81743498.04875673
S3,2039,15-26,131795696.69629548
S3,2039,27-45,221349763.8273157
S3,2039,46-65,180308920.79696745
S3,2040,00-04,
S3,2040,05-09,
S3,2040,10-14,
S3,2040,15-19,
S3,2040,20-24,
S3,2040,25-29,
S3,2040,30-34,
S3,2040,35-39,
S3,2040,40-44,
S3,2040,45-49,
S3,2040,50-54,
S3,2040,55-59,
S3,2040,60-64,
S3,2040,65-69,
S3,2040,70-74,
S3,2040,75+,
S3,2040,0-8,94068294.57510582
S3,2040,9-14,64710885.30650413
S3,2040,0-17,
S3,2040,18-29,
S3,2040,30-65,
S3,2040,66+,84494189.88572836
S3,2040,15-26,130868307.47804278
S3,2040,27-45,221665890.3143554
S3,2040,46-65,183819946.86180618
S3,2041,00-04,
S3,2041,05-09,
S3,2041,10-14,
S3,2041,15-19,
S3,2041,20-24,
S3,2041,25-29,
S3,2041,30-34,
S3,2041,35-39,
S3,2041,40-44,
S3,2041,45-49,
S3,2041,50-54,
S3,2041,55-59,
S3,2041,60-64,
S3,2041,65-69,
S3,2041,70-74,
S3,2041,75+,
S3,2041,0-8,93505640.46692811
S3,2041,9-14,64593135.58900778
S3,2041,0-17,
S3,2041,18-29,
S3,2041,30-65,
S3,2041,66+,87320548.77945428
S3,2041,15-26,130045792.36899751
S3,2041,27-45,221742315.40228873
S3,2041,46-65,187228147.05158317
S3,2042,00-04,
S3,2042,05-09,
S3,2042,10-14,
S3,2042,15-19,
S3,2042,20-24,
S3,2042,25-29,
S3,2042,30-34,
S3,2042,35-39,
S3,2042,40-44,
S3,2042,45-49,
S3,2042,50-54,
S3,2042,55-59,
S3,2042,60-64,
S3,2042,65-69,
S3,2042,70-74,
S3,2042,75+,
S3,2042,0-8,92880453.22891939
S3,2042,9-14,64418089.537027426
S3,2042,0-17,
S3,2042,18-29,
S3,2042,30-65,
S3,2042,66+,90144757.79380485
S3,2042,15-26,129574163.70343608
S3,2042,27-45,221333132.41306916
S3,2042,46-65,190561982.6885454
S3,2043,00-04,
S3,2043,05-09,
S3,2043,10-14,
S3,2043,15-19,
S3,2043,20-24,
S3,2043,25-29,
S3,2043,30-34,
S3,2043,35-39,
S3,2043,40-44,
S3,2043,45-49,
S3,2043,50-54,
S3,2043,55-59,
S3,2043,60-64,
S3,2043,65-69,
S3,2043,70-74,
S3,2043,75+,
S3,2043,0-8,92192542.60342126
S3,2043,9-14,64193984.263340436
S3,2043,0-17,
S3,2043,18-29,
S3,2043,30-65,
S3,2043,66+,93049948.99962871
S3,2043,15-26,128968956.58426967
S3,2043,27-45,220873638.8215315
S3,2043,46-65,193726690.23254418
S3,2044,00-04,
S3,2044,05-09,
S3,2044,10-14,
S3,2044,15-19,
S3,2044,20-24,
S3,2044,25-29,
S3,2044,30-34,
S3,2044,35-39,
S3,2044,40-44,
S3,2044,45-49,
S3,2044,50-54,
S3,2044,55-59,
S3,2044,60-64,
S3,2044,65-69,
S3,2044,70-74,
S3,2044,75+,
S3,2044,0-8,91451515.77591257
S3,2044,9-14,63927764.33425841
S3,2044,0-17,
S3,2044,18-29,
S3,2044,30-65,
S3,2044,66+,95935418.27151747
S3,2044,15-26,128226693.96471119
S3,2044,27-45,220355717.97354996
S3,2044,46-65,196807127.3887223
S3,2045,00-04,
S3,2045,05-09,
S3,2045,10-14,
S3,2045,15-19,
S3,2045,20-24,
S3,2045,25-29,
S3,2045,30-34,
S3,2045,35-39,
S3,2045,40-44,
S3,2045,45-49,
S3,2045,50-54,
S3,2045,55-59,
S3,2045,60-64,
S3,2045,65-69,
S3,2045,70-74,
S3,2045,75+,
S3,2045,0-8,90679396.28909692
S3,2045,9-14,63611799.88162634
S3,2045,0-17,
S3,2045,18-29,
S3,2045,30-65,
S3,2045,66+,98855959.73092185
S3,2045,15-26,127735864.88081911
S3,2045,27-45,219417733.64776435
S3,2045,46-65,199774819.1881719
S3,2046,00-04,
S3,2046,05-09,
S3,2046,10-14,
S3,2046,15-19,
S3,2046,20-24,
S3,2046,25-29,
S3,2046,30-34,
S3,2046,35-39,
S3,2046,40-44,
S3,2046,45-49,
S3,2046,50-54,
S3,2046,55-59,
S3,2046,60-64,
S3,2046,65-69,
S3,2046,70-74,
S3,2046,75+,
S3,2046,0-8,89888849.42714074
S3,2046,9-14,63240568.19544384
S3,2046,0-17,
S3,2046,18-29,
S3,2046,30-65,
S3,2046,66+,101878592.70486867
S3,2046,15-26,127107437.7015213
S3,2046,27-45,218486940.8075593
S3,2046,46-65,202591040.870007
S3,2047,00-04,
S3,2047,05-09,
S3,2047,10-14,
S3,2047,15-19,
S3,2047,20-24,
S3,2047,25-29,
S3,2047,30-34,
S3,2047,35-39,
S3,2047,40-44,
S3,2047,45-49,
S3,2047,50-54,
S3,2047,55-59,
S3,2047,60-64,
S3,2047,65-69,
S3,2047,70-74,
S3,2047,75+,
S3,2047,0-8,89106575.57117617
S3,2047,9-14,62830496.975158826
S3,2047,0-17,
S3,2047,18-29,
S3,2047,30-65,
S3,2047,66+,105053526.15453756
S3,2047,15-26,126620217.30026785
S3,2047,27-45,217184217.39628017
S3,2047,46-65,205321367.5716792
S3,2048,00-04,
S3,2048,05-09,
S3,2048,10-14,
S3,2048,15-19,
S3,2048,20-24,
S3,2048,25-29,
S3,2048,30-34,
S3,2048,35-39,
S3,2048,40-44,
S3,2048,45-49,
S3,2048,50-54,
S3,2048,55-59,
S3,2048,60-64,
S3,2048,65-69,
S3,2048,70-74,
S3,2048,75+,
S3,2048,0-8,88334933.58684492
S3,2048,9-14,62391897.92477164
S3,2048,0-17,
S3,2048,18-29,
S3,2048,30-65,
S3,2048,66+,108311238.24665162
S3,2048,15-26,126323683.41850229
S3,2048,27-45,215479143.71472287
S3,2048,46-65,207998754.7464006
S3,2049,00-04,
S3,2049,05-09,
S3,2049,10-14,
S3,2049,15-19,
S3,2049,20-24,
S3,2049,25-29,
S3,2049,30-34,
S3,2049,35-39,
S3,2049,40-44,
S3,2049,45-49,
S3,2049,50-54,
S3,2049,55-59,
S3,2049,60-64,
S3,2049,65-69,
S3,2049,70-74,
S3,2049,75+,
S3,2049,0-8,87580090.45204325
S3,2049,9-14,61921461.50245066
S3,2049,0-17,
S3,2049,18-29,
S3,2049,30-65,
S3,2049,66+,111648174.57223144
S3,2049,15-26,126016709.22238983
S3,2049,27-45,213748060.29624462
S3,2049,46-65,210457610.34419832
S3,2050,00-04,
S3,2050,05-09,
S3,2050,10-14,
S3,2050,15-19,
S3,2050,20-24,
S3,2050,25-29,
S3,2050,30-34,
S3,2050,35-39,
S3,2050,40-44,
S3,2050,45-49,
S3,2050,50-54,
S3,2050,55-59,
S3,2050,60-64,
S3,2050,65-69,
S3,2050,70-74,
S3,2050,75+,
S3,2050,0-8,86839098.7386886
S3,2050,9-14,61437029.99268478
S3,2050,0-17,
S3,2050,18-29,
S3,2050,30-65,
S3,2050,66+,115081502.95956752
S3,2050,15-26,125641652.0967468
S3,2050,27-45,212133263.64471427
S3,2050,46-65,212597430.78915453
S3,2051,00-04,
S3,2051,05-09,
S3,2051,10-14,
S3,2051,15-19,
S3,2051,20-24,
S3,2051,25-29,
S3,2051,30-34,
S3,2051,35-39,
S3,2051,40-44,
S3,2051,45-49,
S3,2051,50-54,
S3,2051,55-59,
S3,2051,60-64,
S3,2051,65-69,
S3,2051,70-74,
S3,2051,75+,
S3,2051,0-8,86135393.33598807
S3,2051,9-14,60924794.58851944
S3,2051,0-17,
S3,2051,18-29,
S3,2051,30-65,
S3,2051,66+,118630314.41827141
S3,2051,15-26,125203807.25700852
S3,2051,27-45,210594772.11676013
S3,2051,46-65,214435285.29818106
S3,2052,00-04,
S3,2052,05-09,
S3,2052,10-14,
S3,2052,15-19,
S3,2052,20-24,
S3,2052,25-29,
S3,2052,30-34,
S3,2052,35-39,
S3,2052,40-44,
S3,2052,45-49,
S3,2052,50-54,
S3,2052,55-59,
S3,2052,60-64,
S3,2052,65-69,
S3,2052,70-74,
S3,2052,75+,
S3,2052,0-8,85472007.32287204
S3,2052,9-14,60393501.98340523
S3,2052,0-17,
S3,2052,18-29,
S3,2052,30-65,
S3,2052,66+,122227669.09715481
S3,2052,15-26,124681004.48429899
S3,2052,27-45,209219588.9463237
S3,2052,46-65,215953485.5650616
S3,2053,00-04,
S3,2053,05-09,
S3,2053,10-14,
S3,2053,15-19,
S3,2053,20-24,
S3,2053,25-29,
S3,2053,30-34,
S3,2053,35-39,
S3,2053,40-44,
S3,2053,45-49,
S3,2053,50-54,
S3,2053,55-59,
S3,2053,60-64,
S3,2053,65-69,
S3,2053,70-74,
S3,2053,75+,
S3,2053,0-8,84833656.23160923
S3,2053,9-14,59861617.11661515
S3,2053,0-17,
S3,2053,18-29,
S3,2053,30-65,
S3,2053,66+,125946460.84713894
S3,2053,15-26,124095399.49634944
S3,2053,27-45,207951645.05796486
S3,2053,46-65,217110311.41095757
S3,2054,00-04,
S3,2054,05-09,
S3,2054,10-14,
S3,2054,15-19,
S3,2054,20-24,
S3,2054,25-29,
S3,2054,30-34,
S3,2054,35-39,
S3,2054,40-44,
S3,2054,45-49,
S3,2054,50-54,
S3,2054,55-59,
S3,2054,60-64,
S3,2054,65-69,
S3,2054,70-74,
S3,2054,75+,
S3,2054,0-8,84225951.8677059
S3,2054,9-14,59344101.44908963
S3,2054,0-17,
S3,2054,18-29,
S3,2054,30-65,
S3,2054,66+,129621950.75302036
S3,2054,15-26,123431479.26213703
S3,2054,27-45,206766807.28463417
S3,2054,46-65,218100340.7548783
S3,2055,00-04,
S3,2055,05-09,
S3,2055,10-14,
S3,2055,15-19,
S3,2055,20-24,
S3,2055,25-29,
S3,2055,30-34,
S3,2055,35-39,
S3,2055,40-44,
S3,2055,45-49,
S3,2055,50-54,
S3,2055,55-59,
S3,2055,60-64,
S3,2055,65-69,
S3,2055,70-74,
S3,2055,75+,
S3,2055,0-8,83641754.42871165
S3,2055,9-14,58824969.173739254
S3,2055,0-17,
S3,2055,18-29,
S3,2055,30-65,
S3,2055,66+,133318496.96698576
S3,2055,15-26,122699622.35129607
S3,2055,27-45,205551560.06608766
S3,2055,46-65,218950694.5881052
S3,2056,00-04,
S3,2056,05-09,
S3,2056,10-14,
S3,2056,15-19,
S3,2056,20-24,
S3,2056,25-29,
S3,2056,30-34,
S3,2056,35-39,
S3,2056,40-44,
S3,2056,45-49,
S3,2056,50-54,
S3,2056,55-59,
S3,2056,60-64,
S3,2056,65-69,
S3,2056,70-74,
S3,2056,75+,
S3,2056,0-8,83091925.44875655
S3,2056,9-14,58301442.54052226
S3,2056,0-17,
S3,2056,18-29,
S3,2056,30-65,
S3,2056,66+,137023906.03323206
S3,2056,15-26,121931225.94751565
S3,2056,27-45,204240182.1222658
S3,2056,46-65,219745145.22466305
S3,2057,00-04,
S3,2057,05-09,
S3,2057,10-14,
S3,2057,15-19,
S3,2057,20-24,
S3,2057,25-29,
S3,2057,30-34,
S3,2057,35-39,
S3,2057,40-44,
S3,2057,45-49,
S3,2057,50-54,
S3,2057,55-59,
S3,2057,60-64,
S3,2057,65-69,
S3,2057,70-74,
S3,2057,75+,
S3,2057,0-8,82588678.21867363
S3,2057,9-14,57786270.01257206
S3,2057,0-17,
S3,2057,18-29,
S3,2057,30-65,
S3,2057,66+,140685328.1726043
S3,2057,15-26,121092483.39147612
S3,2057,27-45,202991206.1164394
S3,2057,46-65,220371860.04040706
S3,2058,00-04,
S3,2058,05-09,
S3,2058,10-14,
S3,2058,15-19,
S3,2058,20-24,
S3,2058,25-29,
S3,2058,30-34,
S3,2058,35-39,
S3,2058,40-44,
S3,2058,45-49,
S3,2058,50-54,
S3,2058,55-59,
S3,2058,60-64,
S3,2058,65-69,
S3,2058,70-74,
S3,2058,75+,
S3,2058,0-8,82113774.65800294
S3,2058,9-14,57295621.878875695
S3,2058,0-17,
S3,2058,18-29,
S3,2058,30-65,
S3,2058,66+,144329689.2161893
S3,2058,15-26,120189210.36548029
S3,2058,27-45,201766091.95465946
S3,2058,46-65,220855533.5240556
S3,2059,00-04,
S3,2059,05-09,
S3,2059,10-14,
S3,2059,15-19,
S3,2059,20-24,
S3,2059,25-29,
S3,2059,30-34,
S3,2059,35-39,
S3,2059,40-44,
S3,2059,45-49,
S3,2059,50-54,
S3,2059,55-59,
S3,2059,60-64,
S3,2059,65-69,
S3,2059,70-74,
S3,2059,75+,
S3,2059,0-8,81645048.34674945
S3,2059,9-14,56832671.562345415
S3,2059,0-17,
S3,2059,18-29,
S3,2059,30-65,
S3,2059,66+,147940089.53864482
S3,2059,15-26,119247464.66543567
S3,2059,27-45,200547808.72686625
S3,2059,46-65,221202375.8870077
S3,2060,00-04,
S3,2060,05-09,
S3,2060,10-14,
S3,2060,15-19,
S3,2060,20-24,
S3,2060,25-29,
S3,2060,30-34,
S3,2060,35-39,
S3,2060,40-44,
S3,2060,45-49,
S3,2060,50-54,
S3,2060,55-59,
S3,2060,60-64,
S3,2060,65-69,
S3,2060,70-74,
S3,2060,75+,
S3,2060,0-8,81183284.43292914
S3,2060,9-14,56391597.41515568
S3,2060,0-17,
S3,2060,18-29,
S3,2060,30-65,
S3,2060,66+,151486119.93856215
S3,2060,15-26,118293313.20398869
S3,2060,27-45,199412055.8869781
S3,2060,46-65,221350422.81550768
S3,2061,00-04,
S3,2061,05-09,
S3,2061,10-14,
S3,2061,15-19,
S3,2061,20-24,
S3,2061,25-29,
S3,2061,30-34,
S3,2061,35-39,
S3,2061,40-44,
S3,2061,45-49,
S3,2061,50-54,
S3,2061,55-59,
S3,2061,60-64,
S3,2061,65-69,
S3,2061,70-74,
S3,2061,75+,
S3,2061,0-8,80726162.66924994
S3,2061,9-14,55984570.4539004
S3,2061,0-17,
S3,2061,18-29,
S3,2061,30-65,
S3,2061,66+,155011914.46808282
S3,2061,15-26,117306734.04621182
S3,2061,27-45,198596776.86451542
S3,2061,46-65,221023443.33889335
S3,2062,00-04,
S3,2062,05-09,
S3,2062,10-14,
S3,2062,15-19,
S3,2062,20-24,
S3,2062,25-29,
S3,2062,30-34,
S3,2062,35-39,
S3,2062,40-44,
S3,2062,45-49,
S3,2062,50-54,
S3,2062,55-59,
S3,2062,60-64,
S3,2062,65-69,
S3,2062,70-74,
S3,2062,75+,
S3,2062,0-8,80266503.7579689
S3,2062,9-14,55592385.35433528
S3,2062,0-17,
S3,2062,18-29,
S3,2062,30-65,
S3,2062,66+,158493225.19718128
S3,2062,15-26,116298987.54880735
S3,2062,27-45,197641029.72572148
S3,2062,46-65,220697945.1846513
S3,2063,00-04,
S3,2063,05-09,
S3,2063,10-14,
S3,2063,15-19,
S3,2063,20-24,
S3,2063,25-29,
S3,2063,30-34,
S3,2063,35-39,
S3,2063,40-44,
S3,2063,45-49,
S3,2063,50-54,
S3,2063,55-59,
S3,2063,60-64,
S3,2063,65-69,
S3,2063,70-74,
S3,2063,75+,
S3,2063,0-8,79811613.68046762
S3,2063,9-14,55232960.21855429
S3,2063,0-17,
S3,2063,18-29,
S3,2063,30-65,
S3,2063,66+,161928050.7677487
S3,2063,15-26,115273854.34772882
S3,2063,27-45,196554006.07837433
S3,2063,46-65,220366981.75789732
S3,2064,00-04,
S3,2064,05-09,
S3,2064,10-14,
S3,2064,15-19,
S3,2064,20-24,
S3,2064,25-29,
S3,2064,30-34,
S3,2064,35-39,
S3,2064,40-44,
S3,2064,45-49,
S3,2064,50-54,
S3,2064,55-59,
S3,2064,60-64,
S3,2064,65-69,
S3,2064,70-74,
S3,2064,75+,
S3,2064,0-8,79361948.79647335
S3,2064,9-14,54881979.651562326
S3,2064,0-17,
S3,2064,18-29,
S3,2064,30-65,
S3,2064,66+,165312749.21062416
S3,2064,15-26,114257499.0451067
S3,2064,27-45,195686672.88946855
S3,2064,46-65,219678883.98289037
S3,2065,00-04,
S3,2065,05-09,
S3,2065,10-14,
S3,2065,15-19,
S3,2065,20-24,
S3,2065,25-29,
S3,2065,30-34,
S3,2065,35-39,
S3,2065,40-44,
S3,2065,45-49,
S3,2065,50-54,
S3,2065,55-59,
S3,2065,60-64,
S3,2065,65-69,
S3,2065,70-74,
S3,2065,75+,
S3,2065,0-8,78903629.85514975
S3,2065,9-14,54545324.99671477
S3,2065,0-17,
S3,2065,18-29,
S3,2065,30-65,
S3,2065,66+,168657533.2201334
S3,2065,15-26,113266026.0572292
S3,2065,27-45,194629227.7285095
S3,2065,46-65,219016871.0939661
S3,2066,00-04,
S3,2066,05-09,
S3,2066,10-14,
S3,2066,15-19,
S3,2066,20-24,
S3,2066,25-29,
S3,2066,30-34,
S3,2066,35-39,
S3,2066,40-44,
S3,2066,45-49,
S3,2066,50-54,
S3,2066,55-59,
S3,2066,60-64,
S3,2066,65-69,
S3,2066,70-74,
S3,2066,75+,
S3,2066,0-8,78416826.91544428
S3,2066,9-14,54232244.52152535
S3,2066,0-17,
S3,2066,18-29,
S3,2066,30-65,
S3,2066,66+,171958830.71803102
S3,2066,15-26,112308513.41499463
S3,2066,27-45,193663753.06058383
S3,2066,46-65,218087739.19794187
S3,2067,00-04,
S3,2067,05-09,
S3,2067,10-14,
S3,2067,15-19,
S3,2067,20-24,
S3,2067,25-29,
S3,2067,30-34,
S3,2067,35-39,
S3,2067,40-44,
S3,2067,45-49,
S3,2067,50-54,
S3,2067,55-59,
S3,2067,60-64,
S3,2067,65-69,
S3,2067,70-74,
S3,2067,75+,
S3,2067,0-8,77918748.9826229
S3,2067,9-14,53930712.673144035
S3,2067,0-17,
S3,2067,18-29,
S3,2067,30-65,
S3,2067,66+,175312949.37049916
S3,2067,15-26,111390458.79962115
S3,2067,27-45,192867352.11088997
S3,2067,46-65,216747336.42643517
S3,2068,00-04,
S3,2068,05-09,
S3,2068,10-14,
S3,2068,15-19,
S3,2068,20-24,
S3,2068,25-29,
S3,2068,30-34,
S3,2068,35-39,
S3,2068,40-44,
S3,2068,45-49,
S3,2068,50-54,
S3,2068,55-59,
S3,2068,60-64,
S3,2068,65-69,
S3,2068,70-74,
S3,2068,75+,
S3,2068,0-8,77404301.48696028
S3,2068,9-14,53637862.646208465
S3,2068,0-17,
S3,2068,18-29,
S3,2068,30-65,
S3,2068,66+,178681877.59736484
S3,2068,15-26,110481373.03330283
S3,2068,27-45,192043124.60919407
S3,2068,46-65,215226787.98670092
S3,2069,00-04,
S3,2069,05-09,
S3,2069,10-14,
S3,2069,15-19,
S3,2069,20-24,
S3,2069,25-29,
S3,2069,30-34,
S3,2069,35-39,
S3,2069,40-44,
S3,2069,45-49,
S3,2069,50-54,
S3,2069,55-59,
S3,2069,60-64,
S3,2069,65-69,
S3,2069,70-74,
S3,2069,75+,
S3,2069,0-8,76872264.58996567
S3,2069,9-14,53343417.760810405
S3,2069,0-17,
S3,2069,18-29,
S3,2069,30-65,
S3,2069,66+,181914118.2102266
S3,2069,15-26,109612619.92251429
S3,2069,27-45,191116019.56305254
S3,2069,46-65,213735586.88659889
S3,2070,00-04,
S3,2070,05-09,
S3,2070,10-14,
S3,2070,15-19,
S3,2070,20-24,
S3,2070,25-29,
S3,2070,30-34,
S3,2070,35-39,
S3,2070,40-44,
S3,2070,45-49,
S3,2070,50-54,
S3,2070,55-59,
S3,2070,60-64,
S3,2070,65-69,
S3,2070,70-74,
S3,2070,75+,
S3,2070,0-8,76315585.16358909
S3,2070,9-14,53063027.42720287
S3,2070,0-17,
S3,2070,18-29,
S3,2070,30-65,
S3,2070,66+,184938226.0218957
S3,2070,15-26,108776813.06218514
S3,2070,27-45,190094971.78389347
S3,2070,46-65,212343825.57035196
S3,2071,00-04,
S3,2071,05-09,
S3,2071,10-14,
S3,2071,15-19,
S3,2071,20-24,
S3,2071,25-29,
S3,2071,30-34,
S3,2071,35-39,
S3,2071,40-44,
S3,2071,45-49,
S3,2071,50-54,
S3,2071,55-59,
S3,2071,60-64,
S3,2071,65-69,
S3,2071,70-74,
S3,2071,75+,
S3,2071,0-8,75758542.39615758
S3,2071,9-14,52763372.57503557
S3,2071,0-17,
S3,2071,18-29,
S3,2071,30-65,
S3,2071,66+,187783063.9006067
S3,2071,15-26,107981980.41375567
S3,2071,27-45,188978771.9948596
S3,2071,46-65,211026532.4009952
S3,2072,00-04,
S3,2072,05-09,
S3,2072,10-14,
S3,2072,15-19,
S3,2072,20-24,
S3,2072,25-29,
S3,2072,30-34,
S3,2072,35-39,
S3,2072,40-44,
S3,2072,45-49,
S3,2072,50-54,
S3,2072,55-59,
S3,2072,60-64,
S3,2072,65-69,
S3,2072,70-74,
S3,2072,75+,
S3,2072,0-8,75187869.58027449
S3,2072,9-14,52452401.54570656
S3,2072,0-17,
S3,2072,18-29,
S3,2072,30-65,
S3,2072,66+,190379697.35144928
S3,2072,15-26,107233085.28190696
S3,2072,27-45,187806033.94975296
S3,2072,46-65,209832813.97542048
S3,2073,00-04,
S3,2073,05-09,
S3,2073,10-14,
S3,2073,15-19,
S3,2073,20-24,
S3,2073,25-29,
S3,2073,30-34,
S3,2073,35-39,
S3,2073,40-44,
S3,2073,45-49,
S3,2073,50-54,
S3,2073,55-59,
S3,2073,60-64,
S3,2073,65-69,
S3,2073,70-74,
S3,2073,75+,
S3,2073,0-8,74601925.7059972
S3,2073,9-14,52126442.07228596
S3,2073,0-17,
S3,2073,18-29,
S3,2073,30-65,
S3,2073,66+,192754815.30175096
S3,2073,15-26,106528648.091264
S3,2073,27-45,186558291.44211861
S3,2073,46-65,208740595.79565594
S3,2074,00-04,
S3,2074,05-09,
S3,2074,10-14,
S3,2074,15-19,
S3,2074,20-24,
S3,2074,25-29,
S3,2074,30-34,
S3,2074,35-39,
S3,2074,40-44,
S3,2074,45-49,
S3,2074,50-54,
S3,2074,55-59,
S3,2074,60-64,
S3,2074,65-69,
S3,2074,70-74,
S3,2074,75+,
S3,2074,0-8,74003637.31663014
S3,2074,9-14,51802438.686566085
S3,2074,0-17,
S3,2074,18-29,
S3,2074,30-65,
S3,2074,66+,194957038.31073785
S3,2074,15-26,105850337.51292053
S3,2074,27-45,185260758.95597214
S3,2074,46-65,207710568.27496216
S3,2075,00-04,
S3,2075,05-09,
S3,2075,10-14,
S3,2075,15-19,
S3,2075,20-24,
S3,2075,25-29,
S3,2075,30-34,
S3,2075,35-39,
S3,2075,40-44,
S3,2075,45-49,
S3,2075,50-54,
S3,2075,55-59,
S3,2075,60-64,
S3,2075,65-69,
S3,2075,70-74,
S3,2075,75+,
S3,2075,0-8,73403753.51897874
S3,2075,9-14,51468945.47142668
S3,2075,0-17,
S3,2075,18-29,
S3,2075,30-65,
S3,2075,66+,197062145.26459712
S3,2075,15-26,105203299.53987733
S3,2075,27-45,183914797.30027294
S3,2075,46-65,206644357.01161638
S3,2076,00-04,
S3,2076,05-09,
S3,2076,10-14,
S3,2076,15-19,
S3,2076,20-24,
S3,2076,25-29,
S3,2076,30-34,
S3,2076,35-39,
S3,2076,40-44,
S3,2076,45-49,
S3,2076,50-54,
S3,2076,55-59,
S3,2076,60-64,
S3,2076,65-69,
S3,2076,70-74,
S3,2076,75+,
S3,2076,0-8,72792643.16157457
S3,2076,9-14,51126411.48772063
S3,2076,0-17,
S3,2076,18-29,
S3,2076,30-65,
S3,2076,66+,199134350.13081136
S3,2076,15-26,104577023.14996651
S3,2076,27-45,182525251.91654953
S3,2076,46-65,205490757.28543654
S3,2077,00-04,
S3,2077,05-09,
S3,2077,10-14,
S3,2077,15-19,
S3,2077,20-24,
S3,2077,25-29,
S3,2077,30-34,
S3,2077,35-39,
S3,2077,40-44,
S3,2077,45-49,
S3,2077,50-54,
S3,2077,55-59,
S3,2077,60-64,
S3,2077,65-69,
S3,2077,70-74,
S3,2077,75+,
S3,2077,0-8,72192703.1783249
S3,2077,9-14,50779119.28571945
S3,2077,0-17,
S3,2077,18-29,
S3,2077,30-65,
S3,2077,66+,201034269.4970979
S3,2077,15-26,103948856.82790074
S3,2077,27-45,181105868.58601615
S3,2077,46-65,204400933.20662856
S3,2078,00-04,
S3,2078,05-09,
S3,2078,10-14,
S3,2078,15-19,
S3,2078,20-24,
S3,2078,25-29,
S3,2078,30-34,
S3,2078,35-39,
S3,2078,40-44,
S3,2078,45-49,
S3,2078,50-54,
S3,2078,55-59,
S3,2078,60-64,
S3,2078,65-69,
S3,2078,70-74,
S3,2078,75+,
S3,2078,0-8,71606204.22285916
S3,2078,9-14,50408616.55210086
S3,2078,0-17,
S3,2078,18-29,
S3,2078,30-65,
S3,2078,66+,202808982.62239692
S3,2078,15-26,103332302.32921915
S3,2078,27-45,179676196.59553337
S3,2078,46-65,203306418.32554
S3,2079,00-04,
S3,2079,05-09,
S3,2079,10-14,
S3,2079,15-19,
S3,2079,20-24,
S3,2079,25-29,
S3,2079,30-34,
S3,2079,35-39,
S3,2079,40-44,
S3,2079,45-49,
S3,2079,50-54,
S3,2079,55-59,
S3,2079,60-64,
S3,2079,65-69,
S3,2079,70-74,
S3,2079,75+,
S3,2079,0-8,71030453.61816974
S3,2079,9-14,50023033.2139465
S3,2079,0-17,
S3,2079,18-29,
S3,2079,30-65,
S3,2079,66+,204453346.84227946
S3,2079,15-26,102714084.64649129
S3,2079,27-45,178260921.40716687
S3,2079,46-65,202201635.0213867
S3,2080,00-04,
S3,2080,05-09,
S3,2080,10-14,
S3,2080,15-19,
S3,2080,20-24,
S3,2080,25-29,
S3,2080,30-34,
S3,2080,35-39,
S3,2080,40-44,
S3,2080,45-49,
S3,2080,50-54,
S3,2080,55-59,
S3,2080,60-64,
S3,2080,65-69,
S3,2080,70-74,
S3,2080,75+,
S3,2080,0-8,70456756.5912822
S3,2080,9-14,49625912.15000227
S3,2080,0-17,
S3,2080,18-29,
S3,2080,30-65,
S3,2080,66+,205897705.90866497
S3,2080,15-26,102104899.40010819
S3,2080,27-45,176839582.34907743
S3,2080,46-65,201175631.7031354
S3,2081,00-04,
S3,2081,05-09,
S3,2081,10-14,
S3,2081,15-19,
S3,2081,20-24,
S3,2081,25-29,
S3,2081,30-34,
S3,2081,35-39,
S3,2081,40-44,
S3,2081,45-49,
S3,2081,50-54,
S3,2081,55-59,
S3,2081,60-64,
S3,2081,65-69,
S3,2081,70-74,
S3,2081,75+,
S3,2081,0-8,69891426.61884691
S3,2081,9-14,49230531.00396453
S3,2081,0-17,
S3,2081,18-29,
S3,2081,30-65,
S3,2081,66+,206923383.63109744
S3,2081,15-26,101483939.51309532
S3,2081,27-45,175426022.80194005
S3,2081,46-65,200439810.9526452
S3,2082,00-04,
S3,2082,05-09,
S3,2082,10-14,
S3,2082,15-19,
S3,2082,20-24,
S3,2082,25-29,
S3,2082,30-34,
S3,2082,35-39,
S3,2082,40-44,
S3,2082,45-49,
S3,2082,50-54,
S3,2082,55-59,
S3,2082,60-64,
S3,2082,65-69,
S3,2082,70-74,
S3,2082,75+,
S3,2082,0-8,69337477.28363733
S3,2082,9-14,48819118.33981214
S3,2082,0-17,
S3,2082,18-29,
S3,2082,30-65,
S3,2082,66+,207966846.24988228
S3,2082,15-26,100869356.42256933
S3,2082,27-45,174017563.83962947
S3,2082,46-65,199570780.0515289
S3,2083,00-04,
S3,2083,05-09,
S3,2083,10-14,
S3,2083,15-19,
S3,2083,20-24,
S3,2083,25-29,
S3,2083,30-34,
S3,2083,35-39,
S3,2083,40-44,
S3,2083,45-49,
S3,2083,50-54,
S3,2083,55-59,
S3,2083,60-64,
S3,2083,65-69,
S3,2083,70-74,
S3,2083,75+,
S3,2083,0-8,68804122.1852133
S3,2083,9-14,48411579.370557904
S3,2083,0-17,
S3,2083,18-29,
S3,2083,30-65,
S3,2083,66+,209017526.9470445
S3,2083,15-26,100232320.02716668
S3,2083,27-45,172642339.60214332
S3,2083,46-65,198567306.04350033
S3,2084,00-04,
S3,2084,05-09,
S3,2084,10-14,
S3,2084,15-19,
S3,2084,20-24,
S3,2084,25-29,
S3,2084,30-34,
S3,2084,35-39,
S3,2084,40-44,
S3,2084,45-49,
S3,2084,50-54,
S3,2084,55-59,
S3,2084,60-64,
S3,2084,65-69,
S3,2084,70-74,
S3,2084,75+,
S3,2084,0-8,68281155.56291322
S3,2084,9-14,48008933.77382502
S3,2084,0-17,
S3,2084,18-29,
S3,2084,30-65,
S3,2084,66+,209746447.86324292
S3,2084,15-26,99559383.43637933
S3,2084,27-45,171315795.1865598
S3,2084,46-65,197749621.98693663
S3,2085,00-04,
S3,2085,05-09,
S3,2085,10-14,
S3,2085,15-19,
S3,2085,20-24,
S3,2085,25-29,
S3,2085,30-34,
S3,2085,35-39,
S3,2085,40-44,
S3,2085,45-49,
S3,2085,50-54,
S3,2085,55-59,
S3,2085,60-64,
S3,2085,65-69,
S3,2085,70-74,
S3,2085,75+,
S3,2085,0-8,67781059.55581321
S3,2085,9-14,47611587.54873648
S3,2085,0-17,
S3,2085,18-29,
S3,2085,30-65,
S3,2085,66+,210527594.34695247
S3,2085,15-26,98858188.2903996
S3,2085,27-45,170039872.94150582
S3,2085,46-65,196747653.17683926
S3,2086,00-04,
S3,2086,05-09,
S3,2086,10-14,
S3,2086,15-19,
S3,2086,20-24,
S3,2086,25-29,
S3,2086,30-34,
S3,2086,35-39,
S3,2086,40-44,
S3,2086,45-49,
S3,2086,50-54,
S3,2086,55-59,
S3,2086,60-64,
S3,2086,65-69,
S3,2086,70-74,
S3,2086,75+,
S3,2086,0-8,67289550.11874917
S3,2086,9-14,47218224.713547796
S3,2086,0-17,
S3,2086,18-29,
S3,2086,30-65,
S3,2086,66+,211089147.7638617
S3,2086,15-26,98144488.0639586
S3,2086,27-45,168794664.95081374
S3,2086,46-65,195832976.8837651
S3,2087,00-04,
S3,2087,05-09,
S3,2087,10-14,
S3,2087,15-19,
S3,2087,20-24,
S3,2087,25-29,
S3,2087,30-34,
S3,2087,35-39,
S3,2087,40-44,
S3,2087,45-49,
S3,2087,50-54,
S3,2087,55-59,
S3,2087,60-64,
S3,2087,65-69,
S3,2087,70-74,
S3,2087,75+,
S3,2087,0-8,66812717.86220035
S3,2087,9-14,46829531.14512515
S3,2087,0-17,
S3,2087,18-29,
S3,2087,30-65,
S3,2087,66+,211386667.6300902
S3,2087,15-26,97423129.81670065
S3,2087,27-45,167569229.84262437
S3,2087,46-65,195078833.55579266
S3,2088,00-04,
S3,2088,05-09,
S3,2088,10-14,
S3,2088,15-19,
S3,2088,20-24,
S3,2088,25-29,
S3,2088,30-34,
S3,2088,35-39,
S3,2088,40-44,
S3,2088,45-49,
S3,2088,50-54,
S3,2088,55-59,
S3,2088,60-64,
S3,2088,65-69,
S3,2088,70-74,
S3,2088,75+,
S3,2088,0-8,66363547.38979417
S3,2088,9-14,46451163.44828993
S3,2088,0-17,
S3,2088,18-29,
S3,2088,30-65,
S3,2088,66+,211614648.8751305
S3,2088,15-26,96683495.48046388
S3,2088,27-45,166394501.21295685
S3,2088,46-65,194279275.57774577
S3,2089,00-04,
S3,2089,05-09,
S3,2089,10-14,
S3,2089,15-19,
S3,2089,20-24,
S3,2089,25-29,
S3,2089,30-34,
S3,2089,35-39,
S3,2089,40-44,
S3,2089,45-49,
S3,2089,50-54,
S3,2089,55-59,
S3,2089,60-64,
S3,2089,65-69,
S3,2089,70-74,
S3,2089,75+,
S3,2089,0-8,65929102.6896758
S3,2089,9-14,46076991.467654936
S3,2089,0-17,
S3,2089,18-29,
S3,2089,30-65,
S3,2089,66+,211823827.29222858
S3,2089,15-26,95939292.07791804
S3,2089,27-45,165246873.91416368
S3,2089,46-65,193378406.69446558
S3,2090,00-04,
S3,2090,05-09,
S3,2090,10-14,
S3,2090,15-19,
S3,2090,20-24,
S3,2090,25-29,
S3,2090,30-34,
S3,2090,35-39,
S3,2090,40-44,
S3,2090,45-49,
S3,2090,50-54,
S3,2090,55-59,
S3,2090,60-64,
S3,2090,65-69,
S3,2090,70-74,
S3,2090,75+,
S3,2090,0-8,65502558.40732875
S3,2090,9-14,45715441.91742392
S3,2090,0-17,
S3,2090,18-29,
S3,2090,30-65,
S3,2090,66+,212017196.29345095
S3,2090,15-26,95177692.22015607
S3,2090,27-45,164138269.07615998
S3,2090,46-65,192391153.42626378
S3,2091,00-04,
S3,2091,05-09,
S3,2091,10-14,
S3,2091,15-19,
S3,2091,20-24,
S3,2091,25-29,
S3,2091,30-34,
S3,2091,35-39,
S3,2091,40-44,
S3,2091,45-49,
S3,2091,50-54,
S3,2091,55-59,
S3,2091,60-64,
S3,2091,65-69,
S3,2091,70-74,
S3,2091,75+,
S3,2091,0-8,65090648.725728534
S3,2091,9-14,45358433.600276105
S3,2091,0-17,
S3,2091,18-29,
S3,2091,30-65,
S3,2091,66+,212208468.66082162
S3,2091,15-26,94403785.91213377
S3,2091,27-45,163046274.5536952
S3,2091,46-65,191318866.6160172
S3,2092,00-04,
S3,2092,05-09,
S3,2092,10-14,
S3,2092,15-19,
S3,2092,20-24,
S3,2092,25-29,
S3,2092,30-34,
S3,2092,35-39,
S3,2092,40-44,
S3,2092,45-49,
S3,2092,50-54,
S3,2092,55-59,
S3,2092,60-64,
S3,2092,65-69,
S3,2092,70-74,
S3,2092,75+,
S3,2092,0-8,64680872.952998914
S3,2092,9-14,45015638.983502984
S3,2092,0-17,
S3,2092,18-29,
S3,2092,30-65,
S3,2092,66+,212378543.40007138
S3,2092,15-26,93624872.71974455
S3,2092,27-45,161991276.364335
S3,2092,46-65,190180954.31753367
S3,2093,00-04,
S3,2093,05-09,
S3,2093,10-14,
S3,2093,15-19,
S3,2093,20-24,
S3,2093,25-29,
S3,2093,30-34,
S3,2093,35-39,
S3,2093,40-44,
S3,2093,45-49,
S3,2093,50-54,
S3,2093,55-59,
S3,2093,60-64,
S3,2093,65-69,
S3,2093,70-74,
S3,2093,75+,
S3,2093,0-8,64279007.41454235
S3,2093,9-14,44676605.838532746
S3,2093,0-17,
S3,2093,18-29,
S3,2093,30-65,
S3,2093,66+,212543649.83059427
S3,2093,15-26,92858157.9106397
S3,2093,27-45,160957510.63129583
S3,2093,46-65,188981733.21911952
S3,2094,00-04,
S3,2094,05-09,
S3,2094,10-14,
S3,2094,15-19,
S3,2094,20-24,
S3,2094,25-29,
S3,2094,30-34,
S3,2094,35-39,
S3,2094,40-44,
S3,2094,45-49,
S3,2094,50-54,
S3,2094,55-59,
S3,2094,60-64,
S3,2094,65-69,
S3,2094,70-74,
S3,2094,75+,
S3,2094,0-8,63863669.04472142
S3,2094,9-14,44355117.098791964
S3,2094,0-17,
S3,2094,18-29,
S3,2094,30-65,
S3,2094,66+,212695089.69717956
S3,2094,15-26,92080665.2154029
S3,2094,27-45,159942815.1861427
S3,2094,46-65,187724030.27140385
S3,2095,00-04,
S3,2095,05-09,
S3,2095,10-14,
S3,2095,15-19,
S3,2095,20-24,
S3,2095,25-29,
S3,2095,30-34,
S3,2095,35-39,
S3,2095,40-44,
S3,2095,45-49,
S3,2095,50-54,
S3,2095,55-59,
S3,2095,60-64,
S3,2095,65-69,
S3,2095,70-74,
S3,2095,75+,
S3,2095,0-8,63447904.74193978
S3,2095,9-14,44046058.36262086
S3,2095,0-17,
S3,2095,18-29,
S3,2095,30-65,
S3,2095,66+,212825798.87313166
S3,2095,15-26,91313629.0491357
S3,2095,27-45,158932604.01695073
S3,2095,46-65,186430423.97865233
S3,2096,00-04,
S3,2096,05-09,
S3,2096,10-14,
S3,2096,15-19,
S3,2096,20-24,
S3,2096,25-29,
S3,2096,30-34,
S3,2096,35-39,
S3,2096,40-44,
S3,2096,45-49,
S3,2096,50-54,
S3,2096,55-59,
S3,2096,60-64,
S3,2096,65-69,
S3,2096,70-74,
S3,2096,75+,
S3,2096,0-8,63018697.36387273
S3,2096,9-14,43748389.8056242
S3,2096,0-17,
S3,2096,18-29,
S3,2096,30-65,
S3,2096,66+,212948287.05501643
S3,2096,15-26,90567139.95004116
S3,2096,27-45,157915596.27103668
S3,2096,46-65,185106112.4023871
S3,2097,00-04,
S3,2097,05-09,
S3,2097,10-14,
S3,2097,15-19,
S3,2097,20-24,
S3,2097,25-29,
S3,2097,30-34,
S3,2097,35-39,
S3,2097,40-44,
S3,2097,45-49,
S3,2097,50-54,
S3,2097,55-59,
S3,2097,60-64,
S3,2097,65-69,
S3,2097,70-74,
S3,2097,75+,
S3,2097,0-8,62586731.85109997
S3,2097,9-14,43474654.07854112
S3,2097,0-17,
S3,2097,18-29,
S3,2097,30-65,
S3,2097,66+,213071854.99129134
S3,2097,15-26,89832476.93586673
S3,2097,27-45,156884938.91860095
S3,2097,46-65,183751732.03978395
S3,2098,00-04,
S3,2098,05-09,
S3,2098,10-14,
S3,2098,15-19,
S3,2098,20-24,
S3,2098,25-29,
S3,2098,30-34,
S3,2098,35-39,
S3,2098,40-44,
S3,2098,45-49,
S3,2098,50-54,
S3,2098,55-59,
S3,2098,60-64,
S3,2098,65-69,
S3,2098,70-74,
S3,2098,75+,
S3,2098,0-8,62149484.793244384
S3,2098,9-14,43202486.50484045
S3,2098,0-17,
S3,2098,18-29,
S3,2098,30-65,
S3,2098,66+,213173868.9029168
S3,2098,15-26,89117219.17669494
S3,2098,27-45,155848717.06881112
S3,2098,46-65,182391143.92765528
S3,2099,00-04,
S3,2099,05-09,
S3,2099,10-14,
S3,2099,15-19,
S3,2099,20-24,
S3,2099,25-29,
S3,2099,30-34,
S3,2099,35-39,
S3,2099,40-44,
S3,2099,45-49,
S3,2099,50-54,
S3,2099,55-59,
S3,2099,60-64,
S3,2099,65-69,
S3,2099,70-74,
S3,2099,75+,
S3,2099,0-8,61693357.545113824
S3,2099,9-14,42940044.02831233
S3,2099,0-17,
S3,2099,18-29,
S3,2099,30-65,
S3,2099,66+,213249143.8816463
S3,2099,15-26,88406993.29790437
S3,2099,27-45,154811747.05818456
S3,2099,46-65,181031599.35213983
S3,2100,00-04,
S3,2100,05-09,
S3,2100,10-14,
S3,2100,15-19,
S3,2100,20-24,
S3,2100,25-29,
S3,2100,30-34,
S3,2100,35-39,
S3,2100,40-44,
S3,2100,45-49,
S3,2100,50-54,
S3,2100,55-59,
S3,2100,60-64,
S3,2100,65-69,
S3,2100,70-74,
S3,2100,75+,
S3,2100,0-8,61244157.91858578
S3,2100,9-14,42677365.67695158
S3,2100,0-17,
S3,2100,18-29,
S3,2100,30-65,
S3,2100,66+,213304644.14437857
S3,2100,15-26,87726649.82414842
S3,2100,27-45,153755421.398485
S3,2100,46-65,179678779.14075333
