scheme,year,band,females
S0,1950,00-04,24694668.4621128
S0,1950,05-09,19654381.27507922
S0,1950,10-14,18596033.443592682
S0,1950,15-19,16659794.442496419
S0,1950,20-24,14592569.020874128
S0,1950,25-29,12832909.62088658
S0,1950,30-34,11443040.170457333
S0,1950,35-39,10003466.737376854
S0,1950,40-44,8735326.058504716
S0,1950,45-49,6882738.658426166
S0,1950,50-54,6051233.247535288
S0,1950,55-59,4206953.869285107
S0,1950,60-64,3752303.444847524
S0,1950,65-69,2063501.3948209882
S0,1950,70-74,1618193.7331982255
S0,1950,75+,1581319.8074493706
S0,1950,0-8,
S0,1950,9-14,
S0,1950,0-17,
S0,1950,18-29,
S0,1950,30-65,
S0,1950,66+,
S0,1950,15-26,
S0,1950,27-45,
S0,1950,46-65,
S0,1951,00-04,25729316.91172876
S0,1951,05-09,19942810.936049785
S0,1951,10-14,18745684.035750926
S0,1951,15-19,16945557.581927493
S0,1951,20-24,14874550.669146463
S0,1951,25-29,13035534.199210957
S0,1951,30-34,11615750.72224103
S0,1951,35-39,10142155.669537634
S0,1951,40-44,8963628.749274597
S0,1951,45-49,7034090.865024477
S0,1951,50-54,6235673.845482528
S0,1951,55-59,4315036.430062503
S0,1951,60-64,3846416.213875383
S0,1951,65-69,2176374.426279545
S0,1951,70-74,1606493.8780661225
S0,1951,75+,1584315.3378693163
S0,1951,0-8,
S0,1951,9-14,
S0,1951,0-17,
S0,1951,18-29,
S0,1951,30-65,
S0,1951,66+,
S0,1951,15-26,
S0,1951,27-45,
S0,1951,46-65,
S0,1952,00-04,26810428.80265086
S0,1952,05-09,20315893.967723466
S0,1952,10-14,18837094.266125545
S0,1952,15-19,17251250.68827966
S0,1952,20-24,15185982.648475334
S0,1952,25-29,13262512.308932513
S0,1952,30-34,11790818.86078383
S0,1952,35-39,10304559.468063459
S0,1952,40-44,9135622.548904747
S0,1952,45-49,7284132.335697055
S0,1952,50-54,6304240.340955526
S0,1952,55-59,4551113.91247198
S0,1952,60-64,3829732.471691251
S0,1952,65-69,2387986.3315110803
S0,1952,70-74,1552220.070352286
S0,1952,75+,1603752.8337098956
S0,1952,0-8,
S0,1952,9-14,
S0,1952,0-17,
S0,1952,18-29,
S0,1952,30-65,
S0,1952,66+,
S0,1952,15-26,
S0,1952,27-45,
S0,1952,46-65,
S0,1953,00-04,27991622.06043897
S0,1953,05-09,20735781.341607876
S0,1953,10-14,18897043.281958833
S0,1953,15-19,17562273.82781604
S0,1953,20-24,15513530.963840604
S0,1953,25-29,13507063.878482893
S0,1953,30-34,11964775.106636569
S0,1953,35-39,10488655.510559887
S0,1953,40-44,9254204.548518628
S0,1953,45-49,7605649.243674964
S0,1953,50-54,6291842.975081325
S0,1953,55-59,4896707.669135541
S0,1953,60-64,3717655.372934729
S0,1953,65-69,2657211.619535625
S0,1953,70-74,1493559.5932992697
S0,1953,75+,1628914.1549118161
S0,1953,0-8,
S0,1953,9-14,
S0,1953,0-17,
S0,1953,18-29,
S0,1953,30-65,
S0,1953,66+,
S0,1953,15-26,
S0,1953,27-45,
S0,1953,46-65,
S0,1954,00-04,29299988.08020514
S0,1954,05-09,21138282.034118388
S0,1954,10-14,18982626.553368896
S0,1954,15-19,17827534.293562874
S0,1954,20-24,15826752.810625076
S0,1954,25-29,13751867.15623869
S0,1954,30-34,12132030.928168744
S0,1954,35-39,10671231.634165496
S0,1954,40-44,9350783.118488312
S0,1954,45-49,7934704.6832230985
S0,1954,50-54,6275875.6687271595
S0,1954,55-59,5242578.970156789
S0,1954,60-64,3616109.83711949
S0,1954,65-69,2904848.6770960093
S0,1954,70-74,1466987.1845494509
S0,1954,75+,1648271.5563094616
S0,1954,0-8,
S0,1954,9-14,
S0,1954,0-17,
S0,1954,18-29,
S0,1954,30-65,
S0,1954,66+,
S0,1954,15-26,
S0,1954,27-45,
S0,1954,46-65,
S0,1955,00-04,30246714.40649385
S0,1955,05-09,22028378.54241851
S0,1955,10-14,19175868.445678987
S0,1955,15-19,18026788.768844143
S0,1955,20-24,16143678.341259986
S0,1955,25-29,14029756.181331456
S0,1955,30-34,12328580.155494556
S0,1955,35-39,10852523.953379229
S0,1955,40-44,9480519.976944536
S0,1955,45-49,8200084.549652785
S0,1955,50-54,6363327.204794854
S0,1955,55-59,5479693.552192748
S0,1955,60-64,3644403.5693190396
S0,1955,65-69,3045402.3143330812
S0,1955,70-74,1517787.0377459526
S0,1955,75+,1654249.5115314126
S0,1955,0-8,
S0,1955,9-14,
S0,1955,0-17,
S0,1955,18-29,
S0,1955,30-65,
S0,1955,66+,
S0,1955,15-26,
S0,1955,27-45,
S0,1955,46-65,
S0,1956,00-04,31143317.22177499
S0,1956,05-09,23013600.708015297
S0,1956,10-14,19464351.667726725
S0,1956,15-19,18180257.035663992
S0,1956,20-24,16434693.581057921
S0,1956,25-29,14318448.031214595
S0,1956,30-34,12539403.231718585
S0,1956,35-39,11030461.784091026
S0,1956,40-44,9623440.16244942
S0,1956,45-49,8423359.68527931
S0,1956,50-54,6511966.788168073
S0,1956,55-59,5652689.638721079
S0,1956,60-64,3747918.5251151025
S0,1956,65-69,3125245.3940968513
S0,1956,70-74,1610023.0973777473
S0,1956,75+,1656899.6901204288
S0,1956,0-8,
S0,1956,9-14,
S0,1956,0-17,
S0,1956,18-29,
S0,1956,30-65,
S0,1956,66+,
S0,1956,15-26,
S0,1956,27-45,
S0,1956,46-65,
S0,1957,00-04,32004520.03271241
S0,1957,05-09,24067811.215441573
S0,1957,10-14,19836072.025079444
S0,1957,15-19,18279773.794834226
S0,1957,20-24,16743926.900279641
S0,1957,25-29,14629838.834807113
S0,1957,30-34,12767628.633339524
S0,1957,35-39,11206343.491823792
S0,1957,40-44,9786139.103773087
S0,1957,45-49,8592434.988716125
S0,1957,50-54,6751006.7441577315
S0,1957,55-59,5720849.475885421
S0,1957,60-64,3962286.680005312
S0,1957,65-69,3116096.3932062984
S0,1957,70-74,1774221.9854052365
S0,1957,75+,1640736.8559993804
S0,1957,0-8,
S0,1957,9-14,
S0,1957,0-17,
S0,1957,18-29,
S0,1957,30-65,
S0,1957,66+,
S0,1957,15-26,
S0,1957,27-45,
S0,1957,46-65,
S0,1958,00-04,32795186.2495508
S0,1958,05-09,25218099.11363939
S0,1958,10-14,20247406.05123298
S0,1958,15-19,18324681.163805336
S0,1958,20-24,17016287.143043846
S0,1958,25-29,14916027.404743135
S0,1958,30-34,12981958.715643197
S0,1958,35-39,11360465.667774826
S0,1958,40-44,9955891.580043375
S0,1958,45-49,8702804.726926655
S0,1958,50-54,7050542.106905013
S0,1958,55-59,5712789.800296843
S0,1958,60-64,4268319.966675073
S0,1958,65-69,3029187.2709754705
S0,1958,70-74,1979103.9219961762
S0,1958,75+,1624423.570916921
S0,1958,0-8,
S0,1958,9-14,
S0,1958,0-17,
S0,1958,18-29,
S0,1958,30-65,
S0,1958,66+,
S0,1958,15-26,
S0,1958,27-45,
S0,1958,46-65,
S0,1959,00-04,33521060.43984037
S0,1959,05-09,26511775.71852438
S0,1959,10-14,20654615.672317453
S0,1959,15-19,18430847.597571358
S0,1959,20-24,17305703.24643907
S0,1959,25-29,15250573.009301037
S0,1959,30-34,13244386.26395318
S0,1959,35-39,11540772.525687039
S0,1959,40-44,10145594.711211056
S0,1959,45-49,8806505.57020253
S0,1959,50-54,7365997.557474673
S0,1959,55-59,5708164.642154545
S0,1959,60-64,4577431.981763482
S0,1959,65-69,2955483.73693946
S0,1959,70-74,2167367.4409319162
S0,1959,75+,1626507.7673633099
S0,1959,0-8,
S0,1959,9-14,
S0,1959,0-17,
S0,1959,18-29,
S0,1959,30-65,
S0,1959,66+,
S0,1959,15-26,
S0,1959,27-45,
S0,1959,46-65,
S0,1960,00-04,34190030.15038795
S0,1960,05-09,27436482.351015918
S0,1960,10-14,21529961.330825657
S0,1960,15-19,18628122.82661411
S0,1960,20-24,17507786.602683187
S0,1960,25-29,15562576.200808376
S0,1960,30-34,13517295.59496376
S0,1960,35-39,11733521.17155233
S0,1960,40-44,10323634.042466015
S0,1960,45-49,8934216.605826259
S0,1960,50-54,7617507.53020224
S0,1960,55-59,5794553.362883747
S0,1960,60-64,4788859.012115955
S0,1960,65-69,2987544.0103759766
S0,1960,70-74,2273294.4261958003
S0,1960,75+,1669827.4150672257
S0,1960,0-8,
S0,1960,9-14,
S0,1960,0-17,
S0,1960,18-29,
S0,1960,30-65,
S0,1960,66+,
S0,1960,15-26,
S0,1960,27-45,
S0,1960,46-65,
S0,1961,00-04,34888635.69635677
S0,1961,05-09,28315343.35567297
S0,1961,10-14,22500294.116540685
S0,1961,15-19,18919425.97387868
S0,1961,20-24,17670218.391955063
S0,1961,25-29,15855812.005703643
S0,1961,30-34,13805594.861218184
S0,1961,35-39,11943120.71852839
S0,1961,40-44,10500567.65846023
S0,1961,45-49,9075591.74236843
S0,1961,50-54,7830680.166762471
S0,1961,55-59,5937244.035645068
S0,1961,60-64,4944313.495863557
S0,1961,65-69,3081781.88503021
S0,1961,70-74,2333534.2351373136
S0,1961,75+,1737060.5087112486
S0,1961,0-8,
S0,1961,9-14,
S0,1961,0-17,
S0,1961,18-29,
S0,1961,30-65,
S0,1961,66+,
S0,1961,15-26,
S0,1961,27-45,
S0,1961,46-65,
S0,1962,00-04,35589612.07998277
S0,1962,05-09,29164449.42277138
S0,1962,10-14,23541483.950317085
S0,1962,15-19,19290593.10654795
S0,1962,20-24,17787638.9107444
S0,1962,25-29,16173753.06165424
S0,1962,30-34,14117583.531881899
S0,1962,35-39,12170657.980993569
S0,1962,40-44,10677039.134272218
S0,1962,45-49,9238212.39155677
S0,1962,50-54,7993860.0434247255
S0,1962,55-59,6159867.859419197
S0,1962,60-64,5010328.780542612
S0,1962,65-69,3265687.422481537
S0,1962,70-74,2327843.029896021
S0,1962,75+,1837417.1711278558
S0,1962,0-8,
S0,1962,9-14,
S0,1962,0-17,
S0,1962,18-29,
S0,1962,30-65,
S0,1962,66+,
S0,1962,15-26,
S0,1962,27-45,
S0,1962,46-65,
S0,1963,00-04,36283793.7457462
S0,1963,05-09,29967970.363581456
S0,1963,10-14,24685965.080724105
S0,1963,15-19,19680624.996775374
S0,1963,20-24,17853385.624485135
S0,1963,25-29,16480755.677836046
S0,1963,30-34,14427118.901007831
S0,1963,35-39,12403433.6536721
S0,1963,40-44,10847017.831989616
S0,1963,45-49,9420525.532295257
S0,1963,50-54,8108253.228541583
S0,1963,55-59,6435990.778844327
S0,1963,60-64,5016559.418018639
S0,1963,65-69,3522508.1462919116
S0,1963,70-74,2266785.634906471
S0,1963,75+,1962174.9653120935
S0,1963,0-8,
S0,1963,9-14,
S0,1963,0-17,
S0,1963,18-29,
S0,1963,30-65,
S0,1963,66+,
S0,1963,15-26,
S0,1963,27-45,
S0,1963,46-65,
S0,1964,00-04,36999180.75736894
S0,1964,05-09,30710385.551173702
S0,1964,10-14,25973476.905809075
S0,1964,15-19,20054464.356804967
S0,1964,20-24,17957169.149504155
S0,1964,25-29,16769658.974774212
S0,1964,30-34,14746169.931217223
S0,1964,35-39,12657317.060016245
S0,1964,40-44,11027501.214286804
S0,1964,45-49,9616570.69686836
S0,1964,50-54,8210530.42638889
S0,1964,55-59,6717072.025613278
S0,1964,60-64,5027868.87949115
S0,1964,65-69,3775988.7633109093
S0,1964,70-74,2216946.092240542
S0,1964,75+,2082861.0017148852
S0,1964,0-8,
S0,1964,9-14,
S0,1964,0-17,
S0,1964,18-29,
S0,1964,30-65,
S0,1964,66+,
S0,1964,15-26,
S0,1964,27-45,
S0,1964,46-65,
S0,1965,00-04,37725943.25565689
S0,1965,05-09,31403843.862887926
S0,1965,10-14,26904594.314083055
S0,1965,15-19,20869357.213922933
S0,1965,20-24,18149870.0713059
S0,1965,25-29,16982944.69607401
S0,1965,30-34,15047543.374046177
S0,1965,35-39,12925981.07200566
S0,1965,40-44,11224665.428922504
S0,1965,45-49,9808414.608548999
S0,1965,50-54,8336010.1653442085
S0,1965,55-59,6934262.873557866
S0,1965,60-64,5123126.605906695
S0,1965,65-69,3944678.121895343
S0,1965,70-74,2247575.766223371
S0,1965,75+,2169824.592104882
S0,1965,0-8,
S0,1965,9-14,
S0,1965,0-17,
S0,1965,18-29,
S0,1965,30-65,
S0,1965,66+,
S0,1965,15-26,
S0,1965,27-45,
S0,1965,46-65,
S0,1966,00-04,38234818.77408828
S0,1966,05-09,32101497.242725566
S0,1966,10-14,27784601.683650494
S0,1966,15-19,21756715.204742596
S0,1966,20-24,18425956.046240732
S0,1966,25-29,17151907.20269358
S0,1966,30-34,15320872.55276978
S0,1966,35-39,13203298.758227527
S0,1966,40-44,11434155.706867069
S0,1966,45-49,9998807.859293729
S0,1966,50-54,8468092.66918379
S0,1966,55-59,7103588.815633267
S0,1966,60-64,5264491.957876235
S0,1966,65-69,4055631.0470759273
S0,1966,70-74,2319038.495032817
S0,1966,75+,2230452.728257656
S0,1966,0-8,
S0,1966,9-14,
S0,1966,0-17,
S0,1966,18-29,
S0,1966,30-65,
S0,1966,66+,
S0,1966,15-26,
S0,1966,27-45,
S0,1966,46-65,
S0,1967,00-04,38674526.27900685
S0,1967,05-09,32814089.79000546
S0,1967,10-14,28633591.0299602
S0,1967,15-19,22686366.227740765
S0,1967,20-24,18764084.09177597
S0,1967,25-29,17253966.352127492
S0,1967,30-34,15592903.166621923
S0,1967,35-39,13490359.705005199
S0,1967,40-44,11653889.553089142
S0,1967,45-49,10188047.642095447
S0,1967,50-54,8614766.74040556
S0,1967,55-59,7219859.051964521
S0,1967,60-64,5480456.6088885665
S0,1967,65-69,4088120.8415049314
S0,1967,70-74,2456695.589140862
S0,1967,75+,2266999.1656281054
S0,1967,0-8,
S0,1967,9-14,
S0,1967,0-17,
S0,1967,18-29,
S0,1967,30-65,
S0,1967,66+,
S0,1967,15-26,
S0,1967,27-45,
S0,1967,46-65,
S0,1968,00-04,39076358.38363532
S0,1968,05-09,33553901.428337775
S0,1968,10-14,29441102.115273863
S0,1968,15-19,23722510.200743183
S0,1968,20-24,19186459.152830914
S0,1968,25-29,17365646.907194674
S0,1968,30-34,15892882.044357032
S0,1968,35-39,13807667.772751719
S0,1968,40-44,11900222.697154969
S0,1968,45-49,10387374.82595545
S0,1968,50-54,8783035.965372115
S0,1968,55-59,7291197.6170654
S0,1968,60-64,5753964.73587963
S0,1968,65-69,4068959.363051176
S0,1968,70-74,2647544.88702178
S0,1968,75+,2282033.8851095736
S0,1968,0-8,
S0,1968,9-14,
S0,1968,0-17,
S0,1968,18-29,
S0,1968,30-65,
S0,1968,66+,
S0,1968,15-26,
S0,1968,27-45,
S0,1968,46-65,
S0,1969,00-04,39565300.14814071
S0,1969,05-09,34342168.247556016
S0,1969,10-14,30185159.20888409
S0,1969,15-19,24842260.833608195
S0,1969,20-24,19545527.98723106
S0,1969,25-29,17457109.317239076
S0,1969,30-34,16125624.928435296
S0,1969,35-39,14108979.311893046
S0,1969,40-44,12152787.886874467
S0,1969,45-49,10592380.101352364
S0,1969,50-54,8956982.751501977
S0,1969,55-59,7347695.444036901
S0,1969,60-64,6043265.5405885875
S0,1969,65-69,4054523.0278897583
S0,1969,70-74,2839053.971652776
S0,1969,75+,2310133.7717334926
S0,1969,0-8,
S0,1969,9-14,
S0,1969,0-17,
S0,1969,18-29,
S0,1969,30-65,
S0,1969,66+,
S0,1969,15-26,
S0,1969,27-45,
S0,1969,46-65,
S0,1970,00-04,40004628.33210389
S0,1970,05-09,35153673.04750635
S0,1970,10-14,30877756.821022093
S0,1970,15-19,25613068.116989702
S0,1970,20-24,20373473.586906612
S0,1970,25-29,17657251.81837672
S0,1970,30-34,16292997.899316072
S0,1970,35-39,14404991.511817276
S0,1970,40-44,12427514.674997687
S0,1970,45-49,10820680.271751165
S0,1970,50-54,9124605.909917712
S0,1970,55-59,7421214.669922024
S0,1970,60-64,6284599.513932079
S0,1970,65-69,4103400.1092895865
S0,1970,70-74,2967202.0268234313
S0,1970,75+,2371237.90606761
S0,1970,0-8,
S0,1970,9-14,
S0,1970,0-17,
S0,1970,18-29,
S0,1970,30-65,
S0,1970,66+,
S0,1970,15-26,
S0,1970,27-45,
S0,1970,46-65,
S0,1971,00-04,40496057.97110565
S0,1971,05-09,35917944.29206176
S0,1971,10-14,31601270.32753913
S0,1971,15-19,26372910.32159774
S0,1971,20-24,21376667.3719379
S0,1971,25-29,18023383.31558633
S0,1971,30-34,16470756.348985076
S0,1971,35-39,14716823.301888496
S0,1971,40-44,12739998.902256876
S0,1971,45-49,11083666.53834486
S0,1971,50-54,9300166.170263678
S0,1971,55-59,7506877.342891425
S0,1971,60-64,6501338.1162337065
S0,1971,65-69,4191780.820886135
S0,1971,70-74,3060247.904107034
S0,1971,75+,2452589.39493382
S0,1971,0-8,
S0,1971,9-14,
S0,1971,0-17,
S0,1971,18-29,
S0,1971,30-65,
S0,1971,66+,
S0,1971,15-26,
S0,1971,27-45,
S0,1971,46-65,
S0,1972,00-04,41013994.60287454
S0,1972,05-09,36665791.52707394
S0,1972,10-14,32325006.056957692
S0,1972,15-19,27036497.11632581
S0,1972,20-24,22369966.46320623
S0,1972,25-29,18398851.562865406
S0,1972,30-34,16542607.32919544
S0,1972,35-39,15007268.250260532
S0,1972,40-44,13049161.899355352
S0,1972,45-49,11350485.823637873
S0,1972,50-54,9464292.011057138
S0,1972,55-59,7597753.027240276
S0,1972,60-64,6676480.505429357
S0,1972,65-69,4331824.753716499
S0,1972,70-74,3097789.2907175124
S0,1972,75+,2564326.686551571
S0,1972,0-8,
S0,1972,9-14,
S0,1972,0-17,
S0,1972,18-29,
S0,1972,30-65,
S0,1972,66+,
S0,1972,15-26,
S0,1972,27-45,
S0,1972,46-65,
S0,1973,00-04,41515480.37169326
S0,1973,05-09,37439166.63995247
S0,1973,10-14,33077237.04510434
S0,1973,15-19,27676956.900661334
S0,1973,20-24,23530910.264000207
S0,1973,25-29,18883858.63758698
S0,1973,30-34,16627585.247056901
S0,1973,35-39,15330917.991304994
S0,1973,40-44,13391193.579675853
S0,1973,45-49,11647456.80724737
S0,1973,50-54,9634446.592721492
S0,1973,55-59,7705069.472440302
S0,1973,60-64,6820456.023849517
S0,1973,65-69,4511772.129509181
S0,1973,70-74,3102031.069587171
S0,1973,75+,2699430.965277374
S0,1973,0-8,
S0,1973,9-14,
S0,1973,0-17,
S0,1973,18-29,
S0,1973,30-65,
S0,1973,66+,
S0,1973,15-26,
S0,1973,27-45,
S0,1973,46-65,
S0,1974,00-04,42019892.62190293
S0,1974,05-09,38247540.03432605
S0,1974,10-14,33854318.71042535
S0,1974,15-19,28223083.80747871
S0,1974,20-24,24805883.84754744
S0,1974,25-29,19347697.13721463
S0,1974,30-34,16725868.128956199
S0,1974,35-39,15617921.208252281
S0,1974,40-44,13734986.57468015
S0,1974,45-49,11961938.298248768
S0,1974,50-54,9809200.18932873
S0,1974,55-59,7814579.731279403
S0,1974,60-64,6957294.749687701
S0,1974,65-69,4694420.524048746
S0,1974,70-74,3111868.5092733502
S0,1974,75+,2838341.296420634
S0,1974,0-8,
S0,1974,9-14,
S0,1974,0-17,
S0,1974,18-29,
S0,1974,30-65,
S0,1974,66+,
S0,1974,15-26,
S0,1974,27-45,
S0,1974,46-65,
S0,1975,00-04,42581252.55483145
S0,1975,05-09,39052011.88524937
S0,1975,10-14,34654756.64596853
S0,1975,15-19,28730945.91261506
S0,1975,20-24,25792022.81375426
S0,1975,25-29,20322230.981227398
S0,1975,30-34,16951578.72016388
S0,1975,35-39,15860945.07539612
S0,1975,40-44,14086523.607673049
S0,1975,45-49,12308748.09203887
S0,1975,50-54,10007016.661418587
S0,1975,55-59,7920515.073723257
S0,1975,60-64,7122448.951549351
S0,1975,65-69,4837680.8946272135
S0,1975,70-74,3177620.8712031245
S0,1975,75+,2961239.257264793
S0,1975,0-8,
S0,1975,9-14,
S0,1975,0-17,
S0,1975,18-29,
S0,1975,30-65,
S0,1975,66+,
S0,1975,15-26,
S0,1975,27-45,
S0,1975,46-65,
S0,1976,00-04,43065934.24721243
S0,1976,05-09,39920538.11413524
S0,1976,10-14,35391863.758138
S0,1976,15-19,29241125.83889109
S0,1976,20-24,26741708.54553017
S0,1976,25-29,21408964.29609725
S0,1976,30-34,17271135.6014753
S0,1976,35-39,16070619.756599993
S0,1976,40-44,14424740.506927133
S0,1976,45-49,12675951.851487845
S0,1976,50-54,10221860.744297028
S0,1976,55-59,8025793.579375744
S0,1976,60-64,7303583.896946847
S0,1976,65-69,4956283.3083103895
S0,1976,70-74,3277394.4854658246
S0,1976,75+,3076894.4167246222
S0,1976,0-8,
S0,1976,9-14,
S0,1976,0-17,
S0,1976,18-29,
S0,1976,30-65,
S0,1976,66+,
S0,1976,15-26,
S0,1976,27-45,
S0,1976,46-65,
S0,1977,00-04,43561229.3799829
S0,1977,05-09,40865058.83249618
S0,1977,10-14,36114931.44510707
S0,1977,15-19,29740309.56665677
S0,1977,20-24,27647311.297480345
S0,1977,25-29,22566478.99549222
S0,1977,30-34,17663370.740838885
S0,1977,35-39,16227446.327466905
S0,1977,40-44,14775844.777495831
S0,1977,45-49,13063537.269839048
S0,1977,50-54,10449800.634124786
S0,1977,55-59,8128496.6036890745
S0,1977,60-64,7503050.938468099
S0,1977,65-69,5043662.55653131
S0,1977,70-74,3422956.9181267023
S0,1977,75+,3178190.541975558
S0,1977,0-8,
S0,1977,9-14,
S0,1977,0-17,
S0,1977,18-29,
S0,1977,30-65,
S0,1977,66+,
S0,1977,15-26,
S0,1977,27-45,
S0,1977,46-65,
S0,1978,00-04,43972651.16010669
S0,1978,05-09,41820205.38318047
S0,1978,10-14,36851672.08858502
S0,1978,15-19,30254984.543397456
S0,1978,20-24,28521859.961764187
S0,1978,25-29,23856450.215243965
S0,1978,30-34,18117577.08654496
S0,1978,35-39,16368891.107814014
S0,1978,40-44,15140998.686851382
S0,1978,45-49,13472897.144088328
S0,1978,50-54,10694718.248227537
S0,1978,55-59,8232312.388815403
S0,1978,60-64,7722481.878964245
S0,1978,65-69,5103836.040557623
S0,1978,70-74,3600935.093367219
S0,1978,75+,3272181.4080284834
S0,1978,0-8,
S0,1978,9-14,
S0,1978,0-17,
S0,1978,18-29,
S0,1978,30-65,
S0,1978,66+,
S0,1978,15-26,
S0,1978,27-45,
S0,1978,46-65,
S0,1979,00-04,44326264.26459873
S0,1979,05-09,42808052.57077059
S0,1979,10-14,37612744.244883984
S0,1979,15-19,30754889.01836157
S0,1979,20-24,29267447.06384006
S0,1979,25-29,25237841.91234842
S0,1979,30-34,18532045.553999007
S0,1979,35-39,16514807.364958584
S0,1979,40-44,15465060.419059366
S0,1979,45-49,13881894.906553656
S0,1979,50-54,10950816.815490723
S0,1979,55-59,8339701.71198374
S0,1979,60-64,7948935.414323926
S0,1979,65-69,5156056.063246727
S0,1979,70-74,3781956.0555784106
S0,1979,75+,3370212.198840201
S0,1979,0-8,
S0,1979,9-14,
S0,1979,0-17,
S0,1979,18-29,
S0,1979,30-65,
S0,1979,66+,
S0,1979,15-26,
S0,1979,27-45,
S0,1979,46-65,
S0,1980,00-04,44760169.78947036
S0,1980,05-09,43873174.507483944
S0,1980,10-14,38371925.6591533
S0,1980,15-19,31306704.548367962
S0,1980,20-24,30023011.22266549
S0,1980,25-29,26345837.19589573
S0,1980,30-34,19429896.547750503
S0,1980,35-39,16784509.30777055
S0,1980,40-44,15744312.483705372
S0,1980,45-49,14298823.848204523
S0,1980,50-54,11233983.588478863
S0,1980,55-59,8468189.226136267
S0,1980,60-64,8176836.540262103
S0,1980,65-69,5227256.650826514
S0,1980,70-74,3931502.8598731756
S0,1980,75+,3489731.8736510277
S0,1980,0-8,
S0,1980,9-14,
S0,1980,0-17,
S0,1980,18-29,
S0,1980,30-65,
S0,1980,66+,
S0,1980,15-26,
S0,1980,27-45,
S0,1980,46-65,
S0,1981,00-04,45368445.34224921
S0,1981,05-09,44884505.45556343
S0,1981,10-14,39186120.77309984
S0,1981,15-19,31779067.088409662
S0,1981,20-24,30751735.61983323
S0,1981,25-29,27380608.820132464
S0,1981,30-34,20400383.530094862
S0,1981,35-39,17127630.19748649
S0,1981,40-44,15977929.010971129
S0,1981,45-49,14694558.570493698
S0,1981,50-54,11529332.2251544
S0,1981,55-59,8610628.613971353
S0,1981,60-64,8406220.103553057
S0,1981,65-69,5307669.786909938
S0,1981,70-74,4061154.80658257
S0,1981,75+,3622715.282833576
S0,1981,0-8,
S0,1981,9-14,
S0,1981,0-17,
S0,1981,18-29,
S0,1981,30-65,
S0,1981,66+,
S0,1981,15-26,
S0,1981,27-45,
S0,1981,46-65,
S0,1982,00-04,45957253.24302575
S0,1982,05-09,45916131.314147085
S0,1982,10-14,40071717.18226853
S0,1982,15-19,32237748.10761872
S0,1982,20-24,31472694.896179914
S0,1982,25-29,28371868.618001997
S0,1982,30-34,21433914.76448053
S0,1982,35-39,17543659.94947985
S0,1982,40-44,16159019.917067736
S0,1982,45-49,15103091.438931525
S0,1982,50-54,11841477.341482043
S0,1982,55-59,8766401.006943882
S0,1982,60-64,8635631.911006808
S0,1982,65-69,5400497.802399278
S0,1982,70-74,4166244.7443646193
S0,1982,75+,3772241.682295978
S0,1982,0-8,
S0,1982,9-14,
S0,1982,0-17,
S0,1982,18-29,
S0,1982,30-65,
S0,1982,66+,
S0,1982,15-26,
S0,1982,27-45,
S0,1982,46-65,
S0,1983,00-04,46646313.85028584
S0,1983,05-09,46874910.57466155
S0,1983,10-14,40967099.705253586
S0,1983,15-19,32715308.864920646
S0,1983,20-24,32204377.916889906
S0,1983,25-29,29308562.772773325
S0,1983,30-34,22567301.37719059
S0,1983,35-39,18005893.64092788
S0,1983,40-44,16313992.739885867
S0,1983,45-49,15518369.230704963
S0,1983,50-54,12168537.999884069
S0,1983,55-59,8937565.679240108
S0,1983,60-64,8866901.252603829
S0,1983,65-69,5507411.807428837
S0,1983,70-74,4249891.682728291
S0,1983,75+,3936231.8691797256
S0,1983,0-8,
S0,1983,9-14,
S0,1983,0-17,
S0,1983,18-29,
S0,1983,30-65,
S0,1983,66+,
S0,1983,15-26,
S0,1983,27-45,
S0,1983,46-65,
S0,1984,00-04,47408192.6062635
S0,1984,05-09,47788067.385108426
S0,1984,10-14,41902050.39794305
S0,1984,15-19,33237624.593930602
S0,1984,20-24,32969051.708185107
S0,1984,25-29,30178177.12661317
S0,1984,30-34,23838110.981856197
S0,1984,35-39,18468266.069880962
S0,1984,40-44,16498418.149285376
S0,1984,45-49,15906580.404635072
S0,1984,50-54,12504276.606494844
S0,1984,55-59,9126931.426642954
S0,1984,60-64,9106672.403339684
S0,1984,65-69,5622671.033073902
S0,1984,70-74,4329576.57599014
S0,1984,75+,4104369.022298336
S0,1984,0-8,
S0,1984,9-14,
S0,1984,0-17,
S0,1984,18-29,
S0,1984,30-65,
S0,1984,66+,
S0,1984,15-26,
S0,1984,27-45,
S0,1984,46-65,
S0,1985,00-04,48193255.23974167
S0,1985,05-09,48751938.71148878
S0,1985,10-14,42897060.20497753
S0,1985,15-19,33751193.539844036
S0,1985,20-24,33733814.457215935
S0,1985,25-29,30969059.18220848
S0,1985,30-34,24776627.243465245
S0,1985,35-39,19359364.356597453
S0,1985,40-44,16769121.339272797
S0,1985,45-49,16220526.127291203
S0,1985,50-54,12831896.55069691
S0,1985,55-59,9334133.717247725
S0,1985,60-64,9361731.263289273
S0,1985,65-69,5737761.262008548
S0,1985,70-74,4423811.674328923
S0,1985,75+,4265941.8485453725
S0,1985,0-8,
S0,1985,9-14,
S0,1985,0-17,
S0,1985,18-29,
S0,1985,30-65,
S0,1985,66+,
S0,1985,15-26,
S0,1985,27-45,
S0,1985,46-65,
S0,1986,00-04,48873986.19184814
S0,1986,05-09,49898722.98078234
S0,1986,10-14,43836935.935152456
S0,1986,15-19,34325942.78408638
S0,1986,20-24,34428859.46950728
S0,1986,25-29,31758481.83450687
S0,1986,30-34,25670900.228072822
S0,1986,35-39,20341449.01243794
S0,1986,40-44,17122712.719944835
S0,1986,45-49,16489215.076778173
S0,1986,50-54,13143403.769339025
S0,1986,55-59,9556799.566561937
S0,1986,60-64,9630518.585897923
S0,1986,65-69,5857385.024130523
S0,1986,70-74,4526960.828908324
S0,1986,75+,4425311.119243681
S0,1986,0-8,
S0,1986,9-14,
S0,1986,0-17,
S0,1986,18-29,
S0,1986,30-65,
S0,1986,66+,
S0,1986,15-26,
S0,1986,27-45,
S0,1986,46-65,
S0,1987,00-04,49623264.55733692
S0,1987,05-09,51015344.10764823
S0,1987,10-14,44795436.01028955
S0,1987,15-19,34975026.329413265
S0,1987,20-24,35100193.03200242
S0,1987,25-29,32533923.817949474
S0,1987,30-34,26526241.6233851
S0,1987,35-39,21387842.24414277
S0,1987,40-44,17548256.99711114
S0,1987,45-49,16698766.558167994
S0,1987,50-54,13467110.216542304
S0,1987,55-59,9797751.138410091
S0,1987,60-64,9910019.347130597
S0,1987,65-69,5981180.939733446
S0,1987,70-74,4641459.302682936
S0,1987,75+,4583231.55206573
S0,1987,0-8,
S0,1987,9-14,
S0,1987,0-17,
S0,1987,18-29,
S0,1987,30-65,
S0,1987,66+,
S0,1987,15-26,
S0,1987,27-45,
S0,1987,46-65,
S0,1988,00-04,50255454.18340994
S0,1988,05-09,52221491.080603115
S0,1988,10-14,45677412.09456512
S0,1988,15-19,35647276.04803833
S0,1988,20-24,35781708.24376261
S0,1988,25-29,33310456.580770373
S0,1988,30-34,27329727.1783278
S0,1988,35-39,22531066.181874633
S0,1988,40-44,18015779.009254813
S0,1988,45-49,16873035.01612568
S0,1988,50-54,13795772.533423424
S0,1988,55-59,10054180.49101168
S0,1988,60-64,10199408.304738462
S0,1988,65-69,6110250.391972065
S0,1988,70-74,4767556.951605082
S0,1988,75+,4740067.471441746
S0,1988,0-8,
S0,1988,9-14,
S0,1988,0-17,
S0,1988,18-29,
S0,1988,30-65,
S0,1988,66+,
S0,1988,15-26,
S0,1988,27-45,
S0,1988,46-65,
S0,1989,00-04,50839056.34044735
S0,1989,05-09,53476475.97467621
S0,1989,10-14,46508852.8748368
S0,1989,15-19,36371080.737139076
S0,1989,20-24,36495408.90896329
S0,1989,25-29,34100489.4785499
S0,1989,30-34,28062362.66542715
S0,1989,35-39,23801360.625870526
S0,1989,40-44,18474549.17948401
S0,1989,45-49,17066319.894630432
S0,1989,50-54,14098282.572670758
S0,1989,55-59,10320658.208204925
S0,1989,60-64,10499857.795141757
S0,1989,65-69,6249581.402736485
S0,1989,70-74,4899810.825022519
S0,1989,75+,4900335.376546979
S0,1989,0-8,
S0,1989,9-14,
S0,1989,0-17,
S0,1989,18-29,
S0,1989,30-65,
S0,1989,66+,
S0,1989,15-26,
S0,1989,27-45,
S0,1989,46-65,
S0,1990,00-04,51338114.39546683
S0,1990,05-09,54724175.818640776
S0,1990,10-14,47387898.3780109
S0,1990,15-19,37171855.57170278
S0,1990,20-24,37199537.34265643
S0,1990,25-29,34896993.087963045
S0,1990,30-34,28737558.08577621
S0,1990,35-39,24745365.981963992
S0,1990,40-44,19365294.755855203
S0,1990,45-49,17344492.21815914
S0,1990,50-54,14337992.81513393
S0,1990,55-59,10586396.969721913
S0,1990,60-64,10811541.021559179
S0,1990,65-69,6405391.918513417
S0,1990,70-74,5031151.881967425
S0,1990,75+,5068868.590151012
S0,1990,0-8,
S0,1990,9-14,
S0,1990,0-17,
S0,1990,18-29,
S0,1990,30-65,
S0,1990,66+,
S0,1990,15-26,
S0,1990,27-45,
S0,1990,46-65,
S0,1991,00-04,51773088.35680756
S0,1991,05-09,55819219.32787931
S0,1991,10-14,48445839.37129262
S0,1991,15-19,37952436.08836585
S0,1991,20-24,37967716.294614434
S0,1991,25-29,35624557.31279123
S0,1991,30-34,29426782.676489234
S0,1991,35-39,25648791.185863912
S0,1991,40-44,20347845.764680743
S0,1991,45-49,17703597.313202143
S0,1991,50-54,14542090.42348361
S0,1991,55-59,10845521.432008028
S0,1991,60-64,11130170.611651719
S0,1991,65-69,6577217.983889163
S0,1991,70-74,5165093.493795395
S0,1991,75+,5244744.200311303
S0,1991,0-8,
S0,1991,9-14,
S0,1991,0-17,
S0,1991,18-29,
S0,1991,30-65,
S0,1991,66+,
S0,1991,15-26,
S0,1991,27-45,
S0,1991,46-65,
S0,1992,00-04,52078299.23528223
S0,1992,05-09,57144079.23964307
S0,1992,10-14,49736681.69292627
S0,1992,15-19,38778473.32101682
S0,1992,20-24,38420246.75954801
S0,1992,25-29,36209475.392234296
S0,1992,30-34,30308902.88579619
S0,1992,35-39,26781439.759293795
S0,1992,40-44,20965914.193269014
S0,1992,45-49,17718130.046244442
S0,1992,50-54,14553154.172444224
S0,1992,55-59,11337007.605303526
S0,1992,60-64,11432682.985250592
S0,1992,65-69,6922356.815140486
S0,1992,70-74,5353279.956766307
S0,1992,75+,5446529.729400992
S0,1992,0-8,
S0,1992,9-14,
S0,1992,0-17,
S0,1992,18-29,
S0,1992,30-65,
S0,1992,66+,
S0,1992,15-26,
S0,1992,27-45,
S0,1992,46-65,
S0,1993,00-04,52395627.7464601
S0,1993,05-09,58277965.831968255
S0,1993,10-14,51131500.04355553
S0,1993,15-19,39557707.681301475
S0,1993,20-24,38912240.92397553
S0,1993,25-29,36821641.41659129
S0,1993,30-34,31201949.344100833
S0,1993,35-39,27882284.262180865
S0,1993,40-44,21690464.029002964
S0,1993,45-49,17789318.471515417
S0,1993,50-54,14545347.939163208
S0,1993,55-59,11827640.87023741
S0,1993,60-64,11753990.40062517
S0,1993,65-69,7286106.073292971
S0,1993,70-74,5544913.1347029805
S0,1993,75+,5655968.390255153
S0,1993,0-8,
S0,1993,9-14,
S0,1993,0-17,
S0,1993,18-29,
S0,1993,30-65,
S0,1993,66+,
S0,1993,15-26,
S0,1993,27-45,
S0,1993,46-65,
S0,1994,00-04,52623075.37984961
S0,1994,05-09,59278148.018390834
S0,1994,10-14,52581795.10838404
S0,1994,15-19,40297994.056458
S0,1994,20-24,39451472.31388891
S0,1994,25-29,37458762.94623658
S0,1994,30-34,32099544.17100036
S0,1994,35-39,28912269.32980883
S0,1994,40-44,22543940.90828961
S0,1994,45-49,17866754.58053273
S0,1994,50-54,14563453.638844788
S0,1994,55-59,12285478.158108592
S0,1994,60-64,12084693.102965117
S0,1994,65-69,7667380.958511949
S0,1994,70-74,5742015.6898447275
S0,1994,75+,5871189.408745766
S0,1994,0-8,
S0,1994,9-14,
S0,1994,0-17,
S0,1994,18-29,
S0,1994,30-65,
S0,1994,66+,
S0,1994,15-26,
S0,1994,27-45,
S0,1994,46-65,
S0,1995,00-04,52821742.27248668
S0,1995,05-09,60101363.82946683
S0,1995,10-14,54028886.99325496
S0,1995,15-19,41070736.334122896
S0,1995,20-24,40035205.35200709
S0,1995,25-29,38041501.71649182
S0,1995,30-34,32967715.072232366
S0,1995,35-39,29858622.342134118
S0,1995,40-44,23096008.893864155
S0,1995,45-49,18371211.05104679
S0,1995,50-54,14659795.976663113
S0,1995,55-59,12672375.437459052
S0,1995,60-64,12410142.65809238
S0,1995,65-69,8065138.389135599
S0,1995,70-74,5949037.863636076
S0,1995,75+,6090879.122263789
S0,1995,0-8,
S0,1995,9-14,
S0,1995,0-17,
S0,1995,18-29,
S0,1995,30-65,
S0,1995,66+,
S0,1995,15-26,
S0,1995,27-45,
S0,1995,46-65,
S0,1996,00-04,53043944.08969497
S0,1996,05-09,60786623.82828463
S0,1996,10-14,55338884.40524295
S0,1996,15-19,42032615.559934825
S0,1996,20-24,40634194.2925708
S0,1996,25-29,38713307.900754124
S0,1996,30-34,33780514.182733834
S0,1996,35-39,30818900.27289498
S0,1996,40-44,23647877.329074264
S0,1996,45-49,18983596.351123095
S0,1996,50-54,14838086.000150502
S0,1996,55-59,13013478.27246654
S0,1996,60-64,12726580.687245071
S0,1996,65-69,8477539.835127234
S0,1996,70-74,6165445.704281807
S0,1996,75+,6316826.364269137
S0,1996,0-8,
S0,1996,9-14,
S0,1996,0-17,
S0,1996,18-29,
S0,1996,30-65,
S0,1996,66+,
S0,1996,15-26,
S0,1996,27-45,
S0,1996,46-65,
S0,1997,00-04,53251118.6918001
S0,1997,05-09,61272619.87099573
S0,1997,10-14,56677776.38026433
S0,1997,15-19,42981685.414179444
S0,1997,20-24,41290196.21835351
S0,1997,25-29,39458238.20561355
S0,1997,30-34,34565154.83558637
S0,1997,35-39,31765030.869593024
S0,1997,40-44,24205196.789545536
S0,1997,45-49,19681620.125344574
S0,1997,50-54,15085039.435685098
S0,1997,55-59,13294277.704215884
S0,1997,60-64,13059903.518293023
S0,1997,65-69,8902684.626579285
S0,1997,70-74,6387675.100454569
S0,1997,75+,6548696.661315978
S0,1997,0-8,
S0,1997,9-14,
S0,1997,0-17,
S0,1997,18-29,
S0,1997,30-65,
S0,1997,66+,
S0,1997,15-26,
S0,1997,27-45,
S0,1997,46-65,
S0,1998,00-04,53459374.54732821
S0,1998,05-09,61751727.80732504
S0,1998,10-14,57840510.384003714
S0,1998,15-19,44023162.88364652
S0,1998,20-24,41924762.99125251
S0,1998,25-29,40212702.6486918
S0,1998,30-34,35345203.06365174
S0,1998,35-39,32697217.527750373
S0,1998,40-44,24758722.527089417
S0,1998,45-49,20502397.97108376
S0,1998,50-54,15373787.589437127
S0,1998,55-59,13532387.47717452
S0,1998,60-64,13403493.719112575
S0,1998,65-69,9335818.394590855
S0,1998,70-74,6615622.520885885
S0,1998,75+,6787720.566686571
S0,1998,0-8,
S0,1998,9-14,
S0,1998,0-17,
S0,1998,18-29,
S0,1998,30-65,
S0,1998,66+,
S0,1998,15-26,
S0,1998,27-45,
S0,1998,46-65,
S0,1999,00-04,53709273.88723676
S0,1999,05-09,62114693.379251316
S0,1999,10-14,58879303.05157006
S0,1999,15-19,45120663.67977503
S0,1999,20-24,42566367.89048183
S0,1999,25-29,41002924.99929389
S0,1999,30-34,36136983.33086687
S0,1999,35-39,33616390.34912324
S0,1999,40-44,25295904.29233986
S0,1999,45-49,21482812.12845081
S0,1999,50-54,15660869.619852722
S0,1999,55-59,13769458.399832249
S0,1999,60-64,13725982.567587078
S0,1999,65-69,9768551.255604029
S0,1999,70-74,6849968.165005565
S0,1999,75+,7036466.601935923
S0,1999,0-8,
S0,1999,9-14,
S0,1999,0-17,
S0,1999,18-29,
S0,1999,30-65,
S0,1999,66+,
S0,1999,15-26,
S0,1999,27-45,
S0,1999,46-65,
S0,2000,00-04,53961533.69475287
S0,2000,05-09,62440542.630317986
S0,2000,10-14,59743014.55832684
S0,2000,15-19,46224385.09381634
S0,2000,20-24,43304874.13174218
S0,2000,25-29,41845802.323913515
S0,2000,30-34,36887251.98657042
S0,2000,35-39,34498476.11575496
S0,2000,40-44,25830587.247621417
S0,2000,45-49,22229908.20478177
S0,2000,50-54,16321256.216855764
S0,2000,55-59,14056356.803605795
S0,2000,60-64,13990213.910431564
S0,2000,65-69,10186617.058345318
S0,2000,70-74,7091033.215563118
S0,2000,75+,7298096.4442439675
S0,2000,0-8,
S0,2000,9-14,
S0,2000,0-17,
S0,2000,18-29,
S0,2000,30-65,
S0,2000,66+,
S0,2000,15-26,
S0,2000,27-45,
S0,2000,46-65,
S0,2001,00-04,54335251.77941387
S0,2001,05-09,62775609.062599696
S0,2001,10-14,60449484.09663513
S0,2001,15-19,47215844.03441024
S0,2001,20-24,44272146.53408909
S0,2001,25-29,42634817.751206934
S0,2001,30-34,37669250.71896511
S0,2001,35-39,35259859.73102611
S0,2001,40-44,26432955.320123613
S0,2001,45-49,23018267.93171203
S0,2001,50-54,17061834.09264344
S0,2001,55-59,14389410.670458198
S0,2001,60-64,14223529.402764738
S0,2001,65-69,10579459.221992016
S0,2001,70-74,7335418.601219356
S0,2001,75+,7573654.886939347
S0,2001,0-8,
S0,2001,9-14,
S0,2001,0-17,
S0,2001,18-29,
S0,2001,30-65,
S0,2001,66+,
S0,2001,15-26,
S0,2001,27-45,
S0,2001,46-65,
S0,2002,00-04,54819814.03538368
S0,2002,05-09,63025972.16878905
S0,2002,10-14,60953825.600440115
S0,2002,15-19,48310029.05793771
S0,2002,20-24,45266352.00852585
S0,2002,25-29,43450038.715265095
S0,2002,30-34,38502722.411634624
S0,2002,35-39,35980404.469417214
S0,2002,40-44,27092640.529504478
S0,2002,45-49,23824141.037291765
S0,2002,50-54,17858628.524906933
S0,2002,55-59,14762748.391425371
S0,2002,60-64,14424197.761277437
S0,2002,65-69,10979270.079704762
S0,2002,70-74,7588304.40212369
S0,2002,75+,7860104.889971256
S0,2002,0-8,
S0,2002,9-14,
S0,2002,0-17,
S0,2002,18-29,
S0,2002,30-65,
S0,2002,66+,
S0,2002,15-26,
S0,2002,27-45,
S0,2002,46-65,
S0,2003,00-04,55249449.96421233
S0,2003,05-09,63139972.69990924
S0,2003,10-14,61443876.22346461
S0,2003,15-19,49344595.56522465
S0,2003,20-24,46300990.26664609
S0,2003,25-29,44127324.21401149
S0,2003,30-34,39269744.762027144
S0,2003,35-39,36676594.99547082
S0,2003,40-44,27787065.674598277
S0,2003,45-49,24577748.90739566
S0,2003,50-54,18723798.455983758
S0,2003,55-59,15145636.771372557
S0,2003,60-64,14616557.26991874
S0,2003,65-69,11387735.85663402
S0,2003,70-74,7851568.742118716
S0,2003,75+,8157004.102758527
S0,2003,0-8,
S0,2003,9-14,
S0,2003,0-17,
S0,2003,18-29,
S0,2003,30-65,
S0,2003,66+,
S0,2003,15-26,
S0,2003,27-45,
S0,2003,46-65,
S0,2004,00-04,55554633.21722066
S0,2004,05-09,63178404.24870197
S0,2004,10-14,61811978.92725679
S0,2004,15-19,50404542.260123104
S0,2004,20-24,47416734.75093147
S0,2004,25-29,44760574.505589664
S0,2004,30-34,40043908.67538732
S0,2004,35-39,37398049.44186264
S0,2004,40-44,28546669.206252694
S0,2004,45-49,25275522.4211635
S0,2004,50-54,19685776.415047348
S0,2004,55-59,15495008.017739713
S0,2004,60-64,14848615.626906097
S0,2004,65-69,11775817.537042856
S0,2004,70-74,8118882.935088515
S0,2004,75+,8463385.258940458
S0,2004,0-8,
S0,2004,9-14,
S0,2004,0-17,
S0,2004,18-29,
S0,2004,30-65,
S0,2004,66+,
S0,2004,15-26,
S0,2004,27-45,
S0,2004,46-65,
S0,2005,00-04,55755752.78889096
S0,2005,05-09,63096185.342469305
S0,2005,10-14,62120888.70408389
S0,2005,15-19,51444287.856931806
S0,2005,20-24,48586920.62784326
S0,2005,25-29,45463052.80479878
S0,2005,30-34,40858590.03873056
S0,2005,35-39,38100264.92872256
S0,2005,40-44,29368927.848871827
S0,2005,45-49,25931535.13472843
S0,2005,50-54,20372321.279777944
S0,2005,55-59,16180629.219356954
S0,2005,60-64,15173564.502003849
S0,2005,65-69,12105435.928759992
S0,2005,70-74,8378255.990751028
S0,2005,75+,8778197.489786386
S0,2005,0-8,
S0,2005,9-14,
S0,2005,0-17,
S0,2005,18-29,
S0,2005,30-65,
S0,2005,66+,
S0,2005,15-26,
S0,2005,27-45,
S0,2005,46-65,
S0,2006,00-04,55652116.28620813
S0,2006,05-09,63031718.96794965
S0,2006,10-14,62399990.02051851
S0,2006,15-19,52412268.69854993
S0,2006,20-24,49583191.484603435
S0,2006,25-29,46257880.01124054
S0,2006,30-34,41528956.326722145
S0,2006,35-39,38804543.29578227
S0,2006,40-44,30167219.411349833
S0,2006,45-49,26598108.78917384
S0,2006,50-54,21008225.82965964
S0,2006,55-59,16896116.57525432
S0,2006,60-64,15583873.818969667
S0,2006,65-69,12393950.888851583
S0,2006,70-74,8622512.776427686
S0,2006,75+,9100798.750245929
S0,2006,0-8,
S0,2006,9-14,
S0,2006,0-17,
S0,2006,18-29,
S0,2006,30-65,
S0,2006,66+,
S0,2006,15-26,
S0,2006,27-45,
S0,2006,46-65,
S0,2007,00-04,55315312.95817003
S0,2007,05-09,62971947.33675715
S0,2007,10-14,62627087.3467381
S0,2007,15-19,53315526.77086681
S0,2007,20-24,50695158.84404564
S0,2007,25-29,47058686.700926244
S0,2007,30-34,42204405.29218608
S0,2007,35-39,39577433.03725928
S0,2007,40-44,31020466.384197652
S0,2007,45-49,27294106.354442418
S0,2007,50-54,21610265.13403648
S0,2007,55-59,17618708.136572957
S0,2007,60-64,16074816.683846831
S0,2007,65-69,12634595.60481453
S0,2007,70-74,8871210.649546504
S0,2007,75+,9430647.296827674
S0,2007,0-8,
S0,2007,9-14,
S0,2007,0-17,
S0,2007,18-29,
S0,2007,30-65,
S0,2007,66+,
S0,2007,15-26,
S0,2007,27-45,
S0,2007,46-65,
S0,2008,00-04,54919299.82574274
S0,2008,05-09,62774467.97436024
S0,2008,10-14,62835258.85501096
S0,2008,15-19,54258315.2935929
S0,2008,20-24,51652600.65290186
S0,2008,25-29,47888337.82829577
S0,2008,30-34,42733367.08681995
S0,2008,35-39,40313468.26236206
S0,2008,40-44,31940684.422412574
S0,2008,45-49,28027482.351662517
S0,2008,50-54,22163809.562156856
S0,2008,55-59,18365038.167097688
S0,2008,60-64,16618476.354783952
S0,2008,65-69,12846736.640515983
S0,2008,70-74,9121534.047612786
S0,2008,75+,9775243.646704197
S0,2008,0-8,
S0,2008,9-14,
S0,2008,0-17,
S0,2008,18-29,
S0,2008,30-65,
S0,2008,66+,
S0,2008,15-26,
S0,2008,27-45,
S0,2008,46-65,
S0,2009,00-04,54626865.89418849
S0,2009,05-09,62350896.75629641
S0,2009,10-14,63074082.52362235
S0,2009,15-19,55164945.615443856
S0,2009,20-24,52576785.65576306
S0,2009,25-29,48765329.99049461
S0,2009,30-34,43179498.008676946
S0,2009,35-39,41064158.494377136
S0,2009,40-44,32965830.36185628
S0,2009,45-49,28822560.06709832
S0,2009,50-54,22655791.779960275
S0,2009,55-59,19149482.224798977
S0,2009,60-64,17166024.229920745
S0,2009,65-69,13068717.809280396
S0,2009,70-74,9349839.49800992
S0,2009,75+,10136678.723459482
S0,2009,0-8,
S0,2009,9-14,
S0,2009,0-17,
S0,2009,18-29,
S0,2009,30-65,
S0,2009,66+,
S0,2009,15-26,
S0,2009,27-45,
S0,2009,46-65,
S0,2010,00-04,54443430.21432003
S0,2010,05-09,61717898.11139039
S0,2010,10-14,63266511.246091336
S0,2010,15-19,56089928.37246826
S0,2010,20-24,53466988.10739136
S0,2010,25-29,49673458.3761
S0,2010,30-34,43655298.86893946
S0,2010,35-39,41859129.92211306
S0,2010,40-44,34060638.50879955
S0,2010,45-49,29673151.00885272
S0,2010,50-54,23087983.65730405
S0,2010,55-59,19601307.36307949
S0,2010,60-64,18134044.85818571
S0,2010,65-69,13340029.10492301
S0,2010,70-74,9523776.403087974
S0,2010,75+,10510490.299329996
S0,2010,0-8,
S0,2010,9-14,
S0,2010,0-17,
S0,2010,18-29,
S0,2010,30-65,
S0,2010,66+,
S0,2010,15-26,
S0,2010,27-45,
S0,2010,46-65,
S0,2011,00-04,54317933.31071048
S0,2011,05-09,60733899.63632188
S0,2011,10-14,63577311.015504
S0,2011,15-19,57057291.904427916
S0,2011,20-24,54335449.57143873
S0,2011,25-29,50470816.14164019
S0,2011,30-34,44278446.01265329
S0,2011,35-39,42588921.27925426
S0,2011,40-44,35310396.90195811
S0,2011,45-49,30534249.62520981
S0,2011,50-54,23527117.197699845
S0,2011,55-59,19953004.25147158
S0,2011,60-64,19199731.61148238
S0,2011,65-69,13661587.040850878
S0,2011,70-74,9667827.299835205
S0,2011,75+,10901840.518275619
S0,2011,0-8,
S0,2011,9-14,
S0,2011,0-17,
S0,2011,18-29,
S0,2011,30-65,
S0,2011,66+,
S0,2011,15-26,
S0,2011,27-45,
S0,2011,46-65,
S0,2012,00-04,54102115.38740186
S0,2012,05-09,60276081.76279915
S0,2012,10-14,64141547.37798406
S0,2012,15-19,57365160.08606967
S0,2012,20-24,54782626.93101904
S0,2012,25-29,51530753.41794157
S0,2012,30-34,45233851.19515997
S0,2012,35-39,43473270.07467133
S0,2012,40-44,36057258.83519536
S0,2012,45-49,31116813.99524933
S0,2012,50-54,24074650.680407286
S0,2012,55-59,20635662.903469324
S0,2012,60-64,20227097.000912547
S0,2012,65-69,14047208.466246843
S0,2012,70-74,9826730.678999543
S0,2012,75+,11306534.478039622
S0,2012,0-8,
S0,2012,9-14,
S0,2012,0-17,
S0,2012,18-29,
S0,2012,30-65,
S0,2012,66+,
S0,2012,15-26,
S0,2012,27-45,
S0,2012,46-65,
S0,2013,00-04,53976458.20558645
S0,2013,05-09,59763399.91348265
S0,2013,10-14,64629102.944437385
S0,2013,15-19,57686455.567222476
S0,2013,20-24,55266490.945685446
S0,2013,25-29,52476591.213542044
S0,2013,30-34,46305365.51885784
S0,2013,35-39,44289297.979640305
S0,2013,40-44,36821780.19646108
S0,2013,45-49,31720693.480637193
S0,2013,50-54,24652707.98810953
S0,2013,55-59,21291155.124283195
S0,2013,60-64,21325005.338293076
S0,2013,65-69,14463584.28998077
S0,2013,70-74,9976438.095083833
S0,2013,75+,11747660.251662016
S0,2013,0-8,
S0,2013,9-14,
S0,2013,0-17,
S0,2013,18-29,
S0,2013,30-65,
S0,2013,66+,
S0,2013,15-26,
S0,2013,27-45,
S0,2013,46-65,
S0,2014,00-04,53767294.17861364
S0,2014,05-09,59367246.89424669
S0,2014,10-14,64932913.06983605
S0,2014,15-19,58062748.576417
S0,2014,20-24,55680885.47747287
S0,2014,25-29,53361909.964607656
S0,2014,30-34,47456951.19864607
S0,2014,35-39,45063030.97566748
S0,2014,40-44,37631239.15570468
S0,2014,45-49,32364042.211613297
S0,2014,50-54,25270998.67457974
S0,2014,55-59,21904259.006232977
S0,2014,60-64,22513527.88891864
S0,2014,65-69,14866472.65604341
S0,2014,70-74,10146480.480673432
S0,2014,75+,12206312.751358151
S0,2014,0-8,
S0,2014,9-14,
S0,2014,0-17,
S0,2014,18-29,
S0,2014,30-65,
S0,2014,66+,
S0,2014,15-26,
S0,2014,27-45,
S0,2014,46-65,
S0,2015,00-04,53215944.98213305
S0,2015,05-09,59143171.80812981
S0,2015,10-14,65113057.18298884
S0,2015,15-19,58472452.41007474
S0,2015,20-24,56104184.104165524
S0,2015,25-29,54158874.1087991
S0,2015,30-34,48656264.984879375
S0,2015,35-39,45908744.773775995
S0,2015,40-44,38524565.6177116
S0,2015,45-49,33019432.041330993
S0,2015,50-54,25934269.503550828
S0,2015,55-59,22494476.088398814
S0,2015,60-64,23387698.40496409
S0,2015,65-69,15636398.809533238
S0,2015,70-74,10376439.547559619
S0,2015,75+,12662925.392282605
S0,2015,0-8,
S0,2015,9-14,
S0,2015,0-17,
S0,2015,18-29,
S0,2015,30-65,
S0,2015,66+,
S0,2015,15-26,
S0,2015,27-45,
S0,2015,46-65,
S0,2016,00-04,52850120.64053115
S0,2016,05-09,58965800.792027384
S0,2016,10-14,64910046.92300385
S0,2016,15-19,58979017.96252364
S0,2016,20-24,56495852.15576142
S0,2016,25-29,54813712.27239376
S0,2016,30-34,49714759.6648649
S0,2016,35-39,46905405.27291608
S0,2016,40-44,39361522.78942692
S0,2016,45-49,33722174.32187736
S0,2016,50-54,26564888.153989077
S0,2016,55-59,23099832.947294235
S0,2016,60-64,24185405.474591732
S0,2016,65-69,16463730.588685155
S0,2016,70-74,10655680.869559884
S0,2016,75+,13115336.486703992
S0,2016,0-8,
S0,2016,9-14,
S0,2016,0-17,
S0,2016,18-29,
S0,2016,30-65,
S0,2016,66+,
S0,2016,15-26,
S0,2016,27-45,
S0,2016,46-65,
S0,2017,00-04,52574498.46769535
S0,2017,05-09,58804938.92308351
S0,2017,10-14,64323764.75150524
S0,2017,15-19,59553669.37961489
S0,2017,20-24,56868916.593002856
S0,2017,25-29,55311539.16310108
S0,2017,30-34,50813123.93062818
S0,2017,35-39,47845753.63613945
S0,2017,40-44,40193598.654349744
S0,2017,45-49,34464761.23897183
S0,2017,50-54,27182667.78612262
S0,2017,55-59,23696694.622990847
S0,2017,60-64,24889495.994654298
S0,2017,65-69,17306782.89955926
S0,2017,70-74,10966253.46246922
S0,2017,75+,13553330.18014586
S0,2017,0-8,
S0,2017,9-14,
S0,2017,0-17,
S0,2017,18-29,
S0,2017,30-65,
S0,2017,66+,
S0,2017,15-26,
S0,2017,27-45,
S0,2017,46-65,
S0,2018,00-04,52138000.89216726
S0,2018,05-09,58733350.69087193
S0,2018,10-14,63683849.28767976
S0,2018,15-19,60086501.280593574
S0,2018,20-24,57248126.229804814
S0,2018,25-29,55834731.972036004
S0,2018,30-34,51802121.42421037
S0,2018,35-39,48896224.15082115
S0,2018,40-44,40988738.58349669
S0,2018,45-49,35242442.57963467
S0,2018,50-54,27852171.13520634
S0,2018,55-59,24333791.00940454
S0,2018,60-64,25528585.815745354
S0,2018,65-69,18215374.89825511
S0,2018,70-74,11307891.265862823
S0,2018,75+,14008403.81978476
S0,2018,0-8,
S0,2018,9-14,
S0,2018,0-17,
S0,2018,18-29,
S0,2018,30-65,
S0,2018,66+,
S0,2018,15-26,
S0,2018,27-45,
S0,2018,46-65,
S0,2019,00-04,51965567.18148263
S0,2019,05-09,58532016.896354094
S0,2019,10-14,63142814.71582973
S0,2019,15-19,60450367.08358079
S0,2019,20-24,57645317.860917956
S0,2019,25-29,56244448.302556574
S0,2019,30-34,52705195.313631356
S0,2019,35-39,49991685.92161977
S0,2019,40-44,41749510.9267602
S0,2019,45-49,36062882.52784556
S0,2019,50-54,28575209.538873672
S0,2019,55-59,25008650.47881639
S0,2019,60-64,26072925.279591918
S0,2019,65-69,19198104.196171165
S0,2019,70-74,11641569.161100984
S0,2019,75+,14479747.142699957
S0,2019,0-8,
S0,2019,9-14,
S0,2019,0-17,
S0,2019,18-29,
S0,2019,30-65,
S0,2019,66+,
S0,2019,15-26,
S0,2019,27-45,
S0,2019,46-65,
S0,2020,00-04,52024991.1213266
S0,2020,05-09,57923465.12841355
S0,2020,10-14,62765238.79106912
S0,2020,15-19,60704609.01625407
S0,2020,20-24,58044192.58108872
S0,2020,25-29,56628224.320640266
S0,2020,30-34,53502486.31781906
S0,2020,35-39,51104623.16940898
S0,2020,40-44,42586975.27892792
S0,2020,45-49,36966701.443703115
S0,2020,50-54,29329751.433936417
S0,2020,55-59,25728809.517941594
S0,2020,60-64,26550842.35214913
S0,2020,65-69,19923914.083503127
S0,2020,70-74,12276901.370497823
S0,2020,75+,14981387.071548223
S0,2020,0-8,
S0,2020,9-14,
S0,2020,0-17,
S0,2020,18-29,
S0,2020,30-65,
S0,2020,66+,
S0,2020,15-26,
S0,2020,27-45,
S0,2020,46-65,
S0,2021,00-04,51805699.5710002
S0,2021,05-09,57497199.546155855
S0,2021,10-14,62433359.79429808
S0,2021,15-19,60676076.06210476
S0,2021,20-24,58645278.65283066
S0,2021,25-29,57093801.19928163
S0,2021,30-34,54253236.61634147
S0,2021,35-39,52114710.652422965
S0,2021,40-44,43616581.50633085
S0,2021,45-49,37836781.21353996
S0,2021,50-54,30144529.592603266
S0,2021,55-59,26400525.631523132
S0,2021,60-64,26975717.871822953
S0,2021,65-69,20548435.215026975
S0,2021,70-74,12928190.931544423
S0,2021,75+,15412980.531307817
S0,2021,0-8,
S0,2021,9-14,
S0,2021,0-17,
S0,2021,18-29,
S0,2021,30-65,
S0,2021,66+,
S0,2021,15-26,
S0,2021,27-45,
S0,2021,46-65,
S0,2022,00-04,51573997.41556618
S0,2022,05-09,57284988.59429047
S0,2022,10-14,62273837.29437588
S0,2022,15-19,60453809.838843375
S0,2022,20-24,59416517.850541204
S0,2022,25-29,57589978.08868235
S0,2022,30-34,54904967.402808845
S0,2022,35-39,53213913.773592055
S0,2022,40-44,44667694.794496894
S0,2022,45-49,38747764.91371083
S0,2022,50-54,31013946.46652603
S0,2022,55-59,27016884.759821415
S0,2022,60-64,27254170.154953003
S0,2022,65-69,20934445.7514894
S0,2022,70-74,13409539.867628694
S0,2022,75+,15477047.21826911
S0,2022,0-8,
S0,2022,9-14,
S0,2022,0-17,
S0,2022,18-29,
S0,2022,30-65,
S0,2022,66+,
S0,2022,15-26,
S0,2022,27-45,
S0,2022,46-65,
S0,2023,00-04,51526364.96772581
S0,2023,05-09,56719341.56874122
S0,2023,10-14,62024720.828960314
S0,2023,15-19,59984024.81132743
S0,2023,20-24,59916441.36122805
S0,2023,25-29,57891071.63610178
S0,2023,30-34,55421280.964267135
S0,2023,35-39,54052574.405148625
S0,2023,40-44,45756655.99620026
S0,2023,45-49,39589009.113934755
S0,2023,50-54,31960731.416119576
S0,2023,55-59,27765581.68344748
S0,2023,60-64,27711902.568398476
S0,2023,65-69,21518263.752855778
S0,2023,70-74,14192077.044799328
S0,2023,75+,16064830.092357755
S0,2023,0-8,
S0,2023,9-14,
S0,2023,0-17,
S0,2023,18-29,
S0,2023,30-65,
S0,2023,66+,
S0,2023,15-26,
S0,2023,27-45,
S0,2023,46-65,
S0,2024,00-04,51390649.93821394
S0,2024,05-09,56404650.847575106
S0,2024,10-14,61617776.28288326
S0,2024,15-19,59632883.65839741
S0,2024,20-24,60282555.31649318
S0,2024,25-29,58248057.42191827
S0,2024,30-34,55854423.70031309
S0,2024,35-39,54803855.83987522
S0,2024,40-44,46912004.159095585
S0,2024,45-49,40401540.708991826
S0,2024,50-54,32962246.662871122
S0,2024,55-59,28563043.15024686
S0,2024,60-64,28176053.56128323
S0,2024,65-69,22030151.943612695
S0,2024,70-74,15041079.043278337
S0,2024,75+,16650449.992629528
S0,2024,0-8,
S0,2024,9-14,
S0,2024,0-17,
S0,2024,18-29,
S0,2024,30-65,
S0,2024,66+,
S0,2024,15-26,
S0,2024,27-45,
S0,2024,46-65,
S0,2025,00-04,51422440.12772111
S0,2025,05-09,56264535.04240682
S0,2025,10-14,60724259.935489714
S0,2025,15-19,59393520.45626116
S0,2025,20-24,60467436.54963291
S0,2025,25-29,58642248.71485025
S0,2025,30-34,56302152.6314919
S0,2025,35-39,55441578.228799105
S0,2025,40-44,48098151.11924416
S0,2025,45-49,41274860.891123295
S0,2025,50-54,34015942.061356544
S0,2025,55-59,29395442.19221425
S0,2025,60-64,28675779.266880393
S0,2025,65-69,22494628.517572403
S0,2025,70-74,15712491.54262805
S0,2025,75+,17532885.82534659
S0,2025,0-8,
S0,2025,9-14,
S0,2025,0-17,
S0,2025,18-29,
S0,2025,30-65,
S0,2025,66+,
S0,2025,15-26,
S0,2025,27-45,
S0,2025,46-65,
S0,2026,00-04,51670652.78841177
S0,2026,05-09,55770395.45020293
S0,2026,10-14,59998649.632525995
S0,2026,15-19,59202757.41404766
S0,2026,20-24,60302204.8772656
S0,2026,25-29,59135135.027429104
S0,2026,30-34,56745660.78900093
S0,2026,35-39,55954006.39923078
S0,2026,40-44,49156708.556256354
S0,2026,45-49,42318559.902879834
S0,2026,50-54,35032835.10829687
S0,2026,55-59,30277617.73546827
S0,2026,60-64,29118809.627265334
S0,2026,65-69,22955870.313461065
S0,2026,70-74,16347862.898949862
S0,2026,75+,18482477.093472123
S0,2026,0-8,
S0,2026,9-14,
S0,2026,0-17,
S0,2026,18-29,
S0,2026,30-65,
S0,2026,66+,
S0,2026,15-26,
S0,2026,27-45,
S0,2026,46-65,
S0,2027,00-04,51920677.27742303
S0,2027,05-09,55116803.87182481
S0,2027,10-14,59353851.138678595
S0,2027,15-19,59054245.8586815
S0,2027,20-24,59822840.915851295
S0,2027,25-29,59666015.2837733
S0,2027,30-34,57125799.89593202
S0,2027,35-39,56265559.577901304
S0,2027,40-44,50230823.58903086
S0,2027,45-49,43329482.162202835
S0,2027,50-54,36059583.32453501
S0,2027,55-59,31204005.884102583
S0,2027,60-64,29540477.319635868
S0,2027,65-69,23402848.371207714
S0,2027,70-74,16944769.711434364
S0,2027,75+,19479717.78534305
S0,2027,0-8,
S0,2027,9-14,
S0,2027,0-17,
S0,2027,18-29,
S0,2027,30-65,
S0,2027,66+,
S0,2027,15-26,
S0,2027,27-45,
S0,2027,46-65,
S0,2028,00-04,52145683.74504457
S0,2028,05-09,54781185.31570714
S0,2028,10-14,58471065.83611059
S0,2028,15-19,58954000.67269021
S0,2028,20-24,59284048.82868937
S0,2028,25-29,60113442.29331529
S0,2028,30-34,57502418.88691038
S0,2028,35-39,56596147.7598418
S0,2028,40-44,51179293.863152385
S0,2028,45-49,44446274.7700991
S0,2028,50-54,37049048.35646963
S0,2028,55-59,32143823.509109378
S0,2028,60-64,29987785.965102673
S0,2028,65-69,23865326.775742292
S0,2028,70-74,17508091.352315545
S0,2028,75+,20545188.688740015
S0,2028,0-8,
S0,2028,9-14,
S0,2028,0-17,
S0,2028,18-29,
S0,2028,30-65,
S0,2028,66+,
S0,2028,15-26,
S0,2028,27-45,
S0,2028,46-65,
S0,2029,00-04,52340959.04333383
S0,2029,05-09,54348664.83272047
S0,2029,10-14,57867402.00062181
S0,2029,15-19,58714408.05582526
S0,2029,20-24,58867366.88950205
S0,2029,25-29,60380497.21328658
S0,2029,30-34,57918592.21633029
S0,2029,35-39,56842215.73123109
S0,2029,40-44,52058048.01500672
S0,2029,45-49,45633935.71927136
S0,2029,50-54,38024720.228794456
S0,2029,55-59,33118976.160701275
S0,2029,60-64,30476174.330814123
S0,2029,65-69,24354429.23515272
S0,2029,70-74,18026010.752230644
S0,2029,75+,21672005.098082185
S0,2029,0-8,
S0,2029,9-14,
S0,2029,0-17,
S0,2029,18-29,
S0,2029,30-65,
S0,2029,66+,
S0,2029,15-26,
S0,2029,27-45,
S0,2029,46-65,
S0,2030,00-04,52502140.0707624
S0,2030,05-09,54123850.04688326
S0,2030,10-14,57483822.83977856
S0,2030,15-19,58025995.37780738
S0,2030,20-24,58601005.96405983
S0,2030,25-29,60500365.830497324
S0,2030,30-34,58328642.94135922
S0,2030,35-39,57073278.26365554
S0,2030,40-44,52826972.3231619
S0,2030,45-49,46845131.273189425
S0,2030,50-54,39069234.55203664
S0,2030,55-59,34148907.6034466
S0,2030,60-64,30963301.442237377
S0,2030,65-69,24868271.7744323
S0,2030,70-74,18510920.02984178
S0,2030,75+,22859622.468662262
S0,2030,0-8,
S0,2030,9-14,
S0,2030,0-17,
S0,2030,18-29,
S0,2030,30-65,
S0,2030,66+,
S0,2030,15-26,
S0,2030,27-45,
S0,2030,46-65,
S0,2031,00-04,52634959.37674778
S0,2031,05-09,54120398.019946136
S0,2031,10-14,56750116.97915378
S0,2031,15-19,57497672.59418231
S0,2031,20-24,58381121.89218509
S0,2031,25-29,60263144.766477466
S0,2031,30-34,58830863.7394169
S0,2031,35-39,57304772.19666535
S0,2031,40-44,53484309.47295493
S0,2031,45-49,47935006.553589225
S0,2031,50-54,40276133.29105508
S0,2031,55-59,35129210.54150653
S0,2031,60-64,31494812.758254647
S0,2031,65-69,25346115.772161365
S0,2031,70-74,19003712.29060483
S0,2031,75+,24078126.994895697
S0,2031,0-8,
S0,2031,9-14,
S0,2031,0-17,
S0,2031,18-29,
S0,2031,30-65,
S0,2031,66+,
S0,2031,15-26,
S0,2031,27-45,
S0,2031,46-65,
S0,2032,00-04,52684928.47374994
S0,2032,05-09,54116281.36529555
S0,2032,10-14,55871445.11802137
S0,2032,15-19,57046593.06620613
S0,2032,20-24,58206864.583455324
S0,2032,25-29,59714231.8467533
S0,2032,30-34,59370770.21537185
S0,2032,35-39,57483537.2751627
S0,2032,40-44,53957249.44997263
S0,2032,45-49,49043516.29228455
S0,2032,50-54,41451153.65320504
S0,2032,55-59,36107947.74319041
S0,2032,60-64,32069159.914843798
S0,2032,65-69,25818644.400063872
S0,2032,70-74,19494231.47346139
S0,2032,75+,25308339.50428641
S0,2032,0-8,
S0,2032,9-14,
S0,2032,0-17,
S0,2032,18-29,
S0,2032,30-65,
S0,2032,66+,
S0,2032,15-26,
S0,2032,27-45,
S0,2032,46-65,
S0,2033,00-04,52688488.72757749
S0,2033,05-09,54087252.34266509
S0,2033,10-14,55333983.185703576
S0,2033,15-19,56361896.87616897
S0,2033,20-24,58081752.91835189
S0,2033,25-29,59110644.84050763
S0,2033,30-34,59829173.40610045
S0,2033,35-39,57673147.99721807
S0,2033,40-44,54453209.84051353
S0,2033,45-49,50031282.838602126
S0,2033,50-54,42722646.19191241
S0,2033,55-59,37036841.01801193
S0,2033,60-64,32658819.8273232
S0,2033,65-69,26326845.517150402
S0,2033,70-74,20006211.078214407
S0,2033,75+,26566309.816574097
S0,2033,0-8,
S0,2033,9-14,
S0,2033,0-17,
S0,2033,18-29,
S0,2033,30-65,
S0,2033,66+,
S0,2033,15-26,
S0,2033,27-45,
S0,2033,46-65,
S0,2034,00-04,52661261.7145824
S0,2034,05-09,54032493.597764626
S0,2034,10-14,54717680.25548214
S0,2034,15-19,55939762.675613195
S0,2034,20-24,57818002.43864113
S0,2034,25-29,58633917.31582254
S0,2034,30-34,60109528.05762029
S0,2034,35-39,57918571.568378806
S0,2034,40-44,54870289.361463785
S0,2034,45-49,50951917.75630087
S0,2034,50-54,44054640.31696975
S0,2034,55-59,37940581.577465415
S0,2034,60-64,33291680.373356104
S0,2034,65-69,26884114.45143807
S0,2034,70-74,20547956.565393567
S0,2034,75+,27837152.534733176
S0,2034,0-8,
S0,2034,9-14,
S0,2034,0-17,
S0,2034,18-29,
S0,2034,30-65,
S0,2034,66+,
S0,2034,15-26,
S0,2034,27-45,
S0,2034,46-65,
S0,2035,00-04,52590545.46304667
S0,2035,05-09,53950032.90199193
S0,2035,10-14,54330596.635590285
S0,2035,15-19,55723332.00269273
S0,2035,20-24,57109480.28541222
S0,2035,25-29,58313124.87750375
S0,2035,30-34,60244816.48026675
S0,2035,35-39,58176415.21893489
S0,2035,40-44,55273603.275960386
S0,2035,45-49,51765795.89118719
S0,2035,50-54,45399328.40084982
S0,2035,55-59,38902295.02406573
S0,2035,60-64,33990836.023047686
S0,2035,65-69,27451495.524528623
S0,2035,70-74,21116354.946523666
S0,2035,75+,29123217.058951497
S0,2035,0-8,
S0,2035,9-14,
S0,2035,0-17,
S0,2035,18-29,
S0,2035,30-65,
S0,2035,66+,
S0,2035,15-26,
S0,2035,27-45,
S0,2035,46-65,
S0,2036,00-04,52468812.43405279
S0,2036,05-09,53872821.1205521
S0,2036,10-14,54209830.73653054
S0,2036,15-19,55181285.43693966
S0,2036,20-24,56586560.12054539
S0,2036,25-29,58070821.04912984
S0,2036,30-34,60052916.14440644
S0,2036,35-39,58571813.45415223
S0,2036,40-44,55699199.923764646
S0,2036,45-49,52491350.843443155
S0,2036,50-54,46631129.111079335
S0,2036,55-59,40030477.857766986
S0,2036,60-64,34671095.25213766
S0,2036,65-69,28079566.52037835
S0,2036,70-74,21667364.45975876
S0,2036,75+,30444887.389743567
S0,2036,0-8,
S0,2036,9-14,
S0,2036,0-17,
S0,2036,18-29,
S0,2036,30-65,
S0,2036,66+,
S0,2036,15-26,
S0,2036,27-45,
S0,2036,46-65,
S0,2037,00-04,52308429.05086789
S0,2037,05-09,53772087.67109185
S0,2037,10-14,54156630.97698441
S0,2037,15-19,54532927.472245514
S0,2037,20-24,56190668.240058005
S0,2037,25-29,57929854.432148695
S0,2037,30-34,59601721.391436994
S0,2037,35-39,59076394.907682836
S0,2037,40-44,56116937.412031054
S0,2037,45-49,53079122.81580156
S0,2037,50-54,47903369.17237902
S0,2037,55-59,41150984.87786114
S0,2037,60-64,35404515.14573884
S0,2037,65-69,28781365.487495422
S0,2037,70-74,22237286.22103679
S0,2037,75+,31796722.576448202
S0,2037,0-8,
S0,2037,9-14,
S0,2037,0-17,
S0,2037,18-29,
S0,2037,30-65,
S0,2037,66+,
S0,2037,15-26,
S0,2037,27-45,
S0,2037,46-65,
S0,2038,00-04,52110992.83057403
S0,2038,05-09,53639091.186393
S0,2038,10-14,54098650.75028989
S0,2038,15-19,54202474.623187065
S0,2038,20-24,55560716.97121894
S0,2038,25-29,57842007.28779185
S0,2038,30-34,59093673.778036
S0,2038,35-39,59523265.39797735
S0,2038,40-44,56539549.94738728
S0,2038,45-49,53687719.41610944
S0,2038,50-54,49037597.57341373
S0,2038,55-59,42358346.19177663
S0,2038,60-64,36119726.99811697
S0,2038,65-69,29507861.049618244
S0,2038,70-74,22842140.977920294
S0,2038,75+,33179657.172039986
S0,2038,0-8,
S0,2038,9-14,
S0,2038,0-17,
S0,2038,18-29,
S0,2038,30-65,
S0,2038,66+,
S0,2038,15-26,
S0,2038,27-45,
S0,2038,46-65,
S0,2039,00-04,51855228.49861202
S0,2039,05-09,53486134.04134649
S0,2039,10-14,54029463.00678235
S0,2039,15-19,53772530.48747802
S0,2039,20-24,55185306.66745144
S0,2039,25-29,57614922.81626943
S0,2039,30-34,58704861.201848865
S0,2039,35-39,59811966.75573641
S0,2039,40-44,57003392.40243298
S0,2039,45-49,54210221.261194766
S0,2039,50-54,50077406.622288704
S0,2039,55-59,43613595.1863606
S0,2039,60-64,36844524.39777279
S0,2039,65-69,30281575.71701467
S0,2039,70-74,23491192.77517712
S0,2039,75+,34586383.078309655
S0,2039,0-8,
S0,2039,9-14,
S0,2039,0-17,
S0,2039,18-29,
S0,2039,30-65,
S0,2039,66+,
S0,2039,15-26,
S0,2039,27-45,
S0,2039,46-65,
S0,2040,00-04,51540994.00578292
S0,2040,05-09,53296225.87732951
S0,2040,10-14,53941959.998497516
S0,2040,15-19,53540249.79008892
S0,2040,20-24,55003333.267270595
S0,2040,25-29,56936138.147808164
S0,2040,30-34,58458157.920255125
S0,2040,35-39,59969534.8071357
S0,2040,40-44,57457853.33256698
S0,2040,45-49,54703830.54997194
S0,2040,50-54,50974903.21252787
S0,2040,55-59,44865622.24613106
S0,2040,60-64,37661189.67704153
S0,2040,65-69,31118627.31715679
S0,2040,70-74,24146095.707734466
S0,2040,75+,36012798.564243555
S0,2040,0-8,
S0,2040,9-14,
S0,2040,0-17,
S0,2040,18-29,
S0,2040,30-65,
S0,2040,66+,
S0,2040,15-26,
S0,2040,27-45,
S0,2040,46-65,
S0,2041,00-04,51182311.59426406
S0,2041,05-09,53055427.22980997
S0,2041,10-14,53861037.23186186
S0,2041,15-19,53534826.27585775
S0,2041,20-24,54476614.05861047
S0,2041,25-29,56427725.624307275
S0,2041,30-34,58267148.44796884
S0,2041,35-39,59805866.6726861
S0,2041,40-44,58016267.336533785
S0,2041,45-49,55195148.47544563
S0,2041,50-54,51737239.51110625
S0,2041,55-59,45984807.31752229
S0,2041,60-64,38673009.68983376
S0,2041,65-69,31935328.13463068
S0,2041,70-74,24847044.002146244
S0,2041,75+,37435778.05567443
S0,2041,0-8,
S0,2041,9-14,
S0,2041,0-17,
S0,2041,18-29,
S0,2041,30-65,
S0,2041,66+,
S0,2041,15-26,
S0,2041,27-45,
S0,2041,46-65,
S0,2042,00-04,50782031.34510299
S0,2042,05-09,52773669.00491197
S0,2042,10-14,53742842.41593185
S0,2042,15-19,53555501.67891744
S0,2042,20-24,53821303.14860371
S0,2042,25-29,56025724.69863325
S0,2042,30-34,58148653.69242734
S0,2042,35-39,59368761.06482905
S0,2042,40-44,58639776.42281008
S0,2042,45-49,55648481.087129414
S0,2042,50-54,52325920.160227776
S0,2042,55-59,47131559.34987378
S0,2042,60-64,39692905.35208392
S0,2042,65-69,32782066.545648336
S0,2042,70-74,25597767.266558766
S0,2042,75+,38875616.13111246
S0,2042,0-8,
S0,2042,9-14,
S0,2042,0-17,
S0,2042,18-29,
S0,2042,30-65,
S0,2042,66+,
S0,2042,15-26,
S0,2042,27-45,
S0,2042,46-65,
S0,2043,00-04,50359488.85917325
S0,2043,05-09,52456717.961149886
S0,2043,10-14,53570320.046438545
S0,2043,15-19,53530576.788421035
S0,2043,20-24,53460949.86174497
S0,2043,25-29,55366914.15483895
S0,2043,30-34,58053959.24040866
S0,2043,35-39,58846736.41544479
S0,2043,40-44,59156691.94206494
S0,2043,45-49,56075819.761965394
S0,2043,50-54,52912509.104501724
S0,2043,55-59,48143835.04339504
S0,2043,60-64,40795030.4752754
S0,2043,65-69,33576139.01498079
S0,2043,70-74,26348698.751546144
S0,2043,75+,40351374.0833863
S0,2043,0-8,
S0,2043,9-14,
S0,2043,0-17,
S0,2043,18-29,
S0,2043,30-65,
S0,2043,66+,
S0,2043,15-26,
S0,2043,27-45,
S0,2043,46-65,
S0,2044,00-04,49929976.10746334
S0,2044,05-09,52088613.643548094
S0,2044,10-14,53360690.35915956
S0,2044,15-19,53457188.98269418
S0,2044,20-24,52982815.50863892
S0,2044,25-29,54943913.00351477
S0,2044,30-34,57794034.13650787
S0,2044,35-39,58419960.538547695
S0,2044,40-44,59469399.55138105
S0,2044,45-49,56516951.23599923
S0,2044,50-54,53395839.13813019
S0,2044,55-59,49071949.236656785
S0,2044,60-64,41946153.32208407
S0,2044,65-69,34342694.05211854
S0,2044,70-74,27119057.069533944
S0,2044,75+,41865001.822693944
S0,2044,0-8,
S0,2044,9-14,
S0,2044,0-17,
S0,2044,18-29,
S0,2044,30-65,
S0,2044,66+,
S0,2044,15-26,
S0,2044,27-45,
S0,2044,46-65,
S0,2045,00-04,49500712.76204881
S0,2045,05-09,51681634.94804284
S0,2045,10-14,53108848.46063161
S0,2045,15-19,53339584.23271322
S0,2045,20-24,52695813.53911877
S0,2045,25-29,54708036.48571885
S0,2045,30-34,57068444.526109934
S0,2045,35-39,58123024.41384745
S0,2045,40-44,59614641.52075672
S0,2045,45-49,56931800.748040855
S0,2045,50-54,53842210.692049146
S0,2045,55-59,49880919.64991641
S0,2045,60-64,43107034.67386925
S0,2045,65-69,35161998.37572837
S0,2045,70-74,27924189.285698175
S0,2045,75+,43386679.30410993
S0,2045,0-8,
S0,2045,9-14,
S0,2045,0-17,
S0,2045,18-29,
S0,2045,30-65,
S0,2045,66+,
S0,2045,15-26,
S0,2045,27-45,
S0,2045,46-65,
S0,2046,00-04,49052773.10750692
S0,2046,05-09,51262817.40520958
S0,2046,10-14,52813827.10986808
S0,2046,15-19,53214366.22081506
S0,2046,20-24,52640429.390159726
S0,2046,25-29,54135137.6312235
S0,2046,30-34,56515509.09868282
S0,2046,35-39,57883949.3949216
S0,2046,40-44,59417378.49649167
S0,2046,45-49,57445704.86312479
S0,2046,50-54,54289928.73405254
S0,2046,55-59,50590924.15627682
S0,2046,60-64,44164723.5340724
S0,2046,65-69,36134348.15214825
S0,2046,70-74,28691770.87350726
S0,2046,75+,44939841.538479805
S0,2046,0-8,
S0,2046,9-14,
S0,2046,0-17,
S0,2046,18-29,
S0,2046,30-65,
S0,2046,66+,
S0,2046,15-26,
S0,2046,27-45,
S0,2046,46-65,
S0,2047,00-04,48620336.37562578
S0,2047,05-09,50826453.37548176
S0,2047,10-14,52490282.79522744
S0,2047,15-19,53053113.4081071
S0,2047,20-24,52620088.73433986
S0,2047,25-29,53443815.56708363
S0,2047,30-34,56076822.88641709
S0,2047,35-39,57726021.49008459
S0,2047,40-44,58946011.873543024
S0,2047,45-49,58030301.57017827
S0,2047,50-54,54710534.97734666
S0,2047,55-59,51157253.86551261
S0,2047,60-64,45269180.888870716
S0,2047,65-69,37105245.7557019
S0,2047,70-74,29483588.551160574
S0,2047,75+,46557348.854418755
S0,2047,0-8,
S0,2047,9-14,
S0,2047,0-17,
S0,2047,18-29,
S0,2047,30-65,
S0,2047,66+,
S0,2047,15-26,
S0,2047,27-45,
S0,2047,46-65,
S0,2048,00-04,48199604.93903203
S0,2048,05-09,50381482.826012835
S0,2048,10-14,52145743.74657169
S0,2048,15-19,52851398.589532465
S0,2048,20-24,52566575.07664728
S0,2048,25-29,53059847.61611903
S0,2048,30-34,55395311.81782168
S0,2048,35-39,57605709.426424205
S0,2048,40-44,58404474.7038821
S0,2048,45-49,58521673.81449622
S0,2048,50-54,55117359.36506927
S0,2048,55-59,51731850.581012964
S0,2048,60-64,46253007.53585112
S0,2048,65-69,38159332.50517213
S0,2048,70-74,30233133.447424054
S0,2048,75+,48213145.646824956
S0,2048,0-8,
S0,2048,9-14,
S0,2048,0-17,
S0,2048,18-29,
S0,2048,30-65,
S0,2048,66+,
S0,2048,15-26,
S0,2048,27-45,
S0,2048,46-65,
S0,2049,00-04,47794261.64793311
S0,2049,05-09,49943150.605254546
S0,2049,10-14,51764139.70130625
S0,2049,15-19,52626087.50602007
S0,2049,20-24,52476938.24845159
S0,2049,25-29,52571811.00691876
S0,2049,30-34,54964502.017199576
S0,2049,35-39,57336611.048941076
S0,2049,40-44,57972068.78544432
S0,2049,45-49,58824432.1699726
S0,2049,50-54,55550427.21341038
S0,2049,55-59,52217279.52053487
S0,2049,60-64,47166811.436097145
S0,2049,65-69,39267678.11770964
S0,2049,70-74,30966155.850328088
S0,2049,75+,49929751.51403618
S0,2049,0-8,
S0,2049,9-14,
S0,2049,0-17,
S0,2049,18-29,
S0,2049,30-65,
S0,2049,66+,
S0,2049,15-26,
S0,2049,27-45,
S0,2049,46-65,
S0,2050,00-04,47409736.56692077
S0,2050,05-09,49513327.98033725
S0,2050,10-14,51353064.18411538
S0,2050,15-19,52368439.76088551
S0,2050,20-24,52352090.82368156
S0,2050,25-29,52282372.775053054
S0,2050,30-34,54729074.65834373
S0,2050,35-39,56615558.75817424
S0,2050,40-44,57678422.984724164
S0,2050,45-49,58971469.534481525
S0,2050,50-54,55967353.51412964
S0,2050,55-59,52675921.46886599
S0,2050,60-64,47974938.639482975
S0,2050,65-69,40393105.53959286
S0,2050,70-74,31754492.12697637
S0,2050,75+,51690608.90579128
S0,2050,0-8,
S0,2050,9-14,
S0,2050,0-17,
S0,2050,18-29,
S0,2050,30-65,
S0,2050,66+,
S0,2050,15-26,
S0,2050,27-45,
S0,2050,46-65,
S0,2051,00-04,47057393.52742918
S0,2051,05-09,49068473.08862576
S0,2051,10-14,50934321.30845256
S0,2051,15-19,52072575.74330941
S0,2051,20-24,52224794.28859115
S0,2051,25-29,52228483.97270617
S0,2051,30-34,54160796.01790023
S0,2051,35-39,56069845.2898469
S0,2051,40-44,57446042.838330984
S0,2051,45-49,58783933.27190733
S0,2051,50-54,56485859.303359866
S0,2051,55-59,53139466.49197686
S0,2051,60-64,48691326.527343035
S0,2051,65-69,41426187.59533405
S0,2051,70-74,32685281.113179088
S0,2051,75+,53449586.636436105
S0,2051,0-8,
S0,2051,9-14,
S0,2051,0-17,
S0,2051,18-29,
S0,2051,30-65,
S0,2051,66+,
S0,2051,15-26,
S0,2051,27-45,
S0,2051,46-65,
S0,2052,00-04,46727964.01414274
S0,2052,05-09,48639222.7213856
S0,2052,10-14,50498322.57074894
S0,2052,15-19,51748440.63196081
S0,2052,20-24,52061633.24960405
S0,2052,25-29,52209804.20667297
S0,2052,30-34,53474568.67297286
S0,2052,35-39,55637769.98828292
S0,2052,40-44,57294119.65782058
S0,2052,45-49,58325452.20038605
S0,2052,50-54,57073999.03147197
S0,2052,55-59,53576578.223487854
S0,2052,60-64,49270617.77456236
S0,2052,65-69,42504836.052429914
S0,2052,70-74,33617230.131647706
S0,2052,75+,55286698.27153921
S0,2052,0-8,
S0,2052,9-14,
S0,2052,0-17,
S0,2052,18-29,
S0,2052,30-65,
S0,2052,66+,
S0,2052,15-26,
S0,2052,27-45,
S0,2052,46-65,
S0,2053,00-04,46420526.61610658
S0,2053,05-09,48221309.1785241
S0,2053,10-14,50053437.553593695
S0,2053,15-19,51403521.61941859
S0,2053,20-24,51859030.08062446
S0,2053,25-29,52158945.08850765
S0,2053,30-34,53095869.655232966
S0,2053,35-39,54965130.34234637
S0,2053,40-44,57179447.85359168
S0,2053,45-49,57797568.823091805
S0,2053,50-54,57570084.72399175
S0,2053,55-59,54000251.63609815
S0,2053,60-64,49857734.72408056
S0,2053,65-69,43469951.57952702
S0,2053,70-74,34624803.98541832
S0,2053,75+,57121476.700481534
S0,2053,0-8,
S0,2053,9-14,
S0,2053,0-17,
S0,2053,18-29,
S0,2053,30-65,
S0,2053,66+,
S0,2053,15-26,
S0,2053,27-45,
S0,2053,46-65,
S0,2054,00-04,46134326.56861195
S0,2054,05-09,47819804.39993432
S0,2054,10-14,49615922.34824926
S0,2054,15-19,51022769.49993637
S0,2054,20-24,51634711.08693662
S0,2054,25-29,52074525.59982979
S0,2054,30-34,52615237.131896615
S0,2054,35-39,54542415.911539435
S0,2054,40-44,56917853.66536534
S0,2054,45-49,57378119.65999651
S0,2054,50-54,57880329.77888119
S0,2054,55-59,54449623.659480095
S0,2054,60-64,50359134.45287633
S0,2054,65-69,44370186.25416529
S0,2054,70-74,35682472.09872472
S0,2054,75+,58993199.25504172
S0,2054,0-8,
S0,2054,9-14,
S0,2054,0-17,
S0,2054,18-29,
S0,2054,30-65,
S0,2054,66+,
S0,2054,15-26,
S0,2054,27-45,
S0,2054,46-65,
S0,2055,00-04,45842679.49388566
S0,2055,05-09,47437897.699600734
S0,2055,10-14,49186146.408964515
S0,2055,15-19,50611869.732064456
S0,2055,20-24,51376077.78748581
S0,2055,25-29,51952511.77655053
S0,2055,30-34,52331437.53515589
S0,2055,35-39,54312056.67426419
S0,2055,40-44,56206882.58589804
S0,2055,45-49,57095427.506507635
S0,2055,50-54,58036354.51034808
S0,2055,55-59,54882536.01035118
S0,2055,60-64,50834346.68549073
S0,2055,65-69,45171673.383779764
S0,2055,70-74,36757527.69622266
S0,2055,75+,60951672.08835578
S0,2055,0-8,
S0,2055,9-14,
S0,2055,0-17,
S0,2055,18-29,
S0,2055,30-65,
S0,2055,66+,
S0,2055,15-26,
S0,2055,27-45,
S0,2055,46-65,
S0,2056,00-04,45565785.69556022
S0,2056,05-09,47087018.57393661
S0,2056,10-14,48740563.719781965
S0,2056,15-19,50193217.84555483
S0,2056,20-24,51079900.08512068
S0,2056,25-29,51827739.76974487
S0,2056,30-34,52282049.76921284
S0,2056,35-39,53750963.4433499
S0,2056,40-44,55669433.33641034
S0,2056,45-49,56872588.3320685
S0,2056,50-54,57862787.49019903
S0,2056,55-59,55415209.0837636
S0,2056,60-64,51313962.90900159
S0,2056,65-69,45886839.42622352
S0,2056,70-74,37751140.28432214
S0,2056,75+,63034627.55270493
S0,2056,0-8,
S0,2056,9-14,
S0,2056,0-17,
S0,2056,18-29,
S0,2056,30-65,
S0,2056,66+,
S0,2056,15-26,
S0,2056,27-45,
S0,2056,46-65,
S0,2057,00-04,45307334.69269776
S0,2057,05-09,46757908.44552368
S0,2057,10-14,48309705.093024254
S0,2057,15-19,49756456.068796664
S0,2057,20-24,50753458.44956404
S0,2057,25-29,51664759.172347575
S0,2057,30-34,52266288.580360174
S0,2057,35-39,53072127.95504761
S0,2057,40-44,55244141.01560849
S0,2057,45-49,56728536.055848956
S0,2057,50-54,57422285.7852937
S0,2057,55-59,56015810.063393
S0,2057,60-64,51767718.83537984
S0,2057,65-69,46474415.27671301
S0,2057,70-74,38788687.94581938
S0,2057,75+,65186192.51675439
S0,2057,0-8,
S0,2057,9-14,
S0,2057,0-17,
S0,2057,18-29,
S0,2057,30-65,
S0,2057,66+,
S0,2057,15-26,
S0,2057,27-45,
S0,2057,46-65,
S0,2058,00-04,45067979.30317184
S0,2058,05-09,46450952.01224144
S0,2058,10-14,47890465.221465364
S0,2058,15-19,49311949.15824026
S0,2058,20-24,50408298.149110615
S0,2058,25-29,51463732.21968311
S0,2058,30-34,52218685.78308046
S0,2058,35-39,52698300.62472969
S0,2058,40-44,54580090.043717325
S0,2058,45-49,56621205.86523688
S0,2058,50-54,56913487.038436055
S0,2058,55-59,56525266.625914454
S0,2058,60-64,52208543.65630746
S0,2058,65-69,47069274.76461995
S0,2058,70-74,39722583.1023649
S0,2058,75+,67399108.02894366
S0,2058,0-8,
S0,2058,9-14,
S0,2058,0-17,
S0,2058,18-29,
S0,2058,30-65,
S0,2058,66+,
S0,2058,15-26,
S0,2058,27-45,
S0,2058,46-65,
S0,2059,00-04,44826524.08519297
S0,2059,05-09,46164155.02223415
S0,2059,10-14,47487040.80166775
S0,2059,15-19,48874370.344007045
S0,2059,20-24,50026979.131041735
S0,2059,25-29,51239465.55644816
S0,2059,30-34,52135545.770038664
S0,2059,35-39,52222238.24114102
S0,2059,40-44,54163247.23690623
S0,2059,45-49,56367605.03783113
S0,2059,50-54,56510964.84050608
S0,2059,55-59,56851027.88798201
S0,2059,60-64,52673952.47655392
S0,2059,65-69,47583610.66485357
S0,2059,70-74,40599056.522004604
S0,2059,75+,69689675.10864031
S0,2059,0-8,
S0,2059,9-14,
S0,2059,0-17,
S0,2059,18-29,
S0,2059,30-65,
S0,2059,66+,
S0,2059,15-26,
S0,2059,27-45,
S0,2059,46-65,
S0,2060,00-04,44596492.10119402
S0,2060,05-09,45873820.33365963
S0,2060,10-14,47104569.413231194
S0,2060,15-19,48445718.83198172
S0,2060,20-24,49618030.791867405
S0,2060,25-29,50984417.57318848
S0,2060,30-34,52018007.36389488
S0,2060,35-39,51943490.84901357
S0,2060,40-44,53938200.81896454
S0,2060,45-49,55669657.78966379
S0,2060,50-54,56243968.28976399
S0,2060,55-59,57025294.87790179
S0,2060,60-64,53124076.55917108
S0,2060,65-69,48074404.857453465
S0,2060,70-74,41387564.82045591
S0,2060,75+,72069078.42171621
S0,2060,0-8,
S0,2060,9-14,
S0,2060,0-17,
S0,2060,18-29,
S0,2060,30-65,
S0,2060,66+,
S0,2060,15-26,
S0,2060,27-45,
S0,2060,46-65,
S0,2061,00-04,44360902.45333754
S0,2061,05-09,45597270.19530865
S0,2061,10-14,46752560.47450416
S0,2061,15-19,48001119.83532557
S0,2061,20-24,49200461.12411752
S0,2061,25-29,50690016.27677572
S0,2061,30-34,51895676.33590865
S0,2061,35-39,51895697.9259907
S0,2061,40-44,53383979.06698823
S0,2061,45-49,55143130.057692766
S0,2061,50-54,56034907.48329151
S0,2061,55-59,56875211.925328255
S0,2061,60-64,53670976.302942514
S0,2061,65-69,48568966.78031719
S0,2061,70-74,42096915.0997206
S0,2061,75+,74481810.50330424
S0,2061,0-8,
S0,2061,9-14,
S0,2061,0-17,
S0,2061,18-29,
S0,2061,30-65,
S0,2061,66+,
S0,2061,15-26,
S0,2061,27-45,
S0,2061,46-65,
S0,2062,00-04,44095540.3128157
S0,2062,05-09,45340257.12851148
S0,2062,10-14,46423091.670977
S0,2062,15-19,47571328.943578154
S0,2062,20-24,48764370.24638498
S0,2062,25-29,50365585.43965113
S0,2062,30-34,51736322.79429853
S0,2062,35-39,51882235.65697491
S0,2062,40-44,52713651.87626606
S0,2062,45-49,54728225.0332942
S0,2062,50-54,55903213.02123827
S0,2062,55-59,56463105.77456856
S0,2062,60-64,54284021.97020793
S0,2062,65-69,49039400.30984807
S0,2062,70-74,42691995.65221143
S0,2062,75+,76987730.93783903
S0,2062,0-8,
S0,2062,9-14,
S0,2062,0-17,
S0,2062,18-29,
S0,2062,30-65,
S0,2062,66+,
S0,2062,15-26,
S0,2062,27-45,
S0,2062,46-65,
S0,2063,00-04,43828383.74789836
S0,2063,05-09,45101141.62819276
S0,2063,10-14,46115048.5229308
S0,2063,15-19,47152968.819068015
S0,2063,20-24,48320303.2692191
S0,2063,25-29,50020720.65357709
S0,2063,30-34,51536666.95683408
S0,2063,35-39,51835726.895157814
S0,2063,40-44,52344936.60774815
S0,2063,45-49,54075843.23404348
S0,2063,50-54,55806727.4955973
S0,2063,55-59,55983124.4213326
S0,2063,60-64,54807538.15034163
S0,2063,65-69,49497173.85017049
S0,2063,70-74,43292777.3693707
S0,2063,75+,79448385.22928882
S0,2063,0-8,
S0,2063,9-14,
S0,2063,0-17,
S0,2063,18-29,
S0,2063,30-65,
S0,2063,66+,
S0,2063,15-26,
S0,2063,27-45,
S0,2063,46-65,
S0,2064,00-04,43555816.94616149
S0,2064,05-09,44860576.22247808
S0,2064,10-14,45827535.27939612
S0,2064,15-19,46751070.79679048
S0,2064,20-24,47884998.665789336
S0,2064,25-29,49641828.27978432
S0,2064,30-34,51315082.916939855
S0,2064,35-39,51754839.89360547
S0,2064,40-44,51875444.32894373
S0,2064,45-49,53668786.30935699
S0,2064,50-54,55565960.1965816
S0,2064,55-59,55607669.81517947
S0,2064,60-64,55152041.23916936
S0,2064,65-69,49978145.64470649
S0,2064,70-74,43820148.32015669
S0,2064,75+,81919788.72108567
S0,2064,0-8,
S0,2064,9-14,
S0,2064,0-17,
S0,2064,18-29,
S0,2064,30-65,
S0,2064,66+,
S0,2064,15-26,
S0,2064,27-45,
S0,2064,46-65,
S0,2065,00-04,43283352.86907621
S0,2065,05-09,44629994.31141657
S0,2065,10-14,45535607.67137174
S0,2065,15-19,46369057.67058298
S0,2065,20-24,47457267.92126176
S0,2065,25-29,49233184.88911277
S0,2065,30-34,51060378.854810655
S0,2065,35-39,51638325.69905162
S0,2065,40-44,51600741.368839025
S0,2065,45-49,53450279.85414255
S0,2065,50-54,54886193.71635032
S0,2065,55-59,55365353.3686223
S0,2065,60-64,55348677.047346115
S0,2065,65-69,50444841.424198866
S0,2065,70-74,44327118.20660019
S0,2065,75+,84388238.07891893
S0,2065,0-8,
S0,2065,9-14,
S0,2065,0-17,
S0,2065,18-29,
S0,2065,30-65,
S0,2065,66+,
S0,2065,15-26,
S0,2065,27-45,
S0,2065,46-65,
S0,2066,00-04,42997727.0660092
S0,2066,05-09,44393830.19287782
S0,2066,10-14,45257514.178082615
S0,2066,15-19,46017105.89793643
S0,2066,20-24,47013484.32678127
S0,2066,25-29,48815622.99690595
S0,2066,30-34,50766060.87428993
S0,2066,35-39,51516905.62907553
S0,2066,40-44,51554935.89847636
S0,2066,45-49,52905342.98473579
S0,2066,50-54,54375447.20621467
S0,2066,55-59,55178717.190786004
S0,2066,60-64,55230030.001761675
S0,2066,65-69,51003984.38627684
S0,2066,70-74,44836903.004986644
S0,2066,75+,86804295.99332428
S0,2066,0-8,
S0,2066,9-14,
S0,2066,0-17,
S0,2066,18-29,
S0,2066,30-65,
S0,2066,66+,
S0,2066,15-26,
S0,2066,27-45,
S0,2066,46-65,
S0,2067,00-04,42718591.86153586
S0,2067,05-09,44130318.6523741
S0,2067,10-14,45000551.14185697
S0,2067,15-19,45689282.18537101
S0,2067,20-24,46588188.09642941
S0,2067,25-29,48384814.77711928
S0,2067,30-34,50446151.60359007
S0,2067,35-39,51361727.34140587
S0,2067,40-44,51545015.29925609
S0,2067,45-49,52246862.686572075
S0,2067,50-54,53976025.134314656
S0,2067,55-59,55068302.97782713
S0,2067,60-64,54857967.26181829
S0,2067,65-69,51627215.4232136
S0,2067,70-74,45325933.79351318
S0,2067,75+,89200610.12701488
S0,2067,0-8,
S0,2067,9-14,
S0,2067,0-17,
S0,2067,18-29,
S0,2067,30-65,
S0,2067,66+,
S0,2067,15-26,
S0,2067,27-45,
S0,2067,46-65,
S0,2068,00-04,42416621.20081042
S0,2068,05-09,43864413.39033657
S0,2068,10-14,44761129.54202177
S0,2068,15-19,45382140.17414093
S0,2068,20-24,46173074.392477214
S0,2068,25-29,47944495.34551805
S0,2068,30-34,50104556.69737136
S0,2068,35-39,51165842.8043794
S0,2068,40-44,51501745.22966421
S0,2068,45-49,51886603.09902203
S0,2068,50-54,53341534.24077153
S0,2068,55-59,54991450.984279394
S0,2068,60-64,54419205.26979947
S0,2068,65-69,52163471.24016118
S0,2068,70-74,45802949.888629556
S0,2068,75+,91556093.86034834
S0,2068,0-8,
S0,2068,9-14,
S0,2068,0-17,
S0,2068,18-29,
S0,2068,30-65,
S0,2068,66+,
S0,2068,15-26,
S0,2068,27-45,
S0,2068,46-65,
S0,2069,00-04,42104438.67798991
S0,2069,05-09,43591733.955315225
S0,2069,10-14,44519509.717470974
S0,2069,15-19,45094547.19434351
S0,2069,20-24,45772743.041196376
S0,2069,25-29,47510169.52285504
S0,2069,30-34,49726213.345540226
S0,2069,35-39,50946399.22526932
S0,2069,40-44,51423125.82876015
S0,2069,45-49,51425951.15926331
S0,2069,50-54,52948613.43699175
S0,2069,55-59,54771316.70005506
S0,2069,60-64,54081306.45746338
S0,2069,65-69,52527140.14266026
S0,2069,70-74,46300792.73225117
S0,2069,75+,93850025.79574299
S0,2069,0-8,
S0,2069,9-14,
S0,2069,0-17,
S0,2069,18-29,
S0,2069,30-65,
S0,2069,66+,
S0,2069,15-26,
S0,2069,27-45,
S0,2069,46-65,
S0,2070,00-04,41769154.32623281
S0,2070,05-09,43320501.25914358
S0,2070,10-14,44288957.00541556
S0,2070,15-19,44803628.652860776
S0,2070,20-24,45393482.660793155
S0,2070,25-29,47085094.53604308
S0,2070,30-34,49319676.39797297
S0,2070,35-39,50695248.687954605
S0,2070,40-44,51309810.30266631
S0,2070,45-49,51158652.3290984
S0,2070,50-54,52740612.55830544
S0,2070,55-59,54117717.389870286
S0,2070,60-64,53873270.17192125
S0,2070,65-69,52749222.52169216
S0,2070,70-74,46786186.55091286
S0,2070,75+,96121233.67823482
S0,2070,0-8,
S0,2070,9-14,
S0,2070,0-17,
S0,2070,18-29,
S0,2070,30-65,
S0,2070,66+,
S0,2070,15-26,
S0,2070,27-45,
S0,2070,46-65,
S0,2071,00-04,41432800.87302005
S0,2071,05-09,43036203.38859272
S0,2071,10-14,44052910.70958036
S0,2071,15-19,44526326.38435578
S0,2071,20-24,45043885.793127745
S0,2071,25-29,46644061.02017182
S0,2071,30-34,48904570.19319698
S0,2071,35-39,50405112.38485819
S0,2071,40-44,51191725.93208939
S0,2071,45-49,51117925.03201932
S0,2071,50-54,52210265.86886108
S0,2071,55-59,53630979.25606954
S0,2071,60-64,53717875.128472924
S0,2071,65-69,52670374.802114844
S0,2071,70-74,47358491.26953757
S0,2071,75+,98348755.64534187
S0,2071,0-8,
S0,2071,9-14,
S0,2071,0-17,
S0,2071,18-29,
S0,2071,30-65,
S0,2071,66+,
S0,2071,15-26,
S0,2071,27-45,
S0,2071,46-65,
S0,2072,00-04,41095334.61704241
S0,2072,05-09,42756481.00537749
S0,2072,10-14,43788455.50356117
S0,2072,15-19,44269219.81653759
S0,2072,20-24,44717481.232411474
S0,2072,25-29,46219091.113358736
S0,2072,30-34,48473086.01290277
S0,2072,35-39,50087395.16344005
S0,2072,40-44,51038662.776470244
S0,2072,45-49,51111724.2276752
S0,2072,50-54,51567623.94229466
S0,2072,55-59,53253888.01255512
S0,2072,60-64,53635195.01750982
S0,2072,65-69,52350105.93266845
S0,2072,70-74,47990499.700294495
S0,2072,75+,100537657.61041105
S0,2072,0-8,
S0,2072,9-14,
S0,2072,0-17,
S0,2072,18-29,
S0,2072,30-65,
S0,2072,66+,
S0,2072,15-26,
S0,2072,27-45,
S0,2072,46-65,
S0,2073,00-04,40751187.89946193
S0,2073,05-09,42454784.83546095
S0,2073,10-14,43522395.04336026
S0,2073,15-19,44029998.06981599
S0,2073,20-24,44412414.0957118
S0,2073,25-29,45805479.585391045
S0,2073,30-34,48033188.918378174
S0,2073,35-39,49748929.77609831
S0,2073,40-44,50845603.298416674
S0,2073,45-49,51072705.997914076
S0,2073,50-54,51218990.63814551
S0,2073,55-59,52643985.76149511
S0,2073,60-64,53584416.28493297
S0,2073,65-69,51966107.28122413
S0,2073,70-74,48539683.60816717
S0,2073,75+,102680847.31509864
S0,2073,0-8,
S0,2073,9-14,
S0,2073,0-17,
S0,2073,18-29,
S0,2073,30-65,
S0,2073,66+,
S0,2073,15-26,
S0,2073,27-45,
S0,2073,46-65,
S0,2074,00-04,40412381.9982392
S0,2074,05-09,42143588.86445493
S0,2074,10-14,43250105.14050208
S0,2074,15-19,43789170.730739325
S0,2074,20-24,44128058.66866019
S0,2074,25-29,45408555.67341626
S0,2074,30-34,47600982.99279812
S0,2074,35-39,49375145.113001645
S0,2074,40-44,50629866.68330902
S0,2074,45-49,50999120.14451438
S0,2074,50-54,50772245.40522617
S0,2074,55-59,52273116.79616737
S0,2074,60-64,53393724.044988275
S0,2074,65-69,51679061.51681471
S0,2074,70-74,48926987.14138138
S0,2074,75+,104802668.14357567
S0,2074,0-8,
S0,2074,9-14,
S0,2074,0-17,
S0,2074,18-29,
S0,2074,30-65,
S0,2074,66+,
S0,2074,15-26,
S0,2074,27-45,
S0,2074,46-65,
S0,2075,00-04,40084820.16414917
S0,2075,05-09,41808859.16553465
S0,2075,10-14,42979019.660721615
S0,2075,15-19,43559033.214607984
S0,2075,20-24,43840169.34654203
S0,2075,25-29,45032218.682205975
S0,2075,30-34,47177462.50020927
S0,2075,35-39,48972965.73277837
S0,2075,40-44,50382271.716398895
S0,2075,45-49,50890843.86177009
S0,2075,50-54,50515872.68158221
S0,2075,55-59,52082551.31702447
S0,2075,60-64,52778938.61713791
S0,2075,65-69,51516283.462665915
S0,2075,70-74,49180578.14136326
S0,2075,75+,106895409.84207726
S0,2075,0-8,
S0,2075,9-14,
S0,2075,0-17,
S0,2075,18-29,
S0,2075,30-65,
S0,2075,66+,
S0,2075,15-26,
S0,2075,27-45,
S0,2075,46-65,
S0,2076,00-04,39749971.26309753
S0,2076,05-09,41473587.46589009
S0,2076,10-14,42695495.92030756
S0,2076,15-19,43323790.06931606
S0,2076,20-24,43565861.079283476
S0,2076,25-29,44685650.33210245
S0,2076,30-34,46738385.228100926
S0,2076,35-39,48562657.12502378
S0,2076,40-44,50096188.7538476
S0,2076,45-49,50777943.72212285
S0,2076,50-54,50482671.135949075
S0,2076,55-59,51573244.068549395
S0,2076,60-64,52327179.22575581
S0,2076,65-69,51401924.75434339
S0,2076,70-74,49153649.89309263
S0,2076,75+,109038237.09527647
S0,2076,0-8,
S0,2076,9-14,
S0,2076,0-17,
S0,2076,18-29,
S0,2076,30-65,
S0,2076,66+,
S0,2076,15-26,
S0,2076,27-45,
S0,2076,46-65,
S0,2077,00-04,39417834.70130929
S0,2077,05-09,41137287.08650753
S0,2077,10-14,42416700.67622751
S0,2077,15-19,43060929.30099881
S0,2077,20-24,43312352.55289841
S0,2077,25-29,44362800.90101367
S0,2077,30-34,46315612.87850189
S0,2077,35-39,48136255.06247336
S0,2077,40-44,49782797.05922878
S0,2077,45-49,50630374.132002234
S0,2077,50-54,50483409.011996746
S0,2077,55-59,50953417.48052037
S0,2077,60-64,51982618.216300726
S0,2077,65-69,51355497.928884625
S0,2077,70-74,48902455.97703099
S0,2077,75+,111211407.61579287
S0,2077,0-8,
S0,2077,9-14,
S0,2077,0-17,
S0,2077,18-29,
S0,2077,30-65,
S0,2077,66+,
S0,2077,15-26,
S0,2077,27-45,
S0,2077,46-65,
S0,2078,00-04,39105182.58008987
S0,2078,05-09,40793888.1020481
S0,2078,10-14,42115750.092822045
S0,2078,15-19,42796185.28278041
S0,2078,20-24,43076195.66279709
S0,2078,25-29,44060866.0880934
S0,2078,30-34,45903931.48953393
S0,2078,35-39,47701295.855362594
S0,2078,40-44,49448596.18958825
S0,2078,45-49,50442940.17550564
S0,2078,50-54,50451554.3469075
S0,2078,55-59,50623302.89235604
S0,2078,60-64,51409510.980261564
S0,2078,65-69,51338188.242637515
S0,2078,70-74,48591831.61284566
S0,2078,75+,113279501.05401969
S0,2078,0-8,
S0,2078,9-14,
S0,2078,0-17,
S0,2078,18-29,
S0,2078,30-65,
S0,2078,66+,
S0,2078,15-26,
S0,2078,27-45,
S0,2078,46-65,
S0,2079,00-04,38792183.57531926
S0,2079,05-09,40455846.26015973
S0,2079,10-14,41805456.996637255
S0,2079,15-19,42525746.55521211
S0,2079,20-24,42839562.40703073
S0,2079,25-29,43780510.33349991
S0,2079,30-34,45509216.46376479
S0,2079,35-39,47274052.71915543
S0,2079,40-44,49079319.39996946
S0,2079,45-49,50232913.30251682
S0,2079,50-54,50385401.62611222
S0,2079,55-59,50196570.44792354
S0,2079,60-64,51069577.75949645
S0,2079,65-69,51185144.19381654
S0,2079,70-74,48371133.77509248
S0,2079,75+,115180838.93373406
S0,2079,0-8,
S0,2079,9-14,
S0,2079,0-17,
S0,2079,18-29,
S0,2079,30-65,
S0,2079,66+,
S0,2079,15-26,
S0,2079,27-45,
S0,2079,46-65,
S0,2080,00-04,38482949.09342115
S0,2080,05-09,40128440.65592135
S0,2080,10-14,41471278.99194199
S0,2080,15-19,42255848.202010185
S0,2080,20-24,42612563.66233459
S0,2080,25-29,43495679.04932955
S0,2080,30-34,45134419.153585464
S0,2080,35-39,46854928.413107574
S0,2080,40-44,48681458.715230525
S0,2080,45-49,49990993.71380377
S0,2080,50-54,50284773.76606816
S0,2080,55-59,49957457.37135452
S0,2080,60-64,50903098.62706053
S0,2080,65-69,50623700.00685823
S0,2080,70-74,48268092.17855859
S0,2080,75+,116954806.50168431
S0,2080,0-8,
S0,2080,9-14,
S0,2080,0-17,
S0,2080,18-29,
S0,2080,30-65,
S0,2080,66+,
S0,2080,15-26,
S0,2080,27-45,
S0,2080,46-65,
S0,2081,00-04,38192108.17355145
S0,2081,05-09,39793498.25747966
S0,2081,10-14,41136351.1917803
S0,2081,15-19,41973442.71678665
S0,2081,20-24,42380040.35645425
S0,2081,25-29,43224094.9862636
S0,2081,30-34,44789417.64331141
S0,2081,35-39,46420374.66693634
S0,2081,40-44,48275466.77445501
S0,2081,45-49,49710778.51827288
S0,2081,50-54,50179399.67167276
S0,2081,55-59,49937987.987225294
S0,2081,60-64,50424380.08609027
S0,2081,65-69,50219372.70221186
S0,2081,70-74,48207584.04123533
S0,2081,75+,118530816.74786234
S0,2081,0-8,
S0,2081,9-14,
S0,2081,0-17,
S0,2081,18-29,
S0,2081,30-65,
S0,2081,66+,
S0,2081,15-26,
S0,2081,27-45,
S0,2081,46-65,
S0,2082,00-04,37895194.8449652
S0,2082,05-09,39461054.979192816
S0,2082,10-14,40800345.79929146
S0,2082,15-19,41695971.154919654
S0,2082,20-24,42120661.07407737
S0,2082,25-29,42973387.150351316
S0,2082,30-34,44467894.15706894
S0,2082,35-39,46001793.066948235
S0,2082,40-44,47853354.235934496
S0,2082,45-49,49403348.39618784
S0,2082,50-54,50039679.56204897
S0,2082,55-59,49951811.10702407
S0,2082,60-64,49838217.03118074
S0,2082,65-69,49919288.08616471
S0,2082,70-74,48209354.489292264
S0,2082,75+,119949787.05241144
S0,2082,0-8,
S0,2082,9-14,
S0,2082,0-17,
S0,2082,18-29,
S0,2082,30-65,
S0,2082,66+,
S0,2082,15-26,
S0,2082,27-45,
S0,2082,46-65,
S0,2083,00-04,37609744.68618572
S0,2083,05-09,39148435.795693755
S0,2083,10-14,40457521.07389173
S0,2083,15-19,41396976.35871664
S0,2083,20-24,41860083.77655935
S0,2083,25-29,42740899.94948381
S0,2083,30-34,44168088.414750874
S0,2083,35-39,45594737.326704204
S0,2083,40-44,47423050.7210533
S0,2083,45-49,49075388.3417604
S0,2083,50-54,49860591.38019729
S0,2083,55-59,49933245.58138162
S0,2083,60-64,49534389.33967322
S0,2083,65-69,49398030.852846265
S0,2083,70-74,48236697.35023606
S0,2083,75+,121237313.22649181
S0,2083,0-8,
S0,2083,9-14,
S0,2083,0-17,
S0,2083,18-29,
S0,2083,30-65,
S0,2083,66+,
S0,2083,15-26,
S0,2083,27-45,
S0,2083,46-65,
S0,2084,00-04,37336841.69130404
S0,2084,05-09,38834020.49897885
S0,2084,10-14,40119227.14645535
S0,2084,15-19,41088021.05497621
S0,2084,20-24,41592127.35774821
S0,2084,25-29,42505117.0350191
S0,2084,30-34,43887226.21346468
S0,2084,35-39,45202797.788436055
S0,2084,40-44,46999333.30292523
S0,2084,45-49,48711868.806100905
S0,2084,50-54,49658594.427522
S0,2084,55-59,49880141.98371309
S0,2084,60-64,49136440.087771654
S0,2084,65-69,49101272.6313622
S0,2084,70-74,48134848.66346407
S0,2084,75+,122473459.12061524
S0,2084,0-8,
S0,2084,9-14,
S0,2084,0-17,
S0,2084,18-29,
S0,2084,30-65,
S0,2084,66+,
S0,2084,15-26,
S0,2084,27-45,
S0,2084,46-65,
S0,2085,00-04,37076430.85192766
S0,2085,05-09,38524119.374432154
S0,2085,10-14,39792096.87818989
S0,2085,15-19,40756302.86059195
S0,2085,20-24,41326112.1200397
S0,2085,25-29,42280741.43194017
S0,2085,30-34,43603429.614070326
S0,2085,35-39,44831673.15074694
S0,2085,40-44,46584384.34168768
S0,2085,45-49,48320399.794701695
S0,2085,50-54,49425339.73893571
S0,2085,55-59,49792905.51387429
S0,2085,60-64,48921571.25063217
S0,2085,65-69,48966842.2080158
S0,2085,70-74,47646026.13736582
S0,2085,75+,123717580.59309494
S0,2085,0-8,
S0,2085,9-14,
S0,2085,0-17,
S0,2085,18-29,
S0,2085,30-65,
S0,2085,66+,
S0,2085,15-26,
S0,2085,27-45,
S0,2085,46-65,
S0,2086,00-04,36818337.2082128
S0,2086,05-09,38232202.2946024
S0,2086,10-14,39457235.329481766
S0,2086,15-19,40423339.76076016
S0,2086,20-24,41046240.29215363
S0,2086,25-29,42049271.93473256
S0,2086,30-34,43332008.267724276
S0,2086,35-39,44489590.337937
S0,2086,40-44,46153733.20290238
S0,2086,45-49,47920526.68991107
S0,2086,50-54,49153898.25648439
S0,2086,55-59,49700457.09210265
S0,2086,60-64,48920279.573961735
S0,2086,65-69,48530919.55888796
S0,2086,70-74,47306252.36311948
S0,2086,75+,124834760.33172178
S0,2086,0-8,
S0,2086,9-14,
S0,2086,0-17,
S0,2086,18-29,
S0,2086,30-65,
S0,2086,66+,
S0,2086,15-26,
S0,2086,27-45,
S0,2086,46-65,
S0,2087,00-04,36584497.09432325
S0,2087,05-09,37933355.80893774
S0,2087,10-14,39124396.10406451
S0,2087,15-19,40089094.84588936
S0,2087,20-24,40770607.28870165
S0,2087,25-29,41789520.03462866
S0,2087,30-34,43079945.95184502
S0,2087,35-39,44169779.49068892
S0,2087,40-44,45738257.67083311
S0,2087,45-49,47504090.896758616
S0,2087,50-54,48855027.79683387
S0,2087,55-59,49573342.69783527
S0,2087,60-64,48950676.242926
S0,2087,65-69,47992266.22373223
S0,2087,70-74,47065681.45306873
S0,2087,75+,125879570.2514664
S0,2087,0-8,
S0,2087,9-14,
S0,2087,0-17,
S0,2087,18-29,
S0,2087,30-65,
S0,2087,66+,
S0,2087,15-26,
S0,2087,27-45,
S0,2087,46-65,
S0,2088,00-04,36355684.23638961
S0,2088,05-09,37646945.49472776
S0,2088,10-14,38812081.106966734
S0,2088,15-19,39749687.83535278
S0,2088,20-24,40476909.57153684
S0,2088,25-29,41531865.034581214
S0,2088,30-34,42848001.75461933
S0,2088,35-39,43872679.826892436
S0,2088,40-44,45335023.406829655
S0,2088,45-49,47080010.70196813
S0,2088,50-54,48536138.27144283
S0,2088,55-59,49407165.3160041
S0,2088,60-64,48949201.34445
S0,2088,65-69,47724017.837743044
S0,2088,70-74,46613785.20570278
S0,2088,75+,126847435.03917372
S0,2088,0-8,
S0,2088,9-14,
S0,2088,0-17,
S0,2088,18-29,
S0,2088,30-65,
S0,2088,66+,
S0,2088,15-26,
S0,2088,27-45,
S0,2088,46-65,
S0,2089,00-04,36135011.97654284
S0,2089,05-09,37373075.863776945
S0,2089,10-14,38498006.31701094
S0,2089,15-19,39414199.50496915
S0,2089,20-24,40172008.75841251
S0,2089,25-29,41265952.5619224
S0,2089,30-34,42612583.63959873
S0,2089,35-39,43594329.89811367
S0,2089,40-44,44946705.07510048
S0,2089,45-49,46662274.63555062
S0,2089,50-54,48181796.292160034
S0,2089,55-59,49217851.57709211
S0,2089,60-64,48913421.77571863
S0,2089,65-69,47366522.88736594
S0,2089,70-74,46374670.480389476
S0,2089,75+,127666082.89238238
S0,2089,0-8,
S0,2089,9-14,
S0,2089,0-17,
S0,2089,18-29,
S0,2089,30-65,
S0,2089,66+,
S0,2089,15-26,
S0,2089,27-45,
S0,2089,46-65,
S0,2090,00-04,35919107.18016084
S0,2090,05-09,37110902.15414003
S0,2090,10-14,38187990.9904518
S0,2090,15-19,39089533.825590566
S0,2090,20-24,39844064.82617211
S0,2090,25-29,41000842.58609924
S0,2090,30-34,42387291.2437115
S0,2090,35-39,43312175.915579736
S0,2090,40-44,44578487.879635096
S0,2090,45-49,46252734.73403615
S0,2090,50-54,47799357.22203189
S0,2090,55-59,48996899.63601285
S0,2090,60-64,48843517.137207806
S0,2090,65-69,47184302.38749814
S0,2090,70-74,46281843.96740401
S0,2090,75+,128153259.65505183
S0,2090,0-8,
S0,2090,9-14,
S0,2090,0-17,
S0,2090,18-29,
S0,2090,30-65,
S0,2090,66+,
S0,2090,15-26,
S0,2090,27-45,
S0,2090,46-65,
S0,2091,00-04,35701097.72547711
S0,2091,05-09,36851631.12349438
S0,2091,10-14,37896353.47703315
S0,2091,15-19,38757424.570783034
S0,2091,20-24,39514433.1414243
S0,2091,25-29,40721907.98751572
S0,2091,30-34,42155678.396469176
S0,2091,35-39,43042990.00701678
S0,2091,40-44,44239590.95248401
S0,2091,45-49,45827895.34630436
S0,2091,50-54,47408806.680904746
S0,2091,55-59,48738122.59571099
S0,2091,60-64,48768525.58090621
S0,2091,65-69,47206475.086113214
S0,2091,70-74,45903548.665219784
S0,2091,75+,128691996.73181534
S0,2091,0-8,
S0,2091,9-14,
S0,2091,0-17,
S0,2091,18-29,
S0,2091,30-65,
S0,2091,66+,
S0,2091,15-26,
S0,2091,27-45,
S0,2091,46-65,
S0,2092,00-04,35481045.96589569
S0,2092,05-09,36617191.24062026
S0,2092,10-14,37598274.72998595
S0,2092,15-19,38427869.643795595
S0,2092,20-24,39184124.487491876
S0,2092,25-29,40447750.68540484
S0,2092,30-34,41896354.56501114
S0,2092,35-39,42793500.25443649
S0,2092,40-44,43923120.21237552
S0,2092,45-49,45418255.15748352
S0,2092,50-54,47001872.95840317
S0,2092,55-59,48451976.96074402
S0,2092,60-64,48659277.03989971
S0,2092,65-69,47258594.865752816
S0,2092,70-74,45430305.76501119
S0,2092,75+,129282644.20587468
S0,2092,0-8,
S0,2092,9-14,
S0,2092,0-17,
S0,2092,18-29,
S0,2092,30-65,
S0,2092,66+,
S0,2092,15-26,
S0,2092,27-45,
S0,2092,46-65,
S0,2093,00-04,35256765.46343695
S0,2093,05-09,36386783.17475516
S0,2093,10-14,37312064.61488296
S0,2093,15-19,38118961.56049235
S0,2093,20-24,38849943.05281398
S0,2093,25-29,40155303.285197556
S0,2093,30-34,41637330.50942141
S0,2093,35-39,42562614.09362221
S0,2093,40-44,43628363.47137368
S0,2093,45-49,45020169.713611364
S0,2093,50-54,46586910.69582158
S0,2093,55-59,48145434.94436431
S0,2093,60-64,48511252.59218794
S0,2093,65-69,47279784.36015272
S0,2093,70-74,45211359.88128972
S0,2093,75+,129633623.43130028
S0,2093,0-8,
S0,2093,9-14,
S0,2093,0-17,
S0,2093,18-29,
S0,2093,30-65,
S0,2093,66+,
S0,2093,15-26,
S0,2093,27-45,
S0,2093,46-65,
S0,2094,00-04,35015175.98067585
S0,2094,05-09,36164931.541775554
S0,2094,10-14,37038678.62106198
S0,2094,15-19,37807915.46872771
S0,2094,20-24,38518346.13057697
S0,2094,25-29,39851000.67856753
S0,2094,30-34,41370247.3826423
S0,2094,35-39,42328560.04964122
S0,2094,40-44,43352379.49052608
S0,2094,45-49,44636925.40888512
S0,2094,50-54,46178113.87185258
S0,2094,55-59,47803476.71256864
S0,2094,60-64,48340192.16016424
S0,2094,65-69,47267425.63076818
S0,2094,70-74,44910369.147209525
S0,2094,75+,130077648.23799884
S0,2094,0-8,
S0,2094,9-14,
S0,2094,0-17,
S0,2094,18-29,
S0,2094,30-65,
S0,2094,66+,
S0,2094,15-26,
S0,2094,27-45,
S0,2094,46-65,
S0,2095,00-04,34767873.48393442
S0,2095,05-09,35948536.13947584
S0,2095,10-14,36777553.4811504
S0,2095,15-19,37501659.100145
S0,2095,20-24,38198562.167814344
S0,2095,25-29,39524826.339585036
S0,2095,30-34,41104773.88245559
S0,2095,35-39,42105114.42560583
S0,2095,40-44,43073002.294163465
S0,2095,45-49,44273872.36150843
S0,2095,50-54,45777523.0981797
S0,2095,55-59,47433583.14973301
S0,2095,60-64,48138055.98383123
S0,2095,65-69,47222349.4460907
S0,2095,70-74,44775064.16306591
S0,2095,75+,130374069.50569224
S0,2095,0-8,
S0,2095,9-14,
S0,2095,0-17,
S0,2095,18-29,
S0,2095,30-65,
S0,2095,66+,
S0,2095,15-26,
S0,2095,27-45,
S0,2095,46-65,
S0,2096,00-04,34515161.68709671
S0,2096,05-09,35731556.09390796
S0,2096,10-14,36520369.38849226
S0,2096,15-19,37214505.65509063
S0,2096,20-24,37873169.77666703
S0,2096,25-29,39199740.76235229
S0,2096,30-34,40828110.08847317
S0,2096,35-39,41877159.464031845
S0,2096,40-44,42807576.95146978
S0,2096,45-49,43940529.259058535
S0,2096,50-54,45362074.24051744
S0,2096,55-59,47055613.3066805
S0,2096,60-64,47898506.28966069
S0,2096,65-69,47171809.43469918
S0,2096,70-74,44830252.743870616
S0,2096,75+,130478087.70590949
S0,2096,0-8,
S0,2096,9-14,
S0,2096,0-17,
S0,2096,18-29,
S0,2096,30-65,
S0,2096,66+,
S0,2096,15-26,
S0,2096,27-45,
S0,2096,46-65,
S0,2097,00-04,34260467.20329506
S0,2097,05-09,35512849.34913563
S0,2097,10-14,36288069.37721039
S0,2097,15-19,36921233.02427153
S0,2097,20-24,37550746.70107269
S0,2097,25-29,38874553.334765255
S0,2097,30-34,40556697.185176015
S0,2097,35-39,41622050.15426117
S0,2097,40-44,42561921.58148503
S0,2097,45-49,43629540.87180328
S0,2097,50-54,44961667.318238676
S0,2097,55-59,46661263.528041184
S0,2097,60-64,47631895.80054402
S0,2097,65-69,47087988.52933657
S0,2097,70-74,44913270.24636209
S0,2097,75+,130568174.61018562
S0,2097,0-8,
S0,2097,9-14,
S0,2097,0-17,
S0,2097,18-29,
S0,2097,30-65,
S0,2097,66+,
S0,2097,15-26,
S0,2097,27-45,
S0,2097,46-65,
S0,2098,00-04,34004066.74995984
S0,2098,05-09,35288731.8835908
S0,2098,10-14,36059172.66453418
S0,2098,15-19,36639283.39432895
S0,2098,20-24,37248117.91579938
S0,2098,25-29,38543663.61222157
S0,2098,30-34,40264649.06174603
S0,2098,35-39,41365650.09231964
S0,2098,40-44,42333760.57178438
S0,2098,45-49,43339435.656053066
S0,2098,50-54,44572146.75682235
S0,2098,55-59,46258383.75431484
S0,2098,60-64,47344662.010115206
S0,2098,65-69,46966028.0300349
S0,2098,70-74,44966312.085446715
S0,2098,75+,130688856.13509095
S0,2098,0-8,
S0,2098,9-14,
S0,2098,0-17,
S0,2098,18-29,
S0,2098,30-65,
S0,2098,66+,
S0,2098,15-26,
S0,2098,27-45,
S0,2098,46-65,
S0,2099,00-04,33745696.13073148
S0,2099,05-09,35048302.453399554
S0,2099,10-14,35839402.989295125
S0,2099,15-19,36369899.78738168
S0,2099,20-24,36942791.237247765
S0,2099,25-29,38215948.27776742
S0,2099,30-34,39962343.822711945
S0,2099,35-39,41102439.767754674
S0,2099,40-44,42103133.82091588
S0,2099,45-49,43068362.2215845
S0,2099,50-54,44197474.43978536
S0,2099,55-59,45861554.47266281
S0,2099,60-64,47022350.79630202
S0,2099,65-69,46821355.375110686
S0,2099,70-74,44987018.716976166
S0,2099,75+,130844810.85367417
S0,2099,0-8,
S0,2099,9-14,
S0,2099,0-17,
S0,2099,18-29,
S0,2099,30-65,
S0,2099,66+,
S0,2099,15-26,
S0,2099,27-45,
S0,2099,46-65,
S0,2100,00-04,33493639.15020558
S0,2100,05-09,34802497.59590453
S0,2100,10-14,35625386.84942724
S0,2100,15-19,36113206.23912449
S0,2100,20-24,36643141.238678694
S0,2100,25-29,37900747.454352975
S0,2100,30-34,39638564.01597211
S0,2100,35-39,40841131.43106714
S0,2100,40-44,41883252.874388814
S0,2100,45-49,42794049.80186498
S0,2100,50-54,43842867.54978448
S0,2100,55-59,45472819.869633555
S0,2100,60-64,46672465.33556014
S0,2100,65-69,46646512.1443094
S0,2100,70-74,44976741.938732386
S0,2100,75+,131039994.6142962
S0,2100,0-8,
S0,2100,9-14,
S0,2100,0-17,
S0,2100,18-29,
S0,2100,30-65,
S0,2100,66+,
S0,2100,15-26,
S0,2100,27-45,
S0,2100,46-65,
S1,1950,00-04,
S1,1950,05-09,
S1,1950,10-14,
S1,1950,15-19,16659794.442496419
S1,1950,20-24,14592569.020874128
S1,1950,25-29,12832909.62088658
S1,1950,30-34,11443040.170457333
S1,1950,35-39,10003466.737376854
S1,1950,40-44,8735326.058504716
S1,1950,45-49,6882738.658426166
S1,1950,50-54,6051233.247535288
S1,1950,55-59,4206953.869285107
S1,1950,60-64,3752303.444847524
S1,1950,65-69,2063501.3948209882
S1,1950,70-74,1618193.7331982255
S1,1950,75+,1581319.8074493706
S1,1950,0-8,40559261.182155475
S1,1950,9-14,22385821.998629227
S1,1950,0-17,
S1,1950,18-29,
S1,1950,30-65,
S1,1950,66+,
S1,1950,15-26,
S1,1950,27-45,
S1,1950,46-65,
S1,1951,00-04,
S1,1951,05-09,
S1,1951,10-14,
S1,1951,15-19,16945557.581927493
S1,1951,20-24,14874550.669146463
S1,1951,25-29,13035534.199210957
S1,1951,30-34,11615750.72224103
S1,1951,35-39,10142155.669537634
S1,1951,40-44,8963628.749274597
S1,1951,45-49,7034090.865024477
S1,1951,50-54,6235673.845482528
S1,1951,55-59,4315036.430062503
S1,1951,60-64,3846416.213875383
S1,1951,65-69,2176374.426279545
S1,1951,70-74,1606493.8780661225
S1,1951,75+,1584315.3378693163
S1,1951,0-8,41843406.492745414
S1,1951,9-14,22574405.390784055
S1,1951,0-17,
S1,1951,18-29,
S1,1951,30-65,
S1,1951,66+,
S1,1951,15-26,
S1,1951,27-45,
S1,1951,46-65,
S1,1952,00-04,
S1,1952,05-09,
S1,1952,10-14,
S1,1952,15-19,17251250.68827966
S1,1952,20-24,15185982.648475334
S1,1952,25-29,13262512.308932513
S1,1952,30-34,11790818.86078383
S1,1952,35-39,10304559.468063459
S1,1952,40-44,9135622.548904747
S1,1952,45-49,7284132.335697055
S1,1952,50-54,6304240.340955526
S1,1952,55-59,4551113.91247198
S1,1952,60-64,3829732.471691251
S1,1952,65-69,2387986.3315110803
S1,1952,70-74,1552220.070352286
S1,1952,75+,1603752.8337098956
S1,1952,0-8,43250954.05343366
S1,1952,9-14,22712462.983066216
S1,1952,0-17,
S1,1952,18-29,
S1,1952,30-65,
S1,1952,66+,
S1,1952,15-26,
S1,1952,27-45,
S1,1952,46-65,
S1,1953,00-04,
S1,1953,05-09,
S1,1953,10-14,
S1,1953,15-19,17562273.82781604
S1,1953,20-24,15513530.963840604
S1,1953,25-29,13507063.878482893
S1,1953,30-34,11964775.106636569
S1,1953,35-39,10488655.510559887
S1,1953,40-44,9254204.548518628
S1,1953,45-49,7605649.243674964
S1,1953,50-54,6291842.975081325
S1,1953,55-59,4896707.669135541
S1,1953,60-64,3717655.372934729
S1,1953,65-69,2657211.619535625
S1,1953,70-74,1493559.5932992697
S1,1953,75+,1628914.1549118161
S1,1953,0-8,44802192.36750361
S1,1953,9-14,22822254.316502064
S1,1953,0-17,
S1,1953,18-29,
S1,1953,30-65,
S1,1953,66+,
S1,1953,15-26,
S1,1953,27-45,
S1,1953,46-65,
S1,1954,00-04,
S1,1954,05-09,
S1,1954,10-14,
S1,1954,15-19,17827534.293562874
S1,1954,20-24,15826752.810625076
S1,1954,25-29,13751867.15623869
S1,1954,30-34,12132030.928168744
S1,1954,35-39,10671231.634165496
S1,1954,40-44,9350783.118488312
S1,1954,45-49,7934704.6832230985
S1,1954,50-54,6275875.6687271595
S1,1954,55-59,5242578.970156789
S1,1954,60-64,3616109.83711949
S1,1954,65-69,2904848.6770960093
S1,1954,70-74,1466987.1845494509
S1,1954,75+,1648271.5563094616
S1,1954,0-8,46465444.42968145
S1,1954,9-14,22955452.238010973
S1,1954,0-17,
S1,1954,18-29,
S1,1954,30-65,
S1,1954,66+,
S1,1954,15-26,
S1,1954,27-45,
S1,1954,46-65,
S1,1955,00-04,
S1,1955,05-09,
S1,1955,10-14,
S1,1955,15-19,18026788.768844143
S1,1955,20-24,16143678.341259986
S1,1955,25-29,14029756.181331456
S1,1955,30-34,12328580.155494556
S1,1955,35-39,10852523.953379229
S1,1955,40-44,9480519.976944536
S1,1955,45-49,8200084.549652785
S1,1955,50-54,6363327.204794854
S1,1955,55-59,5479693.552192748
S1,1955,60-64,3644403.5693190396
S1,1955,65-69,3045402.3143330812
S1,1955,70-74,1517787.0377459526
S1,1955,75+,1654249.5115314126
S1,1955,0-8,48175437.17133803
S1,1955,9-14,23275524.223253317
S1,1955,0-17,
S1,1955,18-29,
S1,1955,30-65,
S1,1955,66+,
S1,1955,15-26,
S1,1955,27-45,
S1,1955,46-65,
S1,1956,00-04,
S1,1956,05-09,
S1,1956,10-14,
S1,1956,15-19,18180257.035663992
S1,1956,20-24,16434693.581057921
S1,1956,25-29,14318448.031214595
S1,1956,30-34,12539403.231718585
S1,1956,35-39,11030461.784091026
S1,1956,40-44,9623440.16244942
S1,1956,45-49,8423359.68527931
S1,1956,50-54,6511966.788168073
S1,1956,55-59,5652689.638721079
S1,1956,60-64,3747918.5251151025
S1,1956,65-69,3125245.3940968513
S1,1956,70-74,1610023.0973777473
S1,1956,75+,1656899.6901204288
S1,1956,0-8,49910878.73106705
S1,1956,9-14,23710390.866449967
S1,1956,0-17,
S1,1956,18-29,
S1,1956,30-65,
S1,1956,66+,
S1,1956,15-26,
S1,1956,27-45,
S1,1956,46-65,
S1,1957,00-04,
S1,1957,05-09,
S1,1957,10-14,
S1,1957,15-19,18279773.794834226
S1,1957,20-24,16743926.900279641
S1,1957,25-29,14629838.834807113
S1,1957,30-34,12767628.633339524
S1,1957,35-39,11206343.491823792
S1,1957,40-44,9786139.103773087
S1,1957,45-49,8592434.988716125
S1,1957,50-54,6751006.7441577315
S1,1957,55-59,5720849.475885421
S1,1957,60-64,3962286.680005312
S1,1957,65-69,3116096.3932062984
S1,1957,70-74,1774221.9854052365
S1,1957,75+,1640736.8559993804
S1,1957,0-8,51664717.80956641
S1,1957,9-14,24243685.46366702
S1,1957,0-17,
S1,1957,18-29,
S1,1957,30-65,
S1,1957,66+,
S1,1957,15-26,
S1,1957,27-45,
S1,1957,46-65,
S1,1958,00-04,
S1,1958,05-09,
S1,1958,10-14,
S1,1958,15-19,18324681.163805336
S1,1958,20-24,17016287.143043846
S1,1958,25-29,14916027.404743135
S1,1958,30-34,12981958.715643197
S1,1958,35-39,11360465.667774826
S1,1958,40-44,9955891.580043375
S1,1958,45-49,8702804.726926655
S1,1958,50-54,7050542.106905013
S1,1958,55-59,5712789.800296843
S1,1958,60-64,4268319.966675073
S1,1958,65-69,3029187.2709754705
S1,1958,70-74,1979103.9219961762
S1,1958,75+,1624423.570916921
S1,1958,0-8,53427969.23733677
S1,1958,9-14,24832722.177086398
S1,1958,0-17,
S1,1958,18-29,
S1,1958,30-65,
S1,1958,66+,
S1,1958,15-26,
S1,1958,27-45,
S1,1958,46-65,
S1,1959,00-04,
S1,1959,05-09,
S1,1959,10-14,
S1,1959,15-19,18430847.597571358
S1,1959,20-24,17305703.24643907
S1,1959,25-29,15250573.009301037
S1,1959,30-34,13244386.26395318
S1,1959,35-39,11540772.525687039
S1,1959,40-44,10145594.711211056
S1,1959,45-49,8806505.57020253
S1,1959,50-54,7365997.557474673
S1,1959,55-59,5708164.642154545
S1,1959,60-64,4577431.981763482
S1,1959,65-69,2955483.73693946
S1,1959,70-74,2167367.4409319162
S1,1959,75+,1626507.7673633099
S1,1959,0-8,55250943.82173741
S1,1959,9-14,25436508.008944795
S1,1959,0-17,
S1,1959,18-29,
S1,1959,30-65,
S1,1959,66+,
S1,1959,15-26,
S1,1959,27-45,
S1,1959,46-65,
S1,1960,00-04,
S1,1960,05-09,
S1,1960,10-14,
S1,1960,15-19,18628122.82661411
S1,1960,20-24,17507786.602683187
S1,1960,25-29,15562576.200808376
S1,1960,30-34,13517295.59496376
S1,1960,35-39,11733521.17155233
S1,1960,40-44,10323634.042466015
S1,1960,45-49,8934216.605826259
S1,1960,50-54,7617507.53020224
S1,1960,55-59,5794553.362883747
S1,1960,60-64,4788859.012115955
S1,1960,65-69,2987544.0103759766
S1,1960,70-74,2273294.4261958003
S1,1960,75+,1669827.4150672257
S1,1960,0-8,56659046.28679981
S1,1960,9-14,26497427.545429714
S1,1960,0-17,
S1,1960,18-29,
S1,1960,30-65,
S1,1960,66+,
S1,1960,15-26,
S1,1960,27-45,
S1,1960,46-65,
S1,1961,00-04,
S1,1961,05-09,
S1,1961,10-14,
S1,1961,15-19,18919425.97387868
S1,1961,20-24,17670218.391955063
S1,1961,25-29,15855812.005703643
S1,1961,30-34,13805594.861218184
S1,1961,35-39,11943120.71852839
S1,1961,40-44,10500567.65846023
S1,1961,45-49,9075591.74236843
S1,1961,50-54,7830680.166762471
S1,1961,55-59,5937244.035645068
S1,1961,60-64,4944313.495863557
S1,1961,65-69,3081781.88503021
S1,1961,70-74,2333534.2351373136
S1,1961,75+,1737060.5087112486
S1,1961,0-8,58049896.33073237
S1,1961,9-14,27654376.83783806
S1,1961,0-17,
S1,1961,18-29,
S1,1961,30-65,
S1,1961,66+,
S1,1961,15-26,
S1,1961,27-45,
S1,1961,46-65,
S1,1962,00-04,
S1,1962,05-09,
S1,1962,10-14,
S1,1962,15-19,19290593.10654795
S1,1962,20-24,17787638.9107444
S1,1962,25-29,16173753.06165424
S1,1962,30-34,14117583.531881899
S1,1962,35-39,12170657.980993569
S1,1962,40-44,10677039.134272218
S1,1962,45-49,9238212.39155677
S1,1962,50-54,7993860.0434247255
S1,1962,55-59,6159867.859419197
S1,1962,60-64,5010328.780542612
S1,1962,65-69,3265687.422481537
S1,1962,70-74,2327843.029896021
S1,1962,75+,1837417.1711278558
S1,1962,0-8,59412036.45022711
S1,1962,9-14,28883509.002844125
S1,1962,0-17,
S1,1962,18-29,
S1,1962,30-65,
S1,1962,66+,
S1,1962,15-26,
S1,1962,27-45,
S1,1962,46-65,
S1,1963,00-04,
S1,1963,05-09,
S1,1963,10-14,
S1,1963,15-19,19680624.996775374
S1,1963,20-24,17853385.624485135
S1,1963,25-29,16480755.677836046
S1,1963,30-34,14427118.901007831
S1,1963,35-39,12403433.6536721
S1,1963,40-44,10847017.831989616
S1,1963,45-49,9420525.532295257
S1,1963,50-54,8108253.228541583
S1,1963,55-59,6435990.778844327
S1,1963,60-64,5016559.418018639
S1,1963,65-69,3522508.1462919116
S1,1963,70-74,2266785.634906471
S1,1963,75+,1962174.9653120935
S1,1963,0-8,60720308.61587983
S1,1963,9-14,30217420.57417193
S1,1963,0-17,
S1,1963,18-29,
S1,1963,30-65,
S1,1963,66+,
S1,1963,15-26,
S1,1963,27-45,
S1,1963,46-65,
S1,1964,00-04,
S1,1964,05-09,
S1,1964,10-14,
S1,1964,15-19,20054464.356804967
S1,1964,20-24,17957169.149504155
S1,1964,25-29,16769658.974774212
S1,1964,30-34,14746169.931217223
S1,1964,35-39,12657317.060016245
S1,1964,40-44,11027501.214286804
S1,1964,45-49,9616570.69686836
S1,1964,50-54,8210530.42638889
S1,1964,55-59,6717072.025613278
S1,1964,60-64,5027868.87949115
S1,1964,65-69,3775988.7633109093
S1,1964,70-74,2216946.092240542
S1,1964,75+,2082861.0017148852
S1,1964,0-8,61987260.92125023
S1,1964,9-14,31695782.293101482
S1,1964,0-17,
S1,1964,18-29,
S1,1964,30-65,
S1,1964,66+,
S1,1964,15-26,
S1,1964,27-45,
S1,1964,46-65,
S1,1965,00-04,
S1,1965,05-09,
S1,1965,10-14,
S1,1965,15-19,20869357.213922933
S1,1965,20-24,18149870.0713059
S1,1965,25-29,16982944.69607401
S1,1965,30-34,15047543.374046177
S1,1965,35-39,12925981.07200566
S1,1965,40-44,11224665.428922504
S1,1965,45-49,9808414.608548999
S1,1965,50-54,8336010.1653442085
S1,1965,55-59,6934262.873557866
S1,1965,60-64,5123126.605906695
S1,1965,65-69,3944678.121895343
S1,1965,70-74,2247575.766223371
S1,1965,75+,2169824.592104882
S1,1965,0-8,63251092.36352371
S1,1965,9-14,32783289.069104165
S1,1965,0-17,
S1,1965,18-29,
S1,1965,30-65,
S1,1965,66+,
S1,1965,15-26,
S1,1965,27-45,
S1,1965,46-65,
S1,1966,00-04,
S1,1966,05-09,
S1,1966,10-14,
S1,1966,15-19,21756715.204742596
S1,1966,20-24,18425956.046240732
S1,1966,25-29,17151907.20269358
S1,1966,30-34,15320872.55276978
S1,1966,35-39,13203298.758227527
S1,1966,40-44,11434155.706867069
S1,1966,45-49,9998807.859293729
S1,1966,50-54,8468092.66918379
S1,1966,55-59,7103588.815633267
S1,1966,60-64,5264491.957876235
S1,1966,65-69,4055631.0470759273
S1,1966,70-74,2319038.495032817
S1,1966,75+,2230452.728257656
S1,1966,0-8,64301789.59251408
S1,1966,9-14,33819128.107950255
S1,1966,0-17,
S1,1966,18-29,
S1,1966,30-65,
S1,1966,66+,
S1,1966,15-26,
S1,1966,27-45,
S1,1966,46-65,
S1,1967,00-04,
S1,1967,05-09,
S1,1967,10-14,
S1,1967,15-19,22686366.227740765
S1,1967,20-24,18764084.09177597
S1,1967,25-29,17253966.352127492
S1,1967,30-34,15592903.166621923
S1,1967,35-39,13490359.705005199
S1,1967,40-44,11653889.553089142
S1,1967,45-49,10188047.642095447
S1,1967,50-54,8614766.74040556
S1,1967,55-59,7219859.051964521
S1,1967,60-64,5480456.6088885665
S1,1967,65-69,4088120.8415049314
S1,1967,70-74,2456695.589140862
S1,1967,75+,2266999.1656281054
S1,1967,0-8,65297632.7455485
S1,1967,9-14,34824574.35342401
S1,1967,0-17,
S1,1967,18-29,
S1,1967,30-65,
S1,1967,66+,
S1,1967,15-26,
S1,1967,27-45,
S1,1967,46-65,
S1,1968,00-04,
S1,1968,05-09,
S1,1968,10-14,
S1,1968,15-19,23722510.200743183
S1,1968,20-24,19186459.152830914
S1,1968,25-29,17365646.907194674
S1,1968,30-34,15892882.044357032
S1,1968,35-39,13807667.772751719
S1,1968,40-44,11900222.697154969
S1,1968,45-49,10387374.82595545
S1,1968,50-54,8783035.965372115
S1,1968,55-59,7291197.6170654
S1,1968,60-64,5753964.73587963
S1,1968,65-69,4068959.363051176
S1,1968,70-74,2647544.88702178
S1,1968,75+,2282033.8851095736
S1,1968,0-8,66281524.55001066
S1,1968,9-14,35789837.3772363
S1,1968,0-17,
S1,1968,18-29,
S1,1968,30-65,
S1,1968,66+,
S1,1968,15-26,
S1,1968,27-45,
S1,1968,46-65,
S1,1969,00-04,
S1,1969,05-09,
S1,1969,10-14,
S1,1969,15-19,24842260.833608195
S1,1969,20-24,19545527.98723106
S1,1969,25-29,17457109.317239076
S1,1969,30-34,16125624.928435296
S1,1969,35-39,14108979.311893046
S1,1969,40-44,12152787.886874467
S1,1969,45-49,10592380.101352364
S1,1969,50-54,8956982.751501977
S1,1969,55-59,7347695.444036901
S1,1969,60-64,6043265.5405885875
S1,1969,65-69,4054523.0278897583
S1,1969,70-74,2839053.971652776
S1,1969,75+,2310133.7717334926
S1,1969,0-8,67399886.93570189
S1,1969,9-14,36692740.66887893
S1,1969,0-17,
S1,1969,18-29,
S1,1969,30-65,
S1,1969,66+,
S1,1969,15-26,
S1,1969,27-45,
S1,1969,46-65,
S1,1970,00-04,
S1,1970,05-09,
S1,1970,10-14,
S1,1970,15-19,25613068.116989702
S1,1970,20-24,20373473.586906612
S1,1970,25-29,17657251.81837672
S1,1970,30-34,16292997.899316072
S1,1970,35-39,14404991.511817276
S1,1970,40-44,12427514.674997687
S1,1970,45-49,10820680.271751165
S1,1970,50-54,9124605.909917712
S1,1970,55-59,7421214.669922024
S1,1970,60-64,6284599.513932079
S1,1970,65-69,4103400.1092895865
S1,1970,70-74,2967202.0268234313
S1,1970,75+,2371237.90606761
S1,1970,0-8,68491552.13281953
S1,1970,9-14,37544506.0678128
S1,1970,0-17,
S1,1970,18-29,
S1,1970,30-65,
S1,1970,66+,
S1,1970,15-26,
S1,1970,27-45,
S1,1970,46-65,
S1,1971,00-04,
S1,1971,05-09,
S1,1971,10-14,
S1,1971,15-19,26372910.32159774
S1,1971,20-24,21376667.3719379
S1,1971,25-29,18023383.31558633
S1,1971,30-34,16470756.348985076
S1,1971,35-39,14716823.301888496
S1,1971,40-44,12739998.902256876
S1,1971,45-49,11083666.53834486
S1,1971,50-54,9300166.170263678
S1,1971,55-59,7506877.342891425
S1,1971,60-64,6501338.1162337065
S1,1971,65-69,4191780.820886135
S1,1971,70-74,3060247.904107034
S1,1971,75+,2452589.39493382
S1,1971,0-8,69593204.2719355
S1,1971,9-14,38422068.31877105
S1,1971,0-17,
S1,1971,18-29,
S1,1971,30-65,
S1,1971,66+,
S1,1971,15-26,
S1,1971,27-45,
S1,1971,46-65,
S1,1972,00-04,
S1,1972,05-09,
S1,1972,10-14,
S1,1972,15-19,27036497.11632581
S1,1972,20-24,22369966.46320623
S1,1972,25-29,18398851.562865406
S1,1972,30-34,16542607.32919544
S1,1972,35-39,15007268.250260532
S1,1972,40-44,13049161.899355352
S1,1972,45-49,11350485.823637873
S1,1972,50-54,9464292.011057138
S1,1972,55-59,7597753.027240276
S1,1972,60-64,6676480.505429357
S1,1972,65-69,4331824.753716499
S1,1972,70-74,3097789.2907175124
S1,1972,75+,2564326.686551571
S1,1972,0-8,70707594.38120037
S1,1972,9-14,39297197.8057058
S1,1972,0-17,
S1,1972,18-29,
S1,1972,30-65,
S1,1972,66+,
S1,1972,15-26,
S1,1972,27-45,
S1,1972,46-65,
S1,1973,00-04,
S1,1973,05-09,
S1,1973,10-14,
S1,1973,15-19,27676956.900661334
S1,1973,20-24,23530910.264000207
S1,1973,25-29,18883858.63758698
S1,1973,30-34,16627585.247056901
S1,1973,35-39,15330917.991304994
S1,1973,40-44,13391193.579675853
S1,1973,45-49,11647456.80724737
S1,1973,50-54,9634446.592721492
S1,1973,55-59,7705069.472440302
S1,1973,60-64,6820456.023849517
S1,1973,65-69,4511772.129509181
S1,1973,70-74,3102031.069587171
S1,1973,75+,2699430.965277374
S1,1973,0-8,71825099.13297795
S1,1973,9-14,40206784.92377213
S1,1973,0-17,
S1,1973,18-29,
S1,1973,30-65,
S1,1973,66+,
S1,1973,15-26,
S1,1973,27-45,
S1,1973,46-65,
S1,1974,00-04,
S1,1974,05-09,
S1,1974,10-14,
S1,1974,15-19,28223083.80747871
S1,1974,20-24,24805883.84754744
S1,1974,25-29,19347697.13721463
S1,1974,30-34,16725868.128956199
S1,1974,35-39,15617921.208252281
S1,1974,40-44,13734986.57468015
S1,1974,45-49,11961938.298248768
S1,1974,50-54,9809200.18932873
S1,1974,55-59,7814579.731279403
S1,1974,60-64,6957294.749687701
S1,1974,65-69,4694420.524048746
S1,1974,70-74,3111868.5092733502
S1,1974,75+,2838341.296420634
S1,1974,0-8,72973743.47850187
S1,1974,9-14,41148007.88815245
S1,1974,0-17,
S1,1974,18-29,
S1,1974,30-65,
S1,1974,66+,
S1,1974,15-26,
S1,1974,27-45,
S1,1974,46-65,
S1,1975,00-04,
S1,1975,05-09,
S1,1975,10-14,
S1,1975,15-19,28730945.91261506
S1,1975,20-24,25792022.81375426
S1,1975,25-29,20322230.981227398
S1,1975,30-34,16951578.72016388
S1,1975,35-39,15860945.07539612
S1,1975,40-44,14086523.607673049
S1,1975,45-49,12308748.09203887
S1,1975,50-54,10007016.661418587
S1,1975,55-59,7920515.073723257
S1,1975,60-64,7122448.951549351
S1,1975,65-69,4837680.8946272135
S1,1975,70-74,3177620.8712031245
S1,1975,75+,2961239.257264793
S1,1975,0-8,74175102.4115889
S1,1975,9-14,42112918.67446044
S1,1975,0-17,
S1,1975,18-29,
S1,1975,30-65,
S1,1975,66+,
S1,1975,15-26,
S1,1975,27-45,
S1,1975,46-65,
S1,1976,00-04,
S1,1976,05-09,
S1,1976,10-14,
S1,1976,15-19,29241125.83889109
S1,1976,20-24,26741708.54553017
S1,1976,25-29,21408964.29609725
S1,1976,30-34,17271135.6014753
S1,1976,35-39,16070619.756599993
S1,1976,40-44,14424740.506927133
S1,1976,45-49,12675951.851487845
S1,1976,50-54,10221860.744297028
S1,1976,55-59,8025793.579375744
S1,1976,60-64,7303583.896946847
S1,1976,65-69,4956283.3083103895
S1,1976,70-74,3277394.4854658246
S1,1976,75+,3076894.4167246222
S1,1976,0-8,75358047.06603593
S1,1976,9-14,43020289.05344975
S1,1976,0-17,
S1,1976,18-29,
S1,1976,30-65,
S1,1976,66+,
S1,1976,15-26,
S1,1976,27-45,
S1,1976,46-65,
S1,1977,00-04,
S1,1977,05-09,
S1,1977,10-14,
S1,1977,15-19,29740309.56665677
S1,1977,20-24,27647311.297480345
S1,1977,25-29,22566478.99549222
S1,1977,30-34,17663370.740838885
S1,1977,35-39,16227446.327466905
S1,1977,40-44,14775844.777495831
S1,1977,45-49,13063537.269839048
S1,1977,50-54,10449800.634124786
S1,1977,55-59,8128496.6036890745
S1,1977,60-64,7503050.938468099
S1,1977,65-69,5043662.55653131
S1,1977,70-74,3422956.9181267023
S1,1977,75+,3178190.541975558
S1,1977,0-8,76617804.81102622
S1,1977,9-14,43923414.84655994
S1,1977,0-17,
S1,1977,18-29,
S1,1977,30-65,
S1,1977,66+,
S1,1977,15-26,
S1,1977,27-45,
S1,1977,46-65,
S1,1978,00-04,
S1,1978,05-09,
S1,1978,10-14,
S1,1978,15-19,30254984.543397456
S1,1978,20-24,28521859.961764187
S1,1978,25-29,23856450.215243965
S1,1978,30-34,18117577.08654496
S1,1978,35-39,16368891.107814014
S1,1978,40-44,15140998.686851382
S1,1978,45-49,13472897.144088328
S1,1978,50-54,10694718.248227537
S1,1978,55-59,8232312.388815403
S1,1978,60-64,7722481.878964245
S1,1978,65-69,5103836.040557623
S1,1978,70-74,3600935.093367219
S1,1978,75+,3272181.4080284834
S1,1978,0-8,77800459.14908016
S1,1978,9-14,44844069.48279202
S1,1978,0-17,
S1,1978,18-29,
S1,1978,30-65,
S1,1978,66+,
S1,1978,15-26,
S1,1978,27-45,
S1,1978,46-65,
S1,1979,00-04,
S1,1979,05-09,
S1,1979,10-14,
S1,1979,15-19,30754889.01836157
S1,1979,20-24,29267447.06384006
S1,1979,25-29,25237841.91234842
S1,1979,30-34,18532045.553999007
S1,1979,35-39,16514807.364958584
S1,1979,40-44,15465060.419059366
S1,1979,45-49,13881894.906553656
S1,1979,50-54,10950816.815490723
S1,1979,55-59,8339701.71198374
S1,1979,60-64,7948935.414323926
S1,1979,65-69,5156056.063246727
S1,1979,70-74,3781956.0555784106
S1,1979,75+,3370212.198840201
S1,1979,0-8,78950554.19162539
S1,1979,9-14,45796506.88862792
S1,1979,0-17,
S1,1979,18-29,
S1,1979,30-65,
S1,1979,66+,
S1,1979,15-26,
S1,1979,27-45,
S1,1979,46-65,
S1,1980,00-04,
S1,1980,05-09,
S1,1980,10-14,
S1,1980,15-19,31306704.548367962
S1,1980,20-24,30023011.22266549
S1,1980,25-29,26345837.19589573
S1,1980,30-34,19429896.547750503
S1,1980,35-39,16784509.30777055
S1,1980,40-44,15744312.483705372
S1,1980,45-49,14298823.848204523
S1,1980,50-54,11233983.588478863
S1,1980,55-59,8468189.226136267
S1,1980,60-64,8176836.540262103
S1,1980,65-69,5227256.650826514
S1,1980,70-74,3931502.8598731756
S1,1980,75+,3489731.8736510277
S1,1980,0-8,80248389.30834548
S1,1980,9-14,46756880.64776212
S1,1980,0-17,
S1,1980,18-29,
S1,1980,30-65,
S1,1980,66+,
S1,1980,15-26,
S1,1980,27-45,
S1,1980,46-65,
S1,1981,00-04,
S1,1981,05-09,
S1,1981,10-14,
S1,1981,15-19,31779067.088409662
S1,1981,20-24,30751735.61983323
S1,1981,25-29,27380608.820132464
S1,1981,30-34,20400383.530094862
S1,1981,35-39,17127630.19748649
S1,1981,40-44,15977929.010971129
S1,1981,45-49,14694558.570493698
S1,1981,50-54,11529332.2251544
S1,1981,55-59,8610628.613971353
S1,1981,60-64,8406220.103553057
S1,1981,65-69,5307669.786909938
S1,1981,70-74,4061154.80658257
S1,1981,75+,3622715.282833576
S1,1981,0-8,81673167.31975609
S1,1981,9-14,47765904.25115639
S1,1981,0-17,
S1,1981,18-29,
S1,1981,30-65,
S1,1981,66+,
S1,1981,15-26,
S1,1981,27-45,
S1,1981,46-65,
S1,1982,00-04,
S1,1982,05-09,
S1,1982,10-14,
S1,1982,15-19,32237748.10761872
S1,1982,20-24,31472694.896179914
S1,1982,25-29,28371868.618001997
S1,1982,30-34,21433914.76448053
S1,1982,35-39,17543659.94947985
S1,1982,40-44,16159019.917067736
S1,1982,45-49,15103091.438931525
S1,1982,50-54,11841477.341482043
S1,1982,55-59,8766401.006943882
S1,1982,60-64,8635631.911006808
S1,1982,65-69,5400497.802399278
S1,1982,70-74,4166244.7443646193
S1,1982,75+,3772241.682295978
S1,1982,0-8,83090281.34149033
S1,1982,9-14,48854820.39795104
S1,1982,0-17,
S1,1982,18-29,
S1,1982,30-65,
S1,1982,66+,
S1,1982,15-26,
S1,1982,27-45,
S1,1982,46-65,
S1,1983,00-04,
S1,1983,05-09,
S1,1983,10-14,
S1,1983,15-19,32715308.864920646
S1,1983,20-24,32204377.916889906
S1,1983,25-29,29308562.772773325
S1,1983,30-34,22567301.37719059
S1,1983,35-39,18005893.64092788
S1,1983,40-44,16313992.739885867
S1,1983,45-49,15518369.230704963
S1,1983,50-54,12168537.999884069
S1,1983,55-59,8937565.679240108
S1,1983,60-64,8866901.252603829
S1,1983,65-69,5507411.807428837
S1,1983,70-74,4249891.682728291
S1,1983,75+,3936231.8691797256
S1,1983,0-8,84546104.81109296
S1,1983,9-14,49942219.319108024
S1,1983,0-17,
S1,1983,18-29,
S1,1983,30-65,
S1,1983,66+,
S1,1983,15-26,
S1,1983,27-45,
S1,1983,46-65,
S1,1984,00-04,
S1,1984,05-09,
S1,1984,10-14,
S1,1984,15-19,33237624.593930602
S1,1984,20-24,32969051.708185107
S1,1984,25-29,30178177.12661317
S1,1984,30-34,23838110.981856197
S1,1984,35-39,18468266.069880962
S1,1984,40-44,16498418.149285376
S1,1984,45-49,15906580.404635072
S1,1984,50-54,12504276.606494844
S1,1984,55-59,9126931.426642954
S1,1984,60-64,9106672.403339684
S1,1984,65-69,5622671.033073902
S1,1984,70-74,4329576.57599014
S1,1984,75+,4104369.022298336
S1,1984,0-8,86033971.05518472
S1,1984,9-14,51064339.33413026
S1,1984,0-17,
S1,1984,18-29,
S1,1984,30-65,
S1,1984,66+,
S1,1984,15-26,
S1,1984,27-45,
S1,1984,46-65,
S1,1985,00-04,
S1,1985,05-09,
S1,1985,10-14,
S1,1985,15-19,33751193.539844036
S1,1985,20-24,33733814.457215935
S1,1985,25-29,30969059.18220848
S1,1985,30-34,24776627.243465245
S1,1985,35-39,19359364.356597453
S1,1985,40-44,16769121.339272797
S1,1985,45-49,16220526.127291203
S1,1985,50-54,12831896.55069691
S1,1985,55-59,9334133.717247725
S1,1985,60-64,9361731.263289273
S1,1985,65-69,5737761.262008548
S1,1985,70-74,4423811.674328923
S1,1985,75+,4265941.8485453725
S1,1985,0-8,87584465.9926616
S1,1985,9-14,52257788.16354638
S1,1985,0-17,
S1,1985,18-29,
S1,1985,30-65,
S1,1985,66+,
S1,1985,15-26,
S1,1985,27-45,
S1,1985,46-65,
S1,1986,00-04,
S1,1986,05-09,
S1,1986,10-14,
S1,1986,15-19,34325942.78408638
S1,1986,20-24,34428859.46950728
S1,1986,25-29,31758481.83450687
S1,1986,30-34,25670900.228072822
S1,1986,35-39,20341449.01243794
S1,1986,40-44,17122712.719944835
S1,1986,45-49,16489215.076778173
S1,1986,50-54,13143403.769339025
S1,1986,55-59,9556799.566561937
S1,1986,60-64,9630518.585897923
S1,1986,65-69,5857385.024130523
S1,1986,70-74,4526960.828908324
S1,1986,75+,4425311.119243681
S1,1986,0-8,89189441.66095126
S1,1986,9-14,53420203.44683167
S1,1986,0-17,
S1,1986,18-29,
S1,1986,30-65,
S1,1986,66+,
S1,1986,15-26,
S1,1986,27-45,
S1,1986,46-65,
S1,1987,00-04,
S1,1987,05-09,
S1,1987,10-14,
S1,1987,15-19,34975026.329413265
S1,1987,20-24,35100193.03200242
S1,1987,25-29,32533923.817949474
S1,1987,30-34,26526241.6233851
S1,1987,35-39,21387842.24414277
S1,1987,40-44,17548256.99711114
S1,1987,45-49,16698766.558167994
S1,1987,50-54,13467110.216542304
S1,1987,55-59,9797751.138410091
S1,1987,60-64,9910019.347130597
S1,1987,65-69,5981180.939733446
S1,1987,70-74,4641459.302682936
S1,1987,75+,4583231.55206573
S1,1987,0-8,90836875.03571084
S1,1987,9-14,54597169.63956386
S1,1987,0-17,
S1,1987,18-29,
S1,1987,30-65,
S1,1987,66+,
S1,1987,15-26,
S1,1987,27-45,
S1,1987,46-65,
S1,1988,00-04,
S1,1988,05-09,
S1,1988,10-14,
S1,1988,15-19,35647276.04803833
S1,1988,20-24,35781708.24376261
S1,1988,25-29,33310456.580770373
S1,1988,30-34,27329727.1783278
S1,1988,35-39,22531066.181874633
S1,1988,40-44,18015779.009254813
S1,1988,45-49,16873035.01612568
S1,1988,50-54,13795772.533423424
S1,1988,55-59,10054180.49101168
S1,1988,60-64,10199408.304738462
S1,1988,65-69,6110250.391972065
S1,1988,70-74,4767556.951605082
S1,1988,75+,4740067.471441746
S1,1988,0-8,92447404.22092651
S1,1988,9-14,55706953.13765167
S1,1988,0-17,
S1,1988,18-29,
S1,1988,30-65,
S1,1988,66+,
S1,1988,15-26,
S1,1988,27-45,
S1,1988,46-65,
S1,1989,00-04,
S1,1989,05-09,
S1,1989,10-14,
S1,1989,15-19,36371080.737139076
S1,1989,20-24,36495408.90896329
S1,1989,25-29,34100489.4785499
S1,1989,30-34,28062362.66542715
S1,1989,35-39,23801360.625870526
S1,1989,40-44,18474549.17948401
S1,1989,45-49,17066319.894630432
S1,1989,50-54,14098282.572670758
S1,1989,55-59,10320658.208204925
S1,1989,60-64,10499857.795141757
S1,1989,65-69,6249581.402736485
S1,1989,70-74,4899810.825022519
S1,1989,75+,4900335.376546979
S1,1989,0-8,94053974.5032257
S1,1989,9-14,56770410.68673466
S1,1989,0-17,
S1,1989,18-29,
S1,1989,30-65,
S1,1989,66+,
S1,1989,15-26,
S1,1989,27-45,
S1,1989,46-65,
S1,1990,00-04,
S1,1990,05-09,
S1,1990,10-14,
S1,1990,15-19,37171855.57170278
S1,1990,20-24,37199537.34265643
S1,1990,25-29,34896993.087963045
S1,1990,30-34,28737558.08577621
S1,1990,35-39,24745365.981963992
S1,1990,40-44,19365294.755855203
S1,1990,45-49,17344492.21815914
S1,1990,50-54,14337992.81513393
S1,1990,55-59,10586396.969721913
S1,1990,60-64,10811541.021559179
S1,1990,65-69,6405391.918513417
S1,1990,70-74,5031151.881967425
S1,1990,75+,5068868.590151012
S1,1990,0-8,95564803.16565235
S1,1990,9-14,57885385.42646615
S1,1990,0-17,
S1,1990,18-29,
S1,1990,30-65,
S1,1990,66+,
S1,1990,15-26,
S1,1990,27-45,
S1,1990,46-65,
S1,1991,00-04,
S1,1991,05-09,
S1,1991,10-14,
S1,1991,15-19,37952436.08836585
S1,1991,20-24,37967716.294614434
S1,1991,25-29,35624557.31279123
S1,1991,30-34,29426782.676489234
S1,1991,35-39,25648791.185863912
S1,1991,40-44,20347845.764680743
S1,1991,45-49,17703597.313202143
S1,1991,50-54,14542090.42348361
S1,1991,55-59,10845521.432008028
S1,1991,60-64,11130170.611651719
S1,1991,65-69,6577217.983889163
S1,1991,70-74,5165093.493795395
S1,1991,75+,5244744.200311303
S1,1991,0-8,96866558.8898863
S1,1991,9-14,59171588.166093186
S1,1991,0-17,
S1,1991,18-29,
S1,1991,30-65,
S1,1991,66+,
S1,1991,15-26,
S1,1991,27-45,
S1,1991,46-65,
S1,1992,00-04,
S1,1992,05-09,
S1,1992,10-14,
S1,1992,15-19,38778473.32101682
S1,1992,20-24,38420246.75954801
S1,1992,25-29,36209475.392234296
S1,1992,30-34,30308902.88579619
S1,1992,35-39,26781439.759293795
S1,1992,40-44,20965914.193269014
S1,1992,45-49,17718130.046244442
S1,1992,50-54,14553154.172444224
S1,1992,55-59,11337007.605303526
S1,1992,60-64,11432682.985250592
S1,1992,65-69,6922356.815140486
S1,1992,70-74,5353279.956766307
S1,1992,75+,5446529.729400992
S1,1992,0-8,98215680.11879802
S1,1992,9-14,60743380.04905355
S1,1992,0-17,
S1,1992,18-29,
S1,1992,30-65,
S1,1992,66+,
S1,1992,15-26,
S1,1992,27-45,
S1,1992,46-65,
S1,1993,00-04,
S1,1993,05-09,
S1,1993,10-14,
S1,1993,15-19,39557707.681301475
S1,1993,20-24,38912240.92397553
S1,1993,25-29,36821641.41659129
S1,1993,30-34,31201949.344100833
S1,1993,35-39,27882284.262180865
S1,1993,40-44,21690464.029002964
S1,1993,45-49,17789318.471515417
S1,1993,50-54,14545347.939163208
S1,1993,55-59,11827640.87023741
S1,1993,60-64,11753990.40062517
S1,1993,65-69,7286106.073292971
S1,1993,70-74,5544913.1347029805
S1,1993,75+,5655968.390255153
S1,1993,0-8,99406129.42795625
S1,1993,9-14,62398964.19402763
S1,1993,0-17,
S1,1993,18-29,
S1,1993,30-65,
S1,1993,66+,
S1,1993,15-26,
S1,1993,27-45,
S1,1993,46-65,
S1,1994,00-04,
S1,1994,05-09,
S1,1994,10-14,
S1,1994,15-19,40297994.056458
S1,1994,20-24,39451472.31388891
S1,1994,25-29,37458762.94623658
S1,1994,30-34,32099544.17100036
S1,1994,35-39,28912269.32980883
S1,1994,40-44,22543940.90828961
S1,1994,45-49,17866754.58053273
S1,1994,50-54,14563453.638844788
S1,1994,55-59,12285478.158108592
S1,1994,60-64,12084693.102965117
S1,1994,65-69,7667380.958511949
S1,1994,70-74,5742015.6898447275
S1,1994,75+,5871189.408745766
S1,1994,0-8,100387002.08425158
S1,1994,9-14,64096016.42237291
S1,1994,0-17,
S1,1994,18-29,
S1,1994,30-65,
S1,1994,66+,
S1,1994,15-26,
S1,1994,27-45,
S1,1994,46-65,
S1,1995,00-04,
S1,1995,05-09,
S1,1995,10-14,
S1,1995,15-19,41070736.334122896
S1,1995,20-24,40035205.35200709
S1,1995,25-29,38041501.71649182
S1,1995,30-34,32967715.072232366
S1,1995,35-39,29858622.342134118
S1,1995,40-44,23096008.893864155
S1,1995,45-49,18371211.05104679
S1,1995,50-54,14659795.976663113
S1,1995,55-59,12672375.437459052
S1,1995,60-64,12410142.65809238
S1,1995,65-69,8065138.389135599
S1,1995,70-74,5949037.863636076
S1,1995,75+,6090879.122263789
S1,1995,0-8,101188167.49573861
S1,1995,9-14,65763825.599469855
S1,1995,0-17,
S1,1995,18-29,
S1,1995,30-65,
S1,1995,66+,
S1,1995,15-26,
S1,1995,27-45,
S1,1995,46-65,
S1,1996,00-04,
S1,1996,05-09,
S1,1996,10-14,
S1,1996,15-19,42032615.559934825
S1,1996,20-24,40634194.2925708
S1,1996,25-29,38713307.900754124
S1,1996,30-34,33780514.182733834
S1,1996,35-39,30818900.27289498
S1,1996,40-44,23647877.329074264
S1,1996,45-49,18983596.351123095
S1,1996,50-54,14838086.000150502
S1,1996,55-59,13013478.27246654
S1,1996,60-64,12726580.687245071
S1,1996,65-69,8477539.835127234
S1,1996,70-74,6165445.704281807
S1,1996,75+,6316826.364269137
S1,1996,0-8,101905945.46592605
S1,1996,9-14,67263506.8572965
S1,1996,0-17,
S1,1996,18-29,
S1,1996,30-65,
S1,1996,66+,
S1,1996,15-26,
S1,1996,27-45,
S1,1996,46-65,
S1,1997,00-04,
S1,1997,05-09,
S1,1997,10-14,
S1,1997,15-19,42981685.414179444
S1,1997,20-24,41290196.21835351
S1,1997,25-29,39458238.20561355
S1,1997,30-34,34565154.83558637
S1,1997,35-39,31765030.869593024
S1,1997,40-44,24205196.789545536
S1,1997,45-49,19681620.125344574
S1,1997,50-54,15085039.435685098
S1,1997,55-59,13294277.704215884
S1,1997,60-64,13059903.518293023
S1,1997,65-69,8902684.626579285
S1,1997,70-74,6387675.100454569
S1,1997,75+,6548696.661315978
S1,1997,0-8,102437406.75845541
S1,1997,9-14,68764108.18460475
S1,1997,0-17,
S1,1997,18-29,
S1,1997,30-65,
S1,1997,66+,
S1,1997,15-26,
S1,1997,27-45,
S1,1997,46-65,
S1,1998,00-04,
S1,1998,05-09,
S1,1998,10-14,
S1,1998,15-19,44023162.88364652
S1,1998,20-24,41924762.99125251
S1,1998,25-29,40212702.6486918
S1,1998,30-34,35345203.06365174
S1,1998,35-39,32697217.527750373
S1,1998,40-44,24758722.527089417
S1,1998,45-49,20502397.97108376
S1,1998,50-54,15373787.589437127
S1,1998,55-59,13532387.47717452
S1,1998,60-64,13403493.719112575
S1,1998,65-69,9335818.394590855
S1,1998,70-74,6615622.520885885
S1,1998,75+,6787720.566686571
S1,1998,0-8,102977034.09236822
S1,1998,9-14,70074578.64628875
S1,1998,0-17,
S1,1998,18-29,
S1,1998,30-65,
S1,1998,66+,
S1,1998,15-26,
S1,1998,27-45,
S1,1998,46-65,
S1,1999,00-04,
S1,1999,05-09,
S1,1999,10-14,
S1,1999,15-19,45120663.67977503
S1,1999,20-24,42566367.89048183
S1,1999,25-29,41002924.99929389
S1,1999,30-34,36136983.33086687
S1,1999,35-39,33616390.34912324
S1,1999,40-44,25295904.29233986
S1,1999,45-49,21482812.12845081
S1,1999,50-54,15660869.619852722
S1,1999,55-59,13769458.399832249
S1,1999,60-64,13725982.567587078
S1,1999,65-69,9768551.255604029
S1,1999,70-74,6849968.165005565
S1,1999,75+,7036466.601935923
S1,1999,0-8,103469384.00909723
S1,1999,9-14,71233886.3089609
S1,1999,0-17,
S1,1999,18-29,
S1,1999,30-65,
S1,1999,66+,
S1,1999,15-26,
S1,1999,27-45,
S1,1999,46-65,
S1,2000,00-04,
S1,2000,05-09,
S1,2000,10-14,
S1,2000,15-19,46224385.09381634
S1,2000,20-24,43304874.13174218
S1,2000,25-29,41845802.323913515
S1,2000,30-34,36887251.98657042
S1,2000,35-39,34498476.11575496
S1,2000,40-44,25830587.247621417
S1,2000,45-49,22229908.20478177
S1,2000,50-54,16321256.216855764
S1,2000,55-59,14056356.803605795
S1,2000,60-64,13990213.910431564
S1,2000,65-69,10186617.058345318
S1,2000,70-74,7091033.215563118
S1,2000,75+,7298096.4442439675
S1,2000,0-8,103944874.8765161
S1,2000,9-14,72200216.0068816
S1,2000,0-17,
S1,2000,18-29,
S1,2000,30-65,
S1,2000,66+,
S1,2000,15-26,
S1,2000,27-45,
S1,2000,46-65,
S1,2001,00-04,
S1,2001,05-09,
S1,2001,10-14,
S1,2001,15-19,47215844.03441024
S1,2001,20-24,44272146.53408909
S1,2001,25-29,42634817.751206934
S1,2001,30-34,37669250.71896511
S1,2001,35-39,35259859.73102611
S1,2001,40-44,26432955.320123613
S1,2001,45-49,23018267.93171203
S1,2001,50-54,17061834.09264344
S1,2001,55-59,14389410.670458198
S1,2001,60-64,14223529.402764738
S1,2001,65-69,10579459.221992016
S1,2001,70-74,7335418.601219356
S1,2001,75+,7573654.886939347
S1,2001,0-8,104562642.62386356
S1,2001,9-14,72997702.31478514
S1,2001,0-17,
S1,2001,18-29,
S1,2001,30-65,
S1,2001,66+,
S1,2001,15-26,
S1,2001,27-45,
S1,2001,46-65,
S1,2002,00-04,
S1,2002,05-09,
S1,2002,10-14,
S1,2002,15-19,48310029.05793771
S1,2002,20-24,45266352.00852585
S1,2002,25-29,43450038.715265095
S1,2002,30-34,38502722.411634624
S1,2002,35-39,35980404.469417214
S1,2002,40-44,27092640.529504478
S1,2002,45-49,23824141.037291765
S1,2002,50-54,17858628.524906933
S1,2002,55-59,14762748.391425371
S1,2002,60-64,14424197.761277437
S1,2002,65-69,10979270.079704762
S1,2002,70-74,7588304.40212369
S1,2002,75+,7860104.889971256
S1,2002,0-8,105234984.19600359
S1,2002,9-14,73564627.60860926
S1,2002,0-17,
S1,2002,18-29,
S1,2002,30-65,
S1,2002,66+,
S1,2002,15-26,
S1,2002,27-45,
S1,2002,46-65,
S1,2003,00-04,
S1,2003,05-09,
S1,2003,10-14,
S1,2003,15-19,49344595.56522465
S1,2003,20-24,46300990.26664609
S1,2003,25-29,44127324.21401149
S1,2003,30-34,39269744.762027144
S1,2003,35-39,36676594.99547082
S1,2003,40-44,27787065.674598277
S1,2003,45-49,24577748.90739566
S1,2003,50-54,18723798.455983758
S1,2003,55-59,15145636.771372557
S1,2003,60-64,14616557.26991874
S1,2003,65-69,11387735.85663402
S1,2003,70-74,7851568.742118716
S1,2003,75+,8157004.102758527
S1,2003,0-8,105736793.43497576
S1,2003,9-14,74096505.45261042
S1,2003,0-17,
S1,2003,18-29,
S1,2003,30-65,
S1,2003,66+,
S1,2003,15-26,
S1,2003,27-45,
S1,2003,46-65,
S1,2004,00-04,
S1,2004,05-09,
S1,2004,10-14,
S1,2004,15-19,50404542.260123104
S1,2004,20-24,47416734.75093147
S1,2004,25-29,44760574.505589664
S1,2004,30-34,40043908.67538732
S1,2004,35-39,37398049.44186264
S1,2004,40-44,28546669.206252694
S1,2004,45-49,25275522.4211635
S1,2004,50-54,19685776.415047348
S1,2004,55-59,15495008.017739713
S1,2004,60-64,14848615.626906097
S1,2004,65-69,11775817.537042856
S1,2004,70-74,8118882.935088515
S1,2004,75+,8463385.258940458
S1,2004,0-8,106055951.26031241
S1,2004,9-14,74489065.13286701
S1,2004,0-17,
S1,2004,18-29,
S1,2004,30-65,
S1,2004,66+,
S1,2004,15-26,
S1,2004,27-45,
S1,2004,46-65,
S1,2005,00-04,
S1,2005,05-09,
S1,2005,10-14,
S1,2005,15-19,51444287.856931806
S1,2005,20-24,48586920.62784326
S1,2005,25-29,45463052.80479878
S1,2005,30-34,40858590.03873056
S1,2005,35-39,38100264.92872256
S1,2005,40-44,29368927.848871827
S1,2005,45-49,25931535.13472843
S1,2005,50-54,20372321.279777944
S1,2005,55-59,16180629.219356954
S1,2005,60-64,15173564.502003849
S1,2005,65-69,12105435.928759992
S1,2005,70-74,8378255.990751028
S1,2005,75+,8778197.489786386
S1,2005,0-8,106170905.64172329
S1,2005,9-14,74801921.19372086
S1,2005,0-17,
S1,2005,18-29,
S1,2005,30-65,
S1,2005,66+,
S1,2005,15-26,
S1,2005,27-45,
S1,2005,46-65,
S1,2006,00-04,
S1,2006,05-09,
S1,2006,10-14,
S1,2006,15-19,52412268.69854993
S1,2006,20-24,49583191.484603435
S1,2006,25-29,46257880.01124054
S1,2006,30-34,41528956.326722145
S1,2006,35-39,38804543.29578227
S1,2006,40-44,30167219.411349833
S1,2006,45-49,26598108.78917384
S1,2006,50-54,21008225.82965964
S1,2006,55-59,16896116.57525432
S1,2006,60-64,15583873.818969667
S1,2006,65-69,12393950.888851583
S1,2006,70-74,8622512.776427686
S1,2006,75+,9100798.750245929
S1,2006,0-8,105992710.43501072
S1,2006,9-14,75091114.83966558
S1,2006,0-17,
S1,2006,18-29,
S1,2006,30-65,
S1,2006,66+,
S1,2006,15-26,
S1,2006,27-45,
S1,2006,46-65,
S1,2007,00-04,
S1,2007,05-09,
S1,2007,10-14,
S1,2007,15-19,53315526.77086681
S1,2007,20-24,50695158.84404564
S1,2007,25-29,47058686.700926244
S1,2007,30-34,42204405.29218608
S1,2007,35-39,39577433.03725928
S1,2007,40-44,31020466.384197652
S1,2007,45-49,27294106.354442418
S1,2007,50-54,21610265.13403648
S1,2007,55-59,17618708.136572957
S1,2007,60-64,16074816.683846831
S1,2007,65-69,12634595.60481453
S1,2007,70-74,8871210.649546504
S1,2007,75+,9430647.296827674
S1,2007,0-8,105584566.59826346
S1,2007,9-14,75329781.04340182
S1,2007,0-17,
S1,2007,18-29,
S1,2007,30-65,
S1,2007,66+,
S1,2007,15-26,
S1,2007,27-45,
S1,2007,46-65,
S1,2008,00-04,
S1,2008,05-09,
S1,2008,10-14,
S1,2008,15-19,54258315.2935929
S1,2008,20-24,51652600.65290186
S1,2008,25-29,47888337.82829577
S1,2008,30-34,42733367.08681995
S1,2008,35-39,40313468.26236206
S1,2008,40-44,31940684.422412574
S1,2008,45-49,28027482.351662517
S1,2008,50-54,22163809.562156856
S1,2008,55-59,18365038.167097688
S1,2008,60-64,16618476.354783952
S1,2008,65-69,12846736.640515983
S1,2008,70-74,9121534.047612786
S1,2008,75+,9775243.646704197
S1,2008,0-8,105000914.41315815
S1,2008,9-14,75528112.24195579
S1,2008,0-17,
S1,2008,18-29,
S1,2008,30-65,
S1,2008,66+,
S1,2008,15-26,
S1,2008,27-45,
S1,2008,46-65,
S1,2009,00-04,
S1,2009,05-09,
S1,2009,10-14,
S1,2009,15-19,55164945.615443856
S1,2009,20-24,52576785.65576306
S1,2009,25-29,48765329.99049461
S1,2009,30-34,43179498.008676946
S1,2009,35-39,41064158.494377136
S1,2009,40-44,32965830.36185628
S1,2009,45-49,28822560.06709832
S1,2009,50-54,22655791.779960275
S1,2009,55-59,19149482.224798977
S1,2009,60-64,17166024.229920745
S1,2009,65-69,13068717.809280396
S1,2009,70-74,9349839.49800992
S1,2009,75+,10136678.723459482
S1,2009,0-8,104329821.51110746
S1,2009,9-14,75722023.6629998
S1,2009,0-17,
S1,2009,18-29,
S1,2009,30-65,
S1,2009,66+,
S1,2009,15-26,
S1,2009,27-45,
S1,2009,46-65,
S1,2010,00-04,
S1,2010,05-09,
S1,2010,10-14,
S1,2010,15-19,56089928.37246826
S1,2010,20-24,53466988.10739136
S1,2010,25-29,49673458.3761
S1,2010,30-34,43655298.86893946
S1,2010,35-39,41859129.92211306
S1,2010,40-44,34060638.50879955
S1,2010,45-49,29673151.00885272
S1,2010,50-54,23087983.65730405
S1,2010,55-59,19601307.36307949
S1,2010,60-64,18134044.85818571
S1,2010,65-69,13340029.10492301
S1,2010,70-74,9523776.403087974
S1,2010,75+,10510490.299329996
S1,2010,0-8,103596185.12810163
S1,2010,9-14,75831654.44370012
S1,2010,0-17,
S1,2010,18-29,
S1,2010,30-65,
S1,2010,66+,
S1,2010,15-26,
S1,2010,27-45,
S1,2010,46-65,
S1,2011,00-04,
S1,2011,05-09,
S1,2011,10-14,
S1,2011,15-19,57057291.904427916
S1,2011,20-24,54335449.57143873
S1,2011,25-29,50470816.14164019
S1,2011,30-34,44278446.01265329
S1,2011,35-39,42588921.27925426
S1,2011,40-44,35310396.90195811
S1,2011,45-49,30534249.62520981
S1,2011,50-54,23527117.197699845
S1,2011,55-59,19953004.25147158
S1,2011,60-64,19199731.61148238
S1,2011,65-69,13661587.040850878
S1,2011,70-74,9667827.299835205
S1,2011,75+,10901840.518275619
S1,2011,0-8,102618857.00890918
S1,2011,9-14,76010286.95362718
S1,2011,0-17,
S1,2011,18-29,
S1,2011,30-65,
S1,2011,66+,
S1,2011,15-26,
S1,2011,27-45,
S1,2011,46-65,
S1,2012,00-04,
S1,2012,05-09,
S1,2012,10-14,
S1,2012,15-19,57365160.08606967
S1,2012,20-24,54782626.93101904
S1,2012,25-29,51530753.41794157
S1,2012,30-34,45233851.19515997
S1,2012,35-39,43473270.07467133
S1,2012,40-44,36057258.83519536
S1,2012,45-49,31116813.99524933
S1,2012,50-54,24074650.680407286
S1,2012,55-59,20635662.903469324
S1,2012,60-64,20227097.000912547
S1,2012,65-69,14047208.466246843
S1,2012,70-74,9826730.678999543
S1,2012,75+,11306534.478039622
S1,2012,0-8,101979161.37371941
S1,2012,9-14,76540583.15446566
S1,2012,0-17,
S1,2012,18-29,
S1,2012,30-65,
S1,2012,66+,
S1,2012,15-26,
S1,2012,27-45,
S1,2012,46-65,
S1,2013,00-04,
S1,2013,05-09,
S1,2013,10-14,
S1,2013,15-19,57686455.567222476
S1,2013,20-24,55266490.945685446
S1,2013,25-29,52476591.213542044
S1,2013,30-34,46305365.51885784
S1,2013,35-39,44289297.979640305
S1,2013,40-44,36821780.19646108
S1,2013,45-49,31720693.480637193
S1,2013,50-54,24652707.98810953
S1,2013,55-59,21291155.124283195
S1,2013,60-64,21325005.338293076
S1,2013,65-69,14463584.28998077
S1,2013,70-74,9976438.095083833
S1,2013,75+,11747660.251662016
S1,2013,0-8,101390651.98972976
S1,2013,9-14,76978309.07377672
S1,2013,0-17,
S1,2013,18-29,
S1,2013,30-65,
S1,2013,66+,
S1,2013,15-26,
S1,2013,27-45,
S1,2013,46-65,
S1,2014,00-04,
S1,2014,05-09,
S1,2014,10-14,
S1,2014,15-19,58062748.576417
S1,2014,20-24,55680885.47747287
S1,2014,25-29,53361909.964607656
S1,2014,30-34,47456951.19864607
S1,2014,35-39,45063030.97566748
S1,2014,40-44,37631239.15570468
S1,2014,45-49,32364042.211613297
S1,2014,50-54,25270998.67457974
S1,2014,55-59,21904259.006232977
S1,2014,60-64,22513527.88891864
S1,2014,65-69,14866472.65604341
S1,2014,70-74,10146480.480673432
S1,2014,75+,12206312.751358151
S1,2014,0-8,100826804.15230097
S1,2014,9-14,77240649.99039541
S1,2014,0-17,
S1,2014,18-29,
S1,2014,30-65,
S1,2014,66+,
S1,2014,15-26,
S1,2014,27-45,
S1,2014,46-65,
S1,2015,00-04,
S1,2015,05-09,
S1,2015,10-14,
S1,2015,15-19,58472452.41007474
S1,2015,20-24,56104184.104165524
S1,2015,25-29,54158874.1087991
S1,2015,30-34,48656264.984879375
S1,2015,35-39,45908744.773775995
S1,2015,40-44,38524565.6177116
S1,2015,45-49,33019432.041330993
S1,2015,50-54,25934269.503550828
S1,2015,55-59,22494476.088398814
S1,2015,60-64,23387698.40496409
S1,2015,65-69,15636398.809533238
S1,2015,70-74,10376439.547559619
S1,2015,75+,12662925.392282605
S1,2015,0-8,100066927.98208988
S1,2015,9-14,77405245.99116182
S1,2015,0-17,
S1,2015,18-29,
S1,2015,30-65,
S1,2015,66+,
S1,2015,15-26,
S1,2015,27-45,
S1,2015,46-65,
S1,2016,00-04,
S1,2016,05-09,
S1,2016,10-14,
S1,2016,15-19,58979017.96252364
S1,2016,20-24,56495852.15576142
S1,2016,25-29,54813712.27239376
S1,2016,30-34,49714759.6648649
S1,2016,35-39,46905405.27291608
S1,2016,40-44,39361522.78942692
S1,2016,45-49,33722174.32187736
S1,2016,50-54,26564888.153989077
S1,2016,55-59,23099832.947294235
S1,2016,60-64,24185405.474591732
S1,2016,65-69,16463730.588685155
S1,2016,70-74,10655680.869559884
S1,2016,75+,13115336.486703992
S1,2016,0-8,99557381.9784465
S1,2016,9-14,77168586.37711589
S1,2016,0-17,
S1,2016,18-29,
S1,2016,30-65,
S1,2016,66+,
S1,2016,15-26,
S1,2016,27-45,
S1,2016,46-65,
S1,2017,00-04,
S1,2017,05-09,
S1,2017,10-14,
S1,2017,15-19,59553669.37961489
S1,2017,20-24,56868916.593002856
S1,2017,25-29,55311539.16310108
S1,2017,30-34,50813123.93062818
S1,2017,35-39,47845753.63613945
S1,2017,40-44,40193598.654349744
S1,2017,45-49,34464761.23897183
S1,2017,50-54,27182667.78612262
S1,2017,55-59,23696694.622990847
S1,2017,60-64,24889495.994654298
S1,2017,65-69,17306782.89955926
S1,2017,70-74,10966253.46246922
S1,2017,75+,13553330.18014586
S1,2017,0-8,99175812.5321221
S1,2017,9-14,76527389.61016199
S1,2017,0-17,
S1,2017,18-29,
S1,2017,30-65,
S1,2017,66+,
S1,2017,15-26,
S1,2017,27-45,
S1,2017,46-65,
S1,2018,00-04,
S1,2018,05-09,
S1,2018,10-14,
S1,2018,15-19,60086501.280593574
S1,2018,20-24,57248126.229804814
S1,2018,25-29,55834731.972036004
S1,2018,30-34,51802121.42421037
S1,2018,35-39,48896224.15082115
S1,2018,40-44,40988738.58349669
S1,2018,45-49,35242442.57963467
S1,2018,50-54,27852171.13520634
S1,2018,55-59,24333791.00940454
S1,2018,60-64,25528585.815745354
S1,2018,65-69,18215374.89825511
S1,2018,70-74,11307891.265862823
S1,2018,75+,14008403.81978476
S1,2018,0-8,98708859.13374346
S1,2018,9-14,75846341.73697549
S1,2018,0-17,
S1,2018,18-29,
S1,2018,30-65,
S1,2018,66+,
S1,2018,15-26,
S1,2018,27-45,
S1,2018,46-65,
S1,2019,00-04,
S1,2019,05-09,
S1,2019,10-14,
S1,2019,15-19,60450367.08358079
S1,2019,20-24,57645317.860917956
S1,2019,25-29,56244448.302556574
S1,2019,30-34,52705195.313631356
S1,2019,35-39,49991685.92161977
S1,2019,40-44,41749510.9267602
S1,2019,45-49,36062882.52784556
S1,2019,50-54,28575209.538873672
S1,2019,55-59,25008650.47881639
S1,2019,60-64,26072925.279591918
S1,2019,65-69,19198104.196171165
S1,2019,70-74,11641569.161100984
S1,2019,75+,14479747.142699957
S1,2019,0-8,98395965.2440953
S1,2019,9-14,75244433.54957116
S1,2019,0-17,
S1,2019,18-29,
S1,2019,30-65,
S1,2019,66+,
S1,2019,15-26,
S1,2019,27-45,
S1,2019,46-65,
S1,2020,00-04,
S1,2020,05-09,
S1,2020,10-14,
S1,2020,15-19,60704609.01625407
S1,2020,20-24,58044192.58108872
S1,2020,25-29,56628224.320640266
S1,2020,30-34,53502486.31781906
S1,2020,35-39,51104623.16940898
S1,2020,40-44,42586975.27892792
S1,2020,45-49,36966701.443703115
S1,2020,50-54,29329751.433936417
S1,2020,55-59,25728809.517941594
S1,2020,60-64,26550842.35214913
S1,2020,65-69,19923914.083503127
S1,2020,70-74,12276901.370497823
S1,2020,75+,14981387.071548223
S1,2020,0-8,97966882.56437983
S1,2020,9-14,74746812.47642945
S1,2020,0-17,
S1,2020,18-29,
S1,2020,30-65,
S1,2020,66+,
S1,2020,15-26,
S1,2020,27-45,
S1,2020,46-65,
S1,2021,00-04,
S1,2021,05-09,
S1,2021,10-14,
S1,2021,15-19,60676076.06210476
S1,2021,20-24,58645278.65283066
S1,2021,25-29,57093801.19928163
S1,2021,30-34,54253236.61634147
S1,2021,35-39,52114710.652422965
S1,2021,40-44,43616581.50633085
S1,2021,45-49,37836781.21353996
S1,2021,50-54,30144529.592603266
S1,2021,55-59,26400525.631523132
S1,2021,60-64,26975717.871822953
S1,2021,65-69,20548435.215026975
S1,2021,70-74,12928190.931544423
S1,2021,75+,15412980.531307817
S1,2021,0-8,97404741.72079907
S1,2021,9-14,74331517.19065507
S1,2021,0-17,
S1,2021,18-29,
S1,2021,30-65,
S1,2021,66+,
S1,2021,15-26,
S1,2021,27-45,
S1,2021,46-65,
S1,2022,00-04,
S1,2022,05-09,
S1,2022,10-14,
S1,2022,15-19,60453809.838843375
S1,2022,20-24,59416517.850541204
S1,2022,25-29,57589978.08868235
S1,2022,30-34,54904967.402808845
S1,2022,35-39,53213913.773592055
S1,2022,40-44,44667694.794496894
S1,2022,45-49,38747764.91371083
S1,2022,50-54,31013946.46652603
S1,2022,55-59,27016884.759821415
S1,2022,60-64,27254170.154953003
S1,2022,65-69,20934445.7514894
S1,2022,70-74,13409539.867628694
S1,2022,75+,15477047.21826911
S1,2022,0-8,96999855.23602745
S1,2022,9-14,74132968.06820509
S1,2022,0-17,
S1,2022,18-29,
S1,2022,30-65,
S1,2022,66+,
S1,2022,15-26,
S1,2022,27-45,
S1,2022,46-65,
S1,2023,00-04,
S1,2023,05-09,
S1,2023,10-14,
S1,2023,15-19,59984024.81132743
S1,2023,20-24,59916441.36122805
S1,2023,25-29,57891071.63610178
S1,2023,30-34,55421280.964267135
S1,2023,35-39,54052574.405148625
S1,2023,40-44,45756655.99620026
S1,2023,45-49,39589009.113934755
S1,2023,50-54,31960731.416119576
S1,2023,55-59,27765581.68344748
S1,2023,60-64,27711902.568398476
S1,2023,65-69,21518263.752855778
S1,2023,70-74,14192077.044799328
S1,2023,75+,16064830.092357755
S1,2023,0-8,96490390.81752023
S1,2023,9-14,73780036.54790711
S1,2023,0-17,
S1,2023,18-29,
S1,2023,30-65,
S1,2023,66+,
S1,2023,15-26,
S1,2023,27-45,
S1,2023,46-65,
S1,2024,00-04,
S1,2024,05-09,
S1,2024,10-14,
S1,2024,15-19,59632883.65839741
S1,2024,20-24,60282555.31649318
S1,2024,25-29,58248057.42191827
S1,2024,30-34,55854423.70031309
S1,2024,35-39,54803855.83987522
S1,2024,40-44,46912004.159095585
S1,2024,45-49,40401540.708991826
S1,2024,50-54,32962246.662871122
S1,2024,55-59,28563043.15024686
S1,2024,60-64,28176053.56128323
S1,2024,65-69,22030151.943612695
S1,2024,70-74,15041079.043278337
S1,2024,75+,16650449.992629528
S1,2024,0-8,96111512.11796078
S1,2024,9-14,73301564.95071152
S1,2024,0-17,
S1,2024,18-29,
S1,2024,30-65,
S1,2024,66+,
S1,2024,15-26,
S1,2024,27-45,
S1,2024,46-65,
S1,2025,00-04,
S1,2025,05-09,
S1,2025,10-14,
S1,2025,15-19,59393520.45626116
S1,2025,20-24,60467436.54963291
S1,2025,25-29,58642248.71485025
S1,2025,30-34,56302152.6314919
S1,2025,35-39,55441578.228799105
S1,2025,40-44,48098151.11924416
S1,2025,45-49,41274860.891123295
S1,2025,50-54,34015942.061356544
S1,2025,55-59,29395442.19221425
S1,2025,60-64,28675779.266880393
S1,2025,65-69,22494628.517572403
S1,2025,70-74,15712491.54262805
S1,2025,75+,17532885.82534659
S1,2025,0-8,96078569.26395348
S1,2025,9-14,72332665.84166417
S1,2025,0-17,
S1,2025,18-29,
S1,2025,30-65,
S1,2025,66+,
S1,2025,15-26,
S1,2025,27-45,
S1,2025,46-65,
S1,2026,00-04,
S1,2026,05-09,
S1,2026,10-14,
S1,2026,15-19,59202757.41404766
S1,2026,20-24,60302204.8772656
S1,2026,25-29,59135135.027429104
S1,2026,30-34,56745660.78900093
S1,2026,35-39,55954006.39923078
S1,2026,40-44,49156708.556256354
S1,2026,45-49,42318559.902879834
S1,2026,50-54,35032835.10829687
S1,2026,55-59,30277617.73546827
S1,2026,60-64,29118809.627265334
S1,2026,65-69,22955870.313461065
S1,2026,70-74,16347862.898949862
S1,2026,75+,18482477.093472123
S1,2026,0-8,95958145.46193035
S1,2026,9-14,71481552.40921034
S1,2026,0-17,
S1,2026,18-29,
S1,2026,30-65,
S1,2026,66+,
S1,2026,15-26,
S1,2026,27-45,
S1,2026,46-65,
S1,2027,00-04,
S1,2027,05-09,
S1,2027,10-14,
S1,2027,15-19,59054245.8586815
S1,2027,20-24,59822840.915851295
S1,2027,25-29,59666015.2837733
S1,2027,30-34,57125799.89593202
S1,2027,35-39,56265559.577901304
S1,2027,40-44,50230823.58903086
S1,2027,45-49,43329482.162202835
S1,2027,50-54,36059583.32453501
S1,2027,55-59,31204005.884102583
S1,2027,60-64,29540477.319635868
S1,2027,65-69,23402848.371207714
S1,2027,70-74,16944769.711434364
S1,2027,75+,19479717.78534305
S1,2027,0-8,95700321.54530576
S1,2027,9-14,70691010.74262068
S1,2027,0-17,
S1,2027,18-29,
S1,2027,30-65,
S1,2027,66+,
S1,2027,15-26,
S1,2027,27-45,
S1,2027,46-65,
S1,2028,00-04,
S1,2028,05-09,
S1,2028,10-14,
S1,2028,15-19,58954000.67269021
S1,2028,20-24,59284048.82868937
S1,2028,25-29,60113442.29331529
S1,2028,30-34,57502418.88691038
S1,2028,35-39,56596147.7598418
S1,2028,40-44,51179293.863152385
S1,2028,45-49,44446274.7700991
S1,2028,50-54,37049048.35646963
S1,2028,55-59,32143823.509109378
S1,2028,60-64,29987785.965102673
S1,2028,65-69,23865326.775742292
S1,2028,70-74,17508091.352315545
S1,2028,75+,20545188.688740015
S1,2028,0-8,95698966.37270449
S1,2028,9-14,69698968.5241578
S1,2028,0-17,
S1,2028,18-29,
S1,2028,30-65,
S1,2028,66+,
S1,2028,15-26,
S1,2028,27-45,
S1,2028,46-65,
S1,2029,00-04,
S1,2029,05-09,
S1,2029,10-14,
S1,2029,15-19,58714408.05582526
S1,2029,20-24,58867366.88950205
S1,2029,25-29,60380497.21328658
S1,2029,30-34,57918592.21633029
S1,2029,35-39,56842215.73123109
S1,2029,40-44,52058048.01500672
S1,2029,45-49,45633935.71927136
S1,2029,50-54,38024720.228794456
S1,2029,55-59,33118976.160701275
S1,2029,60-64,30476174.330814123
S1,2029,65-69,24354429.23515272
S1,2029,70-74,18026010.752230644
S1,2029,75+,21672005.098082185
S1,2029,0-8,95569025.46227482
S1,2029,9-14,68988000.4144013
S1,2029,0-17,
S1,2029,18-29,
S1,2029,30-65,
S1,2029,66+,
S1,2029,15-26,
S1,2029,27-45,
S1,2029,46-65,
S1,2030,00-04,
S1,2030,05-09,
S1,2030,10-14,
S1,2030,15-19,58025995.37780738
S1,2030,20-24,58601005.96405983
S1,2030,25-29,60500365.830497324
S1,2030,30-34,58328642.94135922
S1,2030,35-39,57073278.26365554
S1,2030,40-44,52826972.3231619
S1,2030,45-49,46845131.273189425
S1,2030,50-54,39069234.55203664
S1,2030,55-59,34148907.6034466
S1,2030,60-64,30963301.442237377
S1,2030,65-69,24868271.7744323
S1,2030,70-74,18510920.02984178
S1,2030,75+,22859622.468662262
S1,2030,0-8,95566313.62056199
S1,2030,9-14,68543499.33686224
S1,2030,0-17,
S1,2030,18-29,
S1,2030,30-65,
S1,2030,66+,
S1,2030,15-26,
S1,2030,27-45,
S1,2030,46-65,
S1,2031,00-04,
S1,2031,05-09,
S1,2031,10-14,
S1,2031,15-19,57497672.59418231
S1,2031,20-24,58381121.89218509
S1,2031,25-29,60263144.766477466
S1,2031,30-34,58830863.7394169
S1,2031,35-39,57304772.19666535
S1,2031,40-44,53484309.47295493
S1,2031,45-49,47935006.553589225
S1,2031,50-54,40276133.29105508
S1,2031,55-59,35129210.54150653
S1,2031,60-64,31494812.758254647
S1,2031,65-69,25346115.772161365
S1,2031,70-74,19003712.29060483
S1,2031,75+,24078126.994895697
S1,2031,0-8,95742869.98374055
S1,2031,9-14,67762604.39210714
S1,2031,0-17,
S1,2031,18-29,
S1,2031,30-65,
S1,2031,66+,
S1,2031,15-26,
S1,2031,27-45,
S1,2031,46-65,
S1,2032,00-04,
S1,2032,05-09,
S1,2032,10-14,
S1,2032,15-19,57046593.06620613
S1,2032,20-24,58206864.583455324
S1,2032,25-29,59714231.8467533
S1,2032,30-34,59370770.21537185
S1,2032,35-39,57483537.2751627
S1,2032,40-44,53957249.44997263
S1,2032,45-49,49043516.29228455
S1,2032,50-54,41451153.65320504
S1,2032,55-59,36107947.74319041
S1,2032,60-64,32069159.914843798
S1,2032,65-69,25818644.400063872
S1,2032,70-74,19494231.47346139
S1,2032,75+,25308339.50428641
S1,2032,0-8,95844207.06000598
S1,2032,9-14,66828447.897060886
S1,2032,0-17,
S1,2032,18-29,
S1,2032,30-65,
S1,2032,66+,
S1,2032,15-26,
S1,2032,27-45,
S1,2032,46-65,
S1,2033,00-04,
S1,2033,05-09,
S1,2033,10-14,
S1,2033,15-19,56361896.87616897
S1,2033,20-24,58081752.91835189
S1,2033,25-29,59110644.84050763
S1,2033,30-34,59829173.40610045
S1,2033,35-39,57673147.99721807
S1,2033,40-44,54453209.84051353
S1,2033,45-49,50031282.838602126
S1,2033,50-54,42722646.19191241
S1,2033,55-59,37036841.01801193
S1,2033,60-64,32658819.8273232
S1,2033,65-69,26326845.517150402
S1,2033,70-74,20006211.078214407
S1,2033,75+,26566309.816574097
S1,2033,0-8,95856735.5541135
S1,2033,9-14,66252988.70183265
S1,2033,0-17,
S1,2033,18-29,
S1,2033,30-65,
S1,2033,66+,
S1,2033,15-26,
S1,2033,27-45,
S1,2033,46-65,
S1,2034,00-04,
S1,2034,05-09,
S1,2034,10-14,
S1,2034,15-19,55939762.675613195
S1,2034,20-24,57818002.43864113
S1,2034,25-29,58633917.31582254
S1,2034,30-34,60109528.05762029
S1,2034,35-39,57918571.568378806
S1,2034,40-44,54870289.361463785
S1,2034,45-49,50951917.75630087
S1,2034,50-54,44054640.31696975
S1,2034,55-59,37940581.577465415
S1,2034,60-64,33291680.373356104
S1,2034,65-69,26884114.45143807
S1,2034,70-74,20547956.565393567
S1,2034,75+,27837152.534733176
S1,2034,0-8,95821459.25832695
S1,2034,9-14,65589976.309502214
S1,2034,0-17,
S1,2034,18-29,
S1,2034,30-65,
S1,2034,66+,
S1,2034,15-26,
S1,2034,27-45,
S1,2034,46-65,
S1,2035,00-04,
S1,2035,05-09,
S1,2035,10-14,
S1,2035,15-19,55723332.00269273
S1,2035,20-24,57109480.28541222
S1,2035,25-29,58313124.87750375
S1,2035,30-34,60244816.48026675
S1,2035,35-39,58176415.21893489
S1,2035,40-44,55273603.275960386
S1,2035,45-49,51765795.89118719
S1,2035,50-54,45399328.40084982
S1,2035,55-59,38902295.02406573
S1,2035,60-64,33990836.023047686
S1,2035,65-69,27451495.524528623
S1,2035,70-74,21116354.946523666
S1,2035,75+,29123217.058951497
S1,2035,0-8,95704271.94967341
S1,2035,9-14,65166903.050955474
S1,2035,0-17,
S1,2035,18-29,
S1,2035,30-65,
S1,2035,66+,
S1,2035,15-26,
S1,2035,27-45,
S1,2035,46-65,
S1,2036,00-04,
S1,2036,05-09,
S1,2036,10-14,
S1,2036,15-19,55181285.43693966
S1,2036,20-24,56586560.12054539
S1,2036,25-29,58070821.04912984
S1,2036,30-34,60052916.14440644
S1,2036,35-39,58571813.45415223
S1,2036,40-44,55699199.923764646
S1,2036,45-49,52491350.843443155
S1,2036,50-54,46631129.111079335
S1,2036,55-59,40030477.857766986
S1,2036,60-64,34671095.25213766
S1,2036,65-69,28079566.52037835
S1,2036,70-74,21667364.45975876
S1,2036,75+,30444887.389743567
S1,2036,0-8,95522807.23878579
S1,2036,9-14,65028657.05234964
S1,2036,0-17,
S1,2036,18-29,
S1,2036,30-65,
S1,2036,66+,
S1,2036,15-26,
S1,2036,27-45,
S1,2036,46-65,
S1,2037,00-04,
S1,2037,05-09,
S1,2037,10-14,
S1,2037,15-19,54532927.472245514
S1,2037,20-24,56190668.240058005
S1,2037,25-29,57929854.432148695
S1,2037,30-34,59601721.391436994
S1,2037,35-39,59076394.907682836
S1,2037,40-44,56116937.412031054
S1,2037,45-49,53079122.81580156
S1,2037,50-54,47903369.17237902
S1,2037,55-59,41150984.87786114
S1,2037,60-64,35404515.14573884
S1,2037,65-69,28781365.487495422
S1,2037,70-74,22237286.22103679
S1,2037,75+,31796722.576448202
S1,2037,0-8,95277834.44480912
S1,2037,9-14,64959313.25413503
S1,2037,0-17,
S1,2037,18-29,
S1,2037,30-65,
S1,2037,66+,
S1,2037,15-26,
S1,2037,27-45,
S1,2037,46-65,
S1,2038,00-04,
S1,2038,05-09,
S1,2038,10-14,
S1,2038,15-19,54202474.623187065
S1,2038,20-24,55560716.97121894
S1,2038,25-29,57842007.28779185
S1,2038,30-34,59093673.778036
S1,2038,35-39,59523265.39797735
S1,2038,40-44,56539549.94738728
S1,2038,45-49,53687719.41610944
S1,2038,50-54,49037597.57341373
S1,2038,55-59,42358346.19177663
S1,2038,60-64,36119726.99811697
S1,2038,65-69,29507861.049618244
S1,2038,70-74,22842140.977920294
S1,2038,75+,33179657.172039986
S1,2038,0-8,94968176.55257492
S1,2038,9-14,64880558.214682
S1,2038,0-17,
S1,2038,18-29,
S1,2038,30-65,
S1,2038,66+,
S1,2038,15-26,
S1,2038,27-45,
S1,2038,46-65,
S1,2039,00-04,
S1,2039,05-09,
S1,2039,10-14,
S1,2039,15-19,53772530.48747802
S1,2039,20-24,55185306.66745144
S1,2039,25-29,57614922.81626943
S1,2039,30-34,58704861.201848865
S1,2039,35-39,59811966.75573641
S1,2039,40-44,57003392.40243298
S1,2039,45-49,54210221.261194766
S1,2039,50-54,50077406.622288704
S1,2039,55-59,43613595.1863606
S1,2039,60-64,36844524.39777279
S1,2039,65-69,30281575.71701467
S1,2039,70-74,23491192.77517712
S1,2039,75+,34586383.078309655
S1,2039,0-8,94583039.91699612
S1,2039,9-14,64787785.62974474
S1,2039,0-17,
S1,2039,18-29,
S1,2039,30-65,
S1,2039,66+,
S1,2039,15-26,
S1,2039,27-45,
S1,2039,46-65,
S1,2040,00-04,
S1,2040,05-09,
S1,2040,10-14,
S1,2040,15-19,53540249.79008892
S1,2040,20-24,55003333.267270595
S1,2040,25-29,56936138.147808164
S1,2040,30-34,58458157.920255125
S1,2040,35-39,59969534.8071357
S1,2040,40-44,57457853.33256698
S1,2040,45-49,54703830.54997194
S1,2040,50-54,50974903.21252787
S1,2040,55-59,44865622.24613106
S1,2040,60-64,37661189.67704153
S1,2040,65-69,31118627.31715679
S1,2040,70-74,24146095.707734466
S1,2040,75+,36012798.564243555
S1,2040,0-8,94108342.67404395
S1,2040,9-14,64670837.20756599
S1,2040,0-17,
S1,2040,18-29,
S1,2040,30-65,
S1,2040,66+,
S1,2040,15-26,
S1,2040,27-45,
S1,2040,46-65,
S1,2041,00-04,
S1,2041,05-09,
S1,2041,10-14,
S1,2041,15-19,53534826.27585775
S1,2041,20-24,54476614.05861047
S1,2041,25-29,56427725.624307275
S1,2041,30-34,58267148.44796884
S1,2041,35-39,59805866.6726861
S1,2041,40-44,58016267.336533785
S1,2041,45-49,55195148.47544563
S1,2041,50-54,51737239.51110625
S1,2041,55-59,45984807.31752229
S1,2041,60-64,38673009.68983376
S1,2041,65-69,31935328.13463068
S1,2041,70-74,24847044.002146244
S1,2041,75+,37435778.05567443
S1,2041,0-8,93544974.43479495
S1,2041,9-14,64553801.62114094
S1,2041,0-17,
S1,2041,18-29,
S1,2041,30-65,
S1,2041,66+,
S1,2041,15-26,
S1,2041,27-45,
S1,2041,46-65,
S1,2042,00-04,
S1,2042,05-09,
S1,2042,10-14,
S1,2042,15-19,53555501.67891744
S1,2042,20-24,53821303.14860371
S1,2042,25-29,56025724.69863325
S1,2042,30-34,58148653.69242734
S1,2042,35-39,59368761.06482905
S1,2042,40-44,58639776.42281008
S1,2042,45-49,55648481.087129414
S1,2042,50-54,52325920.160227776
S1,2042,55-59,47131559.34987378
S1,2042,60-64,39692905.35208392
S1,2042,65-69,32782066.545648336
S1,2042,70-74,25597767.266558766
S1,2042,75+,38875616.13111246
S1,2042,0-8,92907024.75334427
S1,2042,9-14,64391518.01260254
S1,2042,0-17,
S1,2042,18-29,
S1,2042,30-65,
S1,2042,66+,
S1,2042,15-26,
S1,2042,27-45,
S1,2042,46-65,
S1,2043,00-04,
S1,2043,05-09,
S1,2043,10-14,
S1,2043,15-19,53530576.788421035
S1,2043,20-24,53460949.86174497
S1,2043,25-29,55366914.15483895
S1,2043,30-34,58053959.24040866
S1,2043,35-39,58846736.41544479
S1,2043,40-44,59156691.94206494
S1,2043,45-49,56075819.761965394
S1,2043,50-54,52912509.104501724
S1,2043,55-59,48143835.04339504
S1,2043,60-64,40795030.4752754
S1,2043,65-69,33576139.01498079
S1,2043,70-74,26348698.751546144
S1,2043,75+,40351374.0833863
S1,2043,0-8,92220101.1202033
S1,2043,9-14,64166425.74655838
S1,2043,0-17,
S1,2043,18-29,
S1,2043,30-65,
S1,2043,66+,
S1,2043,15-26,
S1,2043,27-45,
S1,2043,46-65,
S1,2044,00-04,
S1,2044,05-09,
S1,2044,10-14,
S1,2044,15-19,53457188.98269418
S1,2044,20-24,52982815.50863892
S1,2044,25-29,54943913.00351477
S1,2044,30-34,57794034.13650787
S1,2044,35-39,58419960.538547695
S1,2044,40-44,59469399.55138105
S1,2044,45-49,56516951.23599923
S1,2044,50-54,53395839.13813019
S1,2044,55-59,49071949.236656785
S1,2044,60-64,41946153.32208407
S1,2044,65-69,34342694.05211854
S1,2044,70-74,27119057.069533944
S1,2044,75+,41865001.822693944
S1,2044,0-8,91485167.22544397
S1,2044,9-14,63894112.884727016
S1,2044,0-17,
S1,2044,18-29,
S1,2044,30-65,
S1,2044,66+,
S1,2044,15-26,
S1,2044,27-45,
S1,2044,46-65,
S1,2045,00-04,
S1,2045,05-09,
S1,2045,10-14,
S1,2045,15-19,53339584.23271322
S1,2045,20-24,52695813.53911877
S1,2045,25-29,54708036.48571885
S1,2045,30-34,57068444.526109934
S1,2045,35-39,58123024.41384745
S1,2045,40-44,59614641.52075672
S1,2045,45-49,56931800.748040855
S1,2045,50-54,53842210.692049146
S1,2045,55-59,49880919.64991641
S1,2045,60-64,43107034.67386925
S1,2045,65-69,35161998.37572837
S1,2045,70-74,27924189.285698175
S1,2045,75+,43386679.30410993
S1,2045,0-8,90720276.21091673
S1,2045,9-14,63570919.95980653
S1,2045,0-17,
S1,2045,18-29,
S1,2045,30-65,
S1,2045,66+,
S1,2045,15-26,
S1,2045,27-45,
S1,2045,46-65,
S1,2046,00-04,
S1,2046,05-09,
S1,2046,10-14,
S1,2046,15-19,53214366.22081506
S1,2046,20-24,52640429.390159726
S1,2046,25-29,54135137.6312235
S1,2046,30-34,56515509.09868282
S1,2046,35-39,57883949.3949216
S1,2046,40-44,59417378.49649167
S1,2046,45-49,57445704.86312479
S1,2046,50-54,54289928.73405254
S1,2046,55-59,50590924.15627682
S1,2046,60-64,44164723.5340724
S1,2046,65-69,36134348.15214825
S1,2046,70-74,28691770.87350726
S1,2046,75+,44939841.538479805
S1,2046,0-8,89929101.97120495
S1,2046,9-14,63200315.65137963
S1,2046,0-17,
S1,2046,18-29,
S1,2046,30-65,
S1,2046,66+,
S1,2046,15-26,
S1,2046,27-45,
S1,2046,46-65,
S1,2047,00-04,
S1,2047,05-09,
S1,2047,10-14,
S1,2047,15-19,53053113.4081071
S1,2047,20-24,52620088.73433986
S1,2047,25-29,53443815.56708363
S1,2047,30-34,56076822.88641709
S1,2047,35-39,57726021.49008459
S1,2047,40-44,58946011.873543024
S1,2047,45-49,58030301.57017827
S1,2047,50-54,54710534.97734666
S1,2047,55-59,51157253.86551261
S1,2047,60-64,45269180.888870716
S1,2047,65-69,37105245.7557019
S1,2047,70-74,29483588.551160574
S1,2047,75+,46557348.854418755
S1,2047,0-8,89140647.9299011
S1,2047,9-14,62796424.61643389
S1,2047,0-17,
S1,2047,18-29,
S1,2047,30-65,
S1,2047,66+,
S1,2047,15-26,
S1,2047,27-45,
S1,2047,46-65,
S1,2048,00-04,
S1,2048,05-09,
S1,2048,10-14,
S1,2048,15-19,52851398.589532465
S1,2048,20-24,52566575.07664728
S1,2048,25-29,53059847.61611903
S1,2048,30-34,55395311.81782168
S1,2048,35-39,57605709.426424205
S1,2048,40-44,58404474.7038821
S1,2048,45-49,58521673.81449622
S1,2048,50-54,55117359.36506927
S1,2048,55-59,51731850.581012964
S1,2048,60-64,46253007.53585112
S1,2048,65-69,38159332.50517213
S1,2048,70-74,30233133.447424054
S1,2048,75+,48213145.646824956
S1,2048,0-8,88358138.76815243
S1,2048,9-14,62368692.74346413
S1,2048,0-17,
S1,2048,18-29,
S1,2048,30-65,
S1,2048,66+,
S1,2048,15-26,
S1,2048,27-45,
S1,2048,46-65,
S1,2049,00-04,
S1,2049,05-09,
S1,2049,10-14,
S1,2049,15-19,52626087.50602007
S1,2049,20-24,52476938.24845159
S1,2049,25-29,52571811.00691876
S1,2049,30-34,54964502.017199576
S1,2049,35-39,57336611.048941076
S1,2049,40-44,57972068.78544432
S1,2049,45-49,58824432.1699726
S1,2049,50-54,55550427.21341038
S1,2049,55-59,52217279.52053487
S1,2049,60-64,47166811.436097145
S1,2049,65-69,39267678.11770964
S1,2049,70-74,30966155.850328088
S1,2049,75+,49929751.51403618
S1,2049,0-8,87599187.28330317
S1,2049,9-14,61902364.67119074
S1,2049,0-17,
S1,2049,18-29,
S1,2049,30-65,
S1,2049,66+,
S1,2049,15-26,
S1,2049,27-45,
S1,2049,46-65,
S1,2050,00-04,
S1,2050,05-09,
S1,2050,10-14,
S1,2050,15-19,52368439.76088551
S1,2050,20-24,52352090.82368156
S1,2050,25-29,52282372.775053054
S1,2050,30-34,54729074.65834373
S1,2050,35-39,56615558.75817424
S1,2050,40-44,57678422.984724164
S1,2050,45-49,58971469.534481525
S1,2050,50-54,55967353.51412964
S1,2050,55-59,52675921.46886599
S1,2050,60-64,47974938.639482975
S1,2050,65-69,40393105.53959286
S1,2050,70-74,31754492.12697637
S1,2050,75+,51690608.90579128
S1,2050,0-8,86870415.43575549
S1,2050,9-14,61405713.29561791
S1,2050,0-17,
S1,2050,18-29,
S1,2050,30-65,
S1,2050,66+,
S1,2050,15-26,
S1,2050,27-45,
S1,2050,46-65,
S1,2051,00-04,
S1,2051,05-09,
S1,2051,10-14,
S1,2051,15-19,52072575.74330941
S1,2051,20-24,52224794.28859115
S1,2051,25-29,52228483.97270617
S1,2051,30-34,54160796.01790023
S1,2051,35-39,56069845.2898469
S1,2051,40-44,57446042.838330984
S1,2051,45-49,58783933.27190733
S1,2051,50-54,56485859.303359866
S1,2051,55-59,53139466.49197686
S1,2051,60-64,48691326.527343035
S1,2051,65-69,41426187.59533405
S1,2051,70-74,32685281.113179088
S1,2051,75+,53449586.636436105
S1,2051,0-8,86162135.27548008
S1,2051,9-14,60898052.64902742
S1,2051,0-17,
S1,2051,18-29,
S1,2051,30-65,
S1,2051,66+,
S1,2051,15-26,
S1,2051,27-45,
S1,2051,46-65,
S1,2052,00-04,
S1,2052,05-09,
S1,2052,10-14,
S1,2052,15-19,51748440.63196081
S1,2052,20-24,52061633.24960405
S1,2052,25-29,52209804.20667297
S1,2052,30-34,53474568.67297286
S1,2052,35-39,55637769.98828292
S1,2052,40-44,57294119.65782058
S1,2052,45-49,58325452.20038605
S1,2052,50-54,57073999.03147197
S1,2052,55-59,53576578.223487854
S1,2052,60-64,49270617.77456236
S1,2052,65-69,42504836.052429914
S1,2052,70-74,33617230.131647706
S1,2052,75+,55286698.27153921
S1,2052,0-8,85491398.04834387
S1,2052,9-14,60374111.25793341
S1,2052,0-17,
S1,2052,18-29,
S1,2052,30-65,
S1,2052,66+,
S1,2052,15-26,
S1,2052,27-45,
S1,2052,46-65,
S1,2053,00-04,
S1,2053,05-09,
S1,2053,10-14,
S1,2053,15-19,51403521.61941859
S1,2053,20-24,51859030.08062446
S1,2053,25-29,52158945.08850765
S1,2053,30-34,53095869.655232966
S1,2053,35-39,54965130.34234637
S1,2053,40-44,57179447.85359168
S1,2053,45-49,57797568.823091805
S1,2053,50-54,57570084.72399175
S1,2053,55-59,54000251.63609815
S1,2053,60-64,49857734.72408056
S1,2053,65-69,43469951.57952702
S1,2053,70-74,34624803.98541832
S1,2053,75+,57121476.700481534
S1,2053,0-8,84853142.99465032
S1,2053,9-14,59842130.35357405
S1,2053,0-17,
S1,2053,18-29,
S1,2053,30-65,
S1,2053,66+,
S1,2053,15-26,
S1,2053,27-45,
S1,2053,46-65,
S1,2054,00-04,
S1,2054,05-09,
S1,2054,10-14,
S1,2054,15-19,51022769.49993637
S1,2054,20-24,51634711.08693662
S1,2054,25-29,52074525.59982979
S1,2054,30-34,52615237.131896615
S1,2054,35-39,54542415.911539435
S1,2054,40-44,56917853.66536534
S1,2054,45-49,57378119.65999651
S1,2054,50-54,57880329.77888119
S1,2054,55-59,54449623.659480095
S1,2054,60-64,50359134.45287633
S1,2054,65-69,44370186.25416529
S1,2054,70-74,35682472.09872472
S1,2054,75+,58993199.25504172
S1,2054,0-8,84249886.11443394
S1,2054,9-14,59320167.20236158
S1,2054,0-17,
S1,2054,18-29,
S1,2054,30-65,
S1,2054,66+,
S1,2054,15-26,
S1,2054,27-45,
S1,2054,46-65,
S1,2055,00-04,
S1,2055,05-09,
S1,2055,10-14,
S1,2055,15-19,50611869.732064456
S1,2055,20-24,51376077.78748581
S1,2055,25-29,51952511.77655053
S1,2055,30-34,52331437.53515589
S1,2055,35-39,54312056.67426419
S1,2055,40-44,56206882.58589804
S1,2055,45-49,57095427.506507635
S1,2055,50-54,58036354.51034808
S1,2055,55-59,54882536.01035118
S1,2055,60-64,50834346.68549073
S1,2055,65-69,45171673.383779764
S1,2055,70-74,36757527.69622266
S1,2055,75+,60951672.08835578
S1,2055,0-8,83657174.182937
S1,2055,9-14,58809549.41951391
S1,2055,0-17,
S1,2055,18-29,
S1,2055,30-65,
S1,2055,66+,
S1,2055,15-26,
S1,2055,27-45,
S1,2055,46-65,
S1,2056,00-04,
S1,2056,05-09,
S1,2056,10-14,
S1,2056,15-19,50193217.84555483
S1,2056,20-24,51079900.08512068
S1,2056,25-29,51827739.76974487
S1,2056,30-34,52282049.76921284
S1,2056,35-39,53750963.4433499
S1,2056,40-44,55669433.33641034
S1,2056,45-49,56872588.3320685
S1,2056,50-54,57862787.49019903
S1,2056,55-59,55415209.0837636
S1,2056,60-64,51313962.90900159
S1,2056,65-69,45886839.42622352
S1,2056,70-74,37751140.28432214
S1,2056,75+,63034627.55270493
S1,2056,0-8,83106660.40154858
S1,2056,9-14,58286707.587730214
S1,2056,0-17,
S1,2056,18-29,
S1,2056,30-65,
S1,2056,66+,
S1,2056,15-26,
S1,2056,27-45,
S1,2056,46-65,
S1,2057,00-04,
S1,2057,05-09,
S1,2057,10-14,
S1,2057,15-19,49756456.068796664
S1,2057,20-24,50753458.44956404
S1,2057,25-29,51664759.172347575
S1,2057,30-34,52266288.580360174
S1,2057,35-39,53072127.95504761
S1,2057,40-44,55244141.01560849
S1,2057,45-49,56728536.055848956
S1,2057,50-54,57422285.7852937
S1,2057,55-59,56015810.063393
S1,2057,60-64,51767718.83537984
S1,2057,65-69,46474415.27671301
S1,2057,70-74,38788687.94581938
S1,2057,75+,65186192.51675439
S1,2057,0-8,82592392.72821431
S1,2057,9-14,57782555.50303139
S1,2057,0-17,
S1,2057,18-29,
S1,2057,30-65,
S1,2057,66+,
S1,2057,15-26,
S1,2057,27-45,
S1,2057,46-65,
S1,2058,00-04,
S1,2058,05-09,
S1,2058,10-14,
S1,2058,15-19,49311949.15824026
S1,2058,20-24,50408298.149110615
S1,2058,25-29,51463732.21968311
S1,2058,30-34,52218685.78308046
S1,2058,35-39,52698300.62472969
S1,2058,40-44,54580090.043717325
S1,2058,45-49,56621205.86523688
S1,2058,50-54,56913487.038436055
S1,2058,55-59,56525266.625914454
S1,2058,60-64,52208543.65630746
S1,2058,65-69,47069274.76461995
S1,2058,70-74,39722583.1023649
S1,2058,75+,67399108.02894366
S1,2058,0-8,82115555.87990469
S1,2058,9-14,57293840.65697396
S1,2058,0-17,
S1,2058,18-29,
S1,2058,30-65,
S1,2058,66+,
S1,2058,15-26,
S1,2058,27-45,
S1,2058,46-65,
S1,2059,00-04,
S1,2059,05-09,
S1,2059,10-14,
S1,2059,15-19,48874370.344007045
S1,2059,20-24,50026979.131041735
S1,2059,25-29,51239465.55644816
S1,2059,30-34,52135545.770038664
S1,2059,35-39,52222238.24114102
S1,2059,40-44,54163247.23690623
S1,2059,45-49,56367605.03783113
S1,2059,50-54,56510964.84050608
S1,2059,55-59,56851027.88798201
S1,2059,60-64,52673952.47655392
S1,2059,65-69,47583610.66485357
S1,2059,70-74,40599056.522004604
S1,2059,75+,69689675.10864031
S1,2059,0-8,81652662.63669628
S1,2059,9-14,56825057.27239859
S1,2059,0-17,
S1,2059,18-29,
S1,2059,30-65,
S1,2059,66+,
S1,2059,15-26,
S1,2059,27-45,
S1,2059,46-65,
S1,2060,00-04,
S1,2060,05-09,
S1,2060,10-14,
S1,2060,15-19,48445718.83198172
S1,2060,20-24,49618030.791867405
S1,2060,25-29,50984417.57318848
S1,2060,30-34,52018007.36389488
S1,2060,35-39,51943490.84901357
S1,2060,40-44,53938200.81896454
S1,2060,45-49,55669657.78966379
S1,2060,50-54,56243968.28976399
S1,2060,55-59,57025294.87790179
S1,2060,60-64,53124076.55917108
S1,2060,65-69,48074404.857453465
S1,2060,70-74,41387564.82045591
S1,2060,75+,72069078.42171621
S1,2060,0-8,81197097.27301425
S1,2060,9-14,56377784.57507059
S1,2060,0-17,
S1,2060,18-29,
S1,2060,30-65,
S1,2060,66+,
S1,2060,15-26,
S1,2060,27-45,
S1,2060,46-65,
S1,2061,00-04,
S1,2061,05-09,
S1,2061,10-14,
S1,2061,15-19,48001119.83532557
S1,2061,20-24,49200461.12411752
S1,2061,25-29,50690016.27677572
S1,2061,30-34,51895676.33590865
S1,2061,35-39,51895697.9259907
S1,2061,40-44,53383979.06698823
S1,2061,45-49,55143130.057692766
S1,2061,50-54,56034907.48329151
S1,2061,55-59,56875211.925328255
S1,2061,60-64,53670976.302942514
S1,2061,65-69,48568966.78031719
S1,2061,70-74,42096915.0997206
S1,2061,75+,74481810.50330424
S1,2061,0-8,80745651.23617826
S1,2061,9-14,55965081.886972085
S1,2061,0-17,
S1,2061,18-29,
S1,2061,30-65,
S1,2061,66+,
S1,2061,15-26,
S1,2061,27-45,
S1,2061,46-65,
S1,2062,00-04,
S1,2062,05-09,
S1,2062,10-14,
S1,2062,15-19,47571328.943578154
S1,2062,20-24,48764370.24638498
S1,2062,25-29,50365585.43965113
S1,2062,30-34,51736322.79429853
S1,2062,35-39,51882235.65697491
S1,2062,40-44,52713651.87626606
S1,2062,45-49,54728225.0332942
S1,2062,50-54,55903213.02123827
S1,2062,55-59,56463105.77456856
S1,2062,60-64,54284021.97020793
S1,2062,65-69,49039400.30984807
S1,2062,70-74,42691995.65221143
S1,2062,75+,76987730.93783903
S1,2062,0-8,80279069.74068567
S1,2062,9-14,55579819.37161851
S1,2062,0-17,
S1,2062,18-29,
S1,2062,30-65,
S1,2062,66+,
S1,2062,15-26,
S1,2062,27-45,
S1,2062,46-65,
S1,2063,00-04,
S1,2063,05-09,
S1,2063,10-14,
S1,2063,15-19,47152968.819068015
S1,2063,20-24,48320303.2692191
S1,2063,25-29,50020720.65357709
S1,2063,30-34,51536666.95683408
S1,2063,35-39,51835726.895157814
S1,2063,40-44,52344936.60774815
S1,2063,45-49,54075843.23404348
S1,2063,50-54,55806727.4955973
S1,2063,55-59,55983124.4213326
S1,2063,60-64,54807538.15034163
S1,2063,65-69,49497173.85017049
S1,2063,70-74,43292777.3693707
S1,2063,75+,79448385.22928882
S1,2063,0-8,79824472.7125835
S1,2063,9-14,55220101.18643843
S1,2063,0-17,
S1,2063,18-29,
S1,2063,30-65,
S1,2063,66+,
S1,2063,15-26,
S1,2063,27-45,
S1,2063,46-65,
S1,2064,00-04,
S1,2064,05-09,
S1,2064,10-14,
S1,2064,15-19,46751070.79679048
S1,2064,20-24,47884998.665789336
S1,2064,25-29,49641828.27978432
S1,2064,30-34,51315082.916939855
S1,2064,35-39,51754839.89360547
S1,2064,40-44,51875444.32894373
S1,2064,45-49,53668786.30935699
S1,2064,50-54,55565960.1965816
S1,2064,55-59,55607669.81517947
S1,2064,60-64,55152041.23916936
S1,2064,65-69,49978145.64470649
S1,2064,70-74,43820148.32015669
S1,2064,75+,81919788.72108567
S1,2064,0-8,79361868.17795701
S1,2064,9-14,54882060.270078674
S1,2064,0-17,
S1,2064,18-29,
S1,2064,30-65,
S1,2064,66+,
S1,2064,15-26,
S1,2064,27-45,
S1,2064,46-65,
S1,2065,00-04,
S1,2065,05-09,
S1,2065,10-14,
S1,2065,15-19,46369057.67058298
S1,2065,20-24,47457267.92126176
S1,2065,25-29,49233184.88911277
S1,2065,30-34,51060378.854810655
S1,2065,35-39,51638325.69905162
S1,2065,40-44,51600741.368839025
S1,2065,45-49,53450279.85414255
S1,2065,50-54,54886193.71635032
S1,2065,55-59,55365353.3686223
S1,2065,60-64,55348677.047346115
S1,2065,65-69,50444841.424198866
S1,2065,70-74,44327118.20660019
S1,2065,75+,84388238.07891893
S1,2065,0-8,78908094.89452873
S1,2065,9-14,54540859.957335785
S1,2065,0-17,
S1,2065,18-29,
S1,2065,30-65,
S1,2065,66+,
S1,2065,15-26,
S1,2065,27-45,
S1,2065,46-65,
S1,2066,00-04,
S1,2066,05-09,
S1,2066,10-14,
S1,2066,15-19,46017105.89793643
S1,2066,20-24,47013484.32678127
S1,2066,25-29,48815622.99690595
S1,2066,30-34,50766060.87428993
S1,2066,35-39,51516905.62907553
S1,2066,40-44,51554935.89847636
S1,2066,45-49,52905342.98473579
S1,2066,50-54,54375447.20621467
S1,2066,55-59,55178717.190786004
S1,2066,60-64,55230030.001761675
S1,2066,65-69,51003984.38627684
S1,2066,70-74,44836903.004986644
S1,2066,75+,86804295.99332428
S1,2066,0-8,78435353.4616847
S1,2066,9-14,54213717.975284934
S1,2066,0-17,
S1,2066,18-29,
S1,2066,30-65,
S1,2066,66+,
S1,2066,15-26,
S1,2066,27-45,
S1,2066,46-65,
S1,2067,00-04,
S1,2067,05-09,
S1,2067,10-14,
S1,2067,15-19,45689282.18537101
S1,2067,20-24,46588188.09642941
S1,2067,25-29,48384814.77711928
S1,2067,30-34,50446151.60359007
S1,2067,35-39,51361727.34140587
S1,2067,40-44,51545015.29925609
S1,2067,45-49,52246862.686572075
S1,2067,50-54,53976025.134314656
S1,2067,55-59,55068302.97782713
S1,2067,60-64,54857967.26181829
S1,2067,65-69,51627215.4232136
S1,2067,70-74,45325933.79351318
S1,2067,75+,89200610.12701488
S1,2067,0-8,77944740.89311641
S1,2067,9-14,53904720.76265052
S1,2067,0-17,
S1,2067,18-29,
S1,2067,30-65,
S1,2067,66+,
S1,2067,15-26,
S1,2067,27-45,
S1,2067,46-65,
S1,2068,00-04,
S1,2068,05-09,
S1,2068,10-14,
S1,2068,15-19,45382140.17414093
S1,2068,20-24,46173074.392477214
S1,2068,25-29,47944495.34551805
S1,2068,30-34,50104556.69737136
S1,2068,35-39,51165842.8043794
S1,2068,40-44,51501745.22966421
S1,2068,45-49,51886603.09902203
S1,2068,50-54,53341534.24077153
S1,2068,55-59,54991450.984279394
S1,2068,60-64,54419205.26979947
S1,2068,65-69,52163471.24016118
S1,2068,70-74,45802949.888629556
S1,2068,75+,91556093.86034834
S1,2068,0-8,77427789.37427181
S1,2068,9-14,53614374.75889695
S1,2068,0-17,
S1,2068,18-29,
S1,2068,30-65,
S1,2068,66+,
S1,2068,15-26,
S1,2068,27-45,
S1,2068,46-65,
S1,2069,00-04,
S1,2069,05-09,
S1,2069,10-14,
S1,2069,15-19,45094547.19434351
S1,2069,20-24,45772743.041196376
S1,2069,25-29,47510169.52285504
S1,2069,30-34,49726213.345540226
S1,2069,35-39,50946399.22526932
S1,2069,40-44,51423125.82876015
S1,2069,45-49,51425951.15926331
S1,2069,50-54,52948613.43699175
S1,2069,55-59,54771316.70005506
S1,2069,60-64,54081306.45746338
S1,2069,65-69,52527140.14266026
S1,2069,70-74,46300792.73225117
S1,2069,75+,93850025.79574299
S1,2069,0-8,76894863.68889458
S1,2069,9-14,53320818.66188152
S1,2069,0-17,
S1,2069,18-29,
S1,2069,30-65,
S1,2069,66+,
S1,2069,15-26,
S1,2069,27-45,
S1,2069,46-65,
S1,2070,00-04,
S1,2070,05-09,
S1,2070,10-14,
S1,2070,15-19,44803628.652860776
S1,2070,20-24,45393482.660793155
S1,2070,25-29,47085094.53604308
S1,2070,30-34,49319676.39797297
S1,2070,35-39,50695248.687954605
S1,2070,40-44,51309810.30266631
S1,2070,45-49,51158652.3290984
S1,2070,50-54,52740612.55830544
S1,2070,55-59,54117717.389870286
S1,2070,60-64,53873270.17192125
S1,2070,65-69,52749222.52169216
S1,2070,70-74,46786186.55091286
S1,2070,75+,96121233.67823482
S1,2070,0-8,76338985.22512
S1,2070,9-14,53039627.36567196
S1,2070,0-17,
S1,2070,18-29,
S1,2070,30-65,
S1,2070,66+,
S1,2070,15-26,
S1,2070,27-45,
S1,2070,46-65,
S1,2071,00-04,
S1,2071,05-09,
S1,2071,10-14,
S1,2071,15-19,44526326.38435578
S1,2071,20-24,45043885.793127745
S1,2071,25-29,46644061.02017182
S1,2071,30-34,48904570.19319698
S1,2071,35-39,50405112.38485819
S1,2071,40-44,51191725.93208939
S1,2071,45-49,51117925.03201932
S1,2071,50-54,52210265.86886108
S1,2071,55-59,53630979.25606954
S1,2071,60-64,53717875.128472924
S1,2071,65-69,52670374.802114844
S1,2071,70-74,47358491.26953757
S1,2071,75+,98348755.64534187
S1,2071,0-8,75771312.5392207
S1,2071,9-14,52750602.43197243
S1,2071,0-17,
S1,2071,18-29,
S1,2071,30-65,
S1,2071,66+,
S1,2071,15-26,
S1,2071,27-45,
S1,2071,46-65,
S1,2072,00-04,
S1,2072,05-09,
S1,2072,10-14,
S1,2072,15-19,44269219.81653759
S1,2072,20-24,44717481.232411474
S1,2072,25-29,46219091.113358736
S1,2072,30-34,48473086.01290277
S1,2072,35-39,50087395.16344005
S1,2072,40-44,51038662.776470244
S1,2072,45-49,51111724.2276752
S1,2072,50-54,51567623.94229466
S1,2072,55-59,53253888.01255512
S1,2072,60-64,53635195.01750982
S1,2072,65-69,52350105.93266845
S1,2072,70-74,47990499.700294495
S1,2072,75+,100537657.61041105
S1,2072,0-8,75208155.72756417
S1,2072,9-14,52432115.39841689
S1,2072,0-17,
S1,2072,18-29,
S1,2072,30-65,
S1,2072,66+,
S1,2072,15-26,
S1,2072,27-45,
S1,2072,46-65,
S1,2073,00-04,
S1,2073,05-09,
S1,2073,10-14,
S1,2073,15-19,44029998.06981599
S1,2073,20-24,44412414.0957118
S1,2073,25-29,45805479.585391045
S1,2073,30-34,48033188.918378174
S1,2073,35-39,49748929.77609831
S1,2073,40-44,50845603.298416674
S1,2073,45-49,51072705.997914076
S1,2073,50-54,51218990.63814551
S1,2073,55-59,52643985.76149511
S1,2073,60-64,53584416.28493297
S1,2073,65-69,51966107.28122413
S1,2073,70-74,48539683.60816717
S1,2073,75+,102680847.31509864
S1,2073,0-8,74619721.52215731
S1,2073,9-14,52108646.25612584
S1,2073,0-17,
S1,2073,18-29,
S1,2073,30-65,
S1,2073,66+,
S1,2073,15-26,
S1,2073,27-45,
S1,2073,46-65,
S1,2074,00-04,
S1,2074,05-09,
S1,2074,10-14,
S1,2074,15-19,43789170.730739325
S1,2074,20-24,44128058.66866019
S1,2074,25-29,45408555.67341626
S1,2074,30-34,47600982.99279812
S1,2074,35-39,49375145.113001645
S1,2074,40-44,50629866.68330902
S1,2074,45-49,50999120.14451438
S1,2074,50-54,50772245.40522617
S1,2074,55-59,52273116.79616737
S1,2074,60-64,53393724.044988275
S1,2074,65-69,51679061.51681471
S1,2074,70-74,48926987.14138138
S1,2074,75+,104802668.14357567
S1,2074,0-8,74029073.51562354
S1,2074,9-14,51777002.48757267
S1,2074,0-17,
S1,2074,18-29,
S1,2074,30-65,
S1,2074,66+,
S1,2074,15-26,
S1,2074,27-45,
S1,2074,46-65,
S1,2075,00-04,
S1,2075,05-09,
S1,2075,10-14,
S1,2075,15-19,43559033.214607984
S1,2075,20-24,43840169.34654203
S1,2075,25-29,45032218.682205975
S1,2075,30-34,47177462.50020927
S1,2075,35-39,48972965.73277837
S1,2075,40-44,50382271.716398895
S1,2075,45-49,50890843.86177009
S1,2075,50-54,50515872.68158221
S1,2075,55-59,52082551.31702447
S1,2075,60-64,52778938.61713791
S1,2075,65-69,51516283.462665915
S1,2075,70-74,49180578.14136326
S1,2075,75+,106895409.84207726
S1,2075,0-8,73429885.44816135
S1,2075,9-14,51442813.54224409
S1,2075,0-17,
S1,2075,18-29,
S1,2075,30-65,
S1,2075,66+,
S1,2075,15-26,
S1,2075,27-45,
S1,2075,46-65,
S1,2076,00-04,
S1,2076,05-09,
S1,2076,10-14,
S1,2076,15-19,43323790.06931606
S1,2076,20-24,43565861.079283476
S1,2076,25-29,44685650.33210245
S1,2076,30-34,46738385.228100926
S1,2076,35-39,48562657.12502378
S1,2076,40-44,50096188.7538476
S1,2076,45-49,50777943.72212285
S1,2076,50-54,50482671.135949075
S1,2076,55-59,51573244.068549395
S1,2076,60-64,52327179.22575581
S1,2076,65-69,51401924.75434339
S1,2076,70-74,49153649.89309263
S1,2076,75+,109038237.09527647
S1,2076,0-8,72823611.30007511
S1,2076,9-14,51095443.34922007
S1,2076,0-17,
S1,2076,18-29,
S1,2076,30-65,
S1,2076,66+,
S1,2076,15-26,
S1,2076,27-45,
S1,2076,46-65,
S1,2077,00-04,
S1,2077,05-09,
S1,2077,10-14,
S1,2077,15-19,43060929.30099881
S1,2077,20-24,43312352.55289841
S1,2077,25-29,44362800.90101367
S1,2077,30-34,46315612.87850189
S1,2077,35-39,48136255.06247336
S1,2077,40-44,49782797.05922878
S1,2077,45-49,50630374.132002234
S1,2077,50-54,50483409.011996746
S1,2077,55-59,50953417.48052037
S1,2077,60-64,51982618.216300726
S1,2077,65-69,51355497.928884625
S1,2077,70-74,48902455.97703099
S1,2077,75+,111211407.61579287
S1,2077,0-8,72218937.25270784
S1,2077,9-14,50752885.21133649
S1,2077,0-17,
S1,2077,18-29,
S1,2077,30-65,
S1,2077,66+,
S1,2077,15-26,
S1,2077,27-45,
S1,2077,46-65,
S1,2078,00-04,
S1,2078,05-09,
S1,2078,10-14,
S1,2078,15-19,42796185.28278041
S1,2078,20-24,43076195.66279709
S1,2078,25-29,44060866.0880934
S1,2078,30-34,45903931.48953393
S1,2078,35-39,47701295.855362594
S1,2078,40-44,49448596.18958825
S1,2078,45-49,50442940.17550564
S1,2078,50-54,50451554.3469075
S1,2078,55-59,50623302.89235604
S1,2078,60-64,51409510.980261564
S1,2078,65-69,51338188.242637515
S1,2078,70-74,48591831.61284566
S1,2078,75+,113279501.05401969
S1,2078,0-8,71629452.3390739
S1,2078,9-14,50385368.435886115
S1,2078,0-17,
S1,2078,18-29,
S1,2078,30-65,
S1,2078,66+,
S1,2078,15-26,
S1,2078,27-45,
S1,2078,46-65,
S1,2079,00-04,
S1,2079,05-09,
S1,2079,10-14,
S1,2079,15-19,42525746.55521211
S1,2079,20-24,42839562.40703073
S1,2079,25-29,43780510.33349991
S1,2079,30-34,45509216.46376479
S1,2079,35-39,47274052.71915543
S1,2079,40-44,49079319.39996946
S1,2079,45-49,50232913.30251682
S1,2079,50-54,50385401.62611222
S1,2079,55-59,50196570.44792354
S1,2079,60-64,51069577.75949645
S1,2079,65-69,51185144.19381654
S1,2079,70-74,48371133.77509248
S1,2079,75+,115180838.93373406
S1,2079,0-8,71044725.18913399
S1,2079,9-14,50008761.64298226
S1,2079,0-17,
S1,2079,18-29,
S1,2079,30-65,
S1,2079,66+,
S1,2079,15-26,
S1,2079,27-45,
S1,2079,46-65,
S1,2080,00-04,
S1,2080,05-09,
S1,2080,10-14,
S1,2080,15-19,42255848.202010185
S1,2080,20-24,42612563.66233459
S1,2080,25-29,43495679.04932955
S1,2080,30-34,45134419.153585464
S1,2080,35-39,46854928.413107574
S1,2080,40-44,48681458.715230525
S1,2080,45-49,49990993.71380377
S1,2080,50-54,50284773.76606816
S1,2080,55-59,49957457.37135452
S1,2080,60-64,50903098.62706053
S1,2080,65-69,50623700.00685823
S1,2080,70-74,48268092.17855859
S1,2080,75+,116954806.50168431
S1,2080,0-8,70474295.29644264
S1,2080,9-14,49608373.44484185
S1,2080,0-17,
S1,2080,18-29,
S1,2080,30-65,
S1,2080,66+,
S1,2080,15-26,
S1,2080,27-45,
S1,2080,46-65,
S1,2081,00-04,
S1,2081,05-09,
S1,2081,10-14,
S1,2081,15-19,41973442.71678665
S1,2081,20-24,42380040.35645425
S1,2081,25-29,43224094.9862636
S1,2081,30-34,44789417.64331141
S1,2081,35-39,46420374.66693634
S1,2081,40-44,48275466.77445501
S1,2081,45-49,49710778.51827288
S1,2081,50-54,50179399.67167276
S1,2081,55-59,49937987.987225294
S1,2081,60-64,50424380.08609027
S1,2081,65-69,50219372.70221186
S1,2081,70-74,48207584.04123533
S1,2081,75+,118530816.74786234
S1,2081,0-8,69916241.84054749
S1,2081,9-14,49205715.78226392
S1,2081,0-17,
S1,2081,18-29,
S1,2081,30-65,
S1,2081,66+,
S1,2081,15-26,
S1,2081,27-45,
S1,2081,46-65,
S1,2082,00-04,
S1,2082,05-09,
S1,2082,10-14,
S1,2082,15-19,41695971.154919654
S1,2082,20-24,42120661.07407737
S1,2082,25-29,42973387.150351316
S1,2082,30-34,44467894.15706894
S1,2082,35-39,46001793.066948235
S1,2082,40-44,47853354.235934496
S1,2082,45-49,49403348.39618784
S1,2082,50-54,50039679.56204897
S1,2082,55-59,49951811.10702407
S1,2082,60-64,49838217.03118074
S1,2082,65-69,49919288.08616471
S1,2082,70-74,48209354.489292264
S1,2082,75+,119949787.05241144
S1,2082,0-8,69354193.59704393
S1,2082,9-14,48802402.02640554
S1,2082,0-17,
S1,2082,18-29,
S1,2082,30-65,
S1,2082,66+,
S1,2082,15-26,
S1,2082,27-45,
S1,2082,46-65,
S1,2083,00-04,
S1,2083,05-09,
S1,2083,10-14,
S1,2083,15-19,41396976.35871664
S1,2083,20-24,41860083.77655935
S1,2083,25-29,42740899.94948381
S1,2083,30-34,44168088.414750874
S1,2083,35-39,45594737.326704204
S1,2083,40-44,47423050.7210533
S1,2083,45-49,49075388.3417604
S1,2083,50-54,49860591.38019729
S1,2083,55-59,49933245.58138162
S1,2083,60-64,49534389.33967322
S1,2083,65-69,49398030.852846265
S1,2083,70-74,48236697.35023606
S1,2083,75+,121237313.22649181
S1,2083,0-8,68820977.04420707
S1,2083,9-14,48394724.511564136
S1,2083,0-17,
S1,2083,18-29,
S1,2083,30-65,
S1,2083,66+,
S1,2083,15-26,
S1,2083,27-45,
S1,2083,46-65,
S1,2084,00-04,
S1,2084,05-09,
S1,2084,10-14,
S1,2084,15-19,41088021.05497621
S1,2084,20-24,41592127.35774821
S1,2084,25-29,42505117.0350191
S1,2084,30-34,43887226.21346468
S1,2084,35-39,45202797.788436055
S1,2084,40-44,46999333.30292523
S1,2084,45-49,48711868.806100905
S1,2084,50-54,49658594.427522
S1,2084,55-59,49880141.98371309
S1,2084,60-64,49136440.087771654
S1,2084,65-69,49101272.6313622
S1,2084,70-74,48134848.66346407
S1,2084,75+,122473459.12061524
S1,2084,0-8,68298718.08251753
S1,2084,9-14,47991371.25422071
S1,2084,0-17,
S1,2084,18-29,
S1,2084,30-65,
S1,2084,66+,
S1,2084,15-26,
S1,2084,27-45,
S1,2084,46-65,
S1,2085,00-04,
S1,2085,05-09,
S1,2085,10-14,
S1,2085,15-19,40756302.86059195
S1,2085,20-24,41326112.1200397
S1,2085,25-29,42280741.43194017
S1,2085,30-34,43603429.614070326
S1,2085,35-39,44831673.15074694
S1,2085,40-44,46584384.34168768
S1,2085,45-49,48320399.794701695
S1,2085,50-54,49425339.73893571
S1,2085,55-59,49792905.51387429
S1,2085,60-64,48921571.25063217
S1,2085,65-69,48966842.2080158
S1,2085,70-74,47646026.13736582
S1,2085,75+,123717580.59309494
S1,2085,0-8,67792283.08901672
S1,2085,9-14,47600364.015532985
S1,2085,0-17,
S1,2085,18-29,
S1,2085,30-65,
S1,2085,66+,
S1,2085,15-26,
S1,2085,27-45,
S1,2085,46-65,
S1,2086,00-04,
S1,2086,05-09,
S1,2086,10-14,
S1,2086,15-19,40423339.76076016
S1,2086,20-24,41046240.29215363
S1,2086,25-29,42049271.93473256
S1,2086,30-34,43332008.267724276
S1,2086,35-39,44489590.337937
S1,2086,40-44,46153733.20290238
S1,2086,45-49,47920526.68991107
S1,2086,50-54,49153898.25648439
S1,2086,55-59,49700457.09210265
S1,2086,60-64,48920279.573961735
S1,2086,65-69,48530919.55888796
S1,2086,70-74,47306252.36311948
S1,2086,75+,124834760.33172178
S1,2086,0-8,67303885.18979368
S1,2086,9-14,47203889.64250329
S1,2086,0-17,
S1,2086,18-29,
S1,2086,30-65,
S1,2086,66+,
S1,2086,15-26,
S1,2086,27-45,
S1,2086,46-65,
S1,2087,00-04,
S1,2087,05-09,
S1,2087,10-14,
S1,2087,15-19,40089094.84588936
S1,2087,20-24,40770607.28870165
S1,2087,25-29,41789520.03462866
S1,2087,30-34,43079945.95184502
S1,2087,35-39,44169779.49068892
S1,2087,40-44,45738257.67083311
S1,2087,45-49,47504090.896758616
S1,2087,50-54,48855027.79683387
S1,2087,55-59,49573342.69783527
S1,2087,60-64,48950676.242926
S1,2087,65-69,47992266.22373223
S1,2087,70-74,47065681.45306873
S1,2087,75+,125879570.2514664
S1,2087,0-8,66834160.962183036
S1,2087,9-14,46808088.045142464
S1,2087,0-17,
S1,2087,18-29,
S1,2087,30-65,
S1,2087,66+,
S1,2087,15-26,
S1,2087,27-45,
S1,2087,46-65,
S1,2088,00-04,
S1,2088,05-09,
S1,2088,10-14,
S1,2088,15-19,39749687.83535278
S1,2088,20-24,40476909.57153684
S1,2088,25-29,41531865.034581214
S1,2088,30-34,42848001.75461933
S1,2088,35-39,43872679.826892436
S1,2088,40-44,45335023.406829655
S1,2088,45-49,47080010.70196813
S1,2088,50-54,48536138.27144283
S1,2088,55-59,49407165.3160041
S1,2088,60-64,48949201.34445
S1,2088,65-69,47724017.837743044
S1,2088,70-74,46613785.20570278
S1,2088,75+,126847435.03917372
S1,2088,0-8,66378787.605527855
S1,2088,9-14,46435923.232556246
S1,2088,0-17,
S1,2088,18-29,
S1,2088,30-65,
S1,2088,66+,
S1,2088,15-26,
S1,2088,27-45,
S1,2088,46-65,
S1,2089,00-04,
S1,2089,05-09,
S1,2089,10-14,
S1,2089,15-19,39414199.50496915
S1,2089,20-24,40172008.75841251
S1,2089,25-29,41265952.5619224
S1,2089,30-34,42612583.63959873
S1,2089,35-39,43594329.89811367
S1,2089,40-44,44946705.07510048
S1,2089,45-49,46662274.63555062
S1,2089,50-54,48181796.292160034
S1,2089,55-59,49217851.57709211
S1,2089,60-64,48913421.77571863
S1,2089,65-69,47366522.88736594
S1,2089,70-74,46374670.480389476
S1,2089,75+,127666082.89238238
S1,2089,0-8,65942401.93028744
S1,2089,9-14,46063692.22704328
S1,2089,0-17,
S1,2089,18-29,
S1,2089,30-65,
S1,2089,66+,
S1,2089,15-26,
S1,2089,27-45,
S1,2089,46-65,
S1,2090,00-04,
S1,2090,05-09,
S1,2090,10-14,
S1,2090,15-19,39089533.825590566
S1,2090,20-24,39844064.82617211
S1,2090,25-29,41000842.58609924
S1,2090,30-34,42387291.2437115
S1,2090,35-39,43312175.915579736
S1,2090,40-44,44578487.879635096
S1,2090,45-49,46252734.73403615
S1,2090,50-54,47799357.22203189
S1,2090,55-59,48996899.63601285
S1,2090,60-64,48843517.137207806
S1,2090,65-69,47184302.38749814
S1,2090,70-74,46281843.96740401
S1,2090,75+,128153259.65505183
S1,2090,0-8,65520501.350932665
S1,2090,9-14,45697498.97382001
S1,2090,0-17,
S1,2090,18-29,
S1,2090,30-65,
S1,2090,66+,
S1,2090,15-26,
S1,2090,27-45,
S1,2090,46-65,
S1,2091,00-04,
S1,2091,05-09,
S1,2091,10-14,
S1,2091,15-19,38757424.570783034
S1,2091,20-24,39514433.1414243
S1,2091,25-29,40721907.98751572
S1,2091,30-34,42155678.396469176
S1,2091,35-39,43042990.00701678
S1,2091,40-44,44239590.95248401
S1,2091,45-49,45827895.34630436
S1,2091,50-54,47408806.680904746
S1,2091,55-59,48738122.59571099
S1,2091,60-64,48768525.58090621
S1,2091,65-69,47206475.086113214
S1,2091,70-74,45903548.665219784
S1,2091,75+,128691996.73181534
S1,2091,0-8,65097774.445071995
S1,2091,9-14,45351307.880932644
S1,2091,0-17,
S1,2091,18-29,
S1,2091,30-65,
S1,2091,66+,
S1,2091,15-26,
S1,2091,27-45,
S1,2091,46-65,
S1,2092,00-04,
S1,2092,05-09,
S1,2092,10-14,
S1,2092,15-19,38427869.643795595
S1,2092,20-24,39184124.487491876
S1,2092,25-29,40447750.68540484
S1,2092,30-34,41896354.56501114
S1,2092,35-39,42793500.25443649
S1,2092,40-44,43923120.21237552
S1,2092,45-49,45418255.15748352
S1,2092,50-54,47001872.95840317
S1,2092,55-59,48451976.96074402
S1,2092,60-64,48659277.03989971
S1,2092,65-69,47258594.865752816
S1,2092,70-74,45430305.76501119
S1,2092,75+,129282644.20587468
S1,2092,0-8,64694374.86835411
S1,2092,9-14,45002137.06814779
S1,2092,0-17,
S1,2092,18-29,
S1,2092,30-65,
S1,2092,66+,
S1,2092,15-26,
S1,2092,27-45,
S1,2092,46-65,
S1,2093,00-04,
S1,2093,05-09,
S1,2093,10-14,
S1,2093,15-19,38118961.56049235
S1,2093,20-24,38849943.05281398
S1,2093,25-29,40155303.285197556
S1,2093,30-34,41637330.50942141
S1,2093,35-39,42562614.09362221
S1,2093,40-44,43628363.47137368
S1,2093,45-49,45020169.713611364
S1,2093,50-54,46586910.69582158
S1,2093,55-59,48145434.94436431
S1,2093,60-64,48511252.59218794
S1,2093,65-69,47279784.36015272
S1,2093,70-74,45211359.88128972
S1,2093,75+,129633623.43130028
S1,2093,0-8,64289352.00745616
S1,2093,9-14,44666261.24561892
S1,2093,0-17,
S1,2093,18-29,
S1,2093,30-65,
S1,2093,66+,
S1,2093,15-26,
S1,2093,27-45,
S1,2093,46-65,
S1,2094,00-04,
S1,2094,05-09,
S1,2094,10-14,
S1,2094,15-19,37807915.46872771
S1,2094,20-24,38518346.13057697
S1,2094,25-29,39851000.67856753
S1,2094,30-34,41370247.3826423
S1,2094,35-39,42328560.04964122
S1,2094,40-44,43352379.49052608
S1,2094,45-49,44636925.40888512
S1,2094,50-54,46178113.87185258
S1,2094,55-59,47803476.71256864
S1,2094,60-64,48340192.16016424
S1,2094,65-69,47267425.63076818
S1,2094,70-74,44910369.147209525
S1,2094,75+,130077648.23799884
S1,2094,0-8,63873175.614663556
S1,2094,9-14,44345610.528849825
S1,2094,0-17,
S1,2094,18-29,
S1,2094,30-65,
S1,2094,66+,
S1,2094,15-26,
S1,2094,27-45,
S1,2094,46-65,
S1,2095,00-04,
S1,2095,05-09,
S1,2095,10-14,
S1,2095,15-19,37501659.100145
S1,2095,20-24,38198562.167814344
S1,2095,25-29,39524826.339585036
S1,2095,30-34,41104773.88245559
S1,2095,35-39,42105114.42560583
S1,2095,40-44,43073002.294163465
S1,2095,45-49,44273872.36150843
S1,2095,50-54,45777523.0981797
S1,2095,55-59,47433583.14973301
S1,2095,60-64,48138055.98383123
S1,2095,65-69,47222349.4460907
S1,2095,70-74,44775064.16306591
S1,2095,75+,130374069.50569224
S1,2095,0-8,63455044.09782855
S1,2095,9-14,44038919.006732106
S1,2095,0-17,
S1,2095,18-29,
S1,2095,30-65,
S1,2095,66+,
S1,2095,15-26,
S1,2095,27-45,
S1,2095,46-65,
S1,2096,00-04,
S1,2096,05-09,
S1,2096,10-14,
S1,2096,15-19,37214505.65509063
S1,2096,20-24,37873169.77666703
S1,2096,25-29,39199740.76235229
S1,2096,30-34,40828110.08847317
S1,2096,35-39,41877159.464031845
S1,2096,40-44,42807576.95146978
S1,2096,45-49,43940529.259058535
S1,2096,50-54,45362074.24051744
S1,2096,55-59,47055613.3066805
S1,2096,60-64,47898506.28966069
S1,2096,65-69,47171809.43469918
S1,2096,70-74,44830252.743870616
S1,2096,75+,130478087.70590949
S1,2096,0-8,63030674.35252102
S1,2096,9-14,43736412.81697591
S1,2096,0-17,
S1,2096,18-29,
S1,2096,30-65,
S1,2096,66+,
S1,2096,15-26,
S1,2096,27-45,
S1,2096,46-65,
S1,2097,00-04,
S1,2097,05-09,
S1,2097,10-14,
S1,2097,15-19,36921233.02427153
S1,2097,20-24,37550746.70107269
S1,2097,25-29,38874553.334765255
S1,2097,30-34,40556697.185176015
S1,2097,35-39,41622050.15426117
S1,2097,40-44,42561921.58148503
S1,2097,45-49,43629540.87180328
S1,2097,50-54,44961667.318238676
S1,2097,55-59,46661263.528041184
S1,2097,60-64,47631895.80054402
S1,2097,65-69,47087988.52933657
S1,2097,70-74,44913270.24636209
S1,2097,75+,130568174.61018562
S1,2097,0-8,62601270.489588305
S1,2097,9-14,43460115.44005278
S1,2097,0-17,
S1,2097,18-29,
S1,2097,30-65,
S1,2097,66+,
S1,2097,15-26,
S1,2097,27-45,
S1,2097,46-65,
S1,2098,00-04,
S1,2098,05-09,
S1,2098,10-14,
S1,2098,15-19,36639283.39432895
S1,2098,20-24,37248117.91579938
S1,2098,25-29,38543663.61222157
S1,2098,30-34,40264649.06174603
S1,2098,35-39,41365650.09231964
S1,2098,40-44,42333760.57178438
S1,2098,45-49,43339435.656053066
S1,2098,50-54,44572146.75682235
S1,2098,55-59,46258383.75431484
S1,2098,60-64,47344662.010115206
S1,2098,65-69,46966028.0300349
S1,2098,70-74,44966312.085446715
S1,2098,75+,130688856.13509095
S1,2098,0-8,62165340.77667032
S1,2098,9-14,43186630.5214145
S1,2098,0-17,
S1,2098,18-29,
S1,2098,30-65,
S1,2098,66+,
S1,2098,15-26,
S1,2098,27-45,
S1,2098,46-65,
S1,2099,00-04,
S1,2099,05-09,
S1,2099,10-14,
S1,2099,15-19,36369899.78738168
S1,2099,20-24,36942791.237247765
S1,2099,25-29,38215948.27776742
S1,2099,30-34,39962343.822711945
S1,2099,35-39,41102439.767754674
S1,2099,40-44,42103133.82091588
S1,2099,45-49,43068362.2215845
S1,2099,50-54,44197474.43978536
S1,2099,55-59,45861554.47266281
S1,2099,60-64,47022350.79630202
S1,2099,65-69,46821355.375110686
S1,2099,70-74,44987018.716976166
S1,2099,75+,130844810.85367417
S1,2099,0-8,61713036.353993446
S1,2099,9-14,42920365.21943271
S1,2099,0-17,
S1,2099,18-29,
S1,2099,30-65,
S1,2099,66+,
S1,2099,15-26,
S1,2099,27-45,
S1,2099,46-65,
S1,2100,00-04,
S1,2100,05-09,
S1,2100,10-14,
S1,2100,15-19,36113206.23912449
S1,2100,20-24,36643141.238678694
S1,2100,25-29,37900747.454352975
S1,2100,30-34,39638564.01597211
S1,2100,35-39,40841131.43106714
S1,2100,40-44,41883252.874388814
S1,2100,45-49,42794049.80186498
S1,2100,50-54,43842867.54978448
S1,2100,55-59,45472819.869633555
S1,2100,60-64,46672465.33556014
S1,2100,65-69,46646512.1443094
S1,2100,70-74,44976741.938732386
S1,2100,75+,131039994.6142962
S1,2100,0-8,61262244.58677012
S1,2100,9-14,42659279.00876723
S1,2100,0-17,
S1,2100,18-29,
S1,2100,30-65,
S1,2100,66+,
S1,2100,15-26,
S1,2100,27-45,
S1,2100,46-65,
S2,1950,00-04,
S2,1950,05-09,
S2,1950,10-14,
S2,1950,15-19,
S2,1950,20-24,
S2,1950,25-29,
S2,1950,30-34,
S2,1950,35-39,
S2,1950,40-44,
S2,1950,45-49,
S2,1950,50-54,
S2,1950,55-59,
S2,1950,60-64,
S2,1950,65-69,
S2,1950,70-74,
S2,1950,75+,
S2,1950,0-8,
S2,1950,9-14,
S2,1950,0-17,73187480.55931208
S2,1950,18-29,33842875.70572975
S2,1950,30-65,51572447.09311721
S2,1950,66+,4765630.028784364
S2,1950,15-26,
S2,1950,27-45,
S2,1950,46-65,
S2,1951,00-04,
S2,1951,05-09,
S2,1951,10-14,
S2,1951,15-19,
S2,1951,20-24,
S2,1951,25-29,
S2,1951,30-34,
S2,1951,35-39,
S2,1951,40-44,
S2,1951,45-49,
S2,1951,50-54,
S2,1951,55-59,
S2,1951,60-64,
S2,1951,65-69,
S2,1951,70-74,
S2,1951,75+,
S2,1951,0-8,
S2,1951,9-14,
S2,1951,0-17,74826011.98067905
S2,1951,18-29,34447442.35313533
S2,1951,30-65,52675764.58298206
S2,1951,66+,4844171.554731071
S2,1951,15-26,
S2,1951,27-45,
S2,1951,46-65,
S2,1952,00-04,
S2,1952,05-09,
S2,1952,10-14,
S2,1952,15-19,
S2,1952,20-24,
S2,1952,25-29,
S2,1952,30-34,
S2,1952,35-39,
S2,1952,40-44,
S2,1952,45-49,
S2,1952,50-54,
S2,1952,55-59,
S2,1952,60-64,
S2,1952,65-69,
S2,1952,70-74,
S2,1952,75+,
S2,1952,0-8,
S2,1952,9-14,
S2,1952,0-17,76545109.88469768
S2,1952,18-29,35118052.7974897
S2,1952,30-65,53764901.939349174
S2,1952,66+,4979277.2347919345
S2,1952,15-26,
S2,1952,27-45,
S2,1952,46-65,
S2,1953,00-04,
S2,1953,05-09,
S2,1953,10-14,
S2,1953,15-19,
S2,1953,20-24,
S2,1953,25-29,
S2,1953,30-34,
S2,1953,35-39,
S2,1953,40-44,
S2,1953,45-49,
S2,1953,50-54,
S2,1953,55-59,
S2,1953,60-64,
S2,1953,65-69,
S2,1953,70-74,
S2,1953,75+,
S2,1953,0-8,
S2,1953,9-14,
S2,1953,0-17,78380180.70811905
S2,1953,18-29,35827134.646026164
S2,1953,30-65,54831349.44104661
S2,1953,66+,5167826.353241742
S2,1953,15-26,
S2,1953,27-45,
S2,1953,46-65,
S2,1954,00-04,
S2,1954,05-09,
S2,1954,10-14,
S2,1954,15-19,
S2,1954,20-24,
S2,1954,25-29,
S2,1954,30-34,
S2,1954,35-39,
S2,1954,40-44,
S2,1954,45-49,
S2,1954,50-54,
S2,1954,55-59,
S2,1954,60-64,
S2,1954,65-69,
S2,1954,70-74,
S2,1954,75+,
S2,1954,0-8,
S2,1954,9-14,
S2,1954,0-17,80323742.3999404
S2,1954,18-29,36503308.52817866
S2,1954,30-65,55875412.40461728
S2,1954,66+,5368009.85338673
S2,1954,15-26,
S2,1954,27-45,
S2,1954,46-65,
S2,1955,00-04,
S2,1955,05-09,
S2,1955,10-14,
S2,1955,15-19,
S2,1955,20-24,
S2,1955,25-29,
S2,1955,30-34,
S2,1955,35-39,
S2,1955,40-44,
S2,1955,45-49,
S2,1955,50-54,
S2,1955,55-59,
S2,1955,60-64,
S2,1955,65-69,
S2,1955,70-74,
S2,1955,75+,
S2,1955,0-8,
S2,1955,9-14,
S2,1955,0-17,82463542.7676768
S2,1955,18-29,37187641.91835013
S2,1955,30-65,57025741.13632536
S2,1955,66+,5540830.689062834
S2,1955,15-26,
S2,1955,27-45,
S2,1955,46-65,
S2,1956,00-04,
S2,1956,05-09,
S2,1956,10-14,
S2,1956,15-19,
S2,1956,20-24,
S2,1956,25-29,
S2,1956,30-34,
S2,1956,35-39,
S2,1956,40-44,
S2,1956,45-49,
S2,1956,50-54,
S2,1956,55-59,
S2,1956,60-64,
S2,1956,65-69,
S2,1956,70-74,
S2,1956,75+,
S2,1956,0-8,
S2,1956,9-14,
S2,1956,0-17,84720976.26924998
S2,1956,18-29,37833691.976203546
S2,1956,30-65,58222530.841995165
S2,1956,66+,5698877.155142456
S2,1956,15-26,
S2,1956,27-45,
S2,1956,46-65,
S2,1957,00-04,
S2,1957,05-09,
S2,1957,10-14,
S2,1957,15-19,
S2,1957,20-24,
S2,1957,25-29,
S2,1957,30-34,
S2,1957,35-39,
S2,1957,40-44,
S2,1957,45-49,
S2,1957,50-54,
S2,1957,55-59,
S2,1957,60-64,
S2,1957,65-69,
S2,1957,70-74,
S2,1957,75+,
S2,1957,0-8,
S2,1957,9-14,
S2,1957,0-17,87063349.84844984
S2,1957,18-29,38498592.95470457
S2,1957,30-65,59484951.66503891
S2,1957,66+,5832792.687272996
S2,1957,15-26,
S2,1957,27-45,
S2,1957,46-65,
S2,1958,00-04,
S2,1958,05-09,
S2,1958,10-14,
S2,1958,15-19,
S2,1958,20-24,
S2,1958,25-29,
S2,1958,30-34,
S2,1958,35-39,
S2,1958,40-44,
S2,1958,45-49,
S2,1958,50-54,
S2,1958,55-59,
S2,1958,60-64,
S2,1958,65-69,
S2,1958,70-74,
S2,1958,75+,
S2,1958,0-8,
S2,1958,9-14,
S2,1958,0-17,89440882.44079868
S2,1958,18-29,39076804.6852168
S2,1958,30-65,60724772.48684114
S2,1958,66+,5940714.841312408
S2,1958,15-26,
S2,1958,27-45,
S2,1958,46-65,
S2,1959,00-04,
S2,1959,05-09,
S2,1959,10-14,
S2,1959,15-19,
S2,1959,20-24,
S2,1959,25-29,
S2,1959,30-34,
S2,1959,35-39,
S2,1959,40-44,
S2,1959,45-49,
S2,1959,50-54,
S2,1959,55-59,
S2,1959,60-64,
S2,1959,65-69,
S2,1959,70-74,
S2,1959,75+,
S2,1959,0-8,
S2,1959,9-14,
S2,1959,0-17,91930189.19141607
S2,1959,18-29,39744386.4925776
S2,1959,30-65,62075953.80513048
S2,1959,66+,6062258.392550707
S2,1959,15-26,
S2,1959,27-45,
S2,1959,46-65,
S2,1960,00-04,
S2,1960,05-09,
S2,1960,10-14,
S2,1960,15-19,
S2,1960,20-24,
S2,1960,25-29,
S2,1960,30-34,
S2,1960,35-39,
S2,1960,40-44,
S2,1960,45-49,
S2,1960,50-54,
S2,1960,55-59,
S2,1960,60-64,
S2,1960,65-69,
S2,1960,70-74,
S2,1960,75+,
S2,1960,0-8,
S2,1960,9-14,
S2,1960,0-17,94545735.82757948
S2,1960,18-29,40309223.634755716
S2,1960,30-65,63408655.56295249
S2,1960,66+,6231597.608696818
S2,1960,15-26,
S2,1960,27-45,
S2,1960,46-65,
S2,1961,00-04,
S2,1961,05-09,
S2,1961,10-14,
S2,1961,15-19,
S2,1961,20-24,
S2,1961,25-29,
S2,1961,30-34,
S2,1961,35-39,
S2,1961,40-44,
S2,1961,45-49,
S2,1961,50-54,
S2,1961,55-59,
S2,1961,60-64,
S2,1961,65-69,
S2,1961,70-74,
S2,1961,75+,
S2,1961,0-8,
S2,1961,9-14,
S2,1961,0-17,97305964.38929503
S2,1961,18-29,40843765.15081279
S2,1961,30-65,64758635.27622512
S2,1961,66+,6430854.031499982
S2,1961,15-26,
S2,1961,27-45,
S2,1961,46-65,
S2,1962,00-04,
S2,1962,05-09,
S2,1962,10-14,
S2,1962,15-19,
S2,1962,20-24,
S2,1962,25-29,
S2,1962,30-34,
S2,1962,35-39,
S2,1962,40-44,
S2,1962,45-49,
S2,1962,50-54,
S2,1962,55-59,
S2,1962,60-64,
S2,1962,65-69,
S2,1962,70-74,
S2,1962,75+,
S2,1962,0-8,
S2,1962,9-14,
S2,1962,0-17,100166292.82113181
S2,1962,18-29,41381237.71088602
S2,1962,30-65,66126327.59993681
S2,1962,66+,6672169.74565959
S2,1962,15-26,
S2,1962,27-45,
S2,1962,46-65,
S2,1963,00-04,
S2,1963,05-09,
S2,1963,10-14,
S2,1963,15-19,
S2,1963,20-24,
S2,1963,25-29,
S2,1963,30-34,
S2,1963,35-39,
S2,1963,40-44,
S2,1963,45-49,
S2,1963,50-54,
S2,1963,55-59,
S2,1963,60-64,
S2,1963,65-69,
S2,1963,70-74,
S2,1963,75+,
S2,1963,0-8,
S2,1963,9-14,
S2,1963,0-17,103097221.25687738
S2,1963,18-29,41855274.23227094
S2,1963,30-65,67466739.58361888
S2,1963,66+,6943628.507260948
S2,1963,15-26,
S2,1963,27-45,
S2,1963,46-65,
S2,1964,00-04,
S2,1964,05-09,
S2,1964,10-14,
S2,1964,15-19,
S2,1964,20-24,
S2,1964,25-29,
S2,1964,30-34,
S2,1964,35-39,
S2,1964,40-44,
S2,1964,45-49,
S2,1964,50-54,
S2,1964,55-59,
S2,1964,60-64,
S2,1964,65-69,
S2,1964,70-74,
S2,1964,75+,
S2,1964,0-8,
S2,1964,9-14,
S2,1964,0-17,106122635.64858843
S2,1964,18-29,42341700.04684661
S2,1964,30-65,68858389.42373124
S2,1964,66+,7220436.667417049
S2,1964,15-26,
S2,1964,27-45,
S2,1964,46-65,
S2,1965,00-04,
S2,1965,05-09,
S2,1965,10-14,
S2,1965,15-19,
S2,1965,20-24,
S2,1965,25-29,
S2,1965,30-34,
S2,1965,35-39,
S2,1965,40-44,
S2,1965,45-49,
S2,1965,50-54,
S2,1965,55-59,
S2,1965,60-64,
S2,1965,65-69,
S2,1965,70-74,
S2,1965,75+,
S2,1965,0-8,
S2,1965,9-14,
S2,1965,0-17,109018540.49055429
S2,1965,18-29,43018012.923376426
S2,1965,30-65,70289154.40672648
S2,1965,66+,7472928.201829225
S2,1965,15-26,
S2,1965,27-45,
S2,1965,46-65,
S2,1966,00-04,
S2,1966,05-09,
S2,1966,10-14,
S2,1966,15-19,
S2,1966,20-24,
S2,1966,25-29,
S2,1966,30-34,
S2,1966,35-39,
S2,1966,40-44,
S2,1966,45-49,
S2,1966,50-54,
S2,1966,55-59,
S2,1966,60-64,
S2,1966,65-69,
S2,1966,70-74,
S2,1966,75+,
S2,1966,0-8,
S2,1966,9-14,
S2,1966,0-17,111688773.41832754
S2,1966,18-29,43766722.73581371
S2,1966,30-65,71707121.59856495
S2,1966,66+,7691308.991652846
S2,1966,15-26,
S2,1966,27-45,
S2,1966,46-65,
S2,1967,00-04,
S2,1967,05-09,
S2,1967,10-14,
S2,1967,15-19,
S2,1967,20-24,
S2,1967,25-29,
S2,1967,30-34,
S2,1967,35-39,
S2,1967,40-44,
S2,1967,45-49,
S2,1967,50-54,
S2,1967,55-59,
S2,1967,60-64,
S2,1967,65-69,
S2,1967,70-74,
S2,1967,75+,
S2,1967,0-8,
S2,1967,9-14,
S2,1967,0-17,114295539.29151154
S2,1967,18-29,44531084.479105204
S2,1967,30-65,73166659.13684416
S2,1967,66+,7885438.927500099
S2,1967,15-26,
S2,1967,27-45,
S2,1967,46-65,
S2,1968,00-04,
S2,1968,05-09,
S2,1968,10-14,
S2,1968,15-19,
S2,1968,20-24,
S2,1968,25-29,
S2,1968,30-34,
S2,1968,35-39,
S2,1968,40-44,
S2,1968,45-49,
S2,1968,50-54,
S2,1968,55-59,
S2,1968,60-64,
S2,1968,65-69,
S2,1968,70-74,
S2,1968,75+,
S2,1968,0-8,
S2,1968,9-14,
S2,1968,0-17,116910955.63525888
S2,1968,18-29,45435022.552756846
S2,1968,30-65,74747034.80836287
S2,1968,66+,8067848.985355973
S2,1968,15-26,
S2,1968,27-45,
S2,1968,46-65,
S2,1969,00-04,
S2,1969,05-09,
S2,1969,10-14,
S2,1969,15-19,
S2,1969,20-24,
S2,1969,25-29,
S2,1969,30-34,
S2,1969,35-39,
S2,1969,40-44,
S2,1969,45-49,
S2,1969,50-54,
S2,1969,55-59,
S2,1969,60-64,
S2,1969,65-69,
S2,1969,70-74,
S2,1969,75+,
S2,1969,0-8,
S2,1969,9-14,
S2,1969,0-17,119656414.76662982
S2,1969,18-29,46281110.97602934
S2,1969,30-65,76263709.07384154
S2,1969,66+,8267717.662117124
S2,1969,15-26,
S2,1969,27-45,
S2,1969,46-65,
S2,1970,00-04,
S2,1970,05-09,
S2,1970,10-14,
S2,1970,15-19,
S2,1970,20-24,
S2,1970,25-29,
S2,1970,30-34,
S2,1970,35-39,
S2,1970,40-44,
S2,1970,45-49,
S2,1970,50-54,
S2,1970,55-59,
S2,1970,60-64,
S2,1970,65-69,
S2,1970,70-74,
S2,1970,75+,
S2,1970,0-8,
S2,1970,9-14,
S2,1970,0-17,122053287.0071936
S2,1970,18-29,47626564.71571177
S2,1970,30-65,77728670.12430137
S2,1970,66+,8489774.36953327
S2,1970,15-26,
S2,1970,27-45,
S2,1970,46-65,
S2,1971,00-04,
S2,1971,05-09,
S2,1971,10-14,
S2,1971,15-19,
S2,1971,20-24,
S2,1971,25-29,
S2,1971,30-34,
S2,1971,35-39,
S2,1971,40-44,
S2,1971,45-49,
S2,1971,50-54,
S2,1971,55-59,
S2,1971,60-64,
S2,1971,65-69,
S2,1971,70-74,
S2,1971,75+,
S2,1971,0-8,
S2,1971,9-14,
S2,1971,0-17,124464716.83125006
S2,1971,18-29,49323516.768578455
S2,1971,30-65,79294798.7669073
S2,1971,66+,8729446.073883802
S2,1971,15-26,
S2,1971,27-45,
S2,1971,46-65,
S2,1972,00-04,
S2,1972,05-09,
S2,1972,10-14,
S2,1972,15-19,
S2,1972,20-24,
S2,1972,25-29,
S2,1972,30-34,
S2,1972,35-39,
S2,1972,40-44,
S2,1972,45-49,
S2,1972,50-54,
S2,1972,55-59,
S2,1972,60-64,
S2,1972,65-69,
S2,1972,70-74,
S2,1972,75+,
S2,1972,0-8,
S2,1972,9-14,
S2,1972,0-17,126825648.6561143
S2,1972,18-29,50984458.67318933
S2,1972,30-65,80695535.03961161
S2,1972,66+,8986454.537549943
S2,1972,15-26,
S2,1972,27-45,
S2,1972,46-65,
S2,1973,00-04,
S2,1973,05-09,
S2,1973,10-14,
S2,1973,15-19,
S2,1973,20-24,
S2,1973,25-29,
S2,1973,30-34,
S2,1973,35-39,
S2,1973,40-44,
S2,1973,45-49,
S2,1973,50-54,
S2,1973,55-59,
S2,1973,60-64,
S2,1973,65-69,
S2,1973,70-74,
S2,1973,75+,
S2,1973,0-8,
S2,1973,9-14,
S2,1973,0-17,129196915.50763229
S2,1973,18-29,52926694.35136631
S2,1973,30-65,82203866.23844245
S2,1973,66+,9266493.640227705
S2,1973,15-26,
S2,1973,27-45,
S2,1973,46-65,
S2,1974,00-04,
S2,1974,05-09,
S2,1974,10-14,
S2,1974,15-19,
S2,1974,20-24,
S2,1974,25-29,
S2,1974,30-34,
S2,1974,35-39,
S2,1974,40-44,
S2,1974,45-49,
S2,1974,50-54,
S2,1974,55-59,
S2,1974,60-64,
S2,1974,65-69,
S2,1974,70-74,
S2,1974,75+,
S2,1974,0-8,
S2,1974,9-14,
S2,1974,0-17,131563274.408773
S2,1974,18-29,54935141.7501221
S2,1974,30-65,83707824.81289902
S2,1974,66+,9558594.397276938
S2,1974,15-26,
S2,1974,27-45,
S2,1974,46-65,
S2,1975,00-04,
S2,1975,05-09,
S2,1975,10-14,
S2,1975,15-19,
S2,1975,20-24,
S2,1975,25-29,
S2,1975,30-34,
S2,1975,35-39,
S2,1975,40-44,
S2,1975,45-49,
S2,1975,50-54,
S2,1975,55-59,
S2,1975,60-64,
S2,1975,65-69,
S2,1975,70-74,
S2,1975,75+,
S2,1975,0-8,
S2,1975,9-14,
S2,1975,0-17,134007366.19367303
S2,1975,18-29,57125854.59997304
S2,1975,30-65,85375665.86300716
S2,1975,66+,9858651.342051089
S2,1975,15-26,
S2,1975,27-45,
S2,1975,46-65,
S2,1976,00-04,
S2,1976,05-09,
S2,1976,10-14,
S2,1976,15-19,
S2,1976,20-24,
S2,1976,25-29,
S2,1976,30-34,
S2,1976,35-39,
S2,1976,40-44,
S2,1976,45-49,
S2,1976,50-54,
S2,1976,55-59,
S2,1976,60-64,
S2,1976,65-69,
S2,1976,70-74,
S2,1976,75+,
S2,1976,0-8,
S2,1976,9-14,
S2,1976,0-17,136378143.71736592
S2,1976,18-29,59391991.08263826
S2,1976,30-65,87138746.5706864
S2,1976,66+,10165511.576924324
S2,1976,15-26,
S2,1976,27-45,
S2,1976,46-65,
S2,1977,00-04,
S2,1977,05-09,
S2,1977,10-14,
S2,1977,15-19,
S2,1977,20-24,
S2,1977,25-29,
S2,1977,30-34,
S2,1977,35-39,
S2,1977,40-44,
S2,1977,45-49,
S2,1977,50-54,
S2,1977,55-59,
S2,1977,60-64,
S2,1977,65-69,
S2,1977,70-74,
S2,1977,75+,
S2,1977,0-8,
S2,1977,9-14,
S2,1977,0-17,138817960.91571388
S2,1977,18-29,61677358.601501614
S2,1977,30-65,88977722.30998439
S2,1977,66+,10478634.998571813
S2,1977,15-26,
S2,1977,27-45,
S2,1977,46-65,
S2,1978,00-04,
S2,1978,05-09,
S2,1978,10-14,
S2,1978,15-19,
S2,1978,20-24,
S2,1978,25-29,
S2,1978,30-34,
S2,1978,35-39,
S2,1978,40-44,
S2,1978,45-49,
S2,1978,50-54,
S2,1978,55-59,
S2,1978,60-64,
S2,1978,65-69,
S2,1978,70-74,
S2,1978,75+,
S2,1978,0-8,
S2,1978,9-14,
S2,1978,0-17,141211498.50697452
S2,1978,18-29,64066324.84530327
S2,1978,30-65,90932218.99448434
S2,1978,66+,10794610.08877486
S2,1978,15-26,
S2,1978,27-45,
S2,1978,46-65,
S2,1979,00-04,
S2,1979,05-09,
S2,1979,10-14,
S2,1979,15-19,
S2,1979,20-24,
S2,1979,25-29,
S2,1979,30-34,
S2,1979,35-39,
S2,1979,40-44,
S2,1979,45-49,
S2,1979,50-54,
S2,1979,55-59,
S2,1979,60-64,
S2,1979,65-69,
S2,1979,70-74,
S2,1979,75+,
S2,1979,0-8,
S2,1979,9-14,
S2,1979,0-17,143605902.09660974
S2,1979,18-29,66401336.97819361
S2,1979,30-65,92830490.05911964
S2,1979,66+,11110996.444914699
S2,1979,15-26,
S2,1979,27-45,
S2,1979,46-65,
S2,1980,00-04,
S2,1980,05-09,
S2,1980,10-14,
S2,1980,15-19,
S2,1980,20-24,
S2,1980,25-29,
S2,1980,30-34,
S2,1980,35-39,
S2,1980,40-44,
S2,1980,45-49,
S2,1980,50-54,
S2,1980,55-59,
S2,1980,60-64,
S2,1980,65-69,
S2,1980,70-74,
S2,1980,75+,
S2,1980,0-8,
S2,1980,9-14,
S2,1980,0-17,146188396.8766403
S2,1980,18-29,68492426.0463965
S2,1980,30-65,95352901.50291213
S2,1980,66+,11432141.423746765
S2,1980,15-26,
S2,1980,27-45,
S2,1980,46-65,
S2,1981,00-04,
S2,1981,05-09,
S2,1981,10-14,
S2,1981,15-19,
S2,1981,20-24,
S2,1981,25-29,
S2,1981,30-34,
S2,1981,35-39,
S2,1981,40-44,
S2,1981,45-49,
S2,1981,50-54,
S2,1981,55-59,
S2,1981,60-64,
S2,1981,65-69,
S2,1981,70-74,
S2,1981,75+,
S2,1981,0-8,
S2,1981,9-14,
S2,1981,0-17,148900123.8493063
S2,1981,18-29,70450359.24998155
S2,1981,30-65,97984315.2094647
S2,1981,66+,11753906.918586373
S2,1981,15-26,
S2,1981,27-45,
S2,1981,46-65,
S2,1982,00-04,
S2,1982,05-09,
S2,1982,10-14,
S2,1982,15-19,
S2,1982,20-24,
S2,1982,25-29,
S2,1982,30-34,
S2,1982,35-39,
S2,1982,40-44,
S2,1982,45-49,
S2,1982,50-54,
S2,1982,55-59,
S2,1982,60-64,
S2,1982,65-69,
S2,1982,70-74,
S2,1982,75+,
S2,1982,0-8,
S2,1982,9-14,
S2,1982,0-17,151678787.4668169
S2,1982,18-29,72348625.8944251
S2,1982,30-65,100744918.47605962
S2,1982,66+,12077262.082392633
S2,1982,15-26,
S2,1982,27-45,
S2,1982,46-65,
S2,1983,00-04,
S2,1983,05-09,
S2,1983,10-14,
S2,1983,15-19,
S2,1983,20-24,
S2,1983,25-29,
S2,1983,30-34,
S2,1983,35-39,
S2,1983,40-44,
S2,1983,45-49,
S2,1983,50-54,
S2,1983,55-59,
S2,1983,60-64,
S2,1983,65-69,
S2,1983,70-74,
S2,1983,75+,
S2,1983,0-8,
S2,1983,9-14,
S2,1983,0-17,154506313.7660417
S2,1983,18-29,74210259.91874316
S2,1983,30-65,103667514.64313766
S2,1983,66+,12404582.636636496
S2,1983,15-26,
S2,1983,27-45,
S2,1983,46-65,
S2,1984,00-04,
S2,1984,05-09,
S2,1984,10-14,
S2,1984,15-19,
S2,1984,20-24,
S2,1984,25-29,
S2,1984,30-34,
S2,1984,35-39,
S2,1984,40-44,
S2,1984,45-49,
S2,1984,50-54,
S2,1984,55-59,
S2,1984,60-64,
S2,1984,65-69,
S2,1984,70-74,
S2,1984,75+,
S2,1984,0-8,
S2,1984,9-14,
S2,1984,0-17,157428236.3313141
S2,1984,18-29,76054927.48672977
S2,1984,30-65,106767402.44355568
S2,1984,66+,12738470.229941785
S2,1984,15-26,
S2,1984,27-45,
S2,1984,46-65,
S2,1985,00-04,
S2,1985,05-09,
S2,1985,10-14,
S2,1985,15-19,
S2,1985,20-24,
S2,1985,25-29,
S2,1985,30-34,
S2,1985,35-39,
S2,1985,40-44,
S2,1985,45-49,
S2,1985,50-54,
S2,1985,55-59,
S2,1985,60-64,
S2,1985,65-69,
S2,1985,70-74,
S2,1985,75+,
S2,1985,0-8,
S2,1985,9-14,
S2,1985,0-17,160480840.69685006
S2,1985,18-29,77815480.63862637
S2,1985,30-65,110000962.95384839
S2,1985,66+,13079952.428895056
S2,1985,15-26,
S2,1985,27-45,
S2,1985,46-65,
S2,1986,00-04,
S2,1986,05-09,
S2,1986,10-14,
S2,1986,15-19,
S2,1986,20-24,
S2,1986,25-29,
S2,1986,30-34,
S2,1986,35-39,
S2,1986,40-44,
S2,1986,45-49,
S2,1986,50-54,
S2,1986,55-59,
S2,1986,60-64,
S2,1986,65-69,
S2,1986,70-74,
S2,1986,75+,
S2,1986,0-8,
S2,1986,9-14,
S2,1986,0-17,163598788.46981555
S2,1986,18-29,79524140.7260679
S2,1986,30-65,113333141.4939065
S2,1986,66+,13431514.437408686
S2,1986,15-26,
S2,1986,27-45,
S2,1986,46-65,
S2,1987,00-04,
S2,1987,05-09,
S2,1987,10-14,
S2,1987,15-19,
S2,1987,20-24,
S2,1987,25-29,
S2,1987,30-34,
S2,1987,35-39,
S2,1987,40-44,
S2,1987,45-49,
S2,1987,50-54,
S2,1987,55-59,
S2,1987,60-64,
S2,1987,65-69,
S2,1987,70-74,
S2,1987,75+,
S2,1987,0-8,
S2,1987,9-14,
S2,1987,0-17,166823413.46117228
S2,1987,18-29,81219774.39346758
S2,1987,30-65,116745643.1452569
S2,1987,66+,13796216.774115205
S2,1987,15-26,
S2,1987,27-45,
S2,1987,46-65,
S2,1988,00-04,
S2,1988,05-09,
S2,1988,10-14,
S2,1988,15-19,
S2,1988,20-24,
S2,1988,25-29,
S2,1988,30-34,
S2,1988,35-39,
S2,1988,40-44,
S2,1988,45-49,
S2,1988,50-54,
S2,1988,55-59,
S2,1988,60-64,
S2,1988,65-69,
S2,1988,70-74,
S2,1988,75+,
S2,1988,0-8,
S2,1988,9-14,
S2,1988,0-17,169955129.67086846
S2,1988,18-29,82938668.56028104
S2,1988,30-65,120241244.78368759
S2,1988,66+,14175598.74608779
S2,1988,15-26,
S2,1988,27-45,
S2,1988,46-65,
S2,1989,00-04,
S2,1989,05-09,
S2,1989,10-14,
S2,1989,15-19,
S2,1989,20-24,
S2,1989,25-29,
S2,1989,30-34,
S2,1989,35-39,
S2,1989,40-44,
S2,1989,45-49,
S2,1989,50-54,
S2,1989,55-59,
S2,1989,60-64,
S2,1989,65-69,
S2,1989,70-74,
S2,1989,75+,
S2,1989,0-8,
S2,1989,9-14,
S2,1989,0-17,173065188.42535332
S2,1989,18-29,84726175.88925931
S2,1989,30-65,123800509.52739888
S2,1989,66+,14572609.018336654
S2,1989,15-26,
S2,1989,27-45,
S2,1989,46-65,
S2,1990,00-04,
S2,1990,05-09,
S2,1990,10-14,
S2,1990,15-19,
S2,1990,20-24,
S2,1990,25-29,
S2,1990,30-34,
S2,1990,35-39,
S2,1990,40-44,
S2,1990,45-49,
S2,1990,50-54,
S2,1990,55-59,
S2,1990,60-64,
S2,1990,65-69,
S2,1990,70-74,
S2,1990,75+,
S2,1990,0-8,
S2,1990,9-14,
S2,1990,0-17,176182435.84041196
S2,1990,18-29,86536138.7540288
S2,1990,30-65,127444176.07166517
S2,1990,66+,14989878.167136252
S2,1990,15-26,
S2,1990,27-45,
S2,1990,46-65,
S2,1991,00-04,
S2,1991,05-09,
S2,1991,10-14,
S2,1991,15-19,
S2,1991,20-24,
S2,1991,25-29,
S2,1991,30-34,
S2,1991,35-39,
S2,1991,40-44,
S2,1991,45-49,
S2,1991,50-54,
S2,1991,55-59,
S2,1991,60-64,
S2,1991,65-69,
S2,1991,70-74,
S2,1991,75+,
S2,1991,0-8,
S2,1991,9-14,
S2,1991,0-17,179251017.82964543
S2,1991,18-29,88331838.92210558
S2,1991,30-65,131202020.69969428
S2,1991,66+,15429834.385680974
S2,1991,15-26,
S2,1991,27-45,
S2,1991,46-65,
S2,1992,00-04,
S2,1992,05-09,
S2,1992,10-14,
S2,1992,15-19,
S2,1992,20-24,
S2,1992,25-29,
S2,1992,30-34,
S2,1992,35-39,
S2,1992,40-44,
S2,1992,45-49,
S2,1992,50-54,
S2,1992,55-59,
S2,1992,60-64,
S2,1992,65-69,
S2,1992,70-74,
S2,1992,75+,
S2,1992,0-8,
S2,1992,9-14,
S2,1992,0-17,182712931.91059107
S2,1992,18-29,89654323.73005962
S2,1992,30-65,134727746.34745032
S2,1992,66+,16091651.801459253
S2,1992,15-26,
S2,1992,27-45,
S2,1992,46-65,
S2,1993,00-04,
S2,1993,05-09,
S2,1993,10-14,
S2,1993,15-19,
S2,1993,20-24,
S2,1993,25-29,
S2,1993,30-34,
S2,1993,35-39,
S2,1993,40-44,
S2,1993,45-49,
S2,1993,50-54,
S2,1993,55-59,
S2,1993,60-64,
S2,1993,65-69,
S2,1993,70-74,
S2,1993,75+,
S2,1993,0-8,
S2,1993,9-14,
S2,1993,0-17,186071217.65373114
S2,1993,18-29,91025465.99012104
S2,1993,30-65,138398701.9575848
S2,1993,66+,16779280.957492173
S2,1993,15-26,
S2,1993,27-45,
S2,1993,46-65,
S2,1994,00-04,
S2,1994,05-09,
S2,1994,10-14,
S2,1994,15-19,
S2,1994,20-24,
S2,1994,25-29,
S2,1994,30-34,
S2,1994,35-39,
S2,1994,40-44,
S2,1994,45-49,
S2,1994,50-54,
S2,1994,55-59,
S2,1994,60-64,
S2,1994,65-69,
S2,1994,70-74,
S2,1994,75+,
S2,1994,0-8,
S2,1994,9-14,
S2,1994,0-17,189235053.50267276
S2,1994,18-29,92456194.32053521
S2,1994,30-65,142144322.8920225
S2,1994,66+,17492397.05462998
S2,1994,15-26,
S2,1994,27-45,
S2,1994,46-65,
S2,1995,00-04,
S2,1995,05-09,
S2,1995,10-14,
S2,1995,15-19,
S2,1995,20-24,
S2,1995,25-29,
S2,1995,30-34,
S2,1995,35-39,
S2,1995,40-44,
S2,1995,45-49,
S2,1995,50-54,
S2,1995,55-59,
S2,1995,60-64,
S2,1995,65-69,
S2,1995,70-74,
S2,1995,75+,
S2,1995,0-8,
S2,1995,9-14,
S2,1995,0-17,192207184.5761273
S2,1995,18-29,93892251.92170298
S2,1995,30-65,145906938.72680658
S2,1995,66+,18233988.079720855
S2,1995,15-26,
S2,1995,27-45,
S2,1995,46-65,
S2,1996,00-04,
S2,1996,05-09,
S2,1996,10-14,
S2,1996,15-19,
S2,1996,20-24,
S2,1996,25-29,
S2,1996,30-34,
S2,1996,35-39,
S2,1996,40-44,
S2,1996,45-49,
S2,1996,50-54,
S2,1996,55-59,
S2,1996,60-64,
S2,1996,65-69,
S2,1996,70-74,
S2,1996,75+,
S2,1996,0-8,
S2,1996,9-14,
S2,1996,0-17,195042830.68844348
S2,1996,18-29,95506739.38803881
S2,1996,30-65,149764821.27280682
S2,1996,66+,19004023.72655964
S2,1996,15-26,
S2,1996,27-45,
S2,1996,46-65,
S2,1997,00-04,
S2,1997,05-09,
S2,1997,10-14,
S2,1997,15-19,
S2,1997,20-24,
S2,1997,25-29,
S2,1997,30-34,
S2,1997,35-39,
S2,1997,40-44,
S2,1997,45-49,
S2,1997,50-54,
S2,1997,55-59,
S2,1997,60-64,
S2,1997,65-69,
S2,1997,70-74,
S2,1997,75+,
S2,1997,0-8,
S2,1997,9-14,
S2,1997,0-17,197681822.80666977
S2,1997,18-29,97249811.9745369
S2,1997,30-65,153699319.28437328
S2,1997,66+,19795960.382240057
S2,1997,15-26,
S2,1997,27-45,
S2,1997,46-65,
S2,1998,00-04,
S2,1998,05-09,
S2,1998,10-14,
S2,1998,15-19,
S2,1998,20-24,
S2,1998,25-29,
S2,1998,30-34,
S2,1998,35-39,
S2,1998,40-44,
S2,1998,45-49,
S2,1998,50-54,
S2,1998,55-59,
S2,1998,60-64,
S2,1998,65-69,
S2,1998,70-74,
S2,1998,75+,
S2,1998,0-8,
S2,1998,9-14,
S2,1998,0-17,200193552.12397897
S2,1998,18-29,99018689.13826883
S2,1998,30-65,157745081.08206636
S2,1998,66+,20607290.275396466
S2,1998,15-26,
S2,1998,27-45,
S2,1998,46-65,
S2,1999,00-04,
S2,1999,05-09,
S2,1999,10-14,
S2,1999,15-19,
S2,1999,20-24,
S2,1999,25-29,
S2,1999,30-34,
S2,1999,35-39,
S2,1999,40-44,
S2,1999,45-49,
S2,1999,50-54,
S2,1999,55-59,
S2,1999,60-64,
S2,1999,65-69,
S2,1999,70-74,
S2,1999,75+,
S2,1999,0-8,
S2,1999,9-14,
S2,1999,0-17,202537980.40151638
S2,1999,18-29,100855246.48609251
S2,1999,30-65,161907623.09389174
S2,1999,66+,21435763.61670661
S2,1999,15-26,
S2,1999,27-45,
S2,1999,46-65,
S2,2000,00-04,
S2,2000,05-09,
S2,2000,10-14,
S2,2000,15-19,
S2,2000,20-24,
S2,2000,25-29,
S2,2000,30-34,
S2,2000,35-39,
S2,2000,40-44,
S2,2000,45-49,
S2,2000,50-54,
S2,2000,55-59,
S2,2000,60-64,
S2,2000,65-69,
S2,2000,70-74,
S2,2000,75+,
S2,2000,0-8,
S2,2000,9-14,
S2,2000,0-17,204662893.94162908
S2,2000,18-29,102857258.49124065
S2,2000,30-65,166114910.03458917
S2,2000,66+,22274887.169184923
S2,2000,15-26,
S2,2000,27-45,
S2,2000,46-65,
S2,2001,00-04,
S2,2001,05-09,
S2,2001,10-14,
S2,2001,15-19,
S2,2001,20-24,
S2,2001,25-29,
S2,2001,30-34,
S2,2001,35-39,
S2,2001,40-44,
S2,2001,45-49,
S2,2001,50-54,
S2,2001,55-59,
S2,2001,60-64,
S2,2001,65-69,
S2,2001,70-74,
S2,2001,75+,
S2,2001,0-8,
S2,2001,9-14,
S2,2001,0-17,206665754.67776725
S2,2001,18-29,105017398.58058771
S2,2001,30-65,170431258.89321262
S2,2001,66+,23112381.684631348
S2,2001,15-26,
S2,2001,27-45,
S2,2001,46-65,
S2,2002,00-04,
S2,2002,05-09,
S2,2002,10-14,
S2,2002,15-19,
S2,2002,20-24,
S2,2002,25-29,
S2,2002,30-34,
S2,2002,35-39,
S2,2002,40-44,
S2,2002,45-49,
S2,2002,50-54,
S2,2002,55-59,
S2,2002,60-64,
S2,2002,65-69,
S2,2002,70-74,
S2,2002,75+,
S2,2002,0-8,
S2,2002,9-14,
S2,2002,0-17,208548574.62761527
S2,2002,18-29,107277456.95872623
S2,2002,30-65,174896078.2003088
S2,2002,66+,23977084.29694873
S2,2002,15-26,
S2,2002,27-45,
S2,2002,46-65,
S2,2003,00-04,
S2,2003,05-09,
S2,2003,10-14,
S2,2003,15-19,
S2,2003,20-24,
S2,2003,25-29,
S2,2003,30-34,
S2,2003,35-39,
S2,2003,40-44,
S2,2003,45-49,
S2,2003,50-54,
S2,2003,55-59,
S2,2003,60-64,
S2,2003,65-69,
S2,2003,70-74,
S2,2003,75+,
S2,2003,0-8,
S2,2003,9-14,
S2,2003,0-17,210183508.90142888
S2,2003,18-29,109422700.03203952
S2,2003,30-65,179322658.35238963
S2,2003,66+,24870797.18588859
S2,2003,15-26,
S2,2003,27-45,
S2,2003,46-65,
S2,2004,00-04,
S2,2004,05-09,
S2,2004,10-14,
S2,2004,15-19,
S2,2004,20-24,
S2,2004,25-29,
S2,2004,30-34,
S2,2004,35-39,
S2,2004,40-44,
S2,2004,45-49,
S2,2004,50-54,
S2,2004,55-59,
S2,2004,60-64,
S2,2004,65-69,
S2,2004,70-74,
S2,2004,75+,
S2,2004,0-8,
S2,2004,9-14,
S2,2004,0-17,211501329.21455416
S2,2004,18-29,111625538.6952695
S2,2004,30-65,183891941.5474782
S2,2004,66+,25759693.987952948
S2,2004,15-26,
S2,2004,27-45,
S2,2004,46-65,
S2,2005,00-04,
S2,2005,05-09,
S2,2005,10-14,
S2,2005,15-19,
S2,2005,20-24,
S2,2005,25-29,
S2,2005,30-34,
S2,2005,35-39,
S2,2005,40-44,
S2,2005,45-49,
S2,2005,50-54,
S2,2005,55-59,
S2,2005,60-64,
S2,2005,65-69,
S2,2005,70-74,
S2,2005,75+,
S2,2005,0-8,
S2,2005,9-14,
S2,2005,0-17,212515303.99517864
S2,2005,18-29,113951784.12983936
S2,2005,30-65,188651681.25073028
S2,2005,66+,26596041.11075926
S2,2005,15-26,
S2,2005,27-45,
S2,2005,46-65,
S2,2006,00-04,
S2,2006,05-09,
S2,2006,10-14,
S2,2006,15-19,
S2,2006,20-24,
S2,2006,25-29,
S2,2006,30-34,
S2,2006,35-39,
S2,2006,40-44,
S2,2006,45-49,
S2,2006,50-54,
S2,2006,55-59,
S2,2006,60-64,
S2,2006,65-69,
S2,2006,70-74,
S2,2006,75+,
S2,2006,0-8,
S2,2006,9-14,
S2,2006,0-17,213178235.805592
S2,2006,18-29,116158929.6634782
S2,2006,30-65,193317883.98387152
S2,2006,66+,27386422.478565395
S2,2006,15-26,
S2,2006,27-45,
S2,2006,46-65,
S2,2007,00-04,
S2,2007,05-09,
S2,2007,10-14,
S2,2007,15-19,
S2,2007,20-24,
S2,2007,25-29,
S2,2007,30-34,
S2,2007,35-39,
S2,2007,40-44,
S2,2007,45-49,
S2,2007,50-54,
S2,2007,55-59,
S2,2007,60-64,
S2,2007,65-69,
S2,2007,70-74,
S2,2007,75+,
S2,2007,0-8,
S2,2007,9-14,
S2,2007,0-17,213508142.47070372
S2,2007,18-29,118475577.48680025
S2,2007,30-65,198191662.30742848
S2,2007,66+,28144992.26630193
S2,2007,15-26,
S2,2007,27-45,
S2,2007,46-65,
S2,2008,00-04,
S2,2008,05-09,
S2,2008,10-14,
S2,2008,15-19,
S2,2008,20-24,
S2,2008,25-29,
S2,2008,30-34,
S2,2008,35-39,
S2,2008,40-44,
S2,2008,45-49,
S2,2008,50-54,
S2,2008,55-59,
S2,2008,60-64,
S2,2008,65-69,
S2,2008,70-74,
S2,2008,75+,
S2,2008,0-8,
S2,2008,9-14,
S2,2008,0-17,213657780.39196876
S2,2008,18-29,120670500.0379357
S2,2008,30-65,203011875.48836184
S2,2008,66+,28893965.053766727
S2,2008,15-26,
S2,2008,27-45,
S2,2008,46-65,
S2,2009,00-04,
S2,2009,05-09,
S2,2009,10-14,
S2,2009,15-19,
S2,2009,20-24,
S2,2009,25-29,
S2,2009,30-34,
S2,2009,35-39,
S2,2009,40-44,
S2,2009,45-49,
S2,2009,50-54,
S2,2009,55-59,
S2,2009,60-64,
S2,2009,65-69,
S2,2009,70-74,
S2,2009,75+,
S2,2009,0-8,
S2,2009,9-14,
S2,2009,0-17,213695880.61547434
S2,2009,18-29,122863025.82033443
S2,2009,30-65,207913152.6585809
S2,2009,66+,29645428.53885758
S2,2009,15-26,
S2,2009,27-45,
S2,2009,46-65,
S2,2010,00-04,
S2,2010,05-09,
S2,2010,10-14,
S2,2010,15-19,
S2,2010,20-24,
S2,2010,25-29,
S2,2010,30-34,
S2,2010,35-39,
S2,2010,40-44,
S2,2010,45-49,
S2,2010,50-54,
S2,2010,55-59,
S2,2010,60-64,
S2,2010,65-69,
S2,2010,70-74,
S2,2010,75+,
S2,2010,0-8,
S2,2010,9-14,
S2,2010,0-17,213598933.21909606
S2,2010,18-29,125059281.20866531
S2,2010,30-65,213070895.49443096
S2,2010,66+,30374954.50018406
S2,2010,15-26,
S2,2010,27-45,
S2,2010,46-65,
S2,2011,00-04,
S2,2011,05-09,
S2,2011,10-14,
S2,2011,15-19,
S2,2011,20-24,
S2,2011,25-29,
S2,2011,30-34,
S2,2011,35-39,
S2,2011,40-44,
S2,2011,45-49,
S2,2011,50-54,
S2,2011,55-59,
S2,2011,60-64,
S2,2011,65-69,
S2,2011,70-74,
S2,2011,75+,
S2,2011,0-8,
S2,2011,9-14,
S2,2011,0-17,213360326.38487598
S2,2011,18-29,127132375.19516721
S2,2011,30-65,218493730.48603475
S2,2011,66+,31129391.25265622
S2,2011,15-26,
S2,2011,27-45,
S2,2011,46-65,
S2,2012,00-04,
S2,2012,05-09,
S2,2012,10-14,
S2,2012,15-19,
S2,2012,20-24,
S2,2012,25-29,
S2,2012,30-34,
S2,2012,35-39,
S2,2012,40-44,
S2,2012,45-49,
S2,2012,50-54,
S2,2012,55-59,
S2,2012,60-64,
S2,2012,65-69,
S2,2012,70-74,
S2,2012,75+,
S2,2012,0-8,
S2,2012,9-14,
S2,2012,0-17,213436191.42233276
S2,2012,18-29,128762093.54088259
S2,2012,30-65,224031710.90884984
S2,2012,66+,31967367.399501324
S2,2012,15-26,
S2,2012,27-45,
S2,2012,46-65,
S2,2013,00-04,
S2,2013,05-09,
S2,2013,10-14,
S2,2013,15-19,
S2,2013,20-24,
S2,2013,25-29,
S2,2013,30-34,
S2,2013,35-39,
S2,2013,40-44,
S2,2013,45-49,
S2,2013,50-54,
S2,2013,55-59,
S2,2013,60-64,
S2,2013,65-69,
S2,2013,70-74,
S2,2013,75+,
S2,2013,0-8,
S2,2013,9-14,
S2,2013,0-17,213473136.73924115
S2,2013,18-29,130325362.0507153
S2,2013,30-65,229738638.50229
S2,2013,66+,32855049.760718822
S2,2013,15-26,
S2,2013,27-45,
S2,2013,46-65,
S2,2014,00-04,
S2,2014,05-09,
S2,2014,10-14,
S2,2014,15-19,
S2,2014,20-24,
S2,2014,25-29,
S2,2014,30-34,
S2,2014,35-39,
S2,2014,40-44,
S2,2014,45-49,
S2,2014,50-54,
S2,2014,55-59,
S2,2014,60-64,
S2,2014,65-69,
S2,2014,70-74,
S2,2014,75+,
S2,2014,0-8,
S2,2014,9-14,
S2,2014,0-17,213391536.6882217
S2,2014,18-29,131781461.47297221
S2,2014,30-65,235656403.8876379
S2,2014,66+,33766911.111799955
S2,2014,15-26,
S2,2014,27-45,
S2,2014,46-65,
S2,2015,00-04,
S2,2015,05-09,
S2,2015,10-14,
S2,2015,15-19,
S2,2015,20-24,
S2,2015,25-29,
S2,2015,30-34,
S2,2015,35-39,
S2,2015,40-44,
S2,2015,45-49,
S2,2015,50-54,
S2,2015,55-59,
S2,2015,60-64,
S2,2015,65-69,
S2,2015,70-74,
S2,2015,75+,
S2,2015,0-8,
S2,2015,9-14,
S2,2015,0-17,213031306.97042665
S2,2015,18-29,133176377.62586442
S2,2015,30-65,241551454.9691131
S2,2015,66+,35049760.19487405
S2,2015,15-26,
S2,2015,27-45,
S2,2015,46-65,
S2,2016,00-04,
S2,2016,05-09,
S2,2016,10-14,
S2,2016,15-19,
S2,2016,20-24,
S2,2016,25-29,
S2,2016,30-34,
S2,2016,35-39,
S2,2016,40-44,
S2,2016,45-49,
S2,2016,50-54,
S2,2016,55-59,
S2,2016,60-64,
S2,2016,65-69,
S2,2016,70-74,
S2,2016,75+,
S2,2016,0-8,
S2,2016,9-14,
S2,2016,0-17,212567071.97127363
S2,2016,18-29,134447478.77496758
S2,2016,30-65,247359877.52461958
S2,2016,66+,36428859.045289755
S2,2016,15-26,
S2,2016,27-45,
S2,2016,46-65,
S2,2017,00-04,
S2,2017,05-09,
S2,2017,10-14,
S2,2017,15-19,
S2,2017,20-24,
S2,2017,25-29,
S2,2017,30-34,
S2,2017,35-39,
S2,2017,40-44,
S2,2017,45-49,
S2,2017,50-54,
S2,2017,55-59,
S2,2017,60-64,
S2,2017,65-69,
S2,2017,70-74,
S2,2017,75+,
S2,2017,0-8,
S2,2017,9-14,
S2,2017,0-17,211853311.53583926
S2,2017,18-29,135584015.74216366
S2,2017,30-65,253069737.7053811
S2,2017,66+,37842724.700650215
S2,2017,15-26,
S2,2017,27-45,
S2,2017,46-65,
S2,2018,00-04,
S2,2018,05-09,
S2,2018,10-14,
S2,2018,15-19,
S2,2018,20-24,
S2,2018,25-29,
S2,2018,30-34,
S2,2018,35-39,
S2,2018,40-44,
S2,2018,45-49,
S2,2018,50-54,
S2,2018,55-59,
S2,2018,60-64,
S2,2018,65-69,
S2,2018,70-74,
S2,2018,75+,
S2,2018,0-8,
S2,2018,9-14,
S2,2018,0-17,210984062.2957236
S2,2018,18-29,136740498.05742976
S2,2018,30-65,258813324.06856155
S2,2018,66+,39362420.61386025
S2,2018,15-26,
S2,2018,27-45,
S2,2018,46-65,
S2,2019,00-04,
S2,2019,05-09,
S2,2019,10-14,
S2,2019,15-19,
S2,2019,20-24,
S2,2019,25-29,
S2,2019,30-34,
S2,2019,35-39,
S2,2019,40-44,
S2,2019,45-49,
S2,2019,50-54,
S2,2019,55-59,
S2,2019,60-64,
S2,2019,65-69,
S2,2019,70-74,
S2,2019,75+,
S2,2019,0-8,
S2,2019,9-14,
S2,2019,0-17,210243801.77413356
S2,2019,18-29,137736730.2665882
S2,2019,30-65,264529382.45190072
S2,2019,66+,40956098.03521025
S2,2019,15-26,
S2,2019,27-45,
S2,2019,46-65,
S2,2020,00-04,
S2,2020,05-09,
S2,2020,10-14,
S2,2020,15-19,
S2,2020,20-24,
S2,2020,25-29,
S2,2020,30-34,
S2,2020,35-39,
S2,2020,40-44,
S2,2020,45-49,
S2,2020,50-54,
S2,2020,55-59,
S2,2020,60-64,
S2,2020,65-69,
S2,2020,70-74,
S2,2020,75+,
S2,2020,0-8,
S2,2020,9-14,
S2,2020,0-17,209429561.35170358
S2,2020,18-29,138661159.60708874
S2,2020,30-65,270270027.4007611
S2,2020,66+,42682364.63867426
S2,2020,15-26,
S2,2020,27-45,
S2,2020,46-65,
S2,2021,00-04,
S2,2021,05-09,
S2,2021,10-14,
S2,2021,15-19,
S2,2021,20-24,
S2,2021,25-29,
S2,2021,30-34,
S2,2021,35-39,
S2,2021,40-44,
S2,2021,45-49,
S2,2021,50-54,
S2,2021,55-59,
S2,2021,60-64,
S2,2021,65-69,
S2,2021,70-74,
S2,2021,75+,
S2,2021,0-8,
S2,2021,9-14,
S2,2021,0-17,208373756.1180037
S2,2021,18-29,139777658.7076675
S2,2021,30-65,275957162.0683887
S2,2021,66+,44274527.69407511
S2,2021,15-26,
S2,2021,27-45,
S2,2021,46-65,
S2,2022,00-04,
S2,2022,05-09,
S2,2022,10-14,
S2,2022,15-19,
S2,2022,20-24,
S2,2022,25-29,
S2,2022,30-34,
S2,2022,35-39,
S2,2022,40-44,
S2,2022,45-49,
S2,2022,50-54,
S2,2022,55-59,
S2,2022,60-64,
S2,2022,65-69,
S2,2022,70-74,
S2,2022,75+,
S2,2022,0-8,
S2,2022,9-14,
S2,2022,0-17,207566506.28015926
S2,2022,18-29,141026622.8021402
S2,2022,30-65,281504428.6136807
S2,2022,66+,45135946.48961556
S2,2022,15-26,
S2,2022,27-45,
S2,2022,46-65,
S2,2023,00-04,
S2,2023,05-09,
S2,2023,10-14,
S2,2023,15-19,
S2,2023,20-24,
S2,2023,25-29,
S2,2023,30-34,
S2,2023,35-39,
S2,2023,40-44,
S2,2023,45-49,
S2,2023,50-54,
S2,2023,55-59,
S2,2023,60-64,
S2,2023,65-69,
S2,2023,70-74,
S2,2023,75+,
S2,2023,0-8,
S2,2023,9-14,
S2,2023,0-17,206362026.06142238
S2,2023,18-29,141699939.11266223
S2,2023,30-65,287049178.81409866
S2,2023,66+,46983728.223430514
S2,2023,15-26,
S2,2023,27-45,
S2,2023,46-65,
S2,2024,00-04,
S2,2024,05-09,
S2,2024,10-14,
S2,2024,15-19,
S2,2024,20-24,
S2,2024,25-29,
S2,2024,30-34,
S2,2024,35-39,
S2,2024,40-44,
S2,2024,45-49,
S2,2024,50-54,
S2,2024,55-59,
S2,2024,60-64,
S2,2024,65-69,
S2,2024,70-74,
S2,2024,75+,
S2,2024,0-8,
S2,2024,9-14,
S2,2024,0-17,205239999.50843114
S2,2024,18-29,142336573.95705003
S2,2024,30-65,292557293.81986713
S2,2024,66+,48837554.94233036
S2,2024,15-26,
S2,2024,27-45,
S2,2024,46-65,
S2,2025,00-04,
S2,2025,05-09,
S2,2025,10-14,
S2,2025,15-19,
S2,2025,20-24,
S2,2025,25-29,
S2,2025,30-34,
S2,2025,35-39,
S2,2025,40-44,
S2,2025,45-49,
S2,2025,50-54,
S2,2025,55-59,
S2,2025,60-64,
S2,2025,65-69,
S2,2025,70-74,
S2,2025,75+,
S2,2025,0-8,
S2,2025,9-14,
S2,2025,0-17,204033886.04337707
S2,2025,18-29,142880554.78298488
S2,2025,30-65,298178416.3633426
S2,2025,66+,50765495.913314104
S2,2025,15-26,
S2,2025,27-45,
S2,2025,46-65,
S2,2026,00-04,
S2,2026,05-09,
S2,2026,10-14,
S2,2026,15-19,
S2,2026,20-24,
S2,2026,25-29,
S2,2026,30-34,
S2,2026,35-39,
S2,2026,40-44,
S2,2026,45-49,
S2,2026,50-54,
S2,2026,55-59,
S2,2026,60-64,
S2,2026,65-69,
S2,2026,70-74,
S2,2026,75+,
S2,2026,0-8,
S2,2026,9-14,
S2,2026,0-17,202920868.12862283
S2,2026,18-29,143158927.06126022
S2,2026,30-65,303666624.3194527
S2,2026,66+,52723784.104828715
S2,2026,15-26,
S2,2026,27-45,
S2,2026,46-65,
S2,2027,00-04,
S2,2027,05-09,
S2,2027,10-14,
S2,2027,15-19,
S2,2027,20-24,
S2,2027,25-29,
S2,2027,30-34,
S2,2027,35-39,
S2,2027,40-44,
S2,2027,45-49,
S2,2027,50-54,
S2,2027,55-59,
S2,2027,60-64,
S2,2027,65-69,
S2,2027,70-74,
S2,2027,75+,
S2,2027,0-8,
S2,2027,9-14,
S2,2027,0-17,201783243.41549742
S2,2027,18-29,143151190.9307351
S2,2027,30-65,308903440.33254755
S2,2027,66+,54679627.28877807
S2,2027,15-26,
S2,2027,27-45,
S2,2027,46-65,
S2,2028,00-04,
S2,2028,05-09,
S2,2028,10-14,
S2,2028,15-19,
S2,2028,20-24,
S2,2028,25-29,
S2,2028,30-34,
S2,2028,35-39,
S2,2028,40-44,
S2,2028,45-49,
S2,2028,50-54,
S2,2028,55-59,
S2,2028,60-64,
S2,2028,65-69,
S2,2028,70-74,
S2,2028,75+,
S2,2028,0-8,
S2,2028,9-14,
S2,2028,0-17,200723361.95799848
S2,2028,18-29,143026064.73355868
S2,2028,30-65,314142493.5075716
S2,2028,66+,56680906.41991162
S2,2028,15-26,
S2,2028,27-45,
S2,2028,46-65,
S2,2029,00-04,
S2,2029,05-09,
S2,2029,10-14,
S2,2029,15-19,
S2,2029,20-24,
S2,2029,25-29,
S2,2029,30-34,
S2,2029,35-39,
S2,2029,40-44,
S2,2029,45-49,
S2,2029,50-54,
S2,2029,55-59,
S2,2029,60-64,
S2,2029,65-69,
S2,2029,70-74,
S2,2029,75+,
S2,2029,0-8,
S2,2029,9-14,
S2,2029,0-17,199733720.3284227
S2,2029,18-29,142785577.7068673
S2,2029,30-65,319407971.5053321
S2,2029,66+,58717135.98228276
S2,2029,15-26,
S2,2029,27-45,
S2,2029,46-65,
S2,2030,00-04,
S2,2030,05-09,
S2,2030,10-14,
S2,2030,15-19,
S2,2030,20-24,
S2,2030,25-29,
S2,2030,30-34,
S2,2030,35-39,
S2,2030,40-44,
S2,2030,45-49,
S2,2030,50-54,
S2,2030,55-59,
S2,2030,60-64,
S2,2030,65-69,
S2,2030,70-74,
S2,2030,75+,
S2,2030,0-8,
S2,2030,9-14,
S2,2030,0-17,198858067.1087456
S2,2030,18-29,142379113.02104315
S2,2030,30-65,324693244.786618
S2,2030,66+,60801037.88540506
S2,2030,15-26,
S2,2030,27-45,
S2,2030,46-65,
S2,2031,00-04,
S2,2031,05-09,
S2,2031,10-14,
S2,2031,15-19,
S2,2031,20-24,
S2,2031,25-29,
S2,2031,30-34,
S2,2031,35-39,
S2,2031,40-44,
S2,2031,45-49,
S2,2031,50-54,
S2,2031,55-59,
S2,2031,60-64,
S2,2031,65-69,
S2,2031,70-74,
S2,2031,75+,
S2,2031,0-8,
S2,2031,9-14,
S2,2031,0-17,197904837.06713998
S2,2031,18-29,141742576.56155258
S2,2031,30-65,329991270.88374096
S2,2031,66+,62891792.72736359
S2,2031,15-26,
S2,2031,27-45,
S2,2031,46-65,
S2,2032,00-04,
S2,2032,05-09,
S2,2032,10-14,
S2,2032,15-19,
S2,2032,20-24,
S2,2032,25-29,
S2,2032,30-34,
S2,2032,35-39,
S2,2032,40-44,
S2,2032,45-49,
S2,2032,50-54,
S2,2032,55-59,
S2,2032,60-64,
S2,2032,65-69,
S2,2032,70-74,
S2,2032,75+,
S2,2032,0-8,
S2,2032,9-14,
S2,2032,0-17,196760918.11585748
S2,2032,18-29,140879426.33762413
S2,2032,30-65,335119216.2944308
S2,2032,66+,64985333.62741184
S2,2032,15-26,
S2,2032,27-45,
S2,2032,46-65,
S2,2033,00-04,
S2,2033,05-09,
S2,2033,10-14,
S2,2033,15-19,
S2,2033,20-24,
S2,2033,25-29,
S2,2033,30-34,
S2,2033,35-39,
S2,2033,40-44,
S2,2033,45-49,
S2,2033,50-54,
S2,2033,55-59,
S2,2033,60-64,
S2,2033,65-69,
S2,2033,70-74,
S2,2033,75+,
S2,2033,0-8,
S2,2033,9-14,
S2,2033,0-17,195755099.7335127
S2,2033,18-29,139908919.15746194
S2,2033,30-65,340147160.3847681
S2,2033,66+,67157327.1468525
S2,2033,15-26,
S2,2033,27-45,
S2,2033,46-65,
S2,2034,00-04,
S2,2034,05-09,
S2,2034,10-14,
S2,2034,15-19,
S2,2034,20-24,
S2,2034,25-29,
S2,2034,30-34,
S2,2034,35-39,
S2,2034,40-44,
S2,2034,45-49,
S2,2034,50-54,
S2,2034,55-59,
S2,2034,60-64,
S2,2034,65-69,
S2,2034,70-74,
S2,2034,75+,
S2,2034,0-8,
S2,2034,9-14,
S2,2034,0-17,194782984.94221306
S2,2034,18-29,139020133.05569297
S2,2034,30-65,344995371.08929926
S2,2034,66+,69411061.47382057
S2,2034,15-26,
S2,2034,27-45,
S2,2034,46-65,
S2,2035,00-04,
S2,2035,05-09,
S2,2035,10-14,
S2,2035,15-19,
S2,2035,20-24,
S2,2035,25-29,
S2,2035,30-34,
S2,2035,35-39,
S2,2035,40-44,
S2,2035,45-49,
S2,2035,50-54,
S2,2035,55-59,
S2,2035,60-64,
S2,2035,65-69,
S2,2035,70-74,
S2,2035,75+,
S2,2035,0-8,
S2,2035,9-14,
S2,2035,0-17,194138900.29672274
S2,2035,18-29,137878211.86951485
S2,2035,30-65,349731947.9737431
S2,2035,66+,71712209.87057316
S2,2035,15-26,
S2,2035,27-45,
S2,2035,46-65,
S2,2036,00-04,
S2,2036,05-09,
S2,2036,10-14,
S2,2036,15-19,
S2,2036,20-24,
S2,2036,25-29,
S2,2036,30-34,
S2,2036,35-39,
S2,2036,40-44,
S2,2036,45-49,
S2,2036,50-54,
S2,2036,55-59,
S2,2036,60-64,
S2,2036,65-69,
S2,2036,70-74,
S2,2036,75+,
S2,2036,0-8,
S2,2036,9-14,
S2,2036,0-17,193513284.00059196
S2,2036,18-29,136876846.89715835
S2,2036,30-65,354257259.83572274
S2,2036,66+,74082541.12090838
S2,2036,15-26,
S2,2036,27-45,
S2,2036,46-65,
S2,2037,00-04,
S2,2037,05-09,
S2,2037,10-14,
S2,2037,15-19,
S2,2037,20-24,
S2,2037,25-29,
S2,2037,30-34,
S2,2037,35-39,
S2,2037,40-44,
S2,2037,45-49,
S2,2037,50-54,
S2,2037,55-59,
S2,2037,60-64,
S2,2037,65-69,
S2,2037,70-74,
S2,2037,75+,
S2,2037,0-8,
S2,2037,9-14,
S2,2037,0-17,192821209.08569932
S2,2037,18-29,136069388.75769705
S2,2037,30-65,358587596.9645719
S2,2037,66+,76560823.04333997
S2,2037,15-26,
S2,2037,27-45,
S2,2037,46-65,
S2,2038,00-04,
S2,2038,05-09,
S2,2038,10-14,
S2,2038,15-19,
S2,2038,20-24,
S2,2038,25-29,
S2,2038,30-34,
S2,2038,35-39,
S2,2038,40-44,
S2,2038,45-49,
S2,2038,50-54,
S2,2038,55-59,
S2,2038,60-64,
S2,2038,65-69,
S2,2038,70-74,
S2,2038,75+,
S2,2038,0-8,
S2,2038,9-14,
S2,2038,0-17,192268647.89388672
S2,2038,18-29,135185285.75556806
S2,2038,30-65,362762209.80169946
S2,2038,66+,79127328.70069647
S2,2038,15-26,
S2,2038,27-45,
S2,2038,46-65,
S2,2039,00-04,
S2,2039,05-09,
S2,2039,10-14,
S2,2039,15-19,
S2,2039,20-24,
S2,2039,25-29,
S2,2039,30-34,
S2,2039,35-39,
S2,2039,40-44,
S2,2039,45-49,
S2,2039,50-54,
S2,2039,55-59,
S2,2039,60-64,
S2,2039,65-69,
S2,2039,70-74,
S2,2039,75+,
S2,2039,0-8,
S2,2039,9-14,
S2,2039,0-17,191546246.24858305
S2,2039,18-29,134397339.2693567
S2,2039,30-65,366823611.1667678
S2,2039,66+,81801508.23136878
S2,2039,15-26,
S2,2039,27-45,
S2,2039,46-65,
S2,2040,00-04,
S2,2040,05-09,
S2,2040,10-14,
S2,2040,15-19,
S2,2040,20-24,
S2,2040,25-29,
S2,2040,30-34,
S2,2040,35-39,
S2,2040,40-44,
S2,2040,45-49,
S2,2040,50-54,
S2,2040,55-59,
S2,2040,60-64,
S2,2040,65-69,
S2,2040,70-74,
S2,2040,75+,
S2,2040,0-8,
S2,2040,9-14,
S2,2040,0-17,190818617.69807032
S2,2040,18-29,133440283.38870731
S2,2040,30-65,370819346.45088047
S2,2040,66+,84549266.88388455
S2,2040,15-26,
S2,2040,27-45,
S2,2040,46-65,
S2,2041,00-04,
S2,2041,05-09,
S2,2041,10-14,
S2,2041,15-19,
S2,2041,20-24,
S2,2041,25-29,
S2,2041,30-34,
S2,2041,35-39,
S2,2041,40-44,
S2,2041,45-49,
S2,2041,50-54,
S2,2041,55-59,
S2,2041,60-64,
S2,2041,65-69,
S2,2041,70-74,
S2,2041,75+,
S2,2041,0-8,
S2,2041,9-14,
S2,2041,0-17,190168064.9128583
S2,2041,18-29,132369877.10185307
S2,2041,30-65,374584187.17111707
S2,2041,66+,87313450.47243094
S2,2041,15-26,
S2,2041,27-45,
S2,2041,46-65,
S2,2042,00-04,
S2,2042,05-09,
S2,2042,10-14,
S2,2042,15-19,
S2,2042,20-24,
S2,2042,25-29,
S2,2042,30-34,
S2,2042,35-39,
S2,2042,40-44,
S2,2042,45-49,
S2,2042,50-54,
S2,2042,55-59,
S2,2042,60-64,
S2,2042,65-69,
S2,2042,70-74,
S2,2042,75+,
S2,2042,0-8,
S2,2042,9-14,
S2,2042,0-17,189421730.09602827
S2,2042,18-29,131279342.19607294
S2,2042,30-65,378041683.81985015
S2,2042,66+,90169823.25285077
S2,2042,15-26,
S2,2042,27-45,
S2,2042,46-65,
S2,2043,00-04,
S2,2043,05-09,
S2,2043,10-14,
S2,2043,15-19,
S2,2043,20-24,
S2,2043,25-29,
S2,2043,30-34,
S2,2043,35-39,
S2,2043,40-44,
S2,2043,45-49,
S2,2043,50-54,
S2,2043,55-59,
S2,2043,60-64,
S2,2043,65-69,
S2,2043,70-74,
S2,2043,75+,
S2,2043,0-8,
S2,2043,9-14,
S2,2043,0-17,188511796.30941737
S2,2043,18-29,130233171.36234927
S2,2043,30-65,381246559.6830709
S2,2043,66+,93014234.14989829
S2,2043,15-26,
S2,2043,27-45,
S2,2043,46-65,
S2,2044,00-04,
S2,2044,05-09,
S2,2044,10-14,
S2,2044,15-19,
S2,2044,20-24,
S2,2044,25-29,
S2,2044,30-34,
S2,2044,35-39,
S2,2044,40-44,
S2,2044,45-49,
S2,2044,50-54,
S2,2044,55-59,
S2,2044,60-64,
S2,2044,65-69,
S2,2044,70-74,
S2,2044,75+,
S2,2044,0-8,
S2,2044,9-14,
S2,2044,0-17,187483264.49036768
S2,2044,18-29,129279933.11465117
S2,2044,30-65,384050109.57122517
S2,2044,66+,95890930.53242815
S2,2044,15-26,
S2,2044,27-45,
S2,2044,46-65,
S2,2045,00-04,
S2,2045,05-09,
S2,2045,10-14,
S2,2045,15-19,
S2,2045,20-24,
S2,2045,25-29,
S2,2045,30-34,
S2,2045,35-39,
S2,2045,40-44,
S2,2045,45-49,
S2,2045,50-54,
S2,2045,55-59,
S2,2045,60-64,
S2,2045,65-69,
S2,2045,70-74,
S2,2045,75+,
S2,2045,0-8,
S2,2045,9-14,
S2,2045,0-17,186330480.28948456
S2,2045,18-29,128704150.13878953
S2,2045,30-65,386186433.6478886
S2,2045,66+,98854509.54223764
S2,2045,15-26,
S2,2045,27-45,
S2,2045,46-65,
S2,2046,00-04,
S2,2046,05-09,
S2,2046,10-14,
S2,2046,15-19,
S2,2046,20-24,
S2,2046,25-29,
S2,2046,30-34,
S2,2046,35-39,
S2,2046,40-44,
S2,2046,45-49,
S2,2046,50-54,
S2,2046,55-59,
S2,2046,60-64,
S2,2046,65-69,
S2,2046,70-74,
S2,2046,75+,
S2,2046,0-8,
S2,2046,9-14,
S2,2046,0-17,185080286.35329342
S2,2046,18-29,128039064.51148945
S2,2046,30-65,388130287.28548104
S2,2046,66+,101943791.55627692
S2,2046,15-26,
S2,2046,27-45,
S2,2046,46-65,
S2,2047,00-04,
S2,2047,05-09,
S2,2047,10-14,
S2,2047,15-19,
S2,2047,20-24,
S2,2047,25-29,
S2,2047,30-34,
S2,2047,35-39,
S2,2047,40-44,
S2,2047,45-49,
S2,2047,50-54,
S2,2047,55-59,
S2,2047,60-64,
S2,2047,65-69,
S2,2047,70-74,
S2,2047,75+,
S2,2047,0-8,
S2,2047,9-14,
S2,2047,0-17,183773086.19034848
S2,2047,18-29,127281004.0655171
S2,2047,30-65,389943789.9457456
S2,2047,66+,105118520.7674886
S2,2047,15-26,
S2,2047,27-45,
S2,2047,46-65,
S2,2048,00-04,
S2,2048,05-09,
S2,2048,10-14,
S2,2048,15-19,
S2,2048,20-24,
S2,2048,25-29,
S2,2048,30-34,
S2,2048,35-39,
S2,2048,40-44,
S2,2048,45-49,
S2,2048,50-54,
S2,2048,55-59,
S2,2048,60-64,
S2,2048,65-69,
S2,2048,70-74,
S2,2048,75+,
S2,2048,0-8,
S2,2048,9-14,
S2,2048,0-17,182424134.29351032
S2,2048,18-29,126780518.50040501
S2,2048,30-65,391271098.84241265
S2,2048,66+,108363900.00156605
S2,2048,15-26,
S2,2048,27-45,
S2,2048,46-65,
S2,2049,00-04,
S2,2049,05-09,
S2,2049,10-14,
S2,2049,15-19,
S2,2049,20-24,
S2,2049,25-29,
S2,2049,30-34,
S2,2049,35-39,
S2,2049,40-44,
S2,2049,45-49,
S2,2049,50-54,
S2,2049,55-59,
S2,2049,60-64,
S2,2049,65-69,
S2,2049,70-74,
S2,2049,75+,
S2,2049,0-8,
S2,2049,9-14,
S2,2049,0-17,181046243.32909688
S2,2049,18-29,126130145.38678744
S2,2049,30-65,392493535.2775626
S2,2049,66+,111702182.39611125
S2,2049,15-26,
S2,2049,27-45,
S2,2049,46-65,
S2,2050,00-04,
S2,2050,05-09,
S2,2050,10-14,
S2,2050,15-19,
S2,2050,20-24,
S2,2050,25-29,
S2,2050,30-34,
S2,2050,35-39,
S2,2050,40-44,
S2,2050,45-49,
S2,2050,50-54,
S2,2050,55-59,
S2,2050,60-64,
S2,2050,65-69,
S2,2050,70-74,
S2,2050,75+,
S2,2050,0-8,
S2,2050,9-14,
S2,2050,0-17,179649154.74940836
S2,2050,18-29,125629877.34158516
S2,2050,30-65,393289732.783795
S2,2050,66+,115161213.34676778
S2,2050,15-26,
S2,2050,27-45,
S2,2050,46-65,
S2,2051,00-04,
S2,2051,05-09,
S2,2051,10-14,
S2,2051,15-19,
S2,2051,20-24,
S2,2051,25-29,
S2,2051,30-34,
S2,2051,35-39,
S2,2051,40-44,
S2,2051,45-49,
S2,2051,50-54,
S2,2051,55-59,
S2,2051,60-64,
S2,2051,65-69,
S2,2051,70-74,
S2,2051,75+,
S2,2051,0-8,
S2,2051,9-14,
S2,2051,0-17,178237549.6726073
S2,2051,18-29,125348492.25650692
S2,2051,30-65,393646340.3772116
S2,2051,66+,118691984.70840287
S2,2051,15-26,
S2,2051,27-45,
S2,2051,46-65,
S2,2052,00-04,
S2,2052,05-09,
S2,2052,10-14,
S2,2052,15-19,
S2,2052,20-24,
S2,2052,25-29,
S2,2052,30-34,
S2,2052,35-39,
S2,2052,40-44,
S2,2052,45-49,
S2,2052,50-54,
S2,2052,55-59,
S2,2052,60-64,
S2,2052,65-69,
S2,2052,70-74,
S2,2052,75+,
S2,2052,0-8,
S2,2052,9-14,
S2,2052,0-17,176831352.524363
S2,2052,18-29,125054034.87015209
S2,2052,30-65,393713965.24596745
S2,2052,66+,122347904.75863397
S2,2052,15-26,
S2,2052,27-45,
S2,2052,46-65,
S2,2053,00-04,
S2,2053,05-09,
S2,2053,10-14,
S2,2053,15-19,
S2,2053,20-24,
S2,2053,25-29,
S2,2053,30-34,
S2,2053,35-39,
S2,2053,40-44,
S2,2053,45-49,
S2,2053,50-54,
S2,2053,55-59,
S2,2053,60-64,
S2,2053,65-69,
S2,2053,70-74,
S2,2053,75+,
S2,2053,0-8,
S2,2053,9-14,
S2,2053,0-17,175439068.00192237
S2,2053,18-29,124677702.1348527
S2,2053,30-65,393698466.20206803
S2,2053,66+,125983853.82179213
S2,2053,15-26,
S2,2053,27-45,
S2,2053,46-65,
S2,2054,00-04,
S2,2054,05-09,
S2,2054,10-14,
S2,2054,15-19,
S2,2054,20-24,
S2,2054,25-29,
S2,2054,30-34,
S2,2054,35-39,
S2,2054,40-44,
S2,2054,45-49,
S2,2054,50-54,
S2,2054,55-59,
S2,2054,60-64,
S2,2054,65-69,
S2,2054,70-74,
S2,2054,75+,
S2,2054,0-8,
S2,2054,9-14,
S2,2054,0-17,174071445.20394275
S2,2054,18-29,124230614.29955557
S2,2054,30-65,393529900.55478656
S2,2054,66+,129658671.31318069
S2,2054,15-26,
S2,2054,27-45,
S2,2054,46-65,
S2,2055,00-04,
S2,2055,05-09,
S2,2055,10-14,
S2,2055,15-19,
S2,2055,20-24,
S2,2055,25-29,
S2,2055,30-34,
S2,2055,35-39,
S2,2055,40-44,
S2,2055,45-49,
S2,2055,50-54,
S2,2055,55-59,
S2,2055,60-64,
S2,2055,65-69,
S2,2055,70-74,
S2,2055,75+,
S2,2055,0-8,
S2,2055,9-14,
S2,2055,0-17,172709822.37156874
S2,2055,18-29,123697360.52698296
S2,2055,30-65,393222863.8532926
S2,2055,66+,133357050.82308137
S2,2055,15-26,
S2,2055,27-45,
S2,2055,46-65,
S2,2056,00-04,
S2,2056,05-09,
S2,2056,10-14,
S2,2056,15-19,
S2,2056,20-24,
S2,2056,25-29,
S2,2056,30-34,
S2,2056,35-39,
S2,2056,40-44,
S2,2056,45-49,
S2,2056,50-54,
S2,2056,55-59,
S2,2056,60-64,
S2,2056,65-69,
S2,2056,70-74,
S2,2056,75+,
S2,2056,0-8,
S2,2056,9-14,
S2,2056,0-17,171375265.31507614
S2,2056,18-29,123118960.37462303
S2,2056,30-65,392815138.24969566
S2,2056,66+,137024463.37756073
S2,2056,15-26,
S2,2056,27-45,
S2,2056,46-65,
S2,2057,00-04,
S2,2057,05-09,
S2,2057,10-14,
S2,2057,15-19,
S2,2057,20-24,
S2,2057,25-29,
S2,2057,30-34,
S2,2057,35-39,
S2,2057,40-44,
S2,2057,45-49,
S2,2057,50-54,
S2,2057,55-59,
S2,2057,60-64,
S2,2057,65-69,
S2,2057,70-74,
S2,2057,75+,
S2,2057,0-8,
S2,2057,9-14,
S2,2057,0-17,170087281.21877939
S2,2057,18-29,122462340.70317459
S2,2057,30-65,392266366.1706634
S2,2057,66+,140699837.85955513
S2,2057,15-26,
S2,2057,27-45,
S2,2057,46-65,
S2,2058,00-04,
S2,2058,05-09,
S2,2058,10-14,
S2,2058,15-19,
S2,2058,20-24,
S2,2058,25-29,
S2,2058,30-34,
S2,2058,35-39,
S2,2058,40-44,
S2,2058,45-49,
S2,2058,50-54,
S2,2058,55-59,
S2,2058,60-64,
S2,2058,65-69,
S2,2058,70-74,
S2,2058,75+,
S2,2058,0-8,
S2,2058,9-14,
S2,2058,0-17,168849267.71919516
S2,2058,18-29,121744108.34471747
S2,2058,30-65,391618818.2034527
S2,2058,66+,144337727.32989812
S2,2058,15-26,
S2,2058,27-45,
S2,2058,46-65,
S2,2059,00-04,
S2,2059,05-09,
S2,2059,10-14,
S2,2059,15-19,
S2,2059,20-24,
S2,2059,25-29,
S2,2059,30-34,
S2,2059,35-39,
S2,2059,40-44,
S2,2059,45-49,
S2,2059,50-54,
S2,2059,55-59,
S2,2059,60-64,
S2,2059,65-69,
S2,2059,70-74,
S2,2059,75+,
S2,2059,0-8,
S2,2059,9-14,
S2,2059,0-17,167652770.88316697
S2,2059,18-29,120965764.05742484
S2,2059,30-65,390871149.00219715
S2,2059,66+,147925774.7842604
S2,2059,15-26,
S2,2059,27-45,
S2,2059,46-65,
S2,2060,00-04,
S2,2060,05-09,
S2,2060,10-14,
S2,2060,15-19,
S2,2060,20-24,
S2,2060,25-29,
S2,2060,30-34,
S2,2060,35-39,
S2,2060,40-44,
S2,2060,45-49,
S2,2060,50-54,
S2,2060,55-59,
S2,2060,60-64,
S2,2060,65-69,
S2,2060,70-74,
S2,2060,75+,
S2,2060,0-8,
S2,2060,9-14,
S2,2060,0-17,166493636.98506156
S2,2060,18-29,120129412.06006089
S2,2060,30-65,389999616.67287976
S2,2060,66+,151494127.97511947
S2,2060,15-26,
S2,2060,27-45,
S2,2060,46-65,
S2,2061,00-04,
S2,2061,05-09,
S2,2061,10-14,
S2,2061,15-19,
S2,2061,20-24,
S2,2061,25-29,
S2,2061,30-34,
S2,2061,35-39,
S2,2061,40-44,
S2,2061,45-49,
S2,2061,50-54,
S2,2061,55-59,
S2,2061,60-64,
S2,2061,65-69,
S2,2061,70-74,
S2,2061,75+,
S2,2061,0-8,
S2,2061,9-14,
S2,2061,0-17,165365397.3782996
S2,2061,18-29,119236932.98106956
S2,2061,30-65,389034551.3254949
S2,2061,66+,155012720.15598977
S2,2061,15-26,
S2,2061,27-45,
S2,2061,46-65,
S2,2062,00-04,
S2,2062,05-09,
S2,2062,10-14,
S2,2062,15-19,
S2,2062,20-24,
S2,2062,25-29,
S2,2062,30-34,
S2,2062,35-39,
S2,2062,40-44,
S2,2062,45-49,
S2,2062,50-54,
S2,2062,55-59,
S2,2062,60-64,
S2,2062,65-69,
S2,2062,70-74,
S2,2062,75+,
S2,2062,0-8,
S2,2062,9-14,
S2,2062,0-17,164261062.6158608
S2,2062,18-29,118299111.12605765
S2,2062,30-65,387945860.20115566
S2,2062,66+,158484042.82559133
S2,2062,15-26,
S2,2062,27-45,
S2,2062,46-65,
S2,2063,00-04,
S2,2063,05-09,
S2,2063,10-14,
S2,2063,15-19,
S2,2063,20-24,
S2,2063,25-29,
S2,2063,30-34,
S2,2063,35-39,
S2,2063,40-44,
S2,2063,45-49,
S2,2063,50-54,
S2,2063,55-59,
S2,2063,60-64,
S2,2063,65-69,
S2,2063,70-74,
S2,2063,75+,
S2,2063,0-8,
S2,2063,9-14,
S2,2063,0-17,163202960.15957993
S2,2063,18-29,117335606.4813062
S2,2063,30-65,386718466.76742786
S2,2063,66+,161910433.4424572
S2,2063,15-26,
S2,2063,27-45,
S2,2063,46-65,
S2,2064,00-04,
S2,2064,05-09,
S2,2064,10-14,
S2,2064,15-19,
S2,2064,20-24,
S2,2064,25-29,
S2,2064,30-34,
S2,2064,35-39,
S2,2064,40-44,
S2,2064,45-49,
S2,2064,50-54,
S2,2064,55-59,
S2,2064,60-64,
S2,2064,65-69,
S2,2064,70-74,
S2,2064,75+,
S2,2064,0-8,
S2,2064,9-14,
S2,2064,0-17,162169134.4380946
S2,2064,18-29,116352691.75230524
S2,2064,30-65,385355283.353926
S2,2064,66+,165302624.03179932
S2,2064,15-26,
S2,2064,27-45,
S2,2064,46-65,
S2,2065,00-04,
S2,2065,05-09,
S2,2065,10-14,
S2,2065,15-19,
S2,2065,20-24,
S2,2065,25-29,
S2,2065,30-34,
S2,2065,35-39,
S2,2065,40-44,
S2,2065,45-49,
S2,2065,50-54,
S2,2065,55-59,
S2,2065,60-64,
S2,2065,65-69,
S2,2065,70-74,
S2,2065,75+,
S2,2065,0-8,
S2,2065,9-14,
S2,2065,0-17,161152578.64692026
S2,2065,18-29,115355886.68590176
S2,2065,30-65,383842418.18357986
S2,2065,66+,168667729.4353007
S2,2065,15-26,
S2,2065,27-45,
S2,2065,46-65,
S2,2066,00-04,
S2,2066,05-09,
S2,2066,10-14,
S2,2066,15-19,
S2,2066,20-24,
S2,2066,25-29,
S2,2066,30-34,
S2,2066,35-39,
S2,2066,40-44,
S2,2066,45-49,
S2,2066,50-54,
S2,2066,55-59,
S2,2066,60-64,
S2,2066,65-69,
S2,2066,70-74,
S2,2066,75+,
S2,2066,0-8,
S2,2066,9-14,
S2,2066,0-17,160151600.24448085
S2,2066,18-29,114343684.41411245
S2,2066,30-65,382092966.90512955
S2,2066,66+,172079656.26479816
S2,2066,15-26,
S2,2066,27-45,
S2,2066,46-65,
S2,2067,00-04,
S2,2067,05-09,
S2,2067,10-14,
S2,2067,15-19,
S2,2067,20-24,
S2,2067,25-29,
S2,2067,30-34,
S2,2067,35-39,
S2,2067,40-44,
S2,2067,45-49,
S2,2067,50-54,
S2,2067,55-59,
S2,2067,60-64,
S2,2067,65-69,
S2,2067,70-74,
S2,2067,75+,
S2,2067,0-8,
S2,2067,9-14,
S2,2067,0-17,159165630.05999824
S2,2067,18-29,113346116.65468839
S2,2067,30-65,380135363.3181671
S2,2067,66+,175520448.33035874
S2,2067,15-26,
S2,2067,27-45,
S2,2067,46-65,
S2,2068,00-04,
S2,2068,05-09,
S2,2068,10-14,
S2,2068,15-19,
S2,2068,20-24,
S2,2068,25-29,
S2,2068,30-34,
S2,2068,35-39,
S2,2068,40-44,
S2,2068,45-49,
S2,2068,50-54,
S2,2068,55-59,
S2,2068,60-64,
S2,2068,65-69,
S2,2068,70-74,
S2,2068,75+,
S2,2068,0-8,
S2,2068,9-14,
S2,2068,0-17,158184979.0686458
S2,2068,18-29,112356894.97665915
S2,2068,30-65,378093319.8484189
S2,2068,66+,178840133.4660076
S2,2068,15-26,
S2,2068,27-45,
S2,2068,46-65,
S2,2069,00-04,
S2,2069,05-09,
S2,2069,10-14,
S2,2069,15-19,
S2,2069,20-24,
S2,2069,25-29,
S2,2069,30-34,
S2,2069,35-39,
S2,2069,40-44,
S2,2069,45-49,
S2,2069,50-54,
S2,2069,55-59,
S2,2069,60-64,
S2,2069,65-69,
S2,2069,70-74,
S2,2069,75+,
S2,2069,0-8,
S2,2069,9-14,
S2,2069,0-17,157196166.0993451
S2,2069,18-29,111396976.00982594
S2,2069,30-65,376032268.6807076
S2,2069,66+,181968616.14329004
S2,2069,15-26,
S2,2069,27-45,
S2,2069,46-65,
S2,2070,00-04,
S2,2070,05-09,
S2,2070,10-14,
S2,2070,15-19,
S2,2070,20-24,
S2,2070,25-29,
S2,2070,30-34,
S2,2070,35-39,
S2,2070,40-44,
S2,2070,45-49,
S2,2070,50-54,
S2,2070,55-59,
S2,2070,60-64,
S2,2070,65-69,
S2,2070,70-74,
S2,2070,75+,
S2,2070,0-8,
S2,2070,9-14,
S2,2070,0-17,156193751.07689667
S2,2070,18-29,110467067.3635923
S2,2070,30-65,373937137.36610377
S2,2070,66+,184934493.22252536
S2,2070,15-26,
S2,2070,27-45,
S2,2070,46-65,
S2,2071,00-04,
S2,2071,05-09,
S2,2071,10-14,
S2,2071,15-19,
S2,2071,20-24,
S2,2071,25-29,
S2,2071,30-34,
S2,2071,35-39,
S2,2071,40-44,
S2,2071,45-49,
S2,2071,50-54,
S2,2071,55-59,
S2,2071,60-64,
S2,2071,65-69,
S2,2071,70-74,
S2,2071,75+,
S2,2071,0-8,
S2,2071,9-14,
S2,2071,0-17,155177816.44525942
S2,2071,18-29,109558371.72358906
S2,2071,30-65,371868412.11059475
S2,2071,66+,187687663.40196693
S2,2071,15-26,
S2,2071,27-45,
S2,2071,46-65,
S2,2072,00-04,
S2,2072,05-09,
S2,2072,10-14,
S2,2072,15-19,
S2,2072,20-24,
S2,2072,25-29,
S2,2072,30-34,
S2,2072,35-39,
S2,2072,40-44,
S2,2072,45-49,
S2,2072,50-54,
S2,2072,55-59,
S2,2072,60-64,
S2,2072,65-69,
S2,2072,70-74,
S2,2072,75+,
S2,2072,0-8,
S2,2072,9-14,
S2,2072,0-17,154146488.09736276
S2,2072,18-29,108699575.1909261
S2,2072,30-65,369791629.16199404
S2,2072,66+,190254209.23422778
S2,2072,15-26,
S2,2072,27-45,
S2,2072,46-65,
S2,2073,00-04,
S2,2073,05-09,
S2,2073,10-14,
S2,2073,15-19,
S2,2073,20-24,
S2,2073,25-29,
S2,2073,30-34,
S2,2073,35-39,
S2,2073,40-44,
S2,2073,45-49,
S2,2073,50-54,
S2,2073,55-59,
S2,2073,60-64,
S2,2073,65-69,
S2,2073,70-74,
S2,2073,75+,
S2,2073,0-8,
S2,2073,9-14,
S2,2073,0-17,153094445.51427707
S2,2073,18-29,107881814.01492491
S2,2073,30-65,367699717.72334015
S2,2073,66+,192634741.15653062
S2,2073,15-26,
S2,2073,27-45,
S2,2073,46-65,
S2,2074,00-04,
S2,2074,05-09,
S2,2074,10-14,
S2,2074,15-19,
S2,2074,20-24,
S2,2074,25-29,
S2,2074,30-34,
S2,2074,35-39,
S2,2074,40-44,
S2,2074,45-49,
S2,2074,50-54,
S2,2074,55-59,
S2,2074,60-64,
S2,2074,65-69,
S2,2074,70-74,
S2,2074,75+,
S2,2074,0-8,
S2,2074,9-14,
S2,2074,0-17,152029237.16024595
S2,2074,18-29,107102623.91576603
S2,2074,30-65,365533198.8014823
S2,2074,66+,194919719.1802944
S2,2074,15-26,
S2,2074,27-45,
S2,2074,46-65,
S2,2075,00-04,
S2,2075,05-09,
S2,2075,10-14,
S2,2075,15-19,
S2,2075,20-24,
S2,2075,25-29,
S2,2075,30-34,
S2,2075,35-39,
S2,2075,40-44,
S2,2075,45-49,
S2,2075,50-54,
S2,2075,55-59,
S2,2075,60-64,
S2,2075,65-69,
S2,2075,70-74,
S2,2075,75+,
S2,2075,0-8,
S2,2075,9-14,
S2,2075,0-17,150959914.9792141
S2,2075,18-29,106344205.25454733
S2,2075,30-65,363222232.8475374
S2,2075,66+,197170945.02547026
S2,2075,15-26,
S2,2075,27-45,
S2,2075,46-65,
S2,2076,00-04,
S2,2076,05-09,
S2,2076,10-14,
S2,2076,15-19,
S2,2076,20-24,
S2,2076,25-29,
S2,2076,30-34,
S2,2076,35-39,
S2,2076,40-44,
S2,2076,45-49,
S2,2076,50-54,
S2,2076,55-59,
S2,2076,60-64,
S2,2076,65-69,
S2,2076,70-74,
S2,2076,75+,
S2,2076,0-8,
S2,2076,9-14,
S2,2076,0-17,149865569.73765177
S2,2076,18-29,105628786.3923454
S2,2076,30-65,360934118.9800567
S2,2076,66+,199217962.0220052
S2,2076,15-26,
S2,2076,27-45,
S2,2076,46-65,
S2,2077,00-04,
S2,2077,05-09,
S2,2077,10-14,
S2,2077,15-19,
S2,2077,20-24,
S2,2077,25-29,
S2,2077,30-34,
S2,2077,35-39,
S2,2077,40-44,
S2,2077,45-49,
S2,2077,50-54,
S2,2077,55-59,
S2,2077,60-64,
S2,2077,65-69,
S2,2077,70-74,
S2,2077,75+,
S2,2077,0-8,
S2,2077,9-14,
S2,2077,0-17,148759174.23028773
S2,2077,18-29,104948730.98866749
S2,2077,30-65,358635684.5371335
S2,2077,66+,201118160.82559907
S2,2077,15-26,
S2,2077,27-45,
S2,2077,46-65,
S2,2078,00-04,
S2,2078,05-09,
S2,2078,10-14,
S2,2078,15-19,
S2,2078,20-24,
S2,2078,25-29,
S2,2078,30-34,
S2,2078,35-39,
S2,2078,40-44,
S2,2078,45-49,
S2,2078,50-54,
S2,2078,55-59,
S2,2078,60-64,
S2,2078,65-69,
S2,2078,70-74,
S2,2078,75+,
S2,2078,0-8,
S2,2078,9-14,
S2,2078,0-17,147639514.32228413
S2,2078,18-29,104308553.48634678
S2,2078,30-65,356298480.4118205
S2,2078,66+,202892172.42719793
S2,2078,15-26,
S2,2078,27-45,
S2,2078,46-65,
S2,2079,00-04,
S2,2079,05-09,
S2,2079,10-14,
S2,2079,15-19,
S2,2079,20-24,
S2,2079,25-29,
S2,2079,30-34,
S2,2079,35-39,
S2,2079,40-44,
S2,2079,45-49,
S2,2079,50-54,
S2,2079,55-59,
S2,2079,60-64,
S2,2079,65-69,
S2,2079,70-74,
S2,2079,75+,
S2,2079,0-8,
S2,2079,9-14,
S2,2079,0-17,146511553.8842682
S2,2079,18-29,103687752.2435908
S2,2079,30-65,354022972.7451844
S2,2079,66+,204461195.87639737
S2,2079,15-26,
S2,2079,27-45,
S2,2079,46-65,
S2,2080,00-04,
S2,2080,05-09,
S2,2080,10-14,
S2,2080,15-19,
S2,2080,20-24,
S2,2080,25-29,
S2,2080,30-34,
S2,2080,35-39,
S2,2080,40-44,
S2,2080,45-49,
S2,2080,50-54,
S2,2080,55-59,
S2,2080,60-64,
S2,2080,65-69,
S2,2080,70-74,
S2,2080,75+,
S2,2080,0-8,
S2,2080,9-14,
S2,2080,0-17,145372589.890612
S2,2080,18-29,103074169.76434681
S2,2080,30-65,351988289.56044906
S2,2080,66+,205665438.88686264
S2,2080,15-26,
S2,2080,27-45,
S2,2080,46-65,
S2,2081,00-04,
S2,2081,05-09,
S2,2081,10-14,
S2,2081,15-19,
S2,2081,20-24,
S2,2081,25-29,
S2,2081,30-34,
S2,2081,35-39,
S2,2081,40-44,
S2,2081,45-49,
S2,2081,50-54,
S2,2081,55-59,
S2,2081,60-64,
S2,2081,65-69,
S2,2081,70-74,
S2,2081,75+,
S2,2081,0-8,
S2,2081,9-14,
S2,2081,0-17,144236304.23847842
S2,2081,18-29,102463231.4438375
S2,2081,30-65,349827620.1699476
S2,2081,66+,206867958.66932583
S2,2081,15-26,
S2,2081,27-45,
S2,2081,46-65,
S2,2082,00-04,
S2,2082,05-09,
S2,2082,10-14,
S2,2082,15-19,
S2,2082,20-24,
S2,2082,25-29,
S2,2082,30-34,
S2,2082,35-39,
S2,2082,40-44,
S2,2082,45-49,
S2,2082,50-54,
S2,2082,55-59,
S2,2082,60-64,
S2,2082,65-69,
S2,2082,70-74,
S2,2082,75+,
S2,2082,0-8,
S2,2082,9-14,
S2,2082,0-17,143100298.8357074
S2,2082,18-29,101846316.16709042
S2,2082,30-65,347562598.0882186
S2,2082,66+,208071929.0960431
S2,2082,15-26,
S2,2082,27-45,
S2,2082,46-65,
S2,2083,00-04,
S2,2083,05-09,
S2,2083,10-14,
S2,2083,15-19,
S2,2083,20-24,
S2,2083,25-29,
S2,2083,30-34,
S2,2083,35-39,
S2,2083,40-44,
S2,2083,45-49,
S2,2083,50-54,
S2,2083,55-59,
S2,2083,60-64,
S2,2083,65-69,
S2,2083,70-74,
S2,2083,75+,
S2,2083,0-8,
S2,2083,9-14,
S2,2083,0-17,141975117.7054307
S2,2083,18-29,101238543.93510032
S2,2083,30-65,345496614.54592925
S2,2083,66+,208964917.98916578
S2,2083,15-26,
S2,2083,27-45,
S2,2083,46-65,
S2,2084,00-04,
S2,2084,05-09,
S2,2084,10-14,
S2,2084,15-19,
S2,2084,20-24,
S2,2084,25-29,
S2,2084,30-34,
S2,2084,35-39,
S2,2084,40-44,
S2,2084,45-49,
S2,2084,50-54,
S2,2084,55-59,
S2,2084,60-64,
S2,2084,65-69,
S2,2084,70-74,
S2,2084,75+,
S2,2084,0-8,
S2,2084,9-14,
S2,2084,0-17,140859770.7400632
S2,2084,18-29,100615584.04441857
S2,2084,30-65,343314523.5148597
S2,2084,66+,209871459.51051545
S2,2084,15-26,
S2,2084,27-45,
S2,2084,46-65,
S2,2085,00-04,
S2,2085,05-09,
S2,2085,10-14,
S2,2085,15-19,
S2,2085,20-24,
S2,2085,25-29,
S2,2085,30-34,
S2,2085,35-39,
S2,2085,40-44,
S2,2085,45-49,
S2,2085,50-54,
S2,2085,55-59,
S2,2085,60-64,
S2,2085,65-69,
S2,2085,70-74,
S2,2085,75+,
S2,2085,0-8,
S2,2085,9-14,
S2,2085,0-17,139758851.44986767
S2,2085,18-29,99996952.06725386
S2,2085,30-65,341291595.13689893
S2,2085,66+,210518557.20622647
S2,2085,15-26,
S2,2085,27-45,
S2,2085,46-65,
S2,2086,00-04,
S2,2086,05-09,
S2,2086,10-14,
S2,2086,15-19,
S2,2086,20-24,
S2,2086,25-29,
S2,2086,30-34,
S2,2086,35-39,
S2,2086,40-44,
S2,2086,45-49,
S2,2086,50-54,
S2,2086,55-59,
S2,2086,60-64,
S2,2086,65-69,
S2,2086,70-74,
S2,2086,75+,
S2,2086,0-8,
S2,2086,9-14,
S2,2086,0-17,138670338.89135867
S2,2086,18-29,99356287.92858464
S2,2086,30-65,339421341.8794564
S2,2086,66+,210921083.7952963
S2,2086,15-26,
S2,2086,27-45,
S2,2086,46-65,
S2,2087,00-04,
S2,2087,05-09,
S2,2087,10-14,
S2,2087,15-19,
S2,2087,20-24,
S2,2087,25-29,
S2,2087,30-34,
S2,2087,35-39,
S2,2087,40-44,
S2,2087,45-49,
S2,2087,50-54,
S2,2087,55-59,
S2,2087,60-64,
S2,2087,65-69,
S2,2087,70-74,
S2,2087,75+,
S2,2087,0-8,
S2,2087,9-14,
S2,2087,0-17,137600181.11792922
S2,2087,18-29,98691290.05861595
S2,2087,30-65,337545275.69118834
S2,2087,66+,211263362.98479986
S2,2087,15-26,
S2,2087,27-45,
S2,2087,46-65,
S2,2088,00-04,
S2,2088,05-09,
S2,2088,10-14,
S2,2088,15-19,
S2,2088,20-24,
S2,2088,25-29,
S2,2088,30-34,
S2,2088,35-39,
S2,2088,40-44,
S2,2088,45-49,
S2,2088,50-54,
S2,2088,55-59,
S2,2088,60-64,
S2,2088,65-69,
S2,2088,70-74,
S2,2088,75+,
S2,2088,0-8,
S2,2088,9-14,
S2,2088,0-17,136567095.95317328
S2,2088,18-29,98006077.32638165
S2,2088,30-65,335668414.9645237
S2,2088,66+,211545043.74030232
S2,2088,15-26,
S2,2088,27-45,
S2,2088,46-65,
S2,2089,00-04,
S2,2089,05-09,
S2,2089,10-14,
S2,2089,15-19,
S2,2089,20-24,
S2,2089,25-29,
S2,2089,30-34,
S2,2089,35-39,
S2,2089,40-44,
S2,2089,45-49,
S2,2089,50-54,
S2,2089,55-59,
S2,2089,60-64,
S2,2089,65-69,
S2,2089,70-74,
S2,2089,75+,
S2,2089,0-8,
S2,2089,9-14,
S2,2089,0-17,135556076.7136079
S2,2089,18-29,97302178.26902688
S2,2089,30-65,333715715.92519224
S2,2089,66+,211820523.22827983
S2,2089,15-26,
S2,2089,27-45,
S2,2089,46-65,
S2,2090,00-04,
S2,2090,05-09,
S2,2090,10-14,
S2,2090,15-19,
S2,2090,20-24,
S2,2090,25-29,
S2,2090,30-34,
S2,2090,35-39,
S2,2090,40-44,
S2,2090,45-49,
S2,2090,50-54,
S2,2090,55-59,
S2,2090,60-64,
S2,2090,65-69,
S2,2090,70-74,
S2,2090,75+,
S2,2090,0-8,
S2,2090,9-14,
S2,2090,0-17,134574134.7915397
S2,2090,18-29,96578306.77107489
S2,2090,30-65,331726257.9454455
S2,2090,66+,212063611.8327235
S2,2090,15-26,
S2,2090,27-45,
S2,2090,46-65,
S2,2091,00-04,
S2,2091,05-09,
S2,2091,10-14,
S2,2091,15-19,
S2,2091,20-24,
S2,2091,25-29,
S2,2091,30-34,
S2,2091,35-39,
S2,2091,40-44,
S2,2091,45-49,
S2,2091,50-54,
S2,2091,55-59,
S2,2091,60-64,
S2,2091,65-69,
S2,2091,70-74,
S2,2091,75+,
S2,2091,0-8,
S2,2091,9-14,
S2,2091,0-17,133607763.89578134
S2,2091,18-29,95835084.12994635
S2,2091,30-65,329742387.25794417
S2,2091,66+,212241242.78500044
S2,2091,15-26,
S2,2091,27-45,
S2,2091,46-65,
S2,2092,00-04,
S2,2092,05-09,
S2,2092,10-14,
S2,2092,15-19,
S2,2092,20-24,
S2,2092,25-29,
S2,2092,30-34,
S2,2092,35-39,
S2,2092,40-44,
S2,2092,45-49,
S2,2092,50-54,
S2,2092,55-59,
S2,2092,60-64,
S2,2092,65-69,
S2,2092,70-74,
S2,2092,75+,
S2,2092,0-8,
S2,2092,9-14,
S2,2092,0-17,132659058.86421272
S2,2092,18-29,95097197.88898149
S2,2092,30-65,327714240.35419965
S2,2092,66+,212401661.63079262
S2,2092,15-26,
S2,2092,27-45,
S2,2092,46-65,
S2,2093,00-04,
S2,2093,05-09,
S2,2093,10-14,
S2,2093,15-19,
S2,2093,20-24,
S2,2093,25-29,
S2,2093,30-34,
S2,2093,35-39,
S2,2093,40-44,
S2,2093,45-49,
S2,2093,50-54,
S2,2093,55-59,
S2,2093,60-64,
S2,2093,65-69,
S2,2093,70-74,
S2,2093,75+,
S2,2093,0-8,
S2,2093,9-14,
S2,2093,0-17,131735713.99546097
S2,2093,18-29,94344107.15611799
S2,2093,30-65,325659668.55107933
S2,2093,66+,212557175.14206588
S2,2093,15-26,
S2,2093,27-45,
S2,2093,46-65,
S2,2094,00-04,
S2,2094,05-09,
S2,2094,10-14,
S2,2094,15-19,
S2,2094,20-24,
S2,2094,25-29,
S2,2094,30-34,
S2,2094,35-39,
S2,2094,40-44,
S2,2094,45-49,
S2,2094,50-54,
S2,2094,55-59,
S2,2094,60-64,
S2,2094,65-69,
S2,2094,70-74,
S2,2094,75+,
S2,2094,0-8,
S2,2094,9-14,
S2,2094,0-17,130815557.67208087
S2,2094,18-29,93580490.74930471
S2,2094,30-65,323569944.14433247
S2,2094,66+,212695393.94792426
S2,2094,15-26,
S2,2094,27-45,
S2,2094,46-65,
S2,2095,00-04,
S2,2095,05-09,
S2,2095,10-14,
S2,2095,15-19,
S2,2095,20-24,
S2,2095,25-29,
S2,2095,30-34,
S2,2095,35-39,
S2,2095,40-44,
S2,2095,45-49,
S2,2095,50-54,
S2,2095,55-59,
S2,2095,60-64,
S2,2095,65-69,
S2,2095,70-74,
S2,2095,75+,
S2,2095,0-8,
S2,2095,9-14,
S2,2095,0-17,129910147.58142434
S2,2095,18-29,92808863.1306807
S2,2095,30-65,321448635.7361599
S2,2095,66+,212828772.57416618
S2,2095,15-26,
S2,2095,27-45,
S2,2095,46-65,
S2,2096,00-04,
S2,2096,05-09,
S2,2096,10-14,
S2,2096,15-19,
S2,2096,20-24,
S2,2096,25-29,
S2,2096,30-34,
S2,2096,35-39,
S2,2096,40-44,
S2,2096,45-49,
S2,2096,50-54,
S2,2096,55-59,
S2,2096,60-64,
S2,2096,65-69,
S2,2096,70-74,
S2,2096,75+,
S2,2096,0-8,
S2,2096,9-14,
S2,2096,0-17,129015150.5445797
S2,2096,18-29,92039352.81902717
S2,2096,30-65,319288503.0152903
S2,2096,66+,212961216.46908092
S2,2096,15-26,
S2,2096,27-45,
S2,2096,46-65,
S2,2097,00-04,
S2,2097,05-09,
S2,2097,10-14,
S2,2097,15-19,
S2,2097,20-24,
S2,2097,25-29,
S2,2097,30-34,
S2,2097,35-39,
S2,2097,40-44,
S2,2097,45-49,
S2,2097,50-54,
S2,2097,55-59,
S2,2097,60-64,
S2,2097,65-69,
S2,2097,70-74,
S2,2097,75+,
S2,2097,0-8,
S2,2097,9-14,
S2,2097,0-17,128138529.18839486
S2,2097,18-29,91269389.8013557
S2,2097,30-65,317112862.3074895
S2,2097,66+,213081607.51794416
S2,2097,15-26,
S2,2097,27-45,
S2,2097,46-65,
S2,2098,00-04,
S2,2098,05-09,
S2,2098,10-14,
S2,2098,15-19,
S2,2098,20-24,
S2,2098,25-29,
S2,2098,30-34,
S2,2098,35-39,
S2,2098,40-44,
S2,2098,45-49,
S2,2098,50-54,
S2,2098,55-59,
S2,2098,60-64,
S2,2098,65-69,
S2,2098,70-74,
S2,2098,75+,
S2,2098,0-8,
S2,2098,9-14,
S2,2098,0-17,127263998.9480125
S2,2098,18-29,90519037.27242222
S2,2098,30-65,314928720.21765757
S2,2098,66+,213171163.9360705
S2,2098,15-26,
S2,2098,27-45,
S2,2098,46-65,
S2,2099,00-04,
S2,2099,05-09,
S2,2099,10-14,
S2,2099,15-19,
S2,2099,20-24,
S2,2099,25-29,
S2,2099,30-34,
S2,2099,35-39,
S2,2099,40-44,
S2,2099,45-49,
S2,2099,50-54,
S2,2099,55-59,
S2,2099,60-64,
S2,2099,65-69,
S2,2099,70-74,
S2,2099,75+,
S2,2099,0-8,
S2,2099,9-14,
S2,2099,0-17,126388764.66906352
S2,2099,18-29,89773276.2067595
S2,2099,30-65,312724702.3610562
S2,2099,66+,213246141.926422
S2,2099,15-26,
S2,2099,27-45,
S2,2099,46-65,
S2,2100,00-04,
S2,2100,05-09,
S2,2100,10-14,
S2,2100,15-19,
S2,2100,20-24,
S2,2100,25-29,
S2,2100,30-34,
S2,2100,35-39,
S2,2100,40-44,
S2,2100,45-49,
S2,2100,50-54,
S2,2100,55-59,
S2,2100,60-64,
S2,2100,65-69,
S2,2100,70-74,
S2,2100,75+,
S2,2100,0-8,
S2,2100,9-14,
S2,2100,0-17,125527995.37677298
S2,2100,18-29,89050623.15092053
S2,2100,30-65,310503317.05916286
S2,2100,66+,213305082.51644635
S2,2100,15-26,
S2,2100,27-45,
S2,2100,46-65,
S3,1950,00-04,
S3,1950,05-09,
S3,1950,10-14,
S3,1950,15-19,
S3,1950,20-24,
S3,1950,25-29,
S3,1950,30-34,
S3,1950,35-39,
S3,1950,40-44,
S3,1950,45-49,
S3,1950,50-54,
S3,1950,55-59,
S3,1950,60-64,
S3,1950,65-69,
S3,1950,70-74,
S3,1950,75+,
S3,1950,0-8,40559261.182155475
S3,1950,9-14,22385821.998629227
S3,1950,0-17,
S3,1950,18-29,
S3,1950,30-65,
S3,1950,66+,4765630.028784364
S3,1950,15-26,36574627.1096399
S3,1950,27-45,39187687.60991515
S3,1950,46-65,19895405.457819283
S3,1951,00-04,
S3,1951,05-09,
S3,1951,10-14,
S3,1951,15-19,
S3,1951,20-24,
S3,1951,25-29,
S3,1951,30-34,
S3,1951,35-39,
S3,1951,40-44,
S3,1951,45-49,
S3,1951,50-54,
S3,1951,55-59,
S3,1951,60-64,
S3,1951,65-69,
S3,1951,70-74,
S3,1951,75+,
S3,1951,0-8,41843406.492745414
S3,1951,9-14,22574405.390784055
S3,1951,0-17,
S3,1951,18-29,
S3,1951,30-65,
S3,1951,66+,4844171.554731071
S3,1951,15-26,37230081.23919982
S3,1951,27-45,39876053.66165532
S3,1951,46-65,20425272.132411838
S3,1952,00-04,
S3,1952,05-09,
S3,1952,10-14,
S3,1952,15-19,
S3,1952,20-24,
S3,1952,25-29,
S3,1952,30-34,
S3,1952,35-39,
S3,1952,40-44,
S3,1952,45-49,
S3,1952,50-54,
S3,1952,55-59,
S3,1952,60-64,
S3,1952,65-69,
S3,1952,70-74,
S3,1952,75+,
S3,1952,0-8,43250954.05343366
S3,1952,9-14,22712462.983066216
S3,1952,0-17,
S3,1952,18-29,
S3,1952,30-65,
S3,1952,66+,4979277.2347919345
S3,1952,15-26,37946155.42196505
S3,1952,27-45,40563360.28549373
S3,1952,46-65,20955131.8775779
S3,1953,00-04,
S3,1953,05-09,
S3,1953,10-14,
S3,1953,15-19,
S3,1953,20-24,
S3,1953,25-29,
S3,1953,30-34,
S3,1953,35-39,
S3,1953,40-44,
S3,1953,45-49,
S3,1953,50-54,
S3,1953,55-59,
S3,1953,60-64,
S3,1953,65-69,
S3,1953,70-74,
S3,1953,75+,
S3,1953,0-8,44802192.36750361
S3,1953,9-14,22822254.316502064
S3,1953,0-17,
S3,1953,18-29,
S3,1953,30-65,
S3,1953,66+,5167826.353241742
S3,1953,15-26,38691619.98217739
S3,1953,27-45,41238212.84366755
S3,1953,46-65,21484385.285341203
S3,1954,00-04,
S3,1954,05-09,
S3,1954,10-14,
S3,1954,15-19,
S3,1954,20-24,
S3,1954,25-29,
S3,1954,30-34,
S3,1954,35-39,
S3,1954,40-44,
S3,1954,45-49,
S3,1954,50-54,
S3,1954,55-59,
S3,1954,60-64,
S3,1954,65-69,
S3,1954,70-74,
S3,1954,75+,
S3,1954,0-8,46465444.42968145
S3,1954,9-14,22955452.238010973
S3,1954,0-17,
S3,1954,18-29,
S3,1954,30-65,
S3,1954,66+,5368009.85338673
S3,1954,15-26,39376564.110326186
S3,1954,27-45,41883420.66752751
S3,1954,46-65,22021581.887190223
S3,1955,00-04,
S3,1955,05-09,
S3,1955,10-14,
S3,1955,15-19,
S3,1955,20-24,
S3,1955,25-29,
S3,1955,30-34,
S3,1955,35-39,
S3,1955,40-44,
S3,1955,45-49,
S3,1955,50-54,
S3,1955,55-59,
S3,1955,60-64,
S3,1955,65-69,
S3,1955,70-74,
S3,1955,75+,
S3,1955,0-8,48175437.17133803
S3,1955,9-14,23275524.223253317
S3,1955,0-17,
S3,1955,18-29,
S3,1955,30-65,
S3,1955,66+,5540830.689062834
S3,1955,15-26,40010835.4072552
S3,1955,27-45,42600136.64165728
S3,1955,46-65,22614992.378848463
S3,1956,00-04,
S3,1956,05-09,
S3,1956,10-14,
S3,1956,15-19,
S3,1956,20-24,
S3,1956,25-29,
S3,1956,30-34,
S3,1956,35-39,
S3,1956,40-44,
S3,1956,45-49,
S3,1956,50-54,
S3,1956,55-59,
S3,1956,60-64,
S3,1956,65-69,
S3,1956,70-74,
S3,1956,75+,
S3,1956,0-8,49910878.73106705
S3,1956,9-14,23710390.866449967
S3,1956,0-17,
S3,1956,18-29,
S3,1956,30-65,
S3,1956,66+,5698877.155142456
S3,1956,15-26,40575264.94493282
S3,1956,27-45,43342304.70686549
S3,1956,46-65,23238359.838133365
S3,1957,00-04,
S3,1957,05-09,
S3,1957,10-14,
S3,1957,15-19,
S3,1957,20-24,
S3,1957,25-29,
S3,1957,30-34,
S3,1957,35-39,
S3,1957,40-44,
S3,1957,45-49,
S3,1957,50-54,
S3,1957,55-59,
S3,1957,60-64,
S3,1957,65-69,
S3,1957,70-74,
S3,1957,75+,
S3,1957,0-8,51664717.80956641
S3,1957,9-14,24243685.46366702
S3,1957,0-17,
S3,1957,18-29,
S3,1957,30-65,
S3,1957,66+,5832792.687272996
S3,1957,15-26,41113055.443515584
S3,1957,27-45,44123516.12925032
S3,1957,46-65,23901919.622193992
S3,1958,00-04,
S3,1958,05-09,
S3,1958,10-14,
S3,1958,15-19,
S3,1958,20-24,
S3,1958,25-29,
S3,1958,30-34,
S3,1958,35-39,
S3,1958,40-44,
S3,1958,45-49,
S3,1958,50-54,
S3,1958,55-59,
S3,1958,60-64,
S3,1958,65-69,
S3,1958,70-74,
S3,1958,75+,
S3,1958,0-8,53427969.23733677
S3,1958,9-14,24832722.177086398
S3,1958,0-17,
S3,1958,18-29,
S3,1958,30-65,
S3,1958,66+,5940714.841312408
S3,1958,15-26,41547923.21757728
S3,1958,27-45,44851969.94486442
S3,1958,46-65,24581875.035991758
S3,1959,00-04,
S3,1959,05-09,
S3,1959,10-14,
S3,1959,15-19,
S3,1959,20-24,
S3,1959,25-29,
S3,1959,30-34,
S3,1959,35-39,
S3,1959,40-44,
S3,1959,45-49,
S3,1959,50-54,
S3,1959,55-59,
S3,1959,60-64,
S3,1959,65-69,
S3,1959,70-74,
S3,1959,75+,
S3,1959,0-8,55250943.82173741
S3,1959,9-14,25436508.008944795
S3,1959,0-17,
S3,1959,18-29,
S3,1959,30-65,
S3,1959,66+,6062258.392550707
S3,1959,15-26,42078485.53694217
S3,1959,27-45,45705440.31144729
S3,1959,46-65,25279151.810052484
S3,1960,00-04,
S3,1960,05-09,
S3,1960,10-14,
S3,1960,15-19,
S3,1960,20-24,
S3,1960,25-29,
S3,1960,30-34,
S3,1960,35-39,
S3,1960,40-44,
S3,1960,45-49,
S3,1960,50-54,
S3,1960,55-59,
S3,1960,60-64,
S3,1960,65-69,
S3,1960,70-74,
S3,1960,75+,
S3,1960,0-8,56659046.28679981
S3,1960,9-14,26497427.545429714
S3,1960,0-17,
S3,1960,18-29,
S3,1960,30-65,
S3,1960,66+,6231597.608696818
S3,1960,15-26,42597835.289186284
S3,1960,27-45,46567194.85877751
S3,1960,46-65,25942111.04509437
S3,1961,00-04,
S3,1961,05-09,
S3,1961,10-14,
S3,1961,15-19,
S3,1961,20-24,
S3,1961,25-29,
S3,1961,30-34,
S3,1961,35-39,
S3,1961,40-44,
S3,1961,45-49,
S3,1961,50-54,
S3,1961,55-59,
S3,1961,60-64,
S3,1961,65-69,
S3,1961,70-74,
S3,1961,75+,
S3,1961,0-8,58049896.33073237
S3,1961,9-14,27654376.83783806
S3,1961,0-17,
S3,1961,18-29,
S3,1961,30-65,
S3,1961,66+,6430854.031499982
S3,1961,15-26,43160749.04667872
S3,1961,27-45,47455054.2190344
S3,1961,46-65,26588288.38204938
S3,1962,00-04,
S3,1962,05-09,
S3,1962,10-14,
S3,1962,15-19,
S3,1962,20-24,
S3,1962,25-29,
S3,1962,30-34,
S3,1962,35-39,
S3,1962,40-44,
S3,1962,45-49,
S3,1962,50-54,
S3,1962,55-59,
S3,1962,60-64,
S3,1962,65-69,
S3,1962,70-74,
S3,1962,75+,
S3,1962,0-8,59412036.45022711
S3,1962,9-14,28883509.002844125
S3,1962,0-17,
S3,1962,18-29,
S3,1962,30-65,
S3,1962,66+,6672169.74565959
S3,1962,15-26,43763806.68129942
S3,1962,27-45,48407880.872493654
S3,1962,46-65,27206625.12509033
S3,1963,00-04,
S3,1963,05-09,
S3,1963,10-14,
S3,1963,15-19,
S3,1963,20-24,
S3,1963,25-29,
S3,1963,30-34,
S3,1963,35-39,
S3,1963,40-44,
S3,1963,45-49,
S3,1963,50-54,
S3,1963,55-59,
S3,1963,60-64,
S3,1963,65-69,
S3,1963,70-74,
S3,1963,75+,
S3,1963,0-8,60720308.61587983
S3,1963,9-14,30217420.57417193
S3,1963,0-17,
S3,1963,18-29,
S3,1963,30-65,
S3,1963,66+,6943628.507260948
S3,1963,15-26,44326315.4264389
S3,1963,27-45,49357564.438696355
S3,1963,46-65,27797626.01758018
S3,1964,00-04,
S3,1964,05-09,
S3,1964,10-14,
S3,1964,15-19,
S3,1964,20-24,
S3,1964,25-29,
S3,1964,30-34,
S3,1964,35-39,
S3,1964,40-44,
S3,1964,45-49,
S3,1964,50-54,
S3,1964,55-59,
S3,1964,60-64,
S3,1964,65-69,
S3,1964,70-74,
S3,1964,75+,
S3,1964,0-8,61987260.92125023
S3,1964,9-14,31695782.293101482
S3,1964,0-17,
S3,1964,18-29,
S3,1964,30-65,
S3,1964,66+,7220436.667417049
S3,1964,15-26,44905437.65708661
S3,1964,27-45,50338556.12495628
S3,1964,46-65,28395688.12277168
S3,1965,00-04,
S3,1965,05-09,
S3,1965,10-14,
S3,1965,15-19,
S3,1965,20-24,
S3,1965,25-29,
S3,1965,30-34,
S3,1965,35-39,
S3,1965,40-44,
S3,1965,45-49,
S3,1965,50-54,
S3,1965,55-59,
S3,1965,60-64,
S3,1965,65-69,
S3,1965,70-74,
S3,1965,75+,
S3,1965,0-8,63251092.36352371
S3,1965,9-14,32783289.069104165
S3,1965,0-17,
S3,1965,18-29,
S3,1965,30-65,
S3,1965,66+,7472928.201829225
S3,1965,15-26,45992145.72121669
S3,1965,27-45,51279906.13216135
S3,1965,46-65,29019274.53465128
S3,1966,00-04,
S3,1966,05-09,
S3,1966,10-14,
S3,1966,15-19,
S3,1966,20-24,
S3,1966,25-29,
S3,1966,30-34,
S3,1966,35-39,
S3,1966,40-44,
S3,1966,45-49,
S3,1966,50-54,
S3,1966,55-59,
S3,1966,60-64,
S3,1966,65-69,
S3,1966,70-74,
S3,1966,75+,
S3,1966,0-8,64301789.59251408
S3,1966,9-14,33819128.107950255
S3,1966,0-17,
S3,1966,18-29,
S3,1966,30-65,
S3,1966,66+,7691308.991652846
S3,1966,15-26,47224726.20487559
S3,1966,27-45,52180172.691565394
S3,1966,46-65,29636801.15580088
S3,1967,00-04,
S3,1967,05-09,
S3,1967,10-14,
S3,1967,15-19,
S3,1967,20-24,
S3,1967,25-29,
S3,1967,30-34,
S3,1967,35-39,
S3,1967,40-44,
S3,1967,45-49,
S3,1967,50-54,
S3,1967,55-59,
S3,1967,60-64,
S3,1967,65-69,
S3,1967,70-74,
S3,1967,75+,
S3,1967,0-8,65297632.7455485
S3,1967,9-14,34824574.35342401
S3,1967,0-17,
S3,1967,18-29,
S3,1967,30-65,
S3,1967,66+,7885438.927500099
S3,1967,15-26,48539969.736089066
S3,1967,27-45,53054005.53782192
S3,1967,46-65,30277100.5345774
S3,1968,00-04,
S3,1968,05-09,
S3,1968,10-14,
S3,1968,15-19,
S3,1968,20-24,
S3,1968,25-29,
S3,1968,30-34,
S3,1968,35-39,
S3,1968,40-44,
S3,1968,45-49,
S3,1968,50-54,
S3,1968,55-59,
S3,1968,60-64,
S3,1968,65-69,
S3,1968,70-74,
S3,1968,75+,
S3,1968,0-8,66281524.55001066
S3,1968,9-14,35789837.3772363
S3,1968,0-17,
S3,1968,18-29,
S3,1968,30-65,
S3,1968,66+,8067848.985355973
S3,1968,15-26,50053619.189023465
S3,1968,27-45,54017312.32020965
S3,1968,46-65,30950719.559898525
S3,1969,00-04,
S3,1969,05-09,
S3,1969,10-14,
S3,1969,15-19,
S3,1969,20-24,
S3,1969,25-29,
S3,1969,30-34,
S3,1969,35-39,
S3,1969,40-44,
S3,1969,45-49,
S3,1969,50-54,
S3,1969,55-59,
S3,1969,60-64,
S3,1969,65-69,
S3,1969,70-74,
S3,1969,75+,
S3,1969,0-8,67399886.93570189
S3,1969,9-14,36692740.66887893
S3,1969,0-17,
S3,1969,18-29,
S3,1969,30-65,
S3,1969,66+,8267717.662117124
S3,1969,15-26,51578957.264745
S3,1969,27-45,54893179.210908204
S3,1969,46-65,31636470.736266673
S3,1970,00-04,
S3,1970,05-09,
S3,1970,10-14,
S3,1970,15-19,
S3,1970,20-24,
S3,1970,25-29,
S3,1970,30-34,
S3,1970,35-39,
S3,1970,40-44,
S3,1970,45-49,
S3,1970,50-54,
S3,1970,55-59,
S3,1970,60-64,
S3,1970,65-69,
S3,1970,70-74,
S3,1970,75+,
S3,1970,0-8,68491552.13281953
S3,1970,9-14,37544506.0678128
S3,1970,0-17,
S3,1970,18-29,
S3,1970,30-65,
S3,1970,66+,8489774.36953327
S3,1970,15-26,53299158.18707028
S3,1970,27-45,55759449.951226056
S3,1970,46-65,32313855.508278072
S3,1971,00-04,
S3,1971,05-09,
S3,1971,10-14,
S3,1971,15-19,
S3,1971,20-24,
S3,1971,25-29,
S3,1971,30-34,
S3,1971,35-39,
S3,1971,40-44,
S3,1971,45-49,
S3,1971,50-54,
S3,1971,55-59,
S3,1971,60-64,
S3,1971,65-69,
S3,1971,70-74,
S3,1971,75+,
S3,1971,0-8,69593204.2719355
S3,1971,9-14,38422068.31877105
S3,1971,0-17,
S3,1971,18-29,
S3,1971,30-65,
S3,1971,66+,8729446.073883802
S3,1971,15-26,55257699.76060371
S3,1971,27-45,56789241.18702951
S3,1971,46-65,33020818.828396052
S3,1972,00-04,
S3,1972,05-09,
S3,1972,10-14,
S3,1972,15-19,
S3,1972,20-24,
S3,1972,25-29,
S3,1972,30-34,
S3,1972,35-39,
S3,1972,40-44,
S3,1972,45-49,
S3,1972,50-54,
S3,1972,55-59,
S3,1972,60-64,
S3,1972,65-69,
S3,1972,70-74,
S3,1972,75+,
S3,1972,0-8,70707594.38120037
S3,1972,9-14,39297197.8057058
S3,1972,0-17,
S3,1972,18-29,
S3,1972,30-65,
S3,1972,66+,8986454.537549943
S3,1972,15-26,57117907.308741614
S3,1972,27-45,57690602.98227593
S3,1972,46-65,33692339.89099151
S3,1973,00-04,
S3,1973,05-09,
S3,1973,10-14,
S3,1973,15-19,
S3,1973,20-24,
S3,1973,25-29,
S3,1973,30-34,
S3,1973,35-39,
S3,1973,40-44,
S3,1973,45-49,
S3,1973,50-54,
S3,1973,55-59,
S3,1973,60-64,
S3,1973,65-69,
S3,1973,70-74,
S3,1973,75+,
S3,1973,0-8,71825099.13297795
S3,1973,9-14,40206784.92377213
S3,1973,0-17,
S3,1973,18-29,
S3,1973,30-65,
S3,1973,66+,9266493.640227705
S3,1973,15-26,59174522.398800686
S3,1973,27-45,58735473.43551174
S3,1973,46-65,34385596.20637855
S3,1974,00-04,
S3,1974,05-09,
S3,1974,10-14,
S3,1974,15-19,
S3,1974,20-24,
S3,1974,25-29,
S3,1974,30-34,
S3,1974,35-39,
S3,1974,40-44,
S3,1974,45-49,
S3,1974,50-54,
S3,1974,55-59,
S3,1974,60-64,
S3,1974,65-69,
S3,1974,70-74,
S3,1974,75+,
S3,1974,0-8,72973743.47850187
S3,1974,9-14,41148007.88815245
S3,1974,0-17,
S3,1974,18-29,
S3,1974,30-65,
S3,1974,66+,9558594.397276938
S3,1974,15-26,61247449.71889512
S3,1974,27-45,59743873.754195124
S3,1974,46-65,35093166.13204956
S3,1975,00-04,
S3,1975,05-09,
S3,1975,10-14,
S3,1975,15-19,
S3,1975,20-24,
S3,1975,25-29,
S3,1975,30-34,
S3,1975,35-39,
S3,1975,40-44,
S3,1975,45-49,
S3,1975,50-54,
S3,1975,55-59,
S3,1975,60-64,
S3,1975,65-69,
S3,1975,70-74,
S3,1975,75+,
S3,1975,0-8,74175102.4115889
S3,1975,9-14,42112918.67446044
S3,1975,0-17,
S3,1975,18-29,
S3,1975,30-65,
S3,1975,66+,9858651.342051089
S3,1975,15-26,63175395.02418789
S3,1975,27-45,61177342.431732714
S3,1975,46-65,35868128.11468327
S3,1976,00-04,
S3,1976,05-09,
S3,1976,10-14,
S3,1976,15-19,
S3,1976,20-24,
S3,1976,25-29,
S3,1976,30-34,
S3,1976,35-39,
S3,1976,40-44,
S3,1976,45-49,
S3,1976,50-54,
S3,1976,55-59,
S3,1976,60-64,
S3,1976,65-69,
S3,1976,70-74,
S3,1976,75+,
S3,1976,0-8,75358047.06603593
S3,1976,9-14,43020289.05344975
S3,1976,0-17,
S3,1976,18-29,
S3,1976,30-65,
S3,1976,66+,10165511.576924324
S3,1976,15-26,65107716.758334965
S3,1976,27-45,62733942.11683282
S3,1976,46-65,36688886.37603712
S3,1977,00-04,
S3,1977,05-09,
S3,1977,10-14,
S3,1977,15-19,
S3,1977,20-24,
S3,1977,25-29,
S3,1977,30-34,
S3,1977,35-39,
S3,1977,40-44,
S3,1977,45-49,
S3,1977,50-54,
S3,1977,55-59,
S3,1977,60-64,
S3,1977,65-69,
S3,1977,70-74,
S3,1977,75+,
S3,1977,0-8,76617804.81102622
S3,1977,9-14,43923414.84655994
S3,1977,0-17,
S3,1977,18-29,
S3,1977,30-65,
S3,1977,66+,10478634.998571813
S3,1977,15-26,67007050.200788945
S3,1977,27-45,64375734.729417145
S3,1977,46-65,37549037.23940763
S3,1978,00-04,
S3,1978,05-09,
S3,1978,10-14,
S3,1978,15-19,
S3,1978,20-24,
S3,1978,25-29,
S3,1978,30-34,
S3,1978,35-39,
S3,1978,40-44,
S3,1978,45-49,
S3,1978,50-54,
S3,1978,55-59,
S3,1978,60-64,
S3,1978,65-69,
S3,1978,70-74,
S3,1978,75+,
S3,1978,0-8,77800459.14908016
S3,1978,9-14,44844069.48279202
S3,1978,0-17,
S3,1978,18-29,
S3,1978,30-65,
S3,1978,66+,10794610.08877486
S3,1978,15-26,68938542.97903001
S3,1978,27-45,66166893.5542219
S3,1978,46-65,38460077.18163803
S3,1979,00-04,
S3,1979,05-09,
S3,1979,10-14,
S3,1979,15-19,
S3,1979,20-24,
S3,1979,25-29,
S3,1979,30-34,
S3,1979,35-39,
S3,1979,40-44,
S3,1979,45-49,
S3,1979,50-54,
S3,1979,55-59,
S3,1979,60-64,
S3,1979,65-69,
S3,1979,70-74,
S3,1979,75+,
S3,1979,0-8,78950554.19162539
S3,1979,9-14,45796506.88862792
S3,1979,0-17,
S3,1979,18-29,
S3,1979,30-65,
S3,1979,66+,11110996.444914699
S3,1979,15-26,70757346.64072984
S3,1979,27-45,67939412.93665233
S3,1979,46-65,39393908.476287514
S3,1980,00-04,
S3,1980,05-09,
S3,1980,10-14,
S3,1980,15-19,
S3,1980,20-24,
S3,1980,25-29,
S3,1980,30-34,
S3,1980,35-39,
S3,1980,40-44,
S3,1980,45-49,
S3,1980,50-54,
S3,1980,55-59,
S3,1980,60-64,
S3,1980,65-69,
S3,1980,70-74,
S3,1980,75+,
S3,1980,0-8,80248389.30834548
S3,1980,9-14,46756880.64776212
S3,1980,0-17,
S3,1980,18-29,
S3,1980,30-65,
S3,1980,66+,11432141.423746765
S3,1980,15-26,72497655.4932809
S3,1980,27-45,70139364.46126437
S3,1980,46-65,40391434.51529604
S3,1981,00-04,
S3,1981,05-09,
S3,1981,10-14,
S3,1981,15-19,
S3,1981,20-24,
S3,1981,25-29,
S3,1981,30-34,
S3,1981,35-39,
S3,1981,40-44,
S3,1981,45-49,
S3,1981,50-54,
S3,1981,55-59,
S3,1981,60-64,
S3,1981,65-69,
S3,1981,70-74,
S3,1981,75+,
S3,1981,0-8,81673167.31975609
S3,1981,9-14,47765904.25115639
S3,1981,0-17,
S3,1981,18-29,
S3,1981,30-65,
S3,1981,66+,11753906.918586373
S3,1981,15-26,74095689.52028206
S3,1981,27-45,72396031.83294484
S3,1981,46-65,41404005.38461316
S3,1982,00-04,
S3,1982,05-09,
S3,1982,10-14,
S3,1982,15-19,
S3,1982,20-24,
S3,1982,25-29,
S3,1982,30-34,
S3,1982,35-39,
S3,1982,40-44,
S3,1982,45-49,
S3,1982,50-54,
S3,1982,55-59,
S3,1982,60-64,
S3,1982,65-69,
S3,1982,70-74,
S3,1982,75+,
S3,1982,0-8,83090281.34149033
S3,1982,9-14,48854820.39795104
S3,1982,0-17,
S3,1982,18-29,
S3,1982,30-65,
S3,1982,66+,12077262.082392633
S3,1982,15-26,75650293.60087556
S3,1982,27-45,74713030.62729159
S3,1982,46-65,42463905.8696931
S3,1983,00-04,
S3,1983,05-09,
S3,1983,10-14,
S3,1983,15-19,
S3,1983,20-24,
S3,1983,25-29,
S3,1983,30-34,
S3,1983,35-39,
S3,1983,40-44,
S3,1983,45-49,
S3,1983,50-54,
S3,1983,55-59,
S3,1983,60-64,
S3,1983,65-69,
S3,1983,70-74,
S3,1983,75+,
S3,1983,0-8,84546104.81109296
S3,1983,9-14,49942219.319108024
S3,1983,0-17,
S3,1983,18-29,
S3,1983,30-65,
S3,1983,66+,12404582.636636496
S3,1983,15-26,77207424.98312524
S3,1983,27-45,77121415.40149722
S3,1983,46-65,43566923.81309909
S3,1984,00-04,
S3,1984,05-09,
S3,1984,10-14,
S3,1984,15-19,
S3,1984,20-24,
S3,1984,25-29,
S3,1984,30-34,
S3,1984,35-39,
S3,1984,40-44,
S3,1984,45-49,
S3,1984,50-54,
S3,1984,55-59,
S3,1984,60-64,
S3,1984,65-69,
S3,1984,70-74,
S3,1984,75+,
S3,1984,0-8,86033971.05518472
S3,1984,9-14,51064339.33413026
S3,1984,0-17,
S3,1984,18-29,
S3,1984,30-65,
S3,1984,66+,12738470.229941785
S3,1984,15-26,78810051.75318974
S3,1984,27-45,79659054.65821746
S3,1984,46-65,44683149.46087736
S3,1985,00-04,
S3,1985,05-09,
S3,1985,10-14,
S3,1985,15-19,
S3,1985,20-24,
S3,1985,25-29,
S3,1985,30-34,
S3,1985,35-39,
S3,1985,40-44,
S3,1985,45-49,
S3,1985,50-54,
S3,1985,55-59,
S3,1985,60-64,
S3,1985,65-69,
S3,1985,70-74,
S3,1985,75+,
S3,1985,0-8,87584465.9926616
S3,1985,9-14,52257788.16354638
S3,1985,0-17,
S3,1985,18-29,
S3,1985,30-65,
S3,1985,66+,13079952.428895056
S3,1985,15-26,80393442.97127375
S3,1985,27-45,82304910.59487727
S3,1985,46-65,45756676.56696582
S3,1986,00-04,
S3,1986,05-09,
S3,1986,10-14,
S3,1986,15-19,
S3,1986,20-24,
S3,1986,25-29,
S3,1986,30-34,
S3,1986,35-39,
S3,1986,40-44,
S3,1986,45-49,
S3,1986,50-54,
S3,1986,55-59,
S3,1986,60-64,
S3,1986,65-69,
S3,1986,70-74,
S3,1986,75+,
S3,1986,0-8,89189441.66095126
S3,1986,9-14,53420203.44683167
S3,1986,0-17,
S3,1986,18-29,
S3,1986,30-65,
S3,1986,66+,13431514.437408686
S3,1986,15-26,81965882.88776103
S3,1986,27-45,85079663.25484371
S3,1986,46-65,46800879.43940228
S3,1987,00-04,
S3,1987,05-09,
S3,1987,10-14,
S3,1987,15-19,
S3,1987,20-24,
S3,1987,25-29,
S3,1987,30-34,
S3,1987,35-39,
S3,1987,40-44,
S3,1987,45-49,
S3,1987,50-54,
S3,1987,55-59,
S3,1987,60-64,
S3,1987,65-69,
S3,1987,70-74,
S3,1987,75+,
S3,1987,0-8,90836875.03571084
S3,1987,9-14,54597169.63956386
S3,1987,0-17,
S3,1987,18-29,
S3,1987,30-65,
S3,1987,66+,13796216.774115205
S3,1987,15-26,83584251.43043572
S3,1987,27-45,87937250.53622136
S3,1987,46-65,47833284.35796499
S3,1988,00-04,
S3,1988,05-09,
S3,1988,10-14,
S3,1988,15-19,
S3,1988,20-24,
S3,1988,25-29,
S3,1988,30-34,
S3,1988,35-39,
S3,1988,40-44,
S3,1988,45-49,
S3,1988,50-54,
S3,1988,55-59,
S3,1988,60-64,
S3,1988,65-69,
S3,1988,70-74,
S3,1988,75+,
S3,1988,0-8,92447404.22092651
S3,1988,9-14,55706953.13765167
S3,1988,0-17,
S3,1988,18-29,
S3,1988,30-65,
S3,1988,66+,14175598.74608779
S3,1988,15-26,85240121.15074986
S3,1988,27-45,90875415.72165051
S3,1988,46-65,48865148.78385854
S3,1989,00-04,
S3,1989,05-09,
S3,1989,10-14,
S3,1989,15-19,
S3,1989,20-24,
S3,1989,25-29,
S3,1989,30-34,
S3,1989,35-39,
S3,1989,40-44,
S3,1989,45-49,
S3,1989,50-54,
S3,1989,55-59,
S3,1989,60-64,
S3,1989,65-69,
S3,1989,70-74,
S3,1989,75+,
S3,1989,0-8,94053974.5032257
S3,1989,9-14,56770410.68673466
S3,1989,0-17,
S3,1989,18-29,
S3,1989,30-65,
S3,1989,66+,14572609.018336654
S3,1989,15-26,86991252.36395639
S3,1989,27-45,93865830.10221148
S3,1989,46-65,49910406.18588328
S3,1990,00-04,
S3,1990,05-09,
S3,1990,10-14,
S3,1990,15-19,
S3,1990,20-24,
S3,1990,25-29,
S3,1990,30-34,
S3,1990,35-39,
S3,1990,40-44,
S3,1990,45-49,
S3,1990,50-54,
S3,1990,55-59,
S3,1990,60-64,
S3,1990,65-69,
S3,1990,70-74,
S3,1990,75+,
S3,1990,0-8,95564803.16565235
S3,1990,9-14,57885385.42646615
S3,1990,0-17,
S3,1990,18-29,
S3,1990,30-65,
S3,1990,66+,14989878.167136252
S3,1990,15-26,88814948.99332735
S3,1990,27-45,96945435.00151822
S3,1990,46-65,50952178.079141855
S3,1991,00-04,
S3,1991,05-09,
S3,1991,10-14,
S3,1991,15-19,
S3,1991,20-24,
S3,1991,25-29,
S3,1991,30-34,
S3,1991,35-39,
S3,1991,40-44,
S3,1991,45-49,
S3,1991,50-54,
S3,1991,55-59,
S3,1991,60-64,
S3,1991,65-69,
S3,1991,70-74,
S3,1991,75+,
S3,1991,0-8,96866558.8898863
S3,1991,9-14,59171588.166093186
S3,1991,0-17,
S3,1991,18-29,
S3,1991,30-65,
S3,1991,66+,15429834.385680974
S3,1991,15-26,90659148.0363603
S3,1991,27-45,100062716.08197871
S3,1991,46-65,52024866.27712679
S3,1992,00-04,
S3,1992,05-09,
S3,1992,10-14,
S3,1992,15-19,
S3,1992,20-24,
S3,1992,25-29,
S3,1992,30-34,
S3,1992,35-39,
S3,1992,40-44,
S3,1992,45-49,
S3,1992,50-54,
S3,1992,55-59,
S3,1992,60-64,
S3,1992,65-69,
S3,1992,70-74,
S3,1992,75+,
S3,1992,0-8,98215680.11879802
S3,1992,9-14,60743380.04905355
S3,1992,0-17,
S3,1992,18-29,
S3,1992,30-65,
S3,1992,66+,16091651.801459253
S3,1992,15-26,92145321.9151127
S3,1992,27-45,103108769.552879
S3,1992,46-65,52881850.35225773
S3,1993,00-04,
S3,1993,05-09,
S3,1993,10-14,
S3,1993,15-19,
S3,1993,20-24,
S3,1993,25-29,
S3,1993,30-34,
S3,1993,35-39,
S3,1993,40-44,
S3,1993,45-49,
S3,1993,50-54,
S3,1993,55-59,
S3,1993,60-64,
S3,1993,65-69,
S3,1993,70-74,
S3,1993,75+,
S3,1993,0-8,99406129.42795625
S3,1993,9-14,62398964.19402763
S3,1993,0-17,
S3,1993,18-29,
S3,1993,30-65,
S3,1993,66+,16779280.957492173
S3,1993,15-26,93637003.12861848
S3,1993,27-45,106269261.12284875
S3,1993,46-65,53784027.72798586
S3,1994,00-04,
S3,1994,05-09,
S3,1994,10-14,
S3,1994,15-19,
S3,1994,20-24,
S3,1994,25-29,
S3,1994,30-34,
S3,1994,35-39,
S3,1994,40-44,
S3,1994,45-49,
S3,1994,50-54,
S3,1994,55-59,
S3,1994,60-64,
S3,1994,65-69,
S3,1994,70-74,
S3,1994,75+,
S3,1994,0-8,100387002.08425158
S3,1994,9-14,64096016.42237291
S3,1994,0-17,
S3,1994,18-29,
S3,1994,30-65,
S3,1994,66+,17492397.05462998
S3,1994,15-26,95149791.36495835
S3,1994,27-45,109510473.54801407
S3,1994,46-65,54692287.295633554
S3,1995,00-04,
S3,1995,05-09,
S3,1995,10-14,
S3,1995,15-19,
S3,1995,20-24,
S3,1995,25-29,
S3,1995,30-34,
S3,1995,35-39,
S3,1995,40-44,
S3,1995,45-49,
S3,1995,50-54,
S3,1995,55-59,
S3,1995,60-64,
S3,1995,65-69,
S3,1995,70-74,
S3,1995,75+,
S3,1995,0-8,101188167.49573861
S3,1995,9-14,65763825.599469855
S3,1995,0-17,
S3,1995,18-29,
S3,1995,30-65,
S3,1995,66+,18233988.079720855
S3,1995,15-26,96723366.97149292
S3,1995,27-45,112354652.83005849
S3,1995,46-65,55976362.327876985
S3,1996,00-04,
S3,1996,05-09,
S3,1996,10-14,
S3,1996,15-19,
S3,1996,20-24,
S3,1996,25-29,
S3,1996,30-34,
S3,1996,35-39,
S3,1996,40-44,
S3,1996,45-49,
S3,1996,50-54,
S3,1996,55-59,
S3,1996,60-64,
S3,1996,65-69,
S3,1996,70-74,
S3,1996,75+,
S3,1996,0-8,101905945.46592605
S3,1996,9-14,67263506.8572965
S3,1996,0-17,
S3,1996,18-29,
S3,1996,30-65,
S3,1996,66+,19004023.72655964
S3,1996,15-26,98539973.93472543
S3,1996,27-45,115224466.62406123
S3,1996,46-65,57380498.46727991
S3,1997,00-04,
S3,1997,05-09,
S3,1997,10-14,
S3,1997,15-19,
S3,1997,20-24,
S3,1997,25-29,
S3,1997,30-34,
S3,1997,35-39,
S3,1997,40-44,
S3,1997,45-49,
S3,1997,50-54,
S3,1997,55-59,
S3,1997,60-64,
S3,1997,65-69,
S3,1997,70-74,
S3,1997,75+,
S3,1997,0-8,102437406.75845541
S3,1997,9-14,68764108.18460475
S3,1997,0-17,
S3,1997,18-29,
S3,1997,30-65,
S3,1997,66+,19795960.382240057
S3,1997,15-26,100434478.63601983
S3,1997,27-45,118110284.75835806
S3,1997,46-65,58884675.728141904
S3,1998,00-04,
S3,1998,05-09,
S3,1998,10-14,
S3,1998,15-19,
S3,1998,20-24,
S3,1998,25-29,
S3,1998,30-34,
S3,1998,35-39,
S3,1998,40-44,
S3,1998,45-49,
S3,1998,50-54,
S3,1998,55-59,
S3,1998,60-64,
S3,1998,65-69,
S3,1998,70-74,
S3,1998,75+,
S3,1998,0-8,102977034.09236822
S3,1998,9-14,70074578.64628875
S3,1998,0-17,
S3,1998,18-29,
S3,1998,30-65,
S3,1998,66+,20607290.275396466
S3,1998,15-26,102402397.14412382
S3,1998,27-45,121000430.28149301
S3,1998,46-65,60502882.18004036
S3,1999,00-04,
S3,1999,05-09,
S3,1999,10-14,
S3,1999,15-19,
S3,1999,20-24,
S3,1999,25-29,
S3,1999,30-34,
S3,1999,35-39,
S3,1999,40-44,
S3,1999,45-49,
S3,1999,50-54,
S3,1999,55-59,
S3,1999,60-64,
S3,1999,65-69,
S3,1999,70-74,
S3,1999,75+,
S3,1999,0-8,103469384.00909723
S3,1999,9-14,71233886.3089609
S3,1999,0-17,
S3,1999,18-29,
S3,1999,30-65,
S3,1999,66+,21435763.61670661
S3,1999,15-26,104446961.86005998
S3,1999,27-45,123920732.33281946
S3,1999,46-65,62229885.470563054
S3,2000,00-04,
S3,2000,05-09,
S3,2000,10-14,
S3,2000,15-19,
S3,2000,20-24,
S3,2000,25-29,
S3,2000,30-34,
S3,2000,35-39,
S3,2000,40-44,
S3,2000,45-49,
S3,2000,50-54,
S3,2000,55-59,
S3,2000,60-64,
S3,2000,65-69,
S3,2000,70-74,
S3,2000,75+,
S3,2000,0-8,103944874.8765161
S3,2000,9-14,72200216.0068816
S3,2000,0-17,
S3,2000,18-29,
S3,2000,30-65,
S3,2000,66+,22274887.169184923
S3,2000,15-26,106623833.3593657
S3,2000,27-45,126735732.00832844
S3,2000,46-65,64130406.216367066
S3,2001,00-04,
S3,2001,05-09,
S3,2001,10-14,
S3,2001,15-19,
S3,2001,20-24,
S3,2001,25-29,
S3,2001,30-34,
S3,2001,35-39,
S3,2001,40-44,
S3,2001,45-49,
S3,2001,50-54,
S3,2001,55-59,
S3,2001,60-64,
S3,2001,65-69,
S3,2001,70-74,
S3,2001,75+,
S3,2001,0-8,104562642.62386356
S3,2001,9-14,72997702.31478514
S3,2001,0-17,
S3,2001,18-29,
S3,2001,30-65,
S3,2001,66+,23112381.684631348
S3,2001,15-26,108910669.64920384
S3,2001,27-45,129490773.69827187
S3,2001,46-65,66152623.86544317
S3,2002,00-04,
S3,2002,05-09,
S3,2002,10-14,
S3,2002,15-19,
S3,2002,20-24,
S3,2002,25-29,
S3,2002,30-34,
S3,2002,35-39,
S3,2002,40-44,
S3,2002,45-49,
S3,2002,50-54,
S3,2002,55-59,
S3,2002,60-64,
S3,2002,65-69,
S3,2002,70-74,
S3,2002,75+,
S3,2002,0-8,105234984.19600359
S3,2002,9-14,73564627.60860926
S3,2002,0-17,
S3,2002,18-29,
S3,2002,30-65,
S3,2002,66+,23977084.29694873
S3,2002,15-26,111336300.54862455
S3,2002,27-45,132335579.13752747
S3,2002,46-65,68250618.29588544
S3,2003,00-04,
S3,2003,05-09,
S3,2003,10-14,
S3,2003,15-19,
S3,2003,20-24,
S3,2003,25-29,
S3,2003,30-34,
S3,2003,35-39,
S3,2003,40-44,
S3,2003,45-49,
S3,2003,50-54,
S3,2003,55-59,
S3,2003,60-64,
S3,2003,65-69,
S3,2003,70-74,
S3,2003,75+,
S3,2003,0-8,105736793.43497576
S3,2003,9-14,74096505.45261042
S3,2003,0-17,
S3,2003,18-29,
S3,2003,30-65,
S3,2003,66+,24870797.18588859
S3,2003,15-26,113696002.28492355
S3,2003,27-45,135024996.55846834
S3,2003,46-65,70374569.55487996
S3,2004,00-04,
S3,2004,05-09,
S3,2004,10-14,
S3,2004,15-19,
S3,2004,20-24,
S3,2004,25-29,
S3,2004,30-34,
S3,2004,35-39,
S3,2004,40-44,
S3,2004,45-49,
S3,2004,50-54,
S3,2004,55-59,
S3,2004,60-64,
S3,2004,65-69,
S3,2004,70-74,
S3,2004,75+,
S3,2004,0-8,106055951.26031241
S3,2004,9-14,74489065.13286701
S3,2004,0-17,
S3,2004,18-29,
S3,2004,30-65,
S3,2004,66+,25759693.987952948
S3,2004,15-26,116150231.42068619
S3,2004,27-45,137772536.36905664
S3,2004,46-65,72551025.27437961
S3,2005,00-04,
S3,2005,05-09,
S3,2005,10-14,
S3,2005,15-19,
S3,2005,20-24,
S3,2005,25-29,
S3,2005,30-34,
S3,2005,35-39,
S3,2005,40-44,
S3,2005,45-49,
S3,2005,50-54,
S3,2005,55-59,
S3,2005,60-64,
S3,2005,65-69,
S3,2005,70-74,
S3,2005,75+,
S3,2005,0-8,106170905.64172329
S3,2005,9-14,74801921.19372086
S3,2005,0-17,
S3,2005,18-29,
S3,2005,30-65,
S3,2005,66+,26596041.11075926
S3,2005,15-26,118666680.70814812
S3,2005,27-45,140647615.51661223
S3,2005,46-65,74831646.31554377
S3,2006,00-04,
S3,2006,05-09,
S3,2006,10-14,
S3,2006,15-19,
S3,2006,20-24,
S3,2006,25-29,
S3,2006,30-34,
S3,2006,35-39,
S3,2006,40-44,
S3,2006,45-49,
S3,2006,50-54,
S3,2006,55-59,
S3,2006,60-64,
S3,2006,65-69,
S3,2006,70-74,
S3,2006,75+,
S3,2006,0-8,105992710.43501072
S3,2006,9-14,75091114.83966558
S3,2006,0-17,
S3,2006,18-29,
S3,2006,30-65,
S3,2006,66+,27386422.478565395
S3,2006,15-26,120968943.39157882
S3,2006,27-45,143418738.46393245
S3,2006,46-65,77183542.32275414
S3,2007,00-04,
S3,2007,05-09,
S3,2007,10-14,
S3,2007,15-19,
S3,2007,20-24,
S3,2007,25-29,
S3,2007,30-34,
S3,2007,35-39,
S3,2007,40-44,
S3,2007,45-49,
S3,2007,50-54,
S3,2007,55-59,
S3,2007,60-64,
S3,2007,65-69,
S3,2007,70-74,
S3,2007,75+,
S3,2007,0-8,105584566.59826346
S3,2007,9-14,75329781.04340182
S3,2007,0-17,
S3,2007,18-29,
S3,2007,30-65,
S3,2007,66+,28144992.26630193
S3,2007,15-26,123331923.03501767
S3,2007,27-45,146323333.74636447
S3,2007,46-65,79605777.84188503
S3,2008,00-04,
S3,2008,05-09,
S3,2008,10-14,
S3,2008,15-19,
S3,2008,20-24,
S3,2008,25-29,
S3,2008,30-34,
S3,2008,35-39,
S3,2008,40-44,
S3,2008,45-49,
S3,2008,50-54,
S3,2008,55-59,
S3,2008,60-64,
S3,2008,65-69,
S3,2008,70-74,
S3,2008,75+,
S3,2008,0-8,105000914.41315815
S3,2008,9-14,75528112.24195579
S3,2008,0-17,
S3,2008,18-29,
S3,2008,30-65,
S3,2008,66+,28893965.053766727
S3,2008,15-26,125588542.80264443
S3,2008,27-45,149142608.7309891
S3,2008,46-65,82079977.72951883
S3,2009,00-04,
S3,2009,05-09,
S3,2009,10-14,
S3,2009,15-19,
S3,2009,20-24,
S3,2009,25-29,
S3,2009,30-34,
S3,2009,35-39,
S3,2009,40-44,
S3,2009,45-49,
S3,2009,50-54,
S3,2009,55-59,
S3,2009,60-64,
S3,2009,65-69,
S3,2009,70-74,
S3,2009,75+,
S3,2009,0-8,104329821.51110746
S3,2009,9-14,75722023.6629998
S3,2009,0-17,
S3,2009,18-29,
S3,2009,30-65,
S3,2009,66+,29645428.53885758
S3,2009,15-26,127796375.7727859
S3,2009,27-45,152042560.63086164
S3,2009,46-65,84581277.51663488
S3,2010,00-04,
S3,2010,05-09,
S3,2010,10-14,
S3,2010,15-19,
S3,2010,20-24,
S3,2010,25-29,
S3,2010,30-34,
S3,2010,35-39,
S3,2010,40-44,
S3,2010,45-49,
S3,2010,50-54,
S3,2010,55-59,
S3,2010,60-64,
S3,2010,65-69,
S3,2010,70-74,
S3,2010,75+,
S3,2010,0-8,103596185.12810163
S3,2010,9-14,75831654.44370012
S3,2010,0-17,
S3,2010,18-29,
S3,2010,30-65,
S3,2010,66+,30374954.50018406
S3,2010,15-26,129996887.12846127
S3,2010,27-45,155123167.07032436
S3,2010,46-65,87181216.15160495
S3,2011,00-04,
S3,2011,05-09,
S3,2011,10-14,
S3,2011,15-19,
S3,2011,20-24,
S3,2011,25-29,
S3,2011,30-34,
S3,2011,35-39,
S3,2011,40-44,
S3,2011,45-49,
S3,2011,50-54,
S3,2011,55-59,
S3,2011,60-64,
S3,2011,65-69,
S3,2011,70-74,
S3,2011,75+,
S3,2011,0-8,102618857.00890918
S3,2011,9-14,76010286.95362718
S3,2011,0-17,
S3,2011,18-29,
S3,2011,30-65,
S3,2011,66+,31129391.25265622
S3,2011,15-26,132165720.7765654
S3,2011,27-45,158392597.59702885
S3,2011,46-65,89798969.72994733
S3,2012,00-04,
S3,2012,05-09,
S3,2012,10-14,
S3,2012,15-19,
S3,2012,20-24,
S3,2012,25-29,
S3,2012,30-34,
S3,2012,35-39,
S3,2012,40-44,
S3,2012,45-49,
S3,2012,50-54,
S3,2012,55-59,
S3,2012,60-64,
S3,2012,65-69,
S3,2012,70-74,
S3,2012,75+,
S3,2012,0-8,101979161.37371941
S3,2012,9-14,76540583.15446566
S3,2012,0-17,
S3,2012,18-29,
S3,2012,30-65,
S3,2012,66+,31967367.399501324
S3,2012,15-26,133308981.78804159
S3,2012,27-45,161777286.68634272
S3,2012,46-65,92623982.86949581
S3,2013,00-04,
S3,2013,05-09,
S3,2013,10-14,
S3,2013,15-19,
S3,2013,20-24,
S3,2013,25-29,
S3,2013,30-34,
S3,2013,35-39,
S3,2013,40-44,
S3,2013,45-49,
S3,2013,50-54,
S3,2013,55-59,
S3,2013,60-64,
S3,2013,65-69,
S3,2013,70-74,
S3,2013,75+,
S3,2013,0-8,101390651.98972976
S3,2013,9-14,76978309.07377672
S3,2013,0-17,
S3,2013,18-29,
S3,2013,30-65,
S3,2013,66+,32855049.760718822
S3,2013,15-26,134453978.95260823
S3,2013,27-45,165165580.59702188
S3,2013,46-65,95548616.67910987
S3,2014,00-04,
S3,2014,05-09,
S3,2014,10-14,
S3,2014,15-19,
S3,2014,20-24,
S3,2014,25-29,
S3,2014,30-34,
S3,2014,35-39,
S3,2014,40-44,
S3,2014,45-49,
S3,2014,50-54,
S3,2014,55-59,
S3,2014,60-64,
S3,2014,65-69,
S3,2014,70-74,
S3,2014,75+,
S3,2014,0-8,100826804.15230097
S3,2014,9-14,77240649.99039541
S3,2014,0-17,
S3,2014,18-29,
S3,2014,30-65,
S3,2014,66+,33766911.111799955
S3,2014,15-26,135551852.44350874
S3,2014,27-45,168616910.4324447
S3,2014,46-65,98593185.030182
S3,2015,00-04,
S3,2015,05-09,
S3,2015,10-14,
S3,2015,15-19,
S3,2015,20-24,
S3,2015,25-29,
S3,2015,30-34,
S3,2015,35-39,
S3,2015,40-44,
S3,2015,45-49,
S3,2015,50-54,
S3,2015,55-59,
S3,2015,60-64,
S3,2015,65-69,
S3,2015,70-74,
S3,2015,75+,
S3,2015,0-8,100066927.98208988
S3,2015,9-14,77405245.99116182
S3,2015,0-17,
S3,2015,18-29,
S3,2015,30-65,
S3,2015,66+,35049760.19487405
S3,2015,15-26,136656038.50952947
S3,2015,27-45,172225138.36016297
S3,2015,46-65,101405788.72246003
S3,2016,00-04,
S3,2016,05-09,
S3,2016,10-14,
S3,2016,15-19,
S3,2016,20-24,
S3,2016,25-29,
S3,2016,30-34,
S3,2016,35-39,
S3,2016,40-44,
S3,2016,45-49,
S3,2016,50-54,
S3,2016,55-59,
S3,2016,60-64,
S3,2016,65-69,
S3,2016,70-74,
S3,2016,75+,
S3,2016,0-8,99557381.9784465
S3,2016,9-14,77168586.37711589
S3,2016,0-17,
S3,2016,18-29,
S3,2016,30-65,
S3,2016,66+,36428859.045289755
S3,2016,15-26,137776327.5332293
S3,2016,27-45,175699558.25425828
S3,2016,46-65,104172574.12781084
S3,2017,00-04,
S3,2017,05-09,
S3,2017,10-14,
S3,2017,15-19,
S3,2017,20-24,
S3,2017,25-29,
S3,2017,30-34,
S3,2017,35-39,
S3,2017,40-44,
S3,2017,45-49,
S3,2017,50-54,
S3,2017,55-59,
S3,2017,60-64,
S3,2017,65-69,
S3,2017,70-74,
S3,2017,75+,
S3,2017,0-8,99175812.5321221
S3,2017,9-14,76527389.61016199
S3,2017,0-17,
S3,2017,18-29,
S3,2017,30-65,
S3,2017,66+,37842724.700650215
S3,2017,15-26,138882852.64041966
S3,2017,27-45,179065488.99652642
S3,2017,46-65,106855521.20415384
S3,2018,00-04,
S3,2018,05-09,
S3,2018,10-14,
S3,2018,15-19,
S3,2018,20-24,
S3,2018,25-29,
S3,2018,30-34,
S3,2018,35-39,
S3,2018,40-44,
S3,2018,45-49,
S3,2018,50-54,
S3,2018,55-59,
S3,2018,60-64,
S3,2018,65-69,
S3,2018,70-74,
S3,2018,75+,
S3,2018,0-8,98708859.13374346
S3,2018,9-14,75846341.73697549
S3,2018,0-17,
S3,2018,18-29,
S3,2018,30-65,
S3,2018,66+,39362420.61386025
S3,2018,15-26,139969829.98125672
S3,2018,27-45,182407237.50125343
S3,2018,46-65,109605616.0684858
S3,2019,00-04,
S3,2019,05-09,
S3,2019,10-14,
S3,2019,15-19,
S3,2019,20-24,
S3,2019,25-29,
S3,2019,30-34,
S3,2019,35-39,
S3,2019,40-44,
S3,2019,45-49,
S3,2019,50-54,
S3,2019,55-59,
S3,2019,60-64,
S3,2019,65-69,
S3,2019,70-74,
S3,2019,75+,
S3,2019,0-8,98395965.2440953
S3,2019,9-14,75244433.54957116
S3,2019,0-17,
S3,2019,18-29,
S3,2019,30-65,
S3,2019,66+,40956098.03521025
S3,2019,15-26,140868489.10812238
S3,2019,27-45,185601640.23283923
S3,2019,46-65,112399386.35799444
S3,2020,00-04,
S3,2020,05-09,
S3,2020,10-14,
S3,2020,15-19,
S3,2020,20-24,
S3,2020,25-29,
S3,2020,30-34,
S3,2020,35-39,
S3,2020,40-44,
S3,2020,45-49,
S3,2020,50-54,
S3,2020,55-59,
S3,2020,60-64,
S3,2020,65-69,
S3,2020,70-74,
S3,2020,75+,
S3,2020,0-8,97966882.56437983
S3,2020,9-14,74746812.47642945
S3,2020,0-17,
S3,2020,18-29,
S3,2020,30-65,
S3,2020,66+,42682364.63867426
S3,2020,15-26,141655075.911947
S3,2020,27-45,188779927.71743828
S3,2020,46-65,115212049.68935889
S3,2021,00-04,
S3,2021,05-09,
S3,2021,10-14,
S3,2021,15-19,
S3,2021,20-24,
S3,2021,25-29,
S3,2021,30-34,
S3,2021,35-39,
S3,2021,40-44,
S3,2021,45-49,
S3,2021,50-54,
S3,2021,55-59,
S3,2021,60-64,
S3,2021,65-69,
S3,2021,70-74,
S3,2021,75+,
S3,2021,0-8,97404741.72079907
S3,2021,9-14,74331517.19065507
S3,2021,0-17,
S3,2021,18-29,
S3,2021,30-65,
S3,2021,66+,44274527.69407511
S3,2021,15-26,142408909.59103763
S3,2021,27-45,192038792.91468447
S3,2021,46-65,117924615.47688365
S3,2022,00-04,
S3,2022,05-09,
S3,2022,10-14,
S3,2022,15-19,
S3,2022,20-24,
S3,2022,25-29,
S3,2022,30-34,
S3,2022,35-39,
S3,2022,40-44,
S3,2022,45-49,
S3,2022,50-54,
S3,2022,55-59,
S3,2022,60-64,
S3,2022,65-69,
S3,2022,70-74,
S3,2022,75+,
S3,2022,0-8,96999855.23602745
S3,2022,9-14,74132968.06820509
S3,2022,0-17,
S3,2022,18-29,
S3,2022,30-65,
S3,2022,66+,45135946.48961556
S3,2022,15-26,143167733.43791926
S3,2022,27-45,195318147.40288043
S3,2022,46-65,120478853.55094796
S3,2023,00-04,
S3,2023,05-09,
S3,2023,10-14,
S3,2023,15-19,
S3,2023,20-24,
S3,2023,25-29,
S3,2023,30-34,
S3,2023,35-39,
S3,2023,40-44,
S3,2023,45-49,
S3,2023,50-54,
S3,2023,55-59,
S3,2023,60-64,
S3,2023,65-69,
S3,2023,70-74,
S3,2023,75+,
S3,2023,0-8,96490390.81752023
S3,2023,9-14,73780036.54790711
S3,2023,0-17,
S3,2023,18-29,
S3,2023,30-65,
S3,2023,66+,46983728.223430514
S3,2023,15-26,143321348.27077052
S3,2023,27-45,198119771.41604704
S3,2023,46-65,123399596.93593836
S3,2024,00-04,
S3,2024,05-09,
S3,2024,10-14,
S3,2024,15-19,
S3,2024,20-24,
S3,2024,25-29,
S3,2024,30-34,
S3,2024,35-39,
S3,2024,40-44,
S3,2024,45-49,
S3,2024,50-54,
S3,2024,55-59,
S3,2024,60-64,
S3,2024,65-69,
S3,2024,70-74,
S3,2024,75+,
S3,2024,0-8,96111512.11796078
S3,2024,9-14,73301564.95071152
S3,2024,0-17,
S3,2024,18-29,
S3,2024,30-65,
S3,2024,66+,48837554.94233036
S3,2024,15-26,143475936.16133362
S3,2024,27-45,200854851.65266818
S3,2024,46-65,126390002.4026742
S3,2025,00-04,
S3,2025,05-09,
S3,2025,10-14,
S3,2025,15-19,
S3,2025,20-24,
S3,2025,25-29,
S3,2025,30-34,
S3,2025,35-39,
S3,2025,40-44,
S3,2025,45-49,
S3,2025,50-54,
S3,2025,55-59,
S3,2025,60-64,
S3,2025,65-69,
S3,2025,70-74,
S3,2025,75+,
S3,2025,0-8,96078569.26395348
S3,2025,9-14,72332665.84166417
S3,2025,0-17,
S3,2025,18-29,
S3,2025,30-65,
S3,2025,66+,50765495.913314104
S3,2025,15-26,143561867.66222912
S3,2025,27-45,203568883.3466041
S3,2025,46-65,129550871.07525367
S3,2026,00-04,
S3,2026,05-09,
S3,2026,10-14,
S3,2026,15-19,
S3,2026,20-24,
S3,2026,25-29,
S3,2026,30-34,
S3,2026,35-39,
S3,2026,40-44,
S3,2026,45-49,
S3,2026,50-54,
S3,2026,55-59,
S3,2026,60-64,
S3,2026,65-69,
S3,2026,70-74,
S3,2026,75+,
S3,2026,0-8,95958145.46193035
S3,2026,9-14,71481552.40921034
S3,2026,0-17,
S3,2026,18-29,
S3,2026,30-65,
S3,2026,66+,52723784.104828715
S3,2026,15-26,143359284.03190956
S3,2026,27-45,206133378.51193613
S3,2026,46-65,132814059.09434938
S3,2027,00-04,
S3,2027,05-09,
S3,2027,10-14,
S3,2027,15-19,
S3,2027,20-24,
S3,2027,25-29,
S3,2027,30-34,
S3,2027,35-39,
S3,2027,40-44,
S3,2027,45-49,
S3,2027,50-54,
S3,2027,55-59,
S3,2027,60-64,
S3,2027,65-69,
S3,2027,70-74,
S3,2027,75+,
S3,2027,0-8,95700321.54530576
S3,2027,9-14,70691010.74262068
S3,2027,0-17,
S3,2027,18-29,
S3,2027,30-65,
S3,2027,66+,54679627.28877807
S3,2027,15-26,142879351.8304584
S3,2027,27-45,208487905.2630521
S3,2027,46-65,136079285.29734313
S3,2028,00-04,
S3,2028,05-09,
S3,2028,10-14,
S3,2028,15-19,
S3,2028,20-24,
S3,2028,25-29,
S3,2028,30-34,
S3,2028,35-39,
S3,2028,40-44,
S3,2028,45-49,
S3,2028,50-54,
S3,2028,55-59,
S3,2028,60-64,
S3,2028,65-69,
S3,2028,70-74,
S3,2028,75+,
S3,2028,0-8,95698966.37270449
S3,2028,9-14,69698968.5241578
S3,2028,0-17,
S3,2028,18-29,
S3,2028,30-65,
S3,2028,66+,56680906.41991162
S3,2028,15-26,142351406.64851698
S3,2028,27-45,210696871.74067926
S3,2028,46-65,139445706.9130702
S3,2029,00-04,
S3,2029,05-09,
S3,2029,10-14,
S3,2029,15-19,
S3,2029,20-24,
S3,2029,25-29,
S3,2029,30-34,
S3,2029,35-39,
S3,2029,40-44,
S3,2029,45-49,
S3,2029,50-54,
S3,2029,55-59,
S3,2029,60-64,
S3,2029,65-69,
S3,2029,70-74,
S3,2029,75+,
S3,2029,0-8,95569025.46227482
S3,2029,9-14,68988000.4144013
S3,2029,0-17,
S3,2029,18-29,
S3,2029,30-65,
S3,2029,66+,58717135.98228276
S3,2029,15-26,141744276.73303553
S3,2029,27-45,212680566.46537626
S3,2029,46-65,142945400.4655342
S3,2030,00-04,
S3,2030,05-09,
S3,2030,10-14,
S3,2030,15-19,
S3,2030,20-24,
S3,2030,25-29,
S3,2030,30-34,
S3,2030,35-39,
S3,2030,40-44,
S3,2030,45-49,
S3,2030,50-54,
S3,2030,55-59,
S3,2030,60-64,
S3,2030,65-69,
S3,2030,70-74,
S3,2030,75+,
S3,2030,0-8,95566313.62056199
S3,2030,9-14,68543499.33686224
S3,2030,0-17,
S3,2030,18-29,
S3,2030,30-65,
S3,2030,66+,60801037.88540506
S3,2030,15-26,140794360.73301232
S3,2030,27-45,214426462.743662
S3,2030,46-65,146599788.4823082
S3,2031,00-04,
S3,2031,05-09,
S3,2031,10-14,
S3,2031,15-19,
S3,2031,20-24,
S3,2031,25-29,
S3,2031,30-34,
S3,2031,35-39,
S3,2031,40-44,
S3,2031,45-49,
S3,2031,50-54,
S3,2031,55-59,
S3,2031,60-64,
S3,2031,65-69,
S3,2031,70-74,
S3,2031,75+,
S3,2031,0-8,95742869.98374055
S3,2031,9-14,67762604.39210714
S3,2031,0-17,
S3,2031,18-29,
S3,2031,30-65,
S3,2031,66+,62891792.72736359
S3,2031,15-26,139915973.55874515
S3,2031,27-45,215901816.56282216
S3,2031,46-65,150315420.01501852
S3,2032,00-04,
S3,2032,05-09,
S3,2032,10-14,
S3,2032,15-19,
S3,2032,20-24,
S3,2032,25-29,
S3,2032,30-34,
S3,2032,35-39,
S3,2032,40-44,
S3,2032,45-49,
S3,2032,50-54,
S3,2032,55-59,
S3,2032,60-64,
S3,2032,65-69,
S3,2032,70-74,
S3,2032,75+,
S3,2032,0-8,95844207.06000598
S3,2032,9-14,66828447.897060886
S3,2032,0-17,
S3,2032,18-29,
S3,2032,30-65,
S3,2032,66+,64985333.62741184
S3,2032,15-26,139045766.32464585
S3,2032,27-45,216973329.42829466
S3,2032,46-65,154067810.03790504
S3,2033,00-04,
S3,2033,05-09,
S3,2033,10-14,
S3,2033,15-19,
S3,2033,20-24,
S3,2033,25-29,
S3,2033,30-34,
S3,2033,35-39,
S3,2033,40-44,
S3,2033,45-49,
S3,2033,50-54,
S3,2033,55-59,
S3,2033,60-64,
S3,2033,65-69,
S3,2033,70-74,
S3,2033,75+,
S3,2033,0-8,95856735.5541135
S3,2033,9-14,66252988.70183265
S3,2033,0-17,
S3,2033,18-29,
S3,2033,30-65,
S3,2033,66+,67157327.1468525
S3,2033,15-26,137978896.1071992
S3,2033,27-45,217934365.02382284
S3,2033,46-65,157788193.88877457
S3,2034,00-04,
S3,2034,05-09,
S3,2034,10-14,
S3,2034,15-19,
S3,2034,20-24,
S3,2034,25-29,
S3,2034,30-34,
S3,2034,35-39,
S3,2034,40-44,
S3,2034,45-49,
S3,2034,50-54,
S3,2034,55-59,
S3,2034,60-64,
S3,2034,65-69,
S3,2034,70-74,
S3,2034,75+,
S3,2034,0-8,95821459.25832695
S3,2034,9-14,65589976.309502214
S3,2034,0-17,
S3,2034,18-29,
S3,2034,30-65,
S3,2034,66+,69411061.47382057
S3,2034,15-26,137082225.4411696
S3,2034,27-45,218758087.70140105
S3,2034,46-65,161546740.37680548
S3,2035,00-04,
S3,2035,05-09,
S3,2035,10-14,
S3,2035,15-19,
S3,2035,20-24,
S3,2035,25-29,
S3,2035,30-34,
S3,2035,35-39,
S3,2035,40-44,
S3,2035,45-49,
S3,2035,50-54,
S3,2035,55-59,
S3,2035,60-64,
S3,2035,65-69,
S3,2035,70-74,
S3,2035,75+,
S3,2035,0-8,95704271.94967341
S3,2035,9-14,65166903.050955474
S3,2035,0-17,
S3,2035,18-29,
S3,2035,30-65,
S3,2035,66+,71712209.87057316
S3,2035,15-26,135979285.63028938
S3,2035,27-45,219540326.03590643
S3,2035,46-65,165358273.47315598
S3,2036,00-04,
S3,2036,05-09,
S3,2036,10-14,
S3,2036,15-19,
S3,2036,20-24,
S3,2036,25-29,
S3,2036,30-34,
S3,2036,35-39,
S3,2036,40-44,
S3,2036,45-49,
S3,2036,50-54,
S3,2036,55-59,
S3,2036,60-64,
S3,2036,65-69,
S3,2036,70-74,
S3,2036,75+,
S3,2036,0-8,95522807.23878579
S3,2036,9-14,65028657.05234964
S3,2036,0-17,
S3,2036,18-29,
S3,2036,30-65,
S3,2036,66+,74082541.12090838
S3,2036,15-26,134794379.6570425
S3,2036,27-45,220165008.7126643
S3,2036,46-65,169136538.07263082
S3,2037,00-04,
S3,2037,05-09,
S3,2037,10-14,
S3,2037,15-19,
S3,2037,20-24,
S3,2037,25-29,
S3,2037,30-34,
S3,2037,35-39,
S3,2037,40-44,
S3,2037,45-49,
S3,2037,50-54,
S3,2037,55-59,
S3,2037,60-64,
S3,2037,65-69,
S3,2037,70-74,
S3,2037,75+,
S3,2037,0-8,95277834.44480912
S3,2037,9-14,64959313.25413503
S3,2037,0-17,
S3,2037,18-29,
S3,2037,30-65,
S3,2037,66+,76560823.04333997
S3,2037,15-26,133689299.63996786
S3,2037,27-45,220651096.68514365
S3,2037,46-65,172900650.7839126
S3,2038,00-04,
S3,2038,05-09,
S3,2038,10-14,
S3,2038,15-19,
S3,2038,20-24,
S3,2038,25-29,
S3,2038,30-34,
S3,2038,35-39,
S3,2038,40-44,
S3,2038,45-49,
S3,2038,50-54,
S3,2038,55-59,
S3,2038,60-64,
S3,2038,65-69,
S3,2038,70-74,
S3,2038,75+,
S3,2038,0-8,94968176.55257492
S3,2038,9-14,64880558.214682
S3,2038,0-17,
S3,2038,18-29,
S3,2038,30-65,
S3,2038,66+,79127328.70069647
S3,2038,15-26,132673000.47584707
S3,2038,27-45,221081796.37477505
S3,2038,46-65,176612611.8332752
S3,2039,00-04,
S3,2039,05-09,
S3,2039,10-14,
S3,2039,15-19,
S3,2039,20-24,
S3,2039,25-29,
S3,2039,30-34,
S3,2039,35-39,
S3,2039,40-44,
S3,2039,45-49,
S3,2039,50-54,
S3,2039,55-59,
S3,2039,60-64,
S3,2039,65-69,
S3,2039,70-74,
S3,2039,75+,
S3,2039,0-8,94583039.91699612
S3,2039,9-14,64787785.62974474
S3,2039,0-17,
S3,2039,18-29,
S3,2039,30-65,
S3,2039,66+,81801508.23136878
S3,2039,15-26,131773279.21002236
S3,2039,27-45,221404764.13198018
S3,2039,46-65,180218327.79596412
S3,2040,00-04,
S3,2040,05-09,
S3,2040,10-14,
S3,2040,15-19,
S3,2040,20-24,
S3,2040,25-29,
S3,2040,30-34,
S3,2040,35-39,
S3,2040,40-44,
S3,2040,45-49,
S3,2040,50-54,
S3,2040,55-59,
S3,2040,60-64,
S3,2040,65-69,
S3,2040,70-74,
S3,2040,75+,
S3,2040,0-8,94108342.67404395
S3,2040,9-14,64670837.20756599
S3,2040,0-17,
S3,2040,18-29,
S3,2040,30-65,
S3,2040,66+,84549266.88388455
S3,2040,15-26,131104380.17522636
S3,2040,27-45,221435350.89547735
S3,2040,46-65,183759336.58534443
S3,2041,00-04,
S3,2041,05-09,
S3,2041,10-14,
S3,2041,15-19,
S3,2041,20-24,
S3,2041,25-29,
S3,2041,30-34,
S3,2041,35-39,
S3,2041,40-44,
S3,2041,45-49,
S3,2041,50-54,
S3,2041,55-59,
S3,2041,60-64,
S3,2041,65-69,
S3,2041,70-74,
S3,2041,75+,
S3,2041,0-8,93544974.43479495
S3,2041,9-14,64553801.62114094
S3,2041,0-17,
S3,2041,18-29,
S3,2041,30-65,
S3,2041,66+,87313450.47243094
S3,2041,15-26,130352702.81738743
S3,2041,27-45,221447943.38621527
S3,2041,46-65,187222706.92628986
S3,2042,00-04,
S3,2042,05-09,
S3,2042,10-14,
S3,2042,15-19,
S3,2042,20-24,
S3,2042,25-29,
S3,2042,30-34,
S3,2042,35-39,
S3,2042,40-44,
S3,2042,45-49,
S3,2042,50-54,
S3,2042,55-59,
S3,2042,60-64,
S3,2042,65-69,
S3,2042,70-74,
S3,2042,75+,
S3,2042,0-8,92907024.75334427
S3,2042,9-14,64391518.01260254
S3,2042,0-17,
S3,2042,18-29,
S3,2042,30-65,
S3,2042,66+,90169823.25285077
S3,2042,15-26,129525185.30068976
S3,2042,27-45,221405460.67206764
S3,2042,46-65,190513567.37324715
S3,2043,00-04,
S3,2043,05-09,
S3,2043,10-14,
S3,2043,15-19,
S3,2043,20-24,
S3,2043,25-29,
S3,2043,30-34,
S3,2043,35-39,
S3,2043,40-44,
S3,2043,45-49,
S3,2043,50-54,
S3,2043,55-59,
S3,2043,60-64,
S3,2043,65-69,
S3,2043,70-74,
S3,2043,75+,
S3,2043,0-8,92220101.1202033
S3,2043,9-14,64166425.74655838
S3,2043,0-17,
S3,2043,18-29,
S3,2043,30-65,
S3,2043,66+,93014234.14989829
S3,2043,15-26,128872736.95348102
S3,2043,27-45,221002241.47859228
S3,2043,46-65,193730022.05600256
S3,2044,00-04,
S3,2044,05-09,
S3,2044,10-14,
S3,2044,15-19,
S3,2044,20-24,
S3,2044,25-29,
S3,2044,30-34,
S3,2044,35-39,
S3,2044,40-44,
S3,2044,45-49,
S3,2044,50-54,
S3,2044,55-59,
S3,2044,60-64,
S3,2044,65-69,
S3,2044,70-74,
S3,2044,75+,
S3,2044,0-8,91485167.22544397
S3,2044,9-14,63894112.884727016
S3,2044,0-17,
S3,2044,18-29,
S3,2044,30-65,
S3,2044,66+,95890930.53242815
S3,2044,15-26,128140457.76188794
S3,2044,27-45,220465746.8206144
S3,2044,46-65,196827822.4835707
S3,2045,00-04,
S3,2045,05-09,
S3,2045,10-14,
S3,2045,15-19,
S3,2045,20-24,
S3,2045,25-29,
S3,2045,30-34,
S3,2045,35-39,
S3,2045,40-44,
S3,2045,45-49,
S3,2045,50-54,
S3,2045,55-59,
S3,2045,60-64,
S3,2045,65-69,
S3,2045,70-74,
S3,2045,75+,
S3,2045,0-8,90720276.21091673
S3,2045,9-14,63570919.95980653
S3,2045,0-17,
S3,2045,18-29,
S3,2045,30-65,
S3,2045,66+,98854509.54223764
S3,2045,15-26,127660110.95608437
S3,2045,27-45,219494355.41699278
S3,2045,46-65,199775401.53236228
S3,2046,00-04,
S3,2046,05-09,
S3,2046,10-14,
S3,2046,15-19,
S3,2046,20-24,
S3,2046,25-29,
S3,2046,30-34,
S3,2046,35-39,
S3,2046,40-44,
S3,2046,45-49,
S3,2046,50-54,
S3,2046,55-59,
S3,2046,60-64,
S3,2046,65-69,
S3,2046,70-74,
S3,2046,75+,
S3,2046,0-8,89929101.97120495
S3,2046,9-14,63200315.65137963
S3,2046,0-17,
S3,2046,18-29,
S3,2046,30-65,
S3,2046,66+,101943791.55627692
S3,2046,15-26,127287925.29563063
S3,2046,27-45,218183962.52384883
S3,2046,46-65,202648332.70819986
S3,2047,00-04,
S3,2047,05-09,
S3,2047,10-14,
S3,2047,15-19,
S3,2047,20-24,
S3,2047,25-29,
S3,2047,30-34,
S3,2047,35-39,
S3,2047,40-44,
S3,2047,45-49,
S3,2047,50-54,
S3,2047,55-59,
S3,2047,60-64,
S3,2047,65-69,
S3,2047,70-74,
S3,2047,75+,
S3,2047,0-8,89140647.9299011
S3,2047,9-14,62796424.61643389
S3,2047,0-17,
S3,2047,18-29,
S3,2047,30-65,
S3,2047,66+,105118520.7674886
S3,2047,15-26,126867613.50934243
S3,2047,27-45,216717147.77726793
S3,2047,46-65,205476046.3686658
S3,2048,00-04,
S3,2048,05-09,
S3,2048,10-14,
S3,2048,15-19,
S3,2048,20-24,
S3,2048,25-29,
S3,2048,30-34,
S3,2048,35-39,
S3,2048,40-44,
S3,2048,45-49,
S3,2048,50-54,
S3,2048,55-59,
S3,2048,60-64,
S3,2048,65-69,
S3,2048,70-74,
S3,2048,75+,
S3,2048,0-8,88358138.76815243
S3,2048,9-14,62368692.74346413
S3,2048,0-17,
S3,2048,18-29,
S3,2048,30-65,
S3,2048,66+,108363900.00156605
S3,2048,15-26,126496542.9521276
S3,2048,27-45,215139701.55417097
S3,2048,46-65,208112675.61841285
S3,2049,00-04,
S3,2049,05-09,
S3,2049,10-14,
S3,2049,15-19,
S3,2049,20-24,
S3,2049,25-29,
S3,2049,30-34,
S3,2049,35-39,
S3,2049,40-44,
S3,2049,45-49,
S3,2049,50-54,
S3,2049,55-59,
S3,2049,60-64,
S3,2049,65-69,
S3,2049,70-74,
S3,2049,75+,
S3,2049,0-8,87599187.28330317
S3,2049,9-14,61902364.67119074
S3,2049,0-17,
S3,2049,18-29,
S3,2049,30-65,
S3,2049,66+,111702182.39611125
S3,2049,15-26,126012619.38358703
S3,2049,27-45,213699219.88471133
S3,2049,46-65,210456532.77065468
S3,2050,00-04,
S3,2050,05-09,
S3,2050,10-14,
S3,2050,15-19,
S3,2050,20-24,
S3,2050,25-29,
S3,2050,30-34,
S3,2050,35-39,
S3,2050,40-44,
S3,2050,45-49,
S3,2050,50-54,
S3,2050,55-59,
S3,2050,60-64,
S3,2050,65-69,
S3,2050,70-74,
S3,2050,75+,
S3,2050,0-8,86870415.43575549
S3,2050,9-14,61405713.29561791
S3,2050,0-17,
S3,2050,18-29,
S3,2050,30-65,
S3,2050,66+,115161213.34676778
S3,2050,15-26,125523739.53725395
S3,2050,27-45,212262163.9616831
S3,2050,46-65,212506732.64447808
S3,2051,00-04,
S3,2051,05-09,
S3,2051,10-14,
S3,2051,15-19,
S3,2051,20-24,
S3,2051,25-29,
S3,2051,30-34,
S3,2051,35-39,
S3,2051,40-44,
S3,2051,45-49,
S3,2051,50-54,
S3,2051,55-59,
S3,2051,60-64,
S3,2051,65-69,
S3,2051,70-74,
S3,2051,75+,
S3,2051,0-8,86162135.27548008
S3,2051,9-14,60898052.64902742
S3,2051,0-17,
S3,2051,18-29,
S3,2051,30-65,
S3,2051,66+,118691984.70840287
S3,2051,15-26,125097431.58041495
S3,2051,27-45,210812784.86345303
S3,2051,46-65,214261977.9379503
S3,2052,00-04,
S3,2052,05-09,
S3,2052,10-14,
S3,2052,15-19,
S3,2052,20-24,
S3,2052,25-29,
S3,2052,30-34,
S3,2052,35-39,
S3,2052,40-44,
S3,2052,45-49,
S3,2052,50-54,
S3,2052,55-59,
S3,2052,60-64,
S3,2052,65-69,
S3,2052,70-74,
S3,2052,75+,
S3,2052,0-8,85491398.04834387
S3,2052,9-14,60374111.25793341
S3,2052,0-17,
S3,2052,18-29,
S3,2052,30-65,
S3,2052,66+,122347904.75863397
S3,2052,15-26,124623329.92482793
S3,2052,27-45,209421743.26282173
S3,2052,46-65,215688770.1465556
S3,2053,00-04,
S3,2053,05-09,
S3,2053,10-14,
S3,2053,15-19,
S3,2053,20-24,
S3,2053,25-29,
S3,2053,30-34,
S3,2053,35-39,
S3,2053,40-44,
S3,2053,45-49,
S3,2053,50-54,
S3,2053,55-59,
S3,2053,60-64,
S3,2053,65-69,
S3,2053,70-74,
S3,2053,75+,
S3,2053,0-8,84853142.99465032
S3,2053,9-14,59842130.35357405
S3,2053,0-17,
S3,2053,18-29,
S3,2053,30-65,
S3,2053,66+,125983853.82179213
S3,2053,15-26,124059901.53517899
S3,2053,27-45,208125431.37488604
S3,2053,46-65,216934630.0805537
S3,2054,00-04,
S3,2054,05-09,
S3,2054,10-14,
S3,2054,15-19,
S3,2054,20-24,
S3,2054,25-29,
S3,2054,30-34,
S3,2054,35-39,
S3,2054,40-44,
S3,2054,45-49,
S3,2054,50-54,
S3,2054,55-59,
S3,2054,60-64,
S3,2054,65-69,
S3,2054,70-74,
S3,2054,75+,
S3,2054,0-8,84249886.11443394
S3,2054,9-14,59320167.20236158
S3,2054,0-17,
S3,2054,18-29,
S3,2054,30-65,
S3,2054,66+,129658671.31318069
S3,2054,15-26,123429669.78554466
S3,2054,27-45,206815891.0460659
S3,2054,46-65,218016345.9098788
S3,2055,00-04,
S3,2055,05-09,
S3,2055,10-14,
S3,2055,15-19,
S3,2055,20-24,
S3,2055,25-29,
S3,2055,30-34,
S3,2055,35-39,
S3,2055,40-44,
S3,2055,45-49,
S3,2055,50-54,
S3,2055,55-59,
S3,2055,60-64,
S3,2055,65-69,
S3,2055,70-74,
S3,2055,75+,
S3,2055,0-8,83657174.182937
S3,2055,9-14,58809549.41951391
S3,2055,0-17,
S3,2055,18-29,
S3,2055,30-65,
S3,2055,66+,133357050.82308137
S3,2055,15-26,122709095.10390645
S3,2055,27-45,205428581.85489583
S3,2055,46-65,219025646.1905911
S3,2056,00-04,
S3,2056,05-09,
S3,2056,10-14,
S3,2056,15-19,
S3,2056,20-24,
S3,2056,25-29,
S3,2056,30-34,
S3,2056,35-39,
S3,2056,40-44,
S3,2056,45-49,
S3,2056,50-54,
S3,2056,55-59,
S3,2056,60-64,
S3,2056,65-69,
S3,2056,70-74,
S3,2056,75+,
S3,2056,0-8,83106660.40154858
S3,2056,9-14,58286707.587730214
S3,2056,0-17,
S3,2056,18-29,
S3,2056,30-65,
S3,2056,66+,137024463.37756073
S3,2056,15-26,121928266.36843494
S3,2056,27-45,204156023.96656314
S3,2056,46-65,219831705.61511797
S3,2057,00-04,
S3,2057,05-09,
S3,2057,10-14,
S3,2057,15-19,
S3,2057,20-24,
S3,2057,25-29,
S3,2057,30-34,
S3,2057,35-39,
S3,2057,40-44,
S3,2057,45-49,
S3,2057,50-54,
S3,2057,55-59,
S3,2057,60-64,
S3,2057,65-69,
S3,2057,70-74,
S3,2057,75+,
S3,2057,0-8,82592392.72821431
S3,2057,9-14,57782555.50303139
S3,2057,0-17,
S3,2057,18-29,
S3,2057,30-65,
S3,2057,66+,140699837.85955513
S3,2057,15-26,121080914.41679788
S3,2057,27-45,202914730.80857354
S3,2057,46-65,220445394.63600028
S3,2058,00-04,
S3,2058,05-09,
S3,2058,10-14,
S3,2058,15-19,
S3,2058,20-24,
S3,2058,25-29,
S3,2058,30-34,
S3,2058,35-39,
S3,2058,40-44,
S3,2058,45-49,
S3,2058,50-54,
S3,2058,55-59,
S3,2058,60-64,
S3,2058,65-69,
S3,2058,70-74,
S3,2058,75+,
S3,2058,0-8,82115555.87990469
S3,2058,9-14,57293840.65697396
S3,2058,0-17,
S3,2058,18-29,
S3,2058,30-65,
S3,2058,66+,144337727.32989812
S3,2058,15-26,120192987.73384997
S3,2058,27-45,201674615.7870694
S3,2058,46-65,220935194.2095673
S3,2059,00-04,
S3,2059,05-09,
S3,2059,10-14,
S3,2059,15-19,
S3,2059,20-24,
S3,2059,25-29,
S3,2059,30-34,
S3,2059,35-39,
S3,2059,40-44,
S3,2059,45-49,
S3,2059,50-54,
S3,2059,55-59,
S3,2059,60-64,
S3,2059,65-69,
S3,2059,70-74,
S3,2059,75+,
S3,2059,0-8,81652662.63669628
S3,2059,9-14,56825057.27239859
S3,2059,0-17,
S3,2059,18-29,
S3,2059,30-65,
S3,2059,66+,147925774.7842604
S3,2059,15-26,119266152.4108527
S3,2059,27-45,200523031.54451004
S3,2059,46-65,221222780.07833135
S3,2060,00-04,
S3,2060,05-09,
S3,2060,10-14,
S3,2060,15-19,
S3,2060,20-24,
S3,2060,25-29,
S3,2060,30-34,
S3,2060,35-39,
S3,2060,40-44,
S3,2060,45-49,
S3,2060,50-54,
S3,2060,55-59,
S3,2060,60-64,
S3,2060,65-69,
S3,2060,70-74,
S3,2060,75+,
S3,2060,0-8,81197097.27301425
S3,2060,9-14,56377784.57507059
S3,2060,0-17,
S3,2060,18-29,
S3,2060,30-65,
S3,2060,66+,151494127.97511947
S3,2060,15-26,118308686.13606825
S3,2060,27-45,199651406.09367526
S3,2060,46-65,221087691.64017385
S3,2061,00-04,
S3,2061,05-09,
S3,2061,10-14,
S3,2061,15-19,
S3,2061,20-24,
S3,2061,25-29,
S3,2061,30-34,
S3,2061,35-39,
S3,2061,40-44,
S3,2061,45-49,
S3,2061,50-54,
S3,2061,55-59,
S3,2061,60-64,
S3,2061,65-69,
S3,2061,70-74,
S3,2061,75+,
S3,2061,0-8,80745651.23617826
S3,2061,9-14,55965081.886972085
S3,2061,0-17,
S3,2061,18-29,
S3,2061,30-65,
S3,2061,66+,155012720.15598977
S3,2061,15-26,117311548.6962823
S3,2061,27-45,198655463.29024646
S3,2061,46-65,220959136.57518494
S3,2062,00-04,
S3,2062,05-09,
S3,2062,10-14,
S3,2062,15-19,
S3,2062,20-24,
S3,2062,25-29,
S3,2062,30-34,
S3,2062,35-39,
S3,2062,40-44,
S3,2062,45-49,
S3,2062,50-54,
S3,2062,55-59,
S3,2062,60-64,
S3,2062,65-69,
S3,2062,70-74,
S3,2062,75+,
S3,2062,0-8,80279069.74068567
S3,2062,9-14,55579819.37161851
S3,2062,0-17,
S3,2062,18-29,
S3,2062,30-65,
S3,2062,66+,158484042.82559133
S3,2062,15-26,116299871.59157434
S3,2062,27-45,197529318.0169471
S3,2062,46-65,220817955.2222485
S3,2063,00-04,
S3,2063,05-09,
S3,2063,10-14,
S3,2063,15-19,
S3,2063,20-24,
S3,2063,25-29,
S3,2063,30-34,
S3,2063,35-39,
S3,2063,40-44,
S3,2063,45-49,
S3,2063,50-54,
S3,2063,55-59,
S3,2063,60-64,
S3,2063,65-69,
S3,2063,70-74,
S3,2063,75+,
S3,2063,0-8,79824472.7125835
S3,2063,9-14,55220101.18643843
S3,2063,0-17,
S3,2063,18-29,
S3,2063,30-65,
S3,2063,66+,161910433.4424572
S3,2063,15-26,115285334.10292736
S3,2063,27-45,196601320.03888664
S3,2063,46-65,220325805.36747807
S3,2064,00-04,
S3,2064,05-09,
S3,2064,10-14,
S3,2064,15-19,
S3,2064,20-24,
S3,2064,25-29,
S3,2064,30-34,
S3,2064,35-39,
S3,2064,40-44,
S3,2064,45-49,
S3,2064,50-54,
S3,2064,55-59,
S3,2064,60-64,
S3,2064,65-69,
S3,2064,70-74,
S3,2064,75+,
S3,2064,0-8,79361868.17795701
S3,2064,9-14,54882060.270078674
S3,2064,0-17,
S3,2064,18-29,
S3,2064,30-65,
S3,2064,66+,165302624.03179932
S3,2064,15-26,114285045.37875205
S3,2064,27-45,195525425.12710497
S3,2064,46-65,219822710.59043312
S3,2065,00-04,
S3,2065,05-09,
S3,2065,10-14,
S3,2065,15-19,
S3,2065,20-24,
S3,2065,25-29,
S3,2065,30-34,
S3,2065,35-39,
S3,2065,40-44,
S3,2065,45-49,
S3,2065,50-54,
S3,2065,55-59,
S3,2065,60-64,
S3,2065,65-69,
S3,2065,70-74,
S3,2065,75+,
S3,2065,0-8,78908094.89452873
S3,2065,9-14,54540859.957335785
S3,2065,0-17,
S3,2065,18-29,
S3,2065,30-65,
S3,2065,66+,168667729.4353007
S3,2065,15-26,113303277.55112085
S3,2065,27-45,194602610.2069935
S3,2065,46-65,218996040.90642303
S3,2066,00-04,
S3,2066,05-09,
S3,2066,10-14,
S3,2066,15-19,
S3,2066,20-24,
S3,2066,25-29,
S3,2066,30-34,
S3,2066,35-39,
S3,2066,40-44,
S3,2066,45-49,
S3,2066,50-54,
S3,2066,55-59,
S3,2066,60-64,
S3,2066,65-69,
S3,2066,70-74,
S3,2066,75+,
S3,2066,0-8,78435353.4616847
S3,2066,9-14,54213717.975284934
S3,2066,0-17,
S3,2066,18-29,
S3,2066,30-65,
S3,2066,66+,172079656.26479816
S3,2066,15-26,112332857.9899596
S3,2066,27-45,193821583.56440938
S3,2066,46-65,217784738.57238424
S3,2067,00-04,
S3,2067,05-09,
S3,2067,10-14,
S3,2067,15-19,
S3,2067,20-24,
S3,2067,25-29,
S3,2067,30-34,
S3,2067,35-39,
S3,2067,40-44,
S3,2067,45-49,
S3,2067,50-54,
S3,2067,55-59,
S3,2067,60-64,
S3,2067,65-69,
S3,2067,70-74,
S3,2067,75+,
S3,2067,0-8,77944740.89311641
S3,2067,9-14,53904720.76265052
S3,2067,0-17,
S3,2067,18-29,
S3,2067,30-65,
S3,2067,66+,175520448.33035874
S3,2067,15-26,111402711.52270794
S3,2067,27-45,192989402.11999705
S3,2067,46-65,216405534.7343818
S3,2068,00-04,
S3,2068,05-09,
S3,2068,10-14,
S3,2068,15-19,
S3,2068,20-24,
S3,2068,25-29,
S3,2068,30-34,
S3,2068,35-39,
S3,2068,40-44,
S3,2068,45-49,
S3,2068,50-54,
S3,2068,55-59,
S3,2068,60-64,
S3,2068,65-69,
S3,2068,70-74,
S3,2068,75+,
S3,2068,0-8,77427789.37427181
S3,2068,9-14,53614374.75889695
S3,2068,0-17,
S3,2068,18-29,
S3,2068,30-65,
S3,2068,66+,178840133.4660076
S3,2068,15-26,110501671.10956973
S3,2068,27-45,192099824.5290187
S3,2068,46-65,214991534.12196666
S3,2069,00-04,
S3,2069,05-09,
S3,2069,10-14,
S3,2069,15-19,
S3,2069,20-24,
S3,2069,25-29,
S3,2069,30-34,
S3,2069,35-39,
S3,2069,40-44,
S3,2069,45-49,
S3,2069,50-54,
S3,2069,55-59,
S3,2069,60-64,
S3,2069,65-69,
S3,2069,70-74,
S3,2069,75+,
S3,2069,0-8,76894863.68889458
S3,2069,9-14,53320818.66188152
S3,2069,0-17,
S3,2069,18-29,
S3,2069,30-65,
S3,2069,66+,181968616.14329004
S3,2069,15-26,109639987.50619313
S3,2069,27-45,191094212.87338525
S3,2069,46-65,213675528.05952412
S3,2070,00-04,
S3,2070,05-09,
S3,2070,10-14,
S3,2070,15-19,
S3,2070,20-24,
S3,2070,25-29,
S3,2070,30-34,
S3,2070,35-39,
S3,2070,40-44,
S3,2070,45-49,
S3,2070,50-54,
S3,2070,55-59,
S3,2070,60-64,
S3,2070,65-69,
S3,2070,70-74,
S3,2070,75+,
S3,2070,0-8,76338985.22512
S3,2070,9-14,53039627.36567196
S3,2070,0-17,
S3,2070,18-29,
S3,2070,30-65,
S3,2070,66+,184934493.22252536
S3,2070,15-26,108802351.45382969
S3,2070,27-45,190021054.11439747
S3,2070,46-65,212395937.6475736
S3,2071,00-04,
S3,2071,05-09,
S3,2071,10-14,
S3,2071,15-19,
S3,2071,20-24,
S3,2071,25-29,
S3,2071,30-34,
S3,2071,35-39,
S3,2071,40-44,
S3,2071,45-49,
S3,2071,50-54,
S3,2071,55-59,
S3,2071,60-64,
S3,2071,65-69,
S3,2071,70-74,
S3,2071,75+,
S3,2071,0-8,75771312.5392207
S3,2071,9-14,52750602.43197243
S3,2071,0-17,
S3,2071,18-29,
S3,2071,30-65,
S3,2071,66+,187687663.40196693
S3,2071,15-26,108004675.81197068
S3,2071,27-45,188922018.06339392
S3,2071,46-65,211155991.43288553
S3,2072,00-04,
S3,2072,05-09,
S3,2072,10-14,
S3,2072,15-19,
S3,2072,20-24,
S3,2072,25-29,
S3,2072,30-34,
S3,2072,35-39,
S3,2072,40-44,
S3,2072,45-49,
S3,2072,50-54,
S3,2072,55-59,
S3,2072,60-64,
S3,2072,65-69,
S3,2072,70-74,
S3,2072,75+,
S3,2072,0-8,75208155.72756417
S3,2072,9-14,52432115.39841689
S3,2072,0-17,
S3,2072,18-29,
S3,2072,30-65,
S3,2072,66+,190254209.23422778
S3,2072,15-26,107258819.87087315
S3,2072,27-45,187756519.8044425
S3,2072,46-65,209982081.64898622
S3,2073,00-04,
S3,2073,05-09,
S3,2073,10-14,
S3,2073,15-19,
S3,2073,20-24,
S3,2073,25-29,
S3,2073,30-34,
S3,2073,35-39,
S3,2073,40-44,
S3,2073,45-49,
S3,2073,50-54,
S3,2073,55-59,
S3,2073,60-64,
S3,2073,65-69,
S3,2073,70-74,
S3,2073,75+,
S3,2073,0-8,74619721.52215731
S3,2073,9-14,52108646.25612584
S3,2073,0-17,
S3,2073,18-29,
S3,2073,30-65,
S3,2073,66+,192634741.15653062
S3,2073,15-26,106558362.97667763
S3,2073,27-45,186514887.79974818
S3,2073,46-65,208874358.69783318
S3,2074,00-04,
S3,2074,05-09,
S3,2074,10-14,
S3,2074,15-19,
S3,2074,20-24,
S3,2074,25-29,
S3,2074,30-34,
S3,2074,35-39,
S3,2074,40-44,
S3,2074,45-49,
S3,2074,50-54,
S3,2074,55-59,
S3,2074,60-64,
S3,2074,65-69,
S3,2074,70-74,
S3,2074,75+,
S3,2074,0-8,74029073.51562354
S3,2074,9-14,51777002.48757267
S3,2074,0-17,
S3,2074,18-29,
S3,2074,30-65,
S3,2074,66+,194919719.1802944
S3,2074,15-26,105884381.4886621
S3,2074,27-45,185227142.40459657
S3,2074,46-65,207747459.98103946
S3,2075,00-04,
S3,2075,05-09,
S3,2075,10-14,
S3,2075,15-19,
S3,2075,20-24,
S3,2075,25-29,
S3,2075,30-34,
S3,2075,35-39,
S3,2075,40-44,
S3,2075,45-49,
S3,2075,50-54,
S3,2075,55-59,
S3,2075,60-64,
S3,2075,65-69,
S3,2075,70-74,
S3,2075,75+,
S3,2075,0-8,73429885.44816135
S3,2075,9-14,51442813.54224409
S3,2075,0-17,
S3,2075,18-29,
S3,2075,30-65,
S3,2075,66+,197170945.02547026
S3,2075,15-26,105224535.19036442
S3,2075,27-45,183891064.42851543
S3,2075,46-65,206538054.47201353
S3,2076,00-04,
S3,2076,05-09,
S3,2076,10-14,
S3,2076,15-19,
S3,2076,20-24,
S3,2076,25-29,
S3,2076,30-34,
S3,2076,35-39,
S3,2076,40-44,
S3,2076,45-49,
S3,2076,50-54,
S3,2076,55-59,
S3,2076,60-64,
S3,2076,65-69,
S3,2076,70-74,
S3,2076,75+,
S3,2076,0-8,72823611.30007511
S3,2076,9-14,51095443.34922007
S3,2076,0-17,
S3,2076,18-29,
S3,2076,30-65,
S3,2076,66+,199217962.0220052
S3,2076,15-26,104585944.47607762
S3,2076,27-45,182502987.78772548
S3,2076,46-65,205420488.19695562
S3,2077,00-04,
S3,2077,05-09,
S3,2077,10-14,
S3,2077,15-19,
S3,2077,20-24,
S3,2077,25-29,
S3,2077,30-34,
S3,2077,35-39,
S3,2077,40-44,
S3,2077,45-49,
S3,2077,50-54,
S3,2077,55-59,
S3,2077,60-64,
S3,2077,65-69,
S3,2077,70-74,
S3,2077,75+,
S3,2077,0-8,72218937.25270784
S3,2077,9-14,50752885.21133649
S3,2077,0-17,
S3,2077,18-29,
S3,2077,30-65,
S3,2077,66+,201118160.82559907
S3,2077,15-26,103950147.43410498
S3,2077,27-45,181094327.19860488
S3,2077,46-65,204327292.65933454
S3,2078,00-04,
S3,2078,05-09,
S3,2078,10-14,
S3,2078,15-19,
S3,2078,20-24,
S3,2078,25-29,
S3,2078,30-34,
S3,2078,35-39,
S3,2078,40-44,
S3,2078,45-49,
S3,2078,50-54,
S3,2078,55-59,
S3,2078,60-64,
S3,2078,65-69,
S3,2078,70-74,
S3,2078,75+,
S3,2078,0-8,71629452.3390739
S3,2078,9-14,50385368.435886115
S3,2078,0-17,
S3,2078,18-29,
S3,2078,30-65,
S3,2078,66+,202892172.42719793
S3,2078,15-26,103338375.20906809
S3,2078,27-45,179672874.0962568
S3,2078,46-65,203220478.14016646
S3,2079,00-04,
S3,2079,05-09,
S3,2079,10-14,
S3,2079,15-19,
S3,2079,20-24,
S3,2079,25-29,
S3,2079,30-34,
S3,2079,35-39,
S3,2079,40-44,
S3,2079,45-49,
S3,2079,50-54,
S3,2079,55-59,
S3,2079,60-64,
S3,2079,65-69,
S3,2079,70-74,
S3,2079,75+,
S3,2079,0-8,71044725.18913399
S3,2079,9-14,50008761.64298226
S3,2079,0-17,
S3,2079,18-29,
S3,2079,30-65,
S3,2079,66+,204461195.87639737
S3,2079,15-26,102727657.51109153
S3,2079,27-45,178250209.3059104
S3,2079,46-65,202190925.22392523
S3,2080,00-04,
S3,2080,05-09,
S3,2080,10-14,
S3,2080,15-19,
S3,2080,20-24,
S3,2080,25-29,
S3,2080,30-34,
S3,2080,35-39,
S3,2080,40-44,
S3,2080,45-49,
S3,2080,50-54,
S3,2080,55-59,
S3,2080,60-64,
S3,2080,65-69,
S3,2080,70-74,
S3,2080,75+,
S3,2080,0-8,70474295.29644264
S3,2080,9-14,49608373.44484185
S3,2080,0-17,
S3,2080,18-29,
S3,2080,30-65,
S3,2080,66+,205665438.88686264
S3,2080,15-26,102125241.92611247
S3,2080,27-45,176818244.7719891
S3,2080,46-65,201408893.77602178
S3,2081,00-04,
S3,2081,05-09,
S3,2081,10-14,
S3,2081,15-19,
S3,2081,20-24,
S3,2081,25-29,
S3,2081,30-34,
S3,2081,35-39,
S3,2081,40-44,
S3,2081,45-49,
S3,2081,50-54,
S3,2081,55-59,
S3,2081,60-64,
S3,2081,65-69,
S3,2081,70-74,
S3,2081,75+,
S3,2081,0-8,69916241.84054749
S3,2081,9-14,49205715.78226392
S3,2081,0-17,
S3,2081,18-29,
S3,2081,30-65,
S3,2081,66+,206867958.66932583
S3,2081,15-26,101507950.72376066
S3,2081,27-45,175396373.8363813
S3,2081,46-65,200500873.6693102
S3,2082,00-04,
S3,2082,05-09,
S3,2082,10-14,
S3,2082,15-19,
S3,2082,20-24,
S3,2082,25-29,
S3,2082,30-34,
S3,2082,35-39,
S3,2082,40-44,
S3,2082,45-49,
S3,2082,50-54,
S3,2082,55-59,
S3,2082,60-64,
S3,2082,65-69,
S3,2082,70-74,
S3,2082,75+,
S3,2082,0-8,69354193.59704393
S3,2082,9-14,48802402.02640554
S3,2082,0-17,
S3,2082,18-29,
S3,2082,30-65,
S3,2082,66+,208071929.0960431
S3,2082,15-26,100873465.30938175
S3,2082,27-45,174009368.47507197
S3,2082,46-65,199469783.68311322
S3,2083,00-04,
S3,2083,05-09,
S3,2083,10-14,
S3,2083,15-19,
S3,2083,20-24,
S3,2083,25-29,
S3,2083,30-34,
S3,2083,35-39,
S3,2083,40-44,
S3,2083,45-49,
S3,2083,50-54,
S3,2083,55-59,
S3,2083,60-64,
S3,2083,65-69,
S3,2083,70-74,
S3,2083,75+,
S3,2083,0-8,68820977.04420707
S3,2083,9-14,48394724.511564136
S3,2083,0-17,
S3,2083,18-29,
S3,2083,30-65,
S3,2083,66+,208964917.98916578
S3,2083,15-26,100221960.99052572
S3,2083,27-45,172656929.3317888
S3,2083,46-65,198615684.30837452
S3,2084,00-04,
S3,2084,05-09,
S3,2084,10-14,
S3,2084,15-19,
S3,2084,20-24,
S3,2084,25-29,
S3,2084,30-34,
S3,2084,35-39,
S3,2084,40-44,
S3,2084,45-49,
S3,2084,50-54,
S3,2084,55-59,
S3,2084,60-64,
S3,2084,65-69,
S3,2084,70-74,
S3,2084,75+,
S3,2084,0-8,68298718.08251753
S3,2084,9-14,47991371.25422071
S3,2084,0-17,
S3,2084,18-29,
S3,2084,30-65,
S3,2084,66+,209871459.51051545
S3,2084,15-26,99550466.41461216
S3,2084,27-45,171339964.9141184
S3,2084,46-65,197609357.63387263
S3,2085,00-04,
S3,2085,05-09,
S3,2085,10-14,
S3,2085,15-19,
S3,2085,20-24,
S3,2085,25-29,
S3,2085,30-34,
S3,2085,35-39,
S3,2085,40-44,
S3,2085,45-49,
S3,2085,50-54,
S3,2085,55-59,
S3,2085,60-64,
S3,2085,65-69,
S3,2085,70-74,
S3,2085,75+,
S3,2085,0-8,67792283.08901672
S3,2085,9-14,47600364.015532985
S3,2085,0-17,
S3,2085,18-29,
S3,2085,30-65,
S3,2085,66+,210518557.20622647
S3,2085,15-26,98862682.19241619
S3,2085,27-45,170053424.75283003
S3,2085,46-65,196738644.6042245
S3,2086,00-04,
S3,2086,05-09,
S3,2086,10-14,
S3,2086,15-19,
S3,2086,20-24,
S3,2086,25-29,
S3,2086,30-34,
S3,2086,35-39,
S3,2086,40-44,
S3,2086,45-49,
S3,2086,50-54,
S3,2086,55-59,
S3,2086,60-64,
S3,2086,65-69,
S3,2086,70-74,
S3,2086,75+,
S3,2086,0-8,67303885.18979368
S3,2086,9-14,47203889.64250329
S3,2086,0-17,
S3,2086,18-29,
S3,2086,30-65,
S3,2086,66+,210921083.7952963
S3,2086,15-26,98155552.49491686
S3,2086,27-45,168788054.99990088
S3,2086,46-65,195996586.372285
S3,2087,00-04,
S3,2087,05-09,
S3,2087,10-14,
S3,2087,15-19,
S3,2087,20-24,
S3,2087,25-29,
S3,2087,30-34,
S3,2087,35-39,
S3,2087,40-44,
S3,2087,45-49,
S3,2087,50-54,
S3,2087,55-59,
S3,2087,60-64,
S3,2087,65-69,
S3,2087,70-74,
S3,2087,75+,
S3,2087,0-8,66834160.962183036
S3,2087,9-14,46808088.045142464
S3,2087,0-17,
S3,2087,18-29,
S3,2087,30-65,
S3,2087,66+,211263362.98479986
S3,2087,15-26,97440244.38979945
S3,2087,27-45,167561313.53537196
S3,2087,46-65,195192939.93523657
S3,2088,00-04,
S3,2088,05-09,
S3,2088,10-14,
S3,2088,15-19,
S3,2088,20-24,
S3,2088,25-29,
S3,2088,30-34,
S3,2088,35-39,
S3,2088,40-44,
S3,2088,45-49,
S3,2088,50-54,
S3,2088,55-59,
S3,2088,60-64,
S3,2088,65-69,
S3,2088,70-74,
S3,2088,75+,
S3,2088,0-8,66378787.605527855
S3,2088,9-14,46435923.232556246
S3,2088,0-17,
S3,2088,18-29,
S3,2088,30-65,
S3,2088,66+,211545043.74030232
S3,2088,15-26,96700220.34316748
S3,2088,27-45,166393218.06787533
S3,2088,46-65,194333438.99495173
S3,2089,00-04,
S3,2089,05-09,
S3,2089,10-14,
S3,2089,15-19,
S3,2089,20-24,
S3,2089,25-29,
S3,2089,30-34,
S3,2089,35-39,
S3,2089,40-44,
S3,2089,45-49,
S3,2089,50-54,
S3,2089,55-59,
S3,2089,60-64,
S3,2089,65-69,
S3,2089,70-74,
S3,2089,75+,
S3,2089,0-8,65942401.93028744
S3,2089,9-14,46063692.22704328
S3,2089,0-17,
S3,2089,18-29,
S3,2089,30-65,
S3,2089,66+,211820523.22827983
S3,2089,15-26,95949166.75616089
S3,2089,27-45,165253292.15717226
S3,2089,46-65,193365417.83716315
S3,2090,00-04,
S3,2090,05-09,
S3,2090,10-14,
S3,2090,15-19,
S3,2090,20-24,
S3,2090,25-29,
S3,2090,30-34,
S3,2090,35-39,
S3,2090,40-44,
S3,2090,45-49,
S3,2090,50-54,
S3,2090,55-59,
S3,2090,60-64,
S3,2090,65-69,
S3,2090,70-74,
S3,2090,75+,
S3,2090,0-8,65520501.350932665
S3,2090,9-14,45697498.97382001
S3,2090,0-17,
S3,2090,18-29,
S3,2090,30-65,
S3,2090,66+,212063611.8327235
S3,2090,15-26,95184012.89947797
S3,2090,27-45,164145464.42012024
S3,2090,46-65,192331221.8637092
S3,2091,00-04,
S3,2091,05-09,
S3,2091,10-14,
S3,2091,15-19,
S3,2091,20-24,
S3,2091,25-29,
S3,2091,30-34,
S3,2091,35-39,
S3,2091,40-44,
S3,2091,45-49,
S3,2091,50-54,
S3,2091,55-59,
S3,2091,60-64,
S3,2091,65-69,
S3,2091,70-74,
S3,2091,75+,
S3,2091,0-8,65097774.445071995
S3,2091,9-14,45351307.880932644
S3,2091,0-17,
S3,2091,18-29,
S3,2091,30-65,
S3,2091,66+,212241242.78500044
S3,2091,15-26,94404744.0009859
S3,2091,27-45,163064550.3700192
S3,2091,46-65,191266858.5866621
S3,2092,00-04,
S3,2092,05-09,
S3,2092,10-14,
S3,2092,15-19,
S3,2092,20-24,
S3,2092,25-29,
S3,2092,30-34,
S3,2092,35-39,
S3,2092,40-44,
S3,2092,45-49,
S3,2092,50-54,
S3,2092,55-59,
S3,2092,60-64,
S3,2092,65-69,
S3,2092,70-74,
S3,2092,75+,
S3,2092,0-8,64694374.86835411
S3,2092,9-14,45002137.06814779
S3,2092,0-17,
S3,2092,18-29,
S3,2092,30-65,
S3,2092,66+,212401661.63079262
S3,2092,15-26,93630359.84324639
S3,2092,27-45,162003817.32296124
S3,2092,46-65,190139808.00468433
S3,2093,00-04,
S3,2093,05-09,
S3,2093,10-14,
S3,2093,15-19,
S3,2093,20-24,
S3,2093,25-29,
S3,2093,30-34,
S3,2093,35-39,
S3,2093,40-44,
S3,2093,45-49,
S3,2093,50-54,
S3,2093,55-59,
S3,2093,60-64,
S3,2093,65-69,
S3,2093,70-74,
S3,2093,75+,
S3,2093,0-8,64289352.00745616
S3,2093,9-14,44666261.24561892
S3,2093,0-17,
S3,2093,18-29,
S3,2093,30-65,
S3,2093,66+,212557175.14206588
S3,2093,15-26,92865638.76585312
S3,2093,27-45,160975797.91472653
S3,2093,46-65,188942439.76900357
S3,2094,00-04,
S3,2094,05-09,
S3,2094,10-14,
S3,2094,15-19,
S3,2094,20-24,
S3,2094,25-29,
S3,2094,30-34,
S3,2094,35-39,
S3,2094,40-44,
S3,2094,45-49,
S3,2094,50-54,
S3,2094,55-59,
S3,2094,60-64,
S3,2094,65-69,
S3,2094,70-74,
S3,2094,75+,
S3,2094,0-8,63873175.614663556
S3,2094,9-14,44345610.528849825
S3,2094,0-17,
S3,2094,18-29,
S3,2094,30-65,
S3,2094,66+,212695393.94792426
S3,2094,15-26,92097519.31577298
S3,2094,27-45,159950663.30333462
S3,2094,46-65,187699023.80309707
S3,2095,00-04,
S3,2095,05-09,
S3,2095,10-14,
S3,2095,15-19,
S3,2095,20-24,
S3,2095,25-29,
S3,2095,30-34,
S3,2095,35-39,
S3,2095,40-44,
S3,2095,45-49,
S3,2095,50-54,
S3,2095,55-59,
S3,2095,60-64,
S3,2095,65-69,
S3,2095,70-74,
S3,2095,75+,
S3,2095,0-8,63455044.09782855
S3,2095,9-14,44038919.006732106
S3,2095,0-17,
S3,2095,18-29,
S3,2095,30-65,
S3,2095,66+,212828772.57416618
S3,2095,15-26,91338679.89745508
S3,2095,27-45,158922463.77438995
S3,2095,46-65,186412539.67185926
S3,2096,00-04,
S3,2096,05-09,
S3,2096,10-14,
S3,2096,15-19,
S3,2096,20-24,
S3,2096,25-29,
S3,2096,30-34,
S3,2096,35-39,
S3,2096,40-44,
S3,2096,45-49,
S3,2096,50-54,
S3,2096,55-59,
S3,2096,60-64,
S3,2096,65-69,
S3,2096,70-74,
S3,2096,75+,
S3,2096,0-8,63030674.35252102
S3,2096,9-14,43736412.81697591
S3,2096,0-17,
S3,2096,18-29,
S3,2096,30-65,
S3,2096,66+,212961216.46908092
S3,2096,15-26,90593843.33458516
S3,2096,27-45,157898686.6197484
S3,2096,46-65,185083389.2550667
S3,2097,00-04,
S3,2097,05-09,
S3,2097,10-14,
S3,2097,15-19,
S3,2097,20-24,
S3,2097,25-29,
S3,2097,30-34,
S3,2097,35-39,
S3,2097,40-44,
S3,2097,45-49,
S3,2097,50-54,
S3,2097,55-59,
S3,2097,60-64,
S3,2097,65-69,
S3,2097,70-74,
S3,2097,75+,
S3,2097,0-8,62601270.489588305
S3,2097,9-14,43460115.44005278
S3,2097,0-17,
S3,2097,18-29,
S3,2097,30-65,
S3,2097,66+,213081607.51794416
S3,2097,15-26,89845803.0079969
S3,2097,27-45,156877139.63675958
S3,2097,46-65,183736452.7228425
S3,2098,00-04,
S3,2098,05-09,
S3,2098,10-14,
S3,2098,15-19,
S3,2098,20-24,
S3,2098,25-29,
S3,2098,30-34,
S3,2098,35-39,
S3,2098,40-44,
S3,2098,45-49,
S3,2098,50-54,
S3,2098,55-59,
S3,2098,60-64,
S3,2098,65-69,
S3,2098,70-74,
S3,2098,75+,
S3,2098,0-8,62165340.77667032
S3,2098,9-14,43186630.5214145
S3,2098,0-17,
S3,2098,18-29,
S3,2098,30-65,
S3,2098,66+,213171163.9360705
S3,2098,15-26,89129189.64143091
S3,2098,27-45,155849256.59182653
S3,2098,46-65,182381338.90675002
S3,2099,00-04,
S3,2099,05-09,
S3,2099,10-14,
S3,2099,15-19,
S3,2099,20-24,
S3,2099,25-29,
S3,2099,30-34,
S3,2099,35-39,
S3,2099,40-44,
S3,2099,45-49,
S3,2099,50-54,
S3,2099,55-59,
S3,2099,60-64,
S3,2099,65-69,
S3,2099,70-74,
S3,2099,75+,
S3,2099,0-8,61713036.353993446
S3,2099,9-14,42920365.21943271
S3,2099,0-17,
S3,2099,18-29,
S3,2099,30-65,
S3,2099,66+,213246141.926422
S3,2099,15-26,88423895.81712246
S3,2099,27-45,154806026.5998188
S3,2099,46-65,181023419.24651182
S3,2100,00-04,
S3,2100,05-09,
S3,2100,10-14,
S3,2100,15-19,
S3,2100,20-24,
S3,2100,25-29,
S3,2100,30-34,
S3,2100,35-39,
S3,2100,40-44,
S3,2100,45-49,
S3,2100,50-54,
S3,2100,55-59,
S3,2100,60-64,
S3,2100,65-69,
S3,2100,70-74,
S3,2100,75+,
S3,2100,0-8,61262244.58677012
S3,2100,9-14,42659279.00876723
S3,2100,0-17,
S3,2100,18-29,
S3,2100,30-65,
S3,2100,66+,213305082.51644635
S3,2100,15-26,87743025.52380191
S3,2100,27-45,153760331.76949045
S3,2100,46-65,179657054.69802666
