scheme,year,band,females
S0,1950,00-04,24994172.0
S0,1950,05-09,19943995.0
S0,1950,10-14,18940652.0
S0,1950,15-19,17060327.0
S0,1950,20-24,14931807.0
S0,1950,25-29,13138780.0
S0,1950,30-34,11674625.0
S0,1950,35-39,10240924.0
S0,1950,40-44,8926490.0
S0,1950,45-49,7046190.0
S0,1950,50-54,6208255.0
S0,1950,55-59,4310663.0
S0,1950,60-64,3846297.0
S0,1950,65-69,2117012.0
S0,1950,70-74,1660576.0
S0,1950,75+,1624266.0
S0,1950,0-8,
S0,1950,9-14,
S0,1950,0-17,
S0,1950,18-29,
S0,1950,30-65,
S0,1950,66+,
S0,1950,15-26,
S0,1950,27-45,
S0,1950,46-65,
S0,1951,00-04,26043062.0
S0,1951,05-09,20237664.0
S0,1951,10-14,19093537.0
S0,1951,15-19,17352844.0
S0,1951,20-24,15220362.0
S0,1951,25-29,13346192.0
S0,1951,30-34,11851023.0
S0,1951,35-39,10382906.0
S0,1951,40-44,9159900.0
S0,1951,45-49,7201187.0
S0,1951,50-54,6397463.0
S0,1951,55-59,4421449.0
S0,1951,60-64,3942796.0
S0,1951,65-69,2232814.0
S0,1951,70-74,1648565.0
S0,1951,75+,1627336.0000000298
S0,1951,0-8,
S0,1951,9-14,
S0,1951,0-17,
S0,1951,18-29,
S0,1951,30-65,
S0,1951,66+,
S0,1951,15-26,
S0,1951,27-45,
S0,1951,46-65,
S0,1952,00-04,27139175.0
S0,1952,05-09,20617207.0
S0,1952,10-14,19187101.0
S0,1952,15-19,17665795.0
S0,1952,20-24,15539116.0
S0,1952,25-29,13578527.0
S0,1952,30-34,12029851.0
S0,1952,35-39,10549171.0
S0,1952,40-44,9335768.0
S0,1952,45-49,7457234.0
S0,1952,50-54,6467746.0
S0,1952,55-59,4663431.0
S0,1952,60-64,3925707.0
S0,1952,65-69,2449961.0
S0,1952,70-74,1592868.0
S0,1952,75+,1647319.0
S0,1952,0-8,
S0,1952,9-14,
S0,1952,0-17,
S0,1952,18-29,
S0,1952,30-65,
S0,1952,66+,
S0,1952,15-26,
S0,1952,27-45,
S0,1952,46-65,
S0,1953,00-04,28336998.0
S0,1953,05-09,21044367.0
S0,1953,10-14,19248679.0
S0,1953,15-19,17984209.0
S0,1953,20-24,15874406.0
S0,1953,25-29,13828841.0
S0,1953,30-34,12207582.0
S0,1953,35-39,10737639.0
S0,1953,40-44,9457059.0
S0,1953,45-49,7786467.0
S0,1953,50-54,6454929.0
S0,1953,55-59,5017669.0
S0,1953,60-64,3810823.0
S0,1953,65-69,2726255.0
S0,1953,70-74,1532670.0
S0,1953,75+,1673196.0
S0,1953,0-8,
S0,1953,9-14,
S0,1953,0-17,
S0,1953,18-29,
S0,1953,30-65,
S0,1953,66+,
S0,1953,15-26,
S0,1953,27-45,
S0,1953,46-65,
S0,1954,00-04,29664254.0
S0,1954,05-09,21454230.0
S0,1954,10-14,19336510.0
S0,1954,15-19,18255717.0
S0,1954,20-24,16195024.0
S0,1954,25-29,14079398.0
S0,1954,30-34,12378523.0
S0,1954,35-39,10924532.0
S0,1954,40-44,9555878.0
S0,1954,45-49,8123413.0
S0,1954,50-54,6438439.0
S0,1954,55-59,5372191.0
S0,1954,60-64,3706736.0
S0,1954,65-69,2980397.0
S0,1954,70-74,1505397.0
S0,1954,75+,1693103.0000000298
S0,1954,0-8,
S0,1954,9-14,
S0,1954,0-17,
S0,1954,18-29,
S0,1954,30-65,
S0,1954,66+,
S0,1954,15-26,
S0,1954,27-45,
S0,1954,46-65,
S0,1955,00-04,30625424.0
S0,1955,05-09,22359223.0
S0,1955,10-14,19534026.0
S0,1955,15-19,18459549.0
S0,1955,20-24,16519290.0
S0,1955,25-29,14363822.0
S0,1955,30-34,12579305.0
S0,1955,35-39,11110079.0
S0,1955,40-44,9688561.0
S0,1955,45-49,8395114.0
S0,1955,50-54,6528090.0
S0,1955,55-59,5615175.0
S0,1955,60-64,3735753.0
S0,1955,65-69,3124576.0
S0,1955,70-74,1557511.0
S0,1955,75+,1699215.0
S0,1955,0-8,
S0,1955,9-14,
S0,1955,0-17,
S0,1955,18-29,
S0,1955,30-65,
S0,1955,66+,
S0,1955,15-26,
S0,1955,27-45,
S0,1955,46-65,
S0,1956,00-04,31536088.0
S0,1956,05-09,23361050.0
S0,1956,10-14,19828621.0
S0,1956,15-19,18616449.0
S0,1956,20-24,16816979.0
S0,1956,25-29,14659297.0
S0,1956,30-34,12794647.0
S0,1956,35-39,11292171.0
S0,1956,40-44,9834713.0
S0,1956,45-49,8623682.0
S0,1956,50-54,6680527.0
S0,1956,55-59,5792408.0
S0,1956,60-64,3841883.0
S0,1956,65-69,3206418.0
S0,1956,70-74,1652140.0
S0,1956,75+,1701888.0
S0,1956,0-8,
S0,1956,9-14,
S0,1956,0-17,
S0,1956,18-29,
S0,1956,30-65,
S0,1956,66+,
S0,1956,15-26,
S0,1956,27-45,
S0,1956,46-65,
S0,1957,00-04,32411022.0
S0,1957,05-09,24433154.0
S0,1957,10-14,20208041.0
S0,1957,15-19,18718049.0
S0,1957,20-24,17133233.0
S0,1957,25-29,14978011.0
S0,1957,30-34,13027729.0
S0,1957,35-39,11472136.0
S0,1957,40-44,10001070.0
S0,1957,45-49,8796728.0
S0,1957,50-54,6925730.0
S0,1957,55-59,5862153.0
S0,1957,60-64,4061656.0
S0,1957,65-69,3196900.0
S0,1957,70-74,1820607.0
S0,1957,75+,1685212.9999999702
S0,1957,0-8,
S0,1957,9-14,
S0,1957,0-17,
S0,1957,18-29,
S0,1957,30-65,
S0,1957,66+,
S0,1957,15-26,
S0,1957,27-45,
S0,1957,46-65,
S0,1958,00-04,33214849.0
S0,1958,05-09,25603183.0
S0,1958,10-14,20627903.0
S0,1958,15-19,18763671.0
S0,1958,20-24,17411675.0
S0,1958,25-29,15270897.0
S0,1958,30-34,13246627.0
S0,1958,35-39,11629794.0
S0,1958,40-44,10174631.0
S0,1958,45-49,8909641.0
S0,1958,50-54,7233004.0
S0,1958,55-59,5853747.0
S0,1958,60-64,4375403.0
S0,1958,65-69,3107562.0
S0,1958,70-74,2030808.0
S0,1958,75+,1668363.9999999702
S0,1958,0-8,
S0,1958,9-14,
S0,1958,0-17,
S0,1958,18-29,
S0,1958,30-65,
S0,1958,66+,
S0,1958,15-26,
S0,1958,27-45,
S0,1958,46-65,
S0,1959,00-04,33952724.0
S0,1959,05-09,26918711.0
S0,1959,10-14,21043471.0
S0,1959,15-19,18872035.0
S0,1959,20-24,17707558.0
S0,1959,25-29,15613291.0
S0,1959,30-34,13514564.0
S0,1959,35-39,11814255.0
S0,1959,40-44,10368557.0
S0,1959,45-49,9015713.0
S0,1959,50-54,7556608.0
S0,1959,55-59,5848856.0
S0,1959,60-64,4692302.0
S0,1959,65-69,3031785.0
S0,1959,70-74,2223949.0
S0,1959,75+,1670413.9999999702
S0,1959,0-8,
S0,1959,9-14,
S0,1959,0-17,
S0,1959,18-29,
S0,1959,30-65,
S0,1959,66+,
S0,1959,15-26,
S0,1959,27-45,
S0,1959,46-65,
S0,1960,00-04,34631906.0
S0,1960,05-09,27858851.0
S0,1960,10-14,21935770.0
S0,1960,15-19,19073866.0
S0,1960,20-24,17914180.0
S0,1960,25-29,15932621.0
S0,1960,30-34,13793116.0
S0,1960,35-39,12011481.0
S0,1960,40-44,10550521.0
S0,1960,45-49,9146388.0
S0,1960,50-54,7814592.0
S0,1960,55-59,5937282.0
S0,1960,60-64,4909046.0
S0,1960,65-69,3064597.0
S0,1960,70-74,2332625.0
S0,1960,75+,1714862.0000000298
S0,1960,0-8,
S0,1960,9-14,
S0,1960,0-17,
S0,1960,18-29,
S0,1960,30-65,
S0,1960,66+,
S0,1960,15-26,
S0,1960,27-45,
S0,1960,46-65,
S0,1961,00-04,35340956.00000001
S0,1961,05-09,28752303.0
S0,1961,10-14,22924840.999999993
S0,1961,15-19,19372038.0
S0,1961,20-24,18080275.0
S0,1961,25-29,16232733.0
S0,1961,30-34,14087363.0
S0,1961,35-39,12225963.0
S0,1961,40-44,10731345.0
S0,1961,45-49,9291059.0
S0,1961,50-54,8033222.0
S0,1961,55-59,6083421.0
S0,1961,60-64,5068401.0
S0,1961,65-69,3161224.0
S0,1961,70-74,2394427.0
S0,1961,75+,1783885.9999999702
S0,1961,0-8,
S0,1961,9-14,
S0,1961,0-17,
S0,1961,18-29,
S0,1961,30-65,
S0,1961,66+,
S0,1961,15-26,
S0,1961,27-45,
S0,1961,46-65,
S0,1962,00-04,36048691.07843883
S0,1962,05-09,29612463.442025483
S0,1962,10-14,23983777.971998543
S0,1962,15-19,19750181.693990067
S0,1962,20-24,18198651.01410404
S0,1962,25-29,16556574.724663466
S0,1962,30-34,14404404.159537673
S0,1962,35-39,12457641.438582778
S0,1962,40-44,10910648.703989029
S0,1962,45-49,9456595.251280129
S0,1962,50-54,8199762.007092208
S0,1962,55-59,6310897.421874613
S0,1962,60-64,5135570.2157922685
S0,1962,65-69,3349559.0202225745
S0,1962,70-74,2388358.951839119
S0,1962,75+,1886771.6033998132
S0,1962,0-8,
S0,1962,9-14,
S0,1962,0-17,
S0,1962,18-29,
S0,1962,30-65,
S0,1962,66+,
S0,1962,15-26,
S0,1962,27-45,
S0,1962,46-65,
S0,1963,00-04,36742353.67898943
S0,1963,05-09,30420290.24670928
S0,1963,10-14,25142957.13862793
S0,1963,15-19,20143766.909254253
S0,1963,20-24,18260699.641405076
S0,1963,25-29,16865937.952911675
S0,1963,30-34,14716079.626448452
S0,1963,35-39,12692224.42400992
S0,1963,40-44,11081167.692934752
S0,1963,45-49,9640427.012766927
S0,1963,50-54,8314622.894059747
S0,1963,55-59,6591905.404895753
S0,1963,60-64,5140464.6674622
S0,1963,65-69,3611989.019447863
S0,1963,70-74,2325054.2448829114
S0,1963,75+,2014327.11462304
S0,1963,0-8,
S0,1963,9-14,
S0,1963,0-17,
S0,1963,18-29,
S0,1963,30-65,
S0,1963,66+,
S0,1963,15-26,
S0,1963,27-45,
S0,1963,46-65,
S0,1964,00-04,37449887.54392512
S0,1964,05-09,31159665.585003987
S0,1964,10-14,26442095.01908411
S0,1964,15-19,20516674.38674955
S0,1964,20-24,18358125.1286619
S0,1964,25-29,17153349.801583767
S0,1964,30-34,15034420.027270198
S0,1964,35-39,12945808.916565895
S0,1964,40-44,11260176.719992459
S0,1964,45-49,9836334.714172065
S0,1964,50-54,8415399.411627144
S0,1964,55-59,6876525.860216469
S0,1964,60-64,5149580.562893599
S0,1964,65-69,3870121.609543532
S0,1964,70-74,2272859.085441828
S0,1964,75+,2137230.994338721
S0,1964,0-8,
S0,1964,9-14,
S0,1964,0-17,
S0,1964,18-29,
S0,1964,30-65,
S0,1964,66+,
S0,1964,15-26,
S0,1964,27-45,
S0,1964,46-65,
S0,1965,00-04,38159591.10904095
S0,1965,05-09,31841680.918435104
S0,1965,10-14,27371690.373370826
S0,1965,15-19,21336235.381941557
S0,1965,20-24,18542736.71724905
S0,1965,25-29,17359844.75029397
S0,1965,30-34,15331345.909855306
S0,1965,35-39,13211726.71093914
S0,1965,40-44,11453789.591653258
S0,1965,45-49,10025835.658131659
S0,1965,50-54,8538257.763814509
S0,1965,55-59,7094132.083637685
S0,1965,60-64,5243618.527608246
S0,1965,65-69,4040366.456135124
S0,1965,70-74,2302736.7511051893
S0,1965,75+,2225010.6322815716
S0,1965,0-8,
S0,1965,9-14,
S0,1965,0-17,
S0,1965,18-29,
S0,1965,30-65,
S0,1965,66+,
S0,1965,15-26,
S0,1965,27-45,
S0,1965,46-65,
S0,1966,00-04,38640238.24116164
S0,1966,05-09,32520625.45595079
S0,1966,10-14,28242759.87441434
S0,1966,15-19,22224835.935937434
S0,1966,20-24,18808865.401791334
S0,1966,25-29,17517685.84254968
S0,1966,30-34,15596446.807495803
S0,1966,35-39,13483742.314720988
S0,1966,40-44,11657609.266135454
S0,1966,45-49,10211785.326042771
S0,1966,50-54,8666212.400531918
S0,1966,55-59,7261211.105162531
S0,1966,60-64,5383736.54068616
S0,1966,65-69,4150540.2650105357
S0,1966,70-74,2373963.6790616214
S0,1966,75+,2285277.4276647866
S0,1966,0-8,
S0,1966,9-14,
S0,1966,0-17,
S0,1966,18-29,
S0,1966,30-65,
S0,1966,66+,
S0,1966,15-26,
S0,1966,27-45,
S0,1966,46-65,
S0,1967,00-04,39043496.30222145
S0,1967,05-09,33207907.64728856
S0,1967,10-14,29075955.6178931
S0,1967,15-19,23151285.320758924
S0,1967,20-24,19134626.682634577
S0,1967,25-29,17604076.928170353
S0,1967,30-34,15857121.215930074
S0,1967,35-39,13762965.046197802
S0,1967,40-44,11869554.38595274
S0,1967,45-49,10394524.572284013
S0,1967,50-54,8807447.734003633
S0,1967,55-59,7372584.799357742
S0,1967,60-64,5598927.133600652
S0,1967,65-69,4179579.767937094
S0,1967,70-74,2512361.7732735574
S0,1967,75+,2320395.282986462
S0,1967,0-8,
S0,1967,9-14,
S0,1967,0-17,
S0,1967,18-29,
S0,1967,30-65,
S0,1967,66+,
S0,1967,15-26,
S0,1967,27-45,
S0,1967,46-65,
S0,1968,00-04,39401283.7853997
S0,1968,05-09,33915873.88550868
S0,1968,10-14,29860745.784788236
S0,1968,15-19,24180867.74942991
S0,1968,20-24,19542629.263383985
S0,1968,25-29,17697482.534228027
S0,1968,30-34,16143198.537558585
S0,1968,35-39,14070364.79068619
S0,1968,40-44,12106315.172505349
S0,1968,45-49,10585597.989467531
S0,1968,50-54,8969150.662053615
S0,1968,55-59,7436778.226485103
S0,1968,60-64,5871540.452025503
S0,1968,65-69,4155175.2883583903
S0,1968,70-74,2704425.1157702208
S0,1968,75+,2333093.579096794
S0,1968,0-8,
S0,1968,9-14,
S0,1968,0-17,
S0,1968,18-29,
S0,1968,30-65,
S0,1968,66+,
S0,1968,15-26,
S0,1968,27-45,
S0,1968,46-65,
S0,1969,00-04,39840056.97194759
S0,1969,05-09,34665878.14403079
S0,1969,10-14,30574695.96376212
S0,1969,15-19,25289177.066815227
S0,1969,20-24,19882105.587862313
S0,1969,25-29,17767243.778971404
S0,1969,30-34,16357814.65139088
S0,1969,35-39,14358471.656885445
S0,1969,40-44,12346904.109886825
S0,1969,45-49,10780291.348215342
S0,1969,50-54,9134807.613228232
S0,1969,55-59,7484508.081520468
S0,1969,60-64,6158643.292676568
S0,1969,65-69,4134981.338485807
S0,1969,70-74,2896257.3595744073
S0,1969,75+,2358726.4882446826
S0,1969,0-8,
S0,1969,9-14,
S0,1969,0-17,
S0,1969,18-29,
S0,1969,30-65,
S0,1969,66+,
S0,1969,15-26,
S0,1969,27-45,
S0,1969,46-65,
S0,1970,00-04,40223284.04614208
S0,1970,05-09,35433301.2569943
S0,1970,10-14,31231326.12777981
S0,1970,15-19,26037155.905524924
S0,1970,20-24,20694996.352937445
S0,1970,25-29,17945527.062489808
S0,1970,30-34,16503976.818921238
S0,1970,35-39,14638977.98823145
S0,1970,40-44,12608049.2508429
S0,1970,45-49,10997041.025324613
S0,1970,50-54,9292639.327137351
S0,1970,55-59,7548701.150406867
S0,1970,60-64,6395518.623281151
S0,1970,65-69,4178951.37834543
S0,1970,70-74,3022737.5350122154
S0,1970,75+,2417727.424822271
S0,1970,0-8,
S0,1970,9-14,
S0,1970,0-17,
S0,1970,18-29,
S0,1970,30-65,
S0,1970,66+,
S0,1970,15-26,
S0,1970,27-45,
S0,1970,46-65,
S0,1971,00-04,40652908.60904939
S0,1971,05-09,36146717.10279014
S0,1971,10-14,31913784.53254375
S0,1971,15-19,26769175.5251334
S0,1971,20-24,21681172.41166079
S0,1971,25-29,18289929.219500422
S0,1971,30-34,16658476.307778686
S0,1971,35-39,14933227.043475986
S0,1971,40-44,12905345.842725337
S0,1971,45-49,11247221.353491902
S0,1971,50-54,9457124.557483733
S0,1971,55-59,7624279.092429996
S0,1971,60-64,6606036.082566857
S0,1971,65-69,4262563.519862801
S0,1971,70-74,3112838.7275429666
S0,1971,75+,2496938.976700604
S0,1971,0-8,
S0,1971,9-14,
S0,1971,0-17,
S0,1971,18-29,
S0,1971,30-65,
S0,1971,66+,
S0,1971,15-26,
S0,1971,27-45,
S0,1971,46-65,
S0,1972,00-04,41103800.35189689
S0,1972,05-09,36837739.45741812
S0,1972,10-14,32591017.915250674
S0,1972,15-19,27398477.995016545
S0,1972,20-24,22651936.58899346
S0,1972,25-29,18640744.354984224
S0,1972,30-34,16703803.651979059
S0,1972,35-39,15203281.560434848
S0,1972,40-44,13196973.76611054
S0,1972,45-49,11499296.133875757
S0,1972,50-54,9608448.957822472
S0,1972,55-59,7704099.297552317
S0,1972,60-64,6772984.989122093
S0,1972,65-69,4397923.431111783
S0,1972,70-74,3145957.187438637
S0,1972,75+,2606530.1090640128
S0,1972,0-8,
S0,1972,9-14,
S0,1972,0-17,
S0,1972,18-29,
S0,1972,30-65,
S0,1972,66+,
S0,1972,15-26,
S0,1972,27-45,
S0,1972,46-65,
S0,1973,00-04,41533666.40214451
S0,1973,05-09,37549339.20178057
S0,1973,10-14,33292482.799874872
S0,1973,15-19,28000670.446217835
S0,1973,20-24,23787639.45821768
S0,1973,25-29,19100093.778235525
S0,1973,30-34,16761163.831896216
S0,1973,35-39,15505119.683612257
S0,1973,40-44,13519992.944877446
S0,1973,45-49,11780335.818092734
S0,1973,50-54,9764801.720613837
S0,1973,55-59,7799845.3971918225
S0,1973,60-64,6907395.640222818
S0,1973,65-69,4573045.54475525
S0,1973,70-74,3145018.9233763814
S0,1973,75+,2739333.2231780887
S0,1973,0-8,
S0,1973,9-14,
S0,1973,0-17,
S0,1973,18-29,
S0,1973,30-65,
S0,1973,66+,
S0,1973,15-26,
S0,1973,27-45,
S0,1973,46-65,
S0,1974,00-04,41963510.15384699
S0,1974,05-09,38292137.10316781
S0,1974,10-14,34015213.38442792
S0,1974,15-19,28504370.825977594
S0,1974,20-24,25033604.108169645
S0,1974,25-29,19535725.706156254
S0,1974,30-34,16831059.49321559
S0,1974,35-39,15768292.326188058
S0,1974,40-44,13843139.970338672
S0,1974,45-49,12077616.037800193
S0,1974,50-54,9924868.892626584
S0,1974,55-59,7897164.800637692
S0,1974,60-64,7033852.437549114
S0,1974,65-69,4750125.591239989
S0,1974,70-74,3149617.276142359
S0,1974,75+,2875435.000661671
S0,1974,0-8,
S0,1974,9-14,
S0,1974,0-17,
S0,1974,18-29,
S0,1974,30-65,
S0,1974,66+,
S0,1974,15-26,
S0,1974,27-45,
S0,1974,46-65,
S0,1975,00-04,42449772.02718985
S0,1975,05-09,39029588.97041668
S0,1975,10-14,34759888.725501105
S0,1975,15-19,28968630.64584917
S0,1975,20-24,25985120.468388736
S0,1975,25-29,20485361.27389711
S0,1975,30-34,17029257.65383154
S0,1975,35-39,15986756.565681309
S0,1975,40-44,14173404.791232914
S0,1975,45-49,12406839.11460933
S0,1975,50-54,10108034.963881671
S0,1975,55-59,7990761.609374136
S0,1975,60-64,7188681.628768265
S0,1975,65-69,4886933.394688606
S0,1975,70-74,3210789.7783851624
S0,1975,75+,2994949.724725485
S0,1975,0-8,
S0,1975,9-14,
S0,1975,0-17,
S0,1975,18-29,
S0,1975,30-65,
S0,1975,66+,
S0,1975,15-26,
S0,1975,27-45,
S0,1975,46-65,
S0,1976,00-04,42859536.65368631
S0,1976,05-09,39829863.68990109
S0,1976,10-14,35439954.12631899
S0,1976,15-19,29434844.97486168
S0,1976,20-24,26897860.0798333
S0,1976,25-29,21545621.268496454
S0,1976,30-34,17321589.031365186
S0,1976,35-39,16171594.404793411
S0,1976,40-44,14489759.35088846
S0,1976,45-49,12755995.501545757
S0,1976,50-54,10308198.395866066
S0,1976,55-59,8083705.139359772
S0,1976,60-64,7359396.384117186
S0,1976,65-69,4998609.824314535
S0,1976,70-74,3306211.110634029
S0,1976,75+,3106872.0234240294
S0,1976,0-8,
S0,1976,9-14,
S0,1976,0-17,
S0,1976,18-29,
S0,1976,30-65,
S0,1976,66+,
S0,1976,15-26,
S0,1976,27-45,
S0,1976,46-65,
S0,1977,00-04,43281003.18698453
S0,1977,05-09,40705516.407718934
S0,1977,10-14,36105711.11162454
S0,1977,15-19,29890011.790996403
S0,1977,20-24,27764780.042090982
S0,1977,25-29,22674729.68572712
S0,1977,30-34,17686679.93631512
S0,1977,35-39,16303583.221489877
S0,1977,40-44,14818789.376033008
S0,1977,45-49,13125169.82539332
S0,1977,50-54,10521452.232057512
S0,1977,55-59,8174169.586987317
S0,1977,60-64,7548396.241861045
S0,1977,65-69,5078726.393282533
S0,1977,70-74,3447614.1868400574
S0,1977,75+,3204107.2127592564
S0,1977,0-8,
S0,1977,9-14,
S0,1977,0-17,
S0,1977,18-29,
S0,1977,30-65,
S0,1977,66+,
S0,1977,15-26,
S0,1977,27-45,
S0,1977,46-65,
S0,1978,00-04,43621942.55182777
S0,1978,05-09,41592847.270551816
S0,1978,10-14,36786606.26649687
S0,1978,15-19,30362423.035289466
S0,1978,20-24,28600762.38496819
S0,1978,25-29,23935655.217752278
S0,1978,30-34,18114391.345453024
S0,1978,35-39,16421431.763045311
S0,1978,40-44,15162393.978427231
S0,1978,45-49,13516415.727845848
S0,1978,50-54,10752238.8655262
S0,1978,55-59,8266315.501250267
S0,1978,60-64,7757655.143592298
S0,1978,65-69,5131763.591696739
S0,1978,70-74,3621546.3745099306
S0,1978,75+,3294019.684664607
S0,1978,0-8,
S0,1978,9-14,
S0,1978,0-17,
S0,1978,18-29,
S0,1978,30-65,
S0,1978,66+,
S0,1978,15-26,
S0,1978,27-45,
S0,1978,46-65,
S0,1979,00-04,43908899.64057008
S0,1979,05-09,42514140.55875047
S0,1979,10-14,37493364.4819444
S0,1979,15-19,30821603.961267248
S0,1979,20-24,29307954.955160916
S0,1979,25-29,25286905.373669863
S0,1979,30-34,18502938.070788175
S0,1979,35-39,16545004.411366582
S0,1979,40-44,15465379.535738021
S0,1979,45-49,13907479.540115982
S0,1979,50-54,10994638.640823841
S0,1979,55-59,8362568.819286704
S0,1979,60-64,7974112.132301629
S0,1979,65-69,5177145.720288038
S0,1979,70-74,3798386.8272207975
S0,1979,75+,3388047.344648838
S0,1979,0-8,
S0,1979,9-14,
S0,1979,0-17,
S0,1979,18-29,
S0,1979,30-65,
S0,1979,66+,
S0,1979,15-26,
S0,1979,27-45,
S0,1979,46-65,
S0,1980,00-04,44275809.7072926
S0,1980,05-09,43510641.47734979
S0,1980,10-14,38197163.43234722
S0,1980,15-19,31332052.104679197
S0,1980,20-24,30023790.986900747
S0,1980,25-29,26361386.110937297
S0,1980,30-34,19372832.769896835
S0,1980,35-39,16792433.894634277
S0,1980,40-44,15723154.63653627
S0,1980,45-49,14305713.78933072
S0,1980,50-54,11263725.832532585
S0,1980,55-59,8479881.285101771
S0,1980,60-64,8191596.138009369
S0,1980,65-69,5241550.515410066
S0,1980,70-74,3943252.114304781
S0,1980,75+,3503462.269477606
S0,1980,0-8,
S0,1980,9-14,
S0,1980,0-17,
S0,1980,18-29,
S0,1980,30-65,
S0,1980,66+,
S0,1980,15-26,
S0,1980,27-45,
S0,1980,46-65,
S0,1981,00-04,44815916.40205983
S0,1981,05-09,44452880.76128555
S0,1981,10-14,38955043.31507978
S0,1981,15-19,31762525.263737753
S0,1981,20-24,30711730.55524528
S0,1981,25-29,27360522.21380648
S0,1981,30-34,20313317.273991704
S0,1981,35-39,17113010.938010395
S0,1981,40-44,15935190.979688346
S0,1981,45-49,14682100.049090326
S0,1981,50-54,11544575.995809078
S0,1981,55-59,8611069.260249197
S0,1981,60-64,8410208.917241216
S0,1981,65-69,5315148.79900527
S0,1981,70-74,4067904.645787835
S0,1981,75+,3632160.5221015215
S0,1981,0-8,
S0,1981,9-14,
S0,1981,0-17,
S0,1981,18-29,
S0,1981,30-65,
S0,1981,66+,
S0,1981,15-26,
S0,1981,27-45,
S0,1981,46-65,
S0,1982,00-04,45340247.43158974
S0,1982,05-09,45417531.26712465
S0,1982,10-14,39786058.00843586
S0,1982,15-19,32181656.46849531
S0,1982,20-24,31393473.37947762
S0,1982,25-29,28316626.555975974
S0,1982,30-34,21316281.28947878
S0,1982,35-39,17507375.43598458
S0,1982,40-44,16096084.054191887
S0,1982,45-49,15071884.223408878
S0,1982,50-54,11842752.101394296
S0,1982,55-59,8756173.987002969
S0,1982,60-64,8629199.259728491
S0,1982,65-69,5401553.979273081
S0,1982,70-74,4168105.2859567404
S0,1982,75+,3777492.0887057185
S0,1982,0-8,
S0,1982,9-14,
S0,1982,0-17,
S0,1982,18-29,
S0,1982,30-65,
S0,1982,66+,
S0,1982,15-26,
S0,1982,27-45,
S0,1982,46-65,
S0,1983,00-04,45964727.11129235
S0,1983,05-09,46310437.12817028
S0,1983,10-14,40627017.88724476
S0,1983,15-19,32620406.985810682
S0,1983,20-24,32086047.20998922
S0,1983,25-29,29217634.04318565
S0,1983,30-34,22417248.97202611
S0,1983,35-39,17947840.657910436
S0,1983,40-44,16231519.715952218
S0,1983,45-49,15468318.686340451
S0,1983,50-54,12155776.292156756
S0,1983,55-59,8916795.77205795
S0,1983,60-64,8850006.514842987
S0,1983,65-69,5502141.7422834635
S0,1983,70-74,4246875.279587686
S0,1983,75+,3937167.00794065
S0,1983,0-8,
S0,1983,9-14,
S0,1983,0-17,
S0,1983,18-29,
S0,1983,30-65,
S0,1983,66+,
S0,1983,15-26,
S0,1983,27-45,
S0,1983,46-65,
S0,1984,00-04,46662956.62114475
S0,1984,05-09,47159757.22664585
S0,1984,10-14,41508307.45595044
S0,1984,15-19,33105169.070233762
S0,1984,20-24,32812293.436847806
S0,1984,25-29,30051976.094049513
S0,1984,30-34,23653778.208993733
S0,1984,35-39,18388788.34939432
S0,1984,40-44,16397138.06553471
S0,1984,45-49,15838065.487879455
S0,1984,50-54,12477651.963258386
S0,1984,55-59,9095866.734896958
S0,1984,60-64,9079450.641694546
S0,1984,65-69,5611250.537698269
S0,1984,70-74,4321831.499884725
S0,1984,75+,4100927.8675779104
S0,1984,0-8,
S0,1984,9-14,
S0,1984,0-17,
S0,1984,18-29,
S0,1984,30-65,
S0,1984,66+,
S0,1984,15-26,
S0,1984,27-45,
S0,1984,46-65,
S0,1985,00-04,47389179.42311455
S0,1985,05-09,48064102.576284245
S0,1985,10-14,42453222.99103454
S0,1985,15-19,33585078.21570623
S0,1985,20-24,33541897.30552709
S0,1985,25-29,30810660.941583604
S0,1985,30-34,24561793.723462075
S0,1985,35-39,19258043.074490547
S0,1985,40-44,16650502.693867326
S0,1985,45-49,16135533.581168711
S0,1985,50-54,12792639.843151629
S0,1985,55-59,9293677.946022153
S0,1985,60-64,9325006.255246758
S0,1985,65-69,5720792.516679704
S0,1985,70-74,4411778.569819331
S0,1985,75+,4258401.2589607835
S0,1985,0-8,
S0,1985,9-14,
S0,1985,0-17,
S0,1985,18-29,
S0,1985,30-65,
S0,1985,66+,
S0,1985,15-26,
S0,1985,27-45,
S0,1985,46-65,
S0,1986,00-04,48020616.12654305
S0,1986,05-09,49156253.1548622
S0,1986,10-14,43350086.21776895
S0,1986,15-19,34131417.66912979
S0,1986,20-24,34207367.61809158
S0,1986,25-29,31572481.37348777
S0,1986,30-34,25429114.76379448
S0,1986,35-39,20219966.475176305
S0,1986,40-44,16988866.21697682
S0,1986,45-49,16390600.18037486
S0,1986,50-54,13093503.950859427
S0,1986,55-59,9508312.517930925
S0,1986,60-64,9585601.51086831
S0,1986,65-69,5835750.345964313
S0,1986,70-74,4511297.820223153
S0,1986,75+,4414215.074295044
S0,1986,0-8,
S0,1986,9-14,
S0,1986,0-17,
S0,1986,18-29,
S0,1986,30-65,
S0,1986,66+,
S0,1986,15-26,
S0,1986,27-45,
S0,1986,46-65,
S0,1987,00-04,48723584.33365773
S0,1987,05-09,50222385.09059669
S0,1987,10-14,44268720.40889454
S0,1987,15-19,34754522.52939749
S0,1987,20-24,34852018.35296154
S0,1987,25-29,32322715.14350471
S0,1987,30-34,26259393.67227134
S0,1987,35-39,21246609.852886975
S0,1987,40-44,17399924.519631684
S0,1987,45-49,16588324.826466262
S0,1987,50-54,13407501.109600127
S0,1987,55-59,9741852.159940898
S0,1987,60-64,9857521.579957843
S0,1987,65-69,5955332.087335229
S0,1987,70-74,4622467.334120929
S0,1987,75+,4568844.7660345435
S0,1987,0-8,
S0,1987,9-14,
S0,1987,0-17,
S0,1987,18-29,
S0,1987,30-65,
S0,1987,66+,
S0,1987,15-26,
S0,1987,27-45,
S0,1987,46-65,
S0,1988,00-04,49320793.35590291
S0,1988,05-09,51385753.770754665
S0,1988,10-14,45119983.070762515
S0,1988,15-19,35407348.58949348
S0,1988,20-24,35513458.7409513
S0,1988,25-29,33080084.857213467
S0,1988,30-34,27042981.849488348
S0,1988,35-39,22372839.775634766
S0,1988,40-44,17855833.14696479
S0,1988,45-49,16754334.234847784
S0,1988,50-54,13728967.279102623
S0,1988,55-59,9992602.752070487
S0,1988,60-64,10141084.69554001
S0,1988,65-69,6081307.287563324
S0,1988,70-74,4746051.706364334
S0,1988,75+,4723202.523523331
S0,1988,0-8,
S0,1988,9-14,
S0,1988,0-17,
S0,1988,18-29,
S0,1988,30-65,
S0,1988,66+,
S0,1988,15-26,
S0,1988,27-45,
S0,1988,46-65,
S0,1989,00-04,49879148.15397026
S0,1989,05-09,52606011.43728559
S0,1989,10-14,45929376.11372805
S0,1989,15-19,36117839.38422322
S0,1989,20-24,36213294.64046413
S0,1989,25-29,33856786.191292286
S0,1989,30-34,27761154.770750105
S0,1989,35-39,23628844.436222613
S0,1989,40-44,18306223.847354352
S0,1989,45-49,16942375.2427963
S0,1989,50-54,14026884.796860516
S0,1989,55-59,10255125.751272202
S0,1989,60-64,10437428.545107067
S0,1989,65-69,6218605.97096014
S0,1989,70-74,4876609.118861377
S0,1989,75+,4881805.431238472
S0,1989,0-8,
S0,1989,9-14,
S0,1989,0-17,
S0,1989,18-29,
S0,1989,30-65,
S0,1989,66+,
S0,1989,15-26,
S0,1989,27-45,
S0,1989,46-65,
S0,1990,00-04,50365911.47632803
S0,1990,05-09,53830884.533075705
S0,1990,10-14,46796252.11268076
S0,1990,15-19,36913084.01760417
S0,1990,20-24,36911937.32051161
S0,1990,25-29,34647610.97618052
S0,1990,30-34,28428813.02211106
S0,1990,35-39,24566193.52228582
S0,1990,40-44,19188867.555731714
S0,1990,45-49,17218658.11929965
S0,1990,50-54,14265570.682173967
S0,1990,55-59,10519293.044418693
S0,1990,60-64,10747339.466133356
S0,1990,65-69,6373749.402823091
S0,1990,70-74,5007385.183144093
S0,1990,75+,5049763.230129063
S0,1990,0-8,
S0,1990,9-14,
S0,1990,0-17,
S0,1990,18-29,
S0,1990,30-65,
S0,1990,66+,
S0,1990,15-26,
S0,1990,27-45,
S0,1990,46-65,
S0,1991,00-04,50800389.12571543
S0,1991,05-09,54916999.192974575
S0,1991,10-14,47849949.88984609
S0,1991,15-19,37696463.2536324
S0,1991,20-24,37682297.58937612
S0,1991,25-29,35377623.03918344
S0,1991,30-34,29116595.118496597
S0,1991,35-39,25468791.179641426
S0,1991,40-44,20166842.406927824
S0,1991,45-49,17579115.71624887
S0,1991,50-54,14471972.291464448
S0,1991,55-59,10779251.966266036
S0,1991,60-64,11066559.578050256
S0,1991,65-69,6546283.24962157
S0,1991,70-74,5141879.556398392
S0,1991,75+,5226195.229034603
S0,1991,0-8,
S0,1991,9-14,
S0,1991,0-17,
S0,1991,18-29,
S0,1991,30-65,
S0,1991,66+,
S0,1991,15-26,
S0,1991,27-45,
S0,1991,46-65,
S0,1992,00-04,51111072.81512519
S0,1992,05-09,56208787.31665542
S0,1992,10-14,49104893.66244145
S0,1992,15-19,38497294.39473036
S0,1992,20-24,38118706.639345646
S0,1992,25-29,35950076.93780175
S0,1992,30-34,29989937.93949777
S0,1992,35-39,26589087.838684797
S0,1992,40-44,20776426.681286514
S0,1992,45-49,17590924.83002293
S0,1992,50-54,14477605.214447737
S0,1992,55-59,11262670.877877533
S0,1992,60-64,11363786.222030342
S0,1992,65-69,6887243.181406081
S0,1992,70-74,5327782.942408264
S0,1992,75+,5425903.578522325
S0,1992,0-8,
S0,1992,9-14,
S0,1992,0-17,
S0,1992,18-29,
S0,1992,30-65,
S0,1992,66+,
S0,1992,15-26,
S0,1992,27-45,
S0,1992,46-65,
S0,1993,00-04,51440194.03965078
S0,1993,05-09,57321309.720845774
S0,1993,10-14,50468642.41014415
S0,1993,15-19,39252458.3731792
S0,1993,20-24,38595605.59019178
S0,1993,25-29,36549680.878507376
S0,1993,30-34,30875061.59446317
S0,1993,35-39,27677318.3074466
S0,1993,40-44,21492402.845419407
S0,1993,45-49,17659323.11083114
S0,1993,50-54,14464811.79180175
S0,1993,55-59,11745494.839093745
S0,1993,60-64,11679635.558956563
S0,1993,65-69,7246632.522738934
S0,1993,70-74,5516960.636139333
S0,1993,75+,5633105.172140479
S0,1993,0-8,
S0,1993,9-14,
S0,1993,0-17,
S0,1993,18-29,
S0,1993,30-65,
S0,1993,66+,
S0,1993,15-26,
S0,1993,27-45,
S0,1993,46-65,
S0,1994,00-04,51687260.55601648
S0,1994,05-09,58311375.85955555
S0,1994,10-14,51893732.59802647
S0,1994,15-19,39970778.02553654
S0,1994,20-24,39121189.11407176
S0,1994,25-29,37174662.66304329
S0,1994,30-34,31765969.961625874
S0,1994,35-39,28695182.727785766
S0,1994,40-44,22337203.473931253
S0,1994,45-49,17734347.856127024
S0,1994,50-54,14478247.300198853
S0,1994,55-59,12196163.30056572
S0,1994,60-64,12004939.633791149
S0,1994,65-69,7623480.780194104
S0,1994,70-74,5711514.022318423
S0,1994,75+,5845971.2820439935
S0,1994,0-8,
S0,1994,9-14,
S0,1994,0-17,
S0,1994,18-29,
S0,1994,30-65,
S0,1994,66+,
S0,1994,15-26,
S0,1994,27-45,
S0,1994,46-65,
S0,1995,00-04,51909162.18212253
S0,1995,05-09,59133460.10375562
S0,1995,10-14,53319931.6302177
S0,1995,15-19,40722042.437067896
S0,1995,20-24,39691328.372849524
S0,1995,25-29,37745024.12101272
S0,1995,30-34,32627774.133097112
S0,1995,35-39,29629143.006368637
S0,1995,40-44,22883581.576844335
S0,1995,45-49,18232924.4133721
S0,1995,50-54,14569370.284986436
S0,1995,55-59,12576464.777704537
S0,1995,60-64,12324781.15763706
S0,1995,65-69,8016509.263251603
S0,1995,70-74,5915694.828644395
S0,1995,75+,6062983.04808861
S0,1995,0-8,
S0,1995,9-14,
S0,1995,0-17,
S0,1995,18-29,
S0,1995,30-65,
S0,1995,66+,
S0,1995,15-26,
S0,1995,27-45,
S0,1995,46-65,
S0,1996,00-04,52151948.09132299
S0,1996,05-09,59819952.52797963
S0,1996,10-14,54610181.08283974
S0,1996,15-19,41658570.700624764
S0,1996,20-24,40273946.98543677
S0,1996,25-29,38400301.351056546
S0,1996,30-34,33432097.86945653
S0,1996,35-39,30573812.999889553
S0,1996,40-44,23428093.90474987
S0,1996,45-49,18836754.937116385
S0,1996,50-54,14740677.865948737
S0,1996,55-59,12910397.186763942
S0,1996,60-64,12634501.235939503
S0,1996,65-69,8423242.167993963
S0,1996,70-74,6128522.980527759
S0,1996,75+,6285436.457002699
S0,1996,0-8,
S0,1996,9-14,
S0,1996,0-17,
S0,1996,18-29,
S0,1996,30-65,
S0,1996,66+,
S0,1996,15-26,
S0,1996,27-45,
S0,1996,46-65,
S0,1997,00-04,52380639.35640291
S0,1997,05-09,60313644.29098935
S0,1997,10-14,55931448.50836958
S0,1997,15-19,42583061.19523916
S0,1997,20-24,40913240.118819
S0,1997,25-29,39127422.82647088
S0,1997,30-34,34208121.33789003
S0,1997,35-39,31503539.7214846
S0,1997,40-44,23977877.439796507
S0,1997,45-49,19524922.974562287
S0,1997,50-54,14979961.814549923
S0,1997,55-59,13184516.493379295
S0,1997,60-64,12960749.255847514
S0,1997,65-69,8842349.349949718
S0,1997,70-74,6346897.4418776035
S0,1997,75+,6513435.840574801
S0,1997,0-8,
S0,1997,9-14,
S0,1997,0-17,
S0,1997,18-29,
S0,1997,30-65,
S0,1997,66+,
S0,1997,15-26,
S0,1997,27-45,
S0,1997,46-65,
S0,1998,00-04,52609312.70021486
S0,1998,05-09,60801610.67075507
S0,1998,10-14,57079521.800128385
S0,1998,15-19,43598770.28133604
S0,1998,20-24,41530469.95982459
S0,1998,25-29,39862468.5016658
S0,1998,30-34,34978319.66826433
S0,1998,35-39,32417895.92065841
S0,1998,40-44,24523132.90104896
S0,1998,45-49,20333720.82442081
S0,1998,50-54,15260163.708519042
S0,1998,55-59,13416076.871335506
S0,1998,60-64,13296704.830331862
S0,1998,65-69,9268873.642956734
S0,1998,70-74,6570582.9658664465
S0,1998,75+,6748055.171050429
S0,1998,0-8,
S0,1998,9-14,
S0,1998,0-17,
S0,1998,18-29,
S0,1998,30-65,
S0,1998,66+,
S0,1998,15-26,
S0,1998,27-45,
S0,1998,46-65,
S0,1999,00-04,52876861.45662319
S0,1999,05-09,61174757.39067585
S0,1999,10-14,58104968.093260646
S0,1999,15-19,44669519.94720203
S0,1999,20-24,42153846.241710395
S0,1999,25-29,40631606.57515386
S0,1999,30-34,35758782.355621636
S0,1999,35-39,33317987.614987195
S0,1999,40-44,25051371.57676536
S0,1999,45-49,21299665.501071334
S0,1999,50-54,15538221.036279678
S0,1999,55-59,13646462.291414082
S0,1999,60-64,13611337.302814305
S0,1999,65-69,9694499.560421765
S0,1999,70-74,6800297.652993202
S0,1999,75+,6991901.861860275
S0,1999,0-8,
S0,1999,9-14,
S0,1999,0-17,
S0,1999,18-29,
S0,1999,30-65,
S0,1999,66+,
S0,1999,15-26,
S0,1999,27-45,
S0,1999,46-65,
S0,2000,00-04,53143624.22265325
S0,2000,05-09,61509426.823052965
S0,2000,10-14,58956280.09584394
S0,2000,15-19,45745751.63705453
S0,2000,20-24,42872238.82643044
S0,2000,25-29,41451707.03648895
S0,2000,30-34,36496718.19057381
S0,2000,35-39,34180132.50607133
S0,2000,40-44,25576241.1122365
S0,2000,45-49,22033204.18431753
S0,2000,50-54,16186146.149270833
S0,2000,55-59,13926139.823940396
S0,2000,60-64,13867935.405437827
S0,2000,65-69,10105063.393644392
S0,2000,70-74,7036397.705936372
S0,2000,75+,7248148.579731047
S0,2000,0-8,
S0,2000,9-14,
S0,2000,0-17,
S0,2000,18-29,
S0,2000,30-65,
S0,2000,66+,
S0,2000,15-26,
S0,2000,27-45,
S0,2000,46-65,
S0,2001,00-04,53527154.63265912
S0,2001,05-09,61851165.01222348
S0,2001,10-14,59650815.31573619
S0,2001,15-19,46709955.46157938
S0,2001,20-24,43815932.03991556
S0,2001,25-29,42217242.17999059
S0,2001,30-34,37264611.22453433
S0,2001,35-39,34921586.24028897
S0,2001,40-44,26167164.14445579
S0,2001,45-49,22806648.770160973
S0,2001,50-54,16912906.60967958
S0,2001,55-59,14251467.672946751
S0,2001,60-64,14093691.883384585
S0,2001,65-69,10490100.632179797
S0,2001,70-74,7275511.911159277
S0,2001,75+,7517838.754951477
S0,2001,0-8,
S0,2001,9-14,
S0,2001,0-17,
S0,2001,18-29,
S0,2001,30-65,
S0,2001,66+,
S0,2001,15-26,
S0,2001,27-45,
S0,2001,46-65,
S0,2002,00-04,54021791.15503845
S0,2002,05-09,62112573.248903595
S0,2002,10-14,60148932.13363084
S0,2002,15-19,47777414.79854804
S0,2002,20-24,44787219.98899391
S0,2002,25-29,43009521.032928586
S0,2002,30-34,38083668.11086428
S0,2002,35-39,35623090.32247579
S0,2002,40-44,26814977.886698663
S0,2002,45-49,23597428.068931162
S0,2002,50-54,17695380.180779994
S0,2002,55-59,14617119.603952646
S0,2002,60-64,14287387.48098874
S0,2002,65-69,10881864.694259882
S0,2002,70-74,7522940.773737371
S0,2002,75+,7798197.422594428
S0,2002,0-8,
S0,2002,9-14,
S0,2002,0-17,
S0,2002,18-29,
S0,2002,30-65,
S0,2002,66+,
S0,2002,15-26,
S0,2002,27-45,
S0,2002,46-65,
S0,2003,00-04,54474417.13135827
S0,2003,05-09,62254314.065789126
S0,2003,10-14,60646675.32760936
S0,2003,15-19,48794611.078235745
S0,2003,20-24,45805514.64166704
S0,2003,25-29,43671522.69158578
S0,2003,30-34,38842243.74647331
S0,2003,35-39,36305298.17567003
S0,2003,40-44,27500575.067472935
S0,2003,45-49,24339170.674784124
S0,2003,50-54,18547581.362969577
S0,2003,55-59,14994261.449550927
S0,2003,60-64,14474675.34908551
S0,2003,65-69,11283191.824722707
S0,2003,70-74,7781274.293471694
S0,2003,75+,8089557.990095913
S0,2003,0-8,
S0,2003,9-14,
S0,2003,0-17,
S0,2003,18-29,
S0,2003,30-65,
S0,2003,66+,
S0,2003,15-26,
S0,2003,27-45,
S0,2003,46-65,
S0,2004,00-04,54820695.23748948
S0,2004,05-09,62341097.87761082
S0,2004,10-14,61043683.03533551
S0,2004,15-19,49852045.78552565
S0,2004,20-24,46916928.87072405
S0,2004,25-29,44301921.34096247
S0,2004,30-34,39617987.59892964
S0,2004,35-39,37022120.56096053
S0,2004,40-44,28257526.061274946
S0,2004,45-49,25031573.35221696
S0,2004,50-54,19500261.866380155
S0,2004,55-59,15342077.478387713
S0,2004,60-64,14704918.242431402
S0,2004,65-69,11666909.169098496
S0,2004,70-74,8045356.352742851
S0,2004,75+,8392068.468728125
S0,2004,0-8,
S0,2004,9-14,
S0,2004,0-17,
S0,2004,18-29,
S0,2004,30-65,
S0,2004,66+,
S0,2004,15-26,
S0,2004,27-45,
S0,2004,46-65,
S0,2005,00-04,55091198.43427344
S0,2005,05-09,62340228.8637905
S0,2005,10-14,61414624.63512322
S0,2005,15-19,50916915.82731745
S0,2005,20-24,48106711.58081192
S0,2005,25-29,45023624.90830457
S0,2005,30-34,40453595.0750466
S0,2005,35-39,37738712.989507675
S0,2005,40-44,29090406.711354494
S0,2005,45-49,25694916.992053926
S0,2005,50-54,20189902.21070957
S0,2005,55-59,16030616.681511164
S0,2005,60-64,15034458.408825517
S0,2005,65-69,11998440.825837612
S0,2005,70-74,8305502.704039633
S0,2005,75+,8706942.659178078
S0,2005,0-8,
S0,2005,9-14,
S0,2005,0-17,
S0,2005,18-29,
S0,2005,30-65,
S0,2005,66+,
S0,2005,15-26,
S0,2005,27-45,
S0,2005,46-65,
S0,2006,00-04,55081475.0628645
S0,2006,05-09,62381679.94757725
S0,2006,10-14,61783127.211312026
S0,2006,15-19,51935868.5655449
S0,2006,20-24,49146865.105668545
S0,2006,25-29,45857685.18596339
S0,2006,30-34,41164198.99400139
S0,2006,35-39,38474707.24127072
S0,2006,40-44,29912538.63847947
S0,2006,45-49,26380254.37853378
S0,2006,50-54,20838725.269130588
S0,2006,55-59,16756360.46642673
S0,2006,60-64,15455451.132428885
S0,2006,65-69,12294711.642634213
S0,2006,70-74,8554499.391636074
S0,2006,75+,9033476.117631555
S0,2006,0-8,
S0,2006,9-14,
S0,2006,0-17,
S0,2006,18-29,
S0,2006,30-65,
S0,2006,66+,
S0,2006,15-26,
S0,2006,27-45,
S0,2006,46-65,
S0,2007,00-04,54866258.68289449
S0,2007,05-09,62458231.154682525
S0,2007,10-14,62133714.076663226
S0,2007,15-19,52923543.3689599
S0,2007,20-24,50332408.05784935
S0,2007,25-29,46726153.77510035
S0,2007,30-34,41904137.28902906
S0,2007,35-39,39302654.297890365
S0,2007,40-44,30807566.203373134
S0,2007,45-49,27111140.284457922
S0,2007,50-54,21467199.185899436
S0,2007,55-59,17500075.161366463
S0,2007,60-64,15966260.605032742
S0,2007,65-69,12551189.277742922
S0,2007,70-74,8813425.267864406
S0,2007,75+,9373030.267592669
S0,2007,0-8,
S0,2007,9-14,
S0,2007,0-17,
S0,2007,18-29,
S0,2007,30-65,
S0,2007,66+,
S0,2007,15-26,
S0,2007,27-45,
S0,2007,46-65,
S0,2008,00-04,54584919.74618977
S0,2008,05-09,62391563.21650568
S0,2008,10-14,62462568.216255546
S0,2008,15-19,53953387.21694735
S0,2008,20-24,51367296.10699862
S0,2008,25-29,47625673.54451108
S0,2008,30-34,42499264.05753279
S0,2008,35-39,40096138.58132368
S0,2008,40-44,31770945.08668959
S0,2008,45-49,27880889.096684515
S0,2008,50-54,22049018.59062016
S0,2008,55-59,18269057.495858908
S0,2008,60-64,16530838.31845504
S0,2008,65-69,12780130.651500821
S0,2008,70-74,9074795.211745024
S0,2008,75+,9728185.22810793
S0,2008,0-8,
S0,2008,9-14,
S0,2008,0-17,
S0,2008,18-29,
S0,2008,30-65,
S0,2008,66+,
S0,2008,15-26,
S0,2008,27-45,
S0,2008,46-65,
S0,2009,00-04,54408638.4546643
S0,2009,05-09,62102873.18661558
S0,2009,10-14,62828977.43548566
S0,2009,15-19,54959341.062768996
S0,2009,20-24,52380952.54321921
S0,2009,25-29,48583497.680503905
S0,2009,30-34,43019961.61618465
S0,2009,35-39,40913668.67293799
S0,2009,40-44,32846870.712594926
S0,2009,45-49,28719283.03314048
S0,2009,50-54,22575185.990753055
S0,2009,55-59,19081193.097690165
S0,2009,60-64,17103903.97793889
S0,2009,65-69,13022069.901954293
S0,2009,70-74,9316830.099692702
S0,2009,75+,10103039.948192477
S0,2009,0-8,
S0,2009,9-14,
S0,2009,0-17,
S0,2009,18-29,
S0,2009,30-65,
S0,2009,66+,
S0,2009,15-26,
S0,2009,27-45,
S0,2009,46-65,
S0,2010,00-04,54378142.91337893
S0,2010,05-09,61646054.99304492
S0,2010,10-14,63195825.90577273
S0,2010,15-19,56031250.58598766
S0,2010,20-24,53407262.9666813
S0,2010,25-29,49615956.16172892
S0,2010,30-34,43606258.96703887
S0,2010,35-39,41812057.824338555
S0,2010,40-44,34023208.80508137
S0,2010,45-49,29640064.694067955
S0,2010,50-54,23062368.745238066
S0,2010,55-59,19579604.429920435
S0,2010,60-64,18113335.60255462
S0,2010,65-69,13325252.29744792
S0,2010,70-74,9513429.496222496
S0,2010,75+,10500237.670075417
S0,2010,0-8,
S0,2010,9-14,
S0,2010,0-17,
S0,2010,18-29,
S0,2010,30-65,
S0,2010,66+,
S0,2010,15-26,
S0,2010,27-45,
S0,2010,46-65,
S0,2011,00-04,54410265.51296724
S0,2011,05-09,60839202.51959538
S0,2011,10-14,63689222.40642828
S0,2011,15-19,57160189.92654106
S0,2011,20-24,54427251.43971112
S0,2011,25-29,50552296.03629416
S0,2011,30-34,44350420.65846425
S0,2011,35-39,42657724.5530712
S0,2011,40-44,35367262.19611114
S0,2011,45-49,30582150.24512124
S0,2011,50-54,23563796.40984863
S0,2011,55-59,19983812.41203022
S0,2011,60-64,19229360.02627492
S0,2011,65-69,13683259.033199668
S0,2011,70-74,9683249.342736125
S0,2011,75+,10919367.456607342
S0,2011,0-8,
S0,2011,9-14,
S0,2011,0-17,
S0,2011,18-29,
S0,2011,30-65,
S0,2011,66+,
S0,2011,15-26,
S0,2011,27-45,
S0,2011,46-65,
S0,2012,00-04,54199339.16612257
S0,2012,05-09,60378427.12515004
S0,2012,10-14,64266894.70153108
S0,2012,15-19,57505067.4707081
S0,2012,20-24,54930748.87683067
S0,2012,25-29,51671401.23393291
S0,2012,30-34,45352451.60581809
S0,2012,35-39,43595783.14032477
S0,2012,40-44,36162096.238684654
S0,2012,45-49,31209324.12023598
S0,2012,50-54,24148780.411266923
S0,2012,55-59,20696080.47567469
S0,2012,60-64,20286394.11450398
S0,2012,65-69,14090658.484885693
S0,2012,70-74,9857817.463344097
S0,2012,75+,11344450.802064776
S0,2012,0-8,
S0,2012,9-14,
S0,2012,0-17,
S0,2012,18-29,
S0,2012,30-65,
S0,2012,66+,
S0,2012,15-26,
S0,2012,27-45,
S0,2012,46-65,
S0,2013,00-04,54065907.6426482
S0,2013,05-09,59848420.11159154
S0,2013,10-14,64752718.530065954
S0,2013,15-19,57850701.14246565
S0,2013,20-24,55459761.42210853
S0,2013,25-29,52666764.20596093
S0,2013,30-34,46462611.87232119
S0,2013,35-39,44457686.79546356
S0,2013,40-44,36968641.15476996
S0,2013,45-49,31852740.682110667
S0,2013,50-54,24760870.294503152
S0,2013,55-59,21378367.37891072
S0,2013,60-64,21412542.56150222
S0,2013,65-69,14527059.475950837
S0,2013,70-74,10021555.527730703
S0,2013,75+,11805151.71150148
S0,2013,0-8,
S0,2013,9-14,
S0,2013,0-17,
S0,2013,18-29,
S0,2013,30-65,
S0,2013,66+,
S0,2013,15-26,
S0,2013,27-45,
S0,2013,46-65,
S0,2014,00-04,53839131.55061092
S0,2014,05-09,59424736.03074979
S0,2014,10-14,65042540.142905965
S0,2014,15-19,58240755.11514908
S0,2014,20-24,55908852.6694375
S0,2014,25-29,53592457.47130597
S0,2014,30-34,47645572.90643543
S0,2014,35-39,45269734.14632058
S0,2014,40-44,37814480.29650527
S0,2014,45-49,32530724.997495532
S0,2014,50-54,25409777.512949884
S0,2014,55-59,22015139.41174233
S0,2014,60-64,22627818.7970829
S0,2014,65-69,14947945.908614278
S0,2014,70-74,10204089.215746522
S0,2014,75+,12282350.829848409
S0,2014,0-8,
S0,2014,9-14,
S0,2014,0-17,
S0,2014,18-29,
S0,2014,30-65,
S0,2014,66+,
S0,2014,15-26,
S0,2014,27-45,
S0,2014,46-65,
S0,2015,00-04,53235607.67922194
S0,2015,05-09,59135410.876230136
S0,2015,10-14,65166306.35985869
S0,2015,15-19,58626644.57869974
S0,2015,20-24,56330987.55433726
S0,2015,25-29,54395332.62532693
S0,2015,30-34,48846199.53733969
S0,2015,35-39,46125459.17170596
S0,2015,40-44,38721040.01160711
S0,2015,45-49,33200584.37346661
S0,2015,50-54,26088434.57168299
S0,2015,55-59,22615404.805179596
S0,2015,60-64,23513887.70500505
S0,2015,65-69,15729019.769232273
S0,2015,70-74,10440610.01936543
S0,2015,75+,12750511.546902657
S0,2015,0-8,
S0,2015,9-14,
S0,2015,0-17,
S0,2015,18-29,
S0,2015,30-65,
S0,2015,66+,
S0,2015,15-26,
S0,2015,27-45,
S0,2015,46-65,
S0,2016,00-04,52825555.68422174
S0,2016,05-09,58901477.13281543
S0,2016,10-14,64915084.58431697
S0,2016,15-19,59115710.70483047
S0,2016,20-24,56726489.20151657
S0,2016,25-29,55060186.62471372
S0,2016,30-34,49909825.462295115
S0,2016,35-39,47137125.11243516
S0,2016,40-44,39574572.93394834
S0,2016,45-49,33921171.31648809
S0,2016,50-54,26736812.795986414
S0,2016,55-59,23233169.88948989
S0,2016,60-64,24325671.74023187
S0,2016,65-69,16569994.854400873
S0,2016,70-74,10727857.86984706
S0,2016,75+,13216146.837251425
S0,2016,0-8,
S0,2016,9-14,
S0,2016,0-17,
S0,2016,18-29,
S0,2016,30-65,
S0,2016,66+,
S0,2016,15-26,
S0,2016,27-45,
S0,2016,46-65,
S0,2017,00-04,52576310.52338174
S0,2017,05-09,58763301.63818653
S0,2017,10-14,64366828.901100114
S0,2017,15-19,59750572.530972034
S0,2017,20-24,57176671.38557169
S0,2017,25-29,55638389.26434678
S0,2017,30-34,51078960.10105884
S0,2017,35-39,48154099.39213431
S0,2017,40-44,40475151.57502073
S0,2017,45-49,34726465.618882716
S0,2017,50-54,27407529.36860919
S0,2017,55-59,23873271.081513286
S0,2017,60-64,25075951.406669736
S0,2017,65-69,17450101.9668653
S0,2017,70-74,11061111.373412013
S0,2017,75+,13685436.253657818
S0,2017,0-8,
S0,2017,9-14,
S0,2017,0-17,
S0,2017,18-29,
S0,2017,30-65,
S0,2017,66+,
S0,2017,15-26,
S0,2017,27-45,
S0,2017,46-65,
S0,2018,00-04,52126276.31265607
S0,2018,05-09,58669828.81073325
S0,2018,10-14,63715853.7600811
S0,2018,15-19,60298642.82192749
S0,2018,20-24,57589966.15991771
S0,2018,25-29,56200454.9573372
S0,2018,30-34,52100995.47561818
S0,2018,35-39,49247105.843711495
S0,2018,40-44,41309402.3718192
S0,2018,45-49,35542340.295235455
S0,2018,50-54,28111060.813699782
S0,2018,55-59,24537087.43761456
S0,2018,60-64,25743203.628890276
S0,2018,65-69,18385329.62963605
S0,2018,70-74,11418128.409457088
S0,2018,75+,14162880.162422895
S0,2018,0-8,
S0,2018,9-14,
S0,2018,0-17,
S0,2018,18-29,
S0,2018,30-65,
S0,2018,66+,
S0,2018,15-26,
S0,2018,27-45,
S0,2018,46-65,
S0,2019,00-04,51931329.27838821
S0,2019,05-09,58436822.22372549
S0,2019,10-14,63152705.12662339
S0,2019,15-19,60665643.19096637
S0,2019,20-24,58010026.84002614
S0,2019,25-29,56637220.83373928
S0,2019,30-34,53026921.28878647
S0,2019,35-39,50376556.62432778
S0,2019,40-44,42101517.10205704
S0,2019,45-49,36395122.307474196
S0,2019,50-54,28863886.81558162
S0,2019,55-59,25234877.038748622
S0,2019,60-64,26310479.667110205
S0,2019,65-69,19393295.69247198
S0,2019,70-74,11765353.636531353
S0,2019,75+,14654816.798998475
S0,2019,0-8,
S0,2019,9-14,
S0,2019,0-17,
S0,2019,18-29,
S0,2019,30-65,
S0,2019,66+,
S0,2019,15-26,
S0,2019,27-45,
S0,2019,46-65,
S0,2020,00-04,51932188.20147056
S0,2020,05-09,57757629.010391496
S0,2020,10-14,62709778.699624985
S0,2020,15-19,60880263.65078795
S0,2020,20-24,58391348.16484374
S0,2020,25-29,57008333.62093365
S0,2020,30-34,53809394.05384946
S0,2020,35-39,51488675.469177306
S0,2020,40-44,42941902.93481845
S0,2020,45-49,37307109.25452334
S0,2020,50-54,29628939.8408764
S0,2020,55-59,25961049.91886282
S0,2020,60-64,26792509.66291809
S0,2020,65-69,20128935.93181956
S0,2020,70-74,12409573.235994935
S0,2020,75+,15167803.49351108
S0,2020,0-8,
S0,2020,9-14,
S0,2020,0-17,
S0,2020,18-29,
S0,2020,30-65,
S0,2020,66+,
S0,2020,15-26,
S0,2020,27-45,
S0,2020,46-65,
S0,2021,00-04,51666811.82715742
S0,2021,05-09,57275032.95229375
S0,2021,10-14,62328235.92362599
S0,2021,15-19,60826219.01289481
S0,2021,20-24,58988951.17384103
S0,2021,25-29,57473654.7759248
S0,2021,30-34,54556136.02233738
S0,2021,35-39,52507905.93280053
S0,2021,40-44,43985096.97860253
S0,2021,45-49,38192876.20634508
S0,2021,50-54,30461188.42477703
S0,2021,55-59,26643794.615057945
S0,2021,60-64,27226746.18959236
S0,2021,65-69,20766806.223635435
S0,2021,70-74,13072941.219694138
S0,2021,75+,15613564.819630265
S0,2021,0-8,
S0,2021,9-14,
S0,2021,0-17,
S0,2021,18-29,
S0,2021,30-65,
S0,2021,66+,
S0,2021,15-26,
S0,2021,27-45,
S0,2021,46-65,
S0,2022,00-04,51303851.32085506
S0,2022,05-09,56912677.25273573
S0,2022,10-14,62017129.32720497
S0,2022,15-19,60478430.67033923
S0,2022,20-24,59655262.415505946
S0,2022,25-29,57868653.42266601
S0,2022,30-34,55107207.04307377
S0,2022,35-39,53523423.51524693
S0,2022,40-44,44971111.82258552
S0,2022,45-49,39051021.594503105
S0,2022,50-54,31293329.90513277
S0,2022,55-59,27222654.085129738
S0,2022,60-64,27465028.604561687
S0,2022,65-69,21126701.04409635
S0,2022,70-74,13540972.668703675
S0,2022,75+,15659464.631622076
S0,2022,0-8,
S0,2022,9-14,
S0,2022,0-17,
S0,2022,18-29,
S0,2022,30-65,
S0,2022,66+,
S0,2022,15-26,
S0,2022,27-45,
S0,2022,46-65,
S0,2023,00-04,51216940.68658844
S0,2023,05-09,56302033.78943792
S0,2023,10-14,61728935.939704895
S0,2023,15-19,59993679.11998862
S0,2023,20-24,60157654.15878105
S0,2023,25-29,58173735.333180726
S0,2023,30-34,55623015.068269014
S0,2023,35-39,54374546.680157006
S0,2023,40-44,46077811.27380502
S0,2023,45-49,39911033.86315191
S0,2023,50-54,32261659.600250006
S0,2023,55-59,27985332.02401519
S0,2023,60-64,27935222.235837102
S0,2023,65-69,21725816.08578372
S0,2023,70-74,14338556.3929137
S0,2023,75+,16265632.92711699
S0,2023,0-8,
S0,2023,9-14,
S0,2023,0-17,
S0,2023,18-29,
S0,2023,30-65,
S0,2023,66+,
S0,2023,15-26,
S0,2023,27-45,
S0,2023,46-65,
S0,2024,00-04,51051416.57893754
S0,2024,05-09,55951103.71570029
S0,2024,10-14,61294499.390122026
S0,2024,15-19,59637254.98999375
S0,2024,20-24,60534768.78545523
S0,2024,25-29,58543644.701176226
S0,2024,30-34,56063737.459147036
S0,2024,35-39,55146024.25517988
S0,2024,40-44,47258630.87602621
S0,2024,45-49,40748320.63618624
S0,2024,50-54,33290599.56450236
S0,2024,55-59,28801677.804031968
S0,2024,60-64,28416221.43818283
S0,2024,65-69,22255907.316226244
S0,2024,70-74,15206236.306293488
S0,2024,75+,16872708.64583826
S0,2024,0-8,
S0,2024,9-14,
S0,2024,0-17,
S0,2024,18-29,
S0,2024,30-65,
S0,2024,66+,
S0,2024,15-26,
S0,2024,27-45,
S0,2024,46-65,
S0,2025,00-04,51060392.23065267
S0,2025,05-09,55782413.34768515
S0,2025,10-14,60386000.45735639
S0,2025,15-19,59401635.788928986
S0,2025,20-24,60739026.10422668
S0,2025,25-29,58959778.71671903
S0,2025,30-34,56527670.99509072
S0,2025,35-39,55811873.42445892
S0,2025,40-44,48478584.43633604
S0,2025,45-49,41653868.71393478
S0,2025,50-54,34378467.491250396
S0,2025,55-59,29658381.545286775
S0,2025,60-64,28937792.575055003
S0,2025,65-69,22742030.0026623
S0,2025,70-74,15897741.2905761
S0,2025,75+,17784551.43982458
S0,2025,0-8,
S0,2025,9-14,
S0,2025,0-17,
S0,2025,18-29,
S0,2025,30-65,
S0,2025,66+,
S0,2025,15-26,
S0,2025,27-45,
S0,2025,46-65,
S0,2026,00-04,51301918.88566131
S0,2026,05-09,55282758.02953606
S0,2026,10-14,59666148.17922738
S0,2026,15-19,59235261.14929801
S0,2026,20-24,60611073.91477743
S0,2026,25-29,59493800.49485117
S0,2026,30-34,57005540.66338998
S0,2026,35-39,56369652.37977666
S0,2026,40-44,49586460.39381176
S0,2026,45-49,42745552.30101073
S0,2026,50-54,35441270.76170623
S0,2026,55-59,30575745.50410974
S0,2026,60-64,29411866.37198162
S0,2026,65-69,23232822.79343927
S0,2026,70-74,16558993.251253128
S0,2026,75+,18772250.362083435
S0,2026,0-8,
S0,2026,9-14,
S0,2026,0-17,
S0,2026,18-29,
S0,2026,30-65,
S0,2026,66+,
S0,2026,15-26,
S0,2026,27-45,
S0,2026,46-65,
S0,2027,00-04,51581715.74921141
S0,2027,05-09,54664874.62634956
S0,2027,10-14,59069617.13519576
S0,2027,15-19,59154053.72803503
S0,2027,20-24,60207904.12459785
S0,2027,25-29,60106248.52209842
S0,2027,30-34,57458565.11750966
S0,2027,35-39,56763453.96576214
S0,2027,40-44,50745427.91744816
S0,2027,45-49,43834728.51881105
S0,2027,50-54,36539879.20397258
S0,2027,55-59,31560300.654577494
S0,2027,60-64,29885160.881698012
S0,2027,65-69,23726106.374145865
S0,2027,70-74,17194236.258229733
S0,2027,75+,19824367.955207944
S0,2027,0-8,
S0,2027,9-14,
S0,2027,0-17,
S0,2027,18-29,
S0,2027,30-65,
S0,2027,66+,
S0,2027,15-26,
S0,2027,27-45,
S0,2027,46-65,
S0,2028,00-04,51829575.29528765
S0,2028,05-09,54354312.69502067
S0,2028,10-14,58226704.347925246
S0,2028,15-19,59111731.80213609
S0,2028,20-24,59733804.236589015
S0,2028,25-29,60625816.46288115
S0,2028,30-34,57899528.108423054
S0,2028,35-39,57167786.96522099
S0,2028,40-44,51771710.11937213
S0,2028,45-49,45026595.90608013
S0,2028,50-54,37597487.48902547
S0,2028,55-59,32555797.69288063
S0,2028,60-64,30380635.002277613
S0,2028,65-69,24232520.801044106
S0,2028,70-74,17794391.816499233
S0,2028,75+,20946375.11657226
S0,2028,0-8,
S0,2028,9-14,
S0,2028,0-17,
S0,2028,18-29,
S0,2028,30-65,
S0,2028,66+,
S0,2028,15-26,
S0,2028,27-45,
S0,2028,46-65,
S0,2029,00-04,52038124.43759727
S0,2029,05-09,53937074.8124985
S0,2029,10-14,57649658.76134147
S0,2029,15-19,58917403.24253848
S0,2029,20-24,59369211.97192308
S0,2029,25-29,60951369.84411055
S0,2029,30-34,58368939.37302673
S0,2029,35-39,57475183.57744646
S0,2029,40-44,52718566.65923107
S0,2029,45-49,46283403.87919104
S0,2029,50-54,38635534.52797902
S0,2029,55-59,33582478.669865966
S0,2029,60-64,30912394.651694298
S0,2029,65-69,24762101.657395363
S0,2029,70-74,18346163.79648125
S0,2029,75+,22130070.577626586
S0,2029,0-8,
S0,2029,9-14,
S0,2029,0-17,
S0,2029,18-29,
S0,2029,30-65,
S0,2029,66+,
S0,2029,15-26,
S0,2029,27-45,
S0,2029,46-65,
S0,2030,00-04,52203954.50377019
S0,2030,05-09,53716824.46849139
S0,2030,10-14,57281375.696872085
S0,2030,15-19,58260751.218584865
S0,2030,20-24,59143791.01785204
S0,2030,25-29,61116463.24001986
S0,2030,30-34,58821337.46086931
S0,2030,35-39,57756242.21903759
S0,2030,40-44,53545096.68922961
S0,2030,45-49,47557083.34943932
S0,2030,50-54,39737771.75934982
S0,2030,55-59,34660005.698904514
S0,2030,60-64,31437704.404420376
S0,2030,65-69,25313044.03310728
S0,2030,70-74,18861843.51723373
S0,2030,75+,23374615.58535683
S0,2030,0-8,
S0,2030,9-14,
S0,2030,0-17,
S0,2030,18-29,
S0,2030,30-65,
S0,2030,66+,
S0,2030,15-26,
S0,2030,27-45,
S0,2030,46-65,
S0,2031,00-04,52352214.78459831
S0,2031,05-09,53727618.248625495
S0,2031,10-14,56575497.00324735
S0,2031,15-19,57775015.078841776
S0,2031,20-24,58974836.444983244
S0,2031,25-29,60930462.29863709
S0,2031,30-34,59377117.592463374
S0,2031,35-39,58047415.25796378
S0,2031,40-44,54268348.5374732
S0,2031,45-49,48717252.04499525
S0,2031,50-54,41013647.53807533
S0,2031,55-59,35694640.881864905
S0,2031,60-64,32014122.503013015
S0,2031,65-69,25832543.349204183
S0,2031,70-74,19389695.50479245
S0,2031,75+,24657850.49350667
S0,2031,0-8,
S0,2031,9-14,
S0,2031,0-17,
S0,2031,18-29,
S0,2031,30-65,
S0,2031,66+,
S0,2031,15-26,
S0,2031,27-45,
S0,2031,46-65,
S0,2032,00-04,52448798.07895872
S0,2032,05-09,53769984.91424137
S0,2032,10-14,55757366.57611933
S0,2032,15-19,57398816.39476541
S0,2032,20-24,58883379.23396638
S0,2032,25-29,60460506.00935936
S0,2032,30-34,60003986.40615225
S0,2032,35-39,58316634.29980779
S0,2032,40-44,54834709.796430945
S0,2032,45-49,49924976.78882527
S0,2032,50-54,42281917.195227265
S0,2032,55-59,36749405.934244275
S0,2032,60-64,32652907.210463643
S0,2032,65-69,26362085.578859687
S0,2032,70-74,19927137.61644554
S0,2032,75+,25970647.330108404
S0,2032,0-8,
S0,2032,9-14,
S0,2032,0-17,
S0,2032,18-29,
S0,2032,30-65,
S0,2032,66+,
S0,2032,15-26,
S0,2032,27-45,
S0,2032,46-65,
S0,2033,00-04,52485693.74178059
S0,2033,05-09,53773819.62072722
S0,2033,10-14,55263850.307057306
S0,2033,15-19,56770624.942148596
S0,2033,20-24,58824913.77742016
S0,2033,25-29,59916799.131867826
S0,2033,30-34,60533064.06887323
S0,2033,35-39,58580913.42412937
S0,2033,40-44,55410311.24635726
S0,2033,45-49,50998670.25763202
S0,2033,50-54,43640267.54437947
S0,2033,55-59,37745886.93647158
S0,2033,60-64,33299901.349262357
S0,2033,65-69,26922275.813257456
S0,2033,70-74,20482591.688046694
S0,2033,75+,27309224.914927006
S0,2033,0-8,
S0,2033,9-14,
S0,2033,0-17,
S0,2033,18-29,
S0,2033,30-65,
S0,2033,66+,
S0,2033,15-26,
S0,2033,27-45,
S0,2033,46-65,
S0,2034,00-04,52475682.30923247
S0,2034,05-09,53735456.47944938
S0,2034,10-14,54673828.1633109
S0,2034,15-19,56388287.78111175
S0,2034,20-24,58607243.15489963
S0,2034,25-29,59481706.39745605
S0,2034,30-34,60863647.15546626
S0,2034,35-39,58883810.16701335
S0,2034,40-44,55889125.38736653
S0,2034,45-49,51989959.51827282
S0,2034,50-54,45049736.64329076
S0,2034,55-59,38706859.67386544
S0,2034,60-64,33981833.58427465
S0,2034,65-69,27525523.558324814
S0,2034,70-74,21063479.021501184
S0,2034,75+,28656388.83746171
S0,2034,0-8,
S0,2034,9-14,
S0,2034,0-17,
S0,2034,18-29,
S0,2034,30-65,
S0,2034,66+,
S0,2034,15-26,
S0,2034,27-45,
S0,2034,46-65,
S0,2035,00-04,52407489.48675968
S0,2035,05-09,53654584.43461354
S0,2035,10-14,54297014.4827618
S0,2035,15-19,56196332.627013355
S0,2035,20-24,57920280.27609056
S0,2035,25-29,59185988.60086954
S0,2035,30-34,61029166.66891253
S0,2035,35-39,59181633.65425539
S0,2035,40-44,56337279.12072271
S0,2035,45-49,52857619.64919907
S0,2035,50-54,46460549.30610764
S0,2035,55-59,39716693.67338705
S0,2035,60-64,34722255.65371263
S0,2035,65-69,28131828.016035557
S0,2035,70-74,21666357.609443188
S0,2035,75+,30013517.987191916
S0,2035,0-8,
S0,2035,9-14,
S0,2035,0-17,
S0,2035,18-29,
S0,2035,30-65,
S0,2035,66+,
S0,2035,15-26,
S0,2035,27-45,
S0,2035,46-65,
S0,2036,00-04,52271748.02728819
S0,2036,05-09,53561917.30327461
S0,2036,10-14,54168813.86570892
S0,2036,15-19,55657248.66298887
S0,2036,20-24,57401722.60322413
S0,2036,25-29,58949901.622621715
S0,2036,30-34,60842916.2990523
S0,2036,35-39,59599740.832239985
S0,2036,40-44,56789505.28453511
S0,2036,45-49,53617969.23436886
S0,2036,50-54,47741553.78330648
S0,2036,55-59,40884151.58700156
S0,2036,60-64,35432517.84900355
S0,2036,65-69,28791709.190878987
S0,2036,70-74,22244895.68991244
S0,2036,75+,31399499.48334098
S0,2036,0-8,
S0,2036,9-14,
S0,2036,0-17,
S0,2036,18-29,
S0,2036,30-65,
S0,2036,66+,
S0,2036,15-26,
S0,2036,27-45,
S0,2036,46-65,
S0,2037,00-04,52077861.5369094
S0,2037,05-09,53425666.95644209
S0,2037,10-14,54087553.80371323
S0,2037,15-19,54989685.21963072
S0,2037,20-24,56989991.84511
S0,2037,25-29,58794147.0624339
S0,2037,30-34,60370821.15013605
S0,2037,35-39,60106166.573726594
S0,2037,40-44,57212070.66010666
S0,2037,45-49,54217283.709245145
S0,2037,50-54,49046236.000825286
S0,2037,55-59,42028536.582600236
S0,2037,60-64,36183865.67180371
S0,2037,65-69,29516621.73894632
S0,2037,70-74,22834756.470882773
S0,2037,75+,32805962.053315282
S0,2037,0-8,
S0,2037,9-14,
S0,2037,0-17,
S0,2037,18-29,
S0,2037,30-65,
S0,2037,66+,
S0,2037,15-26,
S0,2037,27-45,
S0,2037,46-65,
S0,2038,00-04,51829549.03452267
S0,2038,05-09,53239328.53140758
S0,2038,10-14,53982708.92466715
S0,2038,15-19,54623127.50539446
S0,2038,20-24,56320296.44666591
S0,2038,25-29,58670839.35981828
S0,2038,30-34,59819626.43235928
S0,2038,35-39,60531345.78379029
S0,2038,40-44,57618093.91863221
S0,2038,45-49,54817350.39405531
S0,2038,50-54,50190799.26696813
S0,2038,55-59,43245472.49889195
S0,2038,60-64,36902743.96030676
S0,2038,65-69,30255503.218038917
S0,2038,70-74,23451732.40878153
S0,2038,75+,34232140.504457116
S0,2038,0-8,
S0,2038,9-14,
S0,2038,0-17,
S0,2038,18-29,
S0,2038,30-65,
S0,2038,66+,
S0,2038,15-26,
S0,2038,27-45,
S0,2038,46-65,
S0,2039,00-04,51511142.24269546
S0,2039,05-09,53020426.380888216
S0,2039,10-14,53852951.5729377
S0,2039,15-19,54141916.41873059
S0,2039,20-24,55894026.43453893
S0,2039,25-29,58391074.60128006
S0,2039,30-34,59374152.52131158
S0,2039,35-39,60778833.68576145
S0,2039,40-44,58049911.6360957
S0,2039,45-49,55313928.32813394
S0,2039,50-54,51223816.806556106
S0,2039,55-59,44498119.61199796
S0,2039,60-64,37620338.06729424
S0,2039,65-69,31033452.468786597
S0,2039,70-74,24106854.3586452
S0,2039,75+,35672004.07003987
S0,2039,0-8,
S0,2039,9-14,
S0,2039,0-17,
S0,2039,18-29,
S0,2039,30-65,
S0,2039,66+,
S0,2039,15-26,
S0,2039,27-45,
S0,2039,46-65,
S0,2040,00-04,51130433.22829176
S0,2040,05-09,52760201.59547346
S0,2040,10-14,53699102.38109493
S0,2040,15-19,53852976.23476428
S0,2040,20-24,55656407.66152865
S0,2040,25-29,57646687.61805087
S0,2040,30-34,59065414.74963808
S0,2040,35-39,60884132.71537411
S0,2040,40-44,58463072.03432393
S0,2040,45-49,55772159.77853441
S0,2040,50-54,52102155.13168323
S0,2040,55-59,45739080.58298385
S0,2040,60-64,38424794.3388381
S0,2040,65-69,31870109.67774403
S0,2040,70-74,24763177.412401557
S0,2040,75+,37124399.191173434
S0,2040,0-8,
S0,2040,9-14,
S0,2040,0-17,
S0,2040,18-29,
S0,2040,30-65,
S0,2040,66+,
S0,2040,15-26,
S0,2040,27-45,
S0,2040,46-65,
S0,2041,00-04,50707873.00000001
S0,2041,05-09,52451487.99999999
S0,2041,10-14,53552428.0
S0,2041,15-19,53791367.0
S0,2041,20-24,55069566.0
S0,2041,25-29,57075456.0
S0,2041,30-34,58813062.0
S0,2041,35-39,60662089.0
S0,2041,40-44,58979694.0
S0,2041,45-49,56225788.0
S0,2041,50-54,52839400.0
S0,2041,55-59,46841440.0
S0,2041,60-64,39425518.0
S0,2041,65-69,32683095.0
S0,2041,70-74,25464498.0
S0,2041,75+,38569027.0
S0,2041,0-8,
S0,2041,9-14,
S0,2041,0-17,
S0,2041,18-29,
S0,2041,30-65,
S0,2041,66+,
S0,2041,15-26,
S0,2041,27-45,
S0,2041,46-65,
S0,2042,00-04,50252984.0
S0,2042,05-09,52110975.0
S0,2042,10-14,53376270.0
S0,2042,15-19,53761945.0
S0,2042,20-24,54360250.0
S0,2042,25-29,56620052.0
S0,2042,30-34,58641920.0
S0,2042,35-39,60170344.0
S0,2042,40-44,59568263.0
S0,2042,45-49,56646369.0
S0,2042,50-54,53404038.0
S0,2042,55-59,47975371.0
S0,2042,60-64,40436934.0
S0,2042,65-69,33528516.0
S0,2042,70-74,26218092.0
S0,2042,75+,40032132.0
S0,2042,0-8,
S0,2042,9-14,
S0,2042,0-17,
S0,2042,18-29,
S0,2042,30-65,
S0,2042,66+,
S0,2042,15-26,
S0,2042,27-45,
S0,2042,46-65,
S0,2043,00-04,49790121.0
S0,2043,05-09,51749862.0
S0,2043,10-14,53159530.0
S0,2043,15-19,53698736.0
S0,2043,20-24,53962027.0
S0,2043,25-29,55919313.0
S0,2043,30-34,58508984.0
S0,2043,35-39,59606843.0
S0,2043,40-44,60061131.0
S0,2043,45-49,57052561.0
S0,2043,50-54,53977525.0
S0,2043,55-59,48981640.0
S0,2043,60-64,41539365.0
S0,2043,65-69,34325772.0
S0,2043,70-74,26976312.0
S0,2043,75+,41538319.99999988
S0,2043,0-8,
S0,2043,9-14,
S0,2043,0-17,
S0,2043,18-29,
S0,2043,30-65,
S0,2043,66+,
S0,2043,15-26,
S0,2043,27-45,
S0,2043,46-65,
S0,2044,00-04,49333844.0
S0,2044,05-09,51352004.0
S0,2044,10-14,52919171.0
S0,2044,15-19,53599048.0
S0,2044,20-24,53457803.0
S0,2044,25-29,55470760.0
S0,2044,30-34,58223807.0
S0,2044,35-39,59154114.0
S0,2044,40-44,60360057.0
S0,2044,45-49,57485524.0
S0,2044,50-54,54457477.0
S0,2044,55-59,49912681.0
S0,2044,60-64,42699980.0
S0,2044,65-69,35101546.0
S0,2044,70-74,27759595.0
S0,2044,75+,43090969.99999988
S0,2044,0-8,
S0,2044,9-14,
S0,2044,0-17,
S0,2044,18-29,
S0,2044,30-65,
S0,2044,66+,
S0,2044,15-26,
S0,2044,27-45,
S0,2044,46-65,
S0,2045,00-04,48887857.0
S0,2045,05-09,50926117.0
S0,2045,10-14,52646997.0
S0,2045,15-19,53464514.0
S0,2045,20-24,53156292.0
S0,2045,25-29,55221600.0
S0,2045,30-34,57480529.0
S0,2045,35-39,58843659.0
S0,2045,40-44,60499602.0
S0,2045,45-49,57901772.0
S0,2045,50-54,54909124.0
S0,2045,55-59,50730959.0
S0,2045,60-64,43877411.0
S0,2045,65-69,35936794.0
S0,2045,70-74,28582874.0
S0,2045,75+,44658505.0
S0,2045,0-8,
S0,2045,9-14,
S0,2045,0-17,
S0,2045,18-29,
S0,2045,30-65,
S0,2045,66+,
S0,2045,15-26,
S0,2045,27-45,
S0,2045,46-65,
S0,2046,00-04,48427591.0
S0,2046,05-09,50492892.0
S0,2046,10-14,52336182.0
S0,2046,15-19,53326186.0
S0,2046,20-24,53092187.0
S0,2046,25-29,54636234.0
S0,2046,30-34,56915451.0
S0,2046,35-39,58595847.0
S0,2046,40-44,60295611.0
S0,2046,45-49,58422542.0
S0,2046,50-54,55365697.0
S0,2046,55-59,51451831.0
S0,2046,60-64,44952479.0
S0,2046,65-69,36930683.0
S0,2046,70-74,29369520.0
S0,2046,75+,46261336.99999988
S0,2046,0-8,
S0,2046,9-14,
S0,2046,0-17,
S0,2046,18-29,
S0,2046,30-65,
S0,2046,66+,
S0,2046,15-26,
S0,2046,27-45,
S0,2046,46-65,
S0,2047,00-04,47982925.0
S0,2047,05-09,50042714.0
S0,2047,10-14,51997283.0
S0,2047,15-19,53151744.0
S0,2047,20-24,53063313.0
S0,2047,25-29,53931356.0
S0,2047,30-34,56465421.0
S0,2047,35-39,58430032.0
S0,2047,40-44,59813298.0
S0,2047,45-49,59014944.0
S0,2047,50-54,55794394.0
S0,2047,55-59,52026357.0
S0,2047,60-64,46074931.0
S0,2047,65-69,37922985.0
S0,2047,70-74,30180936.0
S0,2047,75+,47930553.00000012
S0,2047,0-8,
S0,2047,9-14,
S0,2047,0-17,
S0,2047,18-29,
S0,2047,30-65,
S0,2047,66+,
S0,2047,15-26,
S0,2047,27-45,
S0,2047,46-65,
S0,2048,00-04,47550080.0
S0,2048,05-09,49584369.0
S0,2048,10-14,51637751.0
S0,2048,15-19,52936753.0
S0,2048,20-24,53000911.0
S0,2048,25-29,53536693.0
S0,2048,30-34,55770931.0
S0,2048,35-39,58302185.0
S0,2048,40-44,59259682.0
S0,2048,45-49,59512322.0
S0,2048,50-54,56208853.0
S0,2048,55-59,52609073.0
S0,2048,60-64,47074374.0
S0,2048,65-69,39000197.0
S0,2048,70-74,30949022.0
S0,2048,75+,49639275.99999988
S0,2048,0-8,
S0,2048,9-14,
S0,2048,0-17,
S0,2048,18-29,
S0,2048,30-65,
S0,2048,66+,
S0,2048,15-26,
S0,2048,27-45,
S0,2048,46-65,
S0,2049,00-04,47132883.0
S0,2049,05-09,49133102.0
S0,2049,10-14,51241920.0
S0,2049,15-19,52698291.0
S0,2049,20-24,52902080.0
S0,2049,25-29,53037050.0
S0,2049,30-34,55328957.0
S0,2049,35-39,58023664.0
S0,2049,40-44,58816736.0
S0,2049,45-49,59817679.0
S0,2049,50-54,56649877.0
S0,2049,55-59,53100903.0
S0,2049,60-64,48002321.0
S0,2049,65-69,40132757.0
S0,2049,70-74,31700154.0
S0,2049,75+,51410764.0
S0,2049,0-8,
S0,2049,9-14,
S0,2049,0-17,
S0,2049,18-29,
S0,2049,30-65,
S0,2049,66+,
S0,2049,15-26,
S0,2049,27-45,
S0,2049,46-65,
S0,2050,00-04,46736738.0
S0,2050,05-09,48690798.0
S0,2050,10-14,50817391.0
S0,2050,15-19,52427668.0
S0,2050,20-24,52767834.0
S0,2050,25-29,52737856.0
S0,2050,30-34,55083778.0
S0,2050,35-39,57287802.0
S0,2050,40-44,58514546.0
S0,2050,45-49,59964527.0
S0,2050,50-54,57074280.0
S0,2050,55-59,53565301.0
S0,2050,60-64,48822511.0
S0,2050,65-69,41282676.0
S0,2050,70-74,32507882.0
S0,2050,75+,53227964.0
S0,2050,0-8,
S0,2050,9-14,
S0,2050,0-17,
S0,2050,18-29,
S0,2050,30-65,
S0,2050,66+,
S0,2050,15-26,
S0,2050,27-45,
S0,2050,46-65,
S0,2051,00-04,46372509.00000001
S0,2051,05-09,48233968.99999999
S0,2051,10-14,50385476.0
S0,2051,15-19,52118853.0
S0,2051,20-24,52631093.0
S0,2051,25-29,52676221.0
S0,2051,30-34,54503595.0
S0,2051,35-39,56729371.0
S0,2051,40-44,58274408.0
S0,2051,45-49,59771008.0
S0,2051,50-54,57602098.0
S0,2051,55-59,54034457.0
S0,2051,60-64,49549095.0
S0,2051,65-69,42338059.0
S0,2051,70-74,33461386.0
S0,2051,75+,55043322.0
S0,2051,0-8,
S0,2051,9-14,
S0,2051,0-17,
S0,2051,18-29,
S0,2051,30-65,
S0,2051,66+,
S0,2051,15-26,
S0,2051,27-45,
S0,2051,46-65,
S0,2052,00-04,46031103.0
S0,2052,05-09,47792830.0
S0,2052,10-14,49936777.0
S0,2052,15-19,51781850.0
S0,2052,20-24,52458149.0
S0,2052,25-29,52649954.0
S0,2052,30-34,53804773.0
S0,2052,35-39,56285857.0
S0,2052,40-44,58115748.0
S0,2052,45-49,59301830.0
S0,2052,50-54,58200705.0
S0,2052,55-59,54476502.0
S0,2052,60-64,50135904.0
S0,2052,65-69,43439857.0
S0,2052,70-74,34416018.0
S0,2052,75+,56939293.00000012
S0,2052,0-8,
S0,2052,9-14,
S0,2052,0-17,
S0,2052,18-29,
S0,2052,30-65,
S0,2052,66+,
S0,2052,15-26,
S0,2052,27-45,
S0,2052,46-65,
S0,2053,00-04,45712140.0
S0,2053,05-09,47363796.0
S0,2053,10-14,49480145.0
S0,2053,15-19,51424561.0
S0,2053,20-24,52245697.0
S0,2053,25-29,52591355.0
S0,2053,30-34,53415712.0
S0,2053,35-39,55599159.0
S0,2053,40-44,57994903.0
S0,2053,45-49,58762072.0
S0,2053,50-54,58705294.0
S0,2053,55-59,54904788.0
S0,2053,60-64,50730587.0
S0,2053,65-69,44425529.0
S0,2053,70-74,35448029.0
S0,2053,75+,58832920.0
S0,2053,0-8,
S0,2053,9-14,
S0,2053,0-17,
S0,2053,18-29,
S0,2053,30-65,
S0,2053,66+,
S0,2053,15-26,
S0,2053,27-45,
S0,2053,46-65,
S0,2054,00-04,45414554.0
S0,2054,05-09,46951508.0
S0,2054,10-14,49031362.0
S0,2054,15-19,51031743.0
S0,2054,20-24,52011441.0
S0,2054,25-29,52498906.0
S0,2054,30-34,52924233.0
S0,2054,35-39,55165355.0
S0,2054,40-44,57724981.0
S0,2054,45-49,58332493.0
S0,2054,50-54,59020196.0
S0,2054,55-59,55359063.0
S0,2054,60-64,51237887.0
S0,2054,65-69,45344754.0
S0,2054,70-74,36531253.0
S0,2054,75+,60764671.0
S0,2054,0-8,
S0,2054,9-14,
S0,2054,0-17,
S0,2054,18-29,
S0,2054,30-65,
S0,2054,66+,
S0,2054,15-26,
S0,2054,27-45,
S0,2054,46-65,
S0,2055,00-04,45112245.0
S0,2055,05-09,46559285.0
S0,2055,10-14,48590968.0
S0,2055,15-19,50609238.0
S0,2055,20-24,51742794.0
S0,2055,25-29,52368643.0
S0,2055,30-34,52630957.0
S0,2055,35-39,54926205.0
S0,2055,40-44,56999335.0
S0,2055,45-49,58041891.0
S0,2055,50-54,59177670.0
S0,2055,55-59,55796502.0
S0,2055,60-64,51718448.0
S0,2055,65-69,46162949.0
S0,2055,70-74,37632204.0
S0,2055,75+,62785839.00000012
S0,2055,0-8,
S0,2055,9-14,
S0,2055,0-17,
S0,2055,18-29,
S0,2055,30-65,
S0,2055,66+,
S0,2055,15-26,
S0,2055,27-45,
S0,2055,46-65,
S0,2056,00-04,44825156.0
S0,2056,05-09,46198378.0
S0,2056,10-14,48135760.0
S0,2056,15-19,50179513.0
S0,2056,20-24,51436557.0
S0,2056,25-29,52235691.0
S0,2056,30-34,52573619.0
S0,2056,35-39,54352705.0
S0,2056,40-44,56449759.0
S0,2056,45-49,57812099.0
S0,2056,50-54,58998946.0
S0,2056,55-59,56335277.0
S0,2056,60-64,52203398.0
S0,2056,65-69,46892818.0
S0,2056,70-74,38649711.0
S0,2056,75+,64935391.0
S0,2056,0-8,
S0,2056,9-14,
S0,2056,0-17,
S0,2056,18-29,
S0,2056,30-65,
S0,2056,66+,
S0,2056,15-26,
S0,2056,27-45,
S0,2056,46-65,
S0,2057,00-04,44556750.0
S0,2057,05-09,45859501.0
S0,2057,10-14,47695745.0
S0,2057,15-19,49732121.0
S0,2057,20-24,51100009.0
S0,2057,25-29,52064268.0
S0,2057,30-34,52550166.0
S0,2057,35-39,53660278.0
S0,2057,40-44,56013959.0
S0,2057,45-49,57662339.0
S0,2057,50-54,58547937.0
S0,2057,55-59,56942991.0
S0,2057,60-64,52661913.0
S0,2057,65-69,47492179.0
S0,2057,70-74,39712137.0
S0,2057,75+,67155783.99999988
S0,2057,0-8,
S0,2057,9-14,
S0,2057,0-17,
S0,2057,18-29,
S0,2057,30-65,
S0,2057,66+,
S0,2057,15-26,
S0,2057,27-45,
S0,2057,46-65,
S0,2058,00-04,44307752.0
S0,2058,05-09,45543133.0
S0,2058,10-14,47267949.0
S0,2058,15-19,49277502.0
S0,2058,20-24,50744862.0
S0,2058,25-29,51854655.0
S0,2058,30-34,52494839.0
S0,2058,35-39,53276425.0
S0,2058,40-44,55336146.0
S0,2058,45-49,57549854.0
S0,2058,50-54,58027185.0
S0,2058,55-59,57457944.0
S0,2058,60-64,53107199.0
S0,2058,65-69,48098886.0
S0,2058,70-74,40668341.0
S0,2058,75+,69439387.00000012
S0,2058,0-8,
S0,2058,9-14,
S0,2058,0-17,
S0,2058,18-29,
S0,2058,30-65,
S0,2058,66+,
S0,2058,15-26,
S0,2058,27-45,
S0,2058,46-65,
S0,2059,00-04,44056960.0
S0,2059,05-09,45246863.0
S0,2059,10-14,46856131.0
S0,2059,15-19,48830111.0
S0,2059,20-24,50353465.0
S0,2059,25-29,51621651.0
S0,2059,30-34,52403798.0
S0,2059,35-39,52789260.0
S0,2059,40-44,54909019.0
S0,2059,45-49,57288640.0
S0,2059,50-54,57614719.0
S0,2059,55-59,57785990.0
S0,2059,60-64,53577289.0
S0,2059,65-69,48623133.0
S0,2059,70-74,41565669.0
S0,2059,75+,71803172.99999988
S0,2059,0-8,
S0,2059,9-14,
S0,2059,0-17,
S0,2059,18-29,
S0,2059,30-65,
S0,2059,66+,
S0,2059,15-26,
S0,2059,27-45,
S0,2059,46-65,
S0,2060,00-04,43817831.00000001
S0,2060,05-09,44947657.99999999
S0,2060,10-14,46465531.0
S0,2060,15-19,48392078.0
S0,2060,20-24,49934500.0
S0,2060,25-29,51357742.0
S0,2060,30-34,52278280.0
S0,2060,35-39,52501644.0
S0,2060,40-44,54676361.0
S0,2060,45-49,56575789.0
S0,2060,50-54,57340318.0
S0,2060,55-59,57959897.0
S0,2060,60-64,54031673.0
S0,2060,65-69,49123185.0
S0,2060,70-74,42372838.0
S0,2060,75+,74258585.99999988
S0,2060,0-8,
S0,2060,9-14,
S0,2060,0-17,
S0,2060,18-29,
S0,2060,30-65,
S0,2060,66+,
S0,2060,15-26,
S0,2060,27-45,
S0,2060,46-65,
S0,2061,00-04,43573657.0
S0,2061,05-09,44662468.0
S0,2061,10-14,46105470.0
S0,2061,15-19,47938483.0
S0,2061,20-24,49507084.0
S0,2061,25-29,51054341.0
S0,2061,30-34,52148055.0
S0,2061,35-39,52447533.0
S0,2061,40-44,54110059.0
S0,2061,45-49,56037158.0
S0,2061,50-54,57124884.0
S0,2061,55-59,57804050.0
S0,2061,60-64,54584388.0
S0,2061,65-69,49626985.0
S0,2061,70-74,43098860.0
S0,2061,75+,76748338.00000012
S0,2061,0-8,
S0,2061,9-14,
S0,2061,0-17,
S0,2061,18-29,
S0,2061,30-65,
S0,2061,66+,
S0,2061,15-26,
S0,2061,27-45,
S0,2061,46-65,
S0,2062,00-04,43300422.00000001
S0,2062,05-09,44396634.00000001
S0,2062,10-14,45767873.999999985
S0,2062,15-19,47499905.0
S0,2062,20-24,49061148.0
S0,2062,25-29,50720722.0
S0,2062,30-34,51980615.0
S0,2062,35-39,52428054.0
S0,2062,40-44,53426098.0
S0,2062,45-49,55611917.0
S0,2062,50-54,56988210.0
S0,2062,55-59,57381790.0
S0,2062,60-64,55204160.0
S0,2062,65-69,50105959.0
S0,2062,70-74,43707780.0
S0,2062,75+,79334254.99999988
S0,2062,0-8,
S0,2062,9-14,
S0,2062,0-17,
S0,2062,18-29,
S0,2062,30-65,
S0,2062,66+,
S0,2062,15-26,
S0,2062,27-45,
S0,2062,46-65,
S0,2063,00-04,43025977.99999999
S0,2063,05-09,44148930.00000001
S0,2063,10-14,45451988.0
S0,2063,15-19,47073224.0
S0,2063,20-24,48607507.0
S0,2063,25-29,50366737.0
S0,2063,30-34,51772890.0
S0,2063,35-39,52375274.0
S0,2063,40-44,53047977.0
S0,2063,45-49,54945433.0
S0,2063,50-54,56887390.0
S0,2063,55-59,56890563.0
S0,2063,60-64,55732769.0
S0,2063,65-69,50571916.0
S0,2063,70-74,44322475.0
S0,2063,75+,81873578.0
S0,2063,0-8,
S0,2063,9-14,
S0,2063,0-17,
S0,2063,18-29,
S0,2063,30-65,
S0,2063,66+,
S0,2063,15-26,
S0,2063,27-45,
S0,2063,46-65,
S0,2064,00-04,42746574.0
S0,2064,05-09,43900187.0
S0,2064,10-14,45156703.0
S0,2064,15-19,46663277.0
S0,2064,20-24,48162848.0
S0,2064,25-29,49978595.0
S0,2064,30-34,51543231.0
S0,2064,35-39,52287784.0
S0,2064,40-44,52567792.0
S0,2064,45-49,54528270.0
S0,2064,50-54,56639459.0
S0,2064,55-59,56505580.0
S0,2064,60-64,56079197.0
S0,2064,65-69,51061460.0
S0,2064,70-74,44861935.0
S0,2064,75+,84424121.0
S0,2064,0-8,
S0,2064,9-14,
S0,2064,0-17,
S0,2064,18-29,
S0,2064,30-65,
S0,2064,66+,
S0,2064,15-26,
S0,2064,27-45,
S0,2064,46-65,
S0,2065,00-04,42467854.0
S0,2065,05-09,43661858.0
S0,2065,10-14,44857676.0
S0,2065,15-19,46273663.0
S0,2065,20-24,47726097.0
S0,2065,25-29,49560711.0
S0,2065,30-34,51280526.0
S0,2065,35-39,52164420.0
S0,2065,40-44,52285118.0
S0,2065,45-49,54302729.0
S0,2065,50-54,55944041.0
S0,2065,55-59,56255927.0
S0,2065,60-64,56275220.0
S0,2065,65-69,51536347.0
S0,2065,70-74,45380449.0
S0,2065,75+,86971715.99999988
S0,2065,0-8,
S0,2065,9-14,
S0,2065,0-17,
S0,2065,18-29,
S0,2065,30-65,
S0,2065,66+,
S0,2065,15-26,
S0,2065,27-45,
S0,2065,46-65,
S0,2066,00-04,42176488.0
S0,2066,05-09,43418327.0
S0,2066,10-14,44572547.0
S0,2066,15-19,45914300.0
S0,2066,20-24,47273383.0
S0,2066,25-29,49133961.0
S0,2066,30-34,50978133.0
S0,2066,35-39,52036118.0
S0,2066,40-44,52234412.0
S0,2066,45-49,53745574.0
S0,2066,50-54,55420916.0
S0,2066,55-59,56062792.0
S0,2066,60-64,56150530.0
S0,2066,65-69,52105566.0
S0,2066,70-74,45901793.0
S0,2066,75+,89465454.00000012
S0,2066,0-8,
S0,2066,9-14,
S0,2066,0-17,
S0,2066,18-29,
S0,2066,30-65,
S0,2066,66+,
S0,2066,15-26,
S0,2066,27-45,
S0,2066,46-65,
S0,2067,00-04,41891685.0
S0,2067,05-09,43148239.0
S0,2067,10-14,44308413.0
S0,2067,15-19,45579187.0
S0,2067,20-24,46839387.0
S0,2067,25-29,48693957.0
S0,2067,30-34,50650104.0
S0,2067,35-39,51873710.0
S0,2067,40-44,52220046.0
S0,2067,45-49,53073112.0
S0,2067,50-54,55011251.0
S0,2067,55-59,55947035.0
S0,2067,60-64,55768090.0
S0,2067,65-69,52740118.0
S0,2067,70-74,46401827.0
S0,2067,75+,91939000.0
S0,2067,0-8,
S0,2067,9-14,
S0,2067,0-17,
S0,2067,18-29,
S0,2067,30-65,
S0,2067,66+,
S0,2067,15-26,
S0,2067,27-45,
S0,2067,46-65,
S0,2068,00-04,41584922.0
S0,2068,05-09,42876285.0
S0,2068,10-14,44061971.0
S0,2068,15-19,45265053.0
S0,2068,20-24,46415880.0
S0,2068,25-29,48244602.0
S0,2068,30-34,50300516.0
S0,2068,35-39,51670324.0
S0,2068,40-44,52171964.0
S0,2068,45-49,52703695.0
S0,2068,50-54,54362058.0
S0,2068,55-59,55865402.0
S0,2068,60-64,55317897.0
S0,2068,65-69,53285712.0
S0,2068,70-74,46889497.0
S0,2068,75+,94370534.0
S0,2068,0-8,
S0,2068,9-14,
S0,2068,0-17,
S0,2068,18-29,
S0,2068,30-65,
S0,2068,66+,
S0,2068,15-26,
S0,2068,27-45,
S0,2068,46-65,
S0,2069,00-04,41268348.0
S0,2069,05-09,42597902.0
S0,2069,10-14,43813530.0
S0,2069,15-19,44970591.0
S0,2069,20-24,46007411.0
S0,2069,25-29,47801446.0
S0,2069,30-34,49914171.0
S0,2069,35-39,51443219.0
S0,2069,40-44,52088107.0
S0,2069,45-49,52232367.0
S0,2069,50-54,53959106.0
S0,2069,55-59,55638187.0
S0,2069,60-64,54970255.0
S0,2069,65-69,53654868.0
S0,2069,70-74,47398414.0
S0,2069,75+,96738664.0
S0,2069,0-8,
S0,2069,9-14,
S0,2069,0-17,
S0,2069,18-29,
S0,2069,30-65,
S0,2069,66+,
S0,2069,15-26,
S0,2069,27-45,
S0,2069,46-65,
S0,2070,00-04,40929280.0
S0,2070,05-09,42321035.0
S0,2070,10-14,43576068.0
S0,2070,15-19,44672958.0
S0,2070,20-24,45620318.0
S0,2070,25-29,47367775.0
S0,2070,30-34,49499661.0
S0,2070,35-39,51184172.0
S0,2070,40-44,51969161.0
S0,2070,45-49,51957489.0
S0,2070,50-54,53744641.0
S0,2070,55-59,54970598.0
S0,2070,60-64,54754547.0
S0,2070,65-69,53879223.0
S0,2070,70-74,47894498.0
S0,2070,75+,99083435.0
S0,2070,0-8,
S0,2070,9-14,
S0,2070,0-17,
S0,2070,18-29,
S0,2070,30-65,
S0,2070,66+,
S0,2070,15-26,
S0,2070,27-45,
S0,2070,46-65,
S0,2071,00-04,40589629.0
S0,2071,05-09,42031903.0
S0,2071,10-14,43333633.0
S0,2071,15-19,44389258.0
S0,2071,20-24,45263283.0
S0,2071,25-29,46918289.0
S0,2071,30-34,49076812.0
S0,2071,35-39,50885949.0
S0,2071,40-44,51845500.0
S0,2071,45-49,51912816.0
S0,2071,50-54,53201766.0
S0,2071,55-59,54472648.0
S0,2071,60-64,54592425.0
S0,2071,65-69,53796137.0
S0,2071,70-74,48479500.0
S0,2071,75+,101383269.00000012
S0,2071,0-8,
S0,2071,9-14,
S0,2071,0-17,
S0,2071,18-29,
S0,2071,30-65,
S0,2071,66+,
S0,2071,15-26,
S0,2071,27-45,
S0,2071,46-65,
S0,2072,00-04,40249243.0
S0,2072,05-09,41747616.0
S0,2072,10-14,43063578.0
S0,2072,15-19,44125951.0
S0,2072,20-24,44929739.0
S0,2072,25-29,46485155.0
S0,2072,30-34,48637734.0
S0,2072,35-39,50560024.0
S0,2072,40-44,51686488.0
S0,2072,45-49,51903247.0
S0,2072,50-54,52544531.0
S0,2072,55-59,54086159.0
S0,2072,60-64,54504256.0
S0,2072,65-69,53466433.0
S0,2072,70-74,49125558.0
S0,2072,75+,103643355.0
S0,2072,0-8,
S0,2072,9-14,
S0,2072,0-17,
S0,2072,18-29,
S0,2072,30-65,
S0,2072,66+,
S0,2072,15-26,
S0,2072,27-45,
S0,2072,46-65,
S0,2073,00-04,39902465.0
S0,2073,05-09,41441989.0
S0,2073,10-14,42792044.0
S0,2073,15-19,43880584.0
S0,2073,20-24,44617787.0
S0,2073,25-29,46063609.0
S0,2073,30-34,48190357.0
S0,2073,35-39,50213251.0
S0,2073,40-44,51487039.0
S0,2073,45-49,51860380.0
S0,2073,50-54,52186944.0
S0,2073,55-59,53463222.0
S0,2073,60-64,54448437.0
S0,2073,65-69,53071562.0
S0,2073,70-74,49686744.0
S0,2073,75+,105856353.0
S0,2073,0-8,
S0,2073,9-14,
S0,2073,0-17,
S0,2073,18-29,
S0,2073,30-65,
S0,2073,66+,
S0,2073,15-26,
S0,2073,27-45,
S0,2073,46-65,
S0,2074,00-04,39561293.0
S0,2074,05-09,41127508.0
S0,2074,10-14,42514728.0
S0,2074,15-19,43633817.0
S0,2074,20-24,44326767.0
S0,2074,25-29,45658996.0
S0,2074,30-34,47750881.0
S0,2074,35-39,49830955.0
S0,2074,40-44,51264676.0
S0,2074,45-49,51782427.0
S0,2074,50-54,51729411.0
S0,2074,55-59,53083145.0
S0,2074,60-64,54250497.0
S0,2074,65-69,52775750.0
S0,2074,70-74,50082161.0
S0,2074,75+,108047315.00000012
S0,2074,0-8,
S0,2074,9-14,
S0,2074,0-17,
S0,2074,18-29,
S0,2074,30-65,
S0,2074,66+,
S0,2074,15-26,
S0,2074,27-45,
S0,2074,46-65,
S0,2075,00-04,39231300.0
S0,2075,05-09,40790217.0
S0,2075,10-14,42238712.0
S0,2075,15-19,43397783.0
S0,2075,20-24,44032286.0
S0,2075,25-29,45275185.0
S0,2075,30-34,47320233.0
S0,2075,35-39,49420090.0
S0,2075,40-44,51010130.0
S0,2075,45-49,51669306.0
S0,2075,50-54,51465919.0
S0,2075,55-59,52886177.0
S0,2075,60-64,53621565.0
S0,2075,65-69,52606766.0
S0,2075,70-74,50340648.0
S0,2075,75+,110208483.99999988
S0,2075,0-8,
S0,2075,9-14,
S0,2075,0-17,
S0,2075,18-29,
S0,2075,30-65,
S0,2075,66+,
S0,2075,15-26,
S0,2075,27-45,
S0,2075,46-65,
S0,2076,00-04,38894316.0
S0,2076,05-09,40452545.0
S0,2076,10-14,41950571.0
S0,2076,15-19,43156734.0
S0,2076,20-24,43751550.0
S0,2076,25-29,44921423.0
S0,2076,30-34,46874093.0
S0,2076,35-39,49001102.0
S0,2076,40-44,50716647.0
S0,2076,45-49,51551480.0
S0,2076,50-54,51429777.0
S0,2076,55-59,52365516.0
S0,2076,60-64,53158298.0
S0,2076,65-69,52487143.0
S0,2076,70-74,50311890.0
S0,2076,75+,112421248.0
S0,2076,0-8,
S0,2076,9-14,
S0,2076,0-17,
S0,2076,18-29,
S0,2076,30-65,
S0,2076,66+,
S0,2076,15-26,
S0,2076,27-45,
S0,2076,46-65,
S0,2077,00-04,38560301.0
S0,2077,05-09,40114231.0
S0,2077,10-14,41667360.0
S0,2077,15-19,42888345.0
S0,2077,20-24,43491832.0
S0,2077,25-29,44591650.0
S0,2077,30-34,46444478.0
S0,2077,35-39,48566001.0
S0,2077,40-44,50395569.0
S0,2077,45-49,51398459.0
S0,2077,50-54,51428176.0
S0,2077,55-59,51732705.0
S0,2077,60-64,52804032.0
S0,2077,65-69,52436882.0
S0,2077,70-74,50053521.0
S0,2077,75+,114665218.0
S0,2077,0-8,
S0,2077,9-14,
S0,2077,0-17,
S0,2077,18-29,
S0,2077,30-65,
S0,2077,66+,
S0,2077,15-26,
S0,2077,27-45,
S0,2077,46-65,
S0,2078,00-04,38245765.0
S0,2078,05-09,39769472.0
S0,2078,10-14,41362782.0
S0,2078,15-19,42618334.0
S0,2078,20-24,43249719.0
S0,2078,25-29,44283106.0
S0,2078,30-34,46026237.0
S0,2078,35-39,48122483.0
S0,2078,40-44,50053579.0
S0,2078,45-49,51205087.0
S0,2078,50-54,51393447.0
S0,2078,55-59,51394203.0
S0,2078,60-64,52217741.0
S0,2078,65-69,52416386.0
S0,2078,70-74,49734334.0
S0,2078,75+,116800846.0
S0,2078,0-8,
S0,2078,9-14,
S0,2078,0-17,
S0,2078,18-29,
S0,2078,30-65,
S0,2078,66+,
S0,2078,15-26,
S0,2078,27-45,
S0,2078,46-65,
S0,2079,00-04,37931368.0
S0,2079,05-09,39430499.0
S0,2079,10-14,41049513.0
S0,2079,15-19,42342973.0
S0,2079,20-24,43007375.0
S0,2079,25-29,43996522.0
S0,2079,30-34,45625311.0
S0,2079,35-39,47687007.0
S0,2079,40-44,49676247.0
S0,2079,45-49,50988886.0
S0,2079,50-54,51323828.0
S0,2079,55-59,50957770.0
S0,2079,60-64,51868571.0
S0,2079,65-69,52257418.0
S0,2079,70-74,49507222.0
S0,2079,75+,118764292.0
S0,2079,0-8,
S0,2079,9-14,
S0,2079,0-17,
S0,2079,18-29,
S0,2079,30-65,
S0,2079,66+,
S0,2079,15-26,
S0,2079,27-45,
S0,2079,46-65,
S0,2080,00-04,37621132.0
S0,2080,05-09,39102449.0
S0,2080,10-14,40713289.0
S0,2080,15-19,42068510.0
S0,2080,20-24,42774972.0
S0,2080,25-29,43705736.0
S0,2080,30-34,45244688.0
S0,2080,35-39,47260026.0
S0,2080,40-44,49270226.0
S0,2080,45-49,50740519.0
S0,2080,50-54,51219246.0
S0,2080,55-59,50712033.0
S0,2080,60-64,51695802.0
S0,2080,65-69,51681554.0
S0,2080,70-74,49400555.0
S0,2080,75+,120596384.00000012
S0,2080,0-8,
S0,2080,9-14,
S0,2080,0-17,
S0,2080,18-29,
S0,2080,30-65,
S0,2080,66+,
S0,2080,15-26,
S0,2080,27-45,
S0,2080,46-65,
S0,2081,00-04,37329303.0
S0,2081,05-09,38767539.0
S0,2081,10-14,40376754.0
S0,2081,15-19,41781841.0
S0,2081,20-24,42537208.0
S0,2081,25-29,43428468.0
S0,2081,30-34,44894178.0
S0,2081,35-39,46817698.0
S0,2081,40-44,48856142.0
S0,2081,45-49,50453411.0
S0,2081,50-54,51109916.0
S0,2081,55-59,50689384.0
S0,2081,60-64,51206065.0
S0,2081,65-69,51266257.0
S0,2081,70-74,49337475.0
S0,2081,75+,122224244.0
S0,2081,0-8,
S0,2081,9-14,
S0,2081,0-17,
S0,2081,18-29,
S0,2081,30-65,
S0,2081,66+,
S0,2081,15-26,
S0,2081,27-45,
S0,2081,46-65,
S0,2082,00-04,37031873.0
S0,2082,05-09,38435459.0
S0,2082,10-14,40039510.0
S0,2082,15-19,41500291.0
S0,2082,20-24,42272639.0
S0,2082,25-29,43172333.0
S0,2082,30-34,44567384.0
S0,2082,35-39,46391643.0
S0,2082,40-44,48425854.0
S0,2082,45-49,50138751.0
S0,2082,50-54,50965630.0
S0,2082,55-59,50700586.0
S0,2082,60-64,50607380.0
S0,2082,65-69,50957509.0
S0,2082,70-74,49338167.0
S0,2082,75+,123689999.0
S0,2082,0-8,
S0,2082,9-14,
S0,2082,0-17,
S0,2082,18-29,
S0,2082,30-65,
S0,2082,66+,
S0,2082,15-26,
S0,2082,27-45,
S0,2082,46-65,
S0,2083,00-04,36746231.0
S0,2083,05-09,38123372.0
S0,2083,10-14,39696188.0
S0,2083,15-19,41197735.0
S0,2083,20-24,42007193.0
S0,2083,25-29,42934844.0
S0,2083,30-34,44262726.0
S0,2083,35-39,45977545.0
S0,2083,40-44,47987528.0
S0,2083,45-49,49803460.0
S0,2083,50-54,50781384.0
S0,2083,55-59,50679121.0
S0,2083,60-64,50295734.0
S0,2083,65-69,50423157.0
S0,2083,70-74,49365072.0
S0,2083,75+,125019988.00000012
S0,2083,0-8,
S0,2083,9-14,
S0,2083,0-17,
S0,2083,18-29,
S0,2083,30-65,
S0,2083,66+,
S0,2083,15-26,
S0,2083,27-45,
S0,2083,46-65,
S0,2084,00-04,36473163.0
S0,2084,05-09,37809908.0
S0,2084,10-14,39357643.0
S0,2084,15-19,40885460.0
S0,2084,20-24,41734469.0
S0,2084,25-29,42694160.0
S0,2084,30-34,43977194.0
S0,2084,35-39,45578811.0
S0,2084,40-44,47555943.0
S0,2084,45-49,49432119.0
S0,2084,50-54,50573799.0
S0,2084,55-59,50622630.0
S0,2084,60-64,49888619.0
S0,2084,65-69,50118081.0
S0,2084,70-74,49259767.0
S0,2084,75+,126296842.0
S0,2084,0-8,
S0,2084,9-14,
S0,2084,0-17,
S0,2084,18-29,
S0,2084,30-65,
S0,2084,66+,
S0,2084,15-26,
S0,2084,27-45,
S0,2084,46-65,
S0,2085,00-04,36212795.0
S0,2085,05-09,37501441.0
S0,2085,10-14,39030575.0
S0,2085,15-19,40550859.0
S0,2085,20-24,41463920.0
S0,2085,25-29,42465177.0
S0,2085,30-34,43688992.0
S0,2085,35-39,45201304.0
S0,2085,40-44,47133385.0
S0,2085,45-49,49032536.0
S0,2085,50-54,50334433.0
S0,2085,55-59,50531653.0
S0,2085,60-64,49667649.0
S0,2085,65-69,49978839.0
S0,2085,70-74,48758435.0
S0,2085,75+,127581640.0
S0,2085,0-8,
S0,2085,9-14,
S0,2085,0-17,
S0,2085,18-29,
S0,2085,30-65,
S0,2085,66+,
S0,2085,15-26,
S0,2085,27-45,
S0,2085,46-65,
S0,2086,00-04,35955116.0
S0,2086,05-09,37210979.0
S0,2086,10-14,38696385.0
S0,2086,15-19,40215366.0
S0,2086,20-24,41179728.0
S0,2086,25-29,42229327.0
S0,2086,30-34,43413469.0
S0,2086,35-39,44853332.0
S0,2086,40-44,46695149.0
S0,2086,45-49,48624607.0
S0,2086,50-54,50056309.0
S0,2086,55-59,50435560.0
S0,2086,60-64,49663730.0
S0,2086,65-69,49531974.0
S0,2086,70-74,48409699.0
S0,2086,75+,128735436.0
S0,2086,0-8,
S0,2086,9-14,
S0,2086,0-17,
S0,2086,18-29,
S0,2086,30-65,
S0,2086,66+,
S0,2086,15-26,
S0,2086,27-45,
S0,2086,46-65,
S0,2087,00-04,35721404.0
S0,2087,05-09,36914101.0
S0,2087,10-14,38364489.0
S0,2087,15-19,39878833.0
S0,2087,20-24,40899956.0
S0,2087,25-29,41965220.0
S0,2087,30-34,43157504.0
S0,2087,35-39,44527954.0
S0,2087,40-44,46272391.0
S0,2087,45-49,48199968.0
S0,2087,50-54,49750312.0
S0,2087,55-59,50304354.0
S0,2087,60-64,49692049.0
S0,2087,65-69,48980335.0
S0,2087,70-74,48162522.0
S0,2087,75+,129814579.0
S0,2087,0-8,
S0,2087,9-14,
S0,2087,0-17,
S0,2087,18-29,
S0,2087,30-65,
S0,2087,66+,
S0,2087,15-26,
S0,2087,27-45,
S0,2087,46-65,
S0,2088,00-04,35493071.0
S0,2088,05-09,36629886.0
S0,2088,10-14,38053216.0
S0,2088,15-19,39537479.0
S0,2088,20-24,40602286.0
S0,2088,25-29,41703447.0
S0,2088,30-34,42921941.0
S0,2088,35-39,44225680.0
S0,2088,40-44,45862166.0
S0,2088,45-49,47767688.0
S0,2088,50-54,49423988.0
S0,2088,55-59,50133651.0
S0,2088,60-64,49688199.0
S0,2088,65-69,48704867.0
S0,2088,70-74,47699142.0
S0,2088,75+,130814107.99999988
S0,2088,0-8,
S0,2088,9-14,
S0,2088,0-17,
S0,2088,18-29,
S0,2088,30-65,
S0,2088,66+,
S0,2088,15-26,
S0,2088,27-45,
S0,2088,46-65,
S0,2089,00-04,35272975.0
S0,2089,05-09,36358206.0
S0,2089,10-14,37740532.0
S0,2089,15-19,39200262.0
S0,2089,20-24,40293560.0
S0,2089,25-29,41433547.0
S0,2089,30-34,42683071.0
S0,2089,35-39,43942456.0
S0,2089,40-44,45467166.0
S0,2089,45-49,47341957.0
S0,2089,50-54,49061644.0
S0,2089,55-59,49939562.0
S0,2089,60-64,49649619.0
S0,2089,65-69,48338418.0
S0,2089,70-74,47453577.0
S0,2089,75+,131659695.0
S0,2089,0-8,
S0,2089,9-14,
S0,2089,0-17,
S0,2089,18-29,
S0,2089,30-65,
S0,2089,66+,
S0,2089,15-26,
S0,2089,27-45,
S0,2089,46-65,
S0,2090,00-04,35058088.0
S0,2090,05-09,36098546.0
S0,2090,10-14,37432407.0
S0,2090,15-19,38874183.0
S0,2090,20-24,39962033.0
S0,2090,25-29,41164783.0
S0,2090,30-34,42454684.0
S0,2090,35-39,43655693.0
S0,2090,40-44,45092725.0
S0,2090,45-49,46924732.0
S0,2090,50-54,48670832.0
S0,2090,55-59,49713608.0
S0,2090,60-64,49576724.0
S0,2090,65-69,48151153.0
S0,2090,70-74,47357852.0
S0,2090,75+,132163017.00000012
S0,2090,0-8,
S0,2090,9-14,
S0,2090,0-17,
S0,2090,18-29,
S0,2090,30-65,
S0,2090,66+,
S0,2090,15-26,
S0,2090,27-45,
S0,2090,46-65,
S0,2091,00-04,34841350.0
S0,2091,05-09,35841960.0
S0,2091,10-14,37142519.0
S0,2091,15-19,38540842.0
S0,2091,20-24,39628901.0
S0,2091,25-29,40882216.0
S0,2091,30-34,42220052.0
S0,2091,35-39,43382069.0
S0,2091,40-44,44747984.0
S0,2091,45-49,46492014.0
S0,2091,50-54,48271760.0
S0,2091,55-59,49449316.0
S0,2091,60-64,49498716.0
S0,2091,65-69,48172512.0
S0,2091,70-74,46969998.0
S0,2091,75+,132719404.99999988
S0,2091,0-8,
S0,2091,9-14,
S0,2091,0-17,
S0,2091,18-29,
S0,2091,30-65,
S0,2091,66+,
S0,2091,15-26,
S0,2091,27-45,
S0,2091,46-65,
S0,2092,00-04,34622732.0
S0,2092,05-09,35609657.0
S0,2092,10-14,36846447.0
S0,2092,15-19,38210147.0
S0,2092,20-24,39295156.0
S0,2092,25-29,40604487.0
S0,2092,30-34,41957714.0
S0,2092,35-39,43128331.0
S0,2092,40-44,44425960.0
S0,2092,45-49,46074743.0
S0,2092,50-54,47856016.0
S0,2092,55-59,49157261.0
S0,2092,60-64,49385916.0
S0,2092,65-69,48224401.0
S0,2092,70-74,46484979.0
S0,2092,75+,133329367.0
S0,2092,0-8,
S0,2092,9-14,
S0,2092,0-17,
S0,2092,18-29,
S0,2092,30-65,
S0,2092,66+,
S0,2092,15-26,
S0,2092,27-45,
S0,2092,46-65,
S0,2093,00-04,34400311.0
S0,2093,05-09,35381634.0
S0,2093,10-14,36562349.0
S0,2093,15-19,37900238.0
S0,2093,20-24,38957745.0
S0,2093,25-29,40308610.0
S0,2093,30-34,41695894.0
S0,2093,35-39,42893529.0
S0,2093,40-44,44126057.0
S0,2093,45-49,45669334.0
S0,2093,50-54,47432214.0
S0,2093,55-59,48844657.0
S0,2093,60-64,49233935.0
S0,2093,65-69,48244876.0
S0,2093,70-74,46260275.0
S0,2093,75+,133691979.0
S0,2093,0-8,
S0,2093,9-14,
S0,2093,0-17,
S0,2093,18-29,
S0,2093,30-65,
S0,2093,66+,
S0,2093,15-26,
S0,2093,27-45,
S0,2093,46-65,
S0,2094,00-04,34160967.00000001
S0,2094,05-09,35161886.99999999
S0,2094,10-14,36290793.0
S0,2094,15-19,37588212.0
S0,2094,20-24,38622918.0
S0,2094,25-29,40000797.0
S0,2094,30-34,41425967.0
S0,2094,35-39,42655494.0
S0,2094,40-44,43845120.0
S0,2094,45-49,45278963.0
S0,2094,50-54,47014670.0
S0,2094,55-59,48496070.0
S0,2094,60-64,49058475.0
S0,2094,65-69,48231016.0
S0,2094,70-74,45951577.0
S0,2094,75+,134150678.0
S0,2094,0-8,
S0,2094,9-14,
S0,2094,0-17,
S0,2094,18-29,
S0,2094,30-65,
S0,2094,66+,
S0,2094,15-26,
S0,2094,27-45,
S0,2094,46-65,
S0,2095,00-04,33916262.0
S0,2095,05-09,34947671.0
S0,2095,10-14,36031468.0
S0,2095,15-19,37281117.0
S0,2095,20-24,38300081.0
S0,2095,25-29,39671171.0
S0,2095,30-34,41157792.0
S0,2095,35-39,42428266.0
S0,2095,40-44,43560853.0
S0,2095,45-49,44909165.0
S0,2095,50-54,46605558.0
S0,2095,55-59,48119233.0
S0,2095,60-64,48851577.0
S0,2095,65-69,48183854.0
S0,2095,70-74,45812473.0
S0,2095,75+,134457057.00000012
S0,2095,0-8,
S0,2095,9-14,
S0,2095,0-17,
S0,2095,18-29,
S0,2095,30-65,
S0,2095,66+,
S0,2095,15-26,
S0,2095,27-45,
S0,2095,46-65,
S0,2096,00-04,33666490.0
S0,2096,05-09,34733110.0
S0,2096,10-14,35776217.0
S0,2096,15-19,36993172.0
S0,2096,20-24,37971765.0
S0,2096,25-29,39342788.0
S0,2096,30-34,40878558.0
S0,2096,35-39,42196619.0
S0,2096,40-44,43290801.0
S0,2096,45-49,44569598.0
S0,2096,50-54,46181403.0
S0,2096,55-59,47734308.0
S0,2096,60-64,48606839.0
S0,2096,65-69,48131230.0
S0,2096,70-74,45868352.0
S0,2096,75+,134564853.0
S0,2096,0-8,
S0,2096,9-14,
S0,2096,0-17,
S0,2096,18-29,
S0,2096,30-65,
S0,2096,66+,
S0,2096,15-26,
S0,2096,27-45,
S0,2096,46-65,
S0,2097,00-04,33414878.0
S0,2097,05-09,34516961.0
S0,2097,10-14,35545432.0
S0,2097,15-19,36699224.0
S0,2097,20-24,37646493.0
S0,2097,25-29,39014360.0
S0,2097,30-34,40604638.0
S0,2097,35-39,41937653.0
S0,2097,40-44,43040786.0
S0,2097,45-49,44252746.0
S0,2097,50-54,45772599.0
S0,2097,55-59,47332796.0
S0,2097,60-64,48334648.0
S0,2097,65-69,48044642.0
S0,2097,70-74,45952708.0
S0,2097,75+,134658314.0
S0,2097,0-8,
S0,2097,9-14,
S0,2097,0-17,
S0,2097,18-29,
S0,2097,30-65,
S0,2097,66+,
S0,2097,15-26,
S0,2097,27-45,
S0,2097,46-65,
S0,2098,00-04,33161606.0
S0,2098,05-09,34295544.0
S0,2098,10-14,35317981.0
S0,2098,15-19,36416563.0
S0,2098,20-24,37341091.0
S0,2098,25-29,38680221.0
S0,2098,30-34,40310063.0
S0,2098,35-39,41677388.0
S0,2098,40-44,42808471.0
S0,2098,45-49,43957085.0
S0,2098,50-54,45374890.0
S0,2098,55-59,46922619.0
S0,2098,60-64,48041485.0
S0,2098,65-69,47919080.0
S0,2098,70-74,46006365.0
S0,2098,75+,134783398.0
S0,2098,0-8,
S0,2098,9-14,
S0,2098,0-17,
S0,2098,18-29,
S0,2098,30-65,
S0,2098,66+,
S0,2098,15-26,
S0,2098,27-45,
S0,2098,46-65,
S0,2099,00-04,32906363.0
S0,2099,05-09,34058208.0
S0,2099,10-14,35099413.0
S0,2099,15-19,36146375.0
S0,2099,20-24,37032970.0
S0,2099,25-29,38349245.0
S0,2099,30-34,40005189.0
S0,2099,35-39,41410232.0
S0,2099,40-44,42573643.0
S0,2099,45-49,43680713.0
S0,2099,50-54,44992291.0
S0,2099,55-59,46518550.0
S0,2099,60-64,47712664.0
S0,2099,65-69,47770275.0
S0,2099,70-74,46026901.0
S0,2099,75+,134944931.0
S0,2099,0-8,
S0,2099,9-14,
S0,2099,0-17,
S0,2099,18-29,
S0,2099,30-65,
S0,2099,66+,
S0,2099,15-26,
S0,2099,27-45,
S0,2099,46-65,
S0,2100,00-04,32657301.0
S0,2100,05-09,33815668.0
S0,2100,10-14,34886497.0
S0,2100,15-19,35888836.0
S0,2100,20-24,36730566.0
S0,2100,25-29,38030842.0
S0,2100,30-34,39678832.0
S0,2100,35-39,41144998.0
S0,2100,40-44,42349689.0
S0,2100,45-49,43401064.0
S0,2100,50-54,44630128.0
S0,2100,55-59,46122687.0
S0,2100,60-64,47355832.0
S0,2100,65-69,47590639.0
S0,2100,70-74,46015711.0
S0,2100,75+,135146994.0
S0,2100,0-8,
S0,2100,9-14,
S0,2100,0-17,
S0,2100,18-29,
S0,2100,30-65,
S0,2100,66+,
S0,2100,15-26,
S0,2100,27-45,
S0,2100,46-65,
S1,1950,00-04,
S1,1950,05-09,
S1,1950,10-14,
S1,1950,15-19,17060327.0
S1,1950,20-24,14931807.0
S1,1950,25-29,13138780.0
S1,1950,30-34,11674625.0
S1,1950,35-39,10240924.0
S1,1950,40-44,8926490.0
S1,1950,45-49,7046190.0
S1,1950,50-54,6208255.0
S1,1950,55-59,4310663.0
S1,1950,60-64,3846297.0
S1,1950,65-69,2117012.0
S1,1950,70-74,1660576.0
S1,1950,75+,1624266.0
S1,1950,0-8,41086961.03201764
S1,1950,9-14,22791857.96798236
S1,1950,0-17,
S1,1950,18-29,
S1,1950,30-65,
S1,1950,66+,
S1,1950,15-26,
S1,1950,27-45,
S1,1950,46-65,
S1,1951,00-04,
S1,1951,05-09,
S1,1951,10-14,
S1,1951,15-19,17352844.0
S1,1951,20-24,15220362.0
S1,1951,25-29,13346192.0
S1,1951,30-34,11851023.0
S1,1951,35-39,10382906.0
S1,1951,40-44,9159900.0
S1,1951,45-49,7201187.0
S1,1951,50-54,6397463.0
S1,1951,55-59,4421449.0
S1,1951,60-64,3942796.0
S1,1951,65-69,2232814.0
S1,1951,70-74,1648565.0
S1,1951,75+,1627336.0000000298
S1,1951,0-8,42389782.19998
S1,1951,9-14,22984480.80002
S1,1951,0-17,
S1,1951,18-29,
S1,1951,30-65,
S1,1951,66+,
S1,1951,15-26,
S1,1951,27-45,
S1,1951,46-65,
S1,1952,00-04,
S1,1952,05-09,
S1,1952,10-14,
S1,1952,15-19,17665795.0
S1,1952,20-24,15539116.0
S1,1952,25-29,13578527.0
S1,1952,30-34,12029851.0
S1,1952,35-39,10549171.0
S1,1952,40-44,9335768.0
S1,1952,45-49,7457234.0
S1,1952,50-54,6467746.0
S1,1952,55-59,4663431.0
S1,1952,60-64,3925707.0
S1,1952,65-69,2449961.0
S1,1952,70-74,1592868.0
S1,1952,75+,1647319.0
S1,1952,0-8,43817856.26685133
S1,1952,9-14,23125626.73314867
S1,1952,0-17,
S1,1952,18-29,
S1,1952,30-65,
S1,1952,66+,
S1,1952,15-26,
S1,1952,27-45,
S1,1952,46-65,
S1,1953,00-04,
S1,1953,05-09,
S1,1953,10-14,
S1,1953,15-19,17984209.0
S1,1953,20-24,15874406.0
S1,1953,25-29,13828841.0
S1,1953,30-34,12207582.0
S1,1953,35-39,10737639.0
S1,1953,40-44,9457059.0
S1,1953,45-49,7786467.0
S1,1953,50-54,6454929.0
S1,1953,55-59,5017669.0
S1,1953,60-64,3810823.0
S1,1953,65-69,2726255.0
S1,1953,70-74,1532670.0
S1,1953,75+,1673196.0
S1,1953,0-8,45391987.80779191
S1,1953,9-14,23238056.19220809
S1,1953,0-17,
S1,1953,18-29,
S1,1953,30-65,
S1,1953,66+,
S1,1953,15-26,
S1,1953,27-45,
S1,1953,46-65,
S1,1954,00-04,
S1,1954,05-09,
S1,1954,10-14,
S1,1954,15-19,18255717.0
S1,1954,20-24,16195024.0
S1,1954,25-29,14079398.0
S1,1954,30-34,12378523.0
S1,1954,35-39,10924532.0
S1,1954,40-44,9555878.0
S1,1954,45-49,8123413.0
S1,1954,50-54,6438439.0
S1,1954,55-59,5372191.0
S1,1954,60-64,3706736.0
S1,1954,65-69,2980397.0
S1,1954,70-74,1505397.0
S1,1954,75+,1693103.0000000298
S1,1954,0-8,47080471.45022176
S1,1954,9-14,23374522.549778238
S1,1954,0-17,
S1,1954,18-29,
S1,1954,30-65,
S1,1954,66+,
S1,1954,15-26,
S1,1954,27-45,
S1,1954,46-65,
S1,1955,00-04,
S1,1955,05-09,
S1,1955,10-14,
S1,1955,15-19,18459549.0
S1,1955,20-24,16519290.0
S1,1955,25-29,14363822.0
S1,1955,30-34,12579305.0
S1,1955,35-39,11110079.0
S1,1955,40-44,9688561.0
S1,1955,45-49,8395114.0
S1,1955,50-54,6528090.0
S1,1955,55-59,5615175.0
S1,1955,60-64,3735753.0
S1,1955,65-69,3124576.0
S1,1955,70-74,1557511.0
S1,1955,75+,1699215.0
S1,1955,0-8,48817433.9393884
S1,1955,9-14,23701239.0606116
S1,1955,0-17,
S1,1955,18-29,
S1,1955,30-65,
S1,1955,66+,
S1,1955,15-26,
S1,1955,27-45,
S1,1955,46-65,
S1,1956,00-04,
S1,1956,05-09,
S1,1956,10-14,
S1,1956,15-19,18616449.0
S1,1956,20-24,16816979.0
S1,1956,25-29,14659297.0
S1,1956,30-34,12794647.0
S1,1956,35-39,11292171.0
S1,1956,40-44,9834713.0
S1,1956,45-49,8623682.0
S1,1956,50-54,6680527.0
S1,1956,55-59,5792408.0
S1,1956,60-64,3841883.0
S1,1956,65-69,3206418.0
S1,1956,70-74,1652140.0
S1,1956,75+,1701888.0
S1,1956,0-8,50580816.246208996
S1,1956,9-14,24144942.753791004
S1,1956,0-17,
S1,1956,18-29,
S1,1956,30-65,
S1,1956,66+,
S1,1956,15-26,
S1,1956,27-45,
S1,1956,46-65,
S1,1957,00-04,
S1,1957,05-09,
S1,1957,10-14,
S1,1957,15-19,18718049.0
S1,1957,20-24,17133233.0
S1,1957,25-29,14978011.0
S1,1957,30-34,13027729.0
S1,1957,35-39,11472136.0
S1,1957,40-44,10001070.0
S1,1957,45-49,8796728.0
S1,1957,50-54,6925730.0
S1,1957,55-59,5862153.0
S1,1957,60-64,4061656.0
S1,1957,65-69,3196900.0
S1,1957,70-74,1820607.0
S1,1957,75+,1685212.9999999702
S1,1957,0-8,52363276.67367091
S1,1957,9-14,24688940.32632909
S1,1957,0-17,
S1,1957,18-29,
S1,1957,30-65,
S1,1957,66+,
S1,1957,15-26,
S1,1957,27-45,
S1,1957,46-65,
S1,1958,00-04,
S1,1958,05-09,
S1,1958,10-14,
S1,1958,15-19,18763671.0
S1,1958,20-24,17411675.0
S1,1958,25-29,15270897.0
S1,1958,30-34,13246627.0
S1,1958,35-39,11629794.0
S1,1958,40-44,10174631.0
S1,1958,45-49,8909641.0
S1,1958,50-54,7233004.0
S1,1958,55-59,5853747.0
S1,1958,60-64,4375403.0
S1,1958,65-69,3107562.0
S1,1958,70-74,2030808.0
S1,1958,75+,1668363.9999999702
S1,1958,0-8,54156106.89669791
S1,1958,9-14,25289828.10330209
S1,1958,0-17,
S1,1958,18-29,
S1,1958,30-65,
S1,1958,66+,
S1,1958,15-26,
S1,1958,27-45,
S1,1958,46-65,
S1,1959,00-04,
S1,1959,05-09,
S1,1959,10-14,
S1,1959,15-19,18872035.0
S1,1959,20-24,17707558.0
S1,1959,25-29,15613291.0
S1,1959,30-34,13514564.0
S1,1959,35-39,11814255.0
S1,1959,40-44,10368557.0
S1,1959,45-49,9015713.0
S1,1959,50-54,7556608.0
S1,1959,55-59,5848856.0
S1,1959,60-64,4692302.0
S1,1959,65-69,3031785.0
S1,1959,70-74,2223949.0
S1,1959,75+,1670413.9999999702
S1,1959,0-8,56009308.179181516
S1,1959,9-14,25905597.820818484
S1,1959,0-17,
S1,1959,18-29,
S1,1959,30-65,
S1,1959,66+,
S1,1959,15-26,
S1,1959,27-45,
S1,1959,46-65,
S1,1960,00-04,
S1,1960,05-09,
S1,1960,10-14,
S1,1960,15-19,19073866.0
S1,1960,20-24,17914180.0
S1,1960,25-29,15932621.0
S1,1960,30-34,13793116.0
S1,1960,35-39,12011481.0
S1,1960,40-44,10550521.0
S1,1960,45-49,9146388.0
S1,1960,50-54,7814592.0
S1,1960,55-59,5937282.0
S1,1960,60-64,4909046.0
S1,1960,65-69,3064597.0
S1,1960,70-74,2332625.0
S1,1960,75+,1714862.0000000298
S1,1960,0-8,57439778.62632066
S1,1960,9-14,26986748.37367934
S1,1960,0-17,
S1,1960,18-29,
S1,1960,30-65,
S1,1960,66+,
S1,1960,15-26,
S1,1960,27-45,
S1,1960,46-65,
S1,1961,00-04,
S1,1961,05-09,
S1,1961,10-14,
S1,1961,15-19,19372038.0
S1,1961,20-24,18080275.0
S1,1961,25-29,16232733.0
S1,1961,30-34,14087363.0
S1,1961,35-39,12225963.0
S1,1961,40-44,10731345.0
S1,1961,45-49,9291059.0
S1,1961,50-54,8033222.0
S1,1961,55-59,6083421.0
S1,1961,60-64,5068401.0
S1,1961,65-69,3161224.0
S1,1961,70-74,2394427.0
S1,1961,75+,1783885.9999999702
S1,1961,0-8,58852394.82142733
S1,1961,9-14,28165705.17857267
S1,1961,0-17,
S1,1961,18-29,
S1,1961,30-65,
S1,1961,66+,
S1,1961,15-26,
S1,1961,27-45,
S1,1961,46-65,
S1,1962,00-04,
S1,1962,05-09,
S1,1962,10-14,
S1,1962,15-19,19750181.693990067
S1,1962,20-24,18198651.01410404
S1,1962,25-29,16556574.724663466
S1,1962,30-34,14404404.159537673
S1,1962,35-39,12457641.438582778
S1,1962,40-44,10910648.703989029
S1,1962,45-49,9456595.251280129
S1,1962,50-54,8199762.007092208
S1,1962,55-59,6310897.421874613
S1,1962,60-64,5135570.2157922685
S1,1962,65-69,3349559.0202225745
S1,1962,70-74,2388358.951839119
S1,1962,75+,1886771.6033998132
S1,1962,0-8,60229615.11577112
S1,1962,9-14,29415317.376691736
S1,1962,0-17,
S1,1962,18-29,
S1,1962,30-65,
S1,1962,66+,
S1,1962,15-26,
S1,1962,27-45,
S1,1962,46-65,
S1,1963,00-04,
S1,1963,05-09,
S1,1963,10-14,
S1,1963,15-19,20143766.909254253
S1,1963,20-24,18260699.641405076
S1,1963,25-29,16865937.952911675
S1,1963,30-34,14716079.626448452
S1,1963,35-39,12692224.42400992
S1,1963,40-44,11081167.692934752
S1,1963,45-49,9640427.012766927
S1,1963,50-54,8314622.894059747
S1,1963,55-59,6591905.404895753
S1,1963,60-64,5140464.6674622
S1,1963,65-69,3611989.019447863
S1,1963,70-74,2325054.2448829114
S1,1963,75+,2014327.11462304
S1,1963,0-8,61540045.651486434
S1,1963,9-14,30765555.41284021
S1,1963,0-17,
S1,1963,18-29,
S1,1963,30-65,
S1,1963,66+,
S1,1963,15-26,
S1,1963,27-45,
S1,1963,46-65,
S1,1964,00-04,
S1,1964,05-09,
S1,1964,10-14,
S1,1964,15-19,20516674.38674955
S1,1964,20-24,18358125.1286619
S1,1964,25-29,17153349.801583767
S1,1964,30-34,15034420.027270198
S1,1964,35-39,12945808.916565895
S1,1964,40-44,11260176.719992459
S1,1964,45-49,9836334.714172065
S1,1964,50-54,8415399.411627144
S1,1964,55-59,6876525.860216469
S1,1964,60-64,5149580.562893599
S1,1964,65-69,3870121.609543532
S1,1964,70-74,2272859.085441828
S1,1964,75+,2137230.994338721
S1,1964,0-8,62795688.48120683
S1,1964,9-14,32255959.666806392
S1,1964,0-17,
S1,1964,18-29,
S1,1964,30-65,
S1,1964,66+,
S1,1964,15-26,
S1,1964,27-45,
S1,1964,46-65,
S1,1965,00-04,
S1,1965,05-09,
S1,1965,10-14,
S1,1965,15-19,21336235.381941557
S1,1965,20-24,18542736.71724905
S1,1965,25-29,17359844.75029397
S1,1965,30-34,15331345.909855306
S1,1965,35-39,13211726.71093914
S1,1965,40-44,11453789.591653258
S1,1965,45-49,10025835.658131659
S1,1965,50-54,8538257.763814509
S1,1965,55-59,7094132.083637685
S1,1965,60-64,5243618.527608246
S1,1965,65-69,4040366.456135124
S1,1965,70-74,2302736.7511051893
S1,1965,75+,2225010.6322815716
S1,1965,0-8,64032574.31662475
S1,1965,9-14,33340388.08422213
S1,1965,0-17,
S1,1965,18-29,
S1,1965,30-65,
S1,1965,66+,
S1,1965,15-26,
S1,1965,27-45,
S1,1965,46-65,
S1,1966,00-04,
S1,1966,05-09,
S1,1966,10-14,
S1,1966,15-19,22224835.935937434
S1,1966,20-24,18808865.401791334
S1,1966,25-29,17517685.84254968
S1,1966,30-34,15596446.807495803
S1,1966,35-39,13483742.314720988
S1,1966,40-44,11657609.266135454
S1,1966,45-49,10211785.326042771
S1,1966,50-54,8666212.400531918
S1,1966,55-59,7261211.105162531
S1,1966,60-64,5383736.54068616
S1,1966,65-69,4150540.2650105357
S1,1966,70-74,2373963.6790616214
S1,1966,75+,2285277.4276647866
S1,1966,0-8,65039290.431789145
S1,1966,9-14,34364333.13973762
S1,1966,0-17,
S1,1966,18-29,
S1,1966,30-65,
S1,1966,66+,
S1,1966,15-26,
S1,1966,27-45,
S1,1966,46-65,
S1,1967,00-04,
S1,1967,05-09,
S1,1967,10-14,
S1,1967,15-19,23151285.320758924
S1,1967,20-24,19134626.682634577
S1,1967,25-29,17604076.928170353
S1,1967,30-34,15857121.215930074
S1,1967,35-39,13762965.046197802
S1,1967,40-44,11869554.38595274
S1,1967,45-49,10394524.572284013
S1,1967,50-54,8807447.734003633
S1,1967,55-59,7372584.799357742
S1,1967,60-64,5598927.133600652
S1,1967,65-69,4179579.767937094
S1,1967,70-74,2512361.7732735574
S1,1967,75+,2320395.282986462
S1,1967,0-8,65977638.97245833
S1,1967,9-14,35349720.594944775
S1,1967,0-17,
S1,1967,18-29,
S1,1967,30-65,
S1,1967,66+,
S1,1967,15-26,
S1,1967,27-45,
S1,1967,46-65,
S1,1968,00-04,
S1,1968,05-09,
S1,1968,10-14,
S1,1968,15-19,24180867.74942991
S1,1968,20-24,19542629.263383985
S1,1968,25-29,17697482.534228027
S1,1968,30-34,16143198.537558585
S1,1968,35-39,14070364.79068619
S1,1968,40-44,12106315.172505349
S1,1968,45-49,10585597.989467531
S1,1968,50-54,8969150.662053615
S1,1968,55-59,7436778.226485103
S1,1968,60-64,5871540.452025503
S1,1968,65-69,4155175.2883583903
S1,1968,70-74,2704425.1157702208
S1,1968,75+,2333093.579096794
S1,1968,0-8,66891212.83197937
S1,1968,9-14,36286690.62371724
S1,1968,0-17,
S1,1968,18-29,
S1,1968,30-65,
S1,1968,66+,
S1,1968,15-26,
S1,1968,27-45,
S1,1968,46-65,
S1,1969,00-04,
S1,1969,05-09,
S1,1969,10-14,
S1,1969,15-19,25289177.066815227
S1,1969,20-24,19882105.587862313
S1,1969,25-29,17767243.778971404
S1,1969,30-34,16357814.65139088
S1,1969,35-39,14358471.656885445
S1,1969,40-44,12346904.109886825
S1,1969,45-49,10780291.348215342
S1,1969,50-54,9134807.613228232
S1,1969,55-59,7484508.081520468
S1,1969,60-64,6158643.292676568
S1,1969,65-69,4134981.338485807
S1,1969,70-74,2896257.3595744073
S1,1969,75+,2358726.4882446826
S1,1969,0-8,67928052.24411993
S1,1969,9-14,37152578.83562057
S1,1969,0-17,
S1,1969,18-29,
S1,1969,30-65,
S1,1969,66+,
S1,1969,15-26,
S1,1969,27-45,
S1,1969,46-65,
S1,1970,00-04,
S1,1970,05-09,
S1,1970,10-14,
S1,1970,15-19,26037155.905524924
S1,1970,20-24,20694996.352937445
S1,1970,25-29,17945527.062489808
S1,1970,30-34,16503976.818921238
S1,1970,35-39,14638977.98823145
S1,1970,40-44,12608049.2508429
S1,1970,45-49,10997041.025324613
S1,1970,50-54,9292639.327137351
S1,1970,55-59,7548701.150406867
S1,1970,60-64,6395518.623281151
S1,1970,65-69,4178951.37834543
S1,1970,70-74,3022737.5350122154
S1,1970,75+,2417727.424822271
S1,1970,0-8,68927589.8068584
S1,1970,9-14,37960321.624057785
S1,1970,0-17,
S1,1970,18-29,
S1,1970,30-65,
S1,1970,66+,
S1,1970,15-26,
S1,1970,27-45,
S1,1970,46-65,
S1,1971,00-04,
S1,1971,05-09,
S1,1971,10-14,
S1,1971,15-19,26769175.5251334
S1,1971,20-24,21681172.41166079
S1,1971,25-29,18289929.219500422
S1,1971,30-34,16658476.307778686
S1,1971,35-39,14933227.043475986
S1,1971,40-44,12905345.842725337
S1,1971,45-49,11247221.353491902
S1,1971,50-54,9457124.557483733
S1,1971,55-59,7624279.092429996
S1,1971,60-64,6606036.082566857
S1,1971,65-69,4262563.519862801
S1,1971,70-74,3112838.7275429666
S1,1971,75+,2496938.976700604
S1,1971,0-8,69925907.39609206
S1,1971,9-14,38787502.84829122
S1,1971,0-17,
S1,1971,18-29,
S1,1971,30-65,
S1,1971,66+,
S1,1971,15-26,
S1,1971,27-45,
S1,1971,46-65,
S1,1972,00-04,
S1,1972,05-09,
S1,1972,10-14,
S1,1972,15-19,27398477.995016545
S1,1972,20-24,22651936.58899346
S1,1972,25-29,18640744.354984224
S1,1972,30-34,16703803.651979059
S1,1972,35-39,15203281.560434848
S1,1972,40-44,13196973.76611054
S1,1972,45-49,11499296.133875757
S1,1972,50-54,9608448.957822472
S1,1972,55-59,7704099.297552317
S1,1972,60-64,6772984.989122093
S1,1972,65-69,4397923.431111783
S1,1972,70-74,3145957.187438637
S1,1972,75+,2606530.1090640128
S1,1972,0-8,70926927.56917717
S1,1972,9-14,39605630.15538852
S1,1972,0-17,
S1,1972,18-29,
S1,1972,30-65,
S1,1972,66+,
S1,1972,15-26,
S1,1972,27-45,
S1,1972,46-65,
S1,1973,00-04,
S1,1973,05-09,
S1,1973,10-14,
S1,1973,15-19,28000670.446217835
S1,1973,20-24,23787639.45821768
S1,1973,25-29,19100093.778235525
S1,1973,30-34,16761163.831896216
S1,1973,35-39,15505119.683612257
S1,1973,40-44,13519992.944877446
S1,1973,45-49,11780335.818092734
S1,1973,50-54,9764801.720613837
S1,1973,55-59,7799845.3971918225
S1,1973,60-64,6907395.640222818
S1,1973,65-69,4573045.54475525
S1,1973,70-74,3145018.9233763814
S1,1973,75+,2739333.2231780887
S1,1973,0-8,71922484.75873137
S1,1973,9-14,40453003.645068586
S1,1973,0-17,
S1,1973,18-29,
S1,1973,30-65,
S1,1973,66+,
S1,1973,15-26,
S1,1973,27-45,
S1,1973,46-65,
S1,1974,00-04,
S1,1974,05-09,
S1,1974,10-14,
S1,1974,15-19,28504370.825977594
S1,1974,20-24,25033604.108169645
S1,1974,25-29,19535725.706156254
S1,1974,30-34,16831059.49321559
S1,1974,35-39,15768292.326188058
S1,1974,40-44,13843139.970338672
S1,1974,45-49,12077616.037800193
S1,1974,50-54,9924868.892626584
S1,1974,55-59,7897164.800637692
S1,1974,60-64,7033852.437549114
S1,1974,65-69,4750125.591239989
S1,1974,70-74,3149617.276142359
S1,1974,75+,2875435.000661671
S1,1974,0-8,72943188.22459733
S1,1974,9-14,41327672.41684538
S1,1974,0-17,
S1,1974,18-29,
S1,1974,30-65,
S1,1974,66+,
S1,1974,15-26,
S1,1974,27-45,
S1,1974,46-65,
S1,1975,00-04,
S1,1975,05-09,
S1,1975,10-14,
S1,1975,15-19,28968630.64584917
S1,1975,20-24,25985120.468388736
S1,1975,25-29,20485361.27389711
S1,1975,30-34,17029257.65383154
S1,1975,35-39,15986756.565681309
S1,1975,40-44,14173404.791232914
S1,1975,45-49,12406839.11460933
S1,1975,50-54,10108034.963881671
S1,1975,55-59,7990761.609374136
S1,1975,60-64,7188681.628768265
S1,1975,65-69,4886933.394688606
S1,1975,70-74,3210789.7783851624
S1,1975,75+,2994949.724725485
S1,1975,0-8,74014941.65833616
S1,1975,9-14,42224308.06477147
S1,1975,0-17,
S1,1975,18-29,
S1,1975,30-65,
S1,1975,66+,
S1,1975,15-26,
S1,1975,27-45,
S1,1975,46-65,
S1,1976,00-04,
S1,1976,05-09,
S1,1976,10-14,
S1,1976,15-19,29434844.97486168
S1,1976,20-24,26897860.0798333
S1,1976,25-29,21545621.268496454
S1,1976,30-34,17321589.031365186
S1,1976,35-39,16171594.404793411
S1,1976,40-44,14489759.35088846
S1,1976,45-49,12755995.501545757
S1,1976,50-54,10308198.395866066
S1,1976,55-59,8083705.139359772
S1,1976,60-64,7359396.384117186
S1,1976,65-69,4998609.824314535
S1,1976,70-74,3306211.110634029
S1,1976,75+,3106872.0234240294
S1,1976,0-8,75067466.40703523
S1,1976,9-14,43061888.06287116
S1,1976,0-17,
S1,1976,18-29,
S1,1976,30-65,
S1,1976,66+,
S1,1976,15-26,
S1,1976,27-45,
S1,1976,46-65,
S1,1977,00-04,
S1,1977,05-09,
S1,1977,10-14,
S1,1977,15-19,29890011.790996403
S1,1977,20-24,27764780.042090982
S1,1977,25-29,22674729.68572712
S1,1977,30-34,17686679.93631512
S1,1977,35-39,16303583.221489877
S1,1977,40-44,14818789.376033008
S1,1977,45-49,13125169.82539332
S1,1977,50-54,10521452.232057512
S1,1977,55-59,8174169.586987317
S1,1977,60-64,7548396.241861045
S1,1977,65-69,5078726.393282533
S1,1977,70-74,3447614.1868400574
S1,1977,75+,3204107.2127592564
S1,1977,0-8,76197377.24742593
S1,1977,9-14,43894853.458902076
S1,1977,0-17,
S1,1977,18-29,
S1,1977,30-65,
S1,1977,66+,
S1,1977,15-26,
S1,1977,27-45,
S1,1977,46-65,
S1,1978,00-04,
S1,1978,05-09,
S1,1978,10-14,
S1,1978,15-19,30362423.035289466
S1,1978,20-24,28600762.38496819
S1,1978,25-29,23935655.217752278
S1,1978,30-34,18114391.345453024
S1,1978,35-39,16421431.763045311
S1,1978,40-44,15162393.978427231
S1,1978,45-49,13516415.727845848
S1,1978,50-54,10752238.8655262
S1,1978,55-59,8266315.501250267
S1,1978,60-64,7757655.143592298
S1,1978,65-69,5131763.591696739
S1,1978,70-74,3621546.3745099306
S1,1978,75+,3294019.684664607
S1,1978,0-8,77254374.31030335
S1,1978,9-14,44747021.77857311
S1,1978,0-17,
S1,1978,18-29,
S1,1978,30-65,
S1,1978,66+,
S1,1978,15-26,
S1,1978,27-45,
S1,1978,46-65,
S1,1979,00-04,
S1,1979,05-09,
S1,1979,10-14,
S1,1979,15-19,30821603.961267248
S1,1979,20-24,29307954.955160916
S1,1979,25-29,25286905.373669863
S1,1979,30-34,18502938.070788175
S1,1979,35-39,16545004.411366582
S1,1979,40-44,15465379.535738021
S1,1979,45-49,13907479.540115982
S1,1979,50-54,10994638.640823841
S1,1979,55-59,8362568.819286704
S1,1979,60-64,7974112.132301629
S1,1979,65-69,5177145.720288038
S1,1979,70-74,3798386.8272207975
S1,1979,75+,3388047.344648838
S1,1979,0-8,78283662.40952395
S1,1979,9-14,45632742.271741
S1,1979,0-17,
S1,1979,18-29,
S1,1979,30-65,
S1,1979,66+,
S1,1979,15-26,
S1,1979,27-45,
S1,1979,46-65,
S1,1980,00-04,
S1,1980,05-09,
S1,1980,10-14,
S1,1980,15-19,31332052.104679197
S1,1980,20-24,30023790.986900747
S1,1980,25-29,26361386.110937297
S1,1980,30-34,19372832.769896835
S1,1980,35-39,16792433.894634277
S1,1980,40-44,15723154.63653627
S1,1980,45-49,14305713.78933072
S1,1980,50-54,11263725.832532585
S1,1980,55-59,8479881.285101771
S1,1980,60-64,8191596.138009369
S1,1980,65-69,5241550.515410066
S1,1980,70-74,3943252.114304781
S1,1980,75+,3503462.269477606
S1,1980,0-8,79458635.81709799
S1,1980,9-14,46524978.79989162
S1,1980,0-17,
S1,1980,18-29,
S1,1980,30-65,
S1,1980,66+,
S1,1980,15-26,
S1,1980,27-45,
S1,1980,46-65,
S1,1981,00-04,
S1,1981,05-09,
S1,1981,10-14,
S1,1981,15-19,31762525.263737753
S1,1981,20-24,30711730.55524528
S1,1981,25-29,27360522.21380648
S1,1981,30-34,20313317.273991704
S1,1981,35-39,17113010.938010395
S1,1981,40-44,15935190.979688346
S1,1981,45-49,14682100.049090326
S1,1981,50-54,11544575.995809078
S1,1981,55-59,8611069.260249197
S1,1981,60-64,8410208.917241216
S1,1981,65-69,5315148.79900527
S1,1981,70-74,4067904.645787835
S1,1981,75+,3632160.5221015215
S1,1981,0-8,80759060.530343
S1,1981,9-14,47464779.948082164
S1,1981,0-17,
S1,1981,18-29,
S1,1981,30-65,
S1,1981,66+,
S1,1981,15-26,
S1,1981,27-45,
S1,1981,46-65,
S1,1982,00-04,
S1,1982,05-09,
S1,1982,10-14,
S1,1982,15-19,32181656.46849531
S1,1982,20-24,31393473.37947762
S1,1982,25-29,28316626.555975974
S1,1982,30-34,21316281.28947878
S1,1982,35-39,17507375.43598458
S1,1982,40-44,16096084.054191887
S1,1982,45-49,15071884.223408878
S1,1982,50-54,11842752.101394296
S1,1982,55-59,8756173.987002969
S1,1982,60-64,8629199.259728491
S1,1982,65-69,5401553.979273081
S1,1982,70-74,4168105.2859567404
S1,1982,75+,3777492.0887057185
S1,1982,0-8,82057270.4766811
S1,1982,9-14,48486566.23046915
S1,1982,0-17,
S1,1982,18-29,
S1,1982,30-65,
S1,1982,66+,
S1,1982,15-26,
S1,1982,27-45,
S1,1982,46-65,
S1,1983,00-04,
S1,1983,05-09,
S1,1983,10-14,
S1,1983,15-19,32620406.985810682
S1,1983,20-24,32086047.20998922
S1,1983,25-29,29217634.04318565
S1,1983,30-34,22417248.97202611
S1,1983,35-39,17947840.657910436
S1,1983,40-44,16231519.715952218
S1,1983,45-49,15468318.686340451
S1,1983,50-54,12155776.292156756
S1,1983,55-59,8916795.77205795
S1,1983,60-64,8850006.514842987
S1,1983,65-69,5502141.7422834635
S1,1983,70-74,4246875.279587686
S1,1983,75+,3937167.00794065
S1,1983,0-8,83395042.49875493
S1,1983,9-14,49507139.62795246
S1,1983,0-17,
S1,1983,18-29,
S1,1983,30-65,
S1,1983,66+,
S1,1983,15-26,
S1,1983,27-45,
S1,1983,46-65,
S1,1984,00-04,
S1,1984,05-09,
S1,1984,10-14,
S1,1984,15-19,33105169.070233762
S1,1984,20-24,32812293.436847806
S1,1984,25-29,30051976.094049513
S1,1984,30-34,23653778.208993733
S1,1984,35-39,18388788.34939432
S1,1984,40-44,16397138.06553471
S1,1984,45-49,15838065.487879455
S1,1984,50-54,12477651.963258386
S1,1984,55-59,9095866.734896958
S1,1984,60-64,9079450.641694546
S1,1984,65-69,5611250.537698269
S1,1984,70-74,4321831.499884725
S1,1984,75+,4100927.8675779104
S1,1984,0-8,84767517.55580162
S1,1984,9-14,50563503.74793942
S1,1984,0-17,
S1,1984,18-29,
S1,1984,30-65,
S1,1984,66+,
S1,1984,15-26,
S1,1984,27-45,
S1,1984,46-65,
S1,1985,00-04,
S1,1985,05-09,
S1,1985,10-14,
S1,1985,15-19,33585078.21570623
S1,1985,20-24,33541897.30552709
S1,1985,25-29,30810660.941583604
S1,1985,30-34,24561793.723462075
S1,1985,35-39,19258043.074490547
S1,1985,40-44,16650502.693867326
S1,1985,45-49,16135533.581168711
S1,1985,50-54,12792639.843151629
S1,1985,55-59,9293677.946022153
S1,1985,60-64,9325006.255246758
S1,1985,65-69,5720792.516679704
S1,1985,70-74,4411778.569819331
S1,1985,75+,4258401.2589607835
S1,1985,0-8,86210941.88312712
S1,1985,9-14,51695563.10730621
S1,1985,0-17,
S1,1985,18-29,
S1,1985,30-65,
S1,1985,66+,
S1,1985,15-26,
S1,1985,27-45,
S1,1985,46-65,
S1,1986,00-04,
S1,1986,05-09,
S1,1986,10-14,
S1,1986,15-19,34131417.66912979
S1,1986,20-24,34207367.61809158
S1,1986,25-29,31572481.37348777
S1,1986,30-34,25429114.76379448
S1,1986,35-39,20219966.475176305
S1,1986,40-44,16988866.21697682
S1,1986,45-49,16390600.18037486
S1,1986,50-54,13093503.950859427
S1,1986,55-59,9508312.517930925
S1,1986,60-64,9585601.51086831
S1,1986,65-69,5835750.345964313
S1,1986,70-74,4511297.820223153
S1,1986,75+,4414215.074295044
S1,1986,0-8,87722153.96646033
S1,1986,9-14,52804801.532713875
S1,1986,0-17,
S1,1986,18-29,
S1,1986,30-65,
S1,1986,66+,
S1,1986,15-26,
S1,1986,27-45,
S1,1986,46-65,
S1,1987,00-04,
S1,1987,05-09,
S1,1987,10-14,
S1,1987,15-19,34754522.52939749
S1,1987,20-24,34852018.35296154
S1,1987,25-29,32322715.14350471
S1,1987,30-34,26259393.67227134
S1,1987,35-39,21246609.852886975
S1,1987,40-44,17399924.519631684
S1,1987,45-49,16588324.826466262
S1,1987,50-54,13407501.109600127
S1,1987,55-59,9741852.159940898
S1,1987,60-64,9857521.579957843
S1,1987,65-69,5955332.087335229
S1,1987,70-74,4622467.334120929
S1,1987,75+,4568844.7660345435
S1,1987,0-8,89282190.97995242
S1,1987,9-14,53932498.85319653
S1,1987,0-17,
S1,1987,18-29,
S1,1987,30-65,
S1,1987,66+,
S1,1987,15-26,
S1,1987,27-45,
S1,1987,46-65,
S1,1988,00-04,
S1,1988,05-09,
S1,1988,10-14,
S1,1988,15-19,35407348.58949348
S1,1988,20-24,35513458.7409513
S1,1988,25-29,33080084.857213467
S1,1988,30-34,27042981.849488348
S1,1988,35-39,22372839.775634766
S1,1988,40-44,17855833.14696479
S1,1988,45-49,16754334.234847784
S1,1988,50-54,13728967.279102623
S1,1988,55-59,9992602.752070487
S1,1988,60-64,10141084.69554001
S1,1988,65-69,6081307.287563324
S1,1988,70-74,4746051.706364334
S1,1988,75+,4723202.523523331
S1,1988,0-8,90822724.96185642
S1,1988,9-14,55003805.235563666
S1,1988,0-17,
S1,1988,18-29,
S1,1988,30-65,
S1,1988,66+,
S1,1988,15-26,
S1,1988,27-45,
S1,1988,46-65,
S1,1989,00-04,
S1,1989,05-09,
S1,1989,10-14,
S1,1989,15-19,36117839.38422322
S1,1989,20-24,36213294.64046413
S1,1989,25-29,33856786.191292286
S1,1989,30-34,27761154.770750105
S1,1989,35-39,23628844.436222613
S1,1989,40-44,18306223.847354352
S1,1989,45-49,16942375.2427963
S1,1989,50-54,14026884.796860516
S1,1989,55-59,10255125.751272202
S1,1989,60-64,10437428.545107067
S1,1989,65-69,6218605.97096014
S1,1989,70-74,4876609.118861377
S1,1989,75+,4881805.431238472
S1,1989,0-8,92375424.90867011
S1,1989,9-14,56039110.79631378
S1,1989,0-17,
S1,1989,18-29,
S1,1989,30-65,
S1,1989,66+,
S1,1989,15-26,
S1,1989,27-45,
S1,1989,46-65,
S1,1990,00-04,
S1,1990,05-09,
S1,1990,10-14,
S1,1990,15-19,36913084.01760417
S1,1990,20-24,36911937.32051161
S1,1990,25-29,34647610.97618052
S1,1990,30-34,28428813.02211106
S1,1990,35-39,24566193.52228582
S1,1990,40-44,19188867.555731714
S1,1990,45-49,17218658.11929965
S1,1990,50-54,14265570.682173967
S1,1990,55-59,10519293.044418693
S1,1990,60-64,10747339.466133356
S1,1990,65-69,6373749.402823091
S1,1990,70-74,5007385.183144093
S1,1990,75+,5049763.230129063
S1,1990,0-8,93855026.10560508
S1,1990,9-14,57138022.01647942
S1,1990,0-17,
S1,1990,18-29,
S1,1990,30-65,
S1,1990,66+,
S1,1990,15-26,
S1,1990,27-45,
S1,1990,46-65,
S1,1991,00-04,
S1,1991,05-09,
S1,1991,10-14,
S1,1991,15-19,37696463.2536324
S1,1991,20-24,37682297.58937612
S1,1991,25-29,35377623.03918344
S1,1991,30-34,29116595.118496597
S1,1991,35-39,25468791.179641426
S1,1991,40-44,20166842.406927824
S1,1991,45-49,17579115.71624887
S1,1991,50-54,14471972.291464448
S1,1991,55-59,10779251.966266036
S1,1991,60-64,11066559.578050256
S1,1991,65-69,6546283.24962157
S1,1991,70-74,5141879.556398392
S1,1991,75+,5226195.229034603
S1,1991,0-8,95148952.11111623
S1,1991,9-14,58418386.09741986
S1,1991,0-17,
S1,1991,18-29,
S1,1991,30-65,
S1,1991,66+,
S1,1991,15-26,
S1,1991,27-45,
S1,1991,46-65,
S1,1992,00-04,
S1,1992,05-09,
S1,1992,10-14,
S1,1992,15-19,38497294.39473036
S1,1992,20-24,38118706.639345646
S1,1992,25-29,35950076.93780175
S1,1992,30-34,29989937.93949777
S1,1992,35-39,26589087.838684797
S1,1992,40-44,20776426.681286514
S1,1992,45-49,17590924.83002293
S1,1992,50-54,14477605.214447737
S1,1992,55-59,11262670.877877533
S1,1992,60-64,11363786.222030342
S1,1992,65-69,6887243.181406081
S1,1992,70-74,5327782.942408264
S1,1992,75+,5425903.578522325
S1,1992,0-8,96477982.33688608
S1,1992,9-14,59946771.45733598
S1,1992,0-17,
S1,1992,18-29,
S1,1992,30-65,
S1,1992,66+,
S1,1992,15-26,
S1,1992,27-45,
S1,1992,46-65,
S1,1993,00-04,
S1,1993,05-09,
S1,1993,10-14,
S1,1993,15-19,39252458.3731792
S1,1993,20-24,38595605.59019178
S1,1993,25-29,36549680.878507376
S1,1993,30-34,30875061.59446317
S1,1993,35-39,27677318.3074466
S1,1993,40-44,21492402.845419407
S1,1993,45-49,17659323.11083114
S1,1993,50-54,14464811.79180175
S1,1993,55-59,11745494.839093745
S1,1993,60-64,11679635.558956563
S1,1993,65-69,7246632.522738934
S1,1993,70-74,5516960.636139333
S1,1993,75+,5633105.172140479
S1,1993,0-8,97664508.28447875
S1,1993,9-14,61565637.88616195
S1,1993,0-17,
S1,1993,18-29,
S1,1993,30-65,
S1,1993,66+,
S1,1993,15-26,
S1,1993,27-45,
S1,1993,46-65,
S1,1994,00-04,
S1,1994,05-09,
S1,1994,10-14,
S1,1994,15-19,39970778.02553654
S1,1994,20-24,39121189.11407176
S1,1994,25-29,37174662.66304329
S1,1994,30-34,31765969.961625874
S1,1994,35-39,28695182.727785766
S1,1994,40-44,22337203.473931253
S1,1994,45-49,17734347.856127024
S1,1994,50-54,14478247.300198853
S1,1994,55-59,12196163.30056572
S1,1994,60-64,12004939.633791149
S1,1994,65-69,7623480.780194104
S1,1994,70-74,5711514.022318423
S1,1994,75+,5845971.2820439935
S1,1994,0-8,98658640.35196847
S1,1994,9-14,63233728.661630034
S1,1994,0-17,
S1,1994,18-29,
S1,1994,30-65,
S1,1994,66+,
S1,1994,15-26,
S1,1994,27-45,
S1,1994,46-65,
S1,1995,00-04,
S1,1995,05-09,
S1,1995,10-14,
S1,1995,15-19,40722042.437067896
S1,1995,20-24,39691328.372849524
S1,1995,25-29,37745024.12101272
S1,1995,30-34,32627774.133097112
S1,1995,35-39,29629143.006368637
S1,1995,40-44,22883581.576844335
S1,1995,45-49,18232924.4133721
S1,1995,50-54,14569370.284986436
S1,1995,55-59,12576464.777704537
S1,1995,60-64,12324781.15763706
S1,1995,65-69,8016509.263251603
S1,1995,70-74,5915694.828644395
S1,1995,75+,6062983.04808861
S1,1995,0-8,99484122.02726053
S1,1995,9-14,64878431.888835326
S1,1995,0-17,
S1,1995,18-29,
S1,1995,30-65,
S1,1995,66+,
S1,1995,15-26,
S1,1995,27-45,
S1,1995,46-65,
S1,1996,00-04,
S1,1996,05-09,
S1,1996,10-14,
S1,1996,15-19,41658570.700624764
S1,1996,20-24,40273946.98543677
S1,1996,25-29,38400301.351056546
S1,1996,30-34,33432097.86945653
S1,1996,35-39,30573812.999889553
S1,1996,40-44,23428093.90474987
S1,1996,45-49,18836754.937116385
S1,1996,50-54,14740677.865948737
S1,1996,55-59,12910397.186763942
S1,1996,60-64,12634501.235939503
S1,1996,65-69,8423242.167993963
S1,1996,70-74,6128522.980527759
S1,1996,75+,6285436.457002699
S1,1996,0-8,100225425.73092422
S1,1996,9-14,66356655.97121814
S1,1996,0-17,
S1,1996,18-29,
S1,1996,30-65,
S1,1996,66+,
S1,1996,15-26,
S1,1996,27-45,
S1,1996,46-65,
S1,1997,00-04,
S1,1997,05-09,
S1,1997,10-14,
S1,1997,15-19,42583061.19523916
S1,1997,20-24,40913240.118819
S1,1997,25-29,39127422.82647088
S1,1997,30-34,34208121.33789003
S1,1997,35-39,31503539.7214846
S1,1997,40-44,23977877.439796507
S1,1997,45-49,19524922.974562287
S1,1997,50-54,14979961.814549923
S1,1997,55-59,13184516.493379295
S1,1997,60-64,12960749.255847514
S1,1997,65-69,8842349.349949718
S1,1997,70-74,6346897.4418776035
S1,1997,75+,6513435.840574801
S1,1997,0-8,100786725.03393425
S1,1997,9-14,67839007.12182759
S1,1997,0-17,
S1,1997,18-29,
S1,1997,30-65,
S1,1997,66+,
S1,1997,15-26,
S1,1997,27-45,
S1,1997,46-65,
S1,1998,00-04,
S1,1998,05-09,
S1,1998,10-14,
S1,1998,15-19,43598770.28133604
S1,1998,20-24,41530469.95982459
S1,1998,25-29,39862468.5016658
S1,1998,30-34,34978319.66826433
S1,1998,35-39,32417895.92065841
S1,1998,40-44,24523132.90104896
S1,1998,45-49,20333720.82442081
S1,1998,50-54,15260163.708519042
S1,1998,55-59,13416076.871335506
S1,1998,60-64,13296704.830331862
S1,1998,65-69,9268873.642956734
S1,1998,70-74,6570582.9658664465
S1,1998,75+,6748055.171050429
S1,1998,0-8,101355791.33870481
S1,1998,9-14,69134653.83239351
S1,1998,0-17,
S1,1998,18-29,
S1,1998,30-65,
S1,1998,66+,
S1,1998,15-26,
S1,1998,27-45,
S1,1998,46-65,
S1,1999,00-04,
S1,1999,05-09,
S1,1999,10-14,
S1,1999,15-19,44669519.94720203
S1,1999,20-24,42153846.241710395
S1,1999,25-29,40631606.57515386
S1,1999,30-34,35758782.355621636
S1,1999,35-39,33317987.614987195
S1,1999,40-44,25051371.57676536
S1,1999,45-49,21299665.501071334
S1,1999,50-54,15538221.036279678
S1,1999,55-59,13646462.291414082
S1,1999,60-64,13611337.302814305
S1,1999,65-69,9694499.560421765
S1,1999,70-74,6800297.652993202
S1,1999,75+,6991901.861860275
S1,1999,0-8,101875764.32517582
S1,1999,9-14,70280822.61538386
S1,1999,0-17,
S1,1999,18-29,
S1,1999,30-65,
S1,1999,66+,
S1,1999,15-26,
S1,1999,27-45,
S1,1999,46-65,
S1,2000,00-04,
S1,2000,05-09,
S1,2000,10-14,
S1,2000,15-19,45745751.63705453
S1,2000,20-24,42872238.82643044
S1,2000,25-29,41451707.03648895
S1,2000,30-34,36496718.19057381
S1,2000,35-39,34180132.50607133
S1,2000,40-44,25576241.1122365
S1,2000,45-49,22033204.18431753
S1,2000,50-54,16186146.149270833
S1,2000,55-59,13926139.823940396
S1,2000,60-64,13867935.405437827
S1,2000,65-69,10105063.393644392
S1,2000,70-74,7036397.705936372
S1,2000,75+,7248148.579731047
S1,2000,0-8,102374410.61518109
S1,2000,9-14,71234920.52636907
S1,2000,0-17,
S1,2000,18-29,
S1,2000,30-65,
S1,2000,66+,
S1,2000,15-26,
S1,2000,27-45,
S1,2000,46-65,
S1,2001,00-04,
S1,2001,05-09,
S1,2001,10-14,
S1,2001,15-19,46709955.46157938
S1,2001,20-24,43815932.03991556
S1,2001,25-29,42217242.17999059
S1,2001,30-34,37264611.22453433
S1,2001,35-39,34921586.24028897
S1,2001,40-44,26167164.14445579
S1,2001,45-49,22806648.770160973
S1,2001,50-54,16912906.60967958
S1,2001,55-59,14251467.672946751
S1,2001,60-64,14093691.883384585
S1,2001,65-69,10490100.632179797
S1,2001,70-74,7275511.911159277
S1,2001,75+,7517838.754951477
S1,2001,0-8,103008666.47137278
S1,2001,9-14,72020468.48924601
S1,2001,0-17,
S1,2001,18-29,
S1,2001,30-65,
S1,2001,66+,
S1,2001,15-26,
S1,2001,27-45,
S1,2001,46-65,
S1,2002,00-04,
S1,2002,05-09,
S1,2002,10-14,
S1,2002,15-19,47777414.79854804
S1,2002,20-24,44787219.98899391
S1,2002,25-29,43009521.032928586
S1,2002,30-34,38083668.11086428
S1,2002,35-39,35623090.32247579
S1,2002,40-44,26814977.886698663
S1,2002,45-49,23597428.068931162
S1,2002,50-54,17695380.180779994
S1,2002,55-59,14617119.603952646
S1,2002,60-64,14287387.48098874
S1,2002,65-69,10881864.694259882
S1,2002,70-74,7522940.773737371
S1,2002,75+,7798197.422594428
S1,2002,0-8,103701070.08240142
S1,2002,9-14,72582226.45517147
S1,2002,0-17,
S1,2002,18-29,
S1,2002,30-65,
S1,2002,66+,
S1,2002,15-26,
S1,2002,27-45,
S1,2002,46-65,
S1,2003,00-04,
S1,2003,05-09,
S1,2003,10-14,
S1,2003,15-19,48794611.078235745
S1,2003,20-24,45805514.64166704
S1,2003,25-29,43671522.69158578
S1,2003,30-34,38842243.74647331
S1,2003,35-39,36305298.17567003
S1,2003,40-44,27500575.067472935
S1,2003,45-49,24339170.674784124
S1,2003,50-54,18547581.362969577
S1,2003,55-59,14994261.449550927
S1,2003,60-64,14474675.34908551
S1,2003,65-69,11283191.824722707
S1,2003,70-74,7781274.293471694
S1,2003,75+,8089557.990095913
S1,2003,0-8,104249328.37310198
S1,2003,9-14,73126078.15165478
S1,2003,0-17,
S1,2003,18-29,
S1,2003,30-65,
S1,2003,66+,
S1,2003,15-26,
S1,2003,27-45,
S1,2003,46-65,
S1,2004,00-04,
S1,2004,05-09,
S1,2004,10-14,
S1,2004,15-19,49852045.78552565
S1,2004,20-24,46916928.87072405
S1,2004,25-29,44301921.34096247
S1,2004,30-34,39617987.59892964
S1,2004,35-39,37022120.56096053
S1,2004,40-44,28257526.061274946
S1,2004,45-49,25031573.35221696
S1,2004,50-54,19500261.866380155
S1,2004,55-59,15342077.478387713
S1,2004,60-64,14704918.242431402
S1,2004,65-69,11666909.169098496
S1,2004,70-74,8045356.352742851
S1,2004,75+,8392068.468728125
S1,2004,0-8,104649431.23588055
S1,2004,9-14,73556044.91455525
S1,2004,0-17,
S1,2004,18-29,
S1,2004,30-65,
S1,2004,66+,
S1,2004,15-26,
S1,2004,27-45,
S1,2004,46-65,
S1,2005,00-04,
S1,2005,05-09,
S1,2005,10-14,
S1,2005,15-19,50916915.82731745
S1,2005,20-24,48106711.58081192
S1,2005,25-29,45023624.90830457
S1,2005,30-34,40453595.0750466
S1,2005,35-39,37738712.989507675
S1,2005,40-44,29090406.711354494
S1,2005,45-49,25694916.992053926
S1,2005,50-54,20189902.21070957
S1,2005,55-59,16030616.681511164
S1,2005,60-64,15034458.408825517
S1,2005,65-69,11998440.825837612
S1,2005,70-74,8305502.704039633
S1,2005,75+,8706942.659178078
S1,2005,0-8,104899919.06409723
S1,2005,9-14,73946132.86908993
S1,2005,0-17,
S1,2005,18-29,
S1,2005,30-65,
S1,2005,66+,
S1,2005,15-26,
S1,2005,27-45,
S1,2005,46-65,
S1,2006,00-04,
S1,2006,05-09,
S1,2006,10-14,
S1,2006,15-19,51935868.5655449
S1,2006,20-24,49146865.105668545
S1,2006,25-29,45857685.18596339
S1,2006,30-34,41164198.99400139
S1,2006,35-39,38474707.24127072
S1,2006,40-44,29912538.63847947
S1,2006,45-49,26380254.37853378
S1,2006,50-54,20838725.269130588
S1,2006,55-59,16756360.46642673
S1,2006,60-64,15455451.132428885
S1,2006,65-69,12294711.642634213
S1,2006,70-74,8554499.391636074
S1,2006,75+,9033476.117631555
S1,2006,0-8,104901248.5893478
S1,2006,9-14,74345033.63240598
S1,2006,0-17,
S1,2006,18-29,
S1,2006,30-65,
S1,2006,66+,
S1,2006,15-26,
S1,2006,27-45,
S1,2006,46-65,
S1,2007,00-04,
S1,2007,05-09,
S1,2007,10-14,
S1,2007,15-19,52923543.3689599
S1,2007,20-24,50332408.05784935
S1,2007,25-29,46726153.77510035
S1,2007,30-34,41904137.28902906
S1,2007,35-39,39302654.297890365
S1,2007,40-44,30807566.203373134
S1,2007,45-49,27111140.284457922
S1,2007,50-54,21467199.185899436
S1,2007,55-59,17500075.161366463
S1,2007,60-64,15966260.605032742
S1,2007,65-69,12551189.277742922
S1,2007,70-74,8813425.267864406
S1,2007,75+,9373030.267592669
S1,2007,0-8,104724334.91009572
S1,2007,9-14,74733869.00414452
S1,2007,0-17,
S1,2007,18-29,
S1,2007,30-65,
S1,2007,66+,
S1,2007,15-26,
S1,2007,27-45,
S1,2007,46-65,
S1,2008,00-04,
S1,2008,05-09,
S1,2008,10-14,
S1,2008,15-19,53953387.21694735
S1,2008,20-24,51367296.10699862
S1,2008,25-29,47625673.54451108
S1,2008,30-34,42499264.05753279
S1,2008,35-39,40096138.58132368
S1,2008,40-44,31770945.08668959
S1,2008,45-49,27880889.096684515
S1,2008,50-54,22049018.59062016
S1,2008,55-59,18269057.495858908
S1,2008,60-64,16530838.31845504
S1,2008,65-69,12780130.651500821
S1,2008,70-74,9074795.211745024
S1,2008,75+,9728185.22810793
S1,2008,0-8,104360386.4339749
S1,2008,9-14,75078664.74497609
S1,2008,0-17,
S1,2008,18-29,
S1,2008,30-65,
S1,2008,66+,
S1,2008,15-26,
S1,2008,27-45,
S1,2008,46-65,
S1,2009,00-04,
S1,2009,05-09,
S1,2009,10-14,
S1,2009,15-19,54959341.062768996
S1,2009,20-24,52380952.54321921
S1,2009,25-29,48583497.680503905
S1,2009,30-34,43019961.61618465
S1,2009,35-39,40913668.67293799
S1,2009,40-44,32846870.712594926
S1,2009,45-49,28719283.03314048
S1,2009,50-54,22575185.990753055
S1,2009,55-59,19081193.097690165
S1,2009,60-64,17103903.97793889
S1,2009,65-69,13022069.901954293
S1,2009,70-74,9316830.099692702
S1,2009,75+,10103039.948192477
S1,2009,0-8,103913498.82379848
S1,2009,9-14,75426990.25296706
S1,2009,0-17,
S1,2009,18-29,
S1,2009,30-65,
S1,2009,66+,
S1,2009,15-26,
S1,2009,27-45,
S1,2009,46-65,
S1,2010,00-04,
S1,2010,05-09,
S1,2010,10-14,
S1,2010,15-19,56031250.58598766
S1,2010,20-24,53407262.9666813
S1,2010,25-29,49615956.16172892
S1,2010,30-34,43606258.96703887
S1,2010,35-39,41812057.824338555
S1,2010,40-44,34023208.80508137
S1,2010,45-49,29640064.694067955
S1,2010,50-54,23062368.745238066
S1,2010,55-59,19579604.429920435
S1,2010,60-64,18113335.60255462
S1,2010,65-69,13325252.29744792
S1,2010,70-74,9513429.496222496
S1,2010,75+,10500237.670075417
S1,2010,0-8,103473461.90116952
S1,2010,9-14,75746561.91102706
S1,2010,0-17,
S1,2010,18-29,
S1,2010,30-65,
S1,2010,66+,
S1,2010,15-26,
S1,2010,27-45,
S1,2010,46-65,
S1,2011,00-04,
S1,2011,05-09,
S1,2011,10-14,
S1,2011,15-19,57160189.92654106
S1,2011,20-24,54427251.43971112
S1,2011,25-29,50552296.03629416
S1,2011,30-34,44350420.65846425
S1,2011,35-39,42657724.5530712
S1,2011,40-44,35367262.19611114
S1,2011,45-49,30582150.24512124
S1,2011,50-54,23563796.40984863
S1,2011,55-59,19983812.41203022
S1,2011,60-64,19229360.02627492
S1,2011,65-69,13683259.033199668
S1,2011,70-74,9683249.342736125
S1,2011,75+,10919367.456607342
S1,2011,0-8,102794799.8058338
S1,2011,9-14,76143890.63315709
S1,2011,0-17,
S1,2011,18-29,
S1,2011,30-65,
S1,2011,66+,
S1,2011,15-26,
S1,2011,27-45,
S1,2011,46-65,
S1,2012,00-04,
S1,2012,05-09,
S1,2012,10-14,
S1,2012,15-19,57505067.4707081
S1,2012,20-24,54930748.87683067
S1,2012,25-29,51671401.23393291
S1,2012,30-34,45352451.60581809
S1,2012,35-39,43595783.14032477
S1,2012,40-44,36162096.238684654
S1,2012,45-49,31209324.12023598
S1,2012,50-54,24148780.411266923
S1,2012,55-59,20696080.47567469
S1,2012,60-64,20286394.11450398
S1,2012,65-69,14090658.484885693
S1,2012,70-74,9857817.463344097
S1,2012,75+,11344450.802064776
S1,2012,0-8,102156785.36182454
S1,2012,9-14,76687875.63097915
S1,2012,0-17,
S1,2012,18-29,
S1,2012,30-65,
S1,2012,66+,
S1,2012,15-26,
S1,2012,27-45,
S1,2012,46-65,
S1,2013,00-04,
S1,2013,05-09,
S1,2013,10-14,
S1,2013,15-19,57850701.14246565
S1,2013,20-24,55459761.42210853
S1,2013,25-29,52666764.20596093
S1,2013,30-34,46462611.87232119
S1,2013,35-39,44457686.79546356
S1,2013,40-44,36968641.15476996
S1,2013,45-49,31852740.682110667
S1,2013,50-54,24760870.294503152
S1,2013,55-59,21378367.37891072
S1,2013,60-64,21412542.56150222
S1,2013,65-69,14527059.475950837
S1,2013,70-74,10021555.527730703
S1,2013,75+,11805151.71150148
S1,2013,0-8,101545906.04650515
S1,2013,9-14,77121140.23780054
S1,2013,0-17,
S1,2013,18-29,
S1,2013,30-65,
S1,2013,66+,
S1,2013,15-26,
S1,2013,27-45,
S1,2013,46-65,
S1,2014,00-04,
S1,2014,05-09,
S1,2014,10-14,
S1,2014,15-19,58240755.11514908
S1,2014,20-24,55908852.6694375
S1,2014,25-29,53592457.47130597
S1,2014,30-34,47645572.90643543
S1,2014,35-39,45269734.14632058
S1,2014,40-44,37814480.29650527
S1,2014,45-49,32530724.997495532
S1,2014,50-54,25409777.512949884
S1,2014,55-59,22015139.41174233
S1,2014,60-64,22627818.7970829
S1,2014,65-69,14947945.908614278
S1,2014,70-74,10204089.215746522
S1,2014,75+,12282350.829848409
S1,2014,0-8,100941831.71489346
S1,2014,9-14,77364576.00937322
S1,2014,0-17,
S1,2014,18-29,
S1,2014,30-65,
S1,2014,66+,
S1,2014,15-26,
S1,2014,27-45,
S1,2014,46-65,
S1,2015,00-04,
S1,2015,05-09,
S1,2015,10-14,
S1,2015,15-19,58626644.57869974
S1,2015,20-24,56330987.55433726
S1,2015,25-29,54395332.62532693
S1,2015,30-34,48846199.53733969
S1,2015,35-39,46125459.17170596
S1,2015,40-44,38721040.01160711
S1,2015,45-49,33200584.37346661
S1,2015,50-54,26088434.57168299
S1,2015,55-59,22615404.805179596
S1,2015,60-64,23513887.70500505
S1,2015,65-69,15729019.769232273
S1,2015,70-74,10440610.01936543
S1,2015,75+,12750511.546902657
S1,2015,0-8,100077333.03471167
S1,2015,9-14,77459991.8805991
S1,2015,0-17,
S1,2015,18-29,
S1,2015,30-65,
S1,2015,66+,
S1,2015,15-26,
S1,2015,27-45,
S1,2015,46-65,
S1,2016,00-04,
S1,2016,05-09,
S1,2016,10-14,
S1,2016,15-19,59115710.70483047
S1,2016,20-24,56726489.20151657
S1,2016,25-29,55060186.62471372
S1,2016,30-34,49909825.462295115
S1,2016,35-39,47137125.11243516
S1,2016,40-44,39574572.93394834
S1,2016,45-49,33921171.31648809
S1,2016,50-54,26736812.795986414
S1,2016,55-59,23233169.88948989
S1,2016,60-64,24325671.74023187
S1,2016,65-69,16569994.854400873
S1,2016,70-74,10727857.86984706
S1,2016,75+,13216146.837251425
S1,2016,0-8,99478057.72591686
S1,2016,9-14,77164059.67543727
S1,2016,0-17,
S1,2016,18-29,
S1,2016,30-65,
S1,2016,66+,
S1,2016,15-26,
S1,2016,27-45,
S1,2016,46-65,
S1,2017,00-04,
S1,2017,05-09,
S1,2017,10-14,
S1,2017,15-19,59750572.530972034
S1,2017,20-24,57176671.38557169
S1,2017,25-29,55638389.26434678
S1,2017,30-34,51078960.10105884
S1,2017,35-39,48154099.39213431
S1,2017,40-44,40475151.57502073
S1,2017,45-49,34726465.618882716
S1,2017,50-54,27407529.36860919
S1,2017,55-59,23873271.081513286
S1,2017,60-64,25075951.406669736
S1,2017,65-69,17450101.9668653
S1,2017,70-74,11061111.373412013
S1,2017,75+,13685436.253657818
S1,2017,0-8,99140154.08173917
S1,2017,9-14,76566286.98092921
S1,2017,0-17,
S1,2017,18-29,
S1,2017,30-65,
S1,2017,66+,
S1,2017,15-26,
S1,2017,27-45,
S1,2017,46-65,
S1,2018,00-04,
S1,2018,05-09,
S1,2018,10-14,
S1,2018,15-19,60298642.82192749
S1,2018,20-24,57589966.15991771
S1,2018,25-29,56200454.9573372
S1,2018,30-34,52100995.47561818
S1,2018,35-39,49247105.843711495
S1,2018,40-44,41309402.3718192
S1,2018,45-49,35542340.295235455
S1,2018,50-54,28111060.813699782
S1,2018,55-59,24537087.43761456
S1,2018,60-64,25743203.628890276
S1,2018,65-69,18385329.62963605
S1,2018,70-74,11418128.409457088
S1,2018,75+,14162880.162422895
S1,2018,0-8,98641628.80488679
S1,2018,9-14,75870330.07858363
S1,2018,0-17,
S1,2018,18-29,
S1,2018,30-65,
S1,2018,66+,
S1,2018,15-26,
S1,2018,27-45,
S1,2018,46-65,
S1,2019,00-04,
S1,2019,05-09,
S1,2019,10-14,
S1,2019,15-19,60665643.19096637
S1,2019,20-24,58010026.84002614
S1,2019,25-29,56637220.83373928
S1,2019,30-34,53026921.28878647
S1,2019,35-39,50376556.62432778
S1,2019,40-44,42101517.10205704
S1,2019,45-49,36395122.307474196
S1,2019,50-54,28863886.81558162
S1,2019,55-59,25234877.038748622
S1,2019,60-64,26310479.667110205
S1,2019,65-69,19393295.69247198
S1,2019,70-74,11765353.636531353
S1,2019,75+,14654816.798998475
S1,2019,0-8,98280453.38802135
S1,2019,9-14,75240403.24071574
S1,2019,0-17,
S1,2019,18-29,
S1,2019,30-65,
S1,2019,66+,
S1,2019,15-26,
S1,2019,27-45,
S1,2019,46-65,
S1,2020,00-04,
S1,2020,05-09,
S1,2020,10-14,
S1,2020,15-19,60880263.65078795
S1,2020,20-24,58391348.16484374
S1,2020,25-29,57008333.62093365
S1,2020,30-34,53809394.05384946
S1,2020,35-39,51488675.469177306
S1,2020,40-44,42941902.93481845
S1,2020,45-49,37307109.25452334
S1,2020,50-54,29628939.8408764
S1,2020,55-59,25961049.91886282
S1,2020,60-64,26792509.66291809
S1,2020,65-69,20128935.93181956
S1,2020,70-74,12409573.235994935
S1,2020,75+,15167803.49351108
S1,2020,0-8,97736225.3132425
S1,2020,9-14,74663370.59824455
S1,2020,0-17,
S1,2020,18-29,
S1,2020,30-65,
S1,2020,66+,
S1,2020,15-26,
S1,2020,27-45,
S1,2020,46-65,
S1,2021,00-04,
S1,2021,05-09,
S1,2021,10-14,
S1,2021,15-19,60826219.01289481
S1,2021,20-24,58988951.17384103
S1,2021,25-29,57473654.7759248
S1,2021,30-34,54556136.02233738
S1,2021,35-39,52507905.93280053
S1,2021,40-44,43985096.97860253
S1,2021,45-49,38192876.20634508
S1,2021,50-54,30461188.42477703
S1,2021,55-59,26643794.615057945
S1,2021,60-64,27226746.18959236
S1,2021,65-69,20766806.223635435
S1,2021,70-74,13072941.219694138
S1,2021,75+,15613564.819630265
S1,2021,0-8,97082746.13358991
S1,2021,9-14,74187334.56948726
S1,2021,0-17,
S1,2021,18-29,
S1,2021,30-65,
S1,2021,66+,
S1,2021,15-26,
S1,2021,27-45,
S1,2021,46-65,
S1,2022,00-04,
S1,2022,05-09,
S1,2022,10-14,
S1,2022,15-19,60478430.67033923
S1,2022,20-24,59655262.415505946
S1,2022,25-29,57868653.42266601
S1,2022,30-34,55107207.04307377
S1,2022,35-39,53523423.51524693
S1,2022,40-44,44971111.82258552
S1,2022,45-49,39051021.594503105
S1,2022,50-54,31293329.90513277
S1,2022,55-59,27222654.085129738
S1,2022,60-64,27465028.604561687
S1,2022,65-69,21126701.04409635
S1,2022,70-74,13540972.668703675
S1,2022,75+,15659464.631622076
S1,2022,0-8,96426936.99416576
S1,2022,9-14,73806720.90663
S1,2022,0-17,
S1,2022,18-29,
S1,2022,30-65,
S1,2022,66+,
S1,2022,15-26,
S1,2022,27-45,
S1,2022,46-65,
S1,2023,00-04,
S1,2023,05-09,
S1,2023,10-14,
S1,2023,15-19,59993679.11998862
S1,2023,20-24,60157654.15878105
S1,2023,25-29,58173735.333180726
S1,2023,30-34,55623015.068269014
S1,2023,35-39,54374546.680157006
S1,2023,40-44,46077811.27380502
S1,2023,45-49,39911033.86315191
S1,2023,50-54,32261659.600250006
S1,2023,55-59,27985332.02401519
S1,2023,60-64,27935222.235837102
S1,2023,65-69,21725816.08578372
S1,2023,70-74,14338556.3929137
S1,2023,75+,16265632.92711699
S1,2023,0-8,95842005.88919865
S1,2023,9-14,73405904.5265326
S1,2023,0-17,
S1,2023,18-29,
S1,2023,30-65,
S1,2023,66+,
S1,2023,15-26,
S1,2023,27-45,
S1,2023,46-65,
S1,2024,00-04,
S1,2024,05-09,
S1,2024,10-14,
S1,2024,15-19,59637254.98999375
S1,2024,20-24,60534768.78545523
S1,2024,25-29,58543644.701176226
S1,2024,30-34,56063737.459147036
S1,2024,35-39,55146024.25517988
S1,2024,40-44,47258630.87602621
S1,2024,45-49,40748320.63618624
S1,2024,50-54,33290599.56450236
S1,2024,55-59,28801677.804031968
S1,2024,60-64,28416221.43818283
S1,2024,65-69,22255907.316226244
S1,2024,70-74,15206236.306293488
S1,2024,75+,16872708.64583826
S1,2024,0-8,95403922.90127979
S1,2024,9-14,72893096.78348006
S1,2024,0-17,
S1,2024,18-29,
S1,2024,30-65,
S1,2024,66+,
S1,2024,15-26,
S1,2024,27-45,
S1,2024,46-65,
S1,2025,00-04,
S1,2025,05-09,
S1,2025,10-14,
S1,2025,15-19,59401635.788928986
S1,2025,20-24,60739026.10422668
S1,2025,25-29,58959778.71671903
S1,2025,30-34,56527670.99509072
S1,2025,35-39,55811873.42445892
S1,2025,40-44,48478584.43633604
S1,2025,45-49,41653868.71393478
S1,2025,50-54,34378467.491250396
S1,2025,55-59,29658381.545286775
S1,2025,60-64,28937792.575055003
S1,2025,65-69,22742030.0026623
S1,2025,70-74,15897741.2905761
S1,2025,75+,17784551.43982458
S1,2025,0-8,95324477.6334523
S1,2025,9-14,71904328.40224192
S1,2025,0-17,
S1,2025,18-29,
S1,2025,30-65,
S1,2025,66+,
S1,2025,15-26,
S1,2025,27-45,
S1,2025,46-65,
S1,2026,00-04,
S1,2026,05-09,
S1,2026,10-14,
S1,2026,15-19,59235261.14929801
S1,2026,20-24,60611073.91477743
S1,2026,25-29,59493800.49485117
S1,2026,30-34,57005540.66338998
S1,2026,35-39,56369652.37977666
S1,2026,40-44,49586460.39381176
S1,2026,45-49,42745552.30101073
S1,2026,50-54,35441270.76170623
S1,2026,55-59,30575745.50410974
S1,2026,60-64,29411866.37198162
S1,2026,65-69,23232822.79343927
S1,2026,70-74,16558993.251253128
S1,2026,75+,18772250.362083435
S1,2026,0-8,95192213.8452678
S1,2026,9-14,71058611.24915695
S1,2026,0-17,
S1,2026,18-29,
S1,2026,30-65,
S1,2026,66+,
S1,2026,15-26,
S1,2026,27-45,
S1,2026,46-65,
S1,2027,00-04,
S1,2027,05-09,
S1,2027,10-14,
S1,2027,15-19,59154053.72803503
S1,2027,20-24,60207904.12459785
S1,2027,25-29,60106248.52209842
S1,2027,30-34,57458565.11750966
S1,2027,35-39,56763453.96576214
S1,2027,40-44,50745427.91744816
S1,2027,45-49,43834728.51881105
S1,2027,50-54,36539879.20397258
S1,2027,55-59,31560300.654577494
S1,2027,60-64,29885160.881698012
S1,2027,65-69,23726106.374145865
S1,2027,70-74,17194236.258229733
S1,2027,75+,19824367.955207944
S1,2027,0-8,94991867.51138175
S1,2027,9-14,70324339.99937499
S1,2027,0-17,
S1,2027,18-29,
S1,2027,30-65,
S1,2027,66+,
S1,2027,15-26,
S1,2027,27-45,
S1,2027,46-65,
S1,2028,00-04,
S1,2028,05-09,
S1,2028,10-14,
S1,2028,15-19,59111731.80213609
S1,2028,20-24,59733804.236589015
S1,2028,25-29,60625816.46288115
S1,2028,30-34,57899528.108423054
S1,2028,35-39,57167786.96522099
S1,2028,40-44,51771710.11937213
S1,2028,45-49,45026595.90608013
S1,2028,50-54,37597487.48902547
S1,2028,55-59,32555797.69288063
S1,2028,60-64,30380635.002277613
S1,2028,65-69,24232520.801044106
S1,2028,70-74,17794391.816499233
S1,2028,75+,20946375.11657226
S1,2028,0-8,95032360.6822326
S1,2028,9-14,69378231.65600096
S1,2028,0-17,
S1,2028,18-29,
S1,2028,30-65,
S1,2028,66+,
S1,2028,15-26,
S1,2028,27-45,
S1,2028,46-65,
S1,2029,00-04,
S1,2029,05-09,
S1,2029,10-14,
S1,2029,15-19,58917403.24253848
S1,2029,20-24,59369211.97192308
S1,2029,25-29,60951369.84411055
S1,2029,30-34,58368939.37302673
S1,2029,35-39,57475183.57744646
S1,2029,40-44,52718566.65923107
S1,2029,45-49,46283403.87919104
S1,2029,50-54,38635534.52797902
S1,2029,55-59,33582478.669865966
S1,2029,60-64,30912394.651694298
S1,2029,65-69,24762101.657395363
S1,2029,70-74,18346163.79648125
S1,2029,75+,22130070.577626586
S1,2029,0-8,94927156.60717997
S1,2029,9-14,68697701.40425727
S1,2029,0-17,
S1,2029,18-29,
S1,2029,30-65,
S1,2029,66+,
S1,2029,15-26,
S1,2029,27-45,
S1,2029,46-65,
S1,2030,00-04,
S1,2030,05-09,
S1,2030,10-14,
S1,2030,15-19,58260751.218584865
S1,2030,20-24,59143791.01785204
S1,2030,25-29,61116463.24001986
S1,2030,30-34,58821337.46086931
S1,2030,35-39,57756242.21903759
S1,2030,40-44,53545096.68922961
S1,2030,45-49,47557083.34943932
S1,2030,50-54,39737771.75934982
S1,2030,55-59,34660005.698904514
S1,2030,60-64,31437704.404420376
S1,2030,65-69,25313044.03310728
S1,2030,70-74,18861843.51723373
S1,2030,75+,23374615.58535683
S1,2030,0-8,94932057.26202156
S1,2030,9-14,68270097.4071121
S1,2030,0-17,
S1,2030,18-29,
S1,2030,30-65,
S1,2030,66+,
S1,2030,15-26,
S1,2030,27-45,
S1,2030,46-65,
S1,2031,00-04,
S1,2031,05-09,
S1,2031,10-14,
S1,2031,15-19,57775015.078841776
S1,2031,20-24,58974836.444983244
S1,2031,25-29,60930462.29863709
S1,2031,30-34,59377117.592463374
S1,2031,35-39,58047415.25796378
S1,2031,40-44,54268348.5374732
S1,2031,45-49,48717252.04499525
S1,2031,50-54,41013647.53807533
S1,2031,55-59,35694640.881864905
S1,2031,60-64,32014122.503013015
S1,2031,65-69,25832543.349204183
S1,2031,70-74,19389695.50479245
S1,2031,75+,24657850.49350667
S1,2031,0-8,95134459.17647061
S1,2031,9-14,67520870.86000055
S1,2031,0-17,
S1,2031,18-29,
S1,2031,30-65,
S1,2031,66+,
S1,2031,15-26,
S1,2031,27-45,
S1,2031,46-65,
S1,2032,00-04,
S1,2032,05-09,
S1,2032,10-14,
S1,2032,15-19,57398816.39476541
S1,2032,20-24,58883379.23396638
S1,2032,25-29,60460506.00935936
S1,2032,30-34,60003986.40615225
S1,2032,35-39,58316634.29980779
S1,2032,40-44,54834709.796430945
S1,2032,45-49,49924976.78882527
S1,2032,50-54,42281917.195227265
S1,2032,55-59,36749405.934244275
S1,2032,60-64,32652907.210463643
S1,2032,65-69,26362085.578859687
S1,2032,70-74,19927137.61644554
S1,2032,75+,25970647.330108404
S1,2032,0-8,95318499.57610656
S1,2032,9-14,66657649.993212864
S1,2032,0-17,
S1,2032,18-29,
S1,2032,30-65,
S1,2032,66+,
S1,2032,15-26,
S1,2032,27-45,
S1,2032,46-65,
S1,2033,00-04,
S1,2033,05-09,
S1,2033,10-14,
S1,2033,15-19,56770624.942148596
S1,2033,20-24,58824913.77742016
S1,2033,25-29,59916799.131867826
S1,2033,30-34,60533064.06887323
S1,2033,35-39,58580913.42412937
S1,2033,40-44,55410311.24635726
S1,2033,45-49,50998670.25763202
S1,2033,50-54,43640267.54437947
S1,2033,55-59,37745886.93647158
S1,2033,60-64,33299901.349262357
S1,2033,65-69,26922275.813257456
S1,2033,70-74,20482591.688046694
S1,2033,75+,27309224.914927006
S1,2033,0-8,95389830.76474725
S1,2033,9-14,66133532.904817864
S1,2033,0-17,
S1,2033,18-29,
S1,2033,30-65,
S1,2033,66+,
S1,2033,15-26,
S1,2033,27-45,
S1,2033,46-65,
S1,2034,00-04,
S1,2034,05-09,
S1,2034,10-14,
S1,2034,15-19,56388287.78111175
S1,2034,20-24,58607243.15489963
S1,2034,25-29,59481706.39745605
S1,2034,30-34,60863647.15546626
S1,2034,35-39,58883810.16701335
S1,2034,40-44,55889125.38736653
S1,2034,45-49,51989959.51827282
S1,2034,50-54,45049736.64329076
S1,2034,55-59,38706859.67386544
S1,2034,60-64,33981833.58427465
S1,2034,65-69,27525523.558324814
S1,2034,70-74,21063479.021501184
S1,2034,75+,28656388.83746171
S1,2034,0-8,95384116.07499412
S1,2034,9-14,65500850.87699863
S1,2034,0-17,
S1,2034,18-29,
S1,2034,30-65,
S1,2034,66+,
S1,2034,15-26,
S1,2034,27-45,
S1,2034,46-65,
S1,2035,00-04,
S1,2035,05-09,
S1,2035,10-14,
S1,2035,15-19,56196332.627013355
S1,2035,20-24,57920280.27609056
S1,2035,25-29,59185988.60086954
S1,2035,30-34,61029166.66891253
S1,2035,35-39,59181633.65425539
S1,2035,40-44,56337279.12072271
S1,2035,45-49,52857619.64919907
S1,2035,50-54,46460549.30610764
S1,2035,55-59,39716693.67338705
S1,2035,60-64,34722255.65371263
S1,2035,65-69,28131828.016035557
S1,2035,70-74,21666357.609443188
S1,2035,75+,30013517.987191916
S1,2035,0-8,95270098.0578294
S1,2035,9-14,65088990.34630562
S1,2035,0-17,
S1,2035,18-29,
S1,2035,30-65,
S1,2035,66+,
S1,2035,15-26,
S1,2035,27-45,
S1,2035,46-65,
S1,2036,00-04,
S1,2036,05-09,
S1,2036,10-14,
S1,2036,15-19,55657248.66298887
S1,2036,20-24,57401722.60322413
S1,2036,25-29,58949901.622621715
S1,2036,30-34,60842916.2990523
S1,2036,35-39,59599740.832239985
S1,2036,40-44,56789505.28453511
S1,2036,45-49,53617969.23436886
S1,2036,50-54,47741553.78330648
S1,2036,55-59,40884151.58700156
S1,2036,60-64,35432517.84900355
S1,2036,65-69,28791709.190878987
S1,2036,70-74,22244895.68991244
S1,2036,75+,31399499.48334098
S1,2036,0-8,95061764.94707088
S1,2036,9-14,64940714.249200836
S1,2036,0-17,
S1,2036,18-29,
S1,2036,30-65,
S1,2036,66+,
S1,2036,15-26,
S1,2036,27-45,
S1,2036,46-65,
S1,2037,00-04,
S1,2037,05-09,
S1,2037,10-14,
S1,2037,15-19,54989685.21963072
S1,2037,20-24,56989991.84511
S1,2037,25-29,58794147.0624339
S1,2037,30-34,60370821.15013605
S1,2037,35-39,60106166.573726594
S1,2037,40-44,57212070.66010666
S1,2037,45-49,54217283.709245145
S1,2037,50-54,49046236.000825286
S1,2037,55-59,42028536.582600236
S1,2037,60-64,36183865.67180371
S1,2037,65-69,29516621.73894632
S1,2037,70-74,22834756.470882773
S1,2037,75+,32805962.053315282
S1,2037,0-8,94754454.7529375
S1,2037,9-14,64836627.544127226
S1,2037,0-17,
S1,2037,18-29,
S1,2037,30-65,
S1,2037,66+,
S1,2037,15-26,
S1,2037,27-45,
S1,2037,46-65,
S1,2038,00-04,
S1,2038,05-09,
S1,2038,10-14,
S1,2038,15-19,54623127.50539446
S1,2038,20-24,56320296.44666591
S1,2038,25-29,58670839.35981828
S1,2038,30-34,59819626.43235928
S1,2038,35-39,60531345.78379029
S1,2038,40-44,57618093.91863221
S1,2038,45-49,54817350.39405531
S1,2038,50-54,50190799.26696813
S1,2038,55-59,43245472.49889195
S1,2038,60-64,36902743.96030676
S1,2038,65-69,30255503.218038917
S1,2038,70-74,23451732.40878153
S1,2038,75+,34232140.504457116
S1,2038,0-8,94350906.23848093
S1,2038,9-14,64700680.25211647
S1,2038,0-17,
S1,2038,18-29,
S1,2038,30-65,
S1,2038,66+,
S1,2038,15-26,
S1,2038,27-45,
S1,2038,46-65,
S1,2039,00-04,
S1,2039,05-09,
S1,2039,10-14,
S1,2039,15-19,54141916.41873059
S1,2039,20-24,55894026.43453893
S1,2039,25-29,58391074.60128006
S1,2039,30-34,59374152.52131158
S1,2039,35-39,60778833.68576145
S1,2039,40-44,58049911.6360957
S1,2039,45-49,55313928.32813394
S1,2039,50-54,51223816.806556106
S1,2039,55-59,44498119.61199796
S1,2039,60-64,37620338.06729424
S1,2039,65-69,31033452.468786597
S1,2039,70-74,24106854.3586452
S1,2039,75+,35672004.07003987
S1,2039,0-8,93850119.57352003
S1,2039,9-14,64534400.62300134
S1,2039,0-17,
S1,2039,18-29,
S1,2039,30-65,
S1,2039,66+,
S1,2039,15-26,
S1,2039,27-45,
S1,2039,46-65,
S1,2040,00-04,
S1,2040,05-09,
S1,2040,10-14,
S1,2040,15-19,53852976.23476428
S1,2040,20-24,55656407.66152865
S1,2040,25-29,57646687.61805087
S1,2040,30-34,59065414.74963808
S1,2040,35-39,60884132.71537411
S1,2040,40-44,58463072.03432393
S1,2040,45-49,55772159.77853441
S1,2040,50-54,52102155.13168323
S1,2040,55-59,45739080.58298385
S1,2040,60-64,38424794.3388381
S1,2040,65-69,31870109.67774403
S1,2040,70-74,24763177.412401557
S1,2040,75+,37124399.191173434
S1,2040,0-8,93252549.44371262
S1,2040,9-14,64337187.76114753
S1,2040,0-17,
S1,2040,18-29,
S1,2040,30-65,
S1,2040,66+,
S1,2040,15-26,
S1,2040,27-45,
S1,2040,46-65,
S1,2041,00-04,
S1,2041,05-09,
S1,2041,10-14,
S1,2041,15-19,53791367.0
S1,2041,20-24,55069566.0
S1,2041,25-29,57075456.0
S1,2041,30-34,58813062.0
S1,2041,35-39,60662089.0
S1,2041,40-44,58979694.0
S1,2041,45-49,56225788.0
S1,2041,50-54,52839400.0
S1,2041,55-59,46841440.0
S1,2041,60-64,39425518.0
S1,2041,65-69,32683095.0
S1,2041,70-74,25464498.0
S1,2041,75+,38569027.0
S1,2041,0-8,92570965.65466216
S1,2041,9-14,64140823.34533784
S1,2041,0-17,
S1,2041,18-29,
S1,2041,30-65,
S1,2041,66+,
S1,2041,15-26,
S1,2041,27-45,
S1,2041,46-65,
S1,2042,00-04,
S1,2042,05-09,
S1,2042,10-14,
S1,2042,15-19,53761945.0
S1,2042,20-24,54360250.0
S1,2042,25-29,56620052.0
S1,2042,30-34,58641920.0
S1,2042,35-39,60170344.0
S1,2042,40-44,59568263.0
S1,2042,45-49,56646369.0
S1,2042,50-54,53404038.0
S1,2042,55-59,47975371.0
S1,2042,60-64,40436934.0
S1,2042,65-69,33528516.0
S1,2042,70-74,26218092.0
S1,2042,75+,40032132.0
S1,2042,0-8,91831489.00154151
S1,2042,9-14,63908739.99845849
S1,2042,0-17,
S1,2042,18-29,
S1,2042,30-65,
S1,2042,66+,
S1,2042,15-26,
S1,2042,27-45,
S1,2042,46-65,
S1,2043,00-04,
S1,2043,05-09,
S1,2043,10-14,
S1,2043,15-19,53698736.0
S1,2043,20-24,53962027.0
S1,2043,25-29,55919313.0
S1,2043,30-34,58508984.0
S1,2043,35-39,59606843.0
S1,2043,40-44,60061131.0
S1,2043,45-49,57052561.0
S1,2043,50-54,53977525.0
S1,2043,55-59,48981640.0
S1,2043,60-64,41539365.0
S1,2043,65-69,34325772.0
S1,2043,70-74,26976312.0
S1,2043,75+,41538319.99999988
S1,2043,0-8,91069043.08781096
S1,2043,9-14,63630469.91218904
S1,2043,0-17,
S1,2043,18-29,
S1,2043,30-65,
S1,2043,66+,
S1,2043,15-26,
S1,2043,27-45,
S1,2043,46-65,
S1,2044,00-04,
S1,2044,05-09,
S1,2044,10-14,
S1,2044,15-19,53599048.0
S1,2044,20-24,53457803.0
S1,2044,25-29,55470760.0
S1,2044,30-34,58223807.0
S1,2044,35-39,59154114.0
S1,2044,40-44,60360057.0
S1,2044,45-49,57485524.0
S1,2044,50-54,54457477.0
S1,2044,55-59,49912681.0
S1,2044,60-64,42699980.0
S1,2044,65-69,35101546.0
S1,2044,70-74,27759595.0
S1,2044,75+,43090969.99999988
S1,2044,0-8,90283718.17750631
S1,2044,9-14,63321300.82249369
S1,2044,0-17,
S1,2044,18-29,
S1,2044,30-65,
S1,2044,66+,
S1,2044,15-26,
S1,2044,27-45,
S1,2044,46-65,
S1,2045,00-04,
S1,2045,05-09,
S1,2045,10-14,
S1,2045,15-19,53464514.0
S1,2045,20-24,53156292.0
S1,2045,25-29,55221600.0
S1,2045,30-34,57480529.0
S1,2045,35-39,58843659.0
S1,2045,40-44,60499602.0
S1,2045,45-49,57901772.0
S1,2045,50-54,54909124.0
S1,2045,55-59,50730959.0
S1,2045,60-64,43877411.0
S1,2045,65-69,35936794.0
S1,2045,70-74,28582874.0
S1,2045,75+,44658505.0
S1,2045,0-8,89487166.08900297
S1,2045,9-14,62973804.91099703
S1,2045,0-17,
S1,2045,18-29,
S1,2045,30-65,
S1,2045,66+,
S1,2045,15-26,
S1,2045,27-45,
S1,2045,46-65,
S1,2046,00-04,
S1,2046,05-09,
S1,2046,10-14,
S1,2046,15-19,53326186.0
S1,2046,20-24,53092187.0
S1,2046,25-29,54636234.0
S1,2046,30-34,56915451.0
S1,2046,35-39,58595847.0
S1,2046,40-44,60295611.0
S1,2046,45-49,58422542.0
S1,2046,50-54,55365697.0
S1,2046,55-59,51451831.0
S1,2046,60-64,44952479.0
S1,2046,65-69,36930683.0
S1,2046,70-74,29369520.0
S1,2046,75+,46261336.99999988
S1,2046,0-8,88672314.01399827
S1,2046,9-14,62584350.98600173
S1,2046,0-17,
S1,2046,18-29,
S1,2046,30-65,
S1,2046,66+,
S1,2046,15-26,
S1,2046,27-45,
S1,2046,46-65,
S1,2047,00-04,
S1,2047,05-09,
S1,2047,10-14,
S1,2047,15-19,53151744.0
S1,2047,20-24,53063313.0
S1,2047,25-29,53931356.0
S1,2047,30-34,56465421.0
S1,2047,35-39,58430032.0
S1,2047,40-44,59813298.0
S1,2047,45-49,59014944.0
S1,2047,50-54,55794394.0
S1,2047,55-59,52026357.0
S1,2047,60-64,46074931.0
S1,2047,65-69,37922985.0
S1,2047,70-74,30180936.0
S1,2047,75+,47930553.00000012
S1,2047,0-8,87860750.78691785
S1,2047,9-14,62162171.21308215
S1,2047,0-17,
S1,2047,18-29,
S1,2047,30-65,
S1,2047,66+,
S1,2047,15-26,
S1,2047,27-45,
S1,2047,46-65,
S1,2048,00-04,
S1,2048,05-09,
S1,2048,10-14,
S1,2048,15-19,52936753.0
S1,2048,20-24,53000911.0
S1,2048,25-29,53536693.0
S1,2048,30-34,55770931.0
S1,2048,35-39,58302185.0
S1,2048,40-44,59259682.0
S1,2048,45-49,59512322.0
S1,2048,50-54,56208853.0
S1,2048,55-59,52609073.0
S1,2048,60-64,47074374.0
S1,2048,65-69,39000197.0
S1,2048,70-74,30949022.0
S1,2048,75+,49639275.99999988
S1,2048,0-8,87055594.3625956
S1,2048,9-14,61716605.6374044
S1,2048,0-17,
S1,2048,18-29,
S1,2048,30-65,
S1,2048,66+,
S1,2048,15-26,
S1,2048,27-45,
S1,2048,46-65,
S1,2049,00-04,
S1,2049,05-09,
S1,2049,10-14,
S1,2049,15-19,52698291.0
S1,2049,20-24,52902080.0
S1,2049,25-29,53037050.0
S1,2049,30-34,55328957.0
S1,2049,35-39,58023664.0
S1,2049,40-44,58816736.0
S1,2049,45-49,59817679.0
S1,2049,50-54,56649877.0
S1,2049,55-59,53100903.0
S1,2049,60-64,48002321.0
S1,2049,65-69,40132757.0
S1,2049,70-74,31700154.0
S1,2049,75+,51410764.0
S1,2049,0-8,86274567.2924727
S1,2049,9-14,61233337.707527295
S1,2049,0-17,
S1,2049,18-29,
S1,2049,30-65,
S1,2049,66+,
S1,2049,15-26,
S1,2049,27-45,
S1,2049,46-65,
S1,2050,00-04,
S1,2050,05-09,
S1,2050,10-14,
S1,2050,15-19,52427668.0
S1,2050,20-24,52767834.0
S1,2050,25-29,52737856.0
S1,2050,30-34,55083778.0
S1,2050,35-39,57287802.0
S1,2050,40-44,58514546.0
S1,2050,45-49,59964527.0
S1,2050,50-54,57074280.0
S1,2050,55-59,53565301.0
S1,2050,60-64,48822511.0
S1,2050,65-69,41282676.0
S1,2050,70-74,32507882.0
S1,2050,75+,53227964.0
S1,2050,0-8,85524277.91817081
S1,2050,9-14,60720649.08182919
S1,2050,0-17,
S1,2050,18-29,
S1,2050,30-65,
S1,2050,66+,
S1,2050,15-26,
S1,2050,27-45,
S1,2050,46-65,
S1,2051,00-04,
S1,2051,05-09,
S1,2051,10-14,
S1,2051,15-19,52118853.0
S1,2051,20-24,52631093.0
S1,2051,25-29,52676221.0
S1,2051,30-34,54503595.0
S1,2051,35-39,56729371.0
S1,2051,40-44,58274408.0
S1,2051,45-49,59771008.0
S1,2051,50-54,57602098.0
S1,2051,55-59,54034457.0
S1,2051,60-64,49549095.0
S1,2051,65-69,42338059.0
S1,2051,70-74,33461386.0
S1,2051,75+,55043322.0
S1,2051,0-8,84794622.40085761
S1,2051,9-14,60197331.59914239
S1,2051,0-17,
S1,2051,18-29,
S1,2051,30-65,
S1,2051,66+,
S1,2051,15-26,
S1,2051,27-45,
S1,2051,46-65,
S1,2052,00-04,
S1,2052,05-09,
S1,2052,10-14,
S1,2052,15-19,51781850.0
S1,2052,20-24,52458149.0
S1,2052,25-29,52649954.0
S1,2052,30-34,53804773.0
S1,2052,35-39,56285857.0
S1,2052,40-44,58115748.0
S1,2052,45-49,59301830.0
S1,2052,50-54,58200705.0
S1,2052,55-59,54476502.0
S1,2052,60-64,50135904.0
S1,2052,65-69,43439857.0
S1,2052,70-74,34416018.0
S1,2052,75+,56939293.00000012
S1,2052,0-8,84102447.58918108
S1,2052,9-14,59658262.41081892
S1,2052,0-17,
S1,2052,18-29,
S1,2052,30-65,
S1,2052,66+,
S1,2052,15-26,
S1,2052,27-45,
S1,2052,46-65,
S1,2053,00-04,
S1,2053,05-09,
S1,2053,10-14,
S1,2053,15-19,51424561.0
S1,2053,20-24,52245697.0
S1,2053,25-29,52591355.0
S1,2053,30-34,53415712.0
S1,2053,35-39,55599159.0
S1,2053,40-44,57994903.0
S1,2053,45-49,58762072.0
S1,2053,50-54,58705294.0
S1,2053,55-59,54904788.0
S1,2053,60-64,50730587.0
S1,2053,65-69,44425529.0
S1,2053,70-74,35448029.0
S1,2053,75+,58832920.0
S1,2053,0-8,83443794.95760706
S1,2053,9-14,59112286.04239294
S1,2053,0-17,
S1,2053,18-29,
S1,2053,30-65,
S1,2053,66+,
S1,2053,15-26,
S1,2053,27-45,
S1,2053,46-65,
S1,2054,00-04,
S1,2054,05-09,
S1,2054,10-14,
S1,2054,15-19,51031743.0
S1,2054,20-24,52011441.0
S1,2054,25-29,52498906.0
S1,2054,30-34,52924233.0
S1,2054,35-39,55165355.0
S1,2054,40-44,57724981.0
S1,2054,45-49,58332493.0
S1,2054,50-54,59020196.0
S1,2054,55-59,55359063.0
S1,2054,60-64,51237887.0
S1,2054,65-69,45344754.0
S1,2054,70-74,36531253.0
S1,2054,75+,60764671.0
S1,2054,0-8,82820533.66242053
S1,2054,9-14,58576890.337579474
S1,2054,0-17,
S1,2054,18-29,
S1,2054,30-65,
S1,2054,66+,
S1,2054,15-26,
S1,2054,27-45,
S1,2054,46-65,
S1,2055,00-04,
S1,2055,05-09,
S1,2055,10-14,
S1,2055,15-19,50609238.0
S1,2055,20-24,51742794.0
S1,2055,25-29,52368643.0
S1,2055,30-34,52630957.0
S1,2055,35-39,54926205.0
S1,2055,40-44,56999335.0
S1,2055,45-49,58041891.0
S1,2055,50-54,59177670.0
S1,2055,55-59,55796502.0
S1,2055,60-64,51718448.0
S1,2055,65-69,46162949.0
S1,2055,70-74,37632204.0
S1,2055,75+,62785839.00000012
S1,2055,0-8,82208903.58160011
S1,2055,9-14,58053594.418399885
S1,2055,0-17,
S1,2055,18-29,
S1,2055,30-65,
S1,2055,66+,
S1,2055,15-26,
S1,2055,27-45,
S1,2055,46-65,
S1,2056,00-04,
S1,2056,05-09,
S1,2056,10-14,
S1,2056,15-19,50179513.0
S1,2056,20-24,51436557.0
S1,2056,25-29,52235691.0
S1,2056,30-34,52573619.0
S1,2056,35-39,54352705.0
S1,2056,40-44,56449759.0
S1,2056,45-49,57812099.0
S1,2056,50-54,58998946.0
S1,2056,55-59,56335277.0
S1,2056,60-64,52203398.0
S1,2056,65-69,46892818.0
S1,2056,70-74,38649711.0
S1,2056,75+,64935391.0
S1,2056,0-8,81640109.41513473
S1,2056,9-14,57519184.58486527
S1,2056,0-17,
S1,2056,18-29,
S1,2056,30-65,
S1,2056,66+,
S1,2056,15-26,
S1,2056,27-45,
S1,2056,46-65,
S1,2057,00-04,
S1,2057,05-09,
S1,2057,10-14,
S1,2057,15-19,49732121.0
S1,2057,20-24,51100009.0
S1,2057,25-29,52064268.0
S1,2057,30-34,52550166.0
S1,2057,35-39,53660278.0
S1,2057,40-44,56013959.0
S1,2057,45-49,57662339.0
S1,2057,50-54,58547937.0
S1,2057,55-59,56942991.0
S1,2057,60-64,52661913.0
S1,2057,65-69,47492179.0
S1,2057,70-74,39712137.0
S1,2057,75+,67155783.99999988
S1,2057,0-8,81107993.44136186
S1,2057,9-14,57004002.55863814
S1,2057,0-17,
S1,2057,18-29,
S1,2057,30-65,
S1,2057,66+,
S1,2057,15-26,
S1,2057,27-45,
S1,2057,46-65,
S1,2058,00-04,
S1,2058,05-09,
S1,2058,10-14,
S1,2058,15-19,49277502.0
S1,2058,20-24,50744862.0
S1,2058,25-29,51854655.0
S1,2058,30-34,52494839.0
S1,2058,35-39,53276425.0
S1,2058,40-44,55336146.0
S1,2058,45-49,57549854.0
S1,2058,50-54,58027185.0
S1,2058,55-59,57457944.0
S1,2058,60-64,53107199.0
S1,2058,65-69,48098886.0
S1,2058,70-74,40668341.0
S1,2058,75+,69439387.00000012
S1,2058,0-8,80613883.783706
S1,2058,9-14,56504950.216294006
S1,2058,0-17,
S1,2058,18-29,
S1,2058,30-65,
S1,2058,66+,
S1,2058,15-26,
S1,2058,27-45,
S1,2058,46-65,
S1,2059,00-04,
S1,2059,05-09,
S1,2059,10-14,
S1,2059,15-19,48830111.0
S1,2059,20-24,50353465.0
S1,2059,25-29,51621651.0
S1,2059,30-34,52403798.0
S1,2059,35-39,52789260.0
S1,2059,40-44,54909019.0
S1,2059,45-49,57288640.0
S1,2059,50-54,57614719.0
S1,2059,55-59,57785990.0
S1,2059,60-64,53577289.0
S1,2059,65-69,48623133.0
S1,2059,70-74,41565669.0
S1,2059,75+,71803172.99999988
S1,2059,0-8,80133964.67379853
S1,2059,9-14,56025989.32620147
S1,2059,0-17,
S1,2059,18-29,
S1,2059,30-65,
S1,2059,66+,
S1,2059,15-26,
S1,2059,27-45,
S1,2059,46-65,
S1,2060,00-04,
S1,2060,05-09,
S1,2060,10-14,
S1,2060,15-19,48392078.0
S1,2060,20-24,49934500.0
S1,2060,25-29,51357742.0
S1,2060,30-34,52278280.0
S1,2060,35-39,52501644.0
S1,2060,40-44,54676361.0
S1,2060,45-49,56575789.0
S1,2060,50-54,57340318.0
S1,2060,55-59,57959897.0
S1,2060,60-64,54031673.0
S1,2060,65-69,49123185.0
S1,2060,70-74,42372838.0
S1,2060,75+,74258585.99999988
S1,2060,0-8,79662119.23324274
S1,2060,9-14,55568900.766757265
S1,2060,0-17,
S1,2060,18-29,
S1,2060,30-65,
S1,2060,66+,
S1,2060,15-26,
S1,2060,27-45,
S1,2060,46-65,
S1,2061,00-04,
S1,2061,05-09,
S1,2061,10-14,
S1,2061,15-19,47938483.0
S1,2061,20-24,49507084.0
S1,2061,25-29,51054341.0
S1,2061,30-34,52148055.0
S1,2061,35-39,52447533.0
S1,2061,40-44,54110059.0
S1,2061,45-49,56037158.0
S1,2061,50-54,57124884.0
S1,2061,55-59,57804050.0
S1,2061,60-64,54584388.0
S1,2061,65-69,49626985.0
S1,2061,70-74,43098860.0
S1,2061,75+,76748338.00000012
S1,2061,0-8,79195111.51264125
S1,2061,9-14,55146483.48735875
S1,2061,0-17,
S1,2061,18-29,
S1,2061,30-65,
S1,2061,66+,
S1,2061,15-26,
S1,2061,27-45,
S1,2061,46-65,
S1,2062,00-04,
S1,2062,05-09,
S1,2062,10-14,
S1,2062,15-19,47499905.0
S1,2062,20-24,49061148.0
S1,2062,25-29,50720722.0
S1,2062,30-34,51980615.0
S1,2062,35-39,52428054.0
S1,2062,40-44,53426098.0
S1,2062,45-49,55611917.0
S1,2062,50-54,56988210.0
S1,2062,55-59,57381790.0
S1,2062,60-64,55204160.0
S1,2062,65-69,50105959.0
S1,2062,70-74,43707780.0
S1,2062,75+,79334254.99999988
S1,2062,0-8,78713545.86786474
S1,2062,9-14,54751384.13213526
S1,2062,0-17,
S1,2062,18-29,
S1,2062,30-65,
S1,2062,66+,
S1,2062,15-26,
S1,2062,27-45,
S1,2062,46-65,
S1,2063,00-04,
S1,2063,05-09,
S1,2063,10-14,
S1,2063,15-19,47073224.0
S1,2063,20-24,48607507.0
S1,2063,25-29,50366737.0
S1,2063,30-34,51772890.0
S1,2063,35-39,52375274.0
S1,2063,40-44,53047977.0
S1,2063,45-49,54945433.0
S1,2063,50-54,56887390.0
S1,2063,55-59,56890563.0
S1,2063,60-64,55732769.0
S1,2063,65-69,50571916.0
S1,2063,70-74,44322475.0
S1,2063,75+,81873578.0
S1,2063,0-8,78244740.42561863
S1,2063,9-14,54382155.57438137
S1,2063,0-17,
S1,2063,18-29,
S1,2063,30-65,
S1,2063,66+,
S1,2063,15-26,
S1,2063,27-45,
S1,2063,46-65,
S1,2064,00-04,
S1,2064,05-09,
S1,2064,10-14,
S1,2064,15-19,46663277.0
S1,2064,20-24,48162848.0
S1,2064,25-29,49978595.0
S1,2064,30-34,51543231.0
S1,2064,35-39,52287784.0
S1,2064,40-44,52567792.0
S1,2064,45-49,54528270.0
S1,2064,50-54,56639459.0
S1,2064,55-59,56505580.0
S1,2064,60-64,56079197.0
S1,2064,65-69,51061460.0
S1,2064,70-74,44861935.0
S1,2064,75+,84424121.0
S1,2064,0-8,77768737.63609876
S1,2064,9-14,54034726.36390124
S1,2064,0-17,
S1,2064,18-29,
S1,2064,30-65,
S1,2064,66+,
S1,2064,15-26,
S1,2064,27-45,
S1,2064,46-65,
S1,2065,00-04,
S1,2065,05-09,
S1,2065,10-14,
S1,2065,15-19,46273663.0
S1,2065,20-24,47726097.0
S1,2065,25-29,49560711.0
S1,2065,30-34,51280526.0
S1,2065,35-39,52164420.0
S1,2065,40-44,52285118.0
S1,2065,45-49,54302729.0
S1,2065,50-54,55944041.0
S1,2065,55-59,56255927.0
S1,2065,60-64,56275220.0
S1,2065,65-69,51536347.0
S1,2065,70-74,45380449.0
S1,2065,75+,86971715.99999988
S1,2065,0-8,77302473.02919337
S1,2065,9-14,53684914.97080663
S1,2065,0-17,
S1,2065,18-29,
S1,2065,30-65,
S1,2065,66+,
S1,2065,15-26,
S1,2065,27-45,
S1,2065,46-65,
S1,2066,00-04,
S1,2066,05-09,
S1,2066,10-14,
S1,2066,15-19,45914300.0
S1,2066,20-24,47273383.0
S1,2066,25-29,49133961.0
S1,2066,30-34,50978133.0
S1,2066,35-39,52036118.0
S1,2066,40-44,52234412.0
S1,2066,45-49,53745574.0
S1,2066,50-54,55420916.0
S1,2066,55-59,56062792.0
S1,2066,60-64,56150530.0
S1,2066,65-69,52105566.0
S1,2066,70-74,45901793.0
S1,2066,75+,89465454.00000012
S1,2066,0-8,76818090.81409751
S1,2066,9-14,53349271.18590249
S1,2066,0-17,
S1,2066,18-29,
S1,2066,30-65,
S1,2066,66+,
S1,2066,15-26,
S1,2066,27-45,
S1,2066,46-65,
S1,2067,00-04,
S1,2067,05-09,
S1,2067,10-14,
S1,2067,15-19,45579187.0
S1,2067,20-24,46839387.0
S1,2067,25-29,48693957.0
S1,2067,30-34,50650104.0
S1,2067,35-39,51873710.0
S1,2067,40-44,52220046.0
S1,2067,45-49,53073112.0
S1,2067,50-54,55011251.0
S1,2067,55-59,55947035.0
S1,2067,60-64,55768090.0
S1,2067,65-69,52740118.0
S1,2067,70-74,46401827.0
S1,2067,75+,91939000.0
S1,2067,0-8,76316608.12310663
S1,2067,9-14,53031728.87689337
S1,2067,0-17,
S1,2067,18-29,
S1,2067,30-65,
S1,2067,66+,
S1,2067,15-26,
S1,2067,27-45,
S1,2067,46-65,
S1,2068,00-04,
S1,2068,05-09,
S1,2068,10-14,
S1,2068,15-19,45265053.0
S1,2068,20-24,46415880.0
S1,2068,25-29,48244602.0
S1,2068,30-34,50300516.0
S1,2068,35-39,51670324.0
S1,2068,40-44,52171964.0
S1,2068,45-49,52703695.0
S1,2068,50-54,54362058.0
S1,2068,55-59,55865402.0
S1,2068,60-64,55317897.0
S1,2068,65-69,53285712.0
S1,2068,70-74,46889497.0
S1,2068,75+,94370534.0
S1,2068,0-8,75790123.30484898
S1,2068,9-14,52733054.695151016
S1,2068,0-17,
S1,2068,18-29,
S1,2068,30-65,
S1,2068,66+,
S1,2068,15-26,
S1,2068,27-45,
S1,2068,46-65,
S1,2069,00-04,
S1,2069,05-09,
S1,2069,10-14,
S1,2069,15-19,44970591.0
S1,2069,20-24,46007411.0
S1,2069,25-29,47801446.0
S1,2069,30-34,49914171.0
S1,2069,35-39,51443219.0
S1,2069,40-44,52088107.0
S1,2069,45-49,52232367.0
S1,2069,50-54,53959106.0
S1,2069,55-59,55638187.0
S1,2069,60-64,54970255.0
S1,2069,65-69,53654868.0
S1,2069,70-74,47398414.0
S1,2069,75+,96738664.0
S1,2069,0-8,75248353.78549618
S1,2069,9-14,52431426.214503825
S1,2069,0-17,
S1,2069,18-29,
S1,2069,30-65,
S1,2069,66+,
S1,2069,15-26,
S1,2069,27-45,
S1,2069,46-65,
S1,2070,00-04,
S1,2070,05-09,
S1,2070,10-14,
S1,2070,15-19,44672958.0
S1,2070,20-24,45620318.0
S1,2070,25-29,47367775.0
S1,2070,30-34,49499661.0
S1,2070,35-39,51184172.0
S1,2070,40-44,51969161.0
S1,2070,45-49,51957489.0
S1,2070,50-54,53744641.0
S1,2070,55-59,54970598.0
S1,2070,60-64,54754547.0
S1,2070,65-69,53879223.0
S1,2070,70-74,47894498.0
S1,2070,75+,99083435.0
S1,2070,0-8,74684319.11402336
S1,2070,9-14,52142063.88597664
S1,2070,0-17,
S1,2070,18-29,
S1,2070,30-65,
S1,2070,66+,
S1,2070,15-26,
S1,2070,27-45,
S1,2070,46-65,
S1,2071,00-04,
S1,2071,05-09,
S1,2071,10-14,
S1,2071,15-19,44389258.0
S1,2071,20-24,45263283.0
S1,2071,25-29,46918289.0
S1,2071,30-34,49076812.0
S1,2071,35-39,50885949.0
S1,2071,40-44,51845500.0
S1,2071,45-49,51912816.0
S1,2071,50-54,53201766.0
S1,2071,55-59,54472648.0
S1,2071,60-64,54592425.0
S1,2071,65-69,53796137.0
S1,2071,70-74,48479500.0
S1,2071,75+,101383269.00000012
S1,2071,0-8,74109631.86188197
S1,2071,9-14,51845533.13811803
S1,2071,0-17,
S1,2071,18-29,
S1,2071,30-65,
S1,2071,66+,
S1,2071,15-26,
S1,2071,27-45,
S1,2071,46-65,
S1,2072,00-04,
S1,2072,05-09,
S1,2072,10-14,
S1,2072,15-19,44125951.0
S1,2072,20-24,44929739.0
S1,2072,25-29,46485155.0
S1,2072,30-34,48637734.0
S1,2072,35-39,50560024.0
S1,2072,40-44,51686488.0
S1,2072,45-49,51903247.0
S1,2072,50-54,52544531.0
S1,2072,55-59,54086159.0
S1,2072,60-64,54504256.0
S1,2072,65-69,53466433.0
S1,2072,70-74,49125558.0
S1,2072,75+,103643355.0
S1,2072,0-8,73540008.98784642
S1,2072,9-14,51520428.01215358
S1,2072,0-17,
S1,2072,18-29,
S1,2072,30-65,
S1,2072,66+,
S1,2072,15-26,
S1,2072,27-45,
S1,2072,46-65,
S1,2073,00-04,
S1,2073,05-09,
S1,2073,10-14,
S1,2073,15-19,43880584.0
S1,2073,20-24,44617787.0
S1,2073,25-29,46063609.0
S1,2073,30-34,48190357.0
S1,2073,35-39,50213251.0
S1,2073,40-44,51487039.0
S1,2073,45-49,51860380.0
S1,2073,50-54,52186944.0
S1,2073,55-59,53463222.0
S1,2073,60-64,54448437.0
S1,2073,65-69,53071562.0
S1,2073,70-74,49686744.0
S1,2073,75+,105856353.0
S1,2073,0-8,72945938.93014383
S1,2073,9-14,51190559.06985617
S1,2073,0-17,
S1,2073,18-29,
S1,2073,30-65,
S1,2073,66+,
S1,2073,15-26,
S1,2073,27-45,
S1,2073,46-65,
S1,2074,00-04,
S1,2074,05-09,
S1,2074,10-14,
S1,2074,15-19,43633817.0
S1,2074,20-24,44326767.0
S1,2074,25-29,45658996.0
S1,2074,30-34,47750881.0
S1,2074,35-39,49830955.0
S1,2074,40-44,51264676.0
S1,2074,45-49,51782427.0
S1,2074,50-54,51729411.0
S1,2074,55-59,53083145.0
S1,2074,60-64,54250497.0
S1,2074,65-69,52775750.0
S1,2074,70-74,50082161.0
S1,2074,75+,108047315.00000012
S1,2074,0-8,72350443.92732157
S1,2074,9-14,50853085.07267843
S1,2074,0-17,
S1,2074,18-29,
S1,2074,30-65,
S1,2074,66+,
S1,2074,15-26,
S1,2074,27-45,
S1,2074,46-65,
S1,2075,00-04,
S1,2075,05-09,
S1,2075,10-14,
S1,2075,15-19,43397783.0
S1,2075,20-24,44032286.0
S1,2075,25-29,45275185.0
S1,2075,30-34,47320233.0
S1,2075,35-39,49420090.0
S1,2075,40-44,51010130.0
S1,2075,45-49,51669306.0
S1,2075,50-54,51465919.0
S1,2075,55-59,52886177.0
S1,2075,60-64,53621565.0
S1,2075,65-69,52606766.0
S1,2075,70-74,50340648.0
S1,2075,75+,110208483.99999988
S1,2075,0-8,71746958.61172882
S1,2075,9-14,50513270.38827118
S1,2075,0-17,
S1,2075,18-29,
S1,2075,30-65,
S1,2075,66+,
S1,2075,15-26,
S1,2075,27-45,
S1,2075,46-65,
S1,2076,00-04,
S1,2076,05-09,
S1,2076,10-14,
S1,2076,15-19,43156734.0
S1,2076,20-24,43751550.0
S1,2076,25-29,44921423.0
S1,2076,30-34,46874093.0
S1,2076,35-39,49001102.0
S1,2076,40-44,50716647.0
S1,2076,45-49,51551480.0
S1,2076,50-54,51429777.0
S1,2076,55-59,52365516.0
S1,2076,60-64,53158298.0
S1,2076,65-69,52487143.0
S1,2076,70-74,50311890.0
S1,2076,75+,112421248.0
S1,2076,0-8,71136799.96948256
S1,2076,9-14,50160632.030517444
S1,2076,0-17,
S1,2076,18-29,
S1,2076,30-65,
S1,2076,66+,
S1,2076,15-26,
S1,2076,27-45,
S1,2076,46-65,
S1,2077,00-04,
S1,2077,05-09,
S1,2077,10-14,
S1,2077,15-19,42888345.0
S1,2077,20-24,43491832.0
S1,2077,25-29,44591650.0
S1,2077,30-34,46444478.0
S1,2077,35-39,48566001.0
S1,2077,40-44,50395569.0
S1,2077,45-49,51398459.0
S1,2077,50-54,51428176.0
S1,2077,55-59,51732705.0
S1,2077,60-64,52804032.0
S1,2077,65-69,52436882.0
S1,2077,70-74,50053521.0
S1,2077,75+,114665218.0
S1,2077,0-8,70528819.31624846
S1,2077,9-14,49813072.68375154
S1,2077,0-17,
S1,2077,18-29,
S1,2077,30-65,
S1,2077,66+,
S1,2077,15-26,
S1,2077,27-45,
S1,2077,46-65,
S1,2078,00-04,
S1,2078,05-09,
S1,2078,10-14,
S1,2078,15-19,42618334.0
S1,2078,20-24,43249719.0
S1,2078,25-29,44283106.0
S1,2078,30-34,46026237.0
S1,2078,35-39,48122483.0
S1,2078,40-44,50053579.0
S1,2078,45-49,51205087.0
S1,2078,50-54,51393447.0
S1,2078,55-59,51394203.0
S1,2078,60-64,52217741.0
S1,2078,65-69,52416386.0
S1,2078,70-74,49734334.0
S1,2078,75+,116800846.0
S1,2078,0-8,69936517.8650704
S1,2078,9-14,49441501.1349296
S1,2078,0-17,
S1,2078,18-29,
S1,2078,30-65,
S1,2078,66+,
S1,2078,15-26,
S1,2078,27-45,
S1,2078,46-65,
S1,2079,00-04,
S1,2079,05-09,
S1,2079,10-14,
S1,2079,15-19,42342973.0
S1,2079,20-24,43007375.0
S1,2079,25-29,43996522.0
S1,2079,30-34,45625311.0
S1,2079,35-39,47687007.0
S1,2079,40-44,49676247.0
S1,2079,45-49,50988886.0
S1,2079,50-54,51323828.0
S1,2079,55-59,50957770.0
S1,2079,60-64,51868571.0
S1,2079,65-69,52257418.0
S1,2079,70-74,49507222.0
S1,2079,75+,118764292.0
S1,2079,0-8,69349783.85948633
S1,2079,9-14,49061596.14051367
S1,2079,0-17,
S1,2079,18-29,
S1,2079,30-65,
S1,2079,66+,
S1,2079,15-26,
S1,2079,27-45,
S1,2079,46-65,
S1,2080,00-04,
S1,2080,05-09,
S1,2080,10-14,
S1,2080,15-19,42068510.0
S1,2080,20-24,42774972.0
S1,2080,25-29,43705736.0
S1,2080,30-34,45244688.0
S1,2080,35-39,47260026.0
S1,2080,40-44,49270226.0
S1,2080,45-49,50740519.0
S1,2080,50-54,51219246.0
S1,2080,55-59,50712033.0
S1,2080,60-64,51695802.0
S1,2080,65-69,51681554.0
S1,2080,70-74,49400555.0
S1,2080,75+,120596384.00000012
S1,2080,0-8,68777919.4035072
S1,2080,9-14,48658950.5964928
S1,2080,0-17,
S1,2080,18-29,
S1,2080,30-65,
S1,2080,66+,
S1,2080,15-26,
S1,2080,27-45,
S1,2080,46-65,
S1,2081,00-04,
S1,2081,05-09,
S1,2081,10-14,
S1,2081,15-19,41781841.0
S1,2081,20-24,42537208.0
S1,2081,25-29,43428468.0
S1,2081,30-34,44894178.0
S1,2081,35-39,46817698.0
S1,2081,40-44,48856142.0
S1,2081,45-49,50453411.0
S1,2081,50-54,51109916.0
S1,2081,55-59,50689384.0
S1,2081,60-64,51206065.0
S1,2081,65-69,51266257.0
S1,2081,70-74,49337475.0
S1,2081,75+,122224244.0
S1,2081,0-8,68218991.79678829
S1,2081,9-14,48254604.20321171
S1,2081,0-17,
S1,2081,18-29,
S1,2081,30-65,
S1,2081,66+,
S1,2081,15-26,
S1,2081,27-45,
S1,2081,46-65,
S1,2082,00-04,
S1,2082,05-09,
S1,2082,10-14,
S1,2082,15-19,41500291.0
S1,2082,20-24,42272639.0
S1,2082,25-29,43172333.0
S1,2082,30-34,44567384.0
S1,2082,35-39,46391643.0
S1,2082,40-44,48425854.0
S1,2082,45-49,50138751.0
S1,2082,50-54,50965630.0
S1,2082,55-59,50700586.0
S1,2082,60-64,50607380.0
S1,2082,65-69,50957509.0
S1,2082,70-74,49338167.0
S1,2082,75+,123689999.0
S1,2082,0-8,67656804.26942626
S1,2082,9-14,47850037.73057374
S1,2082,0-17,
S1,2082,18-29,
S1,2082,30-65,
S1,2082,66+,
S1,2082,15-26,
S1,2082,27-45,
S1,2082,46-65,
S1,2083,00-04,
S1,2083,05-09,
S1,2083,10-14,
S1,2083,15-19,41197735.0
S1,2083,20-24,42007193.0
S1,2083,25-29,42934844.0
S1,2083,30-34,44262726.0
S1,2083,35-39,45977545.0
S1,2083,40-44,47987528.0
S1,2083,45-49,49803460.0
S1,2083,50-54,50781384.0
S1,2083,55-59,50679121.0
S1,2083,60-64,50295734.0
S1,2083,65-69,50423157.0
S1,2083,70-74,49365072.0
S1,2083,75+,125019988.00000012
S1,2083,0-8,67123863.27506903
S1,2083,9-14,47441927.72493097
S1,2083,0-17,
S1,2083,18-29,
S1,2083,30-65,
S1,2083,66+,
S1,2083,15-26,
S1,2083,27-45,
S1,2083,46-65,
S1,2084,00-04,
S1,2084,05-09,
S1,2084,10-14,
S1,2084,15-19,40885460.0
S1,2084,20-24,41734469.0
S1,2084,25-29,42694160.0
S1,2084,30-34,43977194.0
S1,2084,35-39,45578811.0
S1,2084,40-44,47555943.0
S1,2084,45-49,49432119.0
S1,2084,50-54,50573799.0
S1,2084,55-59,50622630.0
S1,2084,60-64,49888619.0
S1,2084,65-69,50118081.0
S1,2084,70-74,49259767.0
S1,2084,75+,126296842.0
S1,2084,0-8,66602248.28652781
S1,2084,9-14,47038465.71347219
S1,2084,0-17,
S1,2084,18-29,
S1,2084,30-65,
S1,2084,66+,
S1,2084,15-26,
S1,2084,27-45,
S1,2084,46-65,
S1,2085,00-04,
S1,2085,05-09,
S1,2085,10-14,
S1,2085,15-19,40550859.0
S1,2085,20-24,41463920.0
S1,2085,25-29,42465177.0
S1,2085,30-34,43688992.0
S1,2085,35-39,45201304.0
S1,2085,40-44,47133385.0
S1,2085,45-49,49032536.0
S1,2085,50-54,50334433.0
S1,2085,55-59,50531653.0
S1,2085,60-64,49667649.0
S1,2085,65-69,49978839.0
S1,2085,70-74,48758435.0
S1,2085,75+,127581640.0
S1,2085,0-8,66097059.81092684
S1,2085,9-14,46647751.18907316
S1,2085,0-17,
S1,2085,18-29,
S1,2085,30-65,
S1,2085,66+,
S1,2085,15-26,
S1,2085,27-45,
S1,2085,46-65,
S1,2086,00-04,
S1,2086,05-09,
S1,2086,10-14,
S1,2086,15-19,40215366.0
S1,2086,20-24,41179728.0
S1,2086,25-29,42229327.0
S1,2086,30-34,43413469.0
S1,2086,35-39,44853332.0
S1,2086,40-44,46695149.0
S1,2086,45-49,48624607.0
S1,2086,50-54,50056309.0
S1,2086,55-59,50435560.0
S1,2086,60-64,49663730.0
S1,2086,65-69,49531974.0
S1,2086,70-74,48409699.0
S1,2086,75+,128735436.0
S1,2086,0-8,65610254.82152712
S1,2086,9-14,46252225.17847288
S1,2086,0-17,
S1,2086,18-29,
S1,2086,30-65,
S1,2086,66+,
S1,2086,15-26,
S1,2086,27-45,
S1,2086,46-65,
S1,2087,00-04,
S1,2087,05-09,
S1,2087,10-14,
S1,2087,15-19,39878833.0
S1,2087,20-24,40899956.0
S1,2087,25-29,41965220.0
S1,2087,30-34,43157504.0
S1,2087,35-39,44527954.0
S1,2087,40-44,46272391.0
S1,2087,45-49,48199968.0
S1,2087,50-54,49750312.0
S1,2087,55-59,50304354.0
S1,2087,60-64,49692049.0
S1,2087,65-69,48980335.0
S1,2087,70-74,48162522.0
S1,2087,75+,129814579.0
S1,2087,0-8,65142251.91523607
S1,2087,9-14,45857742.08476393
S1,2087,0-17,
S1,2087,18-29,
S1,2087,30-65,
S1,2087,66+,
S1,2087,15-26,
S1,2087,27-45,
S1,2087,46-65,
S1,2088,00-04,
S1,2088,05-09,
S1,2088,10-14,
S1,2088,15-19,39537479.0
S1,2088,20-24,40602286.0
S1,2088,25-29,41703447.0
S1,2088,30-34,42921941.0
S1,2088,35-39,44225680.0
S1,2088,40-44,45862166.0
S1,2088,45-49,47767688.0
S1,2088,50-54,49423988.0
S1,2088,55-59,50133651.0
S1,2088,60-64,49688199.0
S1,2088,65-69,48704867.0
S1,2088,70-74,47699142.0
S1,2088,75+,130814107.99999988
S1,2088,0-8,64689147.01748019
S1,2088,9-14,45487025.98251981
S1,2088,0-17,
S1,2088,18-29,
S1,2088,30-65,
S1,2088,66+,
S1,2088,15-26,
S1,2088,27-45,
S1,2088,46-65,
S1,2089,00-04,
S1,2089,05-09,
S1,2089,10-14,
S1,2089,15-19,39200262.0
S1,2089,20-24,40293560.0
S1,2089,25-29,41433547.0
S1,2089,30-34,42683071.0
S1,2089,35-39,43942456.0
S1,2089,40-44,45467166.0
S1,2089,45-49,47341957.0
S1,2089,50-54,49061644.0
S1,2089,55-59,49939562.0
S1,2089,60-64,49649619.0
S1,2089,65-69,48338418.0
S1,2089,70-74,47453577.0
S1,2089,75+,131659695.0
S1,2089,0-8,64255094.57891882
S1,2089,9-14,45116618.42108118
S1,2089,0-17,
S1,2089,18-29,
S1,2089,30-65,
S1,2089,66+,
S1,2089,15-26,
S1,2089,27-45,
S1,2089,46-65,
S1,2090,00-04,
S1,2090,05-09,
S1,2090,10-14,
S1,2090,15-19,38874183.0
S1,2090,20-24,39962033.0
S1,2090,25-29,41164783.0
S1,2090,30-34,42454684.0
S1,2090,35-39,43655693.0
S1,2090,40-44,45092725.0
S1,2090,45-49,46924732.0
S1,2090,50-54,48670832.0
S1,2090,55-59,49713608.0
S1,2090,60-64,49576724.0
S1,2090,65-69,48151153.0
S1,2090,70-74,47357852.0
S1,2090,75+,132163017.00000012
S1,2090,0-8,63836215.51974737
S1,2090,9-14,44752825.48025263
S1,2090,0-17,
S1,2090,18-29,
S1,2090,30-65,
S1,2090,66+,
S1,2090,15-26,
S1,2090,27-45,
S1,2090,46-65,
S1,2091,00-04,
S1,2091,05-09,
S1,2091,10-14,
S1,2091,15-19,38540842.0
S1,2091,20-24,39628901.0
S1,2091,25-29,40882216.0
S1,2091,30-34,42220052.0
S1,2091,35-39,43382069.0
S1,2091,40-44,44747984.0
S1,2091,45-49,46492014.0
S1,2091,50-54,48271760.0
S1,2091,55-59,49449316.0
S1,2091,60-64,49498716.0
S1,2091,65-69,48172512.0
S1,2091,70-74,46969998.0
S1,2091,75+,132719404.99999988
S1,2091,0-8,63416929.05965567
S1,2091,9-14,44408899.94034433
S1,2091,0-17,
S1,2091,18-29,
S1,2091,30-65,
S1,2091,66+,
S1,2091,15-26,
S1,2091,27-45,
S1,2091,46-65,
S1,2092,00-04,
S1,2092,05-09,
S1,2092,10-14,
S1,2092,15-19,38210147.0
S1,2092,20-24,39295156.0
S1,2092,25-29,40604487.0
S1,2092,30-34,41957714.0
S1,2092,35-39,43128331.0
S1,2092,40-44,44425960.0
S1,2092,45-49,46074743.0
S1,2092,50-54,47856016.0
S1,2092,55-59,49157261.0
S1,2092,60-64,49385916.0
S1,2092,65-69,48224401.0
S1,2092,70-74,46484979.0
S1,2092,75+,133329367.0
S1,2092,0-8,63016641.47264483
S1,2092,9-14,44062194.52735517
S1,2092,0-17,
S1,2092,18-29,
S1,2092,30-65,
S1,2092,66+,
S1,2092,15-26,
S1,2092,27-45,
S1,2092,46-65,
S1,2093,00-04,
S1,2093,05-09,
S1,2093,10-14,
S1,2093,15-19,37900238.0
S1,2093,20-24,38957745.0
S1,2093,25-29,40308610.0
S1,2093,30-34,41695894.0
S1,2093,35-39,42893529.0
S1,2093,40-44,44126057.0
S1,2093,45-49,45669334.0
S1,2093,50-54,47432214.0
S1,2093,55-59,48844657.0
S1,2093,60-64,49233935.0
S1,2093,65-69,48244876.0
S1,2093,70-74,46260275.0
S1,2093,75+,133691979.0
S1,2093,0-8,62615370.62519685
S1,2093,9-14,43728923.37480315
S1,2093,0-17,
S1,2093,18-29,
S1,2093,30-65,
S1,2093,66+,
S1,2093,15-26,
S1,2093,27-45,
S1,2093,46-65,
S1,2094,00-04,
S1,2094,05-09,
S1,2094,10-14,
S1,2094,15-19,37588212.0
S1,2094,20-24,38622918.0
S1,2094,25-29,40000797.0
S1,2094,30-34,41425967.0
S1,2094,35-39,42655494.0
S1,2094,40-44,43845120.0
S1,2094,45-49,45278963.0
S1,2094,50-54,47014670.0
S1,2094,55-59,48496070.0
S1,2094,60-64,49058475.0
S1,2094,65-69,48231016.0
S1,2094,70-74,45951577.0
S1,2094,75+,134150678.0
S1,2094,0-8,62203122.169895664
S1,2094,9-14,43410524.830104336
S1,2094,0-17,
S1,2094,18-29,
S1,2094,30-65,
S1,2094,66+,
S1,2094,15-26,
S1,2094,27-45,
S1,2094,46-65,
S1,2095,00-04,
S1,2095,05-09,
S1,2095,10-14,
S1,2095,15-19,37281117.0
S1,2095,20-24,38300081.0
S1,2095,25-29,39671171.0
S1,2095,30-34,41157792.0
S1,2095,35-39,42428266.0
S1,2095,40-44,43560853.0
S1,2095,45-49,44909165.0
S1,2095,50-54,46605558.0
S1,2095,55-59,48119233.0
S1,2095,60-64,48851577.0
S1,2095,65-69,48183854.0
S1,2095,70-74,45812473.0
S1,2095,75+,134457057.00000012
S1,2095,0-8,61789345.20120007
S1,2095,9-14,43106055.79879993
S1,2095,0-17,
S1,2095,18-29,
S1,2095,30-65,
S1,2095,66+,
S1,2095,15-26,
S1,2095,27-45,
S1,2095,46-65,
S1,2096,00-04,
S1,2096,05-09,
S1,2096,10-14,
S1,2096,15-19,36993172.0
S1,2096,20-24,37971765.0
S1,2096,25-29,39342788.0
S1,2096,30-34,40878558.0
S1,2096,35-39,42196619.0
S1,2096,40-44,43290801.0
S1,2096,45-49,44569598.0
S1,2096,50-54,46181403.0
S1,2096,55-59,47734308.0
S1,2096,60-64,48606839.0
S1,2096,65-69,48131230.0
S1,2096,70-74,45868352.0
S1,2096,75+,134564853.0
S1,2096,0-8,61369874.729720786
S1,2096,9-14,42805942.270279214
S1,2096,0-17,
S1,2096,18-29,
S1,2096,30-65,
S1,2096,66+,
S1,2096,15-26,
S1,2096,27-45,
S1,2096,46-65,
S1,2097,00-04,
S1,2097,05-09,
S1,2097,10-14,
S1,2097,15-19,36699224.0
S1,2097,20-24,37646493.0
S1,2097,25-29,39014360.0
S1,2097,30-34,40604638.0
S1,2097,35-39,41937653.0
S1,2097,40-44,43040786.0
S1,2097,45-49,44252746.0
S1,2097,50-54,45772599.0
S1,2097,55-59,47332796.0
S1,2097,60-64,48334648.0
S1,2097,65-69,48044642.0
S1,2097,70-74,45952708.0
S1,2097,75+,134658314.0
S1,2097,0-8,60945671.48295252
S1,2097,9-14,42531599.51704748
S1,2097,0-17,
S1,2097,18-29,
S1,2097,30-65,
S1,2097,66+,
S1,2097,15-26,
S1,2097,27-45,
S1,2097,46-65,
S1,2098,00-04,
S1,2098,05-09,
S1,2098,10-14,
S1,2098,15-19,36416563.0
S1,2098,20-24,37341091.0
S1,2098,25-29,38680221.0
S1,2098,30-34,40310063.0
S1,2098,35-39,41677388.0
S1,2098,40-44,42808471.0
S1,2098,45-49,43957085.0
S1,2098,50-54,45374890.0
S1,2098,55-59,46922619.0
S1,2098,60-64,48041485.0
S1,2098,65-69,47919080.0
S1,2098,70-74,46006365.0
S1,2098,75+,134783398.0
S1,2098,0-8,60515118.32435539
S1,2098,9-14,42260012.67564461
S1,2098,0-17,
S1,2098,18-29,
S1,2098,30-65,
S1,2098,66+,
S1,2098,15-26,
S1,2098,27-45,
S1,2098,46-65,
S1,2099,00-04,
S1,2099,05-09,
S1,2099,10-14,
S1,2099,15-19,36146375.0
S1,2099,20-24,37032970.0
S1,2099,25-29,38349245.0
S1,2099,30-34,40005189.0
S1,2099,35-39,41410232.0
S1,2099,40-44,42573643.0
S1,2099,45-49,43680713.0
S1,2099,50-54,44992291.0
S1,2099,55-59,46518550.0
S1,2099,60-64,47712664.0
S1,2099,65-69,47770275.0
S1,2099,70-74,46026901.0
S1,2099,75+,134944931.0
S1,2099,0-8,60068549.01479862
S1,2099,9-14,41995434.98520138
S1,2099,0-17,
S1,2099,18-29,
S1,2099,30-65,
S1,2099,66+,
S1,2099,15-26,
S1,2099,27-45,
S1,2099,46-65,
S1,2100,00-04,
S1,2100,05-09,
S1,2100,10-14,
S1,2100,15-19,35888836.0
S1,2100,20-24,36730566.0
S1,2100,25-29,38030842.0
S1,2100,30-34,39678832.0
S1,2100,35-39,41144998.0
S1,2100,40-44,42349689.0
S1,2100,45-49,43401064.0
S1,2100,50-54,44630128.0
S1,2100,55-59,46122687.0
S1,2100,60-64,47355832.0
S1,2100,65-69,47590639.0
S1,2100,70-74,46015711.0
S1,2100,75+,135146994.0
S1,2100,0-8,59623513.69140131
S1,2100,9-14,41735952.30859869
S1,2100,0-17,
S1,2100,18-29,
S1,2100,30-65,
S1,2100,66+,
S1,2100,15-26,
S1,2100,27-45,
S1,2100,46-65,
S2,1950,00-04,
S2,1950,05-09,
S2,1950,10-14,
S2,1950,15-19,
S2,1950,20-24,
S2,1950,25-29,
S2,1950,30-34,
S2,1950,35-39,
S2,1950,40-44,
S2,1950,45-49,
S2,1950,50-54,
S2,1950,55-59,
S2,1950,60-64,
S2,1950,65-69,
S2,1950,70-74,
S2,1950,75+,
S2,1950,0-8,
S2,1950,9-14,
S2,1950,0-17,74364006.55590686
S2,1950,18-29,34645726.44409314
S2,1950,30-65,52763611.87044069
S2,1950,66+,4891686.129559308
S2,1950,15-26,
S2,1950,27-45,
S2,1950,46-65,
S2,1951,00-04,
S2,1951,05-09,
S2,1951,10-14,
S2,1951,15-19,
S2,1951,20-24,
S2,1951,25-29,
S2,1951,30-34,
S2,1951,35-39,
S2,1951,40-44,
S2,1951,45-49,
S2,1951,50-54,
S2,1951,55-59,
S2,1951,60-64,
S2,1951,65-69,
S2,1951,70-74,
S2,1951,75+,
S2,1951,0-8,
S2,1951,9-14,
S2,1951,0-17,76029122.60690996
S2,1951,18-29,35264538.39309004
S2,1951,30-65,53893177.917918205
S2,1951,66+,4972261.082081825
S2,1951,15-26,
S2,1951,27-45,
S2,1951,46-65,
S2,1952,00-04,
S2,1952,05-09,
S2,1952,10-14,
S2,1952,15-19,
S2,1952,20-24,
S2,1952,25-29,
S2,1952,30-34,
S2,1952,35-39,
S2,1952,40-44,
S2,1952,45-49,
S2,1952,50-54,
S2,1952,55-59,
S2,1952,60-64,
S2,1952,65-69,
S2,1952,70-74,
S2,1952,75+,
S2,1952,0-8,
S2,1952,9-14,
S2,1952,0-17,77775896.11513506
S2,1952,18-29,35951024.88486494
S2,1952,30-65,55008107.35962045
S2,1952,66+,5110948.640379548
S2,1952,15-26,
S2,1952,27-45,
S2,1952,46-65,
S2,1953,00-04,
S2,1953,05-09,
S2,1953,10-14,
S2,1953,15-19,
S2,1953,20-24,
S2,1953,25-29,
S2,1953,30-34,
S2,1953,35-39,
S2,1953,40-44,
S2,1953,45-49,
S2,1953,50-54,
S2,1953,55-59,
S2,1953,60-64,
S2,1953,65-69,
S2,1953,70-74,
S2,1953,75+,
S2,1953,0-8,
S2,1953,9-14,
S2,1953,0-17,79640574.09926432
S2,1953,18-29,36676925.90073568
S2,1953,30-65,56099764.624441475
S2,1953,66+,5304524.375558525
S2,1953,15-26,
S2,1953,27-45,
S2,1953,46-65,
S2,1954,00-04,
S2,1954,05-09,
S2,1954,10-14,
S2,1954,15-19,
S2,1954,20-24,
S2,1954,25-29,
S2,1954,30-34,
S2,1954,35-39,
S2,1954,40-44,
S2,1954,45-49,
S2,1954,50-54,
S2,1954,55-59,
S2,1954,60-64,
S2,1954,65-69,
S2,1954,70-74,
S2,1954,75+,
S2,1954,0-8,
S2,1954,9-14,
S2,1954,0-17,81616055.48268907
S2,1954,18-29,37369077.51731093
S2,1954,30-65,57168587.99374393
S2,1954,66+,5510021.0062561035
S2,1954,15-26,
S2,1954,27-45,
S2,1954,46-65,
S2,1955,00-04,
S2,1955,05-09,
S2,1955,10-14,
S2,1955,15-19,
S2,1955,20-24,
S2,1955,25-29,
S2,1955,30-34,
S2,1955,35-39,
S2,1955,40-44,
S2,1955,45-49,
S2,1955,50-54,
S2,1955,55-59,
S2,1955,60-64,
S2,1955,65-69,
S2,1955,70-74,
S2,1955,75+,
S2,1955,0-8,
S2,1955,9-14,
S2,1955,0-17,83791966.39587171
S2,1955,18-29,38069367.604128286
S2,1955,30-65,58346087.627206504
S2,1955,66+,5687291.372793496
S2,1955,15-26,
S2,1955,27-45,
S2,1955,46-65,
S2,1956,00-04,
S2,1956,05-09,
S2,1956,10-14,
S2,1956,15-19,
S2,1956,20-24,
S2,1956,25-29,
S2,1956,30-34,
S2,1956,35-39,
S2,1956,40-44,
S2,1956,45-49,
S2,1956,50-54,
S2,1956,55-59,
S2,1956,60-64,
S2,1956,65-69,
S2,1956,70-74,
S2,1956,75+,
S2,1956,0-8,
S2,1956,9-14,
S2,1956,0-17,86088119.68520506
S2,1956,18-29,38730364.31479494
S2,1956,30-65,59571141.625081986
S2,1956,66+,5849335.374918014
S2,1956,15-26,
S2,1956,27-45,
S2,1956,46-65,
S2,1957,00-04,
S2,1957,05-09,
S2,1957,10-14,
S2,1957,15-19,
S2,1957,20-24,
S2,1957,25-29,
S2,1957,30-34,
S2,1957,35-39,
S2,1957,40-44,
S2,1957,45-49,
S2,1957,50-54,
S2,1957,55-59,
S2,1957,60-64,
S2,1957,65-69,
S2,1957,70-74,
S2,1957,75+,
S2,1957,0-8,
S2,1957,9-14,
S2,1957,0-17,88470979.29954115
S2,1957,18-29,39410530.700458854
S2,1957,30-65,60863393.79281399
S2,1957,66+,5986528.207185984
S2,1957,15-26,
S2,1957,27-45,
S2,1957,46-65,
S2,1958,00-04,
S2,1958,05-09,
S2,1958,10-14,
S2,1958,15-19,
S2,1958,20-24,
S2,1958,25-29,
S2,1958,30-34,
S2,1958,35-39,
S2,1958,40-44,
S2,1958,45-49,
S2,1958,50-54,
S2,1958,55-59,
S2,1958,60-64,
S2,1958,65-69,
S2,1958,70-74,
S2,1958,75+,
S2,1958,0-8,
S2,1958,9-14,
S2,1958,0-17,90890367.66642794
S2,1958,18-29,40001810.33357206
S2,1958,30-65,62132591.5740028
S2,1958,66+,6096989.425997168
S2,1958,15-26,
S2,1958,27-45,
S2,1958,46-65,
S2,1959,00-04,
S2,1959,05-09,
S2,1959,10-14,
S2,1959,15-19,
S2,1959,20-24,
S2,1959,25-29,
S2,1959,30-34,
S2,1959,35-39,
S2,1959,40-44,
S2,1959,45-49,
S2,1959,50-54,
S2,1959,55-59,
S2,1959,60-64,
S2,1959,65-69,
S2,1959,70-74,
S2,1959,75+,
S2,1959,0-8,
S2,1959,9-14,
S2,1959,0-17,93423197.1758254
S2,1959,18-29,40684592.8241746
S2,1959,30-65,63515550.67821741
S2,1959,66+,6221452.321782559
S2,1959,15-26,
S2,1959,27-45,
S2,1959,46-65,
S2,1960,00-04,
S2,1960,05-09,
S2,1960,10-14,
S2,1960,15-19,
S2,1960,20-24,
S2,1960,25-29,
S2,1960,30-34,
S2,1960,35-39,
S2,1960,40-44,
S2,1960,45-49,
S2,1960,50-54,
S2,1960,55-59,
S2,1960,60-64,
S2,1960,65-69,
S2,1960,70-74,
S2,1960,75+,
S2,1960,0-8,
S2,1960,9-14,
S2,1960,0-17,96084746.65873912
S2,1960,18-29,41262447.34126088
S2,1960,30-65,64879384.11070651
S2,1960,66+,6395125.889293522
S2,1960,15-26,
S2,1960,27-45,
S2,1960,46-65,
S2,1961,00-04,
S2,1961,05-09,
S2,1961,10-14,
S2,1961,15-19,
S2,1961,20-24,
S2,1961,25-29,
S2,1961,30-34,
S2,1961,35-39,
S2,1961,40-44,
S2,1961,45-49,
S2,1961,50-54,
S2,1961,55-59,
S2,1961,60-64,
S2,1961,65-69,
S2,1961,70-74,
S2,1961,75+,
S2,1961,0-8,
S2,1961,9-14,
S2,1961,0-17,98893747.81243123
S2,1961,18-29,41809398.18756877
S2,1961,30-65,66260753.54965615
S2,1961,66+,6599557.4503438175
S2,1961,15-26,
S2,1961,27-45,
S2,1961,46-65,
S2,1962,00-04,
S2,1962,05-09,
S2,1962,10-14,
S2,1962,15-19,
S2,1962,20-24,
S2,1962,25-29,
S2,1962,30-34,
S2,1962,35-39,
S2,1962,40-44,
S2,1962,45-49,
S2,1962,50-54,
S2,1962,55-59,
S2,1962,60-64,
S2,1962,65-69,
S2,1962,70-74,
S2,1962,75+,
S2,1962,0-8,
S2,1962,9-14,
S2,1962,0-17,101794859.9154214
S2,1962,18-29,42355480.00979903
S2,1962,30-65,67653631.51973239
S2,1962,66+,6846577.253877819
S2,1962,15-26,
S2,1962,27-45,
S2,1962,46-65,
S2,1963,00-04,
S2,1963,05-09,
S2,1963,10-14,
S2,1963,15-19,
S2,1963,20-24,
S2,1963,25-29,
S2,1963,30-34,
S2,1963,35-39,
S2,1963,40-44,
S2,1963,45-49,
S2,1963,50-54,
S2,1963,55-59,
S2,1963,60-64,
S2,1963,65-69,
S2,1963,70-74,
S2,1963,75+,
S2,1963,0-8,
S2,1963,9-14,
S2,1963,0-17,104747561.80309269
S2,1963,18-29,42828443.76480496
S2,1963,30-65,69005083.17349094
S2,1963,66+,7123178.928040624
S2,1963,15-26,
S2,1963,27-45,
S2,1963,46-65,
S2,1964,00-04,
S2,1964,05-09,
S2,1964,10-14,
S2,1964,15-19,
S2,1964,20-24,
S2,1964,25-29,
S2,1964,30-34,
S2,1964,35-39,
S2,1964,40-44,
S2,1964,45-49,
S2,1964,50-54,
S2,1964,55-59,
S2,1964,60-64,
S2,1964,65-69,
S2,1964,70-74,
S2,1964,75+,
S2,1964,0-8,
S2,1964,9-14,
S2,1964,0-17,107774228.94168878
S2,1964,18-29,43305568.52331966
S2,1964,30-65,70394741.51526883
S2,1964,66+,7403716.386793077
S2,1964,15-26,
S2,1964,27-45,
S2,1964,46-65,
S2,1965,00-04,
S2,1965,05-09,
S2,1965,10-14,
S2,1965,15-19,
S2,1965,20-24,
S2,1965,25-29,
S2,1965,30-34,
S2,1965,35-39,
S2,1965,40-44,
S2,1965,45-49,
S2,1965,50-54,
S2,1965,55-59,
S2,1965,60-64,
S2,1965,65-69,
S2,1965,70-74,
S2,1965,75+,
S2,1965,0-8,
S2,1965,9-14,
S2,1965,0-17,110643729.25816523
S2,1965,18-29,43968049.992166236
S2,1965,30-65,71809225.19632196
S2,1965,66+,7657594.888839722
S2,1965,15-26,
S2,1965,27-45,
S2,1965,46-65,
S2,1966,00-04,
S2,1966,05-09,
S2,1966,10-14,
S2,1966,15-19,
S2,1966,20-24,
S2,1966,25-29,
S2,1966,30-34,
S2,1966,35-39,
S2,1966,40-44,
S2,1966,45-49,
S2,1966,50-54,
S2,1966,55-59,
S2,1966,60-64,
S2,1966,65-69,
S2,1966,70-74,
S2,1966,75+,
S2,1966,0-8,
S2,1966,9-14,
S2,1966,0-17,113259365.5093521
S2,1966,18-29,44695645.24245311
S2,1966,30-65,73195733.21470255
S2,1966,66+,7874791.917810023
S2,1966,15-26,
S2,1966,27-45,
S2,1966,46-65,
S2,1967,00-04,
S2,1967,05-09,
S2,1967,10-14,
S2,1967,15-19,
S2,1967,20-24,
S2,1967,25-29,
S2,1967,30-34,
S2,1967,35-39,
S2,1967,40-44,
S2,1967,45-49,
S2,1967,50-54,
S2,1967,55-59,
S2,1967,60-64,
S2,1967,65-69,
S2,1967,70-74,
S2,1967,75+,
S2,1967,0-8,
S2,1967,9-14,
S2,1967,0-17,115786924.25451335
S2,1967,18-29,45430424.24445361
S2,1967,30-65,74610015.29993126
S2,1967,66+,8065446.411592513
S2,1967,15-26,
S2,1967,27-45,
S2,1967,46-65,
S2,1968,00-04,
S2,1968,05-09,
S2,1968,10-14,
S2,1968,15-19,
S2,1968,20-24,
S2,1968,25-29,
S2,1968,30-34,
S2,1968,35-39,
S2,1968,40-44,
S2,1968,45-49,
S2,1968,50-54,
S2,1968,55-59,
S2,1968,60-64,
S2,1968,65-69,
S2,1968,70-74,
S2,1968,75+,
S2,1968,0-8,
S2,1968,9-14,
S2,1968,0-17,118299783.18006317
S2,1968,18-29,46299099.82267536
S2,1968,30-65,76133145.82827076
S2,1968,66+,8242493.985736519
S2,1968,15-26,
S2,1968,27-45,
S2,1968,46-65,
S2,1969,00-04,
S2,1969,05-09,
S2,1969,10-14,
S2,1969,15-19,
S2,1969,20-24,
S2,1969,25-29,
S2,1969,30-34,
S2,1969,35-39,
S2,1969,40-44,
S2,1969,45-49,
S2,1969,50-54,
S2,1969,55-59,
S2,1969,60-64,
S2,1969,65-69,
S2,1969,70-74,
S2,1969,75+,
S2,1969,0-8,
S2,1969,9-14,
S2,1969,0-17,120919748.17086962
S2,1969,18-29,47099409.34251982
S2,1969,30-65,77575800.96193486
S2,1969,66+,8435604.978173792
S2,1969,15-26,
S2,1969,27-45,
S2,1969,46-65,
S2,1970,00-04,
S2,1970,05-09,
S2,1970,10-14,
S2,1970,15-19,
S2,1970,20-24,
S2,1970,25-29,
S2,1970,30-34,
S2,1970,35-39,
S2,1970,40-44,
S2,1970,45-49,
S2,1970,50-54,
S2,1970,55-59,
S2,1970,60-64,
S2,1970,65-69,
S2,1970,70-74,
S2,1970,75+,
S2,1970,0-8,
S2,1970,9-14,
S2,1970,0-17,123165517.03449667
S2,1970,18-29,48400073.7173717
S2,1970,30-65,78954288.17889604
S2,1970,66+,8650032.343429446
S2,1970,15-26,
S2,1970,27-45,
S2,1970,46-65,
S2,1971,00-04,
S2,1971,05-09,
S2,1971,10-14,
S2,1971,15-19,
S2,1971,20-24,
S2,1971,25-29,
S2,1971,30-34,
S2,1971,35-39,
S2,1971,40-44,
S2,1971,45-49,
S2,1971,50-54,
S2,1971,55-59,
S2,1971,60-64,
S2,1971,65-69,
S2,1971,70-74,
S2,1971,75+,
S2,1971,0-8,
S2,1971,9-14,
S2,1971,0-17,125405014.9304345
S2,1971,18-29,50048672.470243394
S2,1971,30-65,80423129.4816094
S2,1971,66+,8880922.022449464
S2,1971,15-26,
S2,1971,27-45,
S2,1971,46-65,
S2,1972,00-04,
S2,1972,05-09,
S2,1972,10-14,
S2,1972,15-19,
S2,1972,20-24,
S2,1972,25-29,
S2,1972,30-34,
S2,1972,35-39,
S2,1972,40-44,
S2,1972,45-49,
S2,1972,50-54,
S2,1972,55-59,
S2,1972,60-64,
S2,1972,65-69,
S2,1972,70-74,
S2,1972,75+,
S2,1972,0-8,
S2,1972,9-14,
S2,1972,0-17,127573473.69034557
S2,1972,18-29,51650242.97321434
S2,1972,30-65,81711515.06293985
S2,1972,66+,9127784.021571666
S2,1972,15-26,
S2,1972,27-45,
S2,1972,46-65,
S2,1973,00-04,
S2,1973,05-09,
S2,1973,10-14,
S2,1973,15-19,
S2,1973,20-24,
S2,1973,25-29,
S2,1973,30-34,
S2,1973,35-39,
S2,1973,40-44,
S2,1973,45-49,
S2,1973,50-54,
S2,1973,55-59,
S2,1973,60-64,
S2,1973,65-69,
S2,1973,70-74,
S2,1973,75+,
S2,1973,0-8,
S2,1973,9-14,
S2,1973,0-17,129735982.78978254
S2,1973,18-29,53527909.29668845
S2,1973,30-65,83099360.88887572
S2,1973,66+,9396691.838941127
S2,1973,15-26,
S2,1973,27-45,
S2,1973,46-65,
S2,1974,00-04,
S2,1974,05-09,
S2,1974,10-14,
S2,1974,15-19,
S2,1974,20-24,
S2,1974,25-29,
S2,1974,30-34,
S2,1974,35-39,
S2,1974,40-44,
S2,1974,45-49,
S2,1974,50-54,
S2,1974,55-59,
S2,1974,60-64,
S2,1974,65-69,
S2,1974,70-74,
S2,1974,75+,
S2,1974,0-8,
S2,1974,9-14,
S2,1974,0-17,131880782.63979517
S2,1974,18-29,55463778.64195104
S2,1974,30-65,84474648.58131766
S2,1974,66+,9676523.24508226
S2,1974,15-26,
S2,1974,27-45,
S2,1974,46-65,
S2,1975,00-04,
S2,1975,05-09,
S2,1975,10-14,
S2,1975,15-19,
S2,1975,20-24,
S2,1975,25-29,
S2,1975,30-34,
S2,1975,35-39,
S2,1975,40-44,
S2,1975,45-49,
S2,1975,50-54,
S2,1975,55-59,
S2,1975,60-64,
S2,1975,65-69,
S2,1975,70-74,
S2,1975,75+,
S2,1975,0-8,
S2,1975,9-14,
S2,1975,0-17,134099622.53460276
S2,1975,18-29,57578739.57663989
S2,1975,30-65,86012724.99217522
S2,1975,66+,9963684.2330032
S2,1975,15-26,
S2,1975,27-45,
S2,1975,46-65,
S2,1976,00-04,
S2,1976,05-09,
S2,1976,10-14,
S2,1976,15-19,
S2,1976,20-24,
S2,1976,25-29,
S2,1976,30-34,
S2,1976,35-39,
S2,1976,40-44,
S2,1976,45-49,
S2,1976,50-54,
S2,1976,55-59,
S2,1976,60-64,
S2,1976,65-69,
S2,1976,70-74,
S2,1976,75+,
S2,1976,0-8,
S2,1976,9-14,
S2,1976,0-17,136242714.66317317
S2,1976,18-29,59764966.129924655
S2,1976,30-65,87644783.82663015
S2,1976,66+,10257147.339678288
S2,1976,15-26,
S2,1976,27-45,
S2,1976,46-65,
S2,1977,00-04,
S2,1977,05-09,
S2,1977,10-14,
S2,1977,15-19,
S2,1977,20-24,
S2,1977,25-29,
S2,1977,30-34,
S2,1977,35-39,
S2,1977,40-44,
S2,1977,45-49,
S2,1977,50-54,
S2,1977,55-59,
S2,1977,60-64,
S2,1977,65-69,
S2,1977,70-74,
S2,1977,75+,
S2,1977,0-8,
S2,1977,9-14,
S2,1977,0-17,138455148.48809195
S2,1977,18-29,61966603.73705056
S2,1977,30-65,89352221.07392666
S2,1977,66+,10556467.139092386
S2,1977,15-26,
S2,1977,27-45,
S2,1977,46-65,
S2,1978,00-04,
S2,1978,05-09,
S2,1978,10-14,
S2,1978,15-19,
S2,1978,20-24,
S2,1978,25-29,
S2,1978,30-34,
S2,1978,35-39,
S2,1978,40-44,
S2,1978,45-49,
S2,1978,50-54,
S2,1978,55-59,
S2,1978,60-64,
S2,1978,65-69,
S2,1978,70-74,
S2,1978,75+,
S2,1978,0-8,
S2,1978,9-14,
S2,1978,0-17,140628338.85474345
S2,1978,18-29,64271897.87214294
S2,1978,30-65,91179347.17100602
S2,1978,66+,10858824.805005431
S2,1978,15-26,
S2,1978,27-45,
S2,1978,46-65,
S2,1979,00-04,
S2,1979,05-09,
S2,1979,10-14,
S2,1979,15-19,
S2,1979,20-24,
S2,1979,25-29,
S2,1979,30-34,
S2,1979,35-39,
S2,1979,40-44,
S2,1979,45-49,
S2,1979,50-54,
S2,1979,55-59,
S2,1979,60-64,
S2,1979,65-69,
S2,1979,70-74,
S2,1979,75+,
S2,1979,0-8,
S2,1979,9-14,
S2,1979,0-17,142810062.08330798
S2,1979,18-29,66522806.888055
S2,1979,30-65,92953934.63528714
S2,1979,66+,11161766.407291472
S2,1979,15-26,
S2,1979,27-45,
S2,1979,46-65,
S2,1980,00-04,
S2,1980,05-09,
S2,1980,10-14,
S2,1980,15-19,
S2,1980,20-24,
S2,1980,25-29,
S2,1980,30-34,
S2,1980,35-39,
S2,1980,40-44,
S2,1980,45-49,
S2,1980,50-54,
S2,1980,55-59,
S2,1980,60-64,
S2,1980,65-69,
S2,1980,70-74,
S2,1980,75+,
S2,1980,0-8,
S2,1980,9-14,
S2,1980,0-17,145176038.12602794
S2,1980,18-29,68524805.69347891
S2,1980,30-65,95348697.53428945
S2,1980,66+,11468905.710944831
S2,1980,15-26,
S2,1980,27-45,
S2,1980,46-65,
S2,1981,00-04,
S2,1981,05-09,
S2,1981,10-14,
S2,1981,15-19,
S2,1981,20-24,
S2,1981,25-29,
S2,1981,30-34,
S2,1981,35-39,
S2,1981,40-44,
S2,1981,45-49,
S2,1981,50-54,
S2,1981,55-59,
S2,1981,60-64,
S2,1981,65-69,
S2,1981,70-74,
S2,1981,75+,
S2,1981,0-8,
S2,1981,9-14,
S2,1981,0-17,147668412.61073324
S2,1981,18-29,70390205.90048143
S2,1981,30-65,97848527.77904242
S2,1981,66+,11776159.601932466
S2,1981,15-26,
S2,1981,27-45,
S2,1981,46-65,
S2,1982,00-04,
S2,1982,05-09,
S2,1982,10-14,
S2,1982,15-19,
S2,1982,20-24,
S2,1982,25-29,
S2,1982,30-34,
S2,1982,35-39,
S2,1982,40-44,
S2,1982,45-49,
S2,1982,50-54,
S2,1982,55-59,
S2,1982,60-64,
S2,1982,65-69,
S2,1982,70-74,
S2,1982,75+,
S2,1982,0-8,
S2,1982,9-14,
S2,1982,0-17,150236726.02547032
S2,1982,18-29,72198867.08562884
S2,1982,30-65,100481389.96251133
S2,1982,66+,12085511.74261409
S2,1982,15-26,
S2,1982,27-45,
S2,1982,46-65,
S2,1983,00-04,
S2,1983,05-09,
S2,1983,10-14,
S2,1983,15-19,
S2,1983,20-24,
S2,1983,25-29,
S2,1983,30-34,
S2,1983,35-39,
S2,1983,40-44,
S2,1983,45-49,
S2,1983,50-54,
S2,1983,55-59,
S2,1983,60-64,
S2,1983,65-69,
S2,1983,70-74,
S2,1983,75+,
S2,1983,0-8,
S2,1983,9-14,
S2,1983,0-17,152855525.88609365
S2,1983,18-29,73970744.4795993
S2,1983,30-65,103274888.28124693
S2,1983,66+,12398802.359851778
S2,1983,15-26,
S2,1983,27-45,
S2,1983,46-65,
S2,1984,00-04,
S2,1984,05-09,
S2,1984,10-14,
S2,1984,15-19,
S2,1984,20-24,
S2,1984,25-29,
S2,1984,30-34,
S2,1984,35-39,
S2,1984,40-44,
S2,1984,45-49,
S2,1984,50-54,
S2,1984,55-59,
S2,1984,60-64,
S2,1984,65-69,
S2,1984,70-74,
S2,1984,75+,
S2,1984,0-8,
S2,1984,9-14,
S2,1984,0-17,155573227.8640237
S2,1984,18-29,75727232.04084843
S2,1984,30-65,106245861.40975589
S2,1984,66+,12718887.947057128
S2,1984,15-26,
S2,1984,27-45,
S2,1984,46-65,
S2,1985,00-04,
S2,1985,05-09,
S2,1985,10-14,
S2,1985,15-19,
S2,1985,20-24,
S2,1985,25-29,
S2,1985,30-34,
S2,1985,35-39,
S2,1985,40-44,
S2,1985,45-49,
S2,1985,50-54,
S2,1985,55-59,
S2,1985,60-64,
S2,1985,65-69,
S2,1985,70-74,
S2,1985,75+,
S2,1985,0-8,
S2,1985,9-14,
S2,1985,0-17,158436689.02421492
S2,1985,18-29,77407452.42903534
S2,1985,30-65,109360418.47178945
S2,1985,66+,13047750.991079569
S2,1985,15-26,
S2,1985,27-45,
S2,1985,46-65,
S2,1986,00-04,
S2,1986,05-09,
S2,1986,10-14,
S2,1986,15-19,
S2,1986,20-24,
S2,1986,25-29,
S2,1986,30-34,
S2,1986,35-39,
S2,1986,40-44,
S2,1986,45-49,
S2,1986,50-54,
S2,1986,55-59,
S2,1986,60-64,
S2,1986,65-69,
S2,1986,70-74,
S2,1986,75+,
S2,1986,0-8,
S2,1986,9-14,
S2,1986,0-17,161390192.14862257
S2,1986,18-29,79048030.01126078
S2,1986,30-65,112588653.93126068
S2,1986,66+,13388574.925202966
S2,1986,15-26,
S2,1986,27-45,
S2,1986,46-65,
S2,1987,00-04,
S2,1987,05-09,
S2,1987,10-14,
S2,1987,15-19,
S2,1987,20-24,
S2,1987,25-29,
S2,1987,30-34,
S2,1987,35-39,
S2,1987,40-44,
S2,1987,45-49,
S2,1987,50-54,
S2,1987,55-59,
S2,1987,60-64,
S2,1987,65-69,
S2,1987,70-74,
S2,1987,75+,
S2,1987,0-8,
S2,1987,9-14,
S2,1987,0-17,164462091.68871802
S2,1987,18-29,80681854.17029467
S2,1987,30-65,115904318.09608862
S2,1987,66+,13743453.812157214
S2,1987,15-26,
S2,1987,27-45,
S2,1987,46-65,
S2,1988,00-04,
S2,1988,05-09,
S2,1988,10-14,
S2,1988,15-19,
S2,1988,20-24,
S2,1988,25-29,
S2,1988,30-34,
S2,1988,35-39,
S2,1988,40-44,
S2,1988,45-49,
S2,1988,50-54,
S2,1988,55-59,
S2,1988,60-64,
S2,1988,65-69,
S2,1988,70-74,
S2,1988,75+,
S2,1988,0-8,
S2,1988,9-14,
S2,1988,0-17,167473286.79646802
S2,1988,18-29,82354135.58861032
S2,1988,30-65,119323706.32667968
S2,1988,66+,14115498.924420118
S2,1988,15-26,
S2,1988,27-45,
S2,1988,46-65,
S2,1989,00-04,
S2,1989,05-09,
S2,1989,10-14,
S2,1989,15-19,
S2,1989,20-24,
S2,1989,25-29,
S2,1989,30-34,
S2,1989,35-39,
S2,1989,40-44,
S2,1989,45-49,
S2,1989,50-54,
S2,1989,55-59,
S2,1989,60-64,
S2,1989,65-69,
S2,1989,70-74,
S2,1989,75+,
S2,1989,0-8,
S2,1989,9-14,
S2,1989,0-17,170493010.84086496
S2,1989,18-29,84109445.08009857
S2,1989,30-65,122827442.541219
S2,1989,66+,14507615.37020415
S2,1989,15-26,
S2,1989,27-45,
S2,1989,46-65,
S2,1990,00-04,
S2,1990,05-09,
S2,1990,10-14,
S2,1990,15-19,
S2,1990,20-24,
S2,1990,25-29,
S2,1990,30-34,
S2,1990,35-39,
S2,1990,40-44,
S2,1990,45-49,
S2,1990,50-54,
S2,1990,55-59,
S2,1990,60-64,
S2,1990,65-69,
S2,1990,70-74,
S2,1990,75+,
S2,1990,0-8,
S2,1990,9-14,
S2,1990,0-17,173559363.92158943
S2,1990,18-29,85906316.51479137
S2,1990,30-65,126442378.43146044
S2,1990,66+,14923254.796790063
S2,1990,15-26,
S2,1990,27-45,
S2,1990,46-65,
S2,1991,00-04,
S2,1991,05-09,
S2,1991,10-14,
S2,1991,15-19,
S2,1991,20-24,
S2,1991,25-29,
S2,1991,30-34,
S2,1991,35-39,
S2,1991,40-44,
S2,1991,45-49,
S2,1991,50-54,
S2,1991,55-59,
S2,1991,60-64,
S2,1991,65-69,
S2,1991,70-74,
S2,1991,75+,
S2,1991,0-8,
S2,1991,9-14,
S2,1991,0-17,176615758.10461402
S2,1991,18-29,87707963.98611403
S2,1991,30-65,130198605.74426061
S2,1991,66+,15364880.547889411
S2,1991,15-26,
S2,1991,27-45,
S2,1991,46-65,
S2,1992,00-04,
S2,1992,05-09,
S2,1992,10-14,
S2,1992,15-19,
S2,1992,20-24,
S2,1992,25-29,
S2,1992,30-34,
S2,1992,35-39,
S2,1992,40-44,
S2,1992,45-49,
S2,1992,50-54,
S2,1992,55-59,
S2,1992,60-64,
S2,1992,65-69,
S2,1992,70-74,
S2,1992,75+,
S2,1992,0-8,
S2,1992,9-14,
S2,1992,0-17,179998034.31626868
S2,1992,18-29,88992797.44983113
S2,1992,30-65,133672252.50920588
S2,1992,66+,16019116.796978414
S2,1992,15-26,
S2,1992,27-45,
S2,1992,46-65,
S2,1993,00-04,
S2,1993,05-09,
S2,1993,10-14,
S2,1993,15-19,
S2,1993,20-24,
S2,1993,25-29,
S2,1993,30-34,
S2,1993,35-39,
S2,1993,40-44,
S2,1993,45-49,
S2,1993,50-54,
S2,1993,55-59,
S2,1993,60-64,
S2,1993,65-69,
S2,1993,70-74,
S2,1993,75+,
S2,1993,0-8,
S2,1993,9-14,
S2,1993,0-17,183300387.08924052
S2,1993,18-29,90327503.92327854
S2,1993,30-65,137292059.41307986
S2,1993,66+,16698686.965951264
S2,1993,15-26,
S2,1993,27-45,
S2,1993,46-65,
S2,1994,00-04,
S2,1994,05-09,
S2,1994,10-14,
S2,1994,15-19,
S2,1994,20-24,
S2,1994,25-29,
S2,1994,30-34,
S2,1994,35-39,
S2,1994,40-44,
S2,1994,45-49,
S2,1994,50-54,
S2,1994,55-59,
S2,1994,60-64,
S2,1994,65-69,
S2,1994,70-74,
S2,1994,75+,
S2,1994,0-8,
S2,1994,9-14,
S2,1994,0-17,186434686.94998848
S2,1994,18-29,91724311.8662616
S2,1994,30-65,140989547.52611887
S2,1994,66+,17403472.812463284
S2,1994,15-26,
S2,1994,27-45,
S2,1994,46-65,
S2,1995,00-04,
S2,1995,05-09,
S2,1995,10-14,
S2,1995,15-19,
S2,1995,20-24,
S2,1995,25-29,
S2,1995,30-34,
S2,1995,35-39,
S2,1995,40-44,
S2,1995,45-49,
S2,1995,50-54,
S2,1995,55-59,
S2,1995,60-64,
S2,1995,65-69,
S2,1995,70-74,
S2,1995,75+,
S2,1995,0-8,
S2,1995,9-14,
S2,1995,0-17,189394635.08672968
S2,1995,18-29,93126313.76029631
S2,1995,30-65,144703352.78390157
S2,1995,66+,18135873.70609325
S2,1995,15-26,
S2,1995,27-45,
S2,1995,46-65,
S2,1996,00-04,
S2,1996,05-09,
S2,1996,10-14,
S2,1996,15-19,
S2,1996,20-24,
S2,1996,25-29,
S2,1996,30-34,
S2,1996,35-39,
S2,1996,40-44,
S2,1996,45-49,
S2,1996,50-54,
S2,1996,55-59,
S2,1996,60-64,
S2,1996,65-69,
S2,1996,70-74,
S2,1996,75+,
S2,1996,0-8,
S2,1996,9-14,
S2,1996,0-17,192216641.13343048
S2,1996,18-29,94698259.60582995
S2,1996,30-65,148499109.90936852
S2,1996,66+,18894427.696020424
S2,1996,15-26,
S2,1996,27-45,
S2,1996,46-65,
S2,1997,00-04,
S2,1997,05-09,
S2,1997,10-14,
S2,1997,15-19,
S2,1997,20-24,
S2,1997,25-29,
S2,1997,30-34,
S2,1997,35-39,
S2,1997,40-44,
S2,1997,45-49,
S2,1997,50-54,
S2,1997,55-59,
S2,1997,60-64,
S2,1997,65-69,
S2,1997,70-74,
S2,1997,75+,
S2,1997,0-8,
S2,1997,9-14,
S2,1997,0-17,194852107.19973344
S2,1997,18-29,96397349.09655744
S2,1997,30-65,152368436.08027792
S2,1997,66+,19673935.58963436
S2,1997,15-26,
S2,1997,27-45,
S2,1997,46-65,
S2,1998,00-04,
S2,1998,05-09,
S2,1998,10-14,
S2,1998,15-19,
S2,1998,20-24,
S2,1998,25-29,
S2,1998,30-34,
S2,1998,35-39,
S2,1998,40-44,
S2,1998,45-49,
S2,1998,50-54,
S2,1998,55-59,
S2,1998,60-64,
S2,1998,65-69,
S2,1998,70-74,
S2,1998,75+,
S2,1998,0-8,
S2,1998,9-14,
S2,1998,0-17,197362676.11429924
S2,1998,18-29,98119477.79962552
S2,1998,30-65,156342085.3475899
S2,1998,66+,20471441.156862617
S2,1998,15-26,
S2,1998,27-45,
S2,1998,46-65,
S2,1999,00-04,
S2,1999,05-09,
S2,1999,10-14,
S2,1999,15-19,
S2,1999,20-24,
S2,1999,25-29,
S2,1999,30-34,
S2,1999,35-39,
S2,1999,40-44,
S2,1999,45-49,
S2,1999,50-54,
S2,1999,55-59,
S2,1999,60-64,
S2,1999,65-69,
S2,1999,70-74,
S2,1999,75+,
S2,1999,0-8,
S2,1999,9-14,
S2,1999,0-17,199705270.71682253
S2,1999,18-29,99906288.98780343
S2,1999,30-65,160425708.06082022
S2,1999,66+,21284818.69340861
S2,1999,15-26,
S2,1999,27-45,
S2,1999,46-65,
S2,2000,00-04,
S2,2000,05-09,
S2,2000,10-14,
S2,2000,15-19,
S2,2000,20-24,
S2,2000,25-29,
S2,2000,30-34,
S2,2000,35-39,
S2,2000,40-44,
S2,2000,45-49,
S2,2000,50-54,
S2,2000,55-59,
S2,2000,60-64,
S2,2000,65-69,
S2,2000,70-74,
S2,2000,75+,
S2,2000,0-8,
S2,2000,9-14,
S2,2000,0-17,201824482.36094558
S2,2000,18-29,101854546.2805785
S2,2000,30-65,164548441.74519902
S2,2000,66+,22107685.305961013
S2,2000,15-26,
S2,2000,27-45,
S2,2000,46-65,
S2,2001,00-04,
S2,2001,05-09,
S2,2001,10-14,
S2,2001,15-19,
S2,2001,20-24,
S2,2001,25-29,
S2,2001,30-34,
S2,2001,35-39,
S2,2001,40-44,
S2,2001,45-49,
S2,2001,50-54,
S2,2001,55-59,
S2,2001,60-64,
S2,2001,65-69,
S2,2001,70-74,
S2,2001,75+,
S2,2001,0-8,
S2,2001,9-14,
S2,2001,0-17,203815724.20033613
S2,2001,18-29,103956540.4417682
S2,2001,30-65,168773659.87233758
S2,2001,66+,22927867.971403956
S2,2001,15-26,
S2,2001,27-45,
S2,2001,46-65,
S2,2002,00-04,
S2,2002,05-09,
S2,2002,10-14,
S2,2002,15-19,
S2,2002,20-24,
S2,2002,25-29,
S2,2002,30-34,
S2,2002,35-39,
S2,2002,40-44,
S2,2002,45-49,
S2,2002,50-54,
S2,2002,55-59,
S2,2002,60-64,
S2,2002,65-69,
S2,2002,70-74,
S2,2002,75+,
S2,2002,0-8,
S2,2002,9-14,
S2,2002,0-17,205697756.48431718
S2,2002,18-29,106159695.87372625
S2,2002,30-65,173147438.86173338
S2,2002,66+,23774615.683549583
S2,2002,15-26,
S2,2002,27-45,
S2,2002,46-65,
S2,2003,00-04,
S2,2003,05-09,
S2,2003,10-14,
S2,2003,15-19,
S2,2003,20-24,
S2,2003,25-29,
S2,2003,30-34,
S2,2003,35-39,
S2,2003,40-44,
S2,2003,45-49,
S2,2003,50-54,
S2,2003,55-59,
S2,2003,60-64,
S2,2003,65-69,
S2,2003,70-74,
S2,2003,75+,
S2,2003,0-8,
S2,2003,9-14,
S2,2003,0-17,207381477.83186805
S2,2003,18-29,108265577.10437727
S2,2003,30-65,177505714.13992387
S2,2003,66+,24652115.794372857
S2,2003,15-26,
S2,2003,27-45,
S2,2003,46-65,
S2,2004,00-04,
S2,2004,05-09,
S2,2004,10-14,
S2,2004,15-19,
S2,2004,20-24,
S2,2004,25-29,
S2,2004,30-34,
S2,2004,35-39,
S2,2004,40-44,
S2,2004,45-49,
S2,2004,50-54,
S2,2004,55-59,
S2,2004,60-64,
S2,2004,65-69,
S2,2004,70-74,
S2,2004,75+,
S2,2004,0-8,
S2,2004,9-14,
S2,2004,0-17,208817426.19058415
S2,2004,18-29,110458945.95706382
S2,2004,30-65,182050471.64664352
S2,2004,66+,25530327.504507303
S2,2004,15-26,
S2,2004,27-45,
S2,2004,46-65,
S2,2005,00-04,
S2,2005,05-09,
S2,2005,10-14,
S2,2005,15-19,
S2,2005,20-24,
S2,2005,25-29,
S2,2005,30-34,
S2,2005,35-39,
S2,2005,40-44,
S2,2005,45-49,
S2,2005,50-54,
S2,2005,55-59,
S2,2005,60-64,
S2,2005,65-69,
S2,2005,70-74,
S2,2005,75+,
S2,2005,0-8,
S2,2005,9-14,
S2,2005,0-17,210061078.25415814
S2,2005,18-29,112832225.99546295
S2,2005,30-65,186874614.21188408
S2,2005,66+,26368881.04618019
S2,2005,15-26,
S2,2005,27-45,
S2,2005,46-65,
S2,2006,00-04,
S2,2006,05-09,
S2,2006,10-14,
S2,2006,15-19,
S2,2006,20-24,
S2,2006,25-29,
S2,2006,30-34,
S2,2006,35-39,
S2,2006,40-44,
S2,2006,45-49,
S2,2006,50-54,
S2,2006,55-59,
S2,2006,60-64,
S2,2006,65-69,
S2,2006,70-74,
S2,2006,75+,
S2,2006,0-8,
S2,2006,9-14,
S2,2006,0-17,211045890.8516832
S2,2006,18-29,115140810.22724742
S2,2006,30-65,191691004.18938786
S2,2006,66+,27173919.082785547
S2,2006,15-26,
S2,2006,27-45,
S2,2006,46-65,
S2,2007,00-04,
S2,2007,05-09,
S2,2007,10-14,
S2,2007,15-19,
S2,2007,20-24,
S2,2007,25-29,
S2,2007,30-34,
S2,2007,35-39,
S2,2007,40-44,
S2,2007,45-49,
S2,2007,50-54,
S2,2007,55-59,
S2,2007,60-64,
S2,2007,65-69,
S2,2007,70-74,
S2,2007,75+,
S2,2007,0-8,
S2,2007,9-14,
S2,2007,0-17,211810272.97281075
S2,2007,18-29,117630036.1433391
S2,2007,30-65,196831928.56538975
S2,2007,66+,27964749.27485937
S2,2007,15-26,
S2,2007,27-45,
S2,2007,46-65,
S2,2008,00-04,
S2,2008,05-09,
S2,2008,10-14,
S2,2008,15-19,
S2,2008,20-24,
S2,2008,25-29,
S2,2008,30-34,
S2,2008,35-39,
S2,2008,40-44,
S2,2008,45-49,
S2,2008,50-54,
S2,2008,55-59,
S2,2008,60-64,
S2,2008,65-69,
S2,2008,70-74,
S2,2008,75+,
S2,2008,0-8,
S2,2008,9-14,
S2,2008,0-17,212380440.64101797
S2,2008,18-29,120004967.40639007
S2,2008,30-65,201930842.57705653
S2,2008,66+,28748419.741461933
S2,2008,15-26,
S2,2008,27-45,
S2,2008,46-65,
S2,2009,00-04,
S2,2009,05-09,
S2,2009,10-14,
S2,2009,15-19,
S2,2009,20-24,
S2,2009,25-29,
S2,2009,30-34,
S2,2009,35-39,
S2,2009,40-44,
S2,2009,45-49,
S2,2009,50-54,
S2,2009,55-59,
S2,2009,60-64,
S2,2009,65-69,
S2,2009,70-74,
S2,2009,75+,
S2,2009,0-8,
S2,2009,9-14,
S2,2009,0-17,212858701.91402304
S2,2009,18-29,122405578.4492346
S2,2009,30-65,207159439.78405857
S2,2009,66+,29542567.26702106
S2,2009,15-26,
S2,2009,27-45,
S2,2009,46-65,
S2,2010,00-04,
S2,2010,05-09,
S2,2010,10-14,
S2,2010,15-19,
S2,2010,20-24,
S2,2010,25-29,
S2,2010,30-34,
S2,2010,35-39,
S2,2010,40-44,
S2,2010,45-49,
S2,2010,50-54,
S2,2010,55-59,
S2,2010,60-64,
S2,2010,65-69,
S2,2010,70-74,
S2,2010,75+,
S2,2010,0-8,
S2,2010,9-14,
S2,2010,0-17,213355465.19583818
S2,2010,18-29,124919028.33075628
S2,2010,30-65,212832884.96796936
S2,2010,66+,30342933.564016342
S2,2010,15-26,
S2,2010,27-45,
S2,2010,46-65,
S2,2011,00-04,
S2,2011,05-09,
S2,2011,10-14,
S2,2011,15-19,
S2,2011,20-24,
S2,2011,25-29,
S2,2011,30-34,
S2,2011,35-39,
S2,2011,40-44,
S2,2011,45-49,
S2,2011,50-54,
S2,2011,55-59,
S2,2011,60-64,
S2,2011,65-69,
S2,2011,70-74,
S2,2011,75+,
S2,2011,0-8,
S2,2011,9-14,
S2,2011,0-17,213732857.2887224
S2,2011,18-29,127345570.55281484
S2,2011,30-65,218841272.17624724
S2,2011,66+,31179130.157217503
S2,2011,15-26,
S2,2011,27-45,
S2,2011,46-65,
S2,2012,00-04,
S2,2012,05-09,
S2,2012,10-14,
S2,2012,15-19,
S2,2012,20-24,
S2,2012,25-29,
S2,2012,30-34,
S2,2012,35-39,
S2,2012,40-44,
S2,2012,45-49,
S2,2012,50-54,
S2,2012,55-59,
S2,2012,60-64,
S2,2012,65-69,
S2,2012,70-74,
S2,2012,75+,
S2,2012,0-8,
S2,2012,9-14,
S2,2012,0-17,213843841.10449687
S2,2012,18-29,129108037.46977851
S2,2012,30-65,224673799.05935967
S2,2012,66+,32070037.797443986
S2,2012,15-26,
S2,2012,27-45,
S2,2012,46-65,
S2,2013,00-04,
S2,2013,05-09,
S2,2013,10-14,
S2,2013,15-19,
S2,2013,20-24,
S2,2013,25-29,
S2,2013,30-34,
S2,2013,35-39,
S2,2013,40-44,
S2,2013,45-49,
S2,2013,50-54,
S2,2013,55-59,
S2,2013,60-64,
S2,2013,65-69,
S2,2013,70-74,
S2,2013,75+,
S2,2013,0-8,
S2,2013,9-14,
S2,2013,0-17,213865893.40333351
S2,2013,18-29,130778379.65150729
S2,2013,30-65,230640436.3520112
S2,2013,66+,33006791.10275328
S2,2013,15-26,
S2,2013,27-45,
S2,2013,46-65,
S2,2014,00-04,
S2,2014,05-09,
S2,2014,10-14,
S2,2014,15-19,
S2,2014,20-24,
S2,2014,25-29,
S2,2014,30-34,
S2,2014,35-39,
S2,2014,40-44,
S2,2014,45-49,
S2,2014,50-54,
S2,2014,55-59,
S2,2014,60-64,
S2,2014,65-69,
S2,2014,70-74,
S2,2014,75+,
S2,2014,0-8,
S2,2014,9-14,
S2,2014,0-17,213730660.4644867
S2,2014,18-29,132317812.51567253
S2,2014,30-65,236784109.4346661
S2,2014,66+,33963524.58807504
S2,2014,15-26,
S2,2014,27-45,
S2,2014,46-65,
S2,2015,00-04,
S2,2015,05-09,
S2,2015,10-14,
S2,2015,15-19,
S2,2015,20-24,
S2,2015,25-29,
S2,2015,30-34,
S2,2015,35-39,
S2,2015,40-44,
S2,2015,45-49,
S2,2015,50-54,
S2,2015,55-59,
S2,2015,60-64,
S2,2015,65-69,
S2,2015,70-74,
S2,2015,75+,
S2,2015,0-8,
S2,2015,9-14,
S2,2015,0-17,213179220.72889203
S2,2015,18-29,133711068.94478267
S2,2015,30-65,242757921.9115777
S2,2015,66+,35273229.59990966
S2,2015,15-26,
S2,2015,27-45,
S2,2015,46-65,
S2,2016,00-04,
S2,2016,05-09,
S2,2016,10-14,
S2,2016,15-19,
S2,2016,20-24,
S2,2016,25-29,
S2,2016,30-34,
S2,2016,35-39,
S2,2016,40-44,
S2,2016,45-49,
S2,2016,50-54,
S2,2016,55-59,
S2,2016,60-64,
S2,2016,65-69,
S2,2016,70-74,
S2,2016,75+,
S2,2016,0-8,
S2,2016,9-14,
S2,2016,0-17,212552469.78552508
S2,2016,18-29,134992034.1468898
S2,2016,30-65,248668057.52616465
S2,2016,66+,36684291.28620958
S2,2016,15-26,
S2,2016,27-45,
S2,2016,46-65,
S2,2017,00-04,
S2,2017,05-09,
S2,2017,10-14,
S2,2017,15-19,
S2,2017,20-24,
S2,2017,25-29,
S2,2017,30-34,
S2,2017,35-39,
S2,2017,40-44,
S2,2017,45-49,
S2,2017,50-54,
S2,2017,55-59,
S2,2017,60-64,
S2,2017,65-69,
S2,2017,70-74,
S2,2017,75+,
S2,2017,0-8,
S2,2017,9-14,
S2,2017,0-17,211959524.04802835
S2,2017,18-29,136312550.19553053
S2,2017,30-65,254807115.38210177
S2,2017,66+,38180962.755722165
S2,2017,15-26,
S2,2017,27-45,
S2,2017,46-65,
S2,2018,00-04,
S2,2018,05-09,
S2,2018,10-14,
S2,2018,15-19,
S2,2018,20-24,
S2,2018,25-29,
S2,2018,30-34,
S2,2018,35-39,
S2,2018,40-44,
S2,2018,45-49,
S2,2018,50-54,
S2,2018,55-59,
S2,2018,60-64,
S2,2018,65-69,
S2,2018,70-74,
S2,2018,75+,
S2,2018,0-8,
S2,2018,9-14,
S2,2018,0-17,211050156.69313285
S2,2018,18-29,137550866.12951997
S2,2018,30-65,260798183.41827416
S2,2018,66+,39759350.64983082
S2,2018,15-26,
S2,2018,27-45,
S2,2018,46-65,
S2,2019,00-04,
S2,2019,05-09,
S2,2019,10-14,
S2,2019,15-19,
S2,2019,20-24,
S2,2019,25-29,
S2,2019,30-34,
S2,2019,35-39,
S2,2019,40-44,
S2,2019,45-49,
S2,2019,50-54,
S2,2019,55-59,
S2,2019,60-64,
S2,2019,65-69,
S2,2019,70-74,
S2,2019,75+,
S2,2019,0-8,
S2,2019,9-14,
S2,2019,0-17,210232706.60040912
S2,2019,18-29,138601040.89305976
S2,2019,30-65,266715643.3343445
S2,2019,66+,41407183.637743235
S2,2019,15-26,
S2,2019,27-45,
S2,2019,46-65,
S2,2020,00-04,
S2,2020,05-09,
S2,2020,10-14,
S2,2020,15-19,
S2,2020,20-24,
S2,2020,25-29,
S2,2020,30-34,
S2,2020,35-39,
S2,2020,40-44,
S2,2020,45-49,
S2,2020,50-54,
S2,2020,55-59,
S2,2020,60-64,
S2,2020,65-69,
S2,2020,70-74,
S2,2020,75+,
S2,2020,0-8,
S2,2020,9-14,
S2,2020,0-17,209197212.2987598
S2,2020,18-29,139482329.0492926
S2,2020,30-65,272474082.852077
S2,2020,66+,43161810.944274426
S2,2020,15-26,
S2,2020,27-45,
S2,2020,46-65,
S2,2021,00-04,
S2,2021,05-09,
S2,2021,10-14,
S2,2021,15-19,
S2,2021,20-24,
S2,2021,25-29,
S2,2021,30-34,
S2,2021,35-39,
S2,2021,40-44,
S2,2021,45-49,
S2,2021,50-54,
S2,2021,55-59,
S2,2021,60-64,
S2,2021,65-69,
S2,2021,70-74,
S2,2021,75+,
S2,2021,0-8,
S2,2021,9-14,
S2,2021,0-17,207971341.35567945
S2,2021,18-29,140587564.31005836
S2,2021,30-65,278235983.69070894
S2,2021,66+,44791072.94176376
S2,2021,15-26,
S2,2021,27-45,
S2,2021,46-65,
S2,2022,00-04,
S2,2022,05-09,
S2,2022,10-14,
S2,2022,15-19,
S2,2022,20-24,
S2,2022,25-29,
S2,2022,30-34,
S2,2022,35-39,
S2,2022,40-44,
S2,2022,45-49,
S2,2022,50-54,
S2,2022,55-59,
S2,2022,60-64,
S2,2022,65-69,
S2,2022,70-74,
S2,2022,75+,
S2,2022,0-8,
S2,2022,9-14,
S2,2022,0-17,206653320.32025594
S2,2022,18-29,141582684.089051
S2,2022,30-65,283359785.50090486
S2,2022,66+,45601129.41375077
S2,2022,15-26,
S2,2022,27-45,
S2,2022,46-65,
S2,2023,00-04,
S2,2023,05-09,
S2,2023,10-14,
S2,2023,15-19,
S2,2023,20-24,
S2,2023,25-29,
S2,2023,30-34,
S2,2023,35-39,
S2,2023,40-44,
S2,2023,45-49,
S2,2023,50-54,
S2,2023,55-59,
S2,2023,60-64,
S2,2023,65-69,
S2,2023,70-74,
S2,2023,75+,
S2,2023,0-8,
S2,2023,9-14,
S2,2023,0-17,205314432.72344732
S2,2023,18-29,142258546.30423433
S2,2023,30-65,289003903.40235215
S2,2023,66+,47494722.7489475
S2,2023,15-26,
S2,2023,27-45,
S2,2023,46-65,
S2,2024,00-04,
S2,2024,05-09,
S2,2024,10-14,
S2,2024,15-19,
S2,2024,20-24,
S2,2024,25-29,
S2,2024,30-34,
S2,2024,35-39,
S2,2024,40-44,
S2,2024,45-49,
S2,2024,50-54,
S2,2024,55-59,
S2,2024,60-64,
S2,2024,65-69,
S2,2024,70-74,
S2,2024,75+,
S2,2024,0-8,
S2,2024,9-14,
S2,2024,0-17,204093691.924197
S2,2024,18-29,142918996.23718807
S2,2024,30-65,294656743.1793115
S2,2024,66+,49403321.12230301
S2,2024,15-26,
S2,2024,27-45,
S2,2024,46-65,
S2,2025,00-04,
S2,2025,05-09,
S2,2025,10-14,
S2,2025,15-19,
S2,2025,20-24,
S2,2025,25-29,
S2,2025,30-34,
S2,2025,35-39,
S2,2025,40-44,
S2,2025,45-49,
S2,2025,50-54,
S2,2025,55-59,
S2,2025,60-64,
S2,2025,65-69,
S2,2025,70-74,
S2,2025,75+,
S2,2025,0-8,
S2,2025,9-14,
S2,2025,0-17,202821428.54501984
S2,2025,18-29,143507818.10054907
S2,2025,30-65,300472941.11096007
S2,2025,66+,51398020.80351555
S2,2025,15-26,
S2,2025,27-45,
S2,2025,46-65,
S2,2026,00-04,
S2,2026,05-09,
S2,2026,10-14,
S2,2026,15-19,
S2,2026,20-24,
S2,2026,25-29,
S2,2026,30-34,
S2,2026,35-39,
S2,2026,40-44,
S2,2026,45-49,
S2,2026,50-54,
S2,2026,55-59,
S2,2026,60-64,
S2,2026,65-69,
S2,2026,70-74,
S2,2026,75+,
S2,2026,0-8,
S2,2026,9-14,
S2,2026,0-17,201714668.06335205
S2,2026,18-29,143876292.58999932
S2,2026,30-65,306256386.18396884
S2,2026,66+,53443768.59859371
S2,2026,15-26,
S2,2026,27-45,
S2,2026,46-65,
S2,2027,00-04,
S2,2027,05-09,
S2,2027,10-14,
S2,2027,15-19,
S2,2027,20-24,
S2,2027,25-29,
S2,2027,30-34,
S2,2027,35-39,
S2,2027,40-44,
S2,2027,45-49,
S2,2027,50-54,
S2,2027,55-59,
S2,2027,60-64,
S2,2027,65-69,
S2,2027,70-74,
S2,2027,75+,
S2,2027,0-8,
S2,2027,9-14,
S2,2027,0-17,200729376.590289
S2,2027,18-29,144055037.29519904
S2,2027,30-65,312002824.4878968
S2,2027,66+,55529402.35946584
S2,2027,15-26,
S2,2027,27-45,
S2,2027,46-65,
S2,2028,00-04,
S2,2028,05-09,
S2,2028,10-14,
S2,2028,15-19,
S2,2028,20-24,
S2,2028,25-29,
S2,2028,30-34,
S2,2028,35-39,
S2,2028,40-44,
S2,2028,45-49,
S2,2028,50-54,
S2,2028,55-59,
S2,2028,60-64,
S2,2028,65-69,
S2,2028,70-74,
S2,2028,75+,
S2,2028,0-8,
S2,2028,9-14,
S2,2028,0-17,199790274.9101655
S2,2028,18-29,144091669.92967433
S2,2028,30-65,317714018.78377783
S2,2028,66+,57658810.23361778
S2,2028,15-26,
S2,2028,27-45,
S2,2028,46-65,
S2,2029,00-04,
S2,2029,05-09,
S2,2029,10-14,
S2,2029,15-19,
S2,2029,20-24,
S2,2029,25-29,
S2,2029,30-34,
S2,2029,35-39,
S2,2029,40-44,
S2,2029,45-49,
S2,2029,50-54,
S2,2029,55-59,
S2,2029,60-64,
S2,2029,65-69,
S2,2029,70-74,
S2,2029,75+,
S2,2029,0-8,
S2,2029,9-14,
S2,2029,0-17,198881380.44295925
S2,2029,18-29,143981462.6270501
S2,2029,30-65,323396991.3142307
S2,2029,66+,59817846.0557071
S2,2029,15-26,
S2,2029,27-45,
S2,2029,46-65,
S2,2030,00-04,
S2,2030,05-09,
S2,2030,10-14,
S2,2030,15-19,
S2,2030,20-24,
S2,2030,25-29,
S2,2030,30-34,
S2,2030,35-39,
S2,2030,40-44,
S2,2030,45-49,
S2,2030,50-54,
S2,2030,55-59,
S2,2030,60-64,
S2,2030,65-69,
S2,2030,70-74,
S2,2030,75+,
S2,2030,0-8,
S2,2030,9-14,
S2,2030,0-17,198048096.23470122
S2,2030,18-29,143675063.9108892
S2,2030,30-65,329045818.63895416
S2,2030,66+,62018926.07799423
S2,2030,15-26,
S2,2030,27-45,
S2,2030,46-65,
S2,2031,00-04,
S2,2031,05-09,
S2,2031,10-14,
S2,2031,15-19,
S2,2031,20-24,
S2,2031,25-29,
S2,2031,30-34,
S2,2031,35-39,
S2,2031,40-44,
S2,2031,45-49,
S2,2031,50-54,
S2,2031,55-59,
S2,2031,60-64,
S2,2031,65-69,
S2,2031,70-74,
S2,2031,75+,
S2,2031,0-8,
S2,2031,9-14,
S2,2031,0-17,197176658.89405534
S2,2031,18-29,143158984.96487793
S2,2031,30-65,334770169.6938303
S2,2031,66+,64242464.00952184
S2,2031,15-26,
S2,2031,27-45,
S2,2031,46-65,
S2,2032,00-04,
S2,2032,05-09,
S2,2032,10-14,
S2,2032,15-19,
S2,2032,20-24,
S2,2032,25-29,
S2,2032,30-34,
S2,2032,35-39,
S2,2032,40-44,
S2,2032,45-49,
S2,2032,50-54,
S2,2032,55-59,
S2,2032,60-64,
S2,2032,65-69,
S2,2032,70-74,
S2,2032,75+,
S2,2032,0-8,
S2,2032,9-14,
S2,2032,0-17,196229982.9991175
S2,2032,18-29,142488868.20829308
S2,2032,30-65,340513922.18547297
S2,2032,66+,66510485.971092105
S2,2032,15-26,
S2,2032,27-45,
S2,2032,46-65,
S2,2033,00-04,
S2,2033,05-09,
S2,2033,10-14,
S2,2033,15-19,
S2,2033,20-24,
S2,2033,25-29,
S2,2033,30-34,
S2,2033,35-39,
S2,2033,40-44,
S2,2033,45-49,
S2,2033,50-54,
S2,2033,55-59,
S2,2033,60-64,
S2,2033,65-69,
S2,2033,70-74,
S2,2033,75+,
S2,2033,0-8,
S2,2033,9-14,
S2,2033,0-17,195367160.47907653
S2,2033,18-29,141668541.04192516
S2,2033,30-65,346075444.03478324
S2,2033,66+,68847663.2085532
S2,2033,15-26,
S2,2033,27-45,
S2,2033,46-65,
S2,2034,00-04,
S2,2034,05-09,
S2,2034,10-14,
S2,2034,15-19,
S2,2034,20-24,
S2,2034,25-29,
S2,2034,30-34,
S2,2034,35-39,
S2,2034,40-44,
S2,2034,45-49,
S2,2034,50-54,
S2,2034,55-59,
S2,2034,60-64,
S2,2034,65-69,
S2,2034,70-74,
S2,2034,75+,
S2,2034,0-8,
S2,2034,9-14,
S2,2034,0-17,194477693.2268693
S2,2034,18-29,140884511.0585909
S2,2034,30-65,351357050.7836192
S2,2034,66+,71253312.76321828
S2,2034,15-26,
S2,2034,27-45,
S2,2034,46-65,
S2,2035,00-04,
S2,2035,05-09,
S2,2035,10-14,
S2,2035,15-19,
S2,2035,20-24,
S2,2035,25-29,
S2,2035,30-34,
S2,2035,35-39,
S2,2035,40-44,
S2,2035,45-49,
S2,2035,50-54,
S2,2035,55-59,
S2,2035,60-64,
S2,2035,65-69,
S2,2035,70-74,
S2,2035,75+,
S2,2035,0-8,
S2,2035,9-14,
S2,2035,0-17,193861904.49653772
S2,2035,18-29,139799785.41157076
S2,2035,30-65,356426003.58126295
S2,2035,66+,73690897.75770473
S2,2035,15-26,
S2,2035,27-45,
S2,2035,46-65,
S2,2036,00-04,
S2,2036,05-09,
S2,2036,10-14,
S2,2036,15-19,
S2,2036,20-24,
S2,2036,25-29,
S2,2036,30-34,
S2,2036,35-39,
S2,2036,40-44,
S2,2036,45-49,
S2,2036,50-54,
S2,2036,55-59,
S2,2036,60-64,
S2,2036,65-69,
S2,2036,70-74,
S2,2036,75+,
S2,2036,0-8,
S2,2036,9-14,
S2,2036,0-17,193200751.1442794
S2,2036,18-29,138810600.94082704
S2,2036,30-65,361165947.9773105
S2,2036,66+,76178511.25632977
S2,2036,15-26,
S2,2036,27-45,
S2,2036,46-65,
S2,2037,00-04,
S2,2037,05-09,
S2,2037,10-14,
S2,2037,15-19,
S2,2037,20-24,
S2,2037,25-29,
S2,2037,30-34,
S2,2037,35-39,
S2,2037,40-44,
S2,2037,45-49,
S2,2037,50-54,
S2,2037,55-59,
S2,2037,60-64,
S2,2037,65-69,
S2,2037,70-74,
S2,2037,75+,
S2,2037,0-8,
S2,2037,9-14,
S2,2037,0-17,192399783.59280998
S2,2037,18-29,137965122.83142936
S2,2037,30-65,365572261.9715051
S2,2037,66+,78750058.64008296
S2,2037,15-26,
S2,2037,27-45,
S2,2037,46-65,
S2,2038,00-04,
S2,2038,05-09,
S2,2038,10-14,
S2,2038,15-19,
S2,2038,20-24,
S2,2038,25-29,
S2,2038,30-34,
S2,2038,35-39,
S2,2038,40-44,
S2,2038,45-49,
S2,2038,50-54,
S2,2038,55-59,
S2,2038,60-64,
S2,2038,65-69,
S2,2038,70-74,
S2,2038,75+,
S2,2038,0-8,
S2,2038,9-14,
S2,2038,0-17,191674214.78130454
S2,2038,18-29,136991635.0211715
S2,2038,30-65,369682499.4602984
S2,2038,66+,81382308.92598307
S2,2038,15-26,
S2,2038,27-45,
S2,2038,46-65,
S2,2039,00-04,
S2,2039,05-09,
S2,2039,10-14,
S2,2039,15-19,
S2,2039,20-24,
S2,2039,25-29,
S2,2039,30-34,
S2,2039,35-39,
S2,2039,40-44,
S2,2039,45-49,
S2,2039,50-54,
S2,2039,55-59,
S2,2039,60-64,
S2,2039,65-69,
S2,2039,70-74,
S2,2039,75+,
S2,2039,0-8,
S2,2039,9-14,
S2,2039,0-17,190731619.42671108
S2,2039,18-29,136079918.22435987
S2,2039,30-65,373571653.0404172
S2,2039,66+,84099758.51420546
S2,2039,15-26,
S2,2039,27-45,
S2,2039,46-65,
S2,2040,00-04,
S2,2040,05-09,
S2,2040,10-14,
S2,2040,15-19,
S2,2040,20-24,
S2,2040,25-29,
S2,2040,30-34,
S2,2040,35-39,
S2,2040,40-44,
S2,2040,45-49,
S2,2040,50-54,
S2,2040,55-59,
S2,2040,60-64,
S2,2040,65-69,
S2,2040,70-74,
S2,2040,75+,
S2,2040,0-8,
S2,2040,9-14,
S2,2040,0-17,189766417.72906527
S2,2040,18-29,134979390.99013868
S2,2040,30-65,377333195.1492603
S2,2040,66+,86875300.46343446
S2,2040,15-26,
S2,2040,27-45,
S2,2040,46-65,
S2,2041,00-04,
S2,2041,05-09,
S2,2041,10-14,
S2,2041,15-19,
S2,2041,20-24,
S2,2041,25-29,
S2,2041,30-34,
S2,2041,35-39,
S2,2041,40-44,
S2,2041,45-49,
S2,2041,50-54,
S2,2041,55-59,
S2,2041,60-64,
S2,2041,65-69,
S2,2041,70-74,
S2,2041,75+,
S2,2041,0-8,
S2,2041,9-14,
S2,2041,0-17,188884164.85189086
S2,2041,18-29,133764013.14810914
S2,2041,30-65,380844612.5364721
S2,2041,66+,89658998.46352792
S2,2041,15-26,
S2,2041,27-45,
S2,2041,46-65,
S2,2042,00-04,
S2,2042,05-09,
S2,2042,10-14,
S2,2042,15-19,
S2,2042,20-24,
S2,2042,25-29,
S2,2042,30-34,
S2,2042,35-39,
S2,2042,40-44,
S2,2042,45-49,
S2,2042,50-54,
S2,2042,55-59,
S2,2042,60-64,
S2,2042,65-69,
S2,2042,70-74,
S2,2042,75+,
S2,2042,0-8,
S2,2042,9-14,
S2,2042,0-17,187935977.3754687
S2,2042,18-29,132546498.6245313
S2,2042,30-65,384081063.42875826
S2,2042,66+,92540915.57124174
S2,2042,15-26,
S2,2042,27-45,
S2,2042,46-65,
S2,2043,00-04,
S2,2043,05-09,
S2,2043,10-14,
S2,2043,15-19,
S2,2043,20-24,
S2,2043,25-29,
S2,2043,30-34,
S2,2043,35-39,
S2,2043,40-44,
S2,2043,45-49,
S2,2043,50-54,
S2,2043,55-59,
S2,2043,60-64,
S2,2043,65-69,
S2,2043,70-74,
S2,2043,75+,
S2,2043,0-8,
S2,2043,9-14,
S2,2043,0-17,186873831.52057835
S2,2043,18-29,131405757.47942165
S2,2043,30-65,387142665.02792335
S2,2043,66+,95425787.97207654
S2,2043,15-26,
S2,2043,27-45,
S2,2043,46-65,
S2,2044,00-04,
S2,2044,05-09,
S2,2044,10-14,
S2,2044,15-19,
S2,2044,20-24,
S2,2044,25-29,
S2,2044,30-34,
S2,2044,35-39,
S2,2044,40-44,
S2,2044,45-49,
S2,2044,50-54,
S2,2044,55-59,
S2,2044,60-64,
S2,2044,65-69,
S2,2044,70-74,
S2,2044,75+,
S2,2044,0-8,
S2,2044,9-14,
S2,2044,0-17,185741788.4666574
S2,2044,18-29,130390841.5333426
S2,2044,30-65,389883946.25734985
S2,2044,66+,98361804.74265003
S2,2044,15-26,
S2,2044,27-45,
S2,2044,46-65,
S2,2045,00-04,
S2,2045,05-09,
S2,2045,10-14,
S2,2045,15-19,
S2,2045,20-24,
S2,2045,25-29,
S2,2045,30-34,
S2,2045,35-39,
S2,2045,40-44,
S2,2045,45-49,
S2,2045,50-54,
S2,2045,55-59,
S2,2045,60-64,
S2,2045,65-69,
S2,2045,70-74,
S2,2045,75+,
S2,2045,0-8,
S2,2045,9-14,
S2,2045,0-17,184522392.3973331
S2,2045,18-29,129780984.60266691
S2,2045,30-65,392019128.0054673
S2,2045,66+,101402100.9945327
S2,2045,15-26,
S2,2045,27-45,
S2,2045,46-65,
S2,2046,00-04,
S2,2046,05-09,
S2,2046,10-14,
S2,2046,15-19,
S2,2046,20-24,
S2,2046,25-29,
S2,2046,30-34,
S2,2046,35-39,
S2,2046,40-44,
S2,2046,45-49,
S2,2046,50-54,
S2,2046,55-59,
S2,2046,60-64,
S2,2046,65-69,
S2,2046,70-74,
S2,2046,75+,
S2,2046,0-8,
S2,2046,9-14,
S2,2046,0-17,183221296.14158034
S2,2046,18-29,129089975.85841966
S2,2046,30-65,393983469.6395695
S2,2046,66+,104577528.36043036
S2,2046,15-26,
S2,2046,27-45,
S2,2046,46-65,
S2,2047,00-04,
S2,2047,05-09,
S2,2047,10-14,
S2,2047,15-19,
S2,2047,20-24,
S2,2047,25-29,
S2,2047,30-34,
S2,2047,35-39,
S2,2047,40-44,
S2,2047,45-49,
S2,2047,50-54,
S2,2047,55-59,
S2,2047,60-64,
S2,2047,65-69,
S2,2047,70-74,
S2,2047,75+,
S2,2047,0-8,
S2,2047,9-14,
S2,2047,0-17,181864318.1975384
S2,2047,18-29,128305016.8024616
S2,2047,30-65,395813020.13188374
S2,2047,66+,107840830.86811638
S2,2047,15-26,
S2,2047,27-45,
S2,2047,46-65,
S2,2048,00-04,
S2,2048,05-09,
S2,2048,10-14,
S2,2048,15-19,
S2,2048,20-24,
S2,2048,25-29,
S2,2048,30-34,
S2,2048,35-39,
S2,2048,40-44,
S2,2048,45-49,
S2,2048,50-54,
S2,2048,55-59,
S2,2048,60-64,
S2,2048,65-69,
S2,2048,70-74,
S2,2048,75+,
S2,2048,0-8,
S2,2048,9-14,
S2,2048,0-17,180466508.60126016
S2,2048,18-29,127780048.39873984
S2,2048,30-65,397149379.4143758
S2,2048,66+,111176535.5856241
S2,2048,15-26,
S2,2048,27-45,
S2,2048,46-65,
S2,2049,00-04,
S2,2049,05-09,
S2,2049,10-14,
S2,2049,15-19,
S2,2049,20-24,
S2,2049,25-29,
S2,2049,30-34,
S2,2049,35-39,
S2,2049,40-44,
S2,2049,45-49,
S2,2049,50-54,
S2,2049,55-59,
S2,2049,60-64,
S2,2049,65-69,
S2,2049,70-74,
S2,2049,75+,
S2,2049,0-8,
S2,2049,9-14,
S2,2049,0-17,179041349.80598712
S2,2049,18-29,127103976.19401288
S2,2049,30-65,398376129.85681736
S2,2049,66+,114607682.14318264
S2,2049,15-26,
S2,2049,27-45,
S2,2049,46-65,
S2,2050,00-04,
S2,2050,05-09,
S2,2050,10-14,
S2,2050,15-19,
S2,2050,20-24,
S2,2050,25-29,
S2,2050,30-34,
S2,2050,35-39,
S2,2050,40-44,
S2,2050,45-49,
S2,2050,50-54,
S2,2050,55-59,
S2,2050,60-64,
S2,2050,65-69,
S2,2050,70-74,
S2,2050,75+,
S2,2050,0-8,
S2,2050,9-14,
S2,2050,0-17,177598616.23408407
S2,2050,18-29,126579668.76591593
S2,2050,30-65,399168542.75611126
S2,2050,66+,118162724.24388874
S2,2050,15-26,
S2,2050,27-45,
S2,2050,46-65,
S2,2051,00-04,
S2,2051,05-09,
S2,2051,10-14,
S2,2051,15-19,
S2,2051,20-24,
S2,2051,25-29,
S2,2051,30-34,
S2,2051,35-39,
S2,2051,40-44,
S2,2051,45-49,
S2,2051,50-54,
S2,2051,55-59,
S2,2051,60-64,
S2,2051,65-69,
S2,2051,70-74,
S2,2051,75+,
S2,2051,0-8,
S2,2051,9-14,
S2,2051,0-17,176141955.8071359
S2,2051,18-29,126276165.19286409
S2,2051,30-65,399515591.58257675
S2,2051,66+,121791207.41742325
S2,2051,15-26,
S2,2051,27-45,
S2,2051,46-65,
S2,2052,00-04,
S2,2052,05-09,
S2,2052,10-14,
S2,2052,15-19,
S2,2052,20-24,
S2,2052,25-29,
S2,2052,30-34,
S2,2052,35-39,
S2,2052,40-44,
S2,2052,45-49,
S2,2052,50-54,
S2,2052,55-59,
S2,2052,60-64,
S2,2052,65-69,
S2,2052,70-74,
S2,2052,75+,
S2,2052,0-8,
S2,2052,9-14,
S2,2052,0-17,174691272.43450946
S2,2052,18-29,125959390.56549054
S2,2052,30-65,399568287.5251334
S2,2052,66+,125548199.47486675
S2,2052,15-26,
S2,2052,27-45,
S2,2052,46-65,
S2,2053,00-04,
S2,2053,05-09,
S2,2053,10-14,
S2,2053,15-19,
S2,2053,20-24,
S2,2053,25-29,
S2,2053,30-34,
S2,2053,35-39,
S2,2053,40-44,
S2,2053,45-49,
S2,2053,50-54,
S2,2053,55-59,
S2,2053,60-64,
S2,2053,65-69,
S2,2053,70-74,
S2,2053,75+,
S2,2053,0-8,
S2,2053,9-14,
S2,2053,0-17,173257033.63245335
S2,2053,18-29,125560660.36754665
S2,2053,30-65,399534191.59074044
S2,2053,66+,129284801.40925956
S2,2053,15-26,
S2,2053,27-45,
S2,2053,46-65,
S2,2054,00-04,
S2,2054,05-09,
S2,2054,10-14,
S2,2054,15-19,
S2,2054,20-24,
S2,2054,25-29,
S2,2054,30-34,
S2,2054,35-39,
S2,2054,40-44,
S2,2054,45-49,
S2,2054,50-54,
S2,2054,55-59,
S2,2054,60-64,
S2,2054,65-69,
S2,2054,70-74,
S2,2054,75+,
S2,2054,0-8,
S2,2054,9-14,
S2,2054,0-17,171848664.38841158
S2,2054,18-29,125090849.61158842
S2,2054,30-65,399343501.9174104
S2,2054,66+,133061384.08258963
S2,2054,15-26,
S2,2054,27-45,
S2,2054,46-65,
S2,2055,00-04,
S2,2055,05-09,
S2,2055,10-14,
S2,2055,15-19,
S2,2055,20-24,
S2,2055,25-29,
S2,2055,30-34,
S2,2055,35-39,
S2,2055,40-44,
S2,2055,45-49,
S2,2055,50-54,
S2,2055,55-59,
S2,2055,60-64,
S2,2055,65-69,
S2,2055,70-74,
S2,2055,75+,
S2,2055,0-8,
S2,2055,9-14,
S2,2055,0-17,170448480.70875108
S2,2055,18-29,124534692.29124892
S2,2055,30-65,399009356.95938027
S2,2055,66+,136862643.04061985
S2,2055,15-26,
S2,2055,27-45,
S2,2055,46-65,
S2,2056,00-04,
S2,2056,05-09,
S2,2056,10-14,
S2,2056,15-19,
S2,2056,20-24,
S2,2056,25-29,
S2,2056,30-34,
S2,2056,35-39,
S2,2056,40-44,
S2,2056,45-49,
S2,2056,50-54,
S2,2056,55-59,
S2,2056,60-64,
S2,2056,65-69,
S2,2056,70-74,
S2,2056,75+,
S2,2056,0-8,
S2,2056,9-14,
S2,2056,0-17,169077474.82811198
S2,2056,18-29,123933580.17188802
S2,2056,30-65,398570628.6154369
S2,2056,66+,140633094.3845631
S2,2056,15-26,
S2,2056,27-45,
S2,2056,46-65,
S2,2057,00-04,
S2,2057,05-09,
S2,2057,10-14,
S2,2057,15-19,
S2,2057,20-24,
S2,2057,25-29,
S2,2057,30-34,
S2,2057,35-39,
S2,2057,40-44,
S2,2057,45-49,
S2,2057,50-54,
S2,2057,55-59,
S2,2057,60-64,
S2,2057,65-69,
S2,2057,70-74,
S2,2057,75+,
S2,2057,0-8,
S2,2057,9-14,
S2,2057,0-17,167754327.6762398
S2,2057,18-29,123254066.32376021
S2,2057,30-65,397987389.72738564
S2,2057,66+,144412293.27261424
S2,2057,15-26,
S2,2057,27-45,
S2,2057,46-65,
S2,2058,00-04,
S2,2058,05-09,
S2,2058,10-14,
S2,2058,15-19,
S2,2058,20-24,
S2,2058,25-29,
S2,2058,30-34,
S2,2058,35-39,
S2,2058,40-44,
S2,2058,45-49,
S2,2058,50-54,
S2,2058,55-59,
S2,2058,60-64,
S2,2058,65-69,
S2,2058,70-74,
S2,2058,75+,
S2,2058,0-8,
S2,2058,9-14,
S2,2058,0-17,166482768.90997514
S2,2058,18-29,122513084.09002486
S2,2058,30-65,397302879.97406983
S2,2058,66+,148153326.0259303
S2,2058,15-26,
S2,2058,27-45,
S2,2058,46-65,
S2,2059,00-04,
S2,2059,05-09,
S2,2059,10-14,
S2,2059,15-19,
S2,2059,20-24,
S2,2059,25-29,
S2,2059,30-34,
S2,2059,35-39,
S2,2059,40-44,
S2,2059,45-49,
S2,2059,50-54,
S2,2059,55-59,
S2,2059,60-64,
S2,2059,65-69,
S2,2059,70-74,
S2,2059,75+,
S2,2059,0-8,
S2,2059,9-14,
S2,2059,0-17,165253317.9756895
S2,2059,18-29,121711863.0243105
S2,2059,30-65,396516793.4468825
S2,2059,66+,151843896.5531174
S2,2059,15-26,
S2,2059,27-45,
S2,2059,46-65,
S2,2060,00-04,
S2,2060,05-09,
S2,2060,10-14,
S2,2060,15-19,
S2,2060,20-24,
S2,2060,25-29,
S2,2060,30-34,
S2,2060,35-39,
S2,2060,40-44,
S2,2060,45-49,
S2,2060,50-54,
S2,2060,55-59,
S2,2060,60-64,
S2,2060,65-69,
S2,2060,70-74,
S2,2060,75+,
S2,2060,0-8,
S2,2060,9-14,
S2,2060,0-17,164062602.09821606
S2,2060,18-29,120852737.90178394
S2,2060,30-65,395603768.07084846
S2,2060,66+,155514802.92915142
S2,2060,15-26,
S2,2060,27-45,
S2,2060,46-65,
S2,2061,00-04,
S2,2061,05-09,
S2,2061,10-14,
S2,2061,15-19,
S2,2061,20-24,
S2,2061,25-29,
S2,2061,30-34,
S2,2061,35-39,
S2,2061,40-44,
S2,2061,45-49,
S2,2061,50-54,
S2,2061,55-59,
S2,2061,60-64,
S2,2061,65-69,
S2,2061,70-74,
S2,2061,75+,
S2,2061,0-8,
S2,2061,9-14,
S2,2061,0-17,162903863.99983343
S2,2061,18-29,119937639.00016657
S2,2061,30-65,394595508.40475404
S2,2061,66+,159134801.59524608
S2,2061,15-26,
S2,2061,27-45,
S2,2061,46-65,
S2,2062,00-04,
S2,2062,05-09,
S2,2062,10-14,
S2,2062,15-19,
S2,2062,20-24,
S2,2062,25-29,
S2,2062,30-34,
S2,2062,35-39,
S2,2062,40-44,
S2,2062,45-49,
S2,2062,50-54,
S2,2062,55-59,
S2,2062,60-64,
S2,2062,65-69,
S2,2062,70-74,
S2,2062,75+,
S2,2062,0-8,
S2,2062,9-14,
S2,2062,0-17,161769599.59758565
S2,2062,18-29,118977105.40241435
S2,2062,30-65,393461877.4321383
S2,2062,66+,162706960.56786156
S2,2062,15-26,
S2,2062,27-45,
S2,2062,46-65,
S2,2063,00-04,
S2,2063,05-09,
S2,2063,10-14,
S2,2063,15-19,
S2,2063,20-24,
S2,2063,25-29,
S2,2063,30-34,
S2,2063,35-39,
S2,2063,40-44,
S2,2063,45-49,
S2,2063,50-54,
S2,2063,55-59,
S2,2063,60-64,
S2,2063,65-69,
S2,2063,70-74,
S2,2063,75+,
S2,2063,0-8,
S2,2063,9-14,
S2,2063,0-17,160682950.54742
S2,2063,18-29,117991413.45258
S2,2063,30-65,392187514.88061523
S2,2063,66+,166232750.11938477
S2,2063,15-26,
S2,2063,27-45,
S2,2063,46-65,
S2,2064,00-04,
S2,2064,05-09,
S2,2064,10-14,
S2,2064,15-19,
S2,2064,20-24,
S2,2064,25-29,
S2,2064,30-34,
S2,2064,35-39,
S2,2064,40-44,
S2,2064,45-49,
S2,2064,50-54,
S2,2064,55-59,
S2,2064,60-64,
S2,2064,65-69,
S2,2064,70-74,
S2,2064,75+,
S2,2064,0-8,
S2,2064,9-14,
S2,2064,0-17,159621666.40180779
S2,2064,18-29,116986517.59819221
S2,2064,30-65,390775303.58955085
S2,2064,66+,169723525.41044915
S2,2064,15-26,
S2,2064,27-45,
S2,2064,46-65,
S2,2065,00-04,
S2,2065,05-09,
S2,2065,10-14,
S2,2065,15-19,
S2,2065,20-24,
S2,2065,25-29,
S2,2065,30-34,
S2,2065,35-39,
S2,2065,40-44,
S2,2065,45-49,
S2,2065,50-54,
S2,2065,55-59,
S2,2065,60-64,
S2,2065,65-69,
S2,2065,70-74,
S2,2065,75+,
S2,2065,0-8,
S2,2065,9-14,
S2,2065,0-17,158579602.94845414
S2,2065,18-29,115968256.05154586
S2,2065,30-65,389209957.6789707
S2,2065,66+,173186535.3210292
S2,2065,15-26,
S2,2065,27-45,
S2,2065,46-65,
S2,2066,00-04,
S2,2066,05-09,
S2,2066,10-14,
S2,2066,15-19,
S2,2066,20-24,
S2,2066,25-29,
S2,2066,30-34,
S2,2066,35-39,
S2,2066,40-44,
S2,2066,45-49,
S2,2066,50-54,
S2,2066,55-59,
S2,2066,60-64,
S2,2066,65-69,
S2,2066,70-74,
S2,2066,75+,
S2,2066,0-8,
S2,2066,9-14,
S2,2066,0-17,157554156.02327615
S2,2066,18-29,114934849.97672385
S2,2066,30-65,387404336.44602025
S2,2066,66+,176696951.55397987
S2,2066,15-26,
S2,2066,27-45,
S2,2066,46-65,
S2,2067,00-04,
S2,2067,05-09,
S2,2067,10-14,
S2,2067,15-19,
S2,2067,20-24,
S2,2067,25-29,
S2,2067,30-34,
S2,2067,35-39,
S2,2067,40-44,
S2,2067,45-49,
S2,2067,50-54,
S2,2067,55-59,
S2,2067,60-64,
S2,2067,65-69,
S2,2067,70-74,
S2,2067,75+,
S2,2067,0-8,
S2,2067,9-14,
S2,2067,0-17,156544492.5438313
S2,2067,18-29,113916375.45616871
S2,2067,30-65,385387650.119043
S2,2067,66+,180236642.880957
S2,2067,15-26,
S2,2067,27-45,
S2,2067,46-65,
S2,2068,00-04,
S2,2068,05-09,
S2,2068,10-14,
S2,2068,15-19,
S2,2068,20-24,
S2,2068,25-29,
S2,2068,30-34,
S2,2068,35-39,
S2,2068,40-44,
S2,2068,45-49,
S2,2068,50-54,
S2,2068,55-59,
S2,2068,60-64,
S2,2068,65-69,
S2,2068,70-74,
S2,2068,75+,
S2,2068,0-8,
S2,2068,9-14,
S2,2068,0-17,155541864.65053537
S2,2068,18-29,112906848.34946463
S2,2068,30-65,383285498.4088901
S2,2068,66+,183652100.59110987
S2,2068,15-26,
S2,2068,27-45,
S2,2068,46-65,
S2,2069,00-04,
S2,2069,05-09,
S2,2069,10-14,
S2,2069,15-19,
S2,2069,20-24,
S2,2069,25-29,
S2,2069,30-34,
S2,2069,35-39,
S2,2069,40-44,
S2,2069,45-49,
S2,2069,50-54,
S2,2069,55-59,
S2,2069,60-64,
S2,2069,65-69,
S2,2069,70-74,
S2,2069,75+,
S2,2069,0-8,
S2,2069,9-14,
S2,2069,0-17,154532071.58393207
S2,2069,18-29,111927156.41606793
S2,2069,30-65,381165851.83954966
S2,2069,66+,186871506.16045034
S2,2069,15-26,
S2,2069,27-45,
S2,2069,46-65,
S2,2070,00-04,
S2,2070,05-09,
S2,2070,10-14,
S2,2070,15-19,
S2,2070,20-24,
S2,2070,25-29,
S2,2070,30-34,
S2,2070,35-39,
S2,2070,40-44,
S2,2070,45-49,
S2,2070,50-54,
S2,2070,55-59,
S2,2070,60-64,
S2,2070,65-69,
S2,2070,70-74,
S2,2070,75+,
S2,2070,0-8,
S2,2070,9-14,
S2,2070,0-17,153509358.39934048
S2,2070,18-29,110978075.60065952
S2,2070,30-65,379013069.3791506
S2,2070,66+,189924355.62084937
S2,2070,15-26,
S2,2070,27-45,
S2,2070,46-65,
S2,2071,00-04,
S2,2071,05-09,
S2,2071,10-14,
S2,2071,15-19,
S2,2071,20-24,
S2,2071,25-29,
S2,2071,30-34,
S2,2071,35-39,
S2,2071,40-44,
S2,2071,45-49,
S2,2071,50-54,
S2,2071,55-59,
S2,2071,60-64,
S2,2071,65-69,
S2,2071,70-74,
S2,2071,75+,
S2,2071,0-8,
S2,2071,9-14,
S2,2071,0-17,152475123.76014906
S2,2071,18-29,110050871.23985094
S2,2071,30-65,376887219.6543783
S2,2071,66+,192759602.34562182
S2,2071,15-26,
S2,2071,27-45,
S2,2071,46-65,
S2,2072,00-04,
S2,2072,05-09,
S2,2072,10-14,
S2,2072,15-19,
S2,2072,20-24,
S2,2072,25-29,
S2,2072,30-34,
S2,2072,35-39,
S2,2072,40-44,
S2,2072,45-49,
S2,2072,50-54,
S2,2072,55-59,
S2,2072,60-64,
S2,2072,65-69,
S2,2072,70-74,
S2,2072,75+,
S2,2072,0-8,
S2,2072,9-14,
S2,2072,0-17,151427041.95834258
S2,2072,18-29,109174240.04165742
S2,2072,30-65,374753900.57058585
S2,2072,66+,195403884.42941415
S2,2072,15-26,
S2,2072,27-45,
S2,2072,46-65,
S2,2073,00-04,
S2,2073,05-09,
S2,2073,10-14,
S2,2073,15-19,
S2,2073,20-24,
S2,2073,25-29,
S2,2073,30-34,
S2,2073,35-39,
S2,2073,40-44,
S2,2073,45-49,
S2,2073,50-54,
S2,2073,55-59,
S2,2073,60-64,
S2,2073,65-69,
S2,2073,70-74,
S2,2073,75+,
S2,2073,0-8,
S2,2073,9-14,
S2,2073,0-17,150359305.79793364
S2,2073,18-29,108339172.20206636
S2,2073,30-65,372606874.95775795
S2,2073,66+,197857414.04224205
S2,2073,15-26,
S2,2073,27-45,
S2,2073,46-65,
S2,2074,00-04,
S2,2074,05-09,
S2,2074,10-14,
S2,2074,15-19,
S2,2074,20-24,
S2,2074,25-29,
S2,2074,30-34,
S2,2074,35-39,
S2,2074,40-44,
S2,2074,45-49,
S2,2074,50-54,
S2,2074,55-59,
S2,2074,60-64,
S2,2074,65-69,
S2,2074,70-74,
S2,2074,75+,
S2,2074,0-8,
S2,2074,9-14,
S2,2074,0-17,149279905.7918828
S2,2074,18-29,107543203.20811719
S2,2074,30-65,370384451.3017124
S2,2074,66+,200212766.69828773
S2,2074,15-26,
S2,2074,27-45,
S2,2074,46-65,
S2,2075,00-04,
S2,2075,05-09,
S2,2075,10-14,
S2,2075,15-19,
S2,2075,20-24,
S2,2075,25-29,
S2,2075,30-34,
S2,2075,35-39,
S2,2075,40-44,
S2,2075,45-49,
S2,2075,50-54,
S2,2075,55-59,
S2,2075,60-64,
S2,2075,65-69,
S2,2075,70-74,
S2,2075,75+,
S2,2075,0-8,
S2,2075,9-14,
S2,2075,0-17,148197157.70543826
S2,2075,18-29,106768325.29456174
S2,2075,30-65,368016155.90671086
S2,2075,66+,202533162.09328902
S2,2075,15-26,
S2,2075,27-45,
S2,2075,46-65,
S2,2076,00-04,
S2,2076,05-09,
S2,2076,10-14,
S2,2076,15-19,
S2,2076,20-24,
S2,2076,25-29,
S2,2076,30-34,
S2,2076,35-39,
S2,2076,40-44,
S2,2076,45-49,
S2,2076,50-54,
S2,2076,55-59,
S2,2076,60-64,
S2,2076,65-69,
S2,2076,70-74,
S2,2076,75+,
S2,2076,0-8,
S2,2076,9-14,
S2,2076,0-17,147090222.42325976
S2,2076,18-29,106036916.57674024
S2,2076,30-65,365672563.1482861
S2,2076,66+,204644630.8517139
S2,2076,15-26,
S2,2076,27-45,
S2,2076,46-65,
S2,2077,00-04,
S2,2077,05-09,
S2,2077,10-14,
S2,2077,15-19,
S2,2077,20-24,
S2,2077,25-29,
S2,2077,30-34,
S2,2077,35-39,
S2,2077,40-44,
S2,2077,45-49,
S2,2077,50-54,
S2,2077,55-59,
S2,2077,60-64,
S2,2077,65-69,
S2,2077,70-74,
S2,2077,75+,
S2,2077,0-8,
S2,2077,9-14,
S2,2077,0-17,145972297.93322808
S2,2077,18-29,105341421.06677192
S2,2077,30-65,363319232.5819322
S2,2077,66+,206605808.4180678
S2,2077,15-26,
S2,2077,27-45,
S2,2077,46-65,
S2,2078,00-04,
S2,2078,05-09,
S2,2078,10-14,
S2,2078,15-19,
S2,2078,20-24,
S2,2078,25-29,
S2,2078,30-34,
S2,2078,35-39,
S2,2078,40-44,
S2,2078,45-49,
S2,2078,50-54,
S2,2078,55-59,
S2,2078,60-64,
S2,2078,65-69,
S2,2078,70-74,
S2,2078,75+,
S2,2078,0-8,
S2,2078,9-14,
S2,2078,0-17,144842726.43910125
S2,2078,18-29,104686451.56089875
S2,2078,30-65,360927356.3282367
S2,2078,66+,208436986.6717633
S2,2078,15-26,
S2,2078,27-45,
S2,2078,46-65,
S2,2079,00-04,
S2,2079,05-09,
S2,2079,10-14,
S2,2079,15-19,
S2,2079,20-24,
S2,2079,25-29,
S2,2079,30-34,
S2,2079,35-39,
S2,2079,40-44,
S2,2079,45-49,
S2,2079,50-54,
S2,2079,55-59,
S2,2079,60-64,
S2,2079,65-69,
S2,2079,70-74,
S2,2079,75+,
S2,2079,0-8,
S2,2079,9-14,
S2,2079,0-17,143706650.1715542
S2,2079,18-29,104051599.82844579
S2,2079,30-65,358599316.78081214
S2,2079,66+,210057235.21918786
S2,2079,15-26,
S2,2079,27-45,
S2,2079,46-65,
S2,2080,00-04,
S2,2080,05-09,
S2,2080,10-14,
S2,2080,15-19,
S2,2080,20-24,
S2,2080,25-29,
S2,2080,30-34,
S2,2080,35-39,
S2,2080,40-44,
S2,2080,45-49,
S2,2080,50-54,
S2,2080,55-59,
S2,2080,60-64,
S2,2080,65-69,
S2,2080,70-74,
S2,2080,75+,
S2,2080,0-8,
S2,2080,9-14,
S2,2080,0-17,142561418.72162682
S2,2080,18-29,103424669.27837318
S2,2080,30-65,356517082.09152126
S2,2080,66+,211303950.90847886
S2,2080,15-26,
S2,2080,27-45,
S2,2080,46-65,
S2,2081,00-04,
S2,2081,05-09,
S2,2081,10-14,
S2,2081,15-19,
S2,2081,20-24,
S2,2081,25-29,
S2,2081,30-34,
S2,2081,35-39,
S2,2081,40-44,
S2,2081,45-49,
S2,2081,50-54,
S2,2081,55-59,
S2,2081,60-64,
S2,2081,65-69,
S2,2081,70-74,
S2,2081,75+,
S2,2081,0-8,
S2,2081,9-14,
S2,2081,0-17,141420203.77833664
S2,2081,18-29,102800909.22166336
S2,2081,30-65,354307643.0211352
S2,2081,66+,212547126.9788648
S2,2081,15-26,
S2,2081,27-45,
S2,2081,46-65,
S2,2082,00-04,
S2,2082,05-09,
S2,2082,10-14,
S2,2082,15-19,
S2,2082,20-24,
S2,2082,25-29,
S2,2082,30-34,
S2,2082,35-39,
S2,2082,40-44,
S2,2082,45-49,
S2,2082,50-54,
S2,2082,55-59,
S2,2082,60-64,
S2,2082,65-69,
S2,2082,70-74,
S2,2082,75+,
S2,2082,0-8,
S2,2082,9-14,
S2,2082,0-17,140280546.59509856
S2,2082,18-29,102171558.40490144
S2,2082,30-65,351992572.0931299
S2,2082,66+,213790330.90687013
S2,2082,15-26,
S2,2082,27-45,
S2,2082,46-65,
S2,2083,00-04,
S2,2083,05-09,
S2,2083,10-14,
S2,2083,15-19,
S2,2083,20-24,
S2,2083,25-29,
S2,2083,30-34,
S2,2083,35-39,
S2,2083,40-44,
S2,2083,45-49,
S2,2083,50-54,
S2,2083,55-59,
S2,2083,60-64,
S2,2083,65-69,
S2,2083,70-74,
S2,2083,75+,
S2,2083,0-8,
S2,2083,9-14,
S2,2083,0-17,139153305.9166799
S2,2083,18-29,101552257.08332011
S2,2083,30-65,349881072.87789524
S2,2083,66+,214714642.12210488
S2,2083,15-26,
S2,2083,27-45,
S2,2083,46-65,
S2,2084,00-04,
S2,2084,05-09,
S2,2084,10-14,
S2,2084,15-19,
S2,2084,20-24,
S2,2084,25-29,
S2,2084,30-34,
S2,2084,35-39,
S2,2084,40-44,
S2,2084,45-49,
S2,2084,50-54,
S2,2084,55-59,
S2,2084,60-64,
S2,2084,65-69,
S2,2084,70-74,
S2,2084,75+,
S2,2084,0-8,
S2,2084,9-14,
S2,2084,0-17,138036758.00704002
S2,2084,18-29,100918044.99295998
S2,2084,30-65,347651863.5708641
S2,2084,66+,215651941.42913592
S2,2084,15-26,
S2,2084,27-45,
S2,2084,46-65,
S2,2085,00-04,
S2,2085,05-09,
S2,2085,10-14,
S2,2085,15-19,
S2,2085,20-24,
S2,2085,25-29,
S2,2085,30-34,
S2,2085,35-39,
S2,2085,40-44,
S2,2085,45-49,
S2,2085,50-54,
S2,2085,55-59,
S2,2085,60-64,
S2,2085,65-69,
S2,2085,70-74,
S2,2085,75+,
S2,2085,0-8,
S2,2085,9-14,
S2,2085,0-17,136935950.20429328
S2,2085,18-29,100288816.79570672
S2,2085,30-65,345585509.25635624
S2,2085,66+,216323356.74364376
S2,2085,15-26,
S2,2085,27-45,
S2,2085,46-65,
S2,2086,00-04,
S2,2086,05-09,
S2,2086,10-14,
S2,2086,15-19,
S2,2086,20-24,
S2,2086,25-29,
S2,2086,30-34,
S2,2086,35-39,
S2,2086,40-44,
S2,2086,45-49,
S2,2086,50-54,
S2,2086,55-59,
S2,2086,60-64,
S2,2086,65-69,
S2,2086,70-74,
S2,2086,75+,
S2,2086,0-8,
S2,2086,9-14,
S2,2086,0-17,135848773.62318006
S2,2086,18-29,99638127.37681994
S2,2086,30-65,343675134.13905
S2,2086,66+,216744130.86095
S2,2086,15-26,
S2,2086,27-45,
S2,2086,46-65,
S2,2087,00-04,
S2,2087,05-09,
S2,2087,10-14,
S2,2087,15-19,
S2,2087,20-24,
S2,2087,25-29,
S2,2087,30-34,
S2,2087,35-39,
S2,2087,40-44,
S2,2087,45-49,
S2,2087,50-54,
S2,2087,55-59,
S2,2087,60-64,
S2,2087,65-69,
S2,2087,70-74,
S2,2087,75+,
S2,2087,0-8,
S2,2087,9-14,
S2,2087,0-17,134780606.97302672
S2,2087,18-29,98963396.02697328
S2,2087,30-65,341759015.31689155
S2,2087,66+,217102952.68310845
S2,2087,15-26,
S2,2087,27-45,
S2,2087,46-65,
S2,2088,00-04,
S2,2088,05-09,
S2,2088,10-14,
S2,2088,15-19,
S2,2088,20-24,
S2,2088,25-29,
S2,2088,30-34,
S2,2088,35-39,
S2,2088,40-44,
S2,2088,45-49,
S2,2088,50-54,
S2,2088,55-59,
S2,2088,60-64,
S2,2088,65-69,
S2,2088,70-74,
S2,2088,75+,
S2,2088,0-8,
S2,2088,9-14,
S2,2088,0-17,133750405.45839678
S2,2088,18-29,98268979.54160322
S2,2088,30-65,339842850.17240644
S2,2088,66+,217398579.82759345
S2,2088,15-26,
S2,2088,27-45,
S2,2088,46-65,
S2,2089,00-04,
S2,2089,05-09,
S2,2089,10-14,
S2,2089,15-19,
S2,2089,20-24,
S2,2089,25-29,
S2,2089,30-34,
S2,2089,35-39,
S2,2089,40-44,
S2,2089,45-49,
S2,2089,50-54,
S2,2089,55-59,
S2,2089,60-64,
S2,2089,65-69,
S2,2089,70-74,
S2,2089,75+,
S2,2089,0-8,
S2,2089,9-14,
S2,2089,0-17,132742839.0041361
S2,2089,18-29,97556242.9958639
S2,2089,30-65,337850240.78262925
S2,2089,66+,217686924.21737075
S2,2089,15-26,
S2,2089,27-45,
S2,2089,46-65,
S2,2090,00-04,
S2,2090,05-09,
S2,2090,10-14,
S2,2090,15-19,
S2,2090,20-24,
S2,2090,25-29,
S2,2090,30-34,
S2,2090,35-39,
S2,2090,40-44,
S2,2090,45-49,
S2,2090,50-54,
S2,2090,55-59,
S2,2090,60-64,
S2,2090,65-69,
S2,2090,70-74,
S2,2090,75+,
S2,2090,0-8,
S2,2090,9-14,
S2,2090,0-17,131765793.55097324
S2,2090,18-29,96824246.44902676
S2,2090,30-65,335821932.5059904
S2,2090,66+,217939087.49400973
S2,2090,15-26,
S2,2090,27-45,
S2,2090,46-65,
S2,2091,00-04,
S2,2091,05-09,
S2,2091,10-14,
S2,2091,15-19,
S2,2091,20-24,
S2,2091,25-29,
S2,2091,30-34,
S2,2091,35-39,
S2,2091,40-44,
S2,2091,45-49,
S2,2091,50-54,
S2,2091,55-59,
S2,2091,60-64,
S2,2091,65-69,
S2,2091,70-74,
S2,2091,75+,
S2,2091,0-8,
S2,2091,9-14,
S2,2091,0-17,130804724.78279799
S2,2091,18-29,96073063.21720201
S2,2091,30-65,333799621.37719166
S2,2091,66+,218124204.62280822
S2,2091,15-26,
S2,2091,27-45,
S2,2091,46-65,
S2,2092,00-04,
S2,2092,05-09,
S2,2092,10-14,
S2,2092,15-19,
S2,2092,20-24,
S2,2092,25-29,
S2,2092,30-34,
S2,2092,35-39,
S2,2092,40-44,
S2,2092,45-49,
S2,2092,50-54,
S2,2092,55-59,
S2,2092,60-64,
S2,2092,65-69,
S2,2092,70-74,
S2,2092,75+,
S2,2092,0-8,
S2,2092,9-14,
S2,2092,0-17,129861250.27901755
S2,2092,18-29,95327375.72098245
S2,2092,30-65,331732615.47507155
S2,2092,66+,218292072.52492845
S2,2092,15-26,
S2,2092,27-45,
S2,2092,46-65,
S2,2093,00-04,
S2,2093,05-09,
S2,2093,10-14,
S2,2093,15-19,
S2,2093,20-24,
S2,2093,25-29,
S2,2093,30-34,
S2,2093,35-39,
S2,2093,40-44,
S2,2093,45-49,
S2,2093,50-54,
S2,2093,55-59,
S2,2093,60-64,
S2,2093,65-69,
S2,2093,70-74,
S2,2093,75+,
S2,2093,0-8,
S2,2093,9-14,
S2,2093,0-17,128943971.42516917
S2,2093,18-29,94566915.57483083
S2,2093,30-65,329639673.1506845
S2,2093,66+,218453076.84931552
S2,2093,15-26,
S2,2093,27-45,
S2,2093,46-65,
S2,2094,00-04,
S2,2094,05-09,
S2,2094,10-14,
S2,2094,15-19,
S2,2094,20-24,
S2,2094,25-29,
S2,2094,30-34,
S2,2094,35-39,
S2,2094,40-44,
S2,2094,45-49,
S2,2094,50-54,
S2,2094,55-59,
S2,2094,60-64,
S2,2094,65-69,
S2,2094,70-74,
S2,2094,75+,
S2,2094,0-8,
S2,2094,9-14,
S2,2094,0-17,128029717.05849424
S2,2094,18-29,93795856.94150576
S2,2094,30-65,327510822.87512064
S2,2094,66+,218597207.12487936
S2,2094,15-26,
S2,2094,27-45,
S2,2094,46-65,
S2,2095,00-04,
S2,2095,05-09,
S2,2095,10-14,
S2,2095,15-19,
S2,2095,20-24,
S2,2095,25-29,
S2,2095,30-34,
S2,2095,35-39,
S2,2095,40-44,
S2,2095,45-49,
S2,2095,50-54,
S2,2095,55-59,
S2,2095,60-64,
S2,2095,65-69,
S2,2095,70-74,
S2,2095,75+,
S2,2095,0-8,
S2,2095,9-14,
S2,2095,0-17,127130689.28908454
S2,2095,18-29,93017080.71091546
S2,2095,30-65,325350554.32371294
S2,2095,66+,218735273.67628717
S2,2095,15-26,
S2,2095,27-45,
S2,2095,46-65,
S2,2096,00-04,
S2,2096,05-09,
S2,2096,10-14,
S2,2096,15-19,
S2,2096,20-24,
S2,2096,25-29,
S2,2096,30-34,
S2,2096,35-39,
S2,2096,40-44,
S2,2096,45-49,
S2,2096,50-54,
S2,2096,55-59,
S2,2096,60-64,
S2,2096,65-69,
S2,2096,70-74,
S2,2096,75+,
S2,2096,0-8,
S2,2096,9-14,
S2,2096,0-17,126242790.55174604
S2,2096,18-29,92240751.44825396
S2,2096,30-65,323151738.97017586
S2,2096,66+,218870822.02982414
S2,2096,15-26,
S2,2096,27-45,
S2,2096,46-65,
S2,2097,00-04,
S2,2097,05-09,
S2,2097,10-14,
S2,2097,15-19,
S2,2097,20-24,
S2,2097,25-29,
S2,2097,30-34,
S2,2097,35-39,
S2,2097,40-44,
S2,2097,45-49,
S2,2097,50-54,
S2,2097,55-59,
S2,2097,60-64,
S2,2097,65-69,
S2,2097,70-74,
S2,2097,75+,
S2,2097,0-8,
S2,2097,9-14,
S2,2097,0-17,125373204.53766245
S2,2097,18-29,91464143.46233755
S2,2097,30-65,320937514.78370655
S2,2097,66+,218994015.21629345
S2,2097,15-26,
S2,2097,27-45,
S2,2097,46-65,
S2,2098,00-04,
S2,2098,05-09,
S2,2098,10-14,
S2,2098,15-19,
S2,2098,20-24,
S2,2098,25-29,
S2,2098,30-34,
S2,2098,35-39,
S2,2098,40-44,
S2,2098,45-49,
S2,2098,50-54,
S2,2098,55-59,
S2,2098,60-64,
S2,2098,65-69,
S2,2098,70-74,
S2,2098,75+,
S2,2098,0-8,
S2,2098,9-14,
S2,2098,0-17,124505797.66549782
S2,2098,18-29,90707208.33450218
S2,2098,30-65,318714867.5813079
S2,2098,66+,219085976.4186921
S2,2098,15-26,
S2,2098,27-45,
S2,2098,46-65,
S2,2099,00-04,
S2,2099,05-09,
S2,2099,10-14,
S2,2099,15-19,
S2,2099,20-24,
S2,2099,25-29,
S2,2099,30-34,
S2,2099,35-39,
S2,2099,40-44,
S2,2099,45-49,
S2,2099,50-54,
S2,2099,55-59,
S2,2099,60-64,
S2,2099,65-69,
S2,2099,70-74,
S2,2099,75+,
S2,2099,0-8,
S2,2099,9-14,
S2,2099,0-17,123637754.8780985
S2,2099,18-29,89954819.1219015
S2,2099,30-65,316472060.1106696
S2,2099,66+,219163328.8893304
S2,2099,15-26,
S2,2099,27-45,
S2,2099,46-65,
S2,2100,00-04,
S2,2100,05-09,
S2,2100,10-14,
S2,2100,15-19,
S2,2100,20-24,
S2,2100,25-29,
S2,2100,30-34,
S2,2100,35-39,
S2,2100,40-44,
S2,2100,45-49,
S2,2100,50-54,
S2,2100,55-59,
S2,2100,60-64,
S2,2100,65-69,
S2,2100,70-74,
S2,2100,75+,
S2,2100,0-8,
S2,2100,9-14,
S2,2100,0-17,122784071.8554814
S2,2100,18-29,89225638.1445186
S2,2100,30-65,314211915.80686396
S2,2100,66+,219224658.19313604
S2,2100,15-26,
S2,2100,27-45,
S2,2100,46-65,
S3,1950,00-04,
S3,1950,05-09,
S3,1950,10-14,
S3,1950,15-19,
S3,1950,20-24,
S3,1950,25-29,
S3,1950,30-34,
S3,1950,35-39,
S3,1950,40-44,
S3,1950,45-49,
S3,1950,50-54,
S3,1950,55-59,
S3,1950,60-64,
S3,1950,65-69,
S3,1950,70-74,
S3,1950,75+,
S3,1950,0-8,41086961.03201764
S3,1950,9-14,22791857.96798236
S3,1950,0-17,
S3,1950,18-29,
S3,1950,30-65,
S3,1950,66+,4891686.129559308
S3,1950,15-26,37442924.120627135
S3,1950,27-45,40059694.314924926
S3,1950,46-65,20391907.43488863
S3,1951,00-04,
S3,1951,05-09,
S3,1951,10-14,
S3,1951,15-19,
S3,1951,20-24,
S3,1951,25-29,
S3,1951,30-34,
S3,1951,35-39,
S3,1951,40-44,
S3,1951,45-49,
S3,1951,50-54,
S3,1951,55-59,
S3,1951,60-64,
S3,1951,65-69,
S3,1951,70-74,
S3,1951,75+,
S3,1951,0-8,42389782.19998
S3,1951,9-14,22984480.80002
S3,1951,0-17,
S3,1951,18-29,
S3,1951,30-65,
S3,1951,66+,4972261.082081825
S3,1951,15-26,38113796.73201753
S3,1951,27-45,40763637.3895006
S3,1951,46-65,20935141.79640007
S3,1952,00-04,
S3,1952,05-09,
S3,1952,10-14,
S3,1952,15-19,
S3,1952,20-24,
S3,1952,25-29,
S3,1952,30-34,
S3,1952,35-39,
S3,1952,40-44,
S3,1952,45-49,
S3,1952,50-54,
S3,1952,55-59,
S3,1952,60-64,
S3,1952,65-69,
S3,1952,70-74,
S3,1952,75+,
S3,1952,0-8,43817856.26685133
S3,1952,9-14,23125626.73314867
S3,1952,0-17,
S3,1952,18-29,
S3,1952,30-65,
S3,1952,66+,5110948.640379548
S3,1952,15-26,38846811.23930219
S3,1952,27-45,41466597.53642833
S3,1952,46-65,21478136.58388993
S3,1953,00-04,
S3,1953,05-09,
S3,1953,10-14,
S3,1953,15-19,
S3,1953,20-24,
S3,1953,25-29,
S3,1953,30-34,
S3,1953,35-39,
S3,1953,40-44,
S3,1953,45-49,
S3,1953,50-54,
S3,1953,55-59,
S3,1953,60-64,
S3,1953,65-69,
S3,1953,70-74,
S3,1953,75+,
S3,1953,0-8,45391987.80779191
S3,1953,9-14,23238056.19220809
S3,1953,0-17,
S3,1953,18-29,
S3,1953,30-65,
S3,1953,66+,5304524.375558525
S3,1953,15-26,39609955.56705454
S3,1953,27-45,42156929.813081145
S3,1953,46-65,22020335.24430579
S3,1954,00-04,
S3,1954,05-09,
S3,1954,10-14,
S3,1954,15-19,
S3,1954,20-24,
S3,1954,25-29,
S3,1954,30-34,
S3,1954,35-39,
S3,1954,40-44,
S3,1954,45-49,
S3,1954,50-54,
S3,1954,55-59,
S3,1954,60-64,
S3,1954,65-69,
S3,1954,70-74,
S3,1954,75+,
S3,1954,0-8,47080471.45022176
S3,1954,9-14,23374522.549778238
S3,1954,0-17,
S3,1954,18-29,
S3,1954,30-65,
S3,1954,66+,5510021.0062561035
S3,1954,15-26,40311070.988438025
S3,1954,27-45,42817012.29713108
S3,1954,46-65,22570643.708174825
S3,1955,00-04,
S3,1955,05-09,
S3,1955,10-14,
S3,1955,15-19,
S3,1955,20-24,
S3,1955,25-29,
S3,1955,30-34,
S3,1955,35-39,
S3,1955,40-44,
S3,1955,45-49,
S3,1955,50-54,
S3,1955,55-59,
S3,1955,60-64,
S3,1955,65-69,
S3,1955,70-74,
S3,1955,75+,
S3,1955,0-8,48817433.9393884
S3,1955,9-14,23701239.0606116
S3,1955,0-17,
S3,1955,18-29,
S3,1955,30-65,
S3,1955,66+,5687291.372793496
S3,1955,15-26,40960059.94769637
S3,1955,27-45,43550038.203544036
S3,1955,46-65,23178650.475966096
S3,1956,00-04,
S3,1956,05-09,
S3,1956,10-14,
S3,1956,15-19,
S3,1956,20-24,
S3,1956,25-29,
S3,1956,30-34,
S3,1956,35-39,
S3,1956,40-44,
S3,1956,45-49,
S3,1956,50-54,
S3,1956,55-59,
S3,1956,60-64,
S3,1956,65-69,
S3,1956,70-74,
S3,1956,75+,
S3,1956,0-8,50580816.246208996
S3,1956,9-14,24144942.753791004
S3,1956,0-17,
S3,1956,18-29,
S3,1956,30-65,
S3,1956,66+,5849335.374918014
S3,1956,15-26,41537432.717266425
S3,1956,27-45,44309018.59791
S3,1956,46-65,23817415.30990556
S3,1957,00-04,
S3,1957,05-09,
S3,1957,10-14,
S3,1957,15-19,
S3,1957,20-24,
S3,1957,25-29,
S3,1957,30-34,
S3,1957,35-39,
S3,1957,40-44,
S3,1957,45-49,
S3,1957,50-54,
S3,1957,55-59,
S3,1957,60-64,
S3,1957,65-69,
S3,1957,70-74,
S3,1957,75+,
S3,1957,0-8,52363276.67367091
S3,1957,9-14,24688940.32632909
S3,1957,0-17,
S3,1957,18-29,
S3,1957,30-65,
S3,1957,66+,5986528.207185984
S3,1957,15-26,42087380.03776592
S3,1957,27-45,45107831.60166612
S3,1957,46-65,24497475.153381944
S3,1958,00-04,
S3,1958,05-09,
S3,1958,10-14,
S3,1958,15-19,
S3,1958,20-24,
S3,1958,25-29,
S3,1958,30-34,
S3,1958,35-39,
S3,1958,40-44,
S3,1958,45-49,
S3,1958,50-54,
S3,1958,55-59,
S3,1958,60-64,
S3,1958,65-69,
S3,1958,70-74,
S3,1958,75+,
S3,1958,0-8,54156106.89669791
S3,1958,9-14,25289828.10330209
S3,1958,0-17,
S3,1958,18-29,
S3,1958,30-65,
S3,1958,66+,6096989.425997168
S3,1958,15-26,42531806.63547027
S3,1958,27-45,45852622.043038785
S3,1958,46-65,25194405.895493746
S3,1959,00-04,
S3,1959,05-09,
S3,1959,10-14,
S3,1959,15-19,
S3,1959,20-24,
S3,1959,25-29,
S3,1959,30-34,
S3,1959,35-39,
S3,1959,40-44,
S3,1959,45-49,
S3,1959,50-54,
S3,1959,55-59,
S3,1959,60-64,
S3,1959,65-69,
S3,1959,70-74,
S3,1959,75+,
S3,1959,0-8,56009308.179181516
S3,1959,9-14,25905597.820818484
S3,1959,0-17,
S3,1959,18-29,
S3,1959,30-65,
S3,1959,66+,6221452.321782559
S3,1959,15-26,43074216.77170612
S3,1959,27-45,46725126.35818811
S3,1959,46-65,25909091.548323184
S3,1960,00-04,
S3,1960,05-09,
S3,1960,10-14,
S3,1960,15-19,
S3,1960,20-24,
S3,1960,25-29,
S3,1960,30-34,
S3,1960,35-39,
S3,1960,40-44,
S3,1960,45-49,
S3,1960,50-54,
S3,1960,55-59,
S3,1960,60-64,
S3,1960,65-69,
S3,1960,70-74,
S3,1960,75+,
S3,1960,0-8,57439778.62632066
S3,1960,9-14,26986748.37367934
S3,1960,0-17,
S3,1960,18-29,
S3,1960,30-65,
S3,1960,66+,6395125.889293522
S3,1960,15-26,43605501.6943963
S3,1960,27-45,47606001.17154418
S3,1960,46-65,26588548.244766027
S3,1961,00-04,
S3,1961,05-09,
S3,1961,10-14,
S3,1961,15-19,
S3,1961,20-24,
S3,1961,25-29,
S3,1961,30-34,
S3,1961,35-39,
S3,1961,40-44,
S3,1961,45-49,
S3,1961,50-54,
S3,1961,55-59,
S3,1961,60-64,
S3,1961,65-69,
S3,1961,70-74,
S3,1961,75+,
S3,1961,0-8,58852394.82142733
S3,1961,9-14,28165705.17857267
S3,1961,0-17,
S3,1961,18-29,
S3,1961,30-65,
S3,1961,66+,6599557.4503438175
S3,1961,15-26,44181530.956382975
S3,1961,27-45,48513532.02421053
S3,1961,46-65,27250736.56906265
S3,1962,00-04,
S3,1962,05-09,
S3,1962,10-14,
S3,1962,15-19,
S3,1962,20-24,
S3,1962,25-29,
S3,1962,30-34,
S3,1962,35-39,
S3,1962,40-44,
S3,1962,45-49,
S3,1962,50-54,
S3,1962,55-59,
S3,1962,60-64,
S3,1962,65-69,
S3,1962,70-74,
S3,1962,75+,
S3,1962,0-8,60229615.11577112
S3,1962,9-14,29415317.376691736
S3,1962,0-17,
S3,1962,18-29,
S3,1962,30-65,
S3,1962,66+,6846577.253877819
S3,1962,15-26,44794591.21957256
S3,1962,27-45,49482786.08575204
S3,1962,46-65,27881661.647165358
S3,1963,00-04,
S3,1963,05-09,
S3,1963,10-14,
S3,1963,15-19,
S3,1963,20-24,
S3,1963,25-29,
S3,1963,30-34,
S3,1963,35-39,
S3,1963,40-44,
S3,1963,45-49,
S3,1963,50-54,
S3,1963,55-59,
S3,1963,60-64,
S3,1963,65-69,
S3,1963,70-74,
S3,1963,75+,
S3,1963,0-8,61540045.651486434
S3,1963,9-14,30765555.41284021
S3,1963,0-17,
S3,1963,18-29,
S3,1963,30-65,
S3,1963,66+,7123178.928040624
S3,1963,15-26,45357494.90787232
S3,1963,27-45,50439042.33364913
S3,1963,46-65,28478950.435540497
S3,1964,00-04,
S3,1964,05-09,
S3,1964,10-14,
S3,1964,15-19,
S3,1964,20-24,
S3,1964,25-29,
S3,1964,30-34,
S3,1964,35-39,
S3,1964,40-44,
S3,1964,45-49,
S3,1964,50-54,
S3,1964,55-59,
S3,1964,60-64,
S3,1964,65-69,
S3,1964,70-74,
S3,1964,75+,
S3,1964,0-8,62795688.48120683
S3,1964,9-14,32255959.666806392
S3,1964,0-17,
S3,1964,18-29,
S3,1964,30-65,
S3,1964,66+,7403716.386793077
S3,1964,15-26,45928344.49311699
S3,1964,27-45,51416957.995566875
S3,1964,46-65,29077588.343580186
S3,1965,00-04,
S3,1965,05-09,
S3,1965,10-14,
S3,1965,15-19,
S3,1965,20-24,
S3,1965,25-29,
S3,1965,30-34,
S3,1965,35-39,
S3,1965,40-44,
S3,1965,45-49,
S3,1965,50-54,
S3,1965,55-59,
S3,1965,60-64,
S3,1965,65-69,
S3,1965,70-74,
S3,1965,75+,
S3,1965,0-8,64032574.31662475
S3,1965,9-14,33340388.08422213
S3,1965,0-17,
S3,1965,18-29,
S3,1965,30-65,
S3,1965,66+,7657594.888839722
S3,1965,15-26,47008681.817163244
S3,1965,27-45,52343186.420862794
S3,1965,46-65,29696173.807780504
S3,1966,00-04,
S3,1966,05-09,
S3,1966,10-14,
S3,1966,15-19,
S3,1966,20-24,
S3,1966,25-29,
S3,1966,30-34,
S3,1966,35-39,
S3,1966,40-44,
S3,1966,45-49,
S3,1966,50-54,
S3,1966,55-59,
S3,1966,60-64,
S3,1966,65-69,
S3,1966,70-74,
S3,1966,75+,
S3,1966,0-8,65039290.431789145
S3,1966,9-14,34364333.13973762
S3,1966,0-17,
S3,1966,18-29,
S3,1966,30-65,
S3,1966,66+,7874791.917810023
S3,1966,15-26,48228006.21468073
S3,1966,27-45,53216705.43513459
S3,1966,46-65,30302408.745165676
S3,1967,00-04,
S3,1967,05-09,
S3,1967,10-14,
S3,1967,15-19,
S3,1967,20-24,
S3,1967,25-29,
S3,1967,30-34,
S3,1967,35-39,
S3,1967,40-44,
S3,1967,45-49,
S3,1967,50-54,
S3,1967,55-59,
S3,1967,60-64,
S3,1967,65-69,
S3,1967,70-74,
S3,1967,75+,
S3,1967,0-8,65977638.97245833
S3,1967,9-14,35349720.594944775
S3,1967,0-17,
S3,1967,18-29,
S3,1967,30-65,
S3,1967,66+,8065446.411592513
S3,1967,15-26,49521383.14733523
S3,1967,27-45,54052791.0063543
S3,1967,46-65,30925830.07780558
S3,1968,00-04,
S3,1968,05-09,
S3,1968,10-14,
S3,1968,15-19,
S3,1968,20-24,
S3,1968,25-29,
S3,1968,30-34,
S3,1968,35-39,
S3,1968,40-44,
S3,1968,45-49,
S3,1968,50-54,
S3,1968,55-59,
S3,1968,60-64,
S3,1968,65-69,
S3,1968,70-74,
S3,1968,75+,
S3,1968,0-8,66891212.83197937
S3,1968,9-14,36286690.62371724
S3,1968,0-17,
S3,1968,18-29,
S3,1968,30-65,
S3,1968,66+,8242493.985736519
S3,1968,15-26,51006790.43292338
S3,1968,27-45,54969991.81176704
S3,1968,46-65,31577343.130622268
S3,1969,00-04,
S3,1969,05-09,
S3,1969,10-14,
S3,1969,15-19,
S3,1969,20-24,
S3,1969,25-29,
S3,1969,30-34,
S3,1969,35-39,
S3,1969,40-44,
S3,1969,45-49,
S3,1969,50-54,
S3,1969,55-59,
S3,1969,60-64,
S3,1969,65-69,
S3,1969,70-74,
S3,1969,75+,
S3,1969,0-8,67928052.24411993
S3,1969,9-14,37152578.83562057
S3,1969,0-17,
S3,1969,18-29,
S3,1969,30-65,
S3,1969,66+,8435604.978173792
S3,1969,15-26,52492343.589747846
S3,1969,27-45,55787406.087368816
S3,1969,46-65,32234577.718467146
S3,1970,00-04,
S3,1970,05-09,
S3,1970,10-14,
S3,1970,15-19,
S3,1970,20-24,
S3,1970,25-29,
S3,1970,30-34,
S3,1970,35-39,
S3,1970,40-44,
S3,1970,45-49,
S3,1970,50-54,
S3,1970,55-59,
S3,1970,60-64,
S3,1970,65-69,
S3,1970,70-74,
S3,1970,75+,
S3,1970,0-8,68927589.8068584
S3,1970,9-14,37960321.624057785
S3,1970,0-17,
S3,1970,18-29,
S3,1970,30-65,
S3,1970,66+,8650032.343429446
S3,1970,15-26,54166328.76014376
S3,1970,27-45,56587391.87271893
S3,1970,46-65,32878246.86698553
S3,1971,00-04,
S3,1971,05-09,
S3,1971,10-14,
S3,1971,15-19,
S3,1971,20-24,
S3,1971,25-29,
S3,1971,30-34,
S3,1971,35-39,
S3,1971,40-44,
S3,1971,45-49,
S3,1971,50-54,
S3,1971,55-59,
S3,1971,60-64,
S3,1971,65-69,
S3,1971,70-74,
S3,1971,75+,
S3,1971,0-8,69925907.39609206
S3,1971,9-14,38787502.84829122
S3,1971,0-17,
S3,1971,18-29,
S3,1971,30-65,
S3,1971,66+,8880922.022449464
S3,1971,15-26,56071738.589187205
S3,1971,27-45,57544984.53607714
S3,1971,46-65,33546683.51263967
S3,1972,00-04,
S3,1972,05-09,
S3,1972,10-14,
S3,1972,15-19,
S3,1972,20-24,
S3,1972,25-29,
S3,1972,30-34,
S3,1972,35-39,
S3,1972,40-44,
S3,1972,45-49,
S3,1972,50-54,
S3,1972,55-59,
S3,1972,60-64,
S3,1972,65-69,
S3,1972,70-74,
S3,1972,75+,
S3,1972,0-8,70926927.56917717
S3,1972,9-14,39605630.15538852
S3,1972,0-17,
S3,1972,18-29,
S3,1972,30-65,
S3,1972,66+,9127784.021571666
S3,1972,15-26,57865531.65815729
S3,1972,27-45,58363691.603274286
S3,1972,46-65,34173450.74050251
S3,1973,00-04,
S3,1973,05-09,
S3,1973,10-14,
S3,1973,15-19,
S3,1973,20-24,
S3,1973,25-29,
S3,1973,30-34,
S3,1973,35-39,
S3,1973,40-44,
S3,1973,45-49,
S3,1973,50-54,
S3,1973,55-59,
S3,1973,60-64,
S3,1973,65-69,
S3,1973,70-74,
S3,1973,75+,
S3,1973,0-8,71922484.75873137
S3,1973,9-14,40453003.645068586
S3,1973,0-17,
S3,1973,18-29,
S3,1973,30-65,
S3,1973,66+,9396691.838941127
S3,1973,15-26,59848553.23460293
S3,1973,27-45,59321141.87151277
S3,1973,46-65,34818069.465431064
S3,1974,00-04,
S3,1974,05-09,
S3,1974,10-14,
S3,1974,15-19,
S3,1974,20-24,
S3,1974,25-29,
S3,1974,30-34,
S3,1974,35-39,
S3,1974,40-44,
S3,1974,45-49,
S3,1974,50-54,
S3,1974,55-59,
S3,1974,60-64,
S3,1974,65-69,
S3,1974,70-74,
S3,1974,75+,
S3,1974,0-8,72943188.22459733
S3,1974,9-14,41327672.41684538
S3,1974,0-17,
S3,1974,18-29,
S3,1974,30-65,
S3,1974,66+,9676523.24508226
S3,1974,15-26,61838761.70120108
S3,1974,27-45,60236065.20009923
S3,1974,46-65,35473522.320320845
S3,1975,00-04,
S3,1975,05-09,
S3,1975,10-14,
S3,1975,15-19,
S3,1975,20-24,
S3,1975,25-29,
S3,1975,30-34,
S3,1975,35-39,
S3,1975,40-44,
S3,1975,45-49,
S3,1975,50-54,
S3,1975,55-59,
S3,1975,60-64,
S3,1975,65-69,
S3,1975,70-74,
S3,1975,75+,
S3,1975,0-8,74014941.65833616
S3,1975,9-14,42224308.06477147
S3,1975,0-17,
S3,1975,18-29,
S3,1975,30-65,
S3,1975,66+,9963684.2330032
S3,1975,15-26,63678190.09859085
S3,1975,27-45,61577791.41479766
S3,1975,46-65,36195855.86692172
S3,1976,00-04,
S3,1976,05-09,
S3,1976,10-14,
S3,1976,15-19,
S3,1976,20-24,
S3,1976,25-29,
S3,1976,30-34,
S3,1976,35-39,
S3,1976,40-44,
S3,1976,45-49,
S3,1976,50-54,
S3,1976,55-59,
S3,1976,60-64,
S3,1976,65-69,
S3,1976,70-74,
S3,1976,75+,
S3,1976,0-8,75067466.40703523
S3,1976,9-14,43061888.06287116
S3,1976,0-17,
S3,1976,18-29,
S3,1976,30-65,
S3,1976,66+,10257147.339678288
S3,1976,15-26,65518526.946831554
S3,1976,27-45,63041162.53371164
S3,1976,46-65,36963420.66927838
S3,1977,00-04,
S3,1977,05-09,
S3,1977,10-14,
S3,1977,15-19,
S3,1977,20-24,
S3,1977,25-29,
S3,1977,30-34,
S3,1977,35-39,
S3,1977,40-44,
S3,1977,45-49,
S3,1977,50-54,
S3,1977,55-59,
S3,1977,60-64,
S3,1977,65-69,
S3,1977,70-74,
S3,1977,75+,
S3,1977,0-8,76197377.24742593
S3,1977,9-14,43894853.458902076
S3,1977,0-17,
S3,1977,18-29,
S3,1977,30-65,
S3,1977,66+,10556467.139092386
S3,1977,15-26,67323199.83015373
S3,1977,27-45,64588477.05430189
S3,1977,46-65,37770065.70828554
S3,1978,00-04,
S3,1978,05-09,
S3,1978,10-14,
S3,1978,15-19,
S3,1978,20-24,
S3,1978,25-29,
S3,1978,30-34,
S3,1978,35-39,
S3,1978,40-44,
S3,1978,45-49,
S3,1978,50-54,
S3,1978,55-59,
S3,1978,60-64,
S3,1978,65-69,
S3,1978,70-74,
S3,1978,75+,
S3,1978,0-8,77254374.31030335
S3,1978,9-14,44747021.77857311
S3,1978,0-17,
S3,1978,18-29,
S3,1978,30-65,
S3,1978,66+,10858824.805005431
S3,1978,15-26,69161611.90652895
S3,1978,27-45,66287289.81140381
S3,1978,46-65,38629286.0910832
S3,1979,00-04,
S3,1979,05-09,
S3,1979,10-14,
S3,1979,15-19,
S3,1979,20-24,
S3,1979,25-29,
S3,1979,30-34,
S3,1979,35-39,
S3,1979,40-44,
S3,1979,45-49,
S3,1979,50-54,
S3,1979,55-59,
S3,1979,60-64,
S3,1979,65-69,
S3,1979,70-74,
S3,1979,75+,
S3,1979,0-8,78283662.40952395
S3,1979,9-14,45632742.271741
S3,1979,0-17,
S3,1979,18-29,
S3,1979,30-65,
S3,1979,66+,11161766.407291472
S3,1979,15-26,70888590.51125975
S3,1979,27-45,67969166.01269716
S3,1979,46-65,39512642.40142825
S3,1980,00-04,
S3,1980,05-09,
S3,1980,10-14,
S3,1980,15-19,
S3,1980,20-24,
S3,1980,25-29,
S3,1980,30-34,
S3,1980,35-39,
S3,1980,40-44,
S3,1980,45-49,
S3,1980,50-54,
S3,1980,55-59,
S3,1980,60-64,
S3,1980,65-69,
S3,1980,70-74,
S3,1980,75+,
S3,1980,0-8,79458635.81709799
S3,1980,9-14,46524978.79989162
S3,1980,0-17,
S3,1980,18-29,
S3,1980,30-65,
S3,1980,66+,11468905.710944831
S3,1980,15-26,72533673.02037573
S3,1980,27-45,70074016.69004428
S3,1980,46-65,40458237.02638668
S3,1981,00-04,
S3,1981,05-09,
S3,1981,10-14,
S3,1981,15-19,
S3,1981,20-24,
S3,1981,25-29,
S3,1981,30-34,
S3,1981,35-39,
S3,1981,40-44,
S3,1981,45-49,
S3,1981,50-54,
S3,1981,55-59,
S3,1981,60-64,
S3,1981,65-69,
S3,1981,70-74,
S3,1981,75+,
S3,1981,0-8,80759060.530343
S3,1981,9-14,47464779.948082164
S3,1981,0-17,
S3,1981,18-29,
S3,1981,30-65,
S3,1981,66+,11776159.601932466
S3,1981,15-26,74034096.32424586
S3,1981,27-45,72231742.33694768
S3,1981,46-65,41417467.1506384
S3,1982,00-04,
S3,1982,05-09,
S3,1982,10-14,
S3,1982,15-19,
S3,1982,20-24,
S3,1982,25-29,
S3,1982,30-34,
S3,1982,35-39,
S3,1982,40-44,
S3,1982,45-49,
S3,1982,50-54,
S3,1982,55-59,
S3,1982,60-64,
S3,1982,65-69,
S3,1982,70-74,
S3,1982,75+,
S3,1982,0-8,82057270.4766811
S3,1982,9-14,48486566.23046915
S3,1982,0-17,
S3,1982,18-29,
S3,1982,30-65,
S3,1982,66+,12085511.74261409
S3,1982,15-26,75495307.0641534
S3,1982,27-45,74451826.6265251
S3,1982,46-65,42426012.67578173
S3,1983,00-04,
S3,1983,05-09,
S3,1983,10-14,
S3,1983,15-19,
S3,1983,20-24,
S3,1983,25-29,
S3,1983,30-34,
S3,1983,35-39,
S3,1983,40-44,
S3,1983,45-49,
S3,1983,50-54,
S3,1983,55-59,
S3,1983,60-64,
S3,1983,65-69,
S3,1983,70-74,
S3,1983,75+,
S3,1983,0-8,83395042.49875493
S3,1983,9-14,49507139.62795246
S3,1983,0-17,
S3,1983,18-29,
S3,1983,30-65,
S3,1983,66+,12398802.359851778
S3,1983,15-26,76959778.42081739
S3,1983,27-45,76761608.03763685
S3,1983,46-65,43477590.06177825
S3,1984,00-04,
S3,1984,05-09,
S3,1984,10-14,
S3,1984,15-19,
S3,1984,20-24,
S3,1984,25-29,
S3,1984,30-34,
S3,1984,35-39,
S3,1984,40-44,
S3,1984,45-49,
S3,1984,50-54,
S3,1984,55-59,
S3,1984,60-64,
S3,1984,65-69,
S3,1984,70-74,
S3,1984,75+,
S3,1984,0-8,84767517.55580162
S3,1984,9-14,50563503.74793942
S3,1984,0-17,
S3,1984,18-29,
S3,1984,30-65,
S3,1984,66+,12718887.947057128
S3,1984,15-26,78471970.41427046
S3,1984,27-45,79200093.44672
S3,1984,46-65,44543236.1498965
S3,1985,00-04,
S3,1985,05-09,
S3,1985,10-14,
S3,1985,15-19,
S3,1985,20-24,
S3,1985,25-29,
S3,1985,30-34,
S3,1985,35-39,
S3,1985,40-44,
S3,1985,45-49,
S3,1985,50-54,
S3,1985,55-59,
S3,1985,60-64,
S3,1985,65-69,
S3,1985,70-74,
S3,1985,75+,
S3,1985,0-8,86210941.88312712
S3,1985,9-14,51695563.10730621
S3,1985,0-17,
S3,1985,18-29,
S3,1985,30-65,
S3,1985,66+,13047750.991079569
S3,1985,15-26,79973337.73870465
S3,1985,27-45,81753852.37646791
S3,1985,46-65,45570864.81943381
S3,1986,00-04,
S3,1986,05-09,
S3,1986,10-14,
S3,1986,15-19,
S3,1986,20-24,
S3,1986,25-29,
S3,1986,30-34,
S3,1986,35-39,
S3,1986,40-44,
S3,1986,45-49,
S3,1986,50-54,
S3,1986,55-59,
S3,1986,60-64,
S3,1986,65-69,
S3,1986,70-74,
S3,1986,75+,
S3,1986,0-8,87722153.96646033
S3,1986,9-14,52804801.532713875
S3,1986,0-17,
S3,1986,18-29,
S3,1986,30-65,
S3,1986,66+,13388574.925202966
S3,1986,15-26,81476553.08787394
S3,1986,27-45,84447036.59942684
S3,1986,46-65,46576330.90466905
S3,1987,00-04,
S3,1987,05-09,
S3,1987,10-14,
S3,1987,15-19,
S3,1987,20-24,
S3,1987,25-29,
S3,1987,30-34,
S3,1987,35-39,
S3,1987,40-44,
S3,1987,45-49,
S3,1987,50-54,
S3,1987,55-59,
S3,1987,60-64,
S3,1987,65-69,
S3,1987,70-74,
S3,1987,75+,
S3,1987,0-8,89282190.97995242
S3,1987,9-14,53932498.85319653
S3,1987,0-17,
S3,1987,18-29,
S3,1987,30-65,
S3,1987,66+,13743453.812157214
S3,1987,15-26,83032042.2380465
S3,1987,27-45,87227798.85966238
S3,1987,46-65,47573733.024243474
S3,1988,00-04,
S3,1988,05-09,
S3,1988,10-14,
S3,1988,15-19,
S3,1988,20-24,
S3,1988,25-29,
S3,1988,30-34,
S3,1988,35-39,
S3,1988,40-44,
S3,1988,45-49,
S3,1988,50-54,
S3,1988,55-59,
S3,1988,60-64,
S3,1988,65-69,
S3,1988,70-74,
S3,1988,75+,
S3,1988,0-8,90822724.96185642
S3,1988,9-14,55003805.235563666
S3,1988,0-17,
S3,1988,18-29,
S3,1988,30-65,
S3,1988,66+,14115498.924420118
S3,1988,15-26,84640707.37570769
S3,1988,27-45,90104168.76069126
S3,1988,46-65,48579722.377938986
S3,1989,00-04,
S3,1989,05-09,
S3,1989,10-14,
S3,1989,15-19,
S3,1989,20-24,
S3,1989,25-29,
S3,1989,30-34,
S3,1989,35-39,
S3,1989,40-44,
S3,1989,45-49,
S3,1989,50-54,
S3,1989,55-59,
S3,1989,60-64,
S3,1989,65-69,
S3,1989,70-74,
S3,1989,75+,
S3,1989,0-8,92375424.90867011
S3,1989,9-14,56039110.79631378
S3,1989,0-17,
S3,1989,18-29,
S3,1989,30-65,
S3,1989,66+,14507615.37020415
S3,1989,15-26,86359346.19743359
S3,1989,27-45,93048220.46810228
S3,1989,46-65,49607796.091662765
S3,1990,00-04,
S3,1990,05-09,
S3,1990,10-14,
S3,1990,15-19,
S3,1990,20-24,
S3,1990,25-29,
S3,1990,30-34,
S3,1990,35-39,
S3,1990,40-44,
S3,1990,45-49,
S3,1990,50-54,
S3,1990,55-59,
S3,1990,60-64,
S3,1990,65-69,
S3,1990,70-74,
S3,1990,75+,
S3,1990,0-8,93855026.10560508
S3,1990,9-14,57138022.01647942
S3,1990,0-17,
S3,1990,18-29,
S3,1990,30-65,
S3,1990,66+,14923254.796790063
S3,1990,15-26,88169870.5789578
S3,1990,27-45,96101318.45533705
S3,1990,46-65,50643821.7114619
S3,1991,00-04,
S3,1991,05-09,
S3,1991,10-14,
S3,1991,15-19,
S3,1991,20-24,
S3,1991,25-29,
S3,1991,30-34,
S3,1991,35-39,
S3,1991,40-44,
S3,1991,45-49,
S3,1991,50-54,
S3,1991,55-59,
S3,1991,60-64,
S3,1991,65-69,
S3,1991,70-74,
S3,1991,75+,
S3,1991,0-8,95148952.11111623
S3,1991,9-14,58418386.09741986
S3,1991,0-17,
S3,1991,18-29,
S3,1991,30-65,
S3,1991,66+,15364880.547889411
S3,1991,15-26,90020216.55746585
S3,1991,27-45,99213013.51878077
S3,1991,46-65,51721759.550205946
S3,1992,00-04,
S3,1992,05-09,
S3,1992,10-14,
S3,1992,15-19,
S3,1992,20-24,
S3,1992,25-29,
S3,1992,30-34,
S3,1992,35-39,
S3,1992,40-44,
S3,1992,45-49,
S3,1992,50-54,
S3,1992,55-59,
S3,1992,60-64,
S3,1992,65-69,
S3,1992,70-74,
S3,1992,75+,
S3,1992,0-8,96477982.33688608
S3,1992,9-14,59946771.45733598
S3,1992,0-17,
S3,1992,18-29,
S3,1992,30-65,
S3,1992,66+,16019116.796978414
S3,1992,15-26,91459546.81896606
S3,1992,27-45,102221763.07201466
S3,1992,46-65,52557020.59010291
S3,1993,00-04,
S3,1993,05-09,
S3,1993,10-14,
S3,1993,15-19,
S3,1993,20-24,
S3,1993,25-29,
S3,1993,30-34,
S3,1993,35-39,
S3,1993,40-44,
S3,1993,45-49,
S3,1993,50-54,
S3,1993,55-59,
S3,1993,60-64,
S3,1993,65-69,
S3,1993,70-74,
S3,1993,75+,
S3,1993,0-8,97664508.28447875
S3,1993,9-14,61565637.88616195
S3,1993,0-17,
S3,1993,18-29,
S3,1993,30-65,
S3,1993,66+,16698686.965951264
S3,1993,15-26,92906538.27714393
S3,1993,27-45,105345348.62021455
S3,1993,46-65,53437917.357599735
S3,1994,00-04,
S3,1994,05-09,
S3,1994,10-14,
S3,1994,15-19,
S3,1994,20-24,
S3,1994,25-29,
S3,1994,30-34,
S3,1994,35-39,
S3,1994,40-44,
S3,1994,45-49,
S3,1994,50-54,
S3,1994,55-59,
S3,1994,60-64,
S3,1994,65-69,
S3,1994,70-74,
S3,1994,75+,
S3,1994,0-8,98658640.35196847
S3,1994,9-14,63233728.661630034
S3,1994,0-17,
S3,1994,18-29,
S3,1994,30-65,
S3,1994,66+,17403472.812463284
S3,1994,15-26,94378391.83536789
S3,1994,27-45,108551572.66003087
S3,1994,46-65,54326212.8333717
S3,1995,00-04,
S3,1995,05-09,
S3,1995,10-14,
S3,1995,15-19,
S3,1995,20-24,
S3,1995,25-29,
S3,1995,30-34,
S3,1995,35-39,
S3,1995,40-44,
S3,1995,45-49,
S3,1995,50-54,
S3,1995,55-59,
S3,1995,60-64,
S3,1995,65-69,
S3,1995,70-74,
S3,1995,75+,
S3,1995,0-8,99484122.02726053
S3,1995,9-14,64878431.888835326
S3,1995,0-17,
S3,1995,18-29,
S3,1995,30-65,
S3,1995,66+,18135873.70609325
S3,1995,15-26,95911481.36491519
S3,1995,27-45,111363136.69747216
S3,1995,46-65,55587129.65244436
S3,1996,00-04,
S3,1996,05-09,
S3,1996,10-14,
S3,1996,15-19,
S3,1996,20-24,
S3,1996,25-29,
S3,1996,30-34,
S3,1996,35-39,
S3,1996,40-44,
S3,1996,45-49,
S3,1996,50-54,
S3,1996,55-59,
S3,1996,60-64,
S3,1996,65-69,
S3,1996,70-74,
S3,1996,75+,
S3,1996,0-8,100225425.73092422
S3,1996,9-14,66356655.97121814
S3,1996,0-17,
S3,1996,18-29,
S3,1996,30-65,
S3,1996,66+,18894427.696020424
S3,1996,15-26,97679295.50288332
S3,1996,27-45,114190335.83197021
S3,1996,46-65,56962297.61163306
S3,1997,00-04,
S3,1997,05-09,
S3,1997,10-14,
S3,1997,15-19,
S3,1997,20-24,
S3,1997,25-29,
S3,1997,30-34,
S3,1997,35-39,
S3,1997,40-44,
S3,1997,45-49,
S3,1997,50-54,
S3,1997,55-59,
S3,1997,60-64,
S3,1997,65-69,
S3,1997,70-74,
S3,1997,75+,
S3,1997,0-8,100786725.03393425
S3,1997,9-14,67839007.12182759
S3,1997,0-17,
S3,1997,18-29,
S3,1997,30-65,
S3,1997,66+,19673935.58963436
S3,1997,15-26,99524946.20321736
S3,1997,27-45,117031416.51133671
S3,1997,46-65,58435797.506252885
S3,1998,00-04,
S3,1998,05-09,
S3,1998,10-14,
S3,1998,15-19,
S3,1998,20-24,
S3,1998,25-29,
S3,1998,30-34,
S3,1998,35-39,
S3,1998,40-44,
S3,1998,45-49,
S3,1998,50-54,
S3,1998,55-59,
S3,1998,60-64,
S3,1998,65-69,
S3,1998,70-74,
S3,1998,75+,
S3,1998,0-8,101355791.33870481
S3,1998,9-14,69134653.83239351
S3,1998,0-17,
S3,1998,18-29,
S3,1998,30-65,
S3,1998,66+,20471441.156862617
S3,1998,15-26,101441601.35847118
S3,1998,27-45,119872028.96803719
S3,1998,46-65,60020163.76390797
S3,1999,00-04,
S3,1999,05-09,
S3,1999,10-14,
S3,1999,15-19,
S3,1999,20-24,
S3,1999,25-29,
S3,1999,30-34,
S3,1999,35-39,
S3,1999,40-44,
S3,1999,45-49,
S3,1999,50-54,
S3,1999,55-59,
S3,1999,60-64,
S3,1999,65-69,
S3,1999,70-74,
S3,1999,75+,
S3,1999,0-8,101875764.32517582
S3,1999,9-14,70280822.61538386
S3,1999,0-17,
S3,1999,18-29,
S3,1999,30-65,
S3,1999,66+,21284818.69340861
S3,1999,15-26,103432410.14960313
S3,1999,27-45,122737912.2854901
S3,1999,46-65,61710358.38979328
S3,2000,00-04,
S3,2000,05-09,
S3,2000,10-14,
S3,2000,15-19,
S3,2000,20-24,
S3,2000,25-29,
S3,2000,30-34,
S3,2000,35-39,
S3,2000,40-44,
S3,2000,45-49,
S3,2000,50-54,
S3,2000,55-59,
S3,2000,60-64,
S3,2000,65-69,
S3,2000,70-74,
S3,2000,75+,
S3,2000,0-8,102374410.61518109
S3,2000,9-14,71234920.52636907
S3,2000,0-17,
S3,2000,18-29,
S3,2000,30-65,
S3,2000,66+,22107685.305961013
S3,2000,15-26,105552186.90591267
S3,2000,27-45,125494988.11612463
S3,2000,46-65,63570964.22313565
S3,2001,00-04,
S3,2001,05-09,
S3,2001,10-14,
S3,2001,15-19,
S3,2001,20-24,
S3,2001,25-29,
S3,2001,30-34,
S3,2001,35-39,
S3,2001,40-44,
S3,2001,45-49,
S3,2001,50-54,
S3,2001,55-59,
S3,2001,60-64,
S3,2001,65-69,
S3,2001,70-74,
S3,2001,75+,
S3,2001,0-8,103008666.47137278
S3,2001,9-14,72020468.48924601
S3,2001,0-17,
S3,2001,18-29,
S3,2001,30-65,
S3,2001,66+,22927867.971403956
S3,2001,15-26,107778290.48088133
S3,2001,27-45,128188137.99372107
S3,2001,46-65,65550361.07922071
S3,2002,00-04,
S3,2002,05-09,
S3,2002,10-14,
S3,2002,15-19,
S3,2002,20-24,
S3,2002,25-29,
S3,2002,30-34,
S3,2002,35-39,
S3,2002,40-44,
S3,2002,45-49,
S3,2002,50-54,
S3,2002,55-59,
S3,2002,60-64,
S3,2002,65-69,
S3,2002,70-74,
S3,2002,75+,
S3,2002,0-8,103701070.08240142
S3,2002,9-14,72582226.45517147
S3,2002,0-17,
S3,2002,18-29,
S3,2002,30-65,
S3,2002,66+,23774615.683549583
S3,2002,15-26,110144649.00975421
S3,2002,27-45,130971439.16947818
S3,2002,46-65,67605506.50297153
S3,2003,00-04,
S3,2003,05-09,
S3,2003,10-14,
S3,2003,15-19,
S3,2003,20-24,
S3,2003,25-29,
S3,2003,30-34,
S3,2003,35-39,
S3,2003,40-44,
S3,2003,45-49,
S3,2003,50-54,
S3,2003,55-59,
S3,2003,60-64,
S3,2003,65-69,
S3,2003,70-74,
S3,2003,75+,
S3,2003,0-8,104249328.37310198
S3,2003,9-14,73126078.15165478
S3,2003,0-17,
S3,2003,18-29,
S3,2003,30-65,
S3,2003,66+,24652115.794372857
S3,2003,15-26,112464090.03814968
S3,2003,27-45,133618679.77636302
S3,2003,46-65,69694592.73689973
S3,2004,00-04,
S3,2004,05-09,
S3,2004,10-14,
S3,2004,15-19,
S3,2004,20-24,
S3,2004,25-29,
S3,2004,30-34,
S3,2004,35-39,
S3,2004,40-44,
S3,2004,45-49,
S3,2004,50-54,
S3,2004,55-59,
S3,2004,60-64,
S3,2004,65-69,
S3,2004,70-74,
S3,2004,75+,
S3,2004,0-8,104649431.23588055
S3,2004,9-14,73556044.91455525
S3,2004,0-17,
S3,2004,18-29,
S3,2004,30-65,
S3,2004,66+,25530327.504507303
S3,2004,15-26,114910003.71084177
S3,2004,27-45,136358297.37550777
S3,2004,46-65,71853066.55750614
S3,2005,00-04,
S3,2005,05-09,
S3,2005,10-14,
S3,2005,15-19,
S3,2005,20-24,
S3,2005,25-29,
S3,2005,30-34,
S3,2005,35-39,
S3,2005,40-44,
S3,2005,45-49,
S3,2005,50-54,
S3,2005,55-59,
S3,2005,60-64,
S3,2005,65-69,
S3,2005,70-74,
S3,2005,75+,
S3,2005,0-8,104899919.06409723
S3,2005,9-14,73946132.86908993
S3,2005,0-17,
S3,2005,18-29,
S3,2005,30-65,
S3,2005,66+,26368881.04618019
S3,2005,15-26,117478800.4393762
S3,2005,27-45,139292640.48290277
S3,2005,46-65,74150425.60603905
S3,2006,00-04,
S3,2006,05-09,
S3,2006,10-14,
S3,2006,15-19,
S3,2006,20-24,
S3,2006,25-29,
S3,2006,30-34,
S3,2006,35-39,
S3,2006,40-44,
S3,2006,45-49,
S3,2006,50-54,
S3,2006,55-59,
S3,2006,60-64,
S3,2006,65-69,
S3,2006,70-74,
S3,2006,75+,
S3,2006,0-8,104901248.5893478
S3,2006,9-14,74345033.63240598
S3,2006,0-17,
S3,2006,18-29,
S3,2006,30-65,
S3,2006,66+,27173919.082785547
S3,2006,15-26,119891867.76174188
S3,2006,27-45,142186997.69716948
S3,2006,46-65,76552557.58765334
S3,2007,00-04,
S3,2007,05-09,
S3,2007,10-14,
S3,2007,15-19,
S3,2007,20-24,
S3,2007,25-29,
S3,2007,30-34,
S3,2007,35-39,
S3,2007,40-44,
S3,2007,45-49,
S3,2007,50-54,
S3,2007,55-59,
S3,2007,60-64,
S3,2007,65-69,
S3,2007,70-74,
S3,2007,75+,
S3,2007,0-8,104724334.91009572
S3,2007,9-14,74733869.00414452
S3,2007,0-17,
S3,2007,18-29,
S3,2007,30-65,
S3,2007,66+,27964749.27485937
S3,2007,15-26,122440465.24319696
S3,2007,27-45,145300493.53669405
S3,2007,46-65,79073074.98740834
S3,2008,00-04,
S3,2008,05-09,
S3,2008,10-14,
S3,2008,15-19,
S3,2008,20-24,
S3,2008,25-29,
S3,2008,30-34,
S3,2008,35-39,
S3,2008,40-44,
S3,2008,45-49,
S3,2008,50-54,
S3,2008,55-59,
S3,2008,60-64,
S3,2008,65-69,
S3,2008,70-74,
S3,2008,75+,
S3,2008,0-8,104360386.4339749
S3,2008,9-14,75078664.74497609
S3,2008,0-17,
S3,2008,18-29,
S3,2008,30-65,
S3,2008,66+,28748419.741461933
S3,2008,15-26,124890231.47944102
S3,2008,27-45,148335587.5694592
S3,2008,46-65,81651380.39661336
S3,2009,00-04,
S3,2009,05-09,
S3,2009,10-14,
S3,2009,15-19,
S3,2009,20-24,
S3,2009,25-29,
S3,2009,30-34,
S3,2009,35-39,
S3,2009,40-44,
S3,2009,45-49,
S3,2009,50-54,
S3,2009,55-59,
S3,2009,60-64,
S3,2009,65-69,
S3,2009,70-74,
S3,2009,75+,
S3,2009,0-8,103913498.82379848
S3,2009,9-14,75426990.25296706
S3,2009,0-17,
S3,2009,18-29,
S3,2009,30-65,
S3,2009,66+,29542567.26702106
S3,2009,15-26,127320094.72816658
S3,2009,27-45,151484589.9676544
S3,2009,46-65,84278546.3747297
S3,2010,00-04,
S3,2010,05-09,
S3,2010,10-14,
S3,2010,15-19,
S3,2010,20-24,
S3,2010,25-29,
S3,2010,30-34,
S3,2010,35-39,
S3,2010,40-44,
S3,2010,45-49,
S3,2010,50-54,
S3,2010,55-59,
S3,2010,60-64,
S3,2010,65-69,
S3,2010,70-74,
S3,2010,75+,
S3,2010,0-8,103473461.90116952
S3,2010,9-14,75746561.91102706
S3,2010,0-17,
S3,2010,18-29,
S3,2010,30-65,
S3,2010,66+,30342933.564016342
S3,2010,15-26,129854886.30697593
S3,2010,27-45,154948707.9396677
S3,2010,46-65,87083760.4357236
S3,2011,00-04,
S3,2011,05-09,
S3,2011,10-14,
S3,2011,15-19,
S3,2011,20-24,
S3,2011,25-29,
S3,2011,30-34,
S3,2011,35-39,
S3,2011,40-44,
S3,2011,45-49,
S3,2011,50-54,
S3,2011,55-59,
S3,2011,60-64,
S3,2011,65-69,
S3,2011,70-74,
S3,2011,75+,
S3,2011,0-8,102794799.8058338
S3,2011,9-14,76143890.63315709
S3,2011,0-17,
S3,2011,18-29,
S3,2011,30-65,
S3,2011,66+,31179130.157217503
S3,2011,15-26,132394202.37929732
S3,2011,27-45,158648248.24933577
S3,2011,46-65,89938558.9501605
S3,2012,00-04,
S3,2012,05-09,
S3,2012,10-14,
S3,2012,15-19,
S3,2012,20-24,
S3,2012,25-29,
S3,2012,30-34,
S3,2012,35-39,
S3,2012,40-44,
S3,2012,45-49,
S3,2012,50-54,
S3,2012,55-59,
S3,2012,60-64,
S3,2012,65-69,
S3,2012,70-74,
S3,2012,75+,
S3,2012,0-8,102156785.36182454
S3,2012,9-14,76687875.63097915
S3,2012,0-17,
S3,2012,18-29,
S3,2012,30-65,
S3,2012,66+,32070037.797443986
S3,2012,15-26,133654938.2388624
S3,2012,27-45,162225527.22676808
S3,2012,46-65,92900551.17520088
S3,2013,00-04,
S3,2013,05-09,
S3,2013,10-14,
S3,2013,15-19,
S3,2013,20-24,
S3,2013,25-29,
S3,2013,30-34,
S3,2013,35-39,
S3,2013,40-44,
S3,2013,45-49,
S3,2013,50-54,
S3,2013,55-59,
S3,2013,60-64,
S3,2013,65-69,
S3,2013,70-74,
S3,2013,75+,
S3,2013,0-8,101545906.04650515
S3,2013,9-14,77121140.23780054
S3,2013,0-17,
S3,2013,18-29,
S3,2013,30-65,
S3,2013,66+,33006791.10275328
S3,2013,15-26,134889507.0799191
S3,2013,27-45,165777970.46035796
S3,2013,46-65,95950185.58226925
S3,2014,00-04,
S3,2014,05-09,
S3,2014,10-14,
S3,2014,15-19,
S3,2014,20-24,
S3,2014,25-29,
S3,2014,30-34,
S3,2014,35-39,
S3,2014,40-44,
S3,2014,45-49,
S3,2014,50-54,
S3,2014,55-59,
S3,2014,60-64,
S3,2014,65-69,
S3,2014,70-74,
S3,2014,75+,
S3,2014,0-8,100941831.71489346
S3,2014,9-14,77364576.00937322
S3,2014,0-17,
S3,2014,18-29,
S3,2014,30-65,
S3,2014,66+,33963524.58807504
S3,2014,15-26,136052061.42453536
S3,2014,27-45,169366634.59434497
S3,2014,46-65,99107478.6716783
S3,2015,00-04,
S3,2015,05-09,
S3,2015,10-14,
S3,2015,15-19,
S3,2015,20-24,
S3,2015,25-29,
S3,2015,30-34,
S3,2015,35-39,
S3,2015,40-44,
S3,2015,45-49,
S3,2015,50-54,
S3,2015,55-59,
S3,2015,60-64,
S3,2015,65-69,
S3,2015,70-74,
S3,2015,75+,
S3,2015,0-8,100077333.03471167
S3,2015,9-14,77459991.8805991
S3,2015,0-17,
S3,2015,18-29,
S3,2015,30-65,
S3,2015,66+,35273229.59990966
S3,2015,15-26,137133370.8957369
S3,2015,27-45,173006044.6909675
S3,2015,46-65,101971471.08323723
S3,2016,00-04,
S3,2016,05-09,
S3,2016,10-14,
S3,2016,15-19,
S3,2016,20-24,
S3,2016,25-29,
S3,2016,30-34,
S3,2016,35-39,
S3,2016,40-44,
S3,2016,45-49,
S3,2016,50-54,
S3,2016,55-59,
S3,2016,60-64,
S3,2016,65-69,
S3,2016,70-74,
S3,2016,75+,
S3,2016,0-8,99478057.72591686
S3,2016,9-14,77164059.67543727
S3,2016,0-17,
S3,2016,18-29,
S3,2016,30-65,
S3,2016,66+,36684291.28620958
S3,2016,15-26,138243807.07345355
S3,2016,27-45,176526887.8129329
S3,2016,46-65,104799749.17083895
S3,2017,00-04,
S3,2017,05-09,
S3,2017,10-14,
S3,2017,15-19,
S3,2017,20-24,
S3,2017,25-29,
S3,2017,30-34,
S3,2017,35-39,
S3,2017,40-44,
S3,2017,45-49,
S3,2017,50-54,
S3,2017,55-59,
S3,2017,60-64,
S3,2017,65-69,
S3,2017,70-74,
S3,2017,75+,
S3,2017,0-8,99140154.08173917
S3,2017,9-14,76566286.98092921
S3,2017,0-17,
S3,2017,18-29,
S3,2017,30-65,
S3,2017,66+,38180962.755722165
S3,2017,15-26,139520048.65926355
S3,2017,27-45,180169776.64718747
S3,2017,46-65,107682923.25654125
S3,2018,00-04,
S3,2018,05-09,
S3,2018,10-14,
S3,2018,15-19,
S3,2018,20-24,
S3,2018,25-29,
S3,2018,30-34,
S3,2018,35-39,
S3,2018,40-44,
S3,2018,45-49,
S3,2018,50-54,
S3,2018,55-59,
S3,2018,60-64,
S3,2018,65-69,
S3,2018,70-74,
S3,2018,75+,
S3,2018,0-8,98641628.80488679
S3,2018,9-14,75870330.07858363
S3,2018,0-17,
S3,2018,18-29,
S3,2018,30-65,
S3,2018,66+,39759350.64983082
S3,2018,15-26,140671836.51641846
S3,2018,27-45,183657375.59412712
S3,2018,46-65,110558035.24691099
S3,2019,00-04,
S3,2019,05-09,
S3,2019,10-14,
S3,2019,15-19,
S3,2019,20-24,
S3,2019,25-29,
S3,2019,30-34,
S3,2019,35-39,
S3,2019,40-44,
S3,2019,45-49,
S3,2019,50-54,
S3,2019,55-59,
S3,2019,60-64,
S3,2019,65-69,
S3,2019,70-74,
S3,2019,75+,
S3,2019,0-8,98280453.38802135
S3,2019,9-14,75240403.24071574
S3,2019,0-17,
S3,2019,18-29,
S3,2019,30-65,
S3,2019,66+,41407183.637743235
S3,2019,15-26,141607216.3209005
S3,2019,27-45,186962760.09975213
S3,2019,46-65,113458557.77842367
S3,2020,00-04,
S3,2020,05-09,
S3,2020,10-14,
S3,2020,15-19,
S3,2020,20-24,
S3,2020,25-29,
S3,2020,30-34,
S3,2020,35-39,
S3,2020,40-44,
S3,2020,45-49,
S3,2020,50-54,
S3,2020,55-59,
S3,2020,60-64,
S3,2020,65-69,
S3,2020,70-74,
S3,2020,75+,
S3,2020,0-8,97736225.3132425
S3,2020,9-14,74663370.59824455
S3,2020,0-17,
S3,2020,18-29,
S3,2020,30-65,
S3,2020,66+,43161810.944274426
S3,2020,15-26,142331310.47544873
S3,2020,27-45,190122276.96056998
S3,2020,46-65,116300440.85262364
S3,2021,00-04,
S3,2021,05-09,
S3,2021,10-14,
S3,2021,15-19,
S3,2021,20-24,
S3,2021,25-29,
S3,2021,30-34,
S3,2021,35-39,
S3,2021,40-44,
S3,2021,45-49,
S3,2021,50-54,
S3,2021,55-59,
S3,2021,60-64,
S3,2021,65-69,
S3,2021,70-74,
S3,2021,75+,
S3,2021,0-8,97082746.13358991
S3,2021,9-14,74187334.56948726
S3,2021,0-17,
S3,2021,18-29,
S3,2021,30-65,
S3,2021,66+,44791072.94176376
S3,2021,15-26,143056001.8128439
S3,2021,27-45,193402749.5849324
S3,2021,46-65,119066057.2555933
S3,2022,00-04,
S3,2022,05-09,
S3,2022,10-14,
S3,2022,15-19,
S3,2022,20-24,
S3,2022,25-29,
S3,2022,30-34,
S3,2022,35-39,
S3,2022,40-44,
S3,2022,45-49,
S3,2022,50-54,
S3,2022,55-59,
S3,2022,60-64,
S3,2022,65-69,
S3,2022,70-74,
S3,2022,75+,
S3,2022,0-8,96426936.99416576
S3,2022,9-14,73806720.90663
S3,2022,0-17,
S3,2022,18-29,
S3,2022,30-65,
S3,2022,66+,45601129.41375077
S3,2022,15-26,143543624.07418877
S3,2022,27-45,196360670.67450124
S3,2022,46-65,121457837.26072603
S3,2023,00-04,
S3,2023,05-09,
S3,2023,10-14,
S3,2023,15-19,
S3,2023,20-24,
S3,2023,25-29,
S3,2023,30-34,
S3,2023,35-39,
S3,2023,40-44,
S3,2023,45-49,
S3,2023,50-54,
S3,2023,55-59,
S3,2023,60-64,
S3,2023,65-69,
S3,2023,70-74,
S3,2023,75+,
S3,2023,0-8,95842005.88919865
S3,2023,9-14,73405904.5265326
S3,2023,0-17,
S3,2023,18-29,
S3,2023,30-65,
S3,2023,66+,47494722.7489475
S3,2023,15-26,143686453.61358303
S3,2023,27-45,199197925.8659141
S3,2023,46-65,124444592.53480542
S3,2024,00-04,
S3,2024,05-09,
S3,2024,10-14,
S3,2024,15-19,
S3,2024,20-24,
S3,2024,25-29,
S3,2024,30-34,
S3,2024,35-39,
S3,2024,40-44,
S3,2024,45-49,
S3,2024,50-54,
S3,2024,55-59,
S3,2024,60-64,
S3,2024,65-69,
S3,2024,70-74,
S3,2024,75+,
S3,2024,0-8,95403922.90127979
S3,2024,9-14,72893096.78348006
S3,2024,0-17,
S3,2024,18-29,
S3,2024,30-65,
S3,2024,66+,49403321.12230301
S3,2024,15-26,143852056.70780283
S3,2024,27-45,201998848.5914083
S3,2024,46-65,127521506.35672557
S3,2025,00-04,
S3,2025,05-09,
S3,2025,10-14,
S3,2025,15-19,
S3,2025,20-24,
S3,2025,25-29,
S3,2025,30-34,
S3,2025,35-39,
S3,2025,40-44,
S3,2025,45-49,
S3,2025,50-54,
S3,2025,55-59,
S3,2025,60-64,
S3,2025,65-69,
S3,2025,70-74,
S3,2025,75+,
S3,2025,0-8,95324477.6334523
S3,2025,9-14,71904328.40224192
S3,2025,0-17,
S3,2025,18-29,
S3,2025,30-65,
S3,2025,66+,51398020.80351555
S3,2025,15-26,143969974.6605812
S3,2025,27-45,204810622.93266565
S3,2025,46-65,130792784.12758791
S3,2026,00-04,
S3,2026,05-09,
S3,2026,10-14,
S3,2026,15-19,
S3,2026,20-24,
S3,2026,25-29,
S3,2026,30-34,
S3,2026,35-39,
S3,2026,40-44,
S3,2026,45-49,
S3,2026,50-54,
S3,2026,55-59,
S3,2026,60-64,
S3,2026,65-69,
S3,2026,70-74,
S3,2026,75+,
S3,2026,0-8,95192213.8452678
S3,2026,9-14,71058611.24915695
S3,2026,0-17,
S3,2026,18-29,
S3,2026,30-65,
S3,2026,66+,53443768.59859371
S3,2026,15-26,143845538.08698264
S3,2026,27-45,207538527.86666673
S3,2026,46-65,134212455.78924608
S3,2027,00-04,
S3,2027,05-09,
S3,2027,10-14,
S3,2027,15-19,
S3,2027,20-24,
S3,2027,25-29,
S3,2027,30-34,
S3,2027,35-39,
S3,2027,40-44,
S3,2027,45-49,
S3,2027,50-54,
S3,2027,55-59,
S3,2027,60-64,
S3,2027,65-69,
S3,2027,70-74,
S3,2027,75+,
S3,2027,0-8,94991867.51138175
S3,2027,9-14,70324339.99937499
S3,2027,0-17,
S3,2027,18-29,
S3,2027,30-65,
S3,2027,66+,55529402.35946584
S3,2027,15-26,143541721.2578289
S3,2027,27-45,210198157.0601899
S3,2027,46-65,137731152.5446093
S3,2028,00-04,
S3,2028,05-09,
S3,2028,10-14,
S3,2028,15-19,
S3,2028,20-24,
S3,2028,25-29,
S3,2028,30-34,
S3,2028,35-39,
S3,2028,40-44,
S3,2028,45-49,
S3,2028,50-54,
S3,2028,55-59,
S3,2028,60-64,
S3,2028,65-69,
S3,2028,70-74,
S3,2028,75+,
S3,2028,0-8,95032360.6822326
S3,2028,9-14,69378231.65600096
S3,2028,0-17,
S3,2028,18-29,
S3,2028,30-65,
S3,2028,66+,57658810.23361778
S3,2028,15-26,143165033.64871642
S3,2028,27-45,212681823.13167065
S3,2028,46-65,141338514.50499701
S3,2029,00-04,
S3,2029,05-09,
S3,2029,10-14,
S3,2029,15-19,
S3,2029,20-24,
S3,2029,25-29,
S3,2029,30-34,
S3,2029,35-39,
S3,2029,40-44,
S3,2029,45-49,
S3,2029,50-54,
S3,2029,55-59,
S3,2029,60-64,
S3,2029,65-69,
S3,2029,70-74,
S3,2029,75+,
S3,2029,0-8,94927156.60717997
S3,2029,9-14,68697701.40425727
S3,2029,0-17,
S3,2029,18-29,
S3,2029,30-65,
S3,2029,66+,59817846.0557071
S3,2029,15-26,142678389.28987986
S3,2029,27-45,214897432.4346196
S3,2029,46-65,145059154.64830333
S3,2030,00-04,
S3,2030,05-09,
S3,2030,10-14,
S3,2030,15-19,
S3,2030,20-24,
S3,2030,25-29,
S3,2030,30-34,
S3,2030,35-39,
S3,2030,40-44,
S3,2030,45-49,
S3,2030,50-54,
S3,2030,55-59,
S3,2030,60-64,
S3,2030,65-69,
S3,2030,70-74,
S3,2030,75+,
S3,2030,0-8,94932057.26202156
S3,2030,9-14,68270097.4071121
S3,2030,0-17,
S3,2030,18-29,
S3,2030,30-65,
S3,2030,66+,62018926.07799423
S3,2030,15-26,141819039.4949258
S3,2030,27-45,216832909.45479786
S3,2030,46-65,148914875.16568726
S3,2031,00-04,
S3,2031,05-09,
S3,2031,10-14,
S3,2031,15-19,
S3,2031,20-24,
S3,2031,25-29,
S3,2031,30-34,
S3,2031,35-39,
S3,2031,40-44,
S3,2031,45-49,
S3,2031,50-54,
S3,2031,55-59,
S3,2031,60-64,
S3,2031,65-69,
S3,2031,70-74,
S3,2031,75+,
S3,2031,0-8,95134459.17647061
S3,2031,9-14,67520870.86000055
S3,2031,0-17,
S3,2031,18-29,
S3,2031,30-65,
S3,2031,66+,64242464.00952184
S3,2031,15-26,141054458.11627427
S3,2031,27-45,218532147.64795214
S3,2031,46-65,152863877.75206602
S3,2032,00-04,
S3,2032,05-09,
S3,2032,10-14,
S3,2032,15-19,
S3,2032,20-24,
S3,2032,25-29,
S3,2032,30-34,
S3,2032,35-39,
S3,2032,40-44,
S3,2032,45-49,
S3,2032,50-54,
S3,2032,55-59,
S3,2032,60-64,
S3,2032,65-69,
S3,2032,70-74,
S3,2032,75+,
S3,2032,0-8,95318499.57610656
S3,2032,9-14,66657649.993212864
S3,2032,0-17,
S3,2032,18-29,
S3,2032,30-65,
S3,2032,66+,66510485.971092105
S3,2032,15-26,140373340.2861759
S3,2032,27-45,219941609.08180916
S3,2032,46-65,156941674.45557904
S3,2033,00-04,
S3,2033,05-09,
S3,2033,10-14,
S3,2033,15-19,
S3,2033,20-24,
S3,2033,25-29,
S3,2033,30-34,
S3,2033,35-39,
S3,2033,40-44,
S3,2033,45-49,
S3,2033,50-54,
S3,2033,55-59,
S3,2033,60-64,
S3,2033,65-69,
S3,2033,70-74,
S3,2033,75+,
S3,2033,0-8,95389830.76474725
S3,2033,9-14,66133532.904817864
S3,2033,0-17,
S3,2033,18-29,
S3,2033,30-65,
S3,2033,66+,68847663.2085532
S3,2033,15-26,139453490.34703937
S3,2033,27-45,221180398.07058948
S3,2033,46-65,160953893.46859097
S3,2034,00-04,
S3,2034,05-09,
S3,2034,10-14,
S3,2034,15-19,
S3,2034,20-24,
S3,2034,25-29,
S3,2034,30-34,
S3,2034,35-39,
S3,2034,40-44,
S3,2034,45-49,
S3,2034,50-54,
S3,2034,55-59,
S3,2034,60-64,
S3,2034,65-69,
S3,2034,70-74,
S3,2034,75+,
S3,2034,0-8,95384116.07499412
S3,2034,9-14,65500850.87699863
S3,2034,0-17,
S3,2034,18-29,
S3,2034,30-65,
S3,2034,66+,71253312.76321828
S3,2034,15-26,138659214.46049142
S3,2034,27-45,222212109.86325228
S3,2034,46-65,164962963.79334295
S3,2035,00-04,
S3,2035,05-09,
S3,2035,10-14,
S3,2035,15-19,
S3,2035,20-24,
S3,2035,25-29,
S3,2035,30-34,
S3,2035,35-39,
S3,2035,40-44,
S3,2035,45-49,
S3,2035,50-54,
S3,2035,55-59,
S3,2035,60-64,
S3,2035,65-69,
S3,2035,70-74,
S3,2035,75+,
S3,2035,0-8,95270098.0578294
S3,2035,9-14,65088990.34630562
S3,2035,0-17,
S3,2035,18-29,
S3,2035,30-65,
S3,2035,66+,73690897.75770473
S3,2035,15-26,137611776.3244851
S3,2035,27-45,223134975.82352853
S3,2035,46-65,168981852.93722278
S3,2036,00-04,
S3,2036,05-09,
S3,2036,10-14,
S3,2036,15-19,
S3,2036,20-24,
S3,2036,25-29,
S3,2036,30-34,
S3,2036,35-39,
S3,2036,40-44,
S3,2036,45-49,
S3,2036,50-54,
S3,2036,55-59,
S3,2036,60-64,
S3,2036,65-69,
S3,2036,70-74,
S3,2036,75+,
S3,2036,0-8,95061764.94707088
S3,2036,9-14,64940714.249200836
S3,2036,0-17,
S3,2036,18-29,
S3,2036,30-65,
S3,2036,66+,76178511.25632977
S3,2036,15-26,136436550.99312675
S3,2036,27-45,223824699.46446204
S3,2036,46-65,172913570.4085564
S3,2037,00-04,
S3,2037,05-09,
S3,2037,10-14,
S3,2037,15-19,
S3,2037,20-24,
S3,2037,25-29,
S3,2037,30-34,
S3,2037,35-39,
S3,2037,40-44,
S3,2037,45-49,
S3,2037,50-54,
S3,2037,55-59,
S3,2037,60-64,
S3,2037,65-69,
S3,2037,70-74,
S3,2037,75+,
S3,2037,0-8,94754454.7529375
S3,2037,9-14,64836627.544127226
S3,2037,0-17,
S3,2037,18-29,
S3,2037,30-65,
S3,2037,66+,78750058.64008296
S3,2037,15-26,135290733.58962572
S3,2037,27-45,224289000.69148916
S3,2037,46-65,176766351.81756485
S3,2038,00-04,
S3,2038,05-09,
S3,2038,10-14,
S3,2038,15-19,
S3,2038,20-24,
S3,2038,25-29,
S3,2038,30-34,
S3,2038,35-39,
S3,2038,40-44,
S3,2038,45-49,
S3,2038,50-54,
S3,2038,55-59,
S3,2038,60-64,
S3,2038,65-69,
S3,2038,70-74,
S3,2038,75+,
S3,2038,0-8,94350906.23848093
S3,2038,9-14,64700680.25211647
S3,2038,0-17,
S3,2038,18-29,
S3,2038,30-65,
S3,2038,66+,81382308.92598307
S3,2038,15-26,134184454.0069165
S3,2038,27-45,224614414.35948485
S3,2038,46-65,180497894.40577573
S3,2039,00-04,
S3,2039,05-09,
S3,2039,10-14,
S3,2039,15-19,
S3,2039,20-24,
S3,2039,25-29,
S3,2039,30-34,
S3,2039,35-39,
S3,2039,40-44,
S3,2039,45-49,
S3,2039,50-54,
S3,2039,55-59,
S3,2039,60-64,
S3,2039,65-69,
S3,2039,70-74,
S3,2039,75+,
S3,2039,0-8,93850119.57352003
S3,2039,9-14,64534400.62300134
S3,2039,0-17,
S3,2039,18-29,
S3,2039,30-65,
S3,2039,66+,84099758.51420546
S3,2039,15-26,133161863.1700798
S3,2039,27-45,224769668.870291
S3,2039,46-65,184067138.45459598
S3,2040,00-04,
S3,2040,05-09,
S3,2040,10-14,
S3,2040,15-19,
S3,2040,20-24,
S3,2040,25-29,
S3,2040,30-34,
S3,2040,35-39,
S3,2040,40-44,
S3,2040,45-49,
S3,2040,50-54,
S3,2040,55-59,
S3,2040,60-64,
S3,2040,65-69,
S3,2040,70-74,
S3,2040,75+,
S3,2040,0-8,93252549.44371262
S3,2040,9-14,64337187.76114753
S3,2040,0-17,
S3,2040,18-29,
S3,2040,30-65,
S3,2040,66+,86875300.46343446
S3,2040,15-26,132354970.4721353
S3,2040,27-45,224597031.92160088
S3,2040,46-65,187537264.2698679
S3,2041,00-04,
S3,2041,05-09,
S3,2041,10-14,
S3,2041,15-19,
S3,2041,20-24,
S3,2041,25-29,
S3,2041,30-34,
S3,2041,35-39,
S3,2041,40-44,
S3,2041,45-49,
S3,2041,50-54,
S3,2041,55-59,
S3,2041,60-64,
S3,2041,65-69,
S3,2041,70-74,
S3,2041,75+,
S3,2041,0-8,92570965.65466216
S3,2041,9-14,64140823.34533784
S3,2041,0-17,
S3,2041,18-29,
S3,2041,30-65,
S3,2041,66+,89658998.46352792
S3,2041,15-26,131461953.5371694
S3,2041,27-45,224402339.43774647
S3,2041,46-65,190916708.56155622
S3,2042,00-04,
S3,2042,05-09,
S3,2042,10-14,
S3,2042,15-19,
S3,2042,20-24,
S3,2042,25-29,
S3,2042,30-34,
S3,2042,35-39,
S3,2042,40-44,
S3,2042,45-49,
S3,2042,50-54,
S3,2042,55-59,
S3,2042,60-64,
S3,2042,65-69,
S3,2042,70-74,
S3,2042,75+,
S3,2042,0-8,91831489.00154151
S3,2042,9-14,63908739.99845849
S3,2042,0-17,
S3,2042,18-29,
S3,2042,30-65,
S3,2042,66+,92540915.57124174
S3,2042,15-26,130508849.74350059
S3,2042,27-45,224178903.36364514
S3,2042,46-65,194135557.32161254
S3,2043,00-04,
S3,2043,05-09,
S3,2043,10-14,
S3,2043,15-19,
S3,2043,20-24,
S3,2043,25-29,
S3,2043,30-34,
S3,2043,35-39,
S3,2043,40-44,
S3,2043,45-49,
S3,2043,50-54,
S3,2043,55-59,
S3,2043,60-64,
S3,2043,65-69,
S3,2043,70-74,
S3,2043,75+,
S3,2043,0-8,91069043.08781096
S3,2043,9-14,63630469.91218904
S3,2043,0-17,
S3,2043,18-29,
S3,2043,30-65,
S3,2043,66+,95425787.97207654
S3,2043,15-26,129763562.3256725
S3,2043,27-45,223642149.12818557
S3,2043,46-65,197317029.57406527
S3,2044,00-04,
S3,2044,05-09,
S3,2044,10-14,
S3,2044,15-19,
S3,2044,20-24,
S3,2044,25-29,
S3,2044,30-34,
S3,2044,35-39,
S3,2044,40-44,
S3,2044,45-49,
S3,2044,50-54,
S3,2044,55-59,
S3,2044,60-64,
S3,2044,65-69,
S3,2044,70-74,
S3,2044,75+,
S3,2044,0-8,90283718.17750631
S3,2044,9-14,63321300.82249369
S3,2044,0-17,
S3,2044,18-29,
S3,2044,30-65,
S3,2044,66+,98361804.74265003
S3,2044,15-26,128968597.38072509
S3,2044,27-45,223023338.35016108
S3,2044,46-65,200419621.5264637
S3,2045,00-04,
S3,2045,05-09,
S3,2045,10-14,
S3,2045,15-19,
S3,2045,20-24,
S3,2045,25-29,
S3,2045,30-34,
S3,2045,35-39,
S3,2045,40-44,
S3,2045,45-49,
S3,2045,50-54,
S3,2045,55-59,
S3,2045,60-64,
S3,2045,65-69,
S3,2045,70-74,
S3,2045,75+,
S3,2045,0-8,89487166.08900297
S3,2045,9-14,62973804.91099703
S3,2045,0-17,
S3,2045,18-29,
S3,2045,30-65,
S3,2045,66+,101402100.9945327
S3,2045,15-26,128451654.75550532
S3,2045,27-45,222006661.44137996
S3,2045,46-65,203403217.808582
S3,2046,00-04,
S3,2046,05-09,
S3,2046,10-14,
S3,2046,15-19,
S3,2046,20-24,
S3,2046,25-29,
S3,2046,30-34,
S3,2046,35-39,
S3,2046,40-44,
S3,2046,45-49,
S3,2046,50-54,
S3,2046,55-59,
S3,2046,60-64,
S3,2046,65-69,
S3,2046,70-74,
S3,2046,75+,
S3,2046,0-8,88672314.01399827
S3,2046,9-14,62584350.98600173
S3,2046,0-17,
S3,2046,18-29,
S3,2046,30-65,
S3,2046,66+,104577528.36043036
S3,2046,15-26,128052934.70906419
S3,2046,27-45,220661298.20507658
S3,2046,46-65,206323843.72542876
S3,2047,00-04,
S3,2047,05-09,
S3,2047,10-14,
S3,2047,15-19,
S3,2047,20-24,
S3,2047,25-29,
S3,2047,30-34,
S3,2047,35-39,
S3,2047,40-44,
S3,2047,45-49,
S3,2047,50-54,
S3,2047,55-59,
S3,2047,60-64,
S3,2047,65-69,
S3,2047,70-74,
S3,2047,75+,
S3,2047,0-8,87860750.78691785
S3,2047,9-14,62162171.21308215
S3,2047,0-17,
S3,2047,18-29,
S3,2047,30-65,
S3,2047,66+,107840830.86811638
S3,2047,15-26,127605750.16330314
S3,2047,27-45,219156128.259771
S3,2047,46-65,209197554.7088096
S3,2048,00-04,
S3,2048,05-09,
S3,2048,10-14,
S3,2048,15-19,
S3,2048,20-24,
S3,2048,25-29,
S3,2048,30-34,
S3,2048,35-39,
S3,2048,40-44,
S3,2048,45-49,
S3,2048,50-54,
S3,2048,55-59,
S3,2048,60-64,
S3,2048,65-69,
S3,2048,70-74,
S3,2048,75+,
S3,2048,0-8,87055594.3625956
S3,2048,9-14,61716605.6374044
S3,2048,0-17,
S3,2048,18-29,
S3,2048,30-65,
S3,2048,66+,111176535.5856241
S3,2048,15-26,127208519.51611549
S3,2048,27-45,217539260.8902728
S3,2048,46-65,211875956.0079875
S3,2049,00-04,
S3,2049,05-09,
S3,2049,10-14,
S3,2049,15-19,
S3,2049,20-24,
S3,2049,25-29,
S3,2049,30-34,
S3,2049,35-39,
S3,2049,40-44,
S3,2049,45-49,
S3,2049,50-54,
S3,2049,55-59,
S3,2049,60-64,
S3,2049,65-69,
S3,2049,70-74,
S3,2049,75+,
S3,2049,0-8,86274567.2924727
S3,2049,9-14,61233337.707527295
S3,2049,0-17,
S3,2049,18-29,
S3,2049,30-65,
S3,2049,66+,114607682.14318264
S3,2049,15-26,126697775.9525677
S3,2049,27-45,216060000.41420156
S3,2049,46-65,214255774.4900481
S3,2050,00-04,
S3,2050,05-09,
S3,2050,10-14,
S3,2050,15-19,
S3,2050,20-24,
S3,2050,25-29,
S3,2050,30-34,
S3,2050,35-39,
S3,2050,40-44,
S3,2050,45-49,
S3,2050,50-54,
S3,2050,55-59,
S3,2050,60-64,
S3,2050,65-69,
S3,2050,70-74,
S3,2050,75+,
S3,2050,0-8,85524277.91817081
S3,2050,9-14,60720649.08182919
S3,2050,0-17,
S3,2050,18-29,
S3,2050,30-65,
S3,2050,66+,118162724.24388874
S3,2050,15-26,126182647.92629433
S3,2050,27-45,214583192.92746234
S3,2050,46-65,216336059.9023546
S3,2051,00-04,
S3,2051,05-09,
S3,2051,10-14,
S3,2051,15-19,
S3,2051,20-24,
S3,2051,25-29,
S3,2051,30-34,
S3,2051,35-39,
S3,2051,40-44,
S3,2051,45-49,
S3,2051,50-54,
S3,2051,55-59,
S3,2051,60-64,
S3,2051,65-69,
S3,2051,70-74,
S3,2051,75+,
S3,2051,0-8,84794622.40085761
S3,2051,9-14,60197331.59914239
S3,2051,0-17,
S3,2051,18-29,
S3,2051,30-65,
S3,2051,66+,121791207.41742325
S3,2051,15-26,125730965.32821506
S3,2051,27-45,213095124.34655285
S3,2051,46-65,218115668.90780884
S3,2052,00-04,
S3,2052,05-09,
S3,2052,10-14,
S3,2052,15-19,
S3,2052,20-24,
S3,2052,25-29,
S3,2052,30-34,
S3,2052,35-39,
S3,2052,40-44,
S3,2052,45-49,
S3,2052,50-54,
S3,2052,55-59,
S3,2052,60-64,
S3,2052,65-69,
S3,2052,70-74,
S3,2052,75+,
S3,2052,0-8,84102447.58918108
S3,2052,9-14,59658262.41081892
S3,2052,0-17,
S3,2052,18-29,
S3,2052,30-65,
S3,2052,66+,125548199.47486675
S3,2052,15-26,125231315.44498885
S3,2052,27-45,211666488.61687237
S3,2052,46-65,219560436.46327215
S3,2053,00-04,
S3,2053,05-09,
S3,2053,10-14,
S3,2053,15-19,
S3,2053,20-24,
S3,2053,25-29,
S3,2053,30-34,
S3,2053,35-39,
S3,2053,40-44,
S3,2053,45-49,
S3,2053,50-54,
S3,2053,55-59,
S3,2053,60-64,
S3,2053,65-69,
S3,2053,70-74,
S3,2053,75+,
S3,2053,0-8,83443794.95760706
S3,2053,9-14,59112286.04239294
S3,2053,0-17,
S3,2053,18-29,
S3,2053,30-65,
S3,2053,66+,129284801.40925956
S3,2053,15-26,124642569.13868001
S3,2053,27-45,210332719.72137567
S3,2053,46-65,220820515.73068476
S3,2054,00-04,
S3,2054,05-09,
S3,2054,10-14,
S3,2054,15-19,
S3,2054,20-24,
S3,2054,25-29,
S3,2054,30-34,
S3,2054,35-39,
S3,2054,40-44,
S3,2054,45-49,
S3,2054,50-54,
S3,2054,55-59,
S3,2054,60-64,
S3,2054,65-69,
S3,2054,70-74,
S3,2054,75+,
S3,2054,0-8,82820533.66242053
S3,2054,9-14,58576890.337579474
S3,2054,0-17,
S3,2054,18-29,
S3,2054,30-65,
S3,2054,66+,133061384.08258963
S3,2054,15-26,123987151.88631257
S3,2054,27-45,208985982.65379736
S3,2054,46-65,221912457.37730044
S3,2055,00-04,
S3,2055,05-09,
S3,2055,10-14,
S3,2055,15-19,
S3,2055,20-24,
S3,2055,25-29,
S3,2055,30-34,
S3,2055,35-39,
S3,2055,40-44,
S3,2055,45-49,
S3,2055,50-54,
S3,2055,55-59,
S3,2055,60-64,
S3,2055,65-69,
S3,2055,70-74,
S3,2055,75+,
S3,2055,0-8,82208903.58160011
S3,2055,9-14,58053594.418399885
S3,2055,0-17,
S3,2055,18-29,
S3,2055,30-65,
S3,2055,66+,136862643.04061985
S3,2055,15-26,123241597.5778408
S3,2055,27-45,207558627.97364253
S3,2055,46-65,222929806.40789694
S3,2056,00-04,
S3,2056,05-09,
S3,2056,10-14,
S3,2056,15-19,
S3,2056,20-24,
S3,2056,25-29,
S3,2056,30-34,
S3,2056,35-39,
S3,2056,40-44,
S3,2056,45-49,
S3,2056,50-54,
S3,2056,55-59,
S3,2056,60-64,
S3,2056,65-69,
S3,2056,70-74,
S3,2056,75+,
S3,2056,0-8,81640109.41513473
S3,2056,9-14,57519184.58486527
S3,2056,0-17,
S3,2056,18-29,
S3,2056,30-65,
S3,2056,66+,140633094.3845631
S3,2056,15-26,122436196.99065599
S3,2056,27-45,206247040.8784429
S3,2056,46-65,223739151.746338
S3,2057,00-04,
S3,2057,05-09,
S3,2057,10-14,
S3,2057,15-19,
S3,2057,20-24,
S3,2057,25-29,
S3,2057,30-34,
S3,2057,35-39,
S3,2057,40-44,
S3,2057,45-49,
S3,2057,50-54,
S3,2057,55-59,
S3,2057,60-64,
S3,2057,65-69,
S3,2057,70-74,
S3,2057,75+,
S3,2057,0-8,81107993.44136186
S3,2057,9-14,57004002.55863814
S3,2057,0-17,
S3,2057,18-29,
S3,2057,30-65,
S3,2057,66+,144412293.27261424
S3,2057,15-26,121564546.85667807
S3,2057,27-45,204967634.27164268
S3,2057,46-65,224351606.5990649
S3,2058,00-04,
S3,2058,05-09,
S3,2058,10-14,
S3,2058,15-19,
S3,2058,20-24,
S3,2058,25-29,
S3,2058,30-34,
S3,2058,35-39,
S3,2058,40-44,
S3,2058,45-49,
S3,2058,50-54,
S3,2058,55-59,
S3,2058,60-64,
S3,2058,65-69,
S3,2058,70-74,
S3,2058,75+,
S3,2058,0-8,80613883.783706
S3,2058,9-14,56504950.216294006
S3,2058,0-17,
S3,2058,18-29,
S3,2058,30-65,
S3,2058,66+,148153326.0259303
S3,2058,15-26,120652916.28014776
S3,2058,27-45,203689422.1446596
S3,2058,46-65,224837560.54926246
S3,2059,00-04,
S3,2059,05-09,
S3,2059,10-14,
S3,2059,15-19,
S3,2059,20-24,
S3,2059,25-29,
S3,2059,30-34,
S3,2059,35-39,
S3,2059,40-44,
S3,2059,45-49,
S3,2059,50-54,
S3,2059,55-59,
S3,2059,60-64,
S3,2059,65-69,
S3,2059,70-74,
S3,2059,75+,
S3,2059,0-8,80133964.67379853
S3,2059,9-14,56025989.32620147
S3,2059,0-17,
S3,2059,18-29,
S3,2059,30-65,
S3,2059,66+,151843896.5531174
S3,2059,15-26,119702530.68629041
S3,2059,27-45,202501773.04280862
S3,2059,46-65,225117716.71778345
S3,2060,00-04,
S3,2060,05-09,
S3,2060,10-14,
S3,2060,15-19,
S3,2060,20-24,
S3,2060,25-29,
S3,2060,30-34,
S3,2060,35-39,
S3,2060,40-44,
S3,2060,45-49,
S3,2060,50-54,
S3,2060,55-59,
S3,2060,60-64,
S3,2060,65-69,
S3,2060,70-74,
S3,2060,75+,
S3,2060,0-8,79662119.23324274
S3,2060,9-14,55568900.766757265
S3,2060,0-17,
S3,2060,18-29,
S3,2060,30-65,
S3,2060,66+,155514802.92915142
S3,2060,15-26,118721968.19014928
S3,2060,27-45,201598005.37630543
S3,2060,46-65,224968114.50439376
S3,2061,00-04,
S3,2061,05-09,
S3,2061,10-14,
S3,2061,15-19,
S3,2061,20-24,
S3,2061,25-29,
S3,2061,30-34,
S3,2061,35-39,
S3,2061,40-44,
S3,2061,45-49,
S3,2061,50-54,
S3,2061,55-59,
S3,2061,60-64,
S3,2061,65-69,
S3,2061,70-74,
S3,2061,75+,
S3,2061,0-8,79195111.51264125
S3,2061,9-14,55146483.48735875
S3,2061,0-17,
S3,2061,18-29,
S3,2061,30-65,
S3,2061,66+,159134801.59524608
S3,2061,15-26,117702244.92809236
S3,2061,27-45,200568013.18894058
S3,2061,46-65,224825158.2877211
S3,2062,00-04,
S3,2062,05-09,
S3,2062,10-14,
S3,2062,15-19,
S3,2062,20-24,
S3,2062,25-29,
S3,2062,30-34,
S3,2062,35-39,
S3,2062,40-44,
S3,2062,45-49,
S3,2062,50-54,
S3,2062,55-59,
S3,2062,60-64,
S3,2062,65-69,
S3,2062,70-74,
S3,2062,75+,
S3,2062,0-8,78713545.86786474
S3,2062,9-14,54751384.13213526
S3,2062,0-17,
S3,2062,18-29,
S3,2062,30-65,
S3,2062,66+,162706960.56786156
S3,2062,15-26,116668132.13713035
S3,2062,27-45,199406344.97567365
S3,2062,46-65,224669175.31933433
S3,2063,00-04,
S3,2063,05-09,
S3,2063,10-14,
S3,2063,15-19,
S3,2063,20-24,
S3,2063,25-29,
S3,2063,30-34,
S3,2063,35-39,
S3,2063,40-44,
S3,2063,45-49,
S3,2063,50-54,
S3,2063,55-59,
S3,2063,60-64,
S3,2063,65-69,
S3,2063,70-74,
S3,2063,75+,
S3,2063,0-8,78244740.42561863
S3,2063,9-14,54382155.57438137
S3,2063,0-17,
S3,2063,18-29,
S3,2063,30-65,
S3,2063,66+,166232750.11938477
S3,2063,15-26,115631943.68729362
S3,2063,27-45,198446649.29991403
S3,2063,46-65,224156389.89340758
S3,2064,00-04,
S3,2064,05-09,
S3,2064,10-14,
S3,2064,15-19,
S3,2064,20-24,
S3,2064,25-29,
S3,2064,30-34,
S3,2064,35-39,
S3,2064,40-44,
S3,2064,45-49,
S3,2064,50-54,
S3,2064,55-59,
S3,2064,60-64,
S3,2064,65-69,
S3,2064,70-74,
S3,2064,75+,
S3,2064,0-8,77768737.63609876
S3,2064,9-14,54034726.36390124
S3,2064,0-17,
S3,2064,18-29,
S3,2064,30-65,
S3,2064,66+,169723525.41044915
S3,2064,15-26,114610465.40598086
S3,2064,27-45,197337810.63798776
S3,2064,46-65,223631747.54558223
S3,2065,00-04,
S3,2065,05-09,
S3,2065,10-14,
S3,2065,15-19,
S3,2065,20-24,
S3,2065,25-29,
S3,2065,30-34,
S3,2065,35-39,
S3,2065,40-44,
S3,2065,45-49,
S3,2065,50-54,
S3,2065,55-59,
S3,2065,60-64,
S3,2065,65-69,
S3,2065,70-74,
S3,2065,75+,
S3,2065,0-8,77302473.02919337
S3,2065,9-14,53684914.97080663
S3,2065,0-17,
S3,2065,18-29,
S3,2065,30-65,
S3,2065,66+,173186535.3210292
S3,2065,15-26,113608317.98805815
S3,2065,27-45,196385321.42097217
S3,2065,46-65,222776789.26994038
S3,2066,00-04,
S3,2066,05-09,
S3,2066,10-14,
S3,2066,15-19,
S3,2066,20-24,
S3,2066,25-29,
S3,2066,30-34,
S3,2066,35-39,
S3,2066,40-44,
S3,2066,45-49,
S3,2066,50-54,
S3,2066,55-59,
S3,2066,60-64,
S3,2066,65-69,
S3,2066,70-74,
S3,2066,75+,
S3,2066,0-8,76818090.81409751
S3,2066,9-14,53349271.18590249
S3,2066,0-17,
S3,2066,18-29,
S3,2066,30-65,
S3,2066,66+,176696951.55397987
S3,2066,15-26,112617830.82309815
S3,2066,27-45,195577103.4674792
S3,2066,46-65,221531046.1554429
S3,2067,00-04,
S3,2067,05-09,
S3,2067,10-14,
S3,2067,15-19,
S3,2067,20-24,
S3,2067,25-29,
S3,2067,30-34,
S3,2067,35-39,
S3,2067,40-44,
S3,2067,45-49,
S3,2067,50-54,
S3,2067,55-59,
S3,2067,60-64,
S3,2067,65-69,
S3,2067,70-74,
S3,2067,75+,
S3,2067,0-8,76316608.12310663
S3,2067,9-14,53031728.87689337
S3,2067,0-17,
S3,2067,18-29,
S3,2067,30-65,
S3,2067,66+,180236642.880957
S3,2067,15-26,111667989.38370031
S3,2067,27-45,194717531.30641848
S3,2067,46-65,220114660.4289242
S3,2068,00-04,
S3,2068,05-09,
S3,2068,10-14,
S3,2068,15-19,
S3,2068,20-24,
S3,2068,25-29,
S3,2068,30-34,
S3,2068,35-39,
S3,2068,40-44,
S3,2068,45-49,
S3,2068,50-54,
S3,2068,55-59,
S3,2068,60-64,
S3,2068,65-69,
S3,2068,70-74,
S3,2068,75+,
S3,2068,0-8,75790123.30484898
S3,2068,9-14,52733054.695151016
S3,2068,0-17,
S3,2068,18-29,
S3,2068,30-65,
S3,2068,66+,183652100.59110987
S3,2068,15-26,110747937.0921722
S3,2068,27-45,193800814.76354414
S3,2068,46-65,218662281.55317378
S3,2069,00-04,
S3,2069,05-09,
S3,2069,10-14,
S3,2069,15-19,
S3,2069,20-24,
S3,2069,25-29,
S3,2069,30-34,
S3,2069,35-39,
S3,2069,40-44,
S3,2069,45-49,
S3,2069,50-54,
S3,2069,55-59,
S3,2069,60-64,
S3,2069,65-69,
S3,2069,70-74,
S3,2069,75+,
S3,2069,0-8,75248353.78549618
S3,2069,9-14,52431426.214503825
S3,2069,0-17,
S3,2069,18-29,
S3,2069,30-65,
S3,2069,66+,186871506.16045034
S3,2069,15-26,109867721.39472574
S3,2069,27-45,192767273.01937795
S3,2069,46-65,217310305.42544597
S3,2070,00-04,
S3,2070,05-09,
S3,2070,10-14,
S3,2070,15-19,
S3,2070,20-24,
S3,2070,25-29,
S3,2070,30-34,
S3,2070,35-39,
S3,2070,40-44,
S3,2070,45-49,
S3,2070,50-54,
S3,2070,55-59,
S3,2070,60-64,
S3,2070,65-69,
S3,2070,70-74,
S3,2070,75+,
S3,2070,0-8,74684319.11402336
S3,2070,9-14,52142063.88597664
S3,2070,0-17,
S3,2070,18-29,
S3,2070,30-65,
S3,2070,66+,189924355.62084937
S3,2070,15-26,109012126.30252153
S3,2070,27-45,191666052.4481116
S3,2070,46-65,215995941.6285175
S3,2071,00-04,
S3,2071,05-09,
S3,2071,10-14,
S3,2071,15-19,
S3,2071,20-24,
S3,2071,25-29,
S3,2071,30-34,
S3,2071,35-39,
S3,2071,40-44,
S3,2071,45-49,
S3,2071,50-54,
S3,2071,55-59,
S3,2071,60-64,
S3,2071,65-69,
S3,2071,70-74,
S3,2071,75+,
S3,2071,0-8,74109631.86188197
S3,2071,9-14,51845533.13811803
S3,2071,0-17,
S3,2071,18-29,
S3,2071,30-65,
S3,2071,66+,192759602.34562182
S3,2071,15-26,108197277.41562963
S3,2071,27-45,190539695.45383847
S3,2071,46-65,214721076.7849102
S3,2072,00-04,
S3,2072,05-09,
S3,2072,10-14,
S3,2072,15-19,
S3,2072,20-24,
S3,2072,25-29,
S3,2072,30-34,
S3,2072,35-39,
S3,2072,40-44,
S3,2072,45-49,
S3,2072,50-54,
S3,2072,55-59,
S3,2072,60-64,
S3,2072,65-69,
S3,2072,70-74,
S3,2072,75+,
S3,2072,0-8,73540008.98784642
S3,2072,9-14,51520428.01215358
S3,2072,0-17,
S3,2072,18-29,
S3,2072,30-65,
S3,2072,66+,195403884.42941415
S3,2072,15-26,107434870.91823727
S3,2072,27-45,189346770.33098418
S3,2072,46-65,213513104.3213644
S3,2073,00-04,
S3,2073,05-09,
S3,2073,10-14,
S3,2073,15-19,
S3,2073,20-24,
S3,2073,25-29,
S3,2073,30-34,
S3,2073,35-39,
S3,2073,40-44,
S3,2073,45-49,
S3,2073,50-54,
S3,2073,55-59,
S3,2073,60-64,
S3,2073,65-69,
S3,2073,70-74,
S3,2073,75+,
S3,2073,0-8,72945938.93014383
S3,2073,9-14,51190559.06985617
S3,2073,0-17,
S3,2073,18-29,
S3,2073,30-65,
S3,2073,66+,197857414.04224205
S3,2073,15-26,106718275.17995694
S3,2073,27-45,188077239.05527648
S3,2073,46-65,212373340.72252452
S3,2074,00-04,
S3,2074,05-09,
S3,2074,10-14,
S3,2074,15-19,
S3,2074,20-24,
S3,2074,25-29,
S3,2074,30-34,
S3,2074,35-39,
S3,2074,40-44,
S3,2074,45-49,
S3,2074,50-54,
S3,2074,55-59,
S3,2074,60-64,
S3,2074,65-69,
S3,2074,70-74,
S3,2074,75+,
S3,2074,0-8,72350443.92732157
S3,2074,9-14,50853085.07267843
S3,2074,0-17,
S3,2074,18-29,
S3,2074,30-65,
S3,2074,66+,200212766.69828773
S3,2074,15-26,106028680.00138661
S3,2074,27-45,186761443.5358623
S3,2074,46-65,211213907.76446348
S3,2075,00-04,
S3,2075,05-09,
S3,2075,10-14,
S3,2075,15-19,
S3,2075,20-24,
S3,2075,25-29,
S3,2075,30-34,
S3,2075,35-39,
S3,2075,40-44,
S3,2075,45-49,
S3,2075,50-54,
S3,2075,55-59,
S3,2075,60-64,
S3,2075,65-69,
S3,2075,70-74,
S3,2075,75+,
S3,2075,0-8,71746958.61172882
S3,2075,9-14,50513270.38827118
S3,2075,0-17,
S3,2075,18-29,
S3,2075,30-65,
S3,2075,66+,202533162.09328902
S3,2075,15-26,105353414.5438106
S3,2075,27-45,185396956.17003185
S3,2075,46-65,209971039.1928684
S3,2076,00-04,
S3,2076,05-09,
S3,2076,10-14,
S3,2076,15-19,
S3,2076,20-24,
S3,2076,25-29,
S3,2076,30-34,
S3,2076,35-39,
S3,2076,40-44,
S3,2076,45-49,
S3,2076,50-54,
S3,2076,55-59,
S3,2076,60-64,
S3,2076,65-69,
S3,2076,70-74,
S3,2076,75+,
S3,2076,0-8,71136799.96948256
S3,2076,9-14,50160632.030517444
S3,2076,0-17,
S3,2076,18-29,
S3,2076,30-65,
S3,2076,66+,204644630.8517139
S3,2076,15-26,104699776.69748831
S3,2076,27-45,183980152.38674086
S3,2076,46-65,208822341.06405693
S3,2077,00-04,
S3,2077,05-09,
S3,2077,10-14,
S3,2077,15-19,
S3,2077,20-24,
S3,2077,25-29,
S3,2077,30-34,
S3,2077,35-39,
S3,2077,40-44,
S3,2077,45-49,
S3,2077,50-54,
S3,2077,55-59,
S3,2077,60-64,
S3,2077,65-69,
S3,2077,70-74,
S3,2077,75+,
S3,2077,0-8,70528819.31624846
S3,2077,9-14,49813072.68375154
S3,2077,0-17,
S3,2077,18-29,
S3,2077,30-65,
S3,2077,66+,206605808.4180678
S3,2077,15-26,104049535.70512867
S3,2077,27-45,182542738.4404503
S3,2077,46-65,207698785.4363532
S3,2078,00-04,
S3,2078,05-09,
S3,2078,10-14,
S3,2078,15-19,
S3,2078,20-24,
S3,2078,25-29,
S3,2078,30-34,
S3,2078,35-39,
S3,2078,40-44,
S3,2078,45-49,
S3,2078,50-54,
S3,2078,55-59,
S3,2078,60-64,
S3,2078,65-69,
S3,2078,70-74,
S3,2078,75+,
S3,2078,0-8,69936517.8650704
S3,2078,9-14,49441501.1349296
S3,2078,0-17,
S3,2078,18-29,
S3,2078,30-65,
S3,2078,66+,208436986.6717633
S3,2078,15-26,103423957.8431102
S3,2078,27-45,181092974.7451374
S3,2078,46-65,206561582.7399891
S3,2079,00-04,
S3,2079,05-09,
S3,2079,10-14,
S3,2079,15-19,
S3,2079,20-24,
S3,2079,25-29,
S3,2079,30-34,
S3,2079,35-39,
S3,2079,40-44,
S3,2079,45-49,
S3,2079,50-54,
S3,2079,55-59,
S3,2079,60-64,
S3,2079,65-69,
S3,2079,70-74,
S3,2079,75+,
S3,2079,0-8,69349783.85948633
S3,2079,9-14,49061596.14051367
S3,2079,0-17,
S3,2079,18-29,
S3,2079,30-65,
S3,2079,66+,210057235.21918786
S3,2079,15-26,102800167.53908625
S3,2079,27-45,179642598.78960273
S3,2079,46-65,205503420.45212317
S3,2080,00-04,
S3,2080,05-09,
S3,2080,10-14,
S3,2080,15-19,
S3,2080,20-24,
S3,2080,25-29,
S3,2080,30-34,
S3,2080,35-39,
S3,2080,40-44,
S3,2080,45-49,
S3,2080,50-54,
S3,2080,55-59,
S3,2080,60-64,
S3,2080,65-69,
S3,2080,70-74,
S3,2080,75+,
S3,2080,0-8,68777919.4035072
S3,2080,9-14,48658950.5964928
S3,2080,0-17,
S3,2080,18-29,
S3,2080,30-65,
S3,2080,66+,211303950.90847886
S3,2080,15-26,102185448.47187105
S3,2080,27-45,178183707.52932748
S3,2080,46-65,204697144.09032273
S3,2081,00-04,
S3,2081,05-09,
S3,2081,10-14,
S3,2081,15-19,
S3,2081,20-24,
S3,2081,25-29,
S3,2081,30-34,
S3,2081,35-39,
S3,2081,40-44,
S3,2081,45-49,
S3,2081,50-54,
S3,2081,55-59,
S3,2081,60-64,
S3,2081,65-69,
S3,2081,70-74,
S3,2081,75+,
S3,2081,0-8,68218991.79678829
S3,2081,9-14,48254604.20321171
S3,2081,0-17,
S3,2081,18-29,
S3,2081,30-65,
S3,2081,66+,212547126.9788648
S3,2081,15-26,101556413.62448233
S3,2081,27-45,176735498.01409024
S3,2081,46-65,203763248.38256264
S3,2082,00-04,
S3,2082,05-09,
S3,2082,10-14,
S3,2082,15-19,
S3,2082,20-24,
S3,2082,25-29,
S3,2082,30-34,
S3,2082,35-39,
S3,2082,40-44,
S3,2082,45-49,
S3,2082,50-54,
S3,2082,55-59,
S3,2082,60-64,
S3,2082,65-69,
S3,2082,70-74,
S3,2082,75+,
S3,2082,0-8,67656804.26942626
S3,2082,9-14,47850037.73057374
S3,2082,0-17,
S3,2082,18-29,
S3,2082,30-65,
S3,2082,66+,213790330.90687013
S3,2082,15-26,100910505.39841041
S3,2082,27-45,175322736.41498336
S3,2082,46-65,202704593.2797361
S3,2083,00-04,
S3,2083,05-09,
S3,2083,10-14,
S3,2083,15-19,
S3,2083,20-24,
S3,2083,25-29,
S3,2083,30-34,
S3,2083,35-39,
S3,2083,40-44,
S3,2083,45-49,
S3,2083,50-54,
S3,2083,55-59,
S3,2083,60-64,
S3,2083,65-69,
S3,2083,70-74,
S3,2083,75+,
S3,2083,0-8,67123863.27506903
S3,2083,9-14,47441927.72493097
S3,2083,0-17,
S3,2083,18-29,
S3,2083,30-65,
S3,2083,66+,214714642.12210488
S3,2083,15-26,100248577.60438389
S3,2083,27-45,173945812.94415867
S3,2083,46-65,201826454.32935268
S3,2084,00-04,
S3,2084,05-09,
S3,2084,10-14,
S3,2084,15-19,
S3,2084,20-24,
S3,2084,25-29,
S3,2084,30-34,
S3,2084,35-39,
S3,2084,40-44,
S3,2084,45-49,
S3,2084,50-54,
S3,2084,55-59,
S3,2084,60-64,
S3,2084,65-69,
S3,2084,70-74,
S3,2084,75+,
S3,2084,0-8,66602248.28652781
S3,2084,9-14,47038465.71347219
S3,2084,0-17,
S3,2084,18-29,
S3,2084,30-65,
S3,2084,66+,215651941.42913592
S3,2084,15-26,99567035.86847773
S3,2084,27-45,172604968.54039446
S3,2084,46-65,200793948.1619919
S3,2085,00-04,
S3,2085,05-09,
S3,2085,10-14,
S3,2085,15-19,
S3,2085,20-24,
S3,2085,25-29,
S3,2085,30-34,
S3,2085,35-39,
S3,2085,40-44,
S3,2085,45-49,
S3,2085,50-54,
S3,2085,55-59,
S3,2085,60-64,
S3,2085,65-69,
S3,2085,70-74,
S3,2085,75+,
S3,2085,0-8,66097059.81092684
S3,2085,9-14,46647751.18907316
S3,2085,0-17,
S3,2085,18-29,
S3,2085,30-65,
S3,2085,66+,216323356.74364376
S3,2085,15-26,98869990.59362906
S3,2085,27-45,171295650.14006364
S3,2085,46-65,199899824.52266353
S3,2086,00-04,
S3,2086,05-09,
S3,2086,10-14,
S3,2086,15-19,
S3,2086,20-24,
S3,2086,25-29,
S3,2086,30-34,
S3,2086,35-39,
S3,2086,40-44,
S3,2086,45-49,
S3,2086,50-54,
S3,2086,55-59,
S3,2086,60-64,
S3,2086,65-69,
S3,2086,70-74,
S3,2086,75+,
S3,2086,0-8,65610254.82152712
S3,2086,9-14,46252225.17847288
S3,2086,0-17,
S3,2086,18-29,
S3,2086,30-65,
S3,2086,66+,216744130.86095
S3,2086,15-26,98154249.77068034
S3,2086,27-45,170008482.848703
S3,2086,46-65,199136822.51966667
S3,2087,00-04,
S3,2087,05-09,
S3,2087,10-14,
S3,2087,15-19,
S3,2087,20-24,
S3,2087,25-29,
S3,2087,30-34,
S3,2087,35-39,
S3,2087,40-44,
S3,2087,45-49,
S3,2087,50-54,
S3,2087,55-59,
S3,2087,60-64,
S3,2087,65-69,
S3,2087,70-74,
S3,2087,75+,
S3,2087,0-8,65142251.91523607
S3,2087,9-14,45857742.08476393
S3,2087,0-17,
S3,2087,18-29,
S3,2087,30-65,
S3,2087,66+,217102952.68310845
S3,2087,15-26,97430763.95977208
S3,2087,27-45,168760792.7367868
S3,2087,46-65,198311467.62033266
S3,2088,00-04,
S3,2088,05-09,
S3,2088,10-14,
S3,2088,15-19,
S3,2088,20-24,
S3,2088,25-29,
S3,2088,30-34,
S3,2088,35-39,
S3,2088,40-44,
S3,2088,45-49,
S3,2088,50-54,
S3,2088,55-59,
S3,2088,60-64,
S3,2088,65-69,
S3,2088,70-74,
S3,2088,75+,
S3,2088,0-8,64689147.01748019
S3,2088,9-14,45487025.98251981
S3,2088,0-17,
S3,2088,18-29,
S3,2088,30-65,
S3,2088,66+,217398579.82759345
S3,2088,15-26,96683153.91388345
S3,2088,27-45,167572898.14064342
S3,2088,46-65,197430010.11787957
S3,2089,00-04,
S3,2089,05-09,
S3,2089,10-14,
S3,2089,15-19,
S3,2089,20-24,
S3,2089,25-29,
S3,2089,30-34,
S3,2089,35-39,
S3,2089,40-44,
S3,2089,45-49,
S3,2089,50-54,
S3,2089,55-59,
S3,2089,60-64,
S3,2089,65-69,
S3,2089,70-74,
S3,2089,75+,
S3,2089,0-8,64255094.57891882
S3,2089,9-14,45116618.42108118
S3,2089,0-17,
S3,2089,18-29,
S3,2089,30-65,
S3,2089,66+,217686924.21737075
S3,2089,15-26,95924930.62802827
S3,2089,27-45,166414088.18949157
S3,2089,46-65,196438590.9651094
S3,2090,00-04,
S3,2090,05-09,
S3,2090,10-14,
S3,2090,15-19,
S3,2090,20-24,
S3,2090,25-29,
S3,2090,30-34,
S3,2090,35-39,
S3,2090,40-44,
S3,2090,45-49,
S3,2090,50-54,
S3,2090,55-59,
S3,2090,60-64,
S3,2090,65-69,
S3,2090,70-74,
S3,2090,75+,
S3,2090,0-8,63836215.51974737
S3,2090,9-14,44752825.48025263
S3,2090,0-17,
S3,2090,18-29,
S3,2090,30-65,
S3,2090,66+,217939087.49400973
S3,2090,15-26,95153287.18373108
S3,2090,27-45,165288750.1228525
S3,2090,46-65,195380894.1994068
S3,2091,00-04,
S3,2091,05-09,
S3,2091,10-14,
S3,2091,15-19,
S3,2091,20-24,
S3,2091,25-29,
S3,2091,30-34,
S3,2091,35-39,
S3,2091,40-44,
S3,2091,45-49,
S3,2091,50-54,
S3,2091,55-59,
S3,2091,60-64,
S3,2091,65-69,
S3,2091,70-74,
S3,2091,75+,
S3,2091,0-8,63416929.05965567
S3,2091,9-14,44408899.94034433
S3,2091,0-17,
S3,2091,18-29,
S3,2091,30-65,
S3,2091,66+,218124204.62280822
S3,2091,15-26,94367803.64247707
S3,2091,27-45,164190970.55539897
S3,2091,46-65,194292806.17931563
S3,2092,00-04,
S3,2092,05-09,
S3,2092,10-14,
S3,2092,15-19,
S3,2092,20-24,
S3,2092,25-29,
S3,2092,30-34,
S3,2092,35-39,
S3,2092,40-44,
S3,2092,45-49,
S3,2092,50-54,
S3,2092,55-59,
S3,2092,60-64,
S3,2092,65-69,
S3,2092,70-74,
S3,2092,75+,
S3,2092,0-8,63016641.47264483
S3,2092,9-14,44062194.52735517
S3,2092,0-17,
S3,2092,18-29,
S3,2092,30-65,
S3,2092,66+,218292072.52492845
S3,2092,15-26,93587390.85747632
S3,2092,27-45,163113948.2845597
S3,2092,46-65,193141066.33303553
S3,2093,00-04,
S3,2093,05-09,
S3,2093,10-14,
S3,2093,15-19,
S3,2093,20-24,
S3,2093,25-29,
S3,2093,30-34,
S3,2093,35-39,
S3,2093,40-44,
S3,2093,45-49,
S3,2093,50-54,
S3,2093,55-59,
S3,2093,60-64,
S3,2093,65-69,
S3,2093,70-74,
S3,2093,75+,
S3,2093,0-8,62615370.62519685
S3,2093,9-14,43728923.37480315
S3,2093,0-17,
S3,2093,18-29,
S3,2093,30-65,
S3,2093,66+,218453076.84931552
S3,2093,15-26,92817044.04269549
S3,2093,27-45,162070756.51679876
S3,2093,46-65,191918465.59119022
S3,2094,00-04,
S3,2094,05-09,
S3,2094,10-14,
S3,2094,15-19,
S3,2094,20-24,
S3,2094,25-29,
S3,2094,30-34,
S3,2094,35-39,
S3,2094,40-44,
S3,2094,45-49,
S3,2094,50-54,
S3,2094,55-59,
S3,2094,60-64,
S3,2094,65-69,
S3,2094,70-74,
S3,2094,75+,
S3,2094,0-8,62203122.169895664
S3,2094,9-14,43410524.830104336
S3,2094,0-17,
S3,2094,18-29,
S3,2094,30-65,
S3,2094,66+,218597207.12487936
S3,2094,15-26,92043292.05849662
S3,2094,27-45,161030517.20888206
S3,2094,46-65,190648940.60774195
S3,2095,00-04,
S3,2095,05-09,
S3,2095,10-14,
S3,2095,15-19,
S3,2095,20-24,
S3,2095,25-29,
S3,2095,30-34,
S3,2095,35-39,
S3,2095,40-44,
S3,2095,45-49,
S3,2095,50-54,
S3,2095,55-59,
S3,2095,60-64,
S3,2095,65-69,
S3,2095,70-74,
S3,2095,75+,
S3,2095,0-8,61789345.20120007
S3,2095,9-14,43106055.79879993
S3,2095,0-17,
S3,2095,18-29,
S3,2095,30-65,
S3,2095,66+,218735273.67628717
S3,2095,15-26,91279166.61696002
S3,2095,27-45,159987700.14125326
S3,2095,46-65,189336056.56549966
S3,2096,00-04,
S3,2096,05-09,
S3,2096,10-14,
S3,2096,15-19,
S3,2096,20-24,
S3,2096,25-29,
S3,2096,30-34,
S3,2096,35-39,
S3,2096,40-44,
S3,2096,45-49,
S3,2096,50-54,
S3,2096,55-59,
S3,2096,60-64,
S3,2096,65-69,
S3,2096,70-74,
S3,2096,75+,
S3,2096,0-8,61369874.729720786
S3,2096,9-14,42805942.270279214
S3,2096,0-17,
S3,2096,18-29,
S3,2096,30-65,
S3,2096,66+,218870822.02982414
S3,2096,15-26,90529282.33860731
S3,2096,27-45,158949975.18836945
S3,2096,46-65,187980206.4431991
S3,2097,00-04,
S3,2097,05-09,
S3,2097,10-14,
S3,2097,15-19,
S3,2097,20-24,
S3,2097,25-29,
S3,2097,30-34,
S3,2097,35-39,
S3,2097,40-44,
S3,2097,45-49,
S3,2097,50-54,
S3,2097,55-59,
S3,2097,60-64,
S3,2097,65-69,
S3,2097,70-74,
S3,2097,75+,
S3,2097,0-8,60945671.48295252
S3,2097,9-14,42531599.51704748
S3,2097,0-17,
S3,2097,18-29,
S3,2097,30-65,
S3,2097,66+,218994015.21629345
S3,2097,15-26,89776408.5808919
S3,2097,27-45,157914745.17605275
S3,2097,46-65,186606438.0267619
S3,2098,00-04,
S3,2098,05-09,
S3,2098,10-14,
S3,2098,15-19,
S3,2098,20-24,
S3,2098,25-29,
S3,2098,30-34,
S3,2098,35-39,
S3,2098,40-44,
S3,2098,45-49,
S3,2098,50-54,
S3,2098,55-59,
S3,2098,60-64,
S3,2098,65-69,
S3,2098,70-74,
S3,2098,75+,
S3,2098,0-8,60515118.32435539
S3,2098,9-14,42260012.67564461
S3,2098,0-17,
S3,2098,18-29,
S3,2098,30-65,
S3,2098,66+,219085976.4186921
S3,2098,15-26,89055008.41826952
S3,2098,27-45,156873396.2894963
S3,2098,46-65,185224337.87354207
S3,2099,00-04,
S3,2099,05-09,
S3,2099,10-14,
S3,2099,15-19,
S3,2099,20-24,
S3,2099,25-29,
S3,2099,30-34,
S3,2099,35-39,
S3,2099,40-44,
S3,2099,45-49,
S3,2099,50-54,
S3,2099,55-59,
S3,2099,60-64,
S3,2099,65-69,
S3,2099,70-74,
S3,2099,75+,
S3,2099,0-8,60068549.01479862
S3,2099,9-14,41995434.98520138
S3,2099,0-17,
S3,2099,18-29,
S3,2099,30-65,
S3,2099,66+,219163328.8893304
S3,2099,15-26,88344810.8887274
S3,2099,27-45,155816548.9920136
S3,2099,46-65,183839290.2299286
S3,2100,00-04,
S3,2100,05-09,
S3,2100,10-14,
S3,2100,15-19,
S3,2100,20-24,
S3,2100,25-29,
S3,2100,30-34,
S3,2100,35-39,
S3,2100,40-44,
S3,2100,45-49,
S3,2100,50-54,
S3,2100,55-59,
S3,2100,60-64,
S3,2100,65-69,
S3,2100,70-74,
S3,2100,75+,
S3,2100,0-8,59623513.69140131
S3,2100,9-14,41735952.30859869
S3,2100,0-17,
S3,2100,18-29,
S3,2100,30-65,
S3,2100,66+,219224658.19313604
S3,2100,15-26,87659064.68844756
S3,2100,27-45,154757407.63806245
S3,2100,46-65,182445687.48035395
