scheme,year,band,females
S0,1950,00-04,24994172.0
S0,1950,05-09,19943994.999999996
S0,1950,10-14,18940652.0
S0,1950,15-19,17060326.999999996
S0,1950,20-24,14931807.0
S0,1950,25-29,13138780.0
S0,1950,30-34,11674625.0
S0,1950,35-39,10240924.000000002
S0,1950,40-44,8926490.0
S0,1950,45-49,7046190.0
S0,1950,50-54,6208255.0
S0,1950,55-59,4310662.999999999
S0,1950,60-64,3846297.0
S0,1950,65-69,2117011.9999999995
S0,1950,70-74,1660576.0
S0,1950,75+,1624266.0
S0,1950,0-8,
S0,1950,9-14,
S0,1950,0-17,
S0,1950,18-29,
S0,1950,30-65,
S0,1950,66+,
S0,1950,15-26,
S0,1950,27-45,
S0,1950,46-65,
S0,1951,00-04,26043062.0
S0,1951,05-09,20237664.0
S0,1951,10-14,19093537.000000004
S0,1951,15-19,17352844.0
S0,1951,20-24,15220362.0
S0,1951,25-29,13346192.0
S0,1951,30-34,11851023.0
S0,1951,35-39,10382905.999999998
S0,1951,40-44,9159899.999999998
S0,1951,45-49,7201186.999999998
S0,1951,50-54,6397463.0
S0,1951,55-59,4421449.0
S0,1951,60-64,3942796.000000001
S0,1951,65-69,2232814.0
S0,1951,70-74,1648565.0
S0,1951,75+,1627336.0
S0,1951,0-8,
S0,1951,9-14,
S0,1951,0-17,
S0,1951,18-29,
S0,1951,30-65,
S0,1951,66+,
S0,1951,15-26,
S0,1951,27-45,
S0,1951,46-65,
S0,1952,00-04,27139175.0
S0,1952,05-09,20617207.0
S0,1952,10-14,19187100.999999996
S0,1952,15-19,17665795.0
S0,1952,20-24,15539116.0
S0,1952,25-29,13578527.0
S0,1952,30-34,12029851.0
S0,1952,35-39,10549171.0
S0,1952,40-44,9335768.0
S0,1952,45-49,7457233.999999999
S0,1952,50-54,6467746.0
S0,1952,55-59,4663431.0
S0,1952,60-64,3925706.9999999995
S0,1952,65-69,2449961.0
S0,1952,70-74,1592868.0
S0,1952,75+,1647319.0000000005
S0,1952,0-8,
S0,1952,9-14,
S0,1952,0-17,
S0,1952,18-29,
S0,1952,30-65,
S0,1952,66+,
S0,1952,15-26,
S0,1952,27-45,
S0,1952,46-65,
S0,1953,00-04,28336998.0
S0,1953,05-09,21044366.999999996
S0,1953,10-14,19248679.0
S0,1953,15-19,17984208.999999996
S0,1953,20-24,15874406.0
S0,1953,25-29,13828841.0
S0,1953,30-34,12207582.0
S0,1953,35-39,10737638.999999998
S0,1953,40-44,9457059.000000002
S0,1953,45-49,7786467.0
S0,1953,50-54,6454929.0
S0,1953,55-59,5017669.0
S0,1953,60-64,3810823.0
S0,1953,65-69,2726255.0
S0,1953,70-74,1532670.0
S0,1953,75+,1673196.0
S0,1953,0-8,
S0,1953,9-14,
S0,1953,0-17,
S0,1953,18-29,
S0,1953,30-65,
S0,1953,66+,
S0,1953,15-26,
S0,1953,27-45,
S0,1953,46-65,
S0,1954,00-04,29664254.0
S0,1954,05-09,21454230.0
S0,1954,10-14,19336509.999999996
S0,1954,15-19,18255717.0
S0,1954,20-24,16195023.999999998
S0,1954,25-29,14079398.0
S0,1954,30-34,12378523.0
S0,1954,35-39,10924532.0
S0,1954,40-44,9555878.0
S0,1954,45-49,8123412.999999999
S0,1954,50-54,6438438.999999999
S0,1954,55-59,5372191.0
S0,1954,60-64,3706736.0
S0,1954,65-69,2980396.9999999995
S0,1954,70-74,1505397.0
S0,1954,75+,1693103.0
S0,1954,0-8,
S0,1954,9-14,
S0,1954,0-17,
S0,1954,18-29,
S0,1954,30-65,
S0,1954,66+,
S0,1954,15-26,
S0,1954,27-45,
S0,1954,46-65,
S0,1955,00-04,30625424.0
S0,1955,05-09,22359222.999999996
S0,1955,10-14,19534026.000000004
S0,1955,15-19,18459549.000000004
S0,1955,20-24,16519290.0
S0,1955,25-29,14363821.999999998
S0,1955,30-34,12579305.0
S0,1955,35-39,11110079.0
S0,1955,40-44,9688561.0
S0,1955,45-49,8395113.999999998
S0,1955,50-54,6528090.0
S0,1955,55-59,5615174.999999999
S0,1955,60-64,3735753.0
S0,1955,65-69,3124575.9999999995
S0,1955,70-74,1557511.0
S0,1955,75+,1699215.0
S0,1955,0-8,
S0,1955,9-14,
S0,1955,0-17,
S0,1955,18-29,
S0,1955,30-65,
S0,1955,66+,
S0,1955,15-26,
S0,1955,27-45,
S0,1955,46-65,
S0,1956,00-04,31536088.0
S0,1956,05-09,23361050.0
S0,1956,10-14,19828621.0
S0,1956,15-19,18616448.999999996
S0,1956,20-24,16816979.0
S0,1956,25-29,14659297.0
S0,1956,30-34,12794646.999999998
S0,1956,35-39,11292171.0
S0,1956,40-44,9834713.0
S0,1956,45-49,8623682.000000002
S0,1956,50-54,6680526.999999998
S0,1956,55-59,5792407.999999998
S0,1956,60-64,3841883.0000000005
S0,1956,65-69,3206418.0
S0,1956,70-74,1652140.0
S0,1956,75+,1701888.0
S0,1956,0-8,
S0,1956,9-14,
S0,1956,0-17,
S0,1956,18-29,
S0,1956,30-65,
S0,1956,66+,
S0,1956,15-26,
S0,1956,27-45,
S0,1956,46-65,
S0,1957,00-04,32411022.0
S0,1957,05-09,24433153.999999996
S0,1957,10-14,20208041.0
S0,1957,15-19,18718049.0
S0,1957,20-24,17133233.0
S0,1957,25-29,14978011.0
S0,1957,30-34,13027729.0
S0,1957,35-39,11472136.0
S0,1957,40-44,10001070.0
S0,1957,45-49,8796728.000000002
S0,1957,50-54,6925730.000000001
S0,1957,55-59,5862153.0
S0,1957,60-64,4061656.0000000005
S0,1957,65-69,3196900.0
S0,1957,70-74,1820607.0
S0,1957,75+,1685212.9999999998
S0,1957,0-8,
S0,1957,9-14,
S0,1957,0-17,
S0,1957,18-29,
S0,1957,30-65,
S0,1957,66+,
S0,1957,15-26,
S0,1957,27-45,
S0,1957,46-65,
S0,1958,00-04,33214849.0
S0,1958,05-09,25603183.0
S0,1958,10-14,20627903.0
S0,1958,15-19,18763670.999999996
S0,1958,20-24,17411674.999999996
S0,1958,25-29,15270897.0
S0,1958,30-34,13246627.0
S0,1958,35-39,11629794.0
S0,1958,40-44,10174631.0
S0,1958,45-49,8909641.0
S0,1958,50-54,7233004.0
S0,1958,55-59,5853747.0
S0,1958,60-64,4375402.999999999
S0,1958,65-69,3107561.9999999995
S0,1958,70-74,2030808.0
S0,1958,75+,1668363.9999999998
S0,1958,0-8,
S0,1958,9-14,
S0,1958,0-17,
S0,1958,18-29,
S0,1958,30-65,
S0,1958,66+,
S0,1958,15-26,
S0,1958,27-45,
S0,1958,46-65,
S0,1959,00-04,33952724.0
S0,1959,05-09,26918711.0
S0,1959,10-14,21043471.0
S0,1959,15-19,18872035.0
S0,1959,20-24,17707558.0
S0,1959,25-29,15613290.999999998
S0,1959,30-34,13514564.000000004
S0,1959,35-39,11814255.0
S0,1959,40-44,10368557.0
S0,1959,45-49,9015713.0
S0,1959,50-54,7556608.000000001
S0,1959,55-59,5848856.0
S0,1959,60-64,4692302.0
S0,1959,65-69,3031785.0
S0,1959,70-74,2223948.9999999995
S0,1959,75+,1670414.0
S0,1959,0-8,
S0,1959,9-14,
S0,1959,0-17,
S0,1959,18-29,
S0,1959,30-65,
S0,1959,66+,
S0,1959,15-26,
S0,1959,27-45,
S0,1959,46-65,
S0,1960,00-04,34631906.0
S0,1960,05-09,27858851.0
S0,1960,10-14,21935769.999999996
S0,1960,15-19,19073866.0
S0,1960,20-24,17914180.0
S0,1960,25-29,15932621.000000004
S0,1960,30-34,13793116.000000002
S0,1960,35-39,12011481.0
S0,1960,40-44,10550521.0
S0,1960,45-49,9146388.0
S0,1960,50-54,7814592.000000001
S0,1960,55-59,5937282.0
S0,1960,60-64,4909045.999999999
S0,1960,65-69,3064597.0
S0,1960,70-74,2332625.0
S0,1960,75+,1714862.0000000002
S0,1960,0-8,
S0,1960,9-14,
S0,1960,0-17,
S0,1960,18-29,
S0,1960,30-65,
S0,1960,66+,
S0,1960,15-26,
S0,1960,27-45,
S0,1960,46-65,
S0,1961,00-04,35340956.00000001
S0,1961,05-09,28752303.0
S0,1961,10-14,22924841.0
S0,1961,15-19,19372037.999999996
S0,1961,20-24,18080275.0
S0,1961,25-29,16232733.0
S0,1961,30-34,14087363.0
S0,1961,35-39,12225963.0
S0,1961,40-44,10731344.999999998
S0,1961,45-49,9291059.000000002
S0,1961,50-54,8033222.0
S0,1961,55-59,6083421.0
S0,1961,60-64,5068401.0
S0,1961,65-69,3161224.0
S0,1961,70-74,2394427.0
S0,1961,75+,1783886.0
S0,1961,0-8,
S0,1961,9-14,
S0,1961,0-17,
S0,1961,18-29,
S0,1961,30-65,
S0,1961,66+,
S0,1961,15-26,
S0,1961,27-45,
S0,1961,46-65,
S0,1962,00-04,36048691.07843883
S0,1962,05-09,29612463.442025483
S0,1962,10-14,23983777.971998543
S0,1962,15-19,19750181.69399006
S0,1962,20-24,18198651.01410403
S0,1962,25-29,16556574.724663459
S0,1962,30-34,14404404.159537658
S0,1962,35-39,12457641.438582782
S0,1962,40-44,10910648.70398904
S0,1962,45-49,9456595.251280125
S0,1962,50-54,8199762.007092219
S0,1962,55-59,6310897.4218745995
S0,1962,60-64,5135570.21579227
S0,1962,65-69,3349559.0202225745
S0,1962,70-74,2388358.951839113
S0,1962,75+,1886771.6033998185
S0,1962,0-8,
S0,1962,9-14,
S0,1962,0-17,
S0,1962,18-29,
S0,1962,30-65,
S0,1962,66+,
S0,1962,15-26,
S0,1962,27-45,
S0,1962,46-65,
S0,1963,00-04,36742353.67898943
S0,1963,05-09,30420290.24670928
S0,1963,10-14,25142957.13862794
S0,1963,15-19,20143766.90925426
S0,1963,20-24,18260699.64140507
S0,1963,25-29,16865937.95291168
S0,1963,30-34,14716079.626448456
S0,1963,35-39,12692224.42400993
S0,1963,40-44,11081167.69293476
S0,1963,45-49,9640427.012766918
S0,1963,50-54,8314622.894059752
S0,1963,55-59,6591905.404895755
S0,1963,60-64,5140464.667462207
S0,1963,65-69,3611989.019447871
S0,1963,70-74,2325054.244882902
S0,1963,75+,2014327.1146230423
S0,1963,0-8,
S0,1963,9-14,
S0,1963,0-17,
S0,1963,18-29,
S0,1963,30-65,
S0,1963,66+,
S0,1963,15-26,
S0,1963,27-45,
S0,1963,46-65,
S0,1964,00-04,37449887.54392512
S0,1964,05-09,31159665.585003994
S0,1964,10-14,26442095.01908411
S0,1964,15-19,20516674.38674956
S0,1964,20-24,18358125.128661897
S0,1964,25-29,17153349.80158377
S0,1964,30-34,15034420.027270213
S0,1964,35-39,12945808.916565899
S0,1964,40-44,11260176.719992459
S0,1964,45-49,9836334.714172069
S0,1964,50-54,8415399.411627134
S0,1964,55-59,6876525.860216472
S0,1964,60-64,5149580.562893596
S0,1964,65-69,3870121.6095435373
S0,1964,70-74,2272859.0854418273
S0,1964,75+,2137230.994338724
S0,1964,0-8,
S0,1964,9-14,
S0,1964,0-17,
S0,1964,18-29,
S0,1964,30-65,
S0,1964,66+,
S0,1964,15-26,
S0,1964,27-45,
S0,1964,46-65,
S0,1965,00-04,38159591.10904096
S0,1965,05-09,31841680.918435104
S0,1965,10-14,27371690.373370826
S0,1965,15-19,21336235.381941557
S0,1965,20-24,18542736.71724906
S0,1965,25-29,17359844.75029397
S0,1965,30-34,15331345.90985531
S0,1965,35-39,13211726.71093914
S0,1965,40-44,11453789.591653261
S0,1965,45-49,10025835.65813167
S0,1965,50-54,8538257.76381451
S0,1965,55-59,7094132.083637695
S0,1965,60-64,5243618.527608256
S0,1965,65-69,4040366.4561351263
S0,1965,70-74,2302736.751105186
S0,1965,75+,2225010.6322815698
S0,1965,0-8,
S0,1965,9-14,
S0,1965,0-17,
S0,1965,18-29,
S0,1965,30-65,
S0,1965,66+,
S0,1965,15-26,
S0,1965,27-45,
S0,1965,46-65,
S0,1966,00-04,38640238.24116163
S0,1966,05-09,32520625.45595079
S0,1966,10-14,28242759.874414343
S0,1966,15-19,22224835.93593744
S0,1966,20-24,18808865.40179133
S0,1966,25-29,17517685.84254968
S0,1966,30-34,15596446.807495808
S0,1966,35-39,13483742.31472098
S0,1966,40-44,11657609.266135462
S0,1966,45-49,10211785.326042768
S0,1966,50-54,8666212.400531916
S0,1966,55-59,7261211.105162536
S0,1966,60-64,5383736.540686164
S0,1966,65-69,4150540.2650105366
S0,1966,70-74,2373963.679061627
S0,1966,75+,2285277.4276648085
S0,1966,0-8,
S0,1966,9-14,
S0,1966,0-17,
S0,1966,18-29,
S0,1966,30-65,
S0,1966,66+,
S0,1966,15-26,
S0,1966,27-45,
S0,1966,46-65,
S0,1967,00-04,39043496.30222145
S0,1967,05-09,33207907.64728856
S0,1967,10-14,29075955.617893096
S0,1967,15-19,23151285.32075892
S0,1967,20-24,19134626.68263458
S0,1967,25-29,17604076.92817036
S0,1967,30-34,15857121.21593007
S0,1967,35-39,13762965.04619779
S0,1967,40-44,11869554.385952752
S0,1967,45-49,10394524.572283998
S0,1967,50-54,8807447.734003622
S0,1967,55-59,7372584.799357752
S0,1967,60-64,5598927.13360064
S0,1967,65-69,4179579.7679370893
S0,1967,70-74,2512361.773273564
S0,1967,75+,2320395.282986428
S0,1967,0-8,
S0,1967,9-14,
S0,1967,0-17,
S0,1967,18-29,
S0,1967,30-65,
S0,1967,66+,
S0,1967,15-26,
S0,1967,27-45,
S0,1967,46-65,
S0,1968,00-04,39401283.78539969
S0,1968,05-09,33915873.88550869
S0,1968,10-14,29860745.784788225
S0,1968,15-19,24180867.74942991
S0,1968,20-24,19542629.263384
S0,1968,25-29,17697482.53422804
S0,1968,30-34,16143198.537558582
S0,1968,35-39,14070364.790686186
S0,1968,40-44,12106315.17250535
S0,1968,45-49,10585597.98946753
S0,1968,50-54,8969150.662053607
S0,1968,55-59,7436778.226485092
S0,1968,60-64,5871540.452025491
S0,1968,65-69,4155175.2883583796
S0,1968,70-74,2704425.115770223
S0,1968,75+,2333093.579096794
S0,1968,0-8,
S0,1968,9-14,
S0,1968,0-17,
S0,1968,18-29,
S0,1968,30-65,
S0,1968,66+,
S0,1968,15-26,
S0,1968,27-45,
S0,1968,46-65,
S0,1969,00-04,39840056.97194759
S0,1969,05-09,34665878.144030795
S0,1969,10-14,30574695.963762127
S0,1969,15-19,25289177.066815235
S0,1969,20-24,19882105.58786231
S0,1969,25-29,17767243.778971404
S0,1969,30-34,16357814.651390892
S0,1969,35-39,14358471.656885462
S0,1969,40-44,12346904.109886823
S0,1969,45-49,10780291.34821535
S0,1969,50-54,9134807.613228243
S0,1969,55-59,7484508.081520475
S0,1969,60-64,6158643.292676582
S0,1969,65-69,4134981.3384858207
S0,1969,70-74,2896257.3595744185
S0,1969,75+,2358726.4882446723
S0,1969,0-8,
S0,1969,9-14,
S0,1969,0-17,
S0,1969,18-29,
S0,1969,30-65,
S0,1969,66+,
S0,1969,15-26,
S0,1969,27-45,
S0,1969,46-65,
S0,1970,00-04,40223284.04614208
S0,1970,05-09,35433301.2569943
S0,1970,10-14,31231326.127779815
S0,1970,15-19,26037155.90552492
S0,1970,20-24,20694996.35293745
S0,1970,25-29,17945527.0624898
S0,1970,30-34,16503976.818921242
S0,1970,35-39,14638977.988231458
S0,1970,40-44,12608049.25084291
S0,1970,45-49,10997041.025324598
S0,1970,50-54,9292639.327137347
S0,1970,55-59,7548701.150406873
S0,1970,60-64,6395518.62328115
S0,1970,65-69,4178951.378345416
S0,1970,70-74,3022737.53501222
S0,1970,75+,2417727.424822232
S0,1970,0-8,
S0,1970,9-14,
S0,1970,0-17,
S0,1970,18-29,
S0,1970,30-65,
S0,1970,66+,
S0,1970,15-26,
S0,1970,27-45,
S0,1970,46-65,
S0,1971,00-04,40652908.60904939
S0,1971,05-09,36146717.10279015
S0,1971,10-14,31913784.53254374
S0,1971,15-19,26769175.52513341
S0,1971,20-24,21681172.411660798
S0,1971,25-29,18289929.219500426
S0,1971,30-34,16658476.307778697
S0,1971,35-39,14933227.043475978
S0,1971,40-44,12905345.842725342
S0,1971,45-49,11247221.35349189
S0,1971,50-54,9457124.557483722
S0,1971,55-59,7624279.092430009
S0,1971,60-64,6606036.082566849
S0,1971,65-69,4262563.519862787
S0,1971,70-74,3112838.727542961
S0,1971,75+,2496938.976700645
S0,1971,0-8,
S0,1971,9-14,
S0,1971,0-17,
S0,1971,18-29,
S0,1971,30-65,
S0,1971,66+,
S0,1971,15-26,
S0,1971,27-45,
S0,1971,46-65,
S0,1972,00-04,41103800.3518969
S0,1972,05-09,36837739.45741813
S0,1972,10-14,32591017.915250666
S0,1972,15-19,27398477.995016553
S0,1972,20-24,22651936.58899347
S0,1972,25-29,18640744.35498422
S0,1972,30-34,16703803.651979072
S0,1972,35-39,15203281.560434839
S0,1972,40-44,13196973.766110543
S0,1972,45-49,11499296.13387575
S0,1972,50-54,9608448.957822483
S0,1972,55-59,7704099.297552316
S0,1972,60-64,6772984.989122081
S0,1972,65-69,4397923.43111179
S0,1972,70-74,3145957.1874386384
S0,1972,75+,2606530.1090639974
S0,1972,0-8,
S0,1972,9-14,
S0,1972,0-17,
S0,1972,18-29,
S0,1972,30-65,
S0,1972,66+,
S0,1972,15-26,
S0,1972,27-45,
S0,1972,46-65,
S0,1973,00-04,41533666.40214452
S0,1973,05-09,37549339.20178059
S0,1973,10-14,33292482.799874872
S0,1973,15-19,28000670.44621785
S0,1973,20-24,23787639.458217684
S0,1973,25-29,19100093.77823553
S0,1973,30-34,16761163.83189622
S0,1973,35-39,15505119.683612272
S0,1973,40-44,13519992.94487744
S0,1973,45-49,11780335.818092741
S0,1973,50-54,9764801.720613848
S0,1973,55-59,7799845.397191836
S0,1973,60-64,6907395.64022281
S0,1973,65-69,4573045.544755243
S0,1973,70-74,3145018.9233764014
S0,1973,75+,2739333.2231780547
S0,1973,0-8,
S0,1973,9-14,
S0,1973,0-17,
S0,1973,18-29,
S0,1973,30-65,
S0,1973,66+,
S0,1973,15-26,
S0,1973,27-45,
S0,1973,46-65,
S0,1974,00-04,41963510.15384699
S0,1974,05-09,38292137.10316781
S0,1974,10-14,34015213.384427905
S0,1974,15-19,28504370.82597759
S0,1974,20-24,25033604.10816965
S0,1974,25-29,19535725.70615627
S0,1974,30-34,16831059.493215602
S0,1974,35-39,15768292.32618806
S0,1974,40-44,13843139.970338657
S0,1974,45-49,12077616.037800187
S0,1974,50-54,9924868.892626576
S0,1974,55-59,7897164.80063768
S0,1974,60-64,7033852.437549104
S0,1974,65-69,4750125.591240015
S0,1974,70-74,3149617.2761423313
S0,1974,75+,2875435.0006616744
S0,1974,0-8,
S0,1974,9-14,
S0,1974,0-17,
S0,1974,18-29,
S0,1974,30-65,
S0,1974,66+,
S0,1974,15-26,
S0,1974,27-45,
S0,1974,46-65,
S0,1975,00-04,42449772.02718985
S0,1975,05-09,39029588.97041669
S0,1975,10-14,34759888.725501105
S0,1975,15-19,28968630.64584916
S0,1975,20-24,25985120.468388725
S0,1975,25-29,20485361.2738971
S0,1975,30-34,17029257.65383154
S0,1975,35-39,15986756.56568131
S0,1975,40-44,14173404.791232921
S0,1975,45-49,12406839.11460932
S0,1975,50-54,10108034.963881679
S0,1975,55-59,7990761.609374118
S0,1975,60-64,7188681.6287682485
S0,1975,65-69,4886933.394688602
S0,1975,70-74,3210789.77838514
S0,1975,75+,2994949.7247254457
S0,1975,0-8,
S0,1975,9-14,
S0,1975,0-17,
S0,1975,18-29,
S0,1975,30-65,
S0,1975,66+,
S0,1975,15-26,
S0,1975,27-45,
S0,1975,46-65,
S0,1976,00-04,42859536.65368631
S0,1976,05-09,39829863.689901106
S0,1976,10-14,35439954.12631899
S0,1976,15-19,29434844.97486167
S0,1976,20-24,26897860.079833303
S0,1976,25-29,21545621.26849646
S0,1976,30-34,17321589.031365175
S0,1976,35-39,16171594.40479342
S0,1976,40-44,14489759.350888465
S0,1976,45-49,12755995.50154577
S0,1976,50-54,10308198.395866059
S0,1976,55-59,8083705.139359787
S0,1976,60-64,7359396.384117179
S0,1976,65-69,4998609.824314556
S0,1976,70-74,3306211.110634023
S0,1976,75+,3106872.023423985
S0,1976,0-8,
S0,1976,9-14,
S0,1976,0-17,
S0,1976,18-29,
S0,1976,30-65,
S0,1976,66+,
S0,1976,15-26,
S0,1976,27-45,
S0,1976,46-65,
S0,1977,00-04,43281003.186984524
S0,1977,05-09,40705516.40771893
S0,1977,10-14,36105711.11162455
S0,1977,15-19,29890011.790996395
S0,1977,20-24,27764780.042090975
S0,1977,25-29,22674729.685727105
S0,1977,30-34,17686679.93631513
S0,1977,35-39,16303583.221489888
S0,1977,40-44,14818789.37603301
S0,1977,45-49,13125169.82539332
S0,1977,50-54,10521452.2320575
S0,1977,55-59,8174169.586987305
S0,1977,60-64,7548396.24186105
S0,1977,65-69,5078726.393282561
S0,1977,70-74,3447614.186840062
S0,1977,75+,3204107.2127593155
S0,1977,0-8,
S0,1977,9-14,
S0,1977,0-17,
S0,1977,18-29,
S0,1977,30-65,
S0,1977,66+,
S0,1977,15-26,
S0,1977,27-45,
S0,1977,46-65,
S0,1978,00-04,43621942.551827766
S0,1978,05-09,41592847.27055182
S0,1978,10-14,36786606.26649686
S0,1978,15-19,30362423.03528946
S0,1978,20-24,28600762.38496818
S0,1978,25-29,23935655.21775227
S0,1978,30-34,18114391.34545304
S0,1978,35-39,16421431.763045302
S0,1978,40-44,15162393.978427239
S0,1978,45-49,13516415.727845863
S0,1978,50-54,10752238.8655262
S0,1978,55-59,8266315.501250257
S0,1978,60-64,7757655.143592278
S0,1978,65-69,5131763.591696717
S0,1978,70-74,3621546.374509905
S0,1978,75+,3294019.6846646625
S0,1978,0-8,
S0,1978,9-14,
S0,1978,0-17,
S0,1978,18-29,
S0,1978,30-65,
S0,1978,66+,
S0,1978,15-26,
S0,1978,27-45,
S0,1978,46-65,
S0,1979,00-04,43908899.64057008
S0,1979,05-09,42514140.55875046
S0,1979,10-14,37493364.4819444
S0,1979,15-19,30821603.961267255
S0,1979,20-24,29307954.95516092
S0,1979,25-29,25286905.373669848
S0,1979,30-34,18502938.070788175
S0,1979,35-39,16545004.411366588
S0,1979,40-44,15465379.53573801
S0,1979,45-49,13907479.540116005
S0,1979,50-54,10994638.640823834
S0,1979,55-59,8362568.819286676
S0,1979,60-64,7974112.13230165
S0,1979,65-69,5177145.720288036
S0,1979,70-74,3798386.8272207957
S0,1979,75+,3388047.3446488422
S0,1979,0-8,
S0,1979,9-14,
S0,1979,0-17,
S0,1979,18-29,
S0,1979,30-65,
S0,1979,66+,
S0,1979,15-26,
S0,1979,27-45,
S0,1979,46-65,
S0,1980,00-04,44275809.7072926
S0,1980,05-09,43510641.47734979
S0,1980,10-14,38197163.43234722
S0,1980,15-19,31332052.10467919
S0,1980,20-24,30023790.98690074
S0,1980,25-29,26361386.110937294
S0,1980,30-34,19372832.769896824
S0,1980,35-39,16792433.89463427
S0,1980,40-44,15723154.63653627
S0,1980,45-49,14305713.78933075
S0,1980,50-54,11263725.83253258
S0,1980,55-59,8479881.285101777
S0,1980,60-64,8191596.13800936
S0,1980,65-69,5241550.515410047
S0,1980,70-74,3943252.114304788
S0,1980,75+,3503462.269477548
S0,1980,0-8,
S0,1980,9-14,
S0,1980,0-17,
S0,1980,18-29,
S0,1980,30-65,
S0,1980,66+,
S0,1980,15-26,
S0,1980,27-45,
S0,1980,46-65,
S0,1981,00-04,44815916.40205983
S0,1981,05-09,44452880.76128556
S0,1981,10-14,38955043.31507977
S0,1981,15-19,31762525.263737734
S0,1981,20-24,30711730.55524527
S0,1981,25-29,27360522.213806495
S0,1981,30-34,20313317.273991715
S0,1981,35-39,17113010.93801041
S0,1981,40-44,15935190.97968834
S0,1981,45-49,14682100.049090302
S0,1981,50-54,11544575.995809048
S0,1981,55-59,8611069.26024922
S0,1981,60-64,8410208.917241193
S0,1981,65-69,5315148.799005287
S0,1981,70-74,4067904.6457878267
S0,1981,75+,3632160.52210145
S0,1981,0-8,
S0,1981,9-14,
S0,1981,0-17,
S0,1981,18-29,
S0,1981,30-65,
S0,1981,66+,
S0,1981,15-26,
S0,1981,27-45,
S0,1981,46-65,
S0,1982,00-04,45340247.43158974
S0,1982,05-09,45417531.267124645
S0,1982,10-14,39786058.00843586
S0,1982,15-19,32181656.4684953
S0,1982,20-24,31393473.37947762
S0,1982,25-29,28316626.55597598
S0,1982,30-34,21316281.28947878
S0,1982,35-39,17507375.435984585
S0,1982,40-44,16096084.054191869
S0,1982,45-49,15071884.223408852
S0,1982,50-54,11842752.101394322
S0,1982,55-59,8756173.98700299
S0,1982,60-64,8629199.259728463
S0,1982,65-69,5401553.979273064
S0,1982,70-74,4168105.2859567665
S0,1982,75+,3777492.0887057
S0,1982,0-8,
S0,1982,9-14,
S0,1982,0-17,
S0,1982,18-29,
S0,1982,30-65,
S0,1982,66+,
S0,1982,15-26,
S0,1982,27-45,
S0,1982,46-65,
S0,1983,00-04,45964727.11129235
S0,1983,05-09,46310437.12817028
S0,1983,10-14,40627017.88724476
S0,1983,15-19,32620406.985810675
S0,1983,20-24,32086047.20998921
S0,1983,25-29,29217634.04318566
S0,1983,30-34,22417248.9720261
S0,1983,35-39,17947840.657910448
S0,1983,40-44,16231519.715952199
S0,1983,45-49,15468318.686340434
S0,1983,50-54,12155776.292156741
S0,1983,55-59,8916795.772057971
S0,1983,60-64,8850006.514842963
S0,1983,65-69,5502141.742283492
S0,1983,70-74,4246875.279587688
S0,1983,75+,3937167.0079406677
S0,1983,0-8,
S0,1983,9-14,
S0,1983,0-17,
S0,1983,18-29,
S0,1983,30-65,
S0,1983,66+,
S0,1983,15-26,
S0,1983,27-45,
S0,1983,46-65,
S0,1984,00-04,46662956.62114475
S0,1984,05-09,47159757.22664585
S0,1984,10-14,41508307.455950424
S0,1984,15-19,33105169.07023377
S0,1984,20-24,32812293.436847825
S0,1984,25-29,30051976.094049525
S0,1984,30-34,23653778.20899374
S0,1984,35-39,18388788.34939429
S0,1984,40-44,16397138.065534692
S0,1984,45-49,15838065.487879472
S0,1984,50-54,12477651.9632584
S0,1984,55-59,9095866.734896984
S0,1984,60-64,9079450.641694538
S0,1984,65-69,5611250.537698263
S0,1984,70-74,4321831.499884743
S0,1984,75+,4100927.867577978
S0,1984,0-8,
S0,1984,9-14,
S0,1984,0-17,
S0,1984,18-29,
S0,1984,30-65,
S0,1984,66+,
S0,1984,15-26,
S0,1984,27-45,
S0,1984,46-65,
S0,1985,00-04,47389179.42311455
S0,1985,05-09,48064102.57628424
S0,1985,10-14,42453222.99103454
S0,1985,15-19,33585078.21570623
S0,1985,20-24,33541897.30552709
S0,1985,25-29,30810660.941583615
S0,1985,30-34,24561793.723462064
S0,1985,35-39,19258043.07449055
S0,1985,40-44,16650502.693867352
S0,1985,45-49,16135533.581168707
S0,1985,50-54,12792639.84315162
S0,1985,55-59,9293677.946022175
S0,1985,60-64,9325006.255246745
S0,1985,65-69,5720792.516679725
S0,1985,70-74,4411778.569819326
S0,1985,75+,4258401.258960788
S0,1985,0-8,
S0,1985,9-14,
S0,1985,0-17,
S0,1985,18-29,
S0,1985,30-65,
S0,1985,66+,
S0,1985,15-26,
S0,1985,27-45,
S0,1985,46-65,
S0,1986,00-04,48020616.12654306
S0,1986,05-09,49156253.15486221
S0,1986,10-14,43350086.21776895
S0,1986,15-19,34131417.6691298
S0,1986,20-24,34207367.61809158
S0,1986,25-29,31572481.37348777
S0,1986,30-34,25429114.763794474
S0,1986,35-39,20219966.47517628
S0,1986,40-44,16988866.2169768
S0,1986,45-49,16390600.18037488
S0,1986,50-54,13093503.950859418
S0,1986,55-59,9508312.51793094
S0,1986,60-64,9585601.510868324
S0,1986,65-69,5835750.345964318
S0,1986,70-74,4511297.82022315
S0,1986,75+,4414215.074295039
S0,1986,0-8,
S0,1986,9-14,
S0,1986,0-17,
S0,1986,18-29,
S0,1986,30-65,
S0,1986,66+,
S0,1986,15-26,
S0,1986,27-45,
S0,1986,46-65,
S0,1987,00-04,48723584.33365773
S0,1987,05-09,50222385.0905967
S0,1987,10-14,44268720.40889454
S0,1987,15-19,34754522.529397495
S0,1987,20-24,34852018.352961525
S0,1987,25-29,32322715.143504705
S0,1987,30-34,26259393.67227131
S0,1987,35-39,21246609.852886956
S0,1987,40-44,17399924.519631695
S0,1987,45-49,16588324.826466236
S0,1987,50-54,13407501.10960013
S0,1987,55-59,9741852.159940869
S0,1987,60-64,9857521.579957858
S0,1987,65-69,5955332.0873352345
S0,1987,70-74,4622467.334120931
S0,1987,75+,4568844.766034534
S0,1987,0-8,
S0,1987,9-14,
S0,1987,0-17,
S0,1987,18-29,
S0,1987,30-65,
S0,1987,66+,
S0,1987,15-26,
S0,1987,27-45,
S0,1987,46-65,
S0,1988,00-04,49320793.35590291
S0,1988,05-09,51385753.77075467
S0,1988,10-14,45119983.070762515
S0,1988,15-19,35407348.5894935
S0,1988,20-24,35513458.7409513
S0,1988,25-29,33080084.85721346
S0,1988,30-34,27042981.84948834
S0,1988,35-39,22372839.775634736
S0,1988,40-44,17855833.146964822
S0,1988,45-49,16754334.234847767
S0,1988,50-54,13728967.27910265
S0,1988,55-59,9992602.752070501
S0,1988,60-64,10141084.69554002
S0,1988,65-69,6081307.28756332
S0,1988,70-74,4746051.706364313
S0,1988,75+,4723202.523523244
S0,1988,0-8,
S0,1988,9-14,
S0,1988,0-17,
S0,1988,18-29,
S0,1988,30-65,
S0,1988,66+,
S0,1988,15-26,
S0,1988,27-45,
S0,1988,46-65,
S0,1989,00-04,49879148.15397025
S0,1989,05-09,52606011.43728559
S0,1989,10-14,45929376.113728054
S0,1989,15-19,36117839.38422321
S0,1989,20-24,36213294.64046412
S0,1989,25-29,33856786.1912923
S0,1989,30-34,27761154.77075009
S0,1989,35-39,23628844.436222613
S0,1989,40-44,18306223.847354367
S0,1989,45-49,16942375.242796287
S0,1989,50-54,14026884.796860531
S0,1989,55-59,10255125.75127219
S0,1989,60-64,10437428.545107082
S0,1989,65-69,6218605.970960135
S0,1989,70-74,4876609.118861367
S0,1989,75+,4881805.43123849
S0,1989,0-8,
S0,1989,9-14,
S0,1989,0-17,
S0,1989,18-29,
S0,1989,30-65,
S0,1989,66+,
S0,1989,15-26,
S0,1989,27-45,
S0,1989,46-65,
S0,1990,00-04,50365911.47632803
S0,1990,05-09,53830884.5330757
S0,1990,10-14,46796252.11268078
S0,1990,15-19,36913084.017604195
S0,1990,20-24,36911937.3205116
S0,1990,25-29,34647610.97618054
S0,1990,30-34,28428813.022111066
S0,1990,35-39,24566193.52228581
S0,1990,40-44,19188867.55573169
S0,1990,45-49,17218658.11929964
S0,1990,50-54,14265570.68217397
S0,1990,55-59,10519293.04441872
S0,1990,60-64,10747339.466133362
S0,1990,65-69,6373749.402823116
S0,1990,70-74,5007385.183144118
S0,1990,75+,5049763.230129083
S0,1990,0-8,
S0,1990,9-14,
S0,1990,0-17,
S0,1990,18-29,
S0,1990,30-65,
S0,1990,66+,
S0,1990,15-26,
S0,1990,27-45,
S0,1990,46-65,
S0,1991,00-04,50800389.12571543
S0,1991,05-09,54916999.19297456
S0,1991,10-14,47849949.88984609
S0,1991,15-19,37696463.253632404
S0,1991,20-24,37682297.589376114
S0,1991,25-29,35377623.03918343
S0,1991,30-34,29116595.11849662
S0,1991,35-39,25468791.179641448
S0,1991,40-44,20166842.406927843
S0,1991,45-49,17579115.71624887
S0,1991,50-54,14471972.291464431
S0,1991,55-59,10779251.966266014
S0,1991,60-64,11066559.578050282
S0,1991,65-69,6546283.249621574
S0,1991,70-74,5141879.556398387
S0,1991,75+,5226195.229034595
S0,1991,0-8,
S0,1991,9-14,
S0,1991,0-17,
S0,1991,18-29,
S0,1991,30-65,
S0,1991,66+,
S0,1991,15-26,
S0,1991,27-45,
S0,1991,46-65,
S0,1992,00-04,51111072.81512518
S0,1992,05-09,56208787.31665541
S0,1992,10-14,49104893.662441455
S0,1992,15-19,38497294.39473035
S0,1992,20-24,38118706.63934564
S0,1992,25-29,35950076.93780176
S0,1992,30-34,29989937.93949777
S0,1992,35-39,26589087.838684812
S0,1992,40-44,20776426.68128651
S0,1992,45-49,17590924.830022953
S0,1992,50-54,14477605.21444774
S0,1992,55-59,11262670.877877511
S0,1992,60-64,11363786.22203034
S0,1992,65-69,6887243.181406069
S0,1992,70-74,5327782.942408287
S0,1992,75+,5425903.57852238
S0,1992,0-8,
S0,1992,9-14,
S0,1992,0-17,
S0,1992,18-29,
S0,1992,30-65,
S0,1992,66+,
S0,1992,15-26,
S0,1992,27-45,
S0,1992,46-65,
S0,1993,00-04,51440194.03965078
S0,1993,05-09,57321309.72084576
S0,1993,10-14,50468642.41014414
S0,1993,15-19,39252458.37317919
S0,1993,20-24,38595605.59019178
S0,1993,25-29,36549680.87850736
S0,1993,30-34,30875061.59446314
S0,1993,35-39,27677318.30744659
S0,1993,40-44,21492402.845419426
S0,1993,45-49,17659323.11083116
S0,1993,50-54,14464811.791801741
S0,1993,55-59,11745494.839093748
S0,1993,60-64,11679635.55895657
S0,1993,65-69,7246632.5227389205
S0,1993,70-74,5516960.636139339
S0,1993,75+,5633105.172140436
S0,1993,0-8,
S0,1993,9-14,
S0,1993,0-17,
S0,1993,18-29,
S0,1993,30-65,
S0,1993,66+,
S0,1993,15-26,
S0,1993,27-45,
S0,1993,46-65,
S0,1994,00-04,51687260.55601649
S0,1994,05-09,58311375.85955555
S0,1994,10-14,51893732.59802647
S0,1994,15-19,39970778.02553654
S0,1994,20-24,39121189.11407175
S0,1994,25-29,37174662.66304328
S0,1994,30-34,31765969.961625867
S0,1994,35-39,28695182.72778575
S0,1994,40-44,22337203.473931253
S0,1994,45-49,17734347.85612701
S0,1994,50-54,14478247.30019885
S0,1994,55-59,12196163.300565727
S0,1994,60-64,12004939.633791162
S0,1994,65-69,7623480.780194109
S0,1994,70-74,5711514.022318416
S0,1994,75+,5845971.28204392
S0,1994,0-8,
S0,1994,9-14,
S0,1994,0-17,
S0,1994,18-29,
S0,1994,30-65,
S0,1994,66+,
S0,1994,15-26,
S0,1994,27-45,
S0,1994,46-65,
S0,1995,00-04,51909162.18212253
S0,1995,05-09,59133460.10375562
S0,1995,10-14,53319931.6302177
S0,1995,15-19,40722042.437067896
S0,1995,20-24,39691328.37284953
S0,1995,25-29,37745024.12101272
S0,1995,30-34,32627774.13309712
S0,1995,35-39,29629143.006368615
S0,1995,40-44,22883581.57684432
S0,1995,45-49,18232924.41337213
S0,1995,50-54,14569370.284986459
S0,1995,55-59,12576464.77770451
S0,1995,60-64,12324781.15763707
S0,1995,65-69,8016509.26325163
S0,1995,70-74,5915694.828644405
S0,1995,75+,6062983.048088658
S0,1995,0-8,
S0,1995,9-14,
S0,1995,0-17,
S0,1995,18-29,
S0,1995,30-65,
S0,1995,66+,
S0,1995,15-26,
S0,1995,27-45,
S0,1995,46-65,
S0,1996,00-04,52151948.09132299
S0,1996,05-09,59819952.52797963
S0,1996,10-14,54610181.08283971
S0,1996,15-19,41658570.70062476
S0,1996,20-24,40273946.985436775
S0,1996,25-29,38400301.35105654
S0,1996,30-34,33432097.869456522
S0,1996,35-39,30573812.999889567
S0,1996,40-44,23428093.904749855
S0,1996,45-49,18836754.9371164
S0,1996,50-54,14740677.865948763
S0,1996,55-59,12910397.18676392
S0,1996,60-64,12634501.235939482
S0,1996,65-69,8423242.167993955
S0,1996,70-74,6128522.980527765
S0,1996,75+,6285436.457002615
S0,1996,0-8,
S0,1996,9-14,
S0,1996,0-17,
S0,1996,18-29,
S0,1996,30-65,
S0,1996,66+,
S0,1996,15-26,
S0,1996,27-45,
S0,1996,46-65,
S0,1997,00-04,52380639.356402904
S0,1997,05-09,60313644.29098935
S0,1997,10-14,55931448.50836957
S0,1997,15-19,42583061.19523916
S0,1997,20-24,40913240.118819
S0,1997,25-29,39127422.82647088
S0,1997,30-34,34208121.33789005
S0,1997,35-39,31503539.721484624
S0,1997,40-44,23977877.439796504
S0,1997,45-49,19524922.974562265
S0,1997,50-54,14979961.814549942
S0,1997,55-59,13184516.493379273
S0,1997,60-64,12960749.255847516
S0,1997,65-69,8842349.349949686
S0,1997,70-74,6346897.441877594
S0,1997,75+,6513435.840574823
S0,1997,0-8,
S0,1997,9-14,
S0,1997,0-17,
S0,1997,18-29,
S0,1997,30-65,
S0,1997,66+,
S0,1997,15-26,
S0,1997,27-45,
S0,1997,46-65,
S0,1998,00-04,52609312.70021486
S0,1998,05-09,60801610.67075507
S0,1998,10-14,57079521.80012839
S0,1998,15-19,43598770.281336054
S0,1998,20-24,41530469.9598246
S0,1998,25-29,39862468.501665786
S0,1998,30-34,34978319.66826435
S0,1998,35-39,32417895.920658424
S0,1998,40-44,24523132.90104894
S0,1998,45-49,20333720.824420776
S0,1998,50-54,15260163.70851906
S0,1998,55-59,13416076.87133551
S0,1998,60-64,13296704.83033187
S0,1998,65-69,9268873.642956702
S0,1998,70-74,6570582.965866424
S0,1998,75+,6748055.171050489
S0,1998,0-8,
S0,1998,9-14,
S0,1998,0-17,
S0,1998,18-29,
S0,1998,30-65,
S0,1998,66+,
S0,1998,15-26,
S0,1998,27-45,
S0,1998,46-65,
S0,1999,00-04,52876861.4566232
S0,1999,05-09,61174757.39067585
S0,1999,10-14,58104968.09326066
S0,1999,15-19,44669519.94720202
S0,1999,20-24,42153846.24171039
S0,1999,25-29,40631606.57515389
S0,1999,30-34,35758782.35562162
S0,1999,35-39,33317987.614987165
S0,1999,40-44,25051371.57676536
S0,1999,45-49,21299665.50107131
S0,1999,50-54,15538221.036279678
S0,1999,55-59,13646462.291414088
S0,1999,60-64,13611337.302814301
S0,1999,65-69,9694499.560421772
S0,1999,70-74,6800297.652993212
S0,1999,75+,6991901.861860247
S0,1999,0-8,
S0,1999,9-14,
S0,1999,0-17,
S0,1999,18-29,
S0,1999,30-65,
S0,1999,66+,
S0,1999,15-26,
S0,1999,27-45,
S0,1999,46-65,
S0,2000,00-04,53143624.222653255
S0,2000,05-09,61509426.82305294
S0,2000,10-14,58956280.095843956
S0,2000,15-19,45745751.637054555
S0,2000,20-24,42872238.826430455
S0,2000,25-29,41451707.03648894
S0,2000,30-34,36496718.190573834
S0,2000,35-39,34180132.50607134
S0,2000,40-44,25576241.112236522
S0,2000,45-49,22033204.18431752
S0,2000,50-54,16186146.14927086
S0,2000,55-59,13926139.82394039
S0,2000,60-64,13867935.405437822
S0,2000,65-69,10105063.39364438
S0,2000,70-74,7036397.705936391
S0,2000,75+,7248148.579730987
S0,2000,0-8,
S0,2000,9-14,
S0,2000,0-17,
S0,2000,18-29,
S0,2000,30-65,
S0,2000,66+,
S0,2000,15-26,
S0,2000,27-45,
S0,2000,46-65,
S0,2001,00-04,53527154.63265912
S0,2001,05-09,61851165.01222348
S0,2001,10-14,59650815.3157362
S0,2001,15-19,46709955.46157939
S0,2001,20-24,43815932.03991557
S0,2001,25-29,42217242.179990575
S0,2001,30-34,37264611.224534355
S0,2001,35-39,34921586.240289
S0,2001,40-44,26167164.14445576
S0,2001,45-49,22806648.770160995
S0,2001,50-54,16912906.60967958
S0,2001,55-59,14251467.67294678
S0,2001,60-64,14093691.88338456
S0,2001,65-69,10490100.63217981
S0,2001,70-74,7275511.911159279
S0,2001,75+,7517838.7549514705
S0,2001,0-8,
S0,2001,9-14,
S0,2001,0-17,
S0,2001,18-29,
S0,2001,30-65,
S0,2001,66+,
S0,2001,15-26,
S0,2001,27-45,
S0,2001,46-65,
S0,2002,00-04,54021791.15503845
S0,2002,05-09,62112573.2489036
S0,2002,10-14,60148932.13363084
S0,2002,15-19,47777414.79854804
S0,2002,20-24,44787219.988993905
S0,2002,25-29,43009521.03292861
S0,2002,30-34,38083668.11086427
S0,2002,35-39,35623090.322475806
S0,2002,40-44,26814977.886698667
S0,2002,45-49,23597428.06893114
S0,2002,50-54,17695380.18078001
S0,2002,55-59,14617119.603952669
S0,2002,60-64,14287387.480988722
S0,2002,65-69,10881864.6942599
S0,2002,70-74,7522940.773737386
S0,2002,75+,7798197.422594356
S0,2002,0-8,
S0,2002,9-14,
S0,2002,0-17,
S0,2002,18-29,
S0,2002,30-65,
S0,2002,66+,
S0,2002,15-26,
S0,2002,27-45,
S0,2002,46-65,
S0,2003,00-04,54474417.13135828
S0,2003,05-09,62254314.06578912
S0,2003,10-14,60646675.32760935
S0,2003,15-19,48794611.07823576
S0,2003,20-24,45805514.64166702
S0,2003,25-29,43671522.69158575
S0,2003,30-34,38842243.7464733
S0,2003,35-39,36305298.17567006
S0,2003,40-44,27500575.067472927
S0,2003,45-49,24339170.674784105
S0,2003,50-54,18547581.362969577
S0,2003,55-59,14994261.44955092
S0,2003,60-64,14474675.34908548
S0,2003,65-69,11283191.82472268
S0,2003,70-74,7781274.293471677
S0,2003,75+,8089557.990095908
S0,2003,0-8,
S0,2003,9-14,
S0,2003,0-17,
S0,2003,18-29,
S0,2003,30-65,
S0,2003,66+,
S0,2003,15-26,
S0,2003,27-45,
S0,2003,46-65,
S0,2004,00-04,54820695.23748948
S0,2004,05-09,62341097.87761082
S0,2004,10-14,61043683.03533551
S0,2004,15-19,49852045.785525665
S0,2004,20-24,46916928.87072402
S0,2004,25-29,44301921.340962455
S0,2004,30-34,39617987.598929666
S0,2004,35-39,37022120.56096054
S0,2004,40-44,28257526.061274935
S0,2004,45-49,25031573.352216978
S0,2004,50-54,19500261.86638017
S0,2004,55-59,15342077.478387723
S0,2004,60-64,14704918.242431423
S0,2004,65-69,11666909.16909848
S0,2004,70-74,8045356.352742879
S0,2004,75+,8392068.46872808
S0,2004,0-8,
S0,2004,9-14,
S0,2004,0-17,
S0,2004,18-29,
S0,2004,30-65,
S0,2004,66+,
S0,2004,15-26,
S0,2004,27-45,
S0,2004,46-65,
S0,2005,00-04,55091198.43427344
S0,2005,05-09,62340228.8637905
S0,2005,10-14,61414624.63512322
S0,2005,15-19,50916915.82731744
S0,2005,20-24,48106711.58081194
S0,2005,25-29,45023624.90830459
S0,2005,30-34,40453595.075046614
S0,2005,35-39,37738712.98950768
S0,2005,40-44,29090406.71135451
S0,2005,45-49,25694916.992053896
S0,2005,50-54,20189902.21070958
S0,2005,55-59,16030616.681511149
S0,2005,60-64,15034458.40882553
S0,2005,65-69,11998440.825837601
S0,2005,70-74,8305502.704039624
S0,2005,75+,8706942.659178087
S0,2005,0-8,
S0,2005,9-14,
S0,2005,0-17,
S0,2005,18-29,
S0,2005,30-65,
S0,2005,66+,
S0,2005,15-26,
S0,2005,27-45,
S0,2005,46-65,
S0,2006,00-04,55081475.062864505
S0,2006,05-09,62381679.94757726
S0,2006,10-14,61783127.21131205
S0,2006,15-19,51935868.56554492
S0,2006,20-24,49146865.10566853
S0,2006,25-29,45857685.18596341
S0,2006,30-34,41164198.99400138
S0,2006,35-39,38474707.24127071
S0,2006,40-44,29912538.63847946
S0,2006,45-49,26380254.378533747
S0,2006,50-54,20838725.269130565
S0,2006,55-59,16756360.46642671
S0,2006,60-64,15455451.1324289
S0,2006,65-69,12294711.642634187
S0,2006,70-74,8554499.391636092
S0,2006,75+,9033476.11763169
S0,2006,0-8,
S0,2006,9-14,
S0,2006,0-17,
S0,2006,18-29,
S0,2006,30-65,
S0,2006,66+,
S0,2006,15-26,
S0,2006,27-45,
S0,2006,46-65,
S0,2007,00-04,54866258.68289449
S0,2007,05-09,62458231.15468253
S0,2007,10-14,62133714.07666324
S0,2007,15-19,52923543.36895991
S0,2007,20-24,50332408.05784933
S0,2007,25-29,46726153.77510031
S0,2007,30-34,41904137.289029084
S0,2007,35-39,39302654.29789037
S0,2007,40-44,30807566.203373145
S0,2007,45-49,27111140.284457926
S0,2007,50-54,21467199.185899455
S0,2007,55-59,17500075.16136645
S0,2007,60-64,15966260.60503272
S0,2007,65-69,12551189.27774292
S0,2007,70-74,8813425.267864415
S0,2007,75+,9373030.267592706
S0,2007,0-8,
S0,2007,9-14,
S0,2007,0-17,
S0,2007,18-29,
S0,2007,30-65,
S0,2007,66+,
S0,2007,15-26,
S0,2007,27-45,
S0,2007,46-65,
S0,2008,00-04,54584919.74618978
S0,2008,05-09,62391563.21650568
S0,2008,10-14,62462568.216255546
S0,2008,15-19,53953387.21694734
S0,2008,20-24,51367296.10699862
S0,2008,25-29,47625673.544511065
S0,2008,30-34,42499264.0575328
S0,2008,35-39,40096138.58132368
S0,2008,40-44,31770945.086689606
S0,2008,45-49,27880889.09668449
S0,2008,50-54,22049018.590620168
S0,2008,55-59,18269057.4958589
S0,2008,60-64,16530838.318455022
S0,2008,65-69,12780130.65150079
S0,2008,70-74,9074795.211745076
S0,2008,75+,9728185.228108017
S0,2008,0-8,
S0,2008,9-14,
S0,2008,0-17,
S0,2008,18-29,
S0,2008,30-65,
S0,2008,66+,
S0,2008,15-26,
S0,2008,27-45,
S0,2008,46-65,
S0,2009,00-04,54408638.4546643
S0,2009,05-09,62102873.18661559
S0,2009,10-14,62828977.43548566
S0,2009,15-19,54959341.06276901
S0,2009,20-24,52380952.543219194
S0,2009,25-29,48583497.68050387
S0,2009,30-34,43019961.61618463
S0,2009,35-39,40913668.672938004
S0,2009,40-44,32846870.712594893
S0,2009,45-49,28719283.03314049
S0,2009,50-54,22575185.990753043
S0,2009,55-59,19081193.097690143
S0,2009,60-64,17103903.97793887
S0,2009,65-69,13022069.901954308
S0,2009,70-74,9316830.09969274
S0,2009,75+,10103039.94819264
S0,2009,0-8,
S0,2009,9-14,
S0,2009,0-17,
S0,2009,18-29,
S0,2009,30-65,
S0,2009,66+,
S0,2009,15-26,
S0,2009,27-45,
S0,2009,46-65,
S0,2010,00-04,54378142.91337893
S0,2010,05-09,61646054.99304493
S0,2010,10-14,63195825.90577274
S0,2010,15-19,56031250.58598766
S0,2010,20-24,53407262.9666813
S0,2010,25-29,49615956.16172892
S0,2010,30-34,43606258.967038855
S0,2010,35-39,41812057.82433856
S0,2010,40-44,34023208.80508136
S0,2010,45-49,29640064.694067985
S0,2010,50-54,23062368.745238043
S0,2010,55-59,19579604.42992041
S0,2010,60-64,18113335.60255462
S0,2010,65-69,13325252.297447909
S0,2010,70-74,9513429.496222466
S0,2010,75+,10500237.670075282
S0,2010,0-8,
S0,2010,9-14,
S0,2010,0-17,
S0,2010,18-29,
S0,2010,30-65,
S0,2010,66+,
S0,2010,15-26,
S0,2010,27-45,
S0,2010,46-65,
S0,2011,00-04,54410265.51296724
S0,2011,05-09,60839202.51959538
S0,2011,10-14,63689222.40642827
S0,2011,15-19,57160189.926541045
S0,2011,20-24,54427251.43971113
S0,2011,25-29,50552296.036294185
S0,2011,30-34,44350420.65846425
S0,2011,35-39,42657724.55307118
S0,2011,40-44,35367262.19611113
S0,2011,45-49,30582150.24512126
S0,2011,50-54,23563796.40984865
S0,2011,55-59,19983812.412030235
S0,2011,60-64,19229360.02627496
S0,2011,65-69,13683259.033199629
S0,2011,70-74,9683249.342736166
S0,2011,75+,10919367.45660717
S0,2011,0-8,
S0,2011,9-14,
S0,2011,0-17,
S0,2011,18-29,
S0,2011,30-65,
S0,2011,66+,
S0,2011,15-26,
S0,2011,27-45,
S0,2011,46-65,
S0,2012,00-04,54199339.16612257
S0,2012,05-09,60378427.12515005
S0,2012,10-14,64266894.70153108
S0,2012,15-19,57505067.4707081
S0,2012,20-24,54930748.87683067
S0,2012,25-29,51671401.23393289
S0,2012,30-34,45352451.60581809
S0,2012,35-39,43595783.14032474
S0,2012,40-44,36162096.23868467
S0,2012,45-49,31209324.120235957
S0,2012,50-54,24148780.411266916
S0,2012,55-59,20696080.47567473
S0,2012,60-64,20286394.114504036
S0,2012,65-69,14090658.484885648
S0,2012,70-74,9857817.463344105
S0,2012,75+,11344450.802064614
S0,2012,0-8,
S0,2012,9-14,
S0,2012,0-17,
S0,2012,18-29,
S0,2012,30-65,
S0,2012,66+,
S0,2012,15-26,
S0,2012,27-45,
S0,2012,46-65,
S0,2013,00-04,54065907.6426482
S0,2013,05-09,59848420.11159155
S0,2013,10-14,64752718.530065976
S0,2013,15-19,57850701.14246564
S0,2013,20-24,55459761.42210856
S0,2013,25-29,52666764.20596096
S0,2013,30-34,46462611.87232117
S0,2013,35-39,44457686.79546357
S0,2013,40-44,36968641.15476999
S0,2013,45-49,31852740.682110682
S0,2013,50-54,24760870.29450315
S0,2013,55-59,21378367.378910724
S0,2013,60-64,21412542.5615022
S0,2013,65-69,14527059.475950854
S0,2013,70-74,10021555.527730677
S0,2013,75+,11805151.71150149
S0,2013,0-8,
S0,2013,9-14,
S0,2013,0-17,
S0,2013,18-29,
S0,2013,30-65,
S0,2013,66+,
S0,2013,15-26,
S0,2013,27-45,
S0,2013,46-65,
S0,2014,00-04,53839131.55061092
S0,2014,05-09,59424736.0307498
S0,2014,10-14,65042540.142905965
S0,2014,15-19,58240755.11514907
S0,2014,20-24,55908852.66943751
S0,2014,25-29,53592457.47130597
S0,2014,30-34,47645572.9064354
S0,2014,35-39,45269734.14632056
S0,2014,40-44,37814480.29650529
S0,2014,45-49,32530724.997495547
S0,2014,50-54,25409777.51294986
S0,2014,55-59,22015139.411742285
S0,2014,60-64,22627818.797082912
S0,2014,65-69,14947945.90861432
S0,2014,70-74,10204089.21574657
S0,2014,75+,12282350.82984853
S0,2014,0-8,
S0,2014,9-14,
S0,2014,0-17,
S0,2014,18-29,
S0,2014,30-65,
S0,2014,66+,
S0,2014,15-26,
S0,2014,27-45,
S0,2014,46-65,
S0,2015,00-04,53235607.67922194
S0,2015,05-09,59135410.87623015
S0,2015,10-14,65166306.35985871
S0,2015,15-19,58626644.578699745
S0,2015,20-24,56330987.55433726
S0,2015,25-29,54395332.62532692
S0,2015,30-34,48846199.537339695
S0,2015,35-39,46125459.171705976
S0,2015,40-44,38721040.01160713
S0,2015,45-49,33200584.373466607
S0,2015,50-54,26088434.57168303
S0,2015,55-59,22615404.805179648
S0,2015,60-64,23513887.705005042
S0,2015,65-69,15729019.769232268
S0,2015,70-74,10440610.019365381
S0,2015,75+,12750511.546902677
S0,2015,0-8,
S0,2015,9-14,
S0,2015,0-17,
S0,2015,18-29,
S0,2015,30-65,
S0,2015,66+,
S0,2015,15-26,
S0,2015,27-45,
S0,2015,46-65,
S0,2016,00-04,52825555.68422173
S0,2016,05-09,58901477.13281542
S0,2016,10-14,64915084.584316984
S0,2016,15-19,59115710.704830445
S0,2016,20-24,56726489.201516554
S0,2016,25-29,55060186.62471368
S0,2016,30-34,49909825.46229511
S0,2016,35-39,47137125.11243518
S0,2016,40-44,39574572.93394832
S0,2016,45-49,33921171.316488065
S0,2016,50-54,26736812.7959864
S0,2016,55-59,23233169.889489915
S0,2016,60-64,24325671.740231827
S0,2016,65-69,16569994.85440084
S0,2016,70-74,10727857.86984709
S0,2016,75+,13216146.83725136
S0,2016,0-8,
S0,2016,9-14,
S0,2016,0-17,
S0,2016,18-29,
S0,2016,30-65,
S0,2016,66+,
S0,2016,15-26,
S0,2016,27-45,
S0,2016,46-65,
S0,2017,00-04,52576310.52338174
S0,2017,05-09,58763301.63818653
S0,2017,10-14,64366828.901100114
S0,2017,15-19,59750572.530972034
S0,2017,20-24,57176671.38557172
S0,2017,25-29,55638389.26434679
S0,2017,30-34,51078960.101058856
S0,2017,35-39,48154099.39213432
S0,2017,40-44,40475151.57502073
S0,2017,45-49,34726465.61888269
S0,2017,50-54,27407529.368609175
S0,2017,55-59,23873271.081513263
S0,2017,60-64,25075951.40666976
S0,2017,65-69,17450101.96686529
S0,2017,70-74,11061111.373411989
S0,2017,75+,13685436.253657727
S0,2017,0-8,
S0,2017,9-14,
S0,2017,0-17,
S0,2017,18-29,
S0,2017,30-65,
S0,2017,66+,
S0,2017,15-26,
S0,2017,27-45,
S0,2017,46-65,
S0,2018,00-04,52126276.312656075
S0,2018,05-09,58669828.810733244
S0,2018,10-14,63715853.76008109
S0,2018,15-19,60298642.821927465
S0,2018,20-24,57589966.15991771
S0,2018,25-29,56200454.95733718
S0,2018,30-34,52100995.47561818
S0,2018,35-39,49247105.84371151
S0,2018,40-44,41309402.3718192
S0,2018,45-49,35542340.29523546
S0,2018,50-54,28111060.813699827
S0,2018,55-59,24537087.437614582
S0,2018,60-64,25743203.62889029
S0,2018,65-69,18385329.62963603
S0,2018,70-74,11418128.409457138
S0,2018,75+,14162880.162422787
S0,2018,0-8,
S0,2018,9-14,
S0,2018,0-17,
S0,2018,18-29,
S0,2018,30-65,
S0,2018,66+,
S0,2018,15-26,
S0,2018,27-45,
S0,2018,46-65,
S0,2019,00-04,51931329.27838822
S0,2019,05-09,58436822.22372548
S0,2019,10-14,63152705.126623414
S0,2019,15-19,60665643.19096635
S0,2019,20-24,58010026.84002614
S0,2019,25-29,56637220.83373926
S0,2019,30-34,53026921.28878646
S0,2019,35-39,50376556.624327786
S0,2019,40-44,42101517.10205701
S0,2019,45-49,36395122.30747421
S0,2019,50-54,28863886.8155816
S0,2019,55-59,25234877.038748648
S0,2019,60-64,26310479.667110234
S0,2019,65-69,19393295.692471974
S0,2019,70-74,11765353.63653135
S0,2019,75+,14654816.79899848
S0,2019,0-8,
S0,2019,9-14,
S0,2019,0-17,
S0,2019,18-29,
S0,2019,30-65,
S0,2019,66+,
S0,2019,15-26,
S0,2019,27-45,
S0,2019,46-65,
S0,2020,00-04,51932188.20147057
S0,2020,05-09,57757629.0103915
S0,2020,10-14,62709778.699625
S0,2020,15-19,60880263.650787964
S0,2020,20-24,58391348.16484372
S0,2020,25-29,57008333.62093366
S0,2020,30-34,53809394.053849444
S0,2020,35-39,51488675.46917731
S0,2020,40-44,42941902.93481841
S0,2020,45-49,37307109.25452333
S0,2020,50-54,29628939.84087635
S0,2020,55-59,25961049.91886283
S0,2020,60-64,26792509.662918072
S0,2020,65-69,20128935.931819536
S0,2020,70-74,12409573.235994993
S0,2020,75+,15167803.493511198
S0,2020,0-8,
S0,2020,9-14,
S0,2020,0-17,
S0,2020,18-29,
S0,2020,30-65,
S0,2020,66+,
S0,2020,15-26,
S0,2020,27-45,
S0,2020,46-65,
S0,2021,00-04,51666811.827157415
S0,2021,05-09,57275032.95229374
S0,2021,10-14,62328235.92362599
S0,2021,15-19,60826219.01289482
S0,2021,20-24,58988951.173841015
S0,2021,25-29,57473654.7759248
S0,2021,30-34,54556136.02233738
S0,2021,35-39,52507905.932800554
S0,2021,40-44,43985096.97860254
S0,2021,45-49,38192876.20634513
S0,2021,50-54,30461188.424777046
S0,2021,55-59,26643794.61505799
S0,2021,60-64,27226746.18959237
S0,2021,65-69,20766806.22363549
S0,2021,70-74,13072941.219694149
S0,2021,75+,15613564.819630316
S0,2021,0-8,
S0,2021,9-14,
S0,2021,0-17,
S0,2021,18-29,
S0,2021,30-65,
S0,2021,66+,
S0,2021,15-26,
S0,2021,27-45,
S0,2021,46-65,
S0,2022,00-04,51303851.320855066
S0,2022,05-09,56912677.252735734
S0,2022,10-14,62017129.32720499
S0,2022,15-19,60478430.67033921
S0,2022,20-24,59655262.41550596
S0,2022,25-29,57868653.42266599
S0,2022,30-34,55107207.04307374
S0,2022,35-39,53523423.51524696
S0,2022,40-44,44971111.82258552
S0,2022,45-49,39051021.59450306
S0,2022,50-54,31293329.905132752
S0,2022,55-59,27222654.08512973
S0,2022,60-64,27465028.60456169
S0,2022,65-69,21126701.044096414
S0,2022,70-74,13540972.66870364
S0,2022,75+,15659464.631621975
S0,2022,0-8,
S0,2022,9-14,
S0,2022,0-17,
S0,2022,18-29,
S0,2022,30-65,
S0,2022,66+,
S0,2022,15-26,
S0,2022,27-45,
S0,2022,46-65,
S0,2023,00-04,51216940.68658843
S0,2023,05-09,56302033.78943791
S0,2023,10-14,61728935.93970492
S0,2023,15-19,59993679.11998862
S0,2023,20-24,60157654.15878109
S0,2023,25-29,58173735.33318074
S0,2023,30-34,55623015.06826901
S0,2023,35-39,54374546.68015699
S0,2023,40-44,46077811.273805
S0,2023,45-49,39911033.86315194
S0,2023,50-54,32261659.60024996
S0,2023,55-59,27985332.024015225
S0,2023,60-64,27935222.23583708
S0,2023,65-69,21725816.085783742
S0,2023,70-74,14338556.39291366
S0,2023,75+,16265632.927116923
S0,2023,0-8,
S0,2023,9-14,
S0,2023,0-17,
S0,2023,18-29,
S0,2023,30-65,
S0,2023,66+,
S0,2023,15-26,
S0,2023,27-45,
S0,2023,46-65,
S0,2024,00-04,51051416.57893754
S0,2024,05-09,55951103.7157003
S0,2024,10-14,61294499.390122056
S0,2024,15-19,59637254.98999375
S0,2024,20-24,60534768.78545521
S0,2024,25-29,58543644.70117625
S0,2024,30-34,56063737.459147036
S0,2024,35-39,55146024.255179875
S0,2024,40-44,47258630.87602619
S0,2024,45-49,40748320.63618629
S0,2024,50-54,33290599.56450232
S0,2024,55-59,28801677.804032013
S0,2024,60-64,28416221.438182883
S0,2024,65-69,22255907.316226225
S0,2024,70-74,15206236.306293521
S0,2024,75+,16872708.645838168
S0,2024,0-8,
S0,2024,9-14,
S0,2024,0-17,
S0,2024,18-29,
S0,2024,30-65,
S0,2024,66+,
S0,2024,15-26,
S0,2024,27-45,
S0,2024,46-65,
S0,2025,00-04,51060392.23065266
S0,2025,05-09,55782413.347685136
S0,2025,10-14,60386000.45735639
S0,2025,15-19,59401635.788929
S0,2025,20-24,60739026.1042267
S0,2025,25-29,58959778.71671905
S0,2025,30-34,56527670.99509074
S0,2025,35-39,55811873.42445893
S0,2025,40-44,48478584.436336055
S0,2025,45-49,41653868.713934794
S0,2025,50-54,34378467.49125044
S0,2025,55-59,29658381.54528674
S0,2025,60-64,28937792.57505495
S0,2025,65-69,22742030.00266227
S0,2025,70-74,15897741.290576143
S0,2025,75+,17784551.439824555
S0,2025,0-8,
S0,2025,9-14,
S0,2025,0-17,
S0,2025,18-29,
S0,2025,30-65,
S0,2025,66+,
S0,2025,15-26,
S0,2025,27-45,
S0,2025,46-65,
S0,2026,00-04,51301918.88566132
S0,2026,05-09,55282758.02953607
S0,2026,10-14,59666148.17922738
S0,2026,15-19,59235261.14929801
S0,2026,20-24,60611073.91477742
S0,2026,25-29,59493800.494851165
S0,2026,30-34,57005540.663389966
S0,2026,35-39,56369652.37977665
S0,2026,40-44,49586460.39381173
S0,2026,45-49,42745552.301010735
S0,2026,50-54,35441270.76170621
S0,2026,55-59,30575745.50410968
S0,2026,60-64,29411866.37198156
S0,2026,65-69,23232822.793439254
S0,2026,70-74,16558993.251253074
S0,2026,75+,18772250.362083275
S0,2026,0-8,
S0,2026,9-14,
S0,2026,0-17,
S0,2026,18-29,
S0,2026,30-65,
S0,2026,66+,
S0,2026,15-26,
S0,2026,27-45,
S0,2026,46-65,
S0,2027,00-04,51581715.749211416
S0,2027,05-09,54664874.62634957
S0,2027,10-14,59069617.13519576
S0,2027,15-19,59154053.72803503
S0,2027,20-24,60207904.124597855
S0,2027,25-29,60106248.52209842
S0,2027,30-34,57458565.11750963
S0,2027,35-39,56763453.965762146
S0,2027,40-44,50745427.917448156
S0,2027,45-49,43834728.51881103
S0,2027,50-54,36539879.203972615
S0,2027,55-59,31560300.65457755
S0,2027,60-64,29885160.88169802
S0,2027,65-69,23726106.374145873
S0,2027,70-74,17194236.258229736
S0,2027,75+,19824367.955208015
S0,2027,0-8,
S0,2027,9-14,
S0,2027,0-17,
S0,2027,18-29,
S0,2027,30-65,
S0,2027,66+,
S0,2027,15-26,
S0,2027,27-45,
S0,2027,46-65,
S0,2028,00-04,51829575.29528764
S0,2028,05-09,54354312.69502066
S0,2028,10-14,58226704.34792526
S0,2028,15-19,59111731.80213609
S0,2028,20-24,59733804.236589
S0,2028,25-29,60625816.46288112
S0,2028,30-34,57899528.10842304
S0,2028,35-39,57167786.96522097
S0,2028,40-44,51771710.11937215
S0,2028,45-49,45026595.90608008
S0,2028,50-54,37597487.48902547
S0,2028,55-59,32555797.692880627
S0,2028,60-64,30380635.002277616
S0,2028,65-69,24232520.801044077
S0,2028,70-74,17794391.816499237
S0,2028,75+,20946375.116572265
S0,2028,0-8,
S0,2028,9-14,
S0,2028,0-17,
S0,2028,18-29,
S0,2028,30-65,
S0,2028,66+,
S0,2028,15-26,
S0,2028,27-45,
S0,2028,46-65,
S0,2029,00-04,52038124.43759727
S0,2029,05-09,53937074.81249851
S0,2029,10-14,57649658.761341475
S0,2029,15-19,58917403.24253849
S0,2029,20-24,59369211.97192308
S0,2029,25-29,60951369.84411052
S0,2029,30-34,58368939.37302673
S0,2029,35-39,57475183.57744646
S0,2029,40-44,52718566.65923107
S0,2029,45-49,46283403.87919098
S0,2029,50-54,38635534.52797897
S0,2029,55-59,33582478.66986595
S0,2029,60-64,30912394.651694346
S0,2029,65-69,24762101.65739531
S0,2029,70-74,18346163.79648124
S0,2029,75+,22130070.577626735
S0,2029,0-8,
S0,2029,9-14,
S0,2029,0-17,
S0,2029,18-29,
S0,2029,30-65,
S0,2029,66+,
S0,2029,15-26,
S0,2029,27-45,
S0,2029,46-65,
S0,2030,00-04,52203954.50377018
S0,2030,05-09,53716824.46849139
S0,2030,10-14,57281375.6968721
S0,2030,15-19,58260751.21858487
S0,2030,20-24,59143791.01785204
S0,2030,25-29,61116463.24001984
S0,2030,30-34,58821337.4608693
S0,2030,35-39,57756242.219037615
S0,2030,40-44,53545096.68922962
S0,2030,45-49,47557083.34943926
S0,2030,50-54,39737771.75934979
S0,2030,55-59,34660005.69890457
S0,2030,60-64,31437704.40442032
S0,2030,65-69,25313044.033107292
S0,2030,70-74,18861843.51723377
S0,2030,75+,23374615.585356694
S0,2030,0-8,
S0,2030,9-14,
S0,2030,0-17,
S0,2030,18-29,
S0,2030,30-65,
S0,2030,66+,
S0,2030,15-26,
S0,2030,27-45,
S0,2030,46-65,
S0,2031,00-04,52352214.784598306
S0,2031,05-09,53727618.24862549
S0,2031,10-14,56575497.00324735
S0,2031,15-19,57775015.07884179
S0,2031,20-24,58974836.44498324
S0,2031,25-29,60930462.29863708
S0,2031,30-34,59377117.59246336
S0,2031,35-39,58047415.25796378
S0,2031,40-44,54268348.537473224
S0,2031,45-49,48717252.044995196
S0,2031,50-54,41013647.53807534
S0,2031,55-59,35694640.88186496
S0,2031,60-64,32014122.50301306
S0,2031,65-69,25832543.349204205
S0,2031,70-74,19389695.50479243
S0,2031,75+,24657850.49350682
S0,2031,0-8,
S0,2031,9-14,
S0,2031,0-17,
S0,2031,18-29,
S0,2031,30-65,
S0,2031,66+,
S0,2031,15-26,
S0,2031,27-45,
S0,2031,46-65,
S0,2032,00-04,52448798.078958735
S0,2032,05-09,53769984.91424137
S0,2032,10-14,55757366.576119326
S0,2032,15-19,57398816.39476541
S0,2032,20-24,58883379.23396635
S0,2032,25-29,60460506.009359345
S0,2032,30-34,60003986.40615228
S0,2032,35-39,58316634.29980776
S0,2032,40-44,54834709.79643093
S0,2032,45-49,49924976.78882526
S0,2032,50-54,42281917.19522725
S0,2032,55-59,36749405.934244275
S0,2032,60-64,32652907.210463647
S0,2032,65-69,26362085.5788597
S0,2032,70-74,19927137.61644557
S0,2032,75+,25970647.330108568
S0,2032,0-8,
S0,2032,9-14,
S0,2032,0-17,
S0,2032,18-29,
S0,2032,30-65,
S0,2032,66+,
S0,2032,15-26,
S0,2032,27-45,
S0,2032,46-65,
S0,2033,00-04,52485693.74178059
S0,2033,05-09,53773819.620727204
S0,2033,10-14,55263850.3070573
S0,2033,15-19,56770624.9421486
S0,2033,20-24,58824913.77742015
S0,2033,25-29,59916799.13186781
S0,2033,30-34,60533064.06887323
S0,2033,35-39,58580913.424129345
S0,2033,40-44,55410311.24635729
S0,2033,45-49,50998670.25763205
S0,2033,50-54,43640267.54437944
S0,2033,55-59,37745886.93647163
S0,2033,60-64,33299901.349262316
S0,2033,65-69,26922275.8132575
S0,2033,70-74,20482591.68804668
S0,2033,75+,27309224.914927017
S0,2033,0-8,
S0,2033,9-14,
S0,2033,0-17,
S0,2033,18-29,
S0,2033,30-65,
S0,2033,66+,
S0,2033,15-26,
S0,2033,27-45,
S0,2033,46-65,
S0,2034,00-04,52475682.30923247
S0,2034,05-09,53735456.47944937
S0,2034,10-14,54673828.163310915
S0,2034,15-19,56388287.78111174
S0,2034,20-24,58607243.15489961
S0,2034,25-29,59481706.39745605
S0,2034,30-34,60863647.15546629
S0,2034,35-39,58883810.16701337
S0,2034,40-44,55889125.38736651
S0,2034,45-49,51989959.518272884
S0,2034,50-54,45049736.64329074
S0,2034,55-59,38706859.67386547
S0,2034,60-64,33981833.584274635
S0,2034,65-69,27525523.55832486
S0,2034,70-74,21063479.021501224
S0,2034,75+,28656388.837461613
S0,2034,0-8,
S0,2034,9-14,
S0,2034,0-17,
S0,2034,18-29,
S0,2034,30-65,
S0,2034,66+,
S0,2034,15-26,
S0,2034,27-45,
S0,2034,46-65,
S0,2035,00-04,52407489.48675966
S0,2035,05-09,53654584.43461354
S0,2035,10-14,54297014.48276179
S0,2035,15-19,56196332.62701337
S0,2035,20-24,57920280.27609056
S0,2035,25-29,59185988.60086951
S0,2035,30-34,61029166.66891251
S0,2035,35-39,59181633.65425542
S0,2035,40-44,56337279.1207227
S0,2035,45-49,52857619.64919901
S0,2035,50-54,46460549.306107596
S0,2035,55-59,39716693.6733871
S0,2035,60-64,34722255.65371262
S0,2035,65-69,28131828.016035575
S0,2035,70-74,21666357.60944314
S0,2035,75+,30013517.987192027
S0,2035,0-8,
S0,2035,9-14,
S0,2035,0-17,
S0,2035,18-29,
S0,2035,30-65,
S0,2035,66+,
S0,2035,15-26,
S0,2035,27-45,
S0,2035,46-65,
S0,2036,00-04,52271748.02728819
S0,2036,05-09,53561917.3032746
S0,2036,10-14,54168813.86570892
S0,2036,15-19,55657248.662988886
S0,2036,20-24,57401722.60322412
S0,2036,25-29,58949901.62262171
S0,2036,30-34,60842916.299052335
S0,2036,35-39,59599740.83223996
S0,2036,40-44,56789505.284535125
S0,2036,45-49,53617969.23436889
S0,2036,50-54,47741553.78330651
S0,2036,55-59,40884151.58700153
S0,2036,60-64,35432517.84900351
S0,2036,65-69,28791709.190878935
S0,2036,70-74,22244895.689912483
S0,2036,75+,31399499.48334111
S0,2036,0-8,
S0,2036,9-14,
S0,2036,0-17,
S0,2036,18-29,
S0,2036,30-65,
S0,2036,66+,
S0,2036,15-26,
S0,2036,27-45,
S0,2036,46-65,
S0,2037,00-04,52077861.5369094
S0,2037,05-09,53425666.95644207
S0,2037,10-14,54087553.80371323
S0,2037,15-19,54989685.21963072
S0,2037,20-24,56989991.84510998
S0,2037,25-29,58794147.06243391
S0,2037,30-34,60370821.150136024
S0,2037,35-39,60106166.57372658
S0,2037,40-44,57212070.66010667
S0,2037,45-49,54217283.70924512
S0,2037,50-54,49046236.00082528
S0,2037,55-59,42028536.58260026
S0,2037,60-64,36183865.67180369
S0,2037,65-69,29516621.738946363
S0,2037,70-74,22834756.47088282
S0,2037,75+,32805962.053315237
S0,2037,0-8,
S0,2037,9-14,
S0,2037,0-17,
S0,2037,18-29,
S0,2037,30-65,
S0,2037,66+,
S0,2037,15-26,
S0,2037,27-45,
S0,2037,46-65,
S0,2038,00-04,51829549.03452267
S0,2038,05-09,53239328.53140758
S0,2038,10-14,53982708.924667165
S0,2038,15-19,54623127.505394444
S0,2038,20-24,56320296.44666589
S0,2038,25-29,58670839.35981829
S0,2038,30-34,59819626.43235926
S0,2038,35-39,60531345.783790275
S0,2038,40-44,57618093.91863221
S0,2038,45-49,54817350.39405523
S0,2038,50-54,50190799.26696816
S0,2038,55-59,43245472.49889191
S0,2038,60-64,36902743.96030676
S0,2038,65-69,30255503.218038965
S0,2038,70-74,23451732.40878153
S0,2038,75+,34232140.50445728
S0,2038,0-8,
S0,2038,9-14,
S0,2038,0-17,
S0,2038,18-29,
S0,2038,30-65,
S0,2038,66+,
S0,2038,15-26,
S0,2038,27-45,
S0,2038,46-65,
S0,2039,00-04,51511142.24269545
S0,2039,05-09,53020426.38088822
S0,2039,10-14,53852951.5729377
S0,2039,15-19,54141916.41873058
S0,2039,20-24,55894026.434538916
S0,2039,25-29,58391074.60128006
S0,2039,30-34,59374152.52131158
S0,2039,35-39,60778833.68576144
S0,2039,40-44,58049911.636095695
S0,2039,45-49,55313928.32813393
S0,2039,50-54,51223816.806556135
S0,2039,55-59,44498119.61199799
S0,2039,60-64,37620338.067294225
S0,2039,65-69,31033452.468786586
S0,2039,70-74,24106854.358645193
S0,2039,75+,35672004.070040025
S0,2039,0-8,
S0,2039,9-14,
S0,2039,0-17,
S0,2039,18-29,
S0,2039,30-65,
S0,2039,66+,
S0,2039,15-26,
S0,2039,27-45,
S0,2039,46-65,
S0,2040,00-04,51130433.22829175
S0,2040,05-09,52760201.59547345
S0,2040,10-14,53699102.38109493
S0,2040,15-19,53852976.23476429
S0,2040,20-24,55656407.661528654
S0,2040,25-29,57646687.61805087
S0,2040,30-34,59065414.74963806
S0,2040,35-39,60884132.71537413
S0,2040,40-44,58463072.034323946
S0,2040,45-49,55772159.77853444
S0,2040,50-54,52102155.13168327
S0,2040,55-59,45739080.58298389
S0,2040,60-64,38424794.338838086
S0,2040,65-69,31870109.677744012
S0,2040,70-74,24763177.41240159
S0,2040,75+,37124399.19117326
S0,2040,0-8,
S0,2040,9-14,
S0,2040,0-17,
S0,2040,18-29,
S0,2040,30-65,
S0,2040,66+,
S0,2040,15-26,
S0,2040,27-45,
S0,2040,46-65,
S0,2041,00-04,50707873.000000015
S0,2041,05-09,52451488.00000001
S0,2041,10-14,53552428.0
S0,2041,15-19,53791367.0
S0,2041,20-24,55069565.99999999
S0,2041,25-29,57075456.0
S0,2041,30-34,58813062.00000001
S0,2041,35-39,60662089.00000001
S0,2041,40-44,58979694.0
S0,2041,45-49,56225788.0
S0,2041,50-54,52839400.0
S0,2041,55-59,46841440.0
S0,2041,60-64,39425518.0
S0,2041,65-69,32683095.000000004
S0,2041,70-74,25464498.0
S0,2041,75+,38569027.0
S0,2041,0-8,
S0,2041,9-14,
S0,2041,0-17,
S0,2041,18-29,
S0,2041,30-65,
S0,2041,66+,
S0,2041,15-26,
S0,2041,27-45,
S0,2041,46-65,
S0,2042,00-04,50252984.0
S0,2042,05-09,52110975.0
S0,2042,10-14,53376269.99999999
S0,2042,15-19,53761944.99999999
S0,2042,20-24,54360250.0
S0,2042,25-29,56620052.0
S0,2042,30-34,58641920.0
S0,2042,35-39,60170344.0
S0,2042,40-44,59568262.999999985
S0,2042,45-49,56646369.000000015
S0,2042,50-54,53404038.0
S0,2042,55-59,47975371.0
S0,2042,60-64,40436934.0
S0,2042,65-69,33528516.000000007
S0,2042,70-74,26218092.000000004
S0,2042,75+,40032132.0
S0,2042,0-8,
S0,2042,9-14,
S0,2042,0-17,
S0,2042,18-29,
S0,2042,30-65,
S0,2042,66+,
S0,2042,15-26,
S0,2042,27-45,
S0,2042,46-65,
S0,2043,00-04,49790121.0
S0,2043,05-09,51749862.0
S0,2043,10-14,53159530.0
S0,2043,15-19,53698736.0
S0,2043,20-24,53962027.0
S0,2043,25-29,55919312.999999985
S0,2043,30-34,58508984.0
S0,2043,35-39,59606843.0
S0,2043,40-44,60061131.0
S0,2043,45-49,57052561.0
S0,2043,50-54,53977525.0
S0,2043,55-59,48981640.0
S0,2043,60-64,41539365.0
S0,2043,65-69,34325772.0
S0,2043,70-74,26976312.0
S0,2043,75+,41538320.0
S0,2043,0-8,
S0,2043,9-14,
S0,2043,0-17,
S0,2043,18-29,
S0,2043,30-65,
S0,2043,66+,
S0,2043,15-26,
S0,2043,27-45,
S0,2043,46-65,
S0,2044,00-04,49333843.99999999
S0,2044,05-09,51352003.99999999
S0,2044,10-14,52919170.99999999
S0,2044,15-19,53599047.99999999
S0,2044,20-24,53457803.0
S0,2044,25-29,55470759.99999999
S0,2044,30-34,58223807.0
S0,2044,35-39,59154114.0
S0,2044,40-44,60360057.0
S0,2044,45-49,57485524.0
S0,2044,50-54,54457477.0
S0,2044,55-59,49912681.0
S0,2044,60-64,42699979.99999999
S0,2044,65-69,35101546.00000001
S0,2044,70-74,27759595.0
S0,2044,75+,43090969.99999999
S0,2044,0-8,
S0,2044,9-14,
S0,2044,0-17,
S0,2044,18-29,
S0,2044,30-65,
S0,2044,66+,
S0,2044,15-26,
S0,2044,27-45,
S0,2044,46-65,
S0,2045,00-04,48887857.0
S0,2045,05-09,50926117.0
S0,2045,10-14,52646996.99999999
S0,2045,15-19,53464513.99999999
S0,2045,20-24,53156292.0
S0,2045,25-29,55221600.0
S0,2045,30-34,57480529.00000002
S0,2045,35-39,58843659.0
S0,2045,40-44,60499602.0
S0,2045,45-49,57901772.0
S0,2045,50-54,54909124.0
S0,2045,55-59,50730959.0
S0,2045,60-64,43877410.99999999
S0,2045,65-69,35936793.99999999
S0,2045,70-74,28582874.0
S0,2045,75+,44658504.99999999
S0,2045,0-8,
S0,2045,9-14,
S0,2045,0-17,
S0,2045,18-29,
S0,2045,30-65,
S0,2045,66+,
S0,2045,15-26,
S0,2045,27-45,
S0,2045,46-65,
S0,2046,00-04,48427590.99999999
S0,2046,05-09,50492892.0
S0,2046,10-14,52336182.0
S0,2046,15-19,53326185.99999999
S0,2046,20-24,53092187.0
S0,2046,25-29,54636234.0
S0,2046,30-34,56915451.0
S0,2046,35-39,58595846.99999999
S0,2046,40-44,60295611.0
S0,2046,45-49,58422542.0
S0,2046,50-54,55365697.0
S0,2046,55-59,51451831.0
S0,2046,60-64,44952478.99999999
S0,2046,65-69,36930683.00000001
S0,2046,70-74,29369520.0
S0,2046,75+,46261336.99999999
S0,2046,0-8,
S0,2046,9-14,
S0,2046,0-17,
S0,2046,18-29,
S0,2046,30-65,
S0,2046,66+,
S0,2046,15-26,
S0,2046,27-45,
S0,2046,46-65,
S0,2047,00-04,47982925.0
S0,2047,05-09,50042714.0
S0,2047,10-14,51997282.99999999
S0,2047,15-19,53151744.0
S0,2047,20-24,53063313.0
S0,2047,25-29,53931356.0
S0,2047,30-34,56465421.0
S0,2047,35-39,58430032.0
S0,2047,40-44,59813297.99999999
S0,2047,45-49,59014944.0
S0,2047,50-54,55794394.0
S0,2047,55-59,52026356.99999999
S0,2047,60-64,46074931.0
S0,2047,65-69,37922985.0
S0,2047,70-74,30180936.0
S0,2047,75+,47930552.99999999
S0,2047,0-8,
S0,2047,9-14,
S0,2047,0-17,
S0,2047,18-29,
S0,2047,30-65,
S0,2047,66+,
S0,2047,15-26,
S0,2047,27-45,
S0,2047,46-65,
S0,2048,00-04,47550079.99999999
S0,2048,05-09,49584369.0
S0,2048,10-14,51637751.00000001
S0,2048,15-19,52936753.0
S0,2048,20-24,53000911.0
S0,2048,25-29,53536693.0
S0,2048,30-34,55770931.0
S0,2048,35-39,58302185.0
S0,2048,40-44,59259682.0
S0,2048,45-49,59512322.0
S0,2048,50-54,56208852.99999999
S0,2048,55-59,52609073.0
S0,2048,60-64,47074373.999999985
S0,2048,65-69,39000197.0
S0,2048,70-74,30949022.000000004
S0,2048,75+,49639276.0
S0,2048,0-8,
S0,2048,9-14,
S0,2048,0-17,
S0,2048,18-29,
S0,2048,30-65,
S0,2048,66+,
S0,2048,15-26,
S0,2048,27-45,
S0,2048,46-65,
S0,2049,00-04,47132883.0
S0,2049,05-09,49133102.0
S0,2049,10-14,51241920.0
S0,2049,15-19,52698291.0
S0,2049,20-24,52902080.0
S0,2049,25-29,53037049.99999999
S0,2049,30-34,55328957.0
S0,2049,35-39,58023664.0
S0,2049,40-44,58816736.0
S0,2049,45-49,59817679.0
S0,2049,50-54,56649877.0
S0,2049,55-59,53100903.0
S0,2049,60-64,48002321.0
S0,2049,65-69,40132757.0
S0,2049,70-74,31700154.000000004
S0,2049,75+,51410764.0
S0,2049,0-8,
S0,2049,9-14,
S0,2049,0-17,
S0,2049,18-29,
S0,2049,30-65,
S0,2049,66+,
S0,2049,15-26,
S0,2049,27-45,
S0,2049,46-65,
S0,2050,00-04,46736738.0
S0,2050,05-09,48690798.0
S0,2050,10-14,50817390.99999999
S0,2050,15-19,52427668.0
S0,2050,20-24,52767834.0
S0,2050,25-29,52737856.0
S0,2050,30-34,55083778.0
S0,2050,35-39,57287802.0
S0,2050,40-44,58514546.0
S0,2050,45-49,59964527.0
S0,2050,50-54,57074280.000000015
S0,2050,55-59,53565301.0
S0,2050,60-64,48822511.0
S0,2050,65-69,41282675.99999999
S0,2050,70-74,32507881.999999996
S0,2050,75+,53227964.0
S0,2050,0-8,
S0,2050,9-14,
S0,2050,0-17,
S0,2050,18-29,
S0,2050,30-65,
S0,2050,66+,
S0,2050,15-26,
S0,2050,27-45,
S0,2050,46-65,
S0,2051,00-04,46372509.00000001
S0,2051,05-09,48233969.0
S0,2051,10-14,50385476.0
S0,2051,15-19,52118852.99999999
S0,2051,20-24,52631093.0
S0,2051,25-29,52676221.0
S0,2051,30-34,54503595.0
S0,2051,35-39,56729371.0
S0,2051,40-44,58274408.0
S0,2051,45-49,59771007.99999999
S0,2051,50-54,57602098.0
S0,2051,55-59,54034457.0
S0,2051,60-64,49549095.000000015
S0,2051,65-69,42338059.0
S0,2051,70-74,33461386.000000007
S0,2051,75+,55043322.0
S0,2051,0-8,
S0,2051,9-14,
S0,2051,0-17,
S0,2051,18-29,
S0,2051,30-65,
S0,2051,66+,
S0,2051,15-26,
S0,2051,27-45,
S0,2051,46-65,
S0,2052,00-04,46031103.0
S0,2052,05-09,47792830.0
S0,2052,10-14,49936777.0
S0,2052,15-19,51781850.0
S0,2052,20-24,52458149.00000001
S0,2052,25-29,52649954.00000001
S0,2052,30-34,53804773.0
S0,2052,35-39,56285857.0
S0,2052,40-44,58115748.0
S0,2052,45-49,59301829.99999999
S0,2052,50-54,58200705.0
S0,2052,55-59,54476501.99999999
S0,2052,60-64,50135904.0
S0,2052,65-69,43439857.0
S0,2052,70-74,34416018.0
S0,2052,75+,56939293.0
S0,2052,0-8,
S0,2052,9-14,
S0,2052,0-17,
S0,2052,18-29,
S0,2052,30-65,
S0,2052,66+,
S0,2052,15-26,
S0,2052,27-45,
S0,2052,46-65,
S0,2053,00-04,45712139.99999999
S0,2053,05-09,47363796.0
S0,2053,10-14,49480145.0
S0,2053,15-19,51424561.00000001
S0,2053,20-24,52245697.0
S0,2053,25-29,52591355.0
S0,2053,30-34,53415712.0
S0,2053,35-39,55599159.0
S0,2053,40-44,57994903.0
S0,2053,45-49,58762072.0
S0,2053,50-54,58705294.0
S0,2053,55-59,54904787.99999999
S0,2053,60-64,50730587.0
S0,2053,65-69,44425529.0
S0,2053,70-74,35448029.0
S0,2053,75+,58832920.0
S0,2053,0-8,
S0,2053,9-14,
S0,2053,0-17,
S0,2053,18-29,
S0,2053,30-65,
S0,2053,66+,
S0,2053,15-26,
S0,2053,27-45,
S0,2053,46-65,
S0,2054,00-04,45414554.0
S0,2054,05-09,46951508.0
S0,2054,10-14,49031362.0
S0,2054,15-19,51031743.0
S0,2054,20-24,52011441.0
S0,2054,25-29,52498906.0
S0,2054,30-34,52924233.0
S0,2054,35-39,55165354.99999999
S0,2054,40-44,57724981.0
S0,2054,45-49,58332492.99999999
S0,2054,50-54,59020196.0
S0,2054,55-59,55359063.0
S0,2054,60-64,51237886.99999999
S0,2054,65-69,45344754.0
S0,2054,70-74,36531253.0
S0,2054,75+,60764671.0
S0,2054,0-8,
S0,2054,9-14,
S0,2054,0-17,
S0,2054,18-29,
S0,2054,30-65,
S0,2054,66+,
S0,2054,15-26,
S0,2054,27-45,
S0,2054,46-65,
S0,2055,00-04,45112245.00000001
S0,2055,05-09,46559285.0
S0,2055,10-14,48590968.0
S0,2055,15-19,50609238.0
S0,2055,20-24,51742793.999999985
S0,2055,25-29,52368643.0
S0,2055,30-34,52630956.99999999
S0,2055,35-39,54926205.0
S0,2055,40-44,56999335.0
S0,2055,45-49,58041890.99999999
S0,2055,50-54,59177669.99999999
S0,2055,55-59,55796502.0
S0,2055,60-64,51718448.0
S0,2055,65-69,46162949.0
S0,2055,70-74,37632204.00000001
S0,2055,75+,62785839.0
S0,2055,0-8,
S0,2055,9-14,
S0,2055,0-17,
S0,2055,18-29,
S0,2055,30-65,
S0,2055,66+,
S0,2055,15-26,
S0,2055,27-45,
S0,2055,46-65,
S0,2056,00-04,44825156.0
S0,2056,05-09,46198378.0
S0,2056,10-14,48135759.99999999
S0,2056,15-19,50179513.0
S0,2056,20-24,51436557.0
S0,2056,25-29,52235690.99999999
S0,2056,30-34,52573619.0
S0,2056,35-39,54352704.99999999
S0,2056,40-44,56449759.0
S0,2056,45-49,57812098.99999999
S0,2056,50-54,58998946.0
S0,2056,55-59,56335277.0
S0,2056,60-64,52203398.0
S0,2056,65-69,46892818.0
S0,2056,70-74,38649710.99999999
S0,2056,75+,64935390.99999999
S0,2056,0-8,
S0,2056,9-14,
S0,2056,0-17,
S0,2056,18-29,
S0,2056,30-65,
S0,2056,66+,
S0,2056,15-26,
S0,2056,27-45,
S0,2056,46-65,
S0,2057,00-04,44556749.99999999
S0,2057,05-09,45859501.00000001
S0,2057,10-14,47695745.0
S0,2057,15-19,49732121.0
S0,2057,20-24,51100009.0
S0,2057,25-29,52064268.0
S0,2057,30-34,52550166.0
S0,2057,35-39,53660278.0
S0,2057,40-44,56013959.0
S0,2057,45-49,57662339.0
S0,2057,50-54,58547937.0
S0,2057,55-59,56942991.0
S0,2057,60-64,52661913.0
S0,2057,65-69,47492179.0
S0,2057,70-74,39712136.99999999
S0,2057,75+,67155784.0
S0,2057,0-8,
S0,2057,9-14,
S0,2057,0-17,
S0,2057,18-29,
S0,2057,30-65,
S0,2057,66+,
S0,2057,15-26,
S0,2057,27-45,
S0,2057,46-65,
S0,2058,00-04,44307752.0
S0,2058,05-09,45543133.0
S0,2058,10-14,47267949.0
S0,2058,15-19,49277501.99999999
S0,2058,20-24,50744862.0
S0,2058,25-29,51854655.0
S0,2058,30-34,52494839.0
S0,2058,35-39,53276424.99999999
S0,2058,40-44,55336146.0
S0,2058,45-49,57549854.0
S0,2058,50-54,58027185.0
S0,2058,55-59,57457944.0
S0,2058,60-64,53107199.0
S0,2058,65-69,48098886.0
S0,2058,70-74,40668341.0
S0,2058,75+,69439387.0
S0,2058,0-8,
S0,2058,9-14,
S0,2058,0-17,
S0,2058,18-29,
S0,2058,30-65,
S0,2058,66+,
S0,2058,15-26,
S0,2058,27-45,
S0,2058,46-65,
S0,2059,00-04,44056960.0
S0,2059,05-09,45246863.0
S0,2059,10-14,46856130.99999999
S0,2059,15-19,48830111.0
S0,2059,20-24,50353465.0
S0,2059,25-29,51621651.0
S0,2059,30-34,52403798.0
S0,2059,35-39,52789260.0
S0,2059,40-44,54909019.0
S0,2059,45-49,57288639.99999999
S0,2059,50-54,57614719.00000001
S0,2059,55-59,57785990.00000001
S0,2059,60-64,53577289.0
S0,2059,65-69,48623132.999999985
S0,2059,70-74,41565669.0
S0,2059,75+,71803173.0
S0,2059,0-8,
S0,2059,9-14,
S0,2059,0-17,
S0,2059,18-29,
S0,2059,30-65,
S0,2059,66+,
S0,2059,15-26,
S0,2059,27-45,
S0,2059,46-65,
S0,2060,00-04,43817831.00000001
S0,2060,05-09,44947658.0
S0,2060,10-14,46465530.99999999
S0,2060,15-19,48392078.000000015
S0,2060,20-24,49934500.0
S0,2060,25-29,51357742.0
S0,2060,30-34,52278280.0
S0,2060,35-39,52501643.99999999
S0,2060,40-44,54676361.0
S0,2060,45-49,56575789.0
S0,2060,50-54,57340318.0
S0,2060,55-59,57959897.000000015
S0,2060,60-64,54031673.0
S0,2060,65-69,49123185.0
S0,2060,70-74,42372837.99999999
S0,2060,75+,74258586.0
S0,2060,0-8,
S0,2060,9-14,
S0,2060,0-17,
S0,2060,18-29,
S0,2060,30-65,
S0,2060,66+,
S0,2060,15-26,
S0,2060,27-45,
S0,2060,46-65,
S0,2061,00-04,43573657.00000001
S0,2061,05-09,44662467.99999999
S0,2061,10-14,46105470.0
S0,2061,15-19,47938483.0
S0,2061,20-24,49507084.0
S0,2061,25-29,51054341.0
S0,2061,30-34,52148055.0
S0,2061,35-39,52447533.0
S0,2061,40-44,54110059.0
S0,2061,45-49,56037157.99999999
S0,2061,50-54,57124884.0
S0,2061,55-59,57804050.00000001
S0,2061,60-64,54584388.00000002
S0,2061,65-69,49626985.0
S0,2061,70-74,43098860.0
S0,2061,75+,76748338.0
S0,2061,0-8,
S0,2061,9-14,
S0,2061,0-17,
S0,2061,18-29,
S0,2061,30-65,
S0,2061,66+,
S0,2061,15-26,
S0,2061,27-45,
S0,2061,46-65,
S0,2062,00-04,43300422.00000001
S0,2062,05-09,44396634.0
S0,2062,10-14,45767873.99999999
S0,2062,15-19,47499905.0
S0,2062,20-24,49061148.0
S0,2062,25-29,50720722.0
S0,2062,30-34,51980615.0
S0,2062,35-39,52428054.0
S0,2062,40-44,53426098.0
S0,2062,45-49,55611917.0
S0,2062,50-54,56988210.000000015
S0,2062,55-59,57381790.0
S0,2062,60-64,55204160.0
S0,2062,65-69,50105959.0
S0,2062,70-74,43707780.0
S0,2062,75+,79334255.0
S0,2062,0-8,
S0,2062,9-14,
S0,2062,0-17,
S0,2062,18-29,
S0,2062,30-65,
S0,2062,66+,
S0,2062,15-26,
S0,2062,27-45,
S0,2062,46-65,
S0,2063,00-04,43025977.999999985
S0,2063,05-09,44148930.0
S0,2063,10-14,45451988.0
S0,2063,15-19,47073224.0
S0,2063,20-24,48607507.0
S0,2063,25-29,50366736.99999999
S0,2063,30-34,51772890.0
S0,2063,35-39,52375274.0
S0,2063,40-44,53047977.0
S0,2063,45-49,54945433.0
S0,2063,50-54,56887390.0
S0,2063,55-59,56890563.0
S0,2063,60-64,55732769.0
S0,2063,65-69,50571916.0
S0,2063,70-74,44322475.0
S0,2063,75+,81873578.0
S0,2063,0-8,
S0,2063,9-14,
S0,2063,0-17,
S0,2063,18-29,
S0,2063,30-65,
S0,2063,66+,
S0,2063,15-26,
S0,2063,27-45,
S0,2063,46-65,
S0,2064,00-04,42746574.0
S0,2064,05-09,43900187.0
S0,2064,10-14,45156703.0
S0,2064,15-19,46663277.00000001
S0,2064,20-24,48162848.0
S0,2064,25-29,49978595.0
S0,2064,30-34,51543231.0
S0,2064,35-39,52287783.99999999
S0,2064,40-44,52567792.0
S0,2064,45-49,54528270.0
S0,2064,50-54,56639459.0
S0,2064,55-59,56505580.0
S0,2064,60-64,56079197.0
S0,2064,65-69,51061460.0
S0,2064,70-74,44861935.0
S0,2064,75+,84424121.0
S0,2064,0-8,
S0,2064,9-14,
S0,2064,0-17,
S0,2064,18-29,
S0,2064,30-65,
S0,2064,66+,
S0,2064,15-26,
S0,2064,27-45,
S0,2064,46-65,
S0,2065,00-04,42467854.0
S0,2065,05-09,43661858.0
S0,2065,10-14,44857676.0
S0,2065,15-19,46273663.0
S0,2065,20-24,47726097.0
S0,2065,25-29,49560710.99999999
S0,2065,30-34,51280526.0
S0,2065,35-39,52164419.99999999
S0,2065,40-44,52285118.0
S0,2065,45-49,54302729.0
S0,2065,50-54,55944041.0
S0,2065,55-59,56255927.0
S0,2065,60-64,56275220.0
S0,2065,65-69,51536346.99999999
S0,2065,70-74,45380449.0
S0,2065,75+,86971715.99999999
S0,2065,0-8,
S0,2065,9-14,
S0,2065,0-17,
S0,2065,18-29,
S0,2065,30-65,
S0,2065,66+,
S0,2065,15-26,
S0,2065,27-45,
S0,2065,46-65,
S0,2066,00-04,42176488.0
S0,2066,05-09,43418326.99999999
S0,2066,10-14,44572546.99999999
S0,2066,15-19,45914299.99999999
S0,2066,20-24,47273383.0
S0,2066,25-29,49133961.0
S0,2066,30-34,50978133.0
S0,2066,35-39,52036118.0
S0,2066,40-44,52234411.99999999
S0,2066,45-49,53745574.0
S0,2066,50-54,55420916.0
S0,2066,55-59,56062792.0
S0,2066,60-64,56150530.0
S0,2066,65-69,52105566.000000015
S0,2066,70-74,45901793.0
S0,2066,75+,89465454.0
S0,2066,0-8,
S0,2066,9-14,
S0,2066,0-17,
S0,2066,18-29,
S0,2066,30-65,
S0,2066,66+,
S0,2066,15-26,
S0,2066,27-45,
S0,2066,46-65,
S0,2067,00-04,41891685.0
S0,2067,05-09,43148239.0
S0,2067,10-14,44308412.99999999
S0,2067,15-19,45579186.99999999
S0,2067,20-24,46839386.999999985
S0,2067,25-29,48693957.0
S0,2067,30-34,50650103.99999999
S0,2067,35-39,51873710.0
S0,2067,40-44,52220045.99999999
S0,2067,45-49,53073111.99999999
S0,2067,50-54,55011251.0
S0,2067,55-59,55947035.0
S0,2067,60-64,55768090.0
S0,2067,65-69,52740117.99999999
S0,2067,70-74,46401827.0
S0,2067,75+,91939000.0
S0,2067,0-8,
S0,2067,9-14,
S0,2067,0-17,
S0,2067,18-29,
S0,2067,30-65,
S0,2067,66+,
S0,2067,15-26,
S0,2067,27-45,
S0,2067,46-65,
S0,2068,00-04,41584922.0
S0,2068,05-09,42876285.0
S0,2068,10-14,44061971.0
S0,2068,15-19,45265053.00000001
S0,2068,20-24,46415880.0
S0,2068,25-29,48244602.0
S0,2068,30-34,50300516.0
S0,2068,35-39,51670323.99999999
S0,2068,40-44,52171964.0
S0,2068,45-49,52703695.0
S0,2068,50-54,54362058.0
S0,2068,55-59,55865402.0
S0,2068,60-64,55317897.0
S0,2068,65-69,53285712.0
S0,2068,70-74,46889497.0
S0,2068,75+,94370534.00000001
S0,2068,0-8,
S0,2068,9-14,
S0,2068,0-17,
S0,2068,18-29,
S0,2068,30-65,
S0,2068,66+,
S0,2068,15-26,
S0,2068,27-45,
S0,2068,46-65,
S0,2069,00-04,41268348.0
S0,2069,05-09,42597902.0
S0,2069,10-14,43813530.0
S0,2069,15-19,44970591.0
S0,2069,20-24,46007411.0
S0,2069,25-29,47801446.0
S0,2069,30-34,49914170.99999999
S0,2069,35-39,51443219.0
S0,2069,40-44,52088107.0
S0,2069,45-49,52232367.00000001
S0,2069,50-54,53959106.0
S0,2069,55-59,55638187.000000015
S0,2069,60-64,54970255.0
S0,2069,65-69,53654867.99999999
S0,2069,70-74,47398414.0
S0,2069,75+,96738663.99999999
S0,2069,0-8,
S0,2069,9-14,
S0,2069,0-17,
S0,2069,18-29,
S0,2069,30-65,
S0,2069,66+,
S0,2069,15-26,
S0,2069,27-45,
S0,2069,46-65,
S0,2070,00-04,40929280.0
S0,2070,05-09,42321035.0
S0,2070,10-14,43576068.0
S0,2070,15-19,44672958.0
S0,2070,20-24,45620318.0
S0,2070,25-29,47367775.0
S0,2070,30-34,49499661.0
S0,2070,35-39,51184172.0
S0,2070,40-44,51969161.0
S0,2070,45-49,51957489.0
S0,2070,50-54,53744640.99999999
S0,2070,55-59,54970598.0
S0,2070,60-64,54754547.0
S0,2070,65-69,53879223.0
S0,2070,70-74,47894498.0
S0,2070,75+,99083435.0
S0,2070,0-8,
S0,2070,9-14,
S0,2070,0-17,
S0,2070,18-29,
S0,2070,30-65,
S0,2070,66+,
S0,2070,15-26,
S0,2070,27-45,
S0,2070,46-65,
S0,2071,00-04,40589629.0
S0,2071,05-09,42031902.99999999
S0,2071,10-14,43333632.99999999
S0,2071,15-19,44389258.0
S0,2071,20-24,45263282.99999999
S0,2071,25-29,46918289.000000015
S0,2071,30-34,49076812.00000001
S0,2071,35-39,50885949.0
S0,2071,40-44,51845499.99999999
S0,2071,45-49,51912816.0
S0,2071,50-54,53201765.99999999
S0,2071,55-59,54472648.0
S0,2071,60-64,54592425.0
S0,2071,65-69,53796136.999999985
S0,2071,70-74,48479500.0
S0,2071,75+,101383269.0
S0,2071,0-8,
S0,2071,9-14,
S0,2071,0-17,
S0,2071,18-29,
S0,2071,30-65,
S0,2071,66+,
S0,2071,15-26,
S0,2071,27-45,
S0,2071,46-65,
S0,2072,00-04,40249243.0
S0,2072,05-09,41747615.99999999
S0,2072,10-14,43063578.0
S0,2072,15-19,44125950.99999999
S0,2072,20-24,44929738.99999999
S0,2072,25-29,46485155.0
S0,2072,30-34,48637734.0
S0,2072,35-39,50560024.0
S0,2072,40-44,51686488.0
S0,2072,45-49,51903247.0
S0,2072,50-54,52544531.0
S0,2072,55-59,54086159.0
S0,2072,60-64,54504256.0
S0,2072,65-69,53466433.000000015
S0,2072,70-74,49125558.0
S0,2072,75+,103643355.0
S0,2072,0-8,
S0,2072,9-14,
S0,2072,0-17,
S0,2072,18-29,
S0,2072,30-65,
S0,2072,66+,
S0,2072,15-26,
S0,2072,27-45,
S0,2072,46-65,
S0,2073,00-04,39902465.0
S0,2073,05-09,41441989.0
S0,2073,10-14,42792043.99999999
S0,2073,15-19,43880583.99999999
S0,2073,20-24,44617787.0
S0,2073,25-29,46063609.0
S0,2073,30-34,48190357.0
S0,2073,35-39,50213251.0
S0,2073,40-44,51487039.0
S0,2073,45-49,51860380.0
S0,2073,50-54,52186943.99999999
S0,2073,55-59,53463222.0
S0,2073,60-64,54448437.0
S0,2073,65-69,53071561.99999999
S0,2073,70-74,49686744.0
S0,2073,75+,105856353.0
S0,2073,0-8,
S0,2073,9-14,
S0,2073,0-17,
S0,2073,18-29,
S0,2073,30-65,
S0,2073,66+,
S0,2073,15-26,
S0,2073,27-45,
S0,2073,46-65,
S0,2074,00-04,39561293.0
S0,2074,05-09,41127508.0
S0,2074,10-14,42514727.99999999
S0,2074,15-19,43633816.99999999
S0,2074,20-24,44326766.99999999
S0,2074,25-29,45658996.0
S0,2074,30-34,47750880.99999999
S0,2074,35-39,49830955.0
S0,2074,40-44,51264676.0
S0,2074,45-49,51782427.0
S0,2074,50-54,51729411.0
S0,2074,55-59,53083145.0
S0,2074,60-64,54250496.99999999
S0,2074,65-69,52775750.0
S0,2074,70-74,50082160.99999999
S0,2074,75+,108047315.0
S0,2074,0-8,
S0,2074,9-14,
S0,2074,0-17,
S0,2074,18-29,
S0,2074,30-65,
S0,2074,66+,
S0,2074,15-26,
S0,2074,27-45,
S0,2074,46-65,
S0,2075,00-04,39231300.0
S0,2075,05-09,40790217.00000001
S0,2075,10-14,42238711.99999999
S0,2075,15-19,43397782.99999999
S0,2075,20-24,44032285.99999999
S0,2075,25-29,45275185.00000001
S0,2075,30-34,47320233.0
S0,2075,35-39,49420090.0
S0,2075,40-44,51010130.0
S0,2075,45-49,51669306.0
S0,2075,50-54,51465919.0
S0,2075,55-59,52886176.99999999
S0,2075,60-64,53621565.0
S0,2075,65-69,52606766.0
S0,2075,70-74,50340647.99999999
S0,2075,75+,110208484.0
S0,2075,0-8,
S0,2075,9-14,
S0,2075,0-17,
S0,2075,18-29,
S0,2075,30-65,
S0,2075,66+,
S0,2075,15-26,
S0,2075,27-45,
S0,2075,46-65,
S0,2076,00-04,38894316.0
S0,2076,05-09,40452545.00000001
S0,2076,10-14,41950571.0
S0,2076,15-19,43156734.0
S0,2076,20-24,43751550.0
S0,2076,25-29,44921422.99999999
S0,2076,30-34,46874093.0
S0,2076,35-39,49001102.0
S0,2076,40-44,50716647.0
S0,2076,45-49,51551479.99999999
S0,2076,50-54,51429776.99999999
S0,2076,55-59,52365516.000000015
S0,2076,60-64,53158298.0
S0,2076,65-69,52487143.0
S0,2076,70-74,50311889.99999999
S0,2076,75+,112421248.0
S0,2076,0-8,
S0,2076,9-14,
S0,2076,0-17,
S0,2076,18-29,
S0,2076,30-65,
S0,2076,66+,
S0,2076,15-26,
S0,2076,27-45,
S0,2076,46-65,
S0,2077,00-04,38560301.0
S0,2077,05-09,40114231.0
S0,2077,10-14,41667360.0
S0,2077,15-19,42888344.99999999
S0,2077,20-24,43491831.99999999
S0,2077,25-29,44591650.0
S0,2077,30-34,46444478.0
S0,2077,35-39,48566001.0
S0,2077,40-44,50395569.0
S0,2077,45-49,51398458.99999999
S0,2077,50-54,51428176.00000001
S0,2077,55-59,51732705.0
S0,2077,60-64,52804031.99999999
S0,2077,65-69,52436882.0
S0,2077,70-74,50053521.0
S0,2077,75+,114665218.0
S0,2077,0-8,
S0,2077,9-14,
S0,2077,0-17,
S0,2077,18-29,
S0,2077,30-65,
S0,2077,66+,
S0,2077,15-26,
S0,2077,27-45,
S0,2077,46-65,
S0,2078,00-04,38245765.0
S0,2078,05-09,39769472.0
S0,2078,10-14,41362782.000000015
S0,2078,15-19,42618333.99999999
S0,2078,20-24,43249718.99999999
S0,2078,25-29,44283106.0
S0,2078,30-34,46026236.99999999
S0,2078,35-39,48122483.0
S0,2078,40-44,50053579.0
S0,2078,45-49,51205087.0
S0,2078,50-54,51393447.0
S0,2078,55-59,51394203.0
S0,2078,60-64,52217741.0
S0,2078,65-69,52416386.0
S0,2078,70-74,49734334.0
S0,2078,75+,116800846.0
S0,2078,0-8,
S0,2078,9-14,
S0,2078,0-17,
S0,2078,18-29,
S0,2078,30-65,
S0,2078,66+,
S0,2078,15-26,
S0,2078,27-45,
S0,2078,46-65,
S0,2079,00-04,37931368.00000001
S0,2079,05-09,39430499.0
S0,2079,10-14,41049513.00000001
S0,2079,15-19,42342973.0
S0,2079,20-24,43007375.0
S0,2079,25-29,43996522.0
S0,2079,30-34,45625311.0
S0,2079,35-39,47687007.0
S0,2079,40-44,49676247.0
S0,2079,45-49,50988886.0
S0,2079,50-54,51323828.0
S0,2079,55-59,50957770.0
S0,2079,60-64,51868570.99999999
S0,2079,65-69,52257418.0
S0,2079,70-74,49507222.0
S0,2079,75+,118764292.0
S0,2079,0-8,
S0,2079,9-14,
S0,2079,0-17,
S0,2079,18-29,
S0,2079,30-65,
S0,2079,66+,
S0,2079,15-26,
S0,2079,27-45,
S0,2079,46-65,
S0,2080,00-04,37621132.0
S0,2080,05-09,39102449.0
S0,2080,10-14,40713288.99999999
S0,2080,15-19,42068509.99999999
S0,2080,20-24,42774972.0
S0,2080,25-29,43705736.00000001
S0,2080,30-34,45244688.0
S0,2080,35-39,47260026.0
S0,2080,40-44,49270225.99999999
S0,2080,45-49,50740518.99999999
S0,2080,50-54,51219246.0
S0,2080,55-59,50712033.0
S0,2080,60-64,51695802.0
S0,2080,65-69,51681554.0
S0,2080,70-74,49400555.0
S0,2080,75+,120596384.0
S0,2080,0-8,
S0,2080,9-14,
S0,2080,0-17,
S0,2080,18-29,
S0,2080,30-65,
S0,2080,66+,
S0,2080,15-26,
S0,2080,27-45,
S0,2080,46-65,
S0,2081,00-04,37329303.0
S0,2081,05-09,38767539.00000001
S0,2081,10-14,40376753.99999999
S0,2081,15-19,41781841.0
S0,2081,20-24,42537207.99999999
S0,2081,25-29,43428467.99999999
S0,2081,30-34,44894178.0
S0,2081,35-39,46817698.0
S0,2081,40-44,48856142.0
S0,2081,45-49,50453410.999999985
S0,2081,50-54,51109916.0
S0,2081,55-59,50689383.99999999
S0,2081,60-64,51206065.0
S0,2081,65-69,51266257.0
S0,2081,70-74,49337475.0
S0,2081,75+,122224244.0
S0,2081,0-8,
S0,2081,9-14,
S0,2081,0-17,
S0,2081,18-29,
S0,2081,30-65,
S0,2081,66+,
S0,2081,15-26,
S0,2081,27-45,
S0,2081,46-65,
S0,2082,00-04,37031873.00000001
S0,2082,05-09,38435458.99999999
S0,2082,10-14,40039510.00000001
S0,2082,15-19,41500291.0
S0,2082,20-24,42272638.99999999
S0,2082,25-29,43172332.99999999
S0,2082,30-34,44567384.0
S0,2082,35-39,46391643.0
S0,2082,40-44,48425853.99999999
S0,2082,45-49,50138750.99999999
S0,2082,50-54,50965630.0
S0,2082,55-59,50700586.0
S0,2082,60-64,50607379.99999999
S0,2082,65-69,50957509.0
S0,2082,70-74,49338167.0
S0,2082,75+,123689999.0
S0,2082,0-8,
S0,2082,9-14,
S0,2082,0-17,
S0,2082,18-29,
S0,2082,30-65,
S0,2082,66+,
S0,2082,15-26,
S0,2082,27-45,
S0,2082,46-65,
S0,2083,00-04,36746231.00000001
S0,2083,05-09,38123371.99999999
S0,2083,10-14,39696188.0
S0,2083,15-19,41197735.0
S0,2083,20-24,42007192.999999985
S0,2083,25-29,42934843.99999999
S0,2083,30-34,44262725.99999999
S0,2083,35-39,45977545.0
S0,2083,40-44,47987528.0
S0,2083,45-49,49803460.0
S0,2083,50-54,50781384.0
S0,2083,55-59,50679121.0
S0,2083,60-64,50295734.0
S0,2083,65-69,50423157.0
S0,2083,70-74,49365072.0
S0,2083,75+,125019988.0
S0,2083,0-8,
S0,2083,9-14,
S0,2083,0-17,
S0,2083,18-29,
S0,2083,30-65,
S0,2083,66+,
S0,2083,15-26,
S0,2083,27-45,
S0,2083,46-65,
S0,2084,00-04,36473163.0
S0,2084,05-09,37809907.99999999
S0,2084,10-14,39357643.0
S0,2084,15-19,40885459.99999999
S0,2084,20-24,41734468.99999999
S0,2084,25-29,42694159.99999999
S0,2084,30-34,43977194.0
S0,2084,35-39,45578811.0
S0,2084,40-44,47555943.0
S0,2084,45-49,49432119.0
S0,2084,50-54,50573798.99999999
S0,2084,55-59,50622630.0
S0,2084,60-64,49888619.0
S0,2084,65-69,50118081.0
S0,2084,70-74,49259766.99999999
S0,2084,75+,126296842.0
S0,2084,0-8,
S0,2084,9-14,
S0,2084,0-17,
S0,2084,18-29,
S0,2084,30-65,
S0,2084,66+,
S0,2084,15-26,
S0,2084,27-45,
S0,2084,46-65,
S0,2085,00-04,36212795.0
S0,2085,05-09,37501441.00000001
S0,2085,10-14,39030575.0
S0,2085,15-19,40550859.00000001
S0,2085,20-24,41463920.0
S0,2085,25-29,42465176.99999999
S0,2085,30-34,43688992.0
S0,2085,35-39,45201304.0
S0,2085,40-44,47133385.0
S0,2085,45-49,49032536.0
S0,2085,50-54,50334432.99999999
S0,2085,55-59,50531653.0
S0,2085,60-64,49667649.0
S0,2085,65-69,49978838.99999999
S0,2085,70-74,48758435.0
S0,2085,75+,127581640.0
S0,2085,0-8,
S0,2085,9-14,
S0,2085,0-17,
S0,2085,18-29,
S0,2085,30-65,
S0,2085,66+,
S0,2085,15-26,
S0,2085,27-45,
S0,2085,46-65,
S0,2086,00-04,35955116.0
S0,2086,05-09,37210978.99999999
S0,2086,10-14,38696385.0
S0,2086,15-19,40215366.00000001
S0,2086,20-24,41179728.0
S0,2086,25-29,42229327.00000001
S0,2086,30-34,43413469.0
S0,2086,35-39,44853331.99999999
S0,2086,40-44,46695149.0
S0,2086,45-49,48624607.0
S0,2086,50-54,50056308.99999999
S0,2086,55-59,50435560.0
S0,2086,60-64,49663730.0
S0,2086,65-69,49531974.0
S0,2086,70-74,48409699.0
S0,2086,75+,128735436.0
S0,2086,0-8,
S0,2086,9-14,
S0,2086,0-17,
S0,2086,18-29,
S0,2086,30-65,
S0,2086,66+,
S0,2086,15-26,
S0,2086,27-45,
S0,2086,46-65,
S0,2087,00-04,35721404.0
S0,2087,05-09,36914100.99999999
S0,2087,10-14,38364488.99999999
S0,2087,15-19,39878833.0
S0,2087,20-24,40899956.0
S0,2087,25-29,41965220.0
S0,2087,30-34,43157504.0
S0,2087,35-39,44527954.0
S0,2087,40-44,46272390.99999999
S0,2087,45-49,48199968.0
S0,2087,50-54,49750312.0
S0,2087,55-59,50304354.0
S0,2087,60-64,49692049.0
S0,2087,65-69,48980335.0
S0,2087,70-74,48162522.000000015
S0,2087,75+,129814579.0
S0,2087,0-8,
S0,2087,9-14,
S0,2087,0-17,
S0,2087,18-29,
S0,2087,30-65,
S0,2087,66+,
S0,2087,15-26,
S0,2087,27-45,
S0,2087,46-65,
S0,2088,00-04,35493071.00000001
S0,2088,05-09,36629886.0
S0,2088,10-14,38053216.0
S0,2088,15-19,39537478.99999999
S0,2088,20-24,40602286.0
S0,2088,25-29,41703447.00000001
S0,2088,30-34,42921941.00000001
S0,2088,35-39,44225680.0
S0,2088,40-44,45862166.0
S0,2088,45-49,47767687.99999999
S0,2088,50-54,49423988.0
S0,2088,55-59,50133651.0
S0,2088,60-64,49688199.0
S0,2088,65-69,48704867.0
S0,2088,70-74,47699142.0
S0,2088,75+,130814108.0
S0,2088,0-8,
S0,2088,9-14,
S0,2088,0-17,
S0,2088,18-29,
S0,2088,30-65,
S0,2088,66+,
S0,2088,15-26,
S0,2088,27-45,
S0,2088,46-65,
S0,2089,00-04,35272975.0
S0,2089,05-09,36358206.000000015
S0,2089,10-14,37740532.0
S0,2089,15-19,39200262.0
S0,2089,20-24,40293559.99999999
S0,2089,25-29,41433546.99999999
S0,2089,30-34,42683071.0
S0,2089,35-39,43942456.0
S0,2089,40-44,45467166.00000001
S0,2089,45-49,47341957.0
S0,2089,50-54,49061643.99999999
S0,2089,55-59,49939562.0
S0,2089,60-64,49649619.0
S0,2089,65-69,48338418.0
S0,2089,70-74,47453577.0
S0,2089,75+,131659695.0
S0,2089,0-8,
S0,2089,9-14,
S0,2089,0-17,
S0,2089,18-29,
S0,2089,30-65,
S0,2089,66+,
S0,2089,15-26,
S0,2089,27-45,
S0,2089,46-65,
S0,2090,00-04,35058088.0
S0,2090,05-09,36098546.0
S0,2090,10-14,37432406.99999999
S0,2090,15-19,38874183.0
S0,2090,20-24,39962033.0
S0,2090,25-29,41164783.00000001
S0,2090,30-34,42454684.0
S0,2090,35-39,43655692.99999999
S0,2090,40-44,45092725.0
S0,2090,45-49,46924732.0
S0,2090,50-54,48670831.99999999
S0,2090,55-59,49713608.0
S0,2090,60-64,49576724.0
S0,2090,65-69,48151153.000000015
S0,2090,70-74,47357852.0
S0,2090,75+,132163017.0
S0,2090,0-8,
S0,2090,9-14,
S0,2090,0-17,
S0,2090,18-29,
S0,2090,30-65,
S0,2090,66+,
S0,2090,15-26,
S0,2090,27-45,
S0,2090,46-65,
S0,2091,00-04,34841350.00000001
S0,2091,05-09,35841960.0
S0,2091,10-14,37142519.0
S0,2091,15-19,38540842.00000001
S0,2091,20-24,39628901.000000015
S0,2091,25-29,40882216.000000015
S0,2091,30-34,42220051.99999999
S0,2091,35-39,43382069.0
S0,2091,40-44,44747983.99999999
S0,2091,45-49,46492014.0
S0,2091,50-54,48271759.99999999
S0,2091,55-59,49449316.0
S0,2091,60-64,49498716.0
S0,2091,65-69,48172511.99999999
S0,2091,70-74,46969998.0
S0,2091,75+,132719405.0
S0,2091,0-8,
S0,2091,9-14,
S0,2091,0-17,
S0,2091,18-29,
S0,2091,30-65,
S0,2091,66+,
S0,2091,15-26,
S0,2091,27-45,
S0,2091,46-65,
S0,2092,00-04,34622732.0
S0,2092,05-09,35609656.99999999
S0,2092,10-14,36846447.0
S0,2092,15-19,38210147.000000015
S0,2092,20-24,39295156.0
S0,2092,25-29,40604486.99999999
S0,2092,30-34,41957714.0
S0,2092,35-39,43128331.0
S0,2092,40-44,44425960.0
S0,2092,45-49,46074743.0
S0,2092,50-54,47856016.0
S0,2092,55-59,49157260.99999999
S0,2092,60-64,49385916.0
S0,2092,65-69,48224401.0
S0,2092,70-74,46484979.0
S0,2092,75+,133329367.0
S0,2092,0-8,
S0,2092,9-14,
S0,2092,0-17,
S0,2092,18-29,
S0,2092,30-65,
S0,2092,66+,
S0,2092,15-26,
S0,2092,27-45,
S0,2092,46-65,
S0,2093,00-04,34400311.0
S0,2093,05-09,35381634.00000001
S0,2093,10-14,36562349.0
S0,2093,15-19,37900238.0
S0,2093,20-24,38957745.0
S0,2093,25-29,40308610.0
S0,2093,30-34,41695894.00000001
S0,2093,35-39,42893529.0
S0,2093,40-44,44126056.99999999
S0,2093,45-49,45669334.0
S0,2093,50-54,47432213.99999999
S0,2093,55-59,48844657.0
S0,2093,60-64,49233935.0
S0,2093,65-69,48244876.0
S0,2093,70-74,46260275.0
S0,2093,75+,133691979.0
S0,2093,0-8,
S0,2093,9-14,
S0,2093,0-17,
S0,2093,18-29,
S0,2093,30-65,
S0,2093,66+,
S0,2093,15-26,
S0,2093,27-45,
S0,2093,46-65,
S0,2094,00-04,34160967.00000001
S0,2094,05-09,35161887.0
S0,2094,10-14,36290793.000000015
S0,2094,15-19,37588212.00000001
S0,2094,20-24,38622918.0
S0,2094,25-29,40000797.0
S0,2094,30-34,41425967.000000015
S0,2094,35-39,42655493.99999999
S0,2094,40-44,43845120.0
S0,2094,45-49,45278963.0
S0,2094,50-54,47014670.0
S0,2094,55-59,48496070.0
S0,2094,60-64,49058475.0
S0,2094,65-69,48231016.0
S0,2094,70-74,45951577.0
S0,2094,75+,134150678.0
S0,2094,0-8,
S0,2094,9-14,
S0,2094,0-17,
S0,2094,18-29,
S0,2094,30-65,
S0,2094,66+,
S0,2094,15-26,
S0,2094,27-45,
S0,2094,46-65,
S0,2095,00-04,33916262.0
S0,2095,05-09,34947671.0
S0,2095,10-14,36031468.00000001
S0,2095,15-19,37281117.0
S0,2095,20-24,38300081.000000015
S0,2095,25-29,39671171.0
S0,2095,30-34,41157792.0
S0,2095,35-39,42428266.0
S0,2095,40-44,43560853.0
S0,2095,45-49,44909164.99999999
S0,2095,50-54,46605558.0
S0,2095,55-59,48119233.0
S0,2095,60-64,48851577.00000001
S0,2095,65-69,48183854.0
S0,2095,70-74,45812472.99999999
S0,2095,75+,134457057.0
S0,2095,0-8,
S0,2095,9-14,
S0,2095,0-17,
S0,2095,18-29,
S0,2095,30-65,
S0,2095,66+,
S0,2095,15-26,
S0,2095,27-45,
S0,2095,46-65,
S0,2096,00-04,33666490.0
S0,2096,05-09,34733109.99999999
S0,2096,10-14,35776217.0
S0,2096,15-19,36993171.99999999
S0,2096,20-24,37971765.0
S0,2096,25-29,39342788.0
S0,2096,30-34,40878558.00000001
S0,2096,35-39,42196618.99999999
S0,2096,40-44,43290801.0
S0,2096,45-49,44569598.0
S0,2096,50-54,46181403.0
S0,2096,55-59,47734308.0
S0,2096,60-64,48606839.0
S0,2096,65-69,48131230.0
S0,2096,70-74,45868352.0
S0,2096,75+,134564853.0
S0,2096,0-8,
S0,2096,9-14,
S0,2096,0-17,
S0,2096,18-29,
S0,2096,30-65,
S0,2096,66+,
S0,2096,15-26,
S0,2096,27-45,
S0,2096,46-65,
S0,2097,00-04,33414877.999999996
S0,2097,05-09,34516961.0
S0,2097,10-14,35545432.0
S0,2097,15-19,36699223.99999999
S0,2097,20-24,37646492.99999999
S0,2097,25-29,39014360.0
S0,2097,30-34,40604638.00000001
S0,2097,35-39,41937653.0
S0,2097,40-44,43040786.000000015
S0,2097,45-49,44252746.0
S0,2097,50-54,45772598.999999985
S0,2097,55-59,47332796.0
S0,2097,60-64,48334648.0
S0,2097,65-69,48044641.99999999
S0,2097,70-74,45952708.0
S0,2097,75+,134658314.0
S0,2097,0-8,
S0,2097,9-14,
S0,2097,0-17,
S0,2097,18-29,
S0,2097,30-65,
S0,2097,66+,
S0,2097,15-26,
S0,2097,27-45,
S0,2097,46-65,
S0,2098,00-04,33161606.0
S0,2098,05-09,34295543.99999999
S0,2098,10-14,35317980.99999999
S0,2098,15-19,36416563.00000001
S0,2098,20-24,37341091.0
S0,2098,25-29,38680221.00000001
S0,2098,30-34,40310063.00000001
S0,2098,35-39,41677388.0
S0,2098,40-44,42808471.0
S0,2098,45-49,43957085.0
S0,2098,50-54,45374890.0
S0,2098,55-59,46922619.0
S0,2098,60-64,48041485.0
S0,2098,65-69,47919080.0
S0,2098,70-74,46006365.0
S0,2098,75+,134783398.0
S0,2098,0-8,
S0,2098,9-14,
S0,2098,0-17,
S0,2098,18-29,
S0,2098,30-65,
S0,2098,66+,
S0,2098,15-26,
S0,2098,27-45,
S0,2098,46-65,
S0,2099,00-04,32906362.999999996
S0,2099,05-09,34058208.0
S0,2099,10-14,35099413.0
S0,2099,15-19,36146375.0
S0,2099,20-24,37032969.99999999
S0,2099,25-29,38349245.0
S0,2099,30-34,40005188.99999999
S0,2099,35-39,41410232.0
S0,2099,40-44,42573642.99999999
S0,2099,45-49,43680712.99999999
S0,2099,50-54,44992291.0
S0,2099,55-59,46518549.99999999
S0,2099,60-64,47712664.0
S0,2099,65-69,47770275.0
S0,2099,70-74,46026901.0
S0,2099,75+,134944931.0
S0,2099,0-8,
S0,2099,9-14,
S0,2099,0-17,
S0,2099,18-29,
S0,2099,30-65,
S0,2099,66+,
S0,2099,15-26,
S0,2099,27-45,
S0,2099,46-65,
S0,2100,00-04,32657300.999999996
S0,2100,05-09,33815668.0
S0,2100,10-14,34886496.99999999
S0,2100,15-19,35888836.0
S0,2100,20-24,36730566.0
S0,2100,25-29,38030842.00000001
S0,2100,30-34,39678832.0
S0,2100,35-39,41144998.0
S0,2100,40-44,42349689.00000001
S0,2100,45-49,43401064.0
S0,2100,50-54,44630128.0
S0,2100,55-59,46122687.0
S0,2100,60-64,47355832.0
S0,2100,65-69,47590639.0
S0,2100,70-74,46015711.0
S0,2100,75+,135146994.0
S0,2100,0-8,
S0,2100,9-14,
S0,2100,0-17,
S0,2100,18-29,
S0,2100,30-65,
S0,2100,66+,
S0,2100,15-26,
S0,2100,27-45,
S0,2100,46-65,
S1,1950,00-04,
S1,1950,05-09,
S1,1950,10-14,
S1,1950,15-19,17060326.999999996
S1,1950,20-24,14931807.0
S1,1950,25-29,13138780.0
S1,1950,30-34,11674625.0
S1,1950,35-39,10240924.000000002
S1,1950,40-44,8926490.0
S1,1950,45-49,7046190.0
S1,1950,50-54,6208255.0
S1,1950,55-59,4310662.999999999
S1,1950,60-64,3846297.0
S1,1950,65-69,2117011.9999999995
S1,1950,70-74,1660576.0
S1,1950,75+,1624266.0
S1,1950,0-8,41062876.0
S1,1950,9-14,22815943.0
S1,1950,0-17,
S1,1950,18-29,
S1,1950,30-65,
S1,1950,66+,
S1,1950,15-26,
S1,1950,27-45,
S1,1950,46-65,
S1,1951,00-04,
S1,1951,05-09,
S1,1951,10-14,
S1,1951,15-19,17352844.0
S1,1951,20-24,15220362.0
S1,1951,25-29,13346192.0
S1,1951,30-34,11851023.0
S1,1951,35-39,10382905.999999998
S1,1951,40-44,9159899.999999998
S1,1951,45-49,7201186.999999998
S1,1951,50-54,6397463.0
S1,1951,55-59,4421449.0
S1,1951,60-64,3942796.000000001
S1,1951,65-69,2232814.0
S1,1951,70-74,1648565.0
S1,1951,75+,1627336.0
S1,1951,0-8,42385696.0
S1,1951,9-14,22988567.0
S1,1951,0-17,
S1,1951,18-29,
S1,1951,30-65,
S1,1951,66+,
S1,1951,15-26,
S1,1951,27-45,
S1,1951,46-65,
S1,1952,00-04,
S1,1952,05-09,
S1,1952,10-14,
S1,1952,15-19,17665795.0
S1,1952,20-24,15539116.0
S1,1952,25-29,13578527.0
S1,1952,30-34,12029851.0
S1,1952,35-39,10549171.0
S1,1952,40-44,9335768.0
S1,1952,45-49,7457233.999999999
S1,1952,50-54,6467746.0
S1,1952,55-59,4663431.0
S1,1952,60-64,3925706.9999999995
S1,1952,65-69,2449961.0
S1,1952,70-74,1592868.0
S1,1952,75+,1647319.0000000005
S1,1952,0-8,43823617.0
S1,1952,9-14,23119866.0
S1,1952,0-17,
S1,1952,18-29,
S1,1952,30-65,
S1,1952,66+,
S1,1952,15-26,
S1,1952,27-45,
S1,1952,46-65,
S1,1953,00-04,
S1,1953,05-09,
S1,1953,10-14,
S1,1953,15-19,17984208.999999996
S1,1953,20-24,15874406.0
S1,1953,25-29,13828841.0
S1,1953,30-34,12207582.0
S1,1953,35-39,10737638.999999998
S1,1953,40-44,9457059.000000002
S1,1953,45-49,7786467.0
S1,1953,50-54,6454929.0
S1,1953,55-59,5017669.0
S1,1953,60-64,3810823.0
S1,1953,65-69,2726255.0
S1,1953,70-74,1532670.0
S1,1953,75+,1673196.0
S1,1953,0-8,45389887.0
S1,1953,9-14,23240157.0
S1,1953,0-17,
S1,1953,18-29,
S1,1953,30-65,
S1,1953,66+,
S1,1953,15-26,
S1,1953,27-45,
S1,1953,46-65,
S1,1954,00-04,
S1,1954,05-09,
S1,1954,10-14,
S1,1954,15-19,18255717.0
S1,1954,20-24,16195023.999999998
S1,1954,25-29,14079398.0
S1,1954,30-34,12378523.0
S1,1954,35-39,10924532.0
S1,1954,40-44,9555878.0
S1,1954,45-49,8123412.999999999
S1,1954,50-54,6438438.999999999
S1,1954,55-59,5372191.0
S1,1954,60-64,3706736.0
S1,1954,65-69,2980396.9999999995
S1,1954,70-74,1505397.0
S1,1954,75+,1693103.0
S1,1954,0-8,47048508.0
S1,1954,9-14,23406486.0
S1,1954,0-17,
S1,1954,18-29,
S1,1954,30-65,
S1,1954,66+,
S1,1954,15-26,
S1,1954,27-45,
S1,1954,46-65,
S1,1955,00-04,
S1,1955,05-09,
S1,1955,10-14,
S1,1955,15-19,18459549.000000004
S1,1955,20-24,16519290.0
S1,1955,25-29,14363821.999999998
S1,1955,30-34,12579305.0
S1,1955,35-39,11110079.0
S1,1955,40-44,9688561.0
S1,1955,45-49,8395113.999999998
S1,1955,50-54,6528090.0
S1,1955,55-59,5615174.999999999
S1,1955,60-64,3735753.0
S1,1955,65-69,3124575.9999999995
S1,1955,70-74,1557511.0
S1,1955,75+,1699215.0
S1,1955,0-8,48817925.0
S1,1955,9-14,23700748.0
S1,1955,0-17,
S1,1955,18-29,
S1,1955,30-65,
S1,1955,66+,
S1,1955,15-26,
S1,1955,27-45,
S1,1955,46-65,
S1,1956,00-04,
S1,1956,05-09,
S1,1956,10-14,
S1,1956,15-19,18616448.999999996
S1,1956,20-24,16816979.0
S1,1956,25-29,14659297.0
S1,1956,30-34,12794646.999999998
S1,1956,35-39,11292171.0
S1,1956,40-44,9834713.0
S1,1956,45-49,8623682.000000002
S1,1956,50-54,6680526.999999998
S1,1956,55-59,5792407.999999998
S1,1956,60-64,3841883.0000000005
S1,1956,65-69,3206418.0
S1,1956,70-74,1652140.0
S1,1956,75+,1701888.0
S1,1956,0-8,50625276.0
S1,1956,9-14,24100483.0
S1,1956,0-17,
S1,1956,18-29,
S1,1956,30-65,
S1,1956,66+,
S1,1956,15-26,
S1,1956,27-45,
S1,1956,46-65,
S1,1957,00-04,
S1,1957,05-09,
S1,1957,10-14,
S1,1957,15-19,18718049.0
S1,1957,20-24,17133233.0
S1,1957,25-29,14978011.0
S1,1957,30-34,13027729.0
S1,1957,35-39,11472136.0
S1,1957,40-44,10001070.0
S1,1957,45-49,8796728.000000002
S1,1957,50-54,6925730.000000001
S1,1957,55-59,5862153.0
S1,1957,60-64,4061656.0000000005
S1,1957,65-69,3196900.0
S1,1957,70-74,1820607.0
S1,1957,75+,1685212.9999999998
S1,1957,0-8,52486527.0
S1,1957,9-14,24565690.0
S1,1957,0-17,
S1,1957,18-29,
S1,1957,30-65,
S1,1957,66+,
S1,1957,15-26,
S1,1957,27-45,
S1,1957,46-65,
S1,1958,00-04,
S1,1958,05-09,
S1,1958,10-14,
S1,1958,15-19,18763670.999999996
S1,1958,20-24,17411674.999999996
S1,1958,25-29,15270897.0
S1,1958,30-34,13246627.0
S1,1958,35-39,11629794.0
S1,1958,40-44,10174631.0
S1,1958,45-49,8909641.0
S1,1958,50-54,7233004.0
S1,1958,55-59,5853747.0
S1,1958,60-64,4375402.999999999
S1,1958,65-69,3107561.9999999995
S1,1958,70-74,2030808.0
S1,1958,75+,1668363.9999999998
S1,1958,0-8,54413880.0
S1,1958,9-14,25032055.0
S1,1958,0-17,
S1,1958,18-29,
S1,1958,30-65,
S1,1958,66+,
S1,1958,15-26,
S1,1958,27-45,
S1,1958,46-65,
S1,1959,00-04,
S1,1959,05-09,
S1,1959,10-14,
S1,1959,15-19,18872035.0
S1,1959,20-24,17707558.0
S1,1959,25-29,15613290.999999998
S1,1959,30-34,13514564.000000004
S1,1959,35-39,11814255.0
S1,1959,40-44,10368557.0
S1,1959,45-49,9015713.0
S1,1959,50-54,7556608.000000001
S1,1959,55-59,5848856.0
S1,1959,60-64,4692302.0
S1,1959,65-69,3031785.0
S1,1959,70-74,2223948.9999999995
S1,1959,75+,1670414.0
S1,1959,0-8,55908147.0
S1,1959,9-14,26006759.0
S1,1959,0-17,
S1,1959,18-29,
S1,1959,30-65,
S1,1959,66+,
S1,1959,15-26,
S1,1959,27-45,
S1,1959,46-65,
S1,1960,00-04,
S1,1960,05-09,
S1,1960,10-14,
S1,1960,15-19,19073866.0
S1,1960,20-24,17914180.0
S1,1960,25-29,15932621.000000004
S1,1960,30-34,13793116.000000002
S1,1960,35-39,12011481.0
S1,1960,40-44,10550521.0
S1,1960,45-49,9146388.0
S1,1960,50-54,7814592.000000001
S1,1960,55-59,5937282.0
S1,1960,60-64,4909045.999999999
S1,1960,65-69,3064597.0
S1,1960,70-74,2332625.0
S1,1960,75+,1714862.0000000002
S1,1960,0-8,57332937.0
S1,1960,9-14,27093589.999999996
S1,1960,0-17,
S1,1960,18-29,
S1,1960,30-65,
S1,1960,66+,
S1,1960,15-26,
S1,1960,27-45,
S1,1960,46-65,
S1,1961,00-04,
S1,1961,05-09,
S1,1961,10-14,
S1,1961,15-19,19372037.999999996
S1,1961,20-24,18080275.0
S1,1961,25-29,16232733.0
S1,1961,30-34,14087363.0
S1,1961,35-39,12225963.0
S1,1961,40-44,10731344.999999998
S1,1961,45-49,9291059.000000002
S1,1961,50-54,8033222.0
S1,1961,55-59,6083421.0
S1,1961,60-64,5068401.0
S1,1961,65-69,3161224.0
S1,1961,70-74,2394427.0
S1,1961,75+,1783886.0
S1,1961,0-8,58759554.00000001
S1,1961,9-14,28258546.0
S1,1961,0-17,
S1,1961,18-29,
S1,1961,30-65,
S1,1961,66+,
S1,1961,15-26,
S1,1961,27-45,
S1,1961,46-65,
S1,1962,00-04,
S1,1962,05-09,
S1,1962,10-14,
S1,1962,15-19,19750181.69399006
S1,1962,20-24,18198651.01410403
S1,1962,25-29,16556574.724663459
S1,1962,30-34,14404404.159537658
S1,1962,35-39,12457641.438582782
S1,1962,40-44,10910648.70398904
S1,1962,45-49,9456595.251280125
S1,1962,50-54,8199762.007092219
S1,1962,55-59,6310897.4218745995
S1,1962,60-64,5135570.21579227
S1,1962,65-69,3349559.0202225745
S1,1962,70-74,2388358.951839113
S1,1962,75+,1886771.6033998185
S1,1962,0-8,60135494.38743418
S1,1962,9-14,29509438.105028674
S1,1962,0-17,
S1,1962,18-29,
S1,1962,30-65,
S1,1962,66+,
S1,1962,15-26,
S1,1962,27-45,
S1,1962,46-65,
S1,1963,00-04,
S1,1963,05-09,
S1,1963,10-14,
S1,1963,15-19,20143766.90925426
S1,1963,20-24,18260699.64140507
S1,1963,25-29,16865937.95291168
S1,1963,30-34,14716079.626448456
S1,1963,35-39,12692224.42400993
S1,1963,40-44,11081167.69293476
S1,1963,45-49,9640427.012766918
S1,1963,50-54,8314622.894059752
S1,1963,55-59,6591905.404895755
S1,1963,60-64,5140464.667462207
S1,1963,65-69,3611989.019447871
S1,1963,70-74,2325054.244882902
S1,1963,75+,2014327.1146230423
S1,1963,0-8,61446873.45693183
S1,1963,9-14,30858727.607394822
S1,1963,0-17,
S1,1963,18-29,
S1,1963,30-65,
S1,1963,66+,
S1,1963,15-26,
S1,1963,27-45,
S1,1963,46-65,
S1,1964,00-04,
S1,1964,05-09,
S1,1964,10-14,
S1,1964,15-19,20516674.38674956
S1,1964,20-24,18358125.128661897
S1,1964,25-29,17153349.80158377
S1,1964,30-34,15034420.027270213
S1,1964,35-39,12945808.916565899
S1,1964,40-44,11260176.719992459
S1,1964,45-49,9836334.714172069
S1,1964,50-54,8415399.411627134
S1,1964,55-59,6876525.860216472
S1,1964,60-64,5149580.562893596
S1,1964,65-69,3870121.6095435373
S1,1964,70-74,2272859.0854418273
S1,1964,75+,2137230.994338724
S1,1964,0-8,62707069.10568556
S1,1964,9-14,32344579.042327672
S1,1964,0-17,
S1,1964,18-29,
S1,1964,30-65,
S1,1964,66+,
S1,1964,15-26,
S1,1964,27-45,
S1,1964,46-65,
S1,1965,00-04,
S1,1965,05-09,
S1,1965,10-14,
S1,1965,15-19,21336235.381941557
S1,1965,20-24,18542736.71724906
S1,1965,25-29,17359844.75029397
S1,1965,30-34,15331345.90985531
S1,1965,35-39,13211726.71093914
S1,1965,40-44,11453789.591653261
S1,1965,45-49,10025835.65813167
S1,1965,50-54,8538257.76381451
S1,1965,55-59,7094132.083637695
S1,1965,60-64,5243618.527608256
S1,1965,65-69,4040366.4561351263
S1,1965,70-74,2302736.751105186
S1,1965,75+,2225010.6322815698
S1,1965,0-8,63946639.72735067
S1,1965,9-14,33426322.67349622
S1,1965,0-17,
S1,1965,18-29,
S1,1965,30-65,
S1,1965,66+,
S1,1965,15-26,
S1,1965,27-45,
S1,1965,46-65,
S1,1966,00-04,
S1,1966,05-09,
S1,1966,10-14,
S1,1966,15-19,22224835.93593744
S1,1966,20-24,18808865.40179133
S1,1966,25-29,17517685.84254968
S1,1966,30-34,15596446.807495808
S1,1966,35-39,13483742.31472098
S1,1966,40-44,11657609.266135462
S1,1966,45-49,10211785.326042768
S1,1966,50-54,8666212.400531916
S1,1966,55-59,7261211.105162536
S1,1966,60-64,5383736.540686164
S1,1966,65-69,4150540.2650105366
S1,1966,70-74,2373963.679061627
S1,1966,75+,2285277.4276648085
S1,1966,0-8,64962754.37697105
S1,1966,9-14,34440869.19455571
S1,1966,0-17,
S1,1966,18-29,
S1,1966,30-65,
S1,1966,66+,
S1,1966,15-26,
S1,1966,27-45,
S1,1966,46-65,
S1,1967,00-04,
S1,1967,05-09,
S1,1967,10-14,
S1,1967,15-19,23151285.32075892
S1,1967,20-24,19134626.68263458
S1,1967,25-29,17604076.92817036
S1,1967,30-34,15857121.21593007
S1,1967,35-39,13762965.04619779
S1,1967,40-44,11869554.385952752
S1,1967,45-49,10394524.572283998
S1,1967,50-54,8807447.734003622
S1,1967,55-59,7372584.799357752
S1,1967,60-64,5598927.13360064
S1,1967,65-69,4179579.7679370893
S1,1967,70-74,2512361.773273564
S1,1967,75+,2320395.282986428
S1,1967,0-8,65911991.2523488
S1,1967,9-14,35415368.31505431
S1,1967,0-17,
S1,1967,18-29,
S1,1967,30-65,
S1,1967,66+,
S1,1967,15-26,
S1,1967,27-45,
S1,1967,46-65,
S1,1968,00-04,
S1,1968,05-09,
S1,1968,10-14,
S1,1968,15-19,24180867.74942991
S1,1968,20-24,19542629.263384
S1,1968,25-29,17697482.53422804
S1,1968,30-34,16143198.537558582
S1,1968,35-39,14070364.790686186
S1,1968,40-44,12106315.17250535
S1,1968,45-49,10585597.98946753
S1,1968,50-54,8969150.662053607
S1,1968,55-59,7436778.226485092
S1,1968,60-64,5871540.452025491
S1,1968,65-69,4155175.2883583796
S1,1968,70-74,2704425.115770223
S1,1968,75+,2333093.579096794
S1,1968,0-8,66858307.759116694
S1,1968,9-14,36319595.69657991
S1,1968,0-17,
S1,1968,18-29,
S1,1968,30-65,
S1,1968,66+,
S1,1968,15-26,
S1,1968,27-45,
S1,1968,46-65,
S1,1969,00-04,
S1,1969,05-09,
S1,1969,10-14,
S1,1969,15-19,25289177.066815235
S1,1969,20-24,19882105.58786231
S1,1969,25-29,17767243.778971404
S1,1969,30-34,16357814.651390892
S1,1969,35-39,14358471.656885462
S1,1969,40-44,12346904.109886823
S1,1969,45-49,10780291.34821535
S1,1969,50-54,9134807.613228243
S1,1969,55-59,7484508.081520475
S1,1969,60-64,6158643.292676582
S1,1969,65-69,4134981.3384858207
S1,1969,70-74,2896257.3595744185
S1,1969,75+,2358726.4882446723
S1,1969,0-8,67916747.55642751
S1,1969,9-14,37163883.523312986
S1,1969,0-17,
S1,1969,18-29,
S1,1969,30-65,
S1,1969,66+,
S1,1969,15-26,
S1,1969,27-45,
S1,1969,46-65,
S1,1970,00-04,
S1,1970,05-09,
S1,1970,10-14,
S1,1970,15-19,26037155.90552492
S1,1970,20-24,20694996.35293745
S1,1970,25-29,17945527.0624898
S1,1970,30-34,16503976.818921242
S1,1970,35-39,14638977.988231458
S1,1970,40-44,12608049.25084291
S1,1970,45-49,10997041.025324598
S1,1970,50-54,9292639.327137347
S1,1970,55-59,7548701.150406873
S1,1970,60-64,6395518.62328115
S1,1970,65-69,4178951.378345416
S1,1970,70-74,3022737.53501222
S1,1970,75+,2417727.424822232
S1,1970,0-8,68894661.4445534
S1,1970,9-14,37993249.986362785
S1,1970,0-17,
S1,1970,18-29,
S1,1970,30-65,
S1,1970,66+,
S1,1970,15-26,
S1,1970,27-45,
S1,1970,46-65,
S1,1971,00-04,
S1,1971,05-09,
S1,1971,10-14,
S1,1971,15-19,26769175.52513341
S1,1971,20-24,21681172.411660798
S1,1971,25-29,18289929.219500426
S1,1971,30-34,16658476.307778697
S1,1971,35-39,14933227.043475978
S1,1971,40-44,12905345.842725342
S1,1971,45-49,11247221.35349189
S1,1971,50-54,9457124.557483722
S1,1971,55-59,7624279.092430009
S1,1971,60-64,6606036.082566849
S1,1971,65-69,4262563.519862787
S1,1971,70-74,3112838.727542961
S1,1971,75+,2496938.976700645
S1,1971,0-8,69875818.398021
S1,1971,9-14,38837591.84636227
S1,1971,0-17,
S1,1971,18-29,
S1,1971,30-65,
S1,1971,66+,
S1,1971,15-26,
S1,1971,27-45,
S1,1971,46-65,
S1,1972,00-04,
S1,1972,05-09,
S1,1972,10-14,
S1,1972,15-19,27398477.995016553
S1,1972,20-24,22651936.58899347
S1,1972,25-29,18640744.35498422
S1,1972,30-34,16703803.651979072
S1,1972,35-39,15203281.560434839
S1,1972,40-44,13196973.766110543
S1,1972,45-49,11499296.13387575
S1,1972,50-54,9608448.957822483
S1,1972,55-59,7704099.297552316
S1,1972,60-64,6772984.989122081
S1,1972,65-69,4397923.43111179
S1,1972,70-74,3145957.1874386384
S1,1972,75+,2606530.1090639974
S1,1972,0-8,70852582.04089873
S1,1972,9-14,39679975.68366696
S1,1972,0-17,
S1,1972,18-29,
S1,1972,30-65,
S1,1972,66+,
S1,1972,15-26,
S1,1972,27-45,
S1,1972,46-65,
S1,1973,00-04,
S1,1973,05-09,
S1,1973,10-14,
S1,1973,15-19,28000670.44621785
S1,1973,20-24,23787639.458217684
S1,1973,25-29,19100093.77823553
S1,1973,30-34,16761163.83189622
S1,1973,35-39,15505119.683612272
S1,1973,40-44,13519992.94487744
S1,1973,45-49,11780335.818092741
S1,1973,50-54,9764801.720613848
S1,1973,55-59,7799845.397191836
S1,1973,60-64,6907395.64022281
S1,1973,65-69,4573045.544755243
S1,1973,70-74,3145018.9233764014
S1,1973,75+,2739333.2231780547
S1,1973,0-8,71839906.43314618
S1,1973,9-14,40535581.9706538
S1,1973,0-17,
S1,1973,18-29,
S1,1973,30-65,
S1,1973,66+,
S1,1973,15-26,
S1,1973,27-45,
S1,1973,46-65,
S1,1974,00-04,
S1,1974,05-09,
S1,1974,10-14,
S1,1974,15-19,28504370.82597759
S1,1974,20-24,25033604.10816965
S1,1974,25-29,19535725.70615627
S1,1974,30-34,16831059.493215602
S1,1974,35-39,15768292.32618806
S1,1974,40-44,13843139.970338657
S1,1974,45-49,12077616.037800187
S1,1974,50-54,9924868.892626576
S1,1974,55-59,7897164.80063768
S1,1974,60-64,7033852.437549104
S1,1974,65-69,4750125.591240015
S1,1974,70-74,3149617.2761423313
S1,1974,75+,2875435.0006616744
S1,1974,0-8,72862398.63693677
S1,1974,9-14,41408462.00450595
S1,1974,0-17,
S1,1974,18-29,
S1,1974,30-65,
S1,1974,66+,
S1,1974,15-26,
S1,1974,27-45,
S1,1974,46-65,
S1,1975,00-04,
S1,1975,05-09,
S1,1975,10-14,
S1,1975,15-19,28968630.64584916
S1,1975,20-24,25985120.468388725
S1,1975,25-29,20485361.2738971
S1,1975,30-34,17029257.65383154
S1,1975,35-39,15986756.56568131
S1,1975,40-44,14173404.791232921
S1,1975,45-49,12406839.11460932
S1,1975,50-54,10108034.963881679
S1,1975,55-59,7990761.609374118
S1,1975,60-64,7188681.6287682485
S1,1975,65-69,4886933.394688602
S1,1975,70-74,3210789.77838514
S1,1975,75+,2994949.7247254457
S1,1975,0-8,73972409.24860461
S1,1975,9-14,42266840.47450301
S1,1975,0-17,
S1,1975,18-29,
S1,1975,30-65,
S1,1975,66+,
S1,1975,15-26,
S1,1975,27-45,
S1,1975,46-65,
S1,1976,00-04,
S1,1976,05-09,
S1,1976,10-14,
S1,1976,15-19,29434844.97486167
S1,1976,20-24,26897860.079833303
S1,1976,25-29,21545621.26849646
S1,1976,30-34,17321589.031365175
S1,1976,35-39,16171594.40479342
S1,1976,40-44,14489759.350888465
S1,1976,45-49,12755995.50154577
S1,1976,50-54,10308198.395866059
S1,1976,55-59,8083705.139359787
S1,1976,60-64,7359396.384117179
S1,1976,65-69,4998609.824314556
S1,1976,70-74,3306211.110634023
S1,1976,75+,3106872.023423985
S1,1976,0-8,75028726.34781787
S1,1976,9-14,43100628.12208853
S1,1976,0-17,
S1,1976,18-29,
S1,1976,30-65,
S1,1976,66+,
S1,1976,15-26,
S1,1976,27-45,
S1,1976,46-65,
S1,1977,00-04,
S1,1977,05-09,
S1,1977,10-14,
S1,1977,15-19,29890011.790996395
S1,1977,20-24,27764780.042090975
S1,1977,25-29,22674729.685727105
S1,1977,30-34,17686679.93631513
S1,1977,35-39,16303583.221489888
S1,1977,40-44,14818789.37603301
S1,1977,45-49,13125169.82539332
S1,1977,50-54,10521452.2320575
S1,1977,55-59,8174169.586987305
S1,1977,60-64,7548396.24186105
S1,1977,65-69,5078726.393282561
S1,1977,70-74,3447614.186840062
S1,1977,75+,3204107.2127593155
S1,1977,0-8,76142236.45570792
S1,1977,9-14,43949994.25062006
S1,1977,0-17,
S1,1977,18-29,
S1,1977,30-65,
S1,1977,66+,
S1,1977,15-26,
S1,1977,27-45,
S1,1977,46-65,
S1,1978,00-04,
S1,1978,05-09,
S1,1978,10-14,
S1,1978,15-19,30362423.03528946
S1,1978,20-24,28600762.38496818
S1,1978,25-29,23935655.21775227
S1,1978,30-34,18114391.34545304
S1,1978,35-39,16421431.763045302
S1,1978,40-44,15162393.978427239
S1,1978,45-49,13516415.727845863
S1,1978,50-54,10752238.8655262
S1,1978,55-59,8266315.501250257
S1,1978,60-64,7757655.143592278
S1,1978,65-69,5131763.591696717
S1,1978,70-74,3621546.374509905
S1,1978,75+,3294019.6846646625
S1,1978,0-8,77178592.94664456
S1,1978,9-14,44822803.14223188
S1,1978,0-17,
S1,1978,18-29,
S1,1978,30-65,
S1,1978,66+,
S1,1978,15-26,
S1,1978,27-45,
S1,1978,46-65,
S1,1979,00-04,
S1,1979,05-09,
S1,1979,10-14,
S1,1979,15-19,30821603.961267255
S1,1979,20-24,29307954.95516092
S1,1979,25-29,25286905.373669848
S1,1979,30-34,18502938.070788175
S1,1979,35-39,16545004.411366588
S1,1979,40-44,15465379.53573801
S1,1979,45-49,13907479.540116005
S1,1979,50-54,10994638.640823834
S1,1979,55-59,8362568.819286676
S1,1979,60-64,7974112.13230165
S1,1979,65-69,5177145.720288036
S1,1979,70-74,3798386.8272207957
S1,1979,75+,3388047.3446488422
S1,1979,0-8,78248047.56136395
S1,1979,9-14,45668357.11990098
S1,1979,0-17,
S1,1979,18-29,
S1,1979,30-65,
S1,1979,66+,
S1,1979,15-26,
S1,1979,27-45,
S1,1979,46-65,
S1,1980,00-04,
S1,1980,05-09,
S1,1980,10-14,
S1,1980,15-19,31332052.10467919
S1,1980,20-24,30023790.98690074
S1,1980,25-29,26361386.110937294
S1,1980,30-34,19372832.769896824
S1,1980,35-39,16792433.89463427
S1,1980,40-44,15723154.63653627
S1,1980,45-49,14305713.78933075
S1,1980,50-54,11263725.83253258
S1,1980,55-59,8479881.285101777
S1,1980,60-64,8191596.13800936
S1,1980,65-69,5241550.515410047
S1,1980,70-74,3943252.114304788
S1,1980,75+,3503462.269477548
S1,1980,0-8,79433759.13310957
S1,1980,9-14,46549855.48388005
S1,1980,0-17,
S1,1980,18-29,
S1,1980,30-65,
S1,1980,66+,
S1,1980,15-26,
S1,1980,27-45,
S1,1980,46-65,
S1,1981,00-04,
S1,1981,05-09,
S1,1981,10-14,
S1,1981,15-19,31762525.263737734
S1,1981,20-24,30711730.55524527
S1,1981,25-29,27360522.213806495
S1,1981,30-34,20313317.273991715
S1,1981,35-39,17113010.93801041
S1,1981,40-44,15935190.97968834
S1,1981,45-49,14682100.049090302
S1,1981,50-54,11544575.995809048
S1,1981,55-59,8611069.26024922
S1,1981,60-64,8410208.917241193
S1,1981,65-69,5315148.799005287
S1,1981,70-74,4067904.6457878267
S1,1981,75+,3632160.52210145
S1,1981,0-8,80686009.76962811
S1,1981,9-14,47537830.708797045
S1,1981,0-17,
S1,1981,18-29,
S1,1981,30-65,
S1,1981,66+,
S1,1981,15-26,
S1,1981,27-45,
S1,1981,46-65,
S1,1982,00-04,
S1,1982,05-09,
S1,1982,10-14,
S1,1982,15-19,32181656.4684953
S1,1982,20-24,31393473.37947762
S1,1982,25-29,28316626.55597598
S1,1982,30-34,21316281.28947878
S1,1982,35-39,17507375.435984585
S1,1982,40-44,16096084.054191869
S1,1982,45-49,15071884.223408852
S1,1982,50-54,11842752.101394322
S1,1982,55-59,8756173.98700299
S1,1982,60-64,8629199.259728463
S1,1982,65-69,5401553.979273064
S1,1982,70-74,4168105.2859567665
S1,1982,75+,3777492.0887057
S1,1982,0-8,81981730.60426402
S1,1982,9-14,48562106.10288623
S1,1982,0-17,
S1,1982,18-29,
S1,1982,30-65,
S1,1982,66+,
S1,1982,15-26,
S1,1982,27-45,
S1,1982,46-65,
S1,1983,00-04,
S1,1983,05-09,
S1,1983,10-14,
S1,1983,15-19,32620406.985810675
S1,1983,20-24,32086047.20998921
S1,1983,25-29,29217634.04318566
S1,1983,30-34,22417248.9720261
S1,1983,35-39,17947840.657910448
S1,1983,40-44,16231519.715952199
S1,1983,45-49,15468318.686340434
S1,1983,50-54,12155776.292156741
S1,1983,55-59,8916795.772057971
S1,1983,60-64,8850006.514842963
S1,1983,65-69,5502141.742283492
S1,1983,70-74,4246875.279587688
S1,1983,75+,3937167.0079406677
S1,1983,0-8,83268885.01531886
S1,1983,9-14,49633297.111388534
S1,1983,0-17,
S1,1983,18-29,
S1,1983,30-65,
S1,1983,66+,
S1,1983,15-26,
S1,1983,27-45,
S1,1983,46-65,
S1,1984,00-04,
S1,1984,05-09,
S1,1984,10-14,
S1,1984,15-19,33105169.07023377
S1,1984,20-24,32812293.436847825
S1,1984,25-29,30051976.094049525
S1,1984,30-34,23653778.20899374
S1,1984,35-39,18388788.34939429
S1,1984,40-44,16397138.065534692
S1,1984,45-49,15838065.487879472
S1,1984,50-54,12477651.9632584
S1,1984,55-59,9095866.734896984
S1,1984,60-64,9079450.641694538
S1,1984,65-69,5611250.537698263
S1,1984,70-74,4321831.499884743
S1,1984,75+,4100927.867577978
S1,1984,0-8,84611562.03049578
S1,1984,9-14,50719459.27324527
S1,1984,0-17,
S1,1984,18-29,
S1,1984,30-65,
S1,1984,66+,
S1,1984,15-26,
S1,1984,27-45,
S1,1984,46-65,
S1,1985,00-04,
S1,1985,05-09,
S1,1985,10-14,
S1,1985,15-19,33585078.21570623
S1,1985,20-24,33541897.30552709
S1,1985,25-29,30810660.941583615
S1,1985,30-34,24561793.723462064
S1,1985,35-39,19258043.07449055
S1,1985,40-44,16650502.693867352
S1,1985,45-49,16135533.581168707
S1,1985,50-54,12792639.84315162
S1,1985,55-59,9293677.946022175
S1,1985,60-64,9325006.255246745
S1,1985,65-69,5720792.516679725
S1,1985,70-74,4411778.569819326
S1,1985,75+,4258401.258960788
S1,1985,0-8,86115880.90270844
S1,1985,9-14,51790624.087724894
S1,1985,0-17,
S1,1985,18-29,
S1,1985,30-65,
S1,1985,66+,
S1,1985,15-26,
S1,1985,27-45,
S1,1985,46-65,
S1,1986,00-04,
S1,1986,05-09,
S1,1986,10-14,
S1,1986,15-19,34131417.6691298
S1,1986,20-24,34207367.61809158
S1,1986,25-29,31572481.37348777
S1,1986,30-34,25429114.763794474
S1,1986,35-39,20219966.47517628
S1,1986,40-44,16988866.2169768
S1,1986,45-49,16390600.18037488
S1,1986,50-54,13093503.950859418
S1,1986,55-59,9508312.51793094
S1,1986,60-64,9585601.510868324
S1,1986,65-69,5835750.345964318
S1,1986,70-74,4511297.82022315
S1,1986,75+,4414215.074295039
S1,1986,0-8,87586797.6139877
S1,1986,9-14,52940157.88518651
S1,1986,0-17,
S1,1986,18-29,
S1,1986,30-65,
S1,1986,66+,
S1,1986,15-26,
S1,1986,27-45,
S1,1986,46-65,
S1,1987,00-04,
S1,1987,05-09,
S1,1987,10-14,
S1,1987,15-19,34754522.529397495
S1,1987,20-24,34852018.352961525
S1,1987,25-29,32322715.143504705
S1,1987,30-34,26259393.67227131
S1,1987,35-39,21246609.852886956
S1,1987,40-44,17399924.519631695
S1,1987,45-49,16588324.826466236
S1,1987,50-54,13407501.10960013
S1,1987,55-59,9741852.159940869
S1,1987,60-64,9857521.579957858
S1,1987,65-69,5955332.0873352345
S1,1987,70-74,4622467.334120931
S1,1987,75+,4568844.766034534
S1,1987,0-8,89236907.30103049
S1,1987,9-14,53977782.532118484
S1,1987,0-17,
S1,1987,18-29,
S1,1987,30-65,
S1,1987,66+,
S1,1987,15-26,
S1,1987,27-45,
S1,1987,46-65,
S1,1988,00-04,
S1,1988,05-09,
S1,1988,10-14,
S1,1988,15-19,35407348.5894935
S1,1988,20-24,35513458.7409513
S1,1988,25-29,33080084.85721346
S1,1988,30-34,27042981.84948834
S1,1988,35-39,22372839.775634736
S1,1988,40-44,17855833.146964822
S1,1988,45-49,16754334.234847767
S1,1988,50-54,13728967.27910265
S1,1988,55-59,9992602.752070501
S1,1988,60-64,10141084.69554002
S1,1988,65-69,6081307.28756332
S1,1988,70-74,4746051.706364313
S1,1988,75+,4723202.523523244
S1,1988,0-8,90816233.65349078
S1,1988,9-14,55010296.54392932
S1,1988,0-17,
S1,1988,18-29,
S1,1988,30-65,
S1,1988,66+,
S1,1988,15-26,
S1,1988,27-45,
S1,1988,46-65,
S1,1989,00-04,
S1,1989,05-09,
S1,1989,10-14,
S1,1989,15-19,36117839.38422321
S1,1989,20-24,36213294.64046412
S1,1989,25-29,33856786.1912923
S1,1989,30-34,27761154.77075009
S1,1989,35-39,23628844.436222613
S1,1989,40-44,18306223.847354367
S1,1989,45-49,16942375.242796287
S1,1989,50-54,14026884.796860531
S1,1989,55-59,10255125.75127219
S1,1989,60-64,10437428.545107082
S1,1989,65-69,6218605.970960135
S1,1989,70-74,4876609.118861367
S1,1989,75+,4881805.43123849
S1,1989,0-8,92337678.01665449
S1,1989,9-14,56076857.68832939
S1,1989,0-17,
S1,1989,18-29,
S1,1989,30-65,
S1,1989,66+,
S1,1989,15-26,
S1,1989,27-45,
S1,1989,46-65,
S1,1990,00-04,
S1,1990,05-09,
S1,1990,10-14,
S1,1990,15-19,36913084.017604195
S1,1990,20-24,36911937.3205116
S1,1990,25-29,34647610.97618054
S1,1990,30-34,28428813.022111066
S1,1990,35-39,24566193.52228581
S1,1990,40-44,19188867.55573169
S1,1990,45-49,17218658.11929964
S1,1990,50-54,14265570.68217397
S1,1990,55-59,10519293.04441872
S1,1990,60-64,10747339.466133362
S1,1990,65-69,6373749.402823116
S1,1990,70-74,5007385.183144118
S1,1990,75+,5049763.230129083
S1,1990,0-8,93737461.6588837
S1,1990,9-14,57255586.46320078
S1,1990,0-17,
S1,1990,18-29,
S1,1990,30-65,
S1,1990,66+,
S1,1990,15-26,
S1,1990,27-45,
S1,1990,46-65,
S1,1991,00-04,
S1,1991,05-09,
S1,1991,10-14,
S1,1991,15-19,37696463.253632404
S1,1991,20-24,37682297.589376114
S1,1991,25-29,35377623.03918343
S1,1991,30-34,29116595.11849662
S1,1991,35-39,25468791.179641448
S1,1991,40-44,20166842.406927843
S1,1991,45-49,17579115.71624887
S1,1991,50-54,14471972.291464431
S1,1991,55-59,10779251.966266014
S1,1991,60-64,11066559.578050282
S1,1991,65-69,6546283.249621574
S1,1991,70-74,5141879.556398387
S1,1991,75+,5226195.229034595
S1,1991,0-8,95036076.26859945
S1,1991,9-14,58531261.939936616
S1,1991,0-17,
S1,1991,18-29,
S1,1991,30-65,
S1,1991,66+,
S1,1991,15-26,
S1,1991,27-45,
S1,1991,46-65,
S1,1992,00-04,
S1,1992,05-09,
S1,1992,10-14,
S1,1992,15-19,38497294.39473035
S1,1992,20-24,38118706.63934564
S1,1992,25-29,35950076.93780176
S1,1992,30-34,29989937.93949777
S1,1992,35-39,26589087.838684812
S1,1992,40-44,20776426.68128651
S1,1992,45-49,17590924.830022953
S1,1992,50-54,14477605.21444774
S1,1992,55-59,11262670.877877511
S1,1992,60-64,11363786.22203034
S1,1992,65-69,6887243.181406069
S1,1992,70-74,5327782.942408287
S1,1992,75+,5425903.57852238
S1,1992,0-8,96381860.33747637
S1,1992,9-14,60042893.45674569
S1,1992,0-17,
S1,1992,18-29,
S1,1992,30-65,
S1,1992,66+,
S1,1992,15-26,
S1,1992,27-45,
S1,1992,46-65,
S1,1993,00-04,
S1,1993,05-09,
S1,1993,10-14,
S1,1993,15-19,39252458.37317919
S1,1993,20-24,38595605.59019178
S1,1993,25-29,36549680.87850736
S1,1993,30-34,30875061.59446314
S1,1993,35-39,27677318.30744659
S1,1993,40-44,21492402.845419426
S1,1993,45-49,17659323.11083116
S1,1993,50-54,14464811.791801741
S1,1993,55-59,11745494.839093748
S1,1993,60-64,11679635.55895657
S1,1993,65-69,7246632.5227389205
S1,1993,70-74,5516960.636139339
S1,1993,75+,5633105.172140436
S1,1993,0-8,97547521.12539081
S1,1993,9-14,61682625.04524988
S1,1993,0-17,
S1,1993,18-29,
S1,1993,30-65,
S1,1993,66+,
S1,1993,15-26,
S1,1993,27-45,
S1,1993,46-65,
S1,1994,00-04,
S1,1994,05-09,
S1,1994,10-14,
S1,1994,15-19,39970778.02553654
S1,1994,20-24,39121189.11407175
S1,1994,25-29,37174662.66304328
S1,1994,30-34,31765969.961625867
S1,1994,35-39,28695182.72778575
S1,1994,40-44,22337203.473931253
S1,1994,45-49,17734347.85612701
S1,1994,50-54,14478247.30019885
S1,1994,55-59,12196163.300565727
S1,1994,60-64,12004939.633791162
S1,1994,65-69,7623480.780194109
S1,1994,70-74,5711514.022318416
S1,1994,75+,5845971.28204392
S1,1994,0-8,98488084.56510317
S1,1994,9-14,63404284.44849534
S1,1994,0-17,
S1,1994,18-29,
S1,1994,30-65,
S1,1994,66+,
S1,1994,15-26,
S1,1994,27-45,
S1,1994,46-65,
S1,1995,00-04,
S1,1995,05-09,
S1,1995,10-14,
S1,1995,15-19,40722042.437067896
S1,1995,20-24,39691328.37284953
S1,1995,25-29,37745024.12101272
S1,1995,30-34,32627774.13309712
S1,1995,35-39,29629143.006368615
S1,1995,40-44,22883581.57684432
S1,1995,45-49,18232924.41337213
S1,1995,50-54,14569370.284986459
S1,1995,55-59,12576464.77770451
S1,1995,60-64,12324781.15763707
S1,1995,65-69,8016509.26325163
S1,1995,70-74,5915694.828644405
S1,1995,75+,6062983.048088658
S1,1995,0-8,99328604.22433713
S1,1995,9-14,65033949.69175871
S1,1995,0-17,
S1,1995,18-29,
S1,1995,30-65,
S1,1995,66+,
S1,1995,15-26,
S1,1995,27-45,
S1,1995,46-65,
S1,1996,00-04,
S1,1996,05-09,
S1,1996,10-14,
S1,1996,15-19,41658570.70062476
S1,1996,20-24,40273946.985436775
S1,1996,25-29,38400301.35105654
S1,1996,30-34,33432097.869456522
S1,1996,35-39,30573812.999889567
S1,1996,40-44,23428093.904749855
S1,1996,45-49,18836754.9371164
S1,1996,50-54,14740677.865948763
S1,1996,55-59,12910397.18676392
S1,1996,60-64,12634501.235939482
S1,1996,65-69,8423242.167993955
S1,1996,70-74,6128522.980527765
S1,1996,75+,6285436.457002615
S1,1996,0-8,99962803.26309988
S1,1996,9-14,66619278.439042464
S1,1996,0-17,
S1,1996,18-29,
S1,1996,30-65,
S1,1996,66+,
S1,1996,15-26,
S1,1996,27-45,
S1,1996,46-65,
S1,1997,00-04,
S1,1997,05-09,
S1,1997,10-14,
S1,1997,15-19,42583061.19523916
S1,1997,20-24,40913240.118819
S1,1997,25-29,39127422.82647088
S1,1997,30-34,34208121.33789005
S1,1997,35-39,31503539.721484624
S1,1997,40-44,23977877.439796504
S1,1997,45-49,19524922.974562265
S1,1997,50-54,14979961.814549942
S1,1997,55-59,13184516.493379273
S1,1997,60-64,12960749.255847516
S1,1997,65-69,8842349.349949686
S1,1997,70-74,6346897.441877594
S1,1997,75+,6513435.840574823
S1,1997,0-8,100604217.33731802
S1,1997,9-14,68021514.8184438
S1,1997,0-17,
S1,1997,18-29,
S1,1997,30-65,
S1,1997,66+,
S1,1997,15-26,
S1,1997,27-45,
S1,1997,46-65,
S1,1998,00-04,
S1,1998,05-09,
S1,1998,10-14,
S1,1998,15-19,43598770.281336054
S1,1998,20-24,41530469.9598246
S1,1998,25-29,39862468.501665786
S1,1998,30-34,34978319.66826435
S1,1998,35-39,32417895.920658424
S1,1998,40-44,24523132.90104894
S1,1998,45-49,20333720.824420776
S1,1998,50-54,15260163.70851906
S1,1998,55-59,13416076.87133551
S1,1998,60-64,13296704.83033187
S1,1998,65-69,9268873.642956702
S1,1998,70-74,6570582.965866424
S1,1998,75+,6748055.171050489
S1,1998,0-8,101160892.95455314
S1,1998,9-14,69329552.21654521
S1,1998,0-17,
S1,1998,18-29,
S1,1998,30-65,
S1,1998,66+,
S1,1998,15-26,
S1,1998,27-45,
S1,1998,46-65,
S1,1999,00-04,
S1,1999,05-09,
S1,1999,10-14,
S1,1999,15-19,44669519.94720202
S1,1999,20-24,42153846.24171039
S1,1999,25-29,40631606.57515389
S1,1999,30-34,35758782.35562162
S1,1999,35-39,33317987.614987165
S1,1999,40-44,25051371.57676536
S1,1999,45-49,21299665.50107131
S1,1999,50-54,15538221.036279678
S1,1999,55-59,13646462.291414088
S1,1999,60-64,13611337.302814301
S1,1999,65-69,9694499.560421772
S1,1999,70-74,6800297.652993212
S1,1999,75+,6991901.861860247
S1,1999,0-8,101667006.02848515
S1,1999,9-14,70489580.91207455
S1,1999,0-17,
S1,1999,18-29,
S1,1999,30-65,
S1,1999,66+,
S1,1999,15-26,
S1,1999,27-45,
S1,1999,46-65,
S1,2000,00-04,
S1,2000,05-09,
S1,2000,10-14,
S1,2000,15-19,45745751.637054555
S1,2000,20-24,42872238.826430455
S1,2000,25-29,41451707.03648894
S1,2000,30-34,36496718.190573834
S1,2000,35-39,34180132.50607134
S1,2000,40-44,25576241.112236522
S1,2000,45-49,22033204.18431752
S1,2000,50-54,16186146.14927086
S1,2000,55-59,13926139.82394039
S1,2000,60-64,13867935.405437822
S1,2000,65-69,10105063.39364438
S1,2000,70-74,7036397.705936391
S1,2000,75+,7248148.579730987
S1,2000,0-8,102204726.58805244
S1,2000,9-14,71404604.55349773
S1,2000,0-17,
S1,2000,18-29,
S1,2000,30-65,
S1,2000,66+,
S1,2000,15-26,
S1,2000,27-45,
S1,2000,46-65,
S1,2001,00-04,
S1,2001,05-09,
S1,2001,10-14,
S1,2001,15-19,46709955.46157939
S1,2001,20-24,43815932.03991557
S1,2001,25-29,42217242.179990575
S1,2001,30-34,37264611.224534355
S1,2001,35-39,34921586.240289
S1,2001,40-44,26167164.14445576
S1,2001,45-49,22806648.770160995
S1,2001,50-54,16912906.60967958
S1,2001,55-59,14251467.67294678
S1,2001,60-64,14093691.88338456
S1,2001,65-69,10490100.63217981
S1,2001,70-74,7275511.911159279
S1,2001,75+,7517838.7549514705
S1,2001,0-8,102833133.72345899
S1,2001,9-14,72196001.23715982
S1,2001,0-17,
S1,2001,18-29,
S1,2001,30-65,
S1,2001,66+,
S1,2001,15-26,
S1,2001,27-45,
S1,2001,46-65,
S1,2002,00-04,
S1,2002,05-09,
S1,2002,10-14,
S1,2002,15-19,47777414.79854804
S1,2002,20-24,44787219.988993905
S1,2002,25-29,43009521.03292861
S1,2002,30-34,38083668.11086427
S1,2002,35-39,35623090.322475806
S1,2002,40-44,26814977.886698667
S1,2002,45-49,23597428.06893114
S1,2002,50-54,17695380.18078001
S1,2002,55-59,14617119.603952669
S1,2002,60-64,14287387.480988722
S1,2002,65-69,10881864.6942599
S1,2002,70-74,7522940.773737386
S1,2002,75+,7798197.422594356
S1,2002,0-8,103526927.68066046
S1,2002,9-14,72756368.85691245
S1,2002,0-17,
S1,2002,18-29,
S1,2002,30-65,
S1,2002,66+,
S1,2002,15-26,
S1,2002,27-45,
S1,2002,46-65,
S1,2003,00-04,
S1,2003,05-09,
S1,2003,10-14,
S1,2003,15-19,48794611.07823576
S1,2003,20-24,45805514.64166702
S1,2003,25-29,43671522.69158575
S1,2003,30-34,38842243.7464733
S1,2003,35-39,36305298.17567006
S1,2003,40-44,27500575.067472927
S1,2003,45-49,24339170.674784105
S1,2003,50-54,18547581.362969577
S1,2003,55-59,14994261.44955092
S1,2003,60-64,14474675.34908548
S1,2003,65-69,11283191.82472268
S1,2003,70-74,7781274.293471677
S1,2003,75+,8089557.990095908
S1,2003,0-8,104109591.49366571
S1,2003,9-14,73265815.03109106
S1,2003,0-17,
S1,2003,18-29,
S1,2003,30-65,
S1,2003,66+,
S1,2003,15-26,
S1,2003,27-45,
S1,2003,46-65,
S1,2004,00-04,
S1,2004,05-09,
S1,2004,10-14,
S1,2004,15-19,49852045.785525665
S1,2004,20-24,46916928.87072402
S1,2004,25-29,44301921.340962455
S1,2004,30-34,39617987.598929666
S1,2004,35-39,37022120.56096054
S1,2004,40-44,28257526.061274935
S1,2004,45-49,25031573.352216978
S1,2004,50-54,19500261.86638017
S1,2004,55-59,15342077.478387723
S1,2004,60-64,14704918.242431423
S1,2004,65-69,11666909.16909848
S1,2004,70-74,8045356.352742879
S1,2004,75+,8392068.46872808
S1,2004,0-8,104493240.9252362
S1,2004,9-14,73712235.2251996
S1,2004,0-17,
S1,2004,18-29,
S1,2004,30-65,
S1,2004,66+,
S1,2004,15-26,
S1,2004,27-45,
S1,2004,46-65,
S1,2005,00-04,
S1,2005,05-09,
S1,2005,10-14,
S1,2005,15-19,50916915.82731744
S1,2005,20-24,48106711.58081194
S1,2005,25-29,45023624.90830459
S1,2005,30-34,40453595.075046614
S1,2005,35-39,37738712.98950768
S1,2005,40-44,29090406.71135451
S1,2005,45-49,25694916.992053896
S1,2005,50-54,20189902.21070958
S1,2005,55-59,16030616.681511149
S1,2005,60-64,15034458.40882553
S1,2005,65-69,11998440.825837601
S1,2005,70-74,8305502.704039624
S1,2005,75+,8706942.659178087
S1,2005,0-8,104753360.3603079
S1,2005,9-14,74092691.57287925
S1,2005,0-17,
S1,2005,18-29,
S1,2005,30-65,
S1,2005,66+,
S1,2005,15-26,
S1,2005,27-45,
S1,2005,46-65,
S1,2006,00-04,
S1,2006,05-09,
S1,2006,10-14,
S1,2006,15-19,51935868.56554492
S1,2006,20-24,49146865.10566853
S1,2006,25-29,45857685.18596341
S1,2006,30-34,41164198.99400138
S1,2006,35-39,38474707.24127071
S1,2006,40-44,29912538.63847946
S1,2006,45-49,26380254.378533747
S1,2006,50-54,20838725.269130565
S1,2006,55-59,16756360.46642671
S1,2006,60-64,15455451.1324289
S1,2006,65-69,12294711.642634187
S1,2006,70-74,8554499.391636092
S1,2006,75+,9033476.11763169
S1,2006,0-8,104788243.73847058
S1,2006,9-14,74458038.48328324
S1,2006,0-17,
S1,2006,18-29,
S1,2006,30-65,
S1,2006,66+,
S1,2006,15-26,
S1,2006,27-45,
S1,2006,46-65,
S1,2007,00-04,
S1,2007,05-09,
S1,2007,10-14,
S1,2007,15-19,52923543.36895991
S1,2007,20-24,50332408.05784933
S1,2007,25-29,46726153.77510031
S1,2007,30-34,41904137.289029084
S1,2007,35-39,39302654.29789037
S1,2007,40-44,30807566.203373145
S1,2007,45-49,27111140.284457926
S1,2007,50-54,21467199.185899455
S1,2007,55-59,17500075.16136645
S1,2007,60-64,15966260.60503272
S1,2007,65-69,12551189.27774292
S1,2007,70-74,8813425.267864415
S1,2007,75+,9373030.267592706
S1,2007,0-8,104668354.13906264
S1,2007,9-14,74789849.7751776
S1,2007,0-17,
S1,2007,18-29,
S1,2007,30-65,
S1,2007,66+,
S1,2007,15-26,
S1,2007,27-45,
S1,2007,46-65,
S1,2008,00-04,
S1,2008,05-09,
S1,2008,10-14,
S1,2008,15-19,53953387.21694734
S1,2008,20-24,51367296.10699862
S1,2008,25-29,47625673.544511065
S1,2008,30-34,42499264.0575328
S1,2008,35-39,40096138.58132368
S1,2008,40-44,31770945.086689606
S1,2008,45-49,27880889.09668449
S1,2008,50-54,22049018.590620168
S1,2008,55-59,18269057.4958589
S1,2008,60-64,16530838.318455022
S1,2008,65-69,12780130.65150079
S1,2008,70-74,9074795.211745076
S1,2008,75+,9728185.228108017
S1,2008,0-8,104336003.39962158
S1,2008,9-14,75103047.77932942
S1,2008,0-17,
S1,2008,18-29,
S1,2008,30-65,
S1,2008,66+,
S1,2008,15-26,
S1,2008,27-45,
S1,2008,46-65,
S1,2009,00-04,
S1,2009,05-09,
S1,2009,10-14,
S1,2009,15-19,54959341.06276901
S1,2009,20-24,52380952.543219194
S1,2009,25-29,48583497.68050387
S1,2009,30-34,43019961.61618463
S1,2009,35-39,40913668.672938004
S1,2009,40-44,32846870.712594893
S1,2009,45-49,28719283.03314049
S1,2009,50-54,22575185.990753043
S1,2009,55-59,19081193.097690143
S1,2009,60-64,17103903.97793887
S1,2009,65-69,13022069.901954308
S1,2009,70-74,9316830.09969274
S1,2009,75+,10103039.94819264
S1,2009,0-8,103888933.87882341
S1,2009,9-14,75451555.19794211
S1,2009,0-17,
S1,2009,18-29,
S1,2009,30-65,
S1,2009,66+,
S1,2009,15-26,
S1,2009,27-45,
S1,2009,46-65,
S1,2010,00-04,
S1,2010,05-09,
S1,2010,10-14,
S1,2010,15-19,56031250.58598766
S1,2010,20-24,53407262.9666813
S1,2010,25-29,49615956.16172892
S1,2010,30-34,43606258.967038855
S1,2010,35-39,41812057.82433856
S1,2010,40-44,34023208.80508136
S1,2010,45-49,29640064.694067985
S1,2010,50-54,23062368.745238043
S1,2010,55-59,19579604.42992041
S1,2010,60-64,18113335.60255462
S1,2010,65-69,13325252.297447909
S1,2010,70-74,9513429.496222466
S1,2010,75+,10500237.670075282
S1,2010,0-8,103317722.24477129
S1,2010,9-14,75902301.56742531
S1,2010,0-17,
S1,2010,18-29,
S1,2010,30-65,
S1,2010,66+,
S1,2010,15-26,
S1,2010,27-45,
S1,2010,46-65,
S1,2011,00-04,
S1,2011,05-09,
S1,2011,10-14,
S1,2011,15-19,57160189.926541045
S1,2011,20-24,54427251.43971113
S1,2011,25-29,50552296.036294185
S1,2011,30-34,44350420.65846425
S1,2011,35-39,42657724.55307118
S1,2011,40-44,35367262.19611113
S1,2011,45-49,30582150.24512126
S1,2011,50-54,23563796.40984865
S1,2011,55-59,19983812.412030235
S1,2011,60-64,19229360.02627496
S1,2011,65-69,13683259.033199629
S1,2011,70-74,9683249.342736166
S1,2011,75+,10919367.45660717
S1,2011,0-8,102493746.07997273
S1,2011,9-14,76444944.35901815
S1,2011,0-17,
S1,2011,18-29,
S1,2011,30-65,
S1,2011,66+,
S1,2011,15-26,
S1,2011,27-45,
S1,2011,46-65,
S1,2012,00-04,
S1,2012,05-09,
S1,2012,10-14,
S1,2012,15-19,57505067.4707081
S1,2012,20-24,54930748.87683067
S1,2012,25-29,51671401.23393289
S1,2012,30-34,45352451.60581809
S1,2012,35-39,43595783.14032474
S1,2012,40-44,36162096.23868467
S1,2012,45-49,31209324.120235957
S1,2012,50-54,24148780.411266916
S1,2012,55-59,20696080.47567473
S1,2012,60-64,20286394.114504036
S1,2012,65-69,14090658.484885648
S1,2012,70-74,9857817.463344105
S1,2012,75+,11344450.802064614
S1,2012,0-8,101840005.85077173
S1,2012,9-14,77004655.14203195
S1,2012,0-17,
S1,2012,18-29,
S1,2012,30-65,
S1,2012,66+,
S1,2012,15-26,
S1,2012,27-45,
S1,2012,46-65,
S1,2013,00-04,
S1,2013,05-09,
S1,2013,10-14,
S1,2013,15-19,57850701.14246564
S1,2013,20-24,55459761.42210856
S1,2013,25-29,52666764.20596096
S1,2013,30-34,46462611.87232117
S1,2013,35-39,44457686.79546357
S1,2013,40-44,36968641.15476999
S1,2013,45-49,31852740.682110682
S1,2013,50-54,24760870.29450315
S1,2013,55-59,21378367.378910724
S1,2013,60-64,21412542.5615022
S1,2013,65-69,14527059.475950854
S1,2013,70-74,10021555.527730677
S1,2013,75+,11805151.71150149
S1,2013,0-8,101280091.12348565
S1,2013,9-14,77386955.16082007
S1,2013,0-17,
S1,2013,18-29,
S1,2013,30-65,
S1,2013,66+,
S1,2013,15-26,
S1,2013,27-45,
S1,2013,46-65,
S1,2014,00-04,
S1,2014,05-09,
S1,2014,10-14,
S1,2014,15-19,58240755.11514907
S1,2014,20-24,55908852.66943751
S1,2014,25-29,53592457.47130597
S1,2014,30-34,47645572.9064354
S1,2014,35-39,45269734.14632056
S1,2014,40-44,37814480.29650529
S1,2014,45-49,32530724.997495547
S1,2014,50-54,25409777.51294986
S1,2014,55-59,22015139.411742285
S1,2014,60-64,22627818.797082912
S1,2014,65-69,14947945.90861432
S1,2014,70-74,10204089.21574657
S1,2014,75+,12282350.82984853
S1,2014,0-8,100695995.8193886
S1,2014,9-14,77610411.9048781
S1,2014,0-17,
S1,2014,18-29,
S1,2014,30-65,
S1,2014,66+,
S1,2014,15-26,
S1,2014,27-45,
S1,2014,46-65,
S1,2015,00-04,
S1,2015,05-09,
S1,2015,10-14,
S1,2015,15-19,58626644.578699745
S1,2015,20-24,56330987.55433726
S1,2015,25-29,54395332.62532692
S1,2015,30-34,48846199.537339695
S1,2015,35-39,46125459.171705976
S1,2015,40-44,38721040.01160713
S1,2015,45-49,33200584.373466607
S1,2015,50-54,26088434.57168303
S1,2015,55-59,22615404.805179648
S1,2015,60-64,23513887.705005042
S1,2015,65-69,15729019.769232268
S1,2015,70-74,10440610.019365381
S1,2015,75+,12750511.546902677
S1,2015,0-8,99961536.24559179
S1,2015,9-14,77575788.66971901
S1,2015,0-17,
S1,2015,18-29,
S1,2015,30-65,
S1,2015,66+,
S1,2015,15-26,
S1,2015,27-45,
S1,2015,46-65,
S1,2016,00-04,
S1,2016,05-09,
S1,2016,10-14,
S1,2016,15-19,59115710.704830445
S1,2016,20-24,56726489.201516554
S1,2016,25-29,55060186.62471368
S1,2016,30-34,49909825.46229511
S1,2016,35-39,47137125.11243518
S1,2016,40-44,39574572.93394832
S1,2016,45-49,33921171.316488065
S1,2016,50-54,26736812.7959864
S1,2016,55-59,23233169.889489915
S1,2016,60-64,24325671.740231827
S1,2016,65-69,16569994.85440084
S1,2016,70-74,10727857.86984709
S1,2016,75+,13216146.83725136
S1,2016,0-8,99449963.24651262
S1,2016,9-14,77192154.15484151
S1,2016,0-17,
S1,2016,18-29,
S1,2016,30-65,
S1,2016,66+,
S1,2016,15-26,
S1,2016,27-45,
S1,2016,46-65,
S1,2017,00-04,
S1,2017,05-09,
S1,2017,10-14,
S1,2017,15-19,59750572.530972034
S1,2017,20-24,57176671.38557172
S1,2017,25-29,55638389.26434679
S1,2017,30-34,51078960.101058856
S1,2017,35-39,48154099.39213432
S1,2017,40-44,40475151.57502073
S1,2017,45-49,34726465.61888269
S1,2017,50-54,27407529.368609175
S1,2017,55-59,23873271.081513263
S1,2017,60-64,25075951.40666976
S1,2017,65-69,17450101.96686529
S1,2017,70-74,11061111.373411989
S1,2017,75+,13685436.253657727
S1,2017,0-8,99165131.48680118
S1,2017,9-14,76541309.5758672
S1,2017,0-17,
S1,2017,18-29,
S1,2017,30-65,
S1,2017,66+,
S1,2017,15-26,
S1,2017,27-45,
S1,2017,46-65,
S1,2018,00-04,
S1,2018,05-09,
S1,2018,10-14,
S1,2018,15-19,60298642.821927465
S1,2018,20-24,57589966.15991771
S1,2018,25-29,56200454.95733718
S1,2018,30-34,52100995.47561818
S1,2018,35-39,49247105.84371151
S1,2018,40-44,41309402.3718192
S1,2018,45-49,35542340.29523546
S1,2018,50-54,28111060.813699827
S1,2018,55-59,24537087.437614582
S1,2018,60-64,25743203.62889029
S1,2018,65-69,18385329.62963603
S1,2018,70-74,11418128.409457138
S1,2018,75+,14162880.162422787
S1,2018,0-8,98628667.05415614
S1,2018,9-14,75883291.82931426
S1,2018,0-17,
S1,2018,18-29,
S1,2018,30-65,
S1,2018,66+,
S1,2018,15-26,
S1,2018,27-45,
S1,2018,46-65,
S1,2019,00-04,
S1,2019,05-09,
S1,2019,10-14,
S1,2019,15-19,60665643.19096635
S1,2019,20-24,58010026.84002614
S1,2019,25-29,56637220.83373926
S1,2019,30-34,53026921.28878646
S1,2019,35-39,50376556.624327786
S1,2019,40-44,42101517.10205701
S1,2019,45-49,36395122.30747421
S1,2019,50-54,28863886.8155816
S1,2019,55-59,25234877.038748648
S1,2019,60-64,26310479.667110234
S1,2019,65-69,19393295.692471974
S1,2019,70-74,11765353.63653135
S1,2019,75+,14654816.79899848
S1,2019,0-8,98141816.94623315
S1,2019,9-14,75379039.68250397
S1,2019,0-17,
S1,2019,18-29,
S1,2019,30-65,
S1,2019,66+,
S1,2019,15-26,
S1,2019,27-45,
S1,2019,46-65,
S1,2020,00-04,
S1,2020,05-09,
S1,2020,10-14,
S1,2020,15-19,60880263.650787964
S1,2020,20-24,58391348.16484372
S1,2020,25-29,57008333.62093366
S1,2020,30-34,53809394.053849444
S1,2020,35-39,51488675.46917731
S1,2020,40-44,42941902.93481841
S1,2020,45-49,37307109.25452333
S1,2020,50-54,29628939.84087635
S1,2020,55-59,25961049.91886283
S1,2020,60-64,26792509.662918072
S1,2020,65-69,20128935.931819536
S1,2020,70-74,12409573.235994993
S1,2020,75+,15167803.493511198
S1,2020,0-8,97574980.1112248
S1,2020,9-14,74824615.80026227
S1,2020,0-17,
S1,2020,18-29,
S1,2020,30-65,
S1,2020,66+,
S1,2020,15-26,
S1,2020,27-45,
S1,2020,46-65,
S1,2021,00-04,
S1,2021,05-09,
S1,2021,10-14,
S1,2021,15-19,60826219.01289482
S1,2021,20-24,58988951.173841015
S1,2021,25-29,57473654.7759248
S1,2021,30-34,54556136.02233738
S1,2021,35-39,52507905.932800554
S1,2021,40-44,43985096.97860254
S1,2021,45-49,38192876.20634513
S1,2021,50-54,30461188.424777046
S1,2021,55-59,26643794.61505799
S1,2021,60-64,27226746.18959237
S1,2021,65-69,20766806.22363549
S1,2021,70-74,13072941.219694149
S1,2021,75+,15613564.819630316
S1,2021,0-8,96880732.18599086
S1,2021,9-14,74389348.5170863
S1,2021,0-17,
S1,2021,18-29,
S1,2021,30-65,
S1,2021,66+,
S1,2021,15-26,
S1,2021,27-45,
S1,2021,46-65,
S1,2022,00-04,
S1,2022,05-09,
S1,2022,10-14,
S1,2022,15-19,60478430.67033921
S1,2022,20-24,59655262.41550596
S1,2022,25-29,57868653.42266599
S1,2022,30-34,55107207.04307374
S1,2022,35-39,53523423.51524696
S1,2022,40-44,44971111.82258552
S1,2022,45-49,39051021.59450306
S1,2022,50-54,31293329.905132752
S1,2022,55-59,27222654.08512973
S1,2022,60-64,27465028.60456169
S1,2022,65-69,21126701.044096414
S1,2022,70-74,13540972.66870364
S1,2022,75+,15659464.631621975
S1,2022,0-8,96218238.58894616
S1,2022,9-14,74015419.31184962
S1,2022,0-17,
S1,2022,18-29,
S1,2022,30-65,
S1,2022,66+,
S1,2022,15-26,
S1,2022,27-45,
S1,2022,46-65,
S1,2023,00-04,
S1,2023,05-09,
S1,2023,10-14,
S1,2023,15-19,59993679.11998862
S1,2023,20-24,60157654.15878109
S1,2023,25-29,58173735.33318074
S1,2023,30-34,55623015.06826901
S1,2023,35-39,54374546.68015699
S1,2023,40-44,46077811.273805
S1,2023,45-49,39911033.86315194
S1,2023,50-54,32261659.60024996
S1,2023,55-59,27985332.024015225
S1,2023,60-64,27935222.23583708
S1,2023,65-69,21725816.085783742
S1,2023,70-74,14338556.39291366
S1,2023,75+,16265632.927116923
S1,2023,0-8,95677658.08013608
S1,2023,9-14,73570252.33559516
S1,2023,0-17,
S1,2023,18-29,
S1,2023,30-65,
S1,2023,66+,
S1,2023,15-26,
S1,2023,27-45,
S1,2023,46-65,
S1,2024,00-04,
S1,2024,05-09,
S1,2024,10-14,
S1,2024,15-19,59637254.98999375
S1,2024,20-24,60534768.78545521
S1,2024,25-29,58543644.70117625
S1,2024,30-34,56063737.459147036
S1,2024,35-39,55146024.255179875
S1,2024,40-44,47258630.87602619
S1,2024,45-49,40748320.63618629
S1,2024,50-54,33290599.56450232
S1,2024,55-59,28801677.804032013
S1,2024,60-64,28416221.438182883
S1,2024,65-69,22255907.316226225
S1,2024,70-74,15206236.306293521
S1,2024,75+,16872708.645838168
S1,2024,0-8,95562691.83962995
S1,2024,9-14,72734327.84512994
S1,2024,0-17,
S1,2024,18-29,
S1,2024,30-65,
S1,2024,66+,
S1,2024,15-26,
S1,2024,27-45,
S1,2024,46-65,
S1,2025,00-04,
S1,2025,05-09,
S1,2025,10-14,
S1,2025,15-19,59401635.788929
S1,2025,20-24,60739026.1042267
S1,2025,25-29,58959778.71671905
S1,2025,30-34,56527670.99509074
S1,2025,35-39,55811873.42445893
S1,2025,40-44,48478584.436336055
S1,2025,45-49,41653868.713934794
S1,2025,50-54,34378467.49125044
S1,2025,55-59,29658381.54528674
S1,2025,60-64,28937792.57505495
S1,2025,65-69,22742030.00266227
S1,2025,70-74,15897741.290576143
S1,2025,75+,17784551.439824555
S1,2025,0-8,95331934.23327237
S1,2025,9-14,71896871.80242181
S1,2025,0-17,
S1,2025,18-29,
S1,2025,30-65,
S1,2025,66+,
S1,2025,15-26,
S1,2025,27-45,
S1,2025,46-65,
S1,2026,00-04,
S1,2026,05-09,
S1,2026,10-14,
S1,2026,15-19,59235261.14929801
S1,2026,20-24,60611073.91477742
S1,2026,25-29,59493800.494851165
S1,2026,30-34,57005540.663389966
S1,2026,35-39,56369652.37977665
S1,2026,40-44,49586460.39381173
S1,2026,45-49,42745552.301010735
S1,2026,50-54,35441270.76170621
S1,2026,55-59,30575745.50410968
S1,2026,60-64,29411866.37198156
S1,2026,65-69,23232822.793439254
S1,2026,70-74,16558993.251253074
S1,2026,75+,18772250.362083275
S1,2026,0-8,95011049.25308293
S1,2026,9-14,71239775.84134182
S1,2026,0-17,
S1,2026,18-29,
S1,2026,30-65,
S1,2026,66+,
S1,2026,15-26,
S1,2026,27-45,
S1,2026,46-65,
S1,2027,00-04,
S1,2027,05-09,
S1,2027,10-14,
S1,2027,15-19,59154053.72803503
S1,2027,20-24,60207904.124597855
S1,2027,25-29,60106248.52209842
S1,2027,30-34,57458565.11750963
S1,2027,35-39,56763453.965762146
S1,2027,40-44,50745427.917448156
S1,2027,45-49,43834728.51881103
S1,2027,50-54,36539879.203972615
S1,2027,55-59,31560300.65457755
S1,2027,60-64,29885160.88169802
S1,2027,65-69,23726106.374145873
S1,2027,70-74,17194236.258229736
S1,2027,75+,19824367.955208015
S1,2027,0-8,94985089.53989935
S1,2027,9-14,70331117.97085741
S1,2027,0-17,
S1,2027,18-29,
S1,2027,30-65,
S1,2027,66+,
S1,2027,15-26,
S1,2027,27-45,
S1,2027,46-65,
S1,2028,00-04,
S1,2028,05-09,
S1,2028,10-14,
S1,2028,15-19,59111731.80213609
S1,2028,20-24,59733804.236589
S1,2028,25-29,60625816.46288112
S1,2028,30-34,57899528.10842304
S1,2028,35-39,57167786.96522097
S1,2028,40-44,51771710.11937215
S1,2028,45-49,45026595.90608008
S1,2028,50-54,37597487.48902547
S1,2028,55-59,32555797.692880627
S1,2028,60-64,30380635.002277616
S1,2028,65-69,24232520.801044077
S1,2028,70-74,17794391.816499237
S1,2028,75+,20946375.116572265
S1,2028,0-8,94822860.76866364
S1,2028,9-14,69587731.56956993
S1,2028,0-17,
S1,2028,18-29,
S1,2028,30-65,
S1,2028,66+,
S1,2028,15-26,
S1,2028,27-45,
S1,2028,46-65,
S1,2029,00-04,
S1,2029,05-09,
S1,2029,10-14,
S1,2029,15-19,58917403.24253849
S1,2029,20-24,59369211.97192308
S1,2029,25-29,60951369.84411052
S1,2029,30-34,58368939.37302673
S1,2029,35-39,57475183.57744646
S1,2029,40-44,52718566.65923107
S1,2029,45-49,46283403.87919098
S1,2029,50-54,38635534.52797897
S1,2029,55-59,33582478.66986595
S1,2029,60-64,30912394.651694346
S1,2029,65-69,24762101.65739531
S1,2029,70-74,18346163.79648124
S1,2029,75+,22130070.577626735
S1,2029,0-8,94815264.70298542
S1,2029,9-14,68809593.30845185
S1,2029,0-17,
S1,2029,18-29,
S1,2029,30-65,
S1,2029,66+,
S1,2029,15-26,
S1,2029,27-45,
S1,2029,46-65,
S1,2030,00-04,
S1,2030,05-09,
S1,2030,10-14,
S1,2030,15-19,58260751.21858487
S1,2030,20-24,59143791.01785204
S1,2030,25-29,61116463.24001984
S1,2030,30-34,58821337.4608693
S1,2030,35-39,57756242.219037615
S1,2030,40-44,53545096.68922962
S1,2030,45-49,47557083.34943926
S1,2030,50-54,39737771.75934979
S1,2030,55-59,34660005.69890457
S1,2030,60-64,31437704.40442032
S1,2030,65-69,25313044.033107292
S1,2030,70-74,18861843.51723377
S1,2030,75+,23374615.585356694
S1,2030,0-8,95027484.7058301
S1,2030,9-14,68174669.96330355
S1,2030,0-17,
S1,2030,18-29,
S1,2030,30-65,
S1,2030,66+,
S1,2030,15-26,
S1,2030,27-45,
S1,2030,46-65,
S1,2031,00-04,
S1,2031,05-09,
S1,2031,10-14,
S1,2031,15-19,57775015.07884179
S1,2031,20-24,58974836.44498324
S1,2031,25-29,60930462.29863708
S1,2031,30-34,59377117.59246336
S1,2031,35-39,58047415.25796378
S1,2031,40-44,54268348.537473224
S1,2031,45-49,48717252.044995196
S1,2031,50-54,41013647.53807534
S1,2031,55-59,35694640.88186496
S1,2031,60-64,32014122.50301306
S1,2031,65-69,25832543.349204205
S1,2031,70-74,19389695.50479243
S1,2031,75+,24657850.49350682
S1,2031,0-8,95242429.52710932
S1,2031,9-14,67412900.50936183
S1,2031,0-17,
S1,2031,18-29,
S1,2031,30-65,
S1,2031,66+,
S1,2031,15-26,
S1,2031,27-45,
S1,2031,46-65,
S1,2032,00-04,
S1,2032,05-09,
S1,2032,10-14,
S1,2032,15-19,57398816.39476541
S1,2032,20-24,58883379.23396635
S1,2032,25-29,60460506.009359345
S1,2032,30-34,60003986.40615228
S1,2032,35-39,58316634.29980776
S1,2032,40-44,54834709.79643093
S1,2032,45-49,49924976.78882526
S1,2032,50-54,42281917.19522725
S1,2032,55-59,36749405.934244275
S1,2032,60-64,32652907.210463647
S1,2032,65-69,26362085.5788597
S1,2032,70-74,19927137.61644557
S1,2032,75+,25970647.330108568
S1,2032,0-8,95379063.98486707
S1,2032,9-14,66597085.58445237
S1,2032,0-17,
S1,2032,18-29,
S1,2032,30-65,
S1,2032,66+,
S1,2032,15-26,
S1,2032,27-45,
S1,2032,46-65,
S1,2033,00-04,
S1,2033,05-09,
S1,2033,10-14,
S1,2033,15-19,56770624.9421486
S1,2033,20-24,58824913.77742015
S1,2033,25-29,59916799.13186781
S1,2033,30-34,60533064.06887323
S1,2033,35-39,58580913.424129345
S1,2033,40-44,55410311.24635729
S1,2033,45-49,50998670.25763205
S1,2033,50-54,43640267.54437944
S1,2033,55-59,37745886.93647163
S1,2033,60-64,33299901.349262316
S1,2033,65-69,26922275.8132575
S1,2033,70-74,20482591.68804668
S1,2033,75+,27309224.914927017
S1,2033,0-8,95424447.63101645
S1,2033,9-14,66098916.038548656
S1,2033,0-17,
S1,2033,18-29,
S1,2033,30-65,
S1,2033,66+,
S1,2033,15-26,
S1,2033,27-45,
S1,2033,46-65,
S1,2034,00-04,
S1,2034,05-09,
S1,2034,10-14,
S1,2034,15-19,56388287.78111174
S1,2034,20-24,58607243.15489961
S1,2034,25-29,59481706.39745605
S1,2034,30-34,60863647.15546629
S1,2034,35-39,58883810.16701337
S1,2034,40-44,55889125.38736651
S1,2034,45-49,51989959.518272884
S1,2034,50-54,45049736.64329074
S1,2034,55-59,38706859.67386547
S1,2034,60-64,33981833.584274635
S1,2034,65-69,27525523.55832486
S1,2034,70-74,21063479.021501224
S1,2034,75+,28656388.837461613
S1,2034,0-8,95373751.99570468
S1,2034,9-14,65511214.95628807
S1,2034,0-17,
S1,2034,18-29,
S1,2034,30-65,
S1,2034,66+,
S1,2034,15-26,
S1,2034,27-45,
S1,2034,46-65,
S1,2035,00-04,
S1,2035,05-09,
S1,2035,10-14,
S1,2035,15-19,56196332.62701337
S1,2035,20-24,57920280.27609056
S1,2035,25-29,59185988.60086951
S1,2035,30-34,61029166.66891251
S1,2035,35-39,59181633.65425542
S1,2035,40-44,56337279.1207227
S1,2035,45-49,52857619.64919901
S1,2035,50-54,46460549.306107596
S1,2035,55-59,39716693.6733871
S1,2035,60-64,34722255.65371262
S1,2035,65-69,28131828.016035575
S1,2035,70-74,21666357.60944314
S1,2035,75+,30013517.987192027
S1,2035,0-8,95252257.1496349
S1,2035,9-14,65106831.25450011
S1,2035,0-17,
S1,2035,18-29,
S1,2035,30-65,
S1,2035,66+,
S1,2035,15-26,
S1,2035,27-45,
S1,2035,46-65,
S1,2036,00-04,
S1,2036,05-09,
S1,2036,10-14,
S1,2036,15-19,55657248.662988886
S1,2036,20-24,57401722.60322412
S1,2036,25-29,58949901.62262171
S1,2036,30-34,60842916.299052335
S1,2036,35-39,59599740.83223996
S1,2036,40-44,56789505.284535125
S1,2036,45-49,53617969.23436889
S1,2036,50-54,47741553.78330651
S1,2036,55-59,40884151.58700153
S1,2036,60-64,35432517.84900351
S1,2036,65-69,28791709.190878935
S1,2036,70-74,22244895.689912483
S1,2036,75+,31399499.48334111
S1,2036,0-8,95041732.96637818
S1,2036,9-14,64960746.22989352
S1,2036,0-17,
S1,2036,18-29,
S1,2036,30-65,
S1,2036,66+,
S1,2036,15-26,
S1,2036,27-45,
S1,2036,46-65,
S1,2037,00-04,
S1,2037,05-09,
S1,2037,10-14,
S1,2037,15-19,54989685.21963072
S1,2037,20-24,56989991.84510998
S1,2037,25-29,58794147.06243391
S1,2037,30-34,60370821.150136024
S1,2037,35-39,60106166.57372658
S1,2037,40-44,57212070.66010667
S1,2037,45-49,54217283.70924512
S1,2037,50-54,49046236.00082528
S1,2037,55-59,42028536.58260026
S1,2037,60-64,36183865.67180369
S1,2037,65-69,29516621.738946363
S1,2037,70-74,22834756.47088282
S1,2037,75+,32805962.053315237
S1,2037,0-8,94741362.33463025
S1,2037,9-14,64849719.962434456
S1,2037,0-17,
S1,2037,18-29,
S1,2037,30-65,
S1,2037,66+,
S1,2037,15-26,
S1,2037,27-45,
S1,2037,46-65,
S1,2038,00-04,
S1,2038,05-09,
S1,2038,10-14,
S1,2038,15-19,54623127.505394444
S1,2038,20-24,56320296.44666589
S1,2038,25-29,58670839.35981829
S1,2038,30-34,59819626.43235926
S1,2038,35-39,60531345.783790275
S1,2038,40-44,57618093.91863221
S1,2038,45-49,54817350.39405523
S1,2038,50-54,50190799.26696816
S1,2038,55-59,43245472.49889191
S1,2038,60-64,36902743.96030676
S1,2038,65-69,30255503.218038965
S1,2038,70-74,23451732.40878153
S1,2038,75+,34232140.50445728
S1,2038,0-8,94345656.27273968
S1,2038,9-14,64705930.21785774
S1,2038,0-17,
S1,2038,18-29,
S1,2038,30-65,
S1,2038,66+,
S1,2038,15-26,
S1,2038,27-45,
S1,2038,46-65,
S1,2039,00-04,
S1,2039,05-09,
S1,2039,10-14,
S1,2039,15-19,54141916.41873058
S1,2039,20-24,55894026.434538916
S1,2039,25-29,58391074.60128006
S1,2039,30-34,59374152.52131158
S1,2039,35-39,60778833.68576144
S1,2039,40-44,58049911.636095695
S1,2039,45-49,55313928.32813393
S1,2039,50-54,51223816.806556135
S1,2039,55-59,44498119.61199799
S1,2039,60-64,37620338.067294225
S1,2039,65-69,31033452.468786586
S1,2039,70-74,24106854.358645193
S1,2039,75+,35672004.070040025
S1,2039,0-8,93839925.13510318
S1,2039,9-14,64544595.06141819
S1,2039,0-17,
S1,2039,18-29,
S1,2039,30-65,
S1,2039,66+,
S1,2039,15-26,
S1,2039,27-45,
S1,2039,46-65,
S1,2040,00-04,
S1,2040,05-09,
S1,2040,10-14,
S1,2040,15-19,53852976.23476429
S1,2040,20-24,55656407.661528654
S1,2040,25-29,57646687.61805087
S1,2040,30-34,59065414.74963806
S1,2040,35-39,60884132.71537413
S1,2040,40-44,58463072.034323946
S1,2040,45-49,55772159.77853444
S1,2040,50-54,52102155.13168327
S1,2040,55-59,45739080.58298389
S1,2040,60-64,38424794.338838086
S1,2040,65-69,31870109.677744012
S1,2040,70-74,24763177.41240159
S1,2040,75+,37124399.19117326
S1,2040,0-8,93228889.1484215
S1,2040,9-14,64360848.05643863
S1,2040,0-17,
S1,2040,18-29,
S1,2040,30-65,
S1,2040,66+,
S1,2040,15-26,
S1,2040,27-45,
S1,2040,46-65,
S1,2041,00-04,
S1,2041,05-09,
S1,2041,10-14,
S1,2041,15-19,53791367.0
S1,2041,20-24,55069565.99999999
S1,2041,25-29,57075456.0
S1,2041,30-34,58813062.00000001
S1,2041,35-39,60662089.00000001
S1,2041,40-44,58979694.0
S1,2041,45-49,56225788.0
S1,2041,50-54,52839400.0
S1,2041,55-59,46841440.0
S1,2041,60-64,39425518.0
S1,2041,65-69,32683095.000000004
S1,2041,70-74,25464498.0
S1,2041,75+,38569027.0
S1,2041,0-8,92549428.00000001
S1,2041,9-14,64162361.0
S1,2041,0-17,
S1,2041,18-29,
S1,2041,30-65,
S1,2041,66+,
S1,2041,15-26,
S1,2041,27-45,
S1,2041,46-65,
S1,2042,00-04,
S1,2042,05-09,
S1,2042,10-14,
S1,2042,15-19,53761944.99999999
S1,2042,20-24,54360250.0
S1,2042,25-29,56620052.0
S1,2042,30-34,58641920.0
S1,2042,35-39,60170344.0
S1,2042,40-44,59568262.999999985
S1,2042,45-49,56646369.000000015
S1,2042,50-54,53404038.0
S1,2042,55-59,47975371.0
S1,2042,60-64,40436934.0
S1,2042,65-69,33528516.000000007
S1,2042,70-74,26218092.000000004
S1,2042,75+,40032132.0
S1,2042,0-8,91822764.0
S1,2042,9-14,63917464.99999999
S1,2042,0-17,
S1,2042,18-29,
S1,2042,30-65,
S1,2042,66+,
S1,2042,15-26,
S1,2042,27-45,
S1,2042,46-65,
S1,2043,00-04,
S1,2043,05-09,
S1,2043,10-14,
S1,2043,15-19,53698736.0
S1,2043,20-24,53962027.0
S1,2043,25-29,55919312.999999985
S1,2043,30-34,58508984.0
S1,2043,35-39,59606843.0
S1,2043,40-44,60061131.0
S1,2043,45-49,57052561.0
S1,2043,50-54,53977525.0
S1,2043,55-59,48981640.0
S1,2043,60-64,41539365.0
S1,2043,65-69,34325772.0
S1,2043,70-74,26976312.0
S1,2043,75+,41538320.0
S1,2043,0-8,91059473.0
S1,2043,9-14,63640040.0
S1,2043,0-17,
S1,2043,18-29,
S1,2043,30-65,
S1,2043,66+,
S1,2043,15-26,
S1,2043,27-45,
S1,2043,46-65,
S1,2044,00-04,
S1,2044,05-09,
S1,2044,10-14,
S1,2044,15-19,53599047.99999999
S1,2044,20-24,53457803.0
S1,2044,25-29,55470759.99999999
S1,2044,30-34,58223807.0
S1,2044,35-39,59154114.0
S1,2044,40-44,60360057.0
S1,2044,45-49,57485524.0
S1,2044,50-54,54457477.0
S1,2044,55-59,49912681.0
S1,2044,60-64,42699979.99999999
S1,2044,65-69,35101546.00000001
S1,2044,70-74,27759595.0
S1,2044,75+,43090969.99999999
S1,2044,0-8,90268207.99999999
S1,2044,9-14,63336810.99999999
S1,2044,0-17,
S1,2044,18-29,
S1,2044,30-65,
S1,2044,66+,
S1,2044,15-26,
S1,2044,27-45,
S1,2044,46-65,
S1,2045,00-04,
S1,2045,05-09,
S1,2045,10-14,
S1,2045,15-19,53464513.99999999
S1,2045,20-24,53156292.0
S1,2045,25-29,55221600.0
S1,2045,30-34,57480529.00000002
S1,2045,35-39,58843659.0
S1,2045,40-44,60499602.0
S1,2045,45-49,57901772.0
S1,2045,50-54,54909124.0
S1,2045,55-59,50730959.0
S1,2045,60-64,43877410.99999999
S1,2045,65-69,35936793.99999999
S1,2045,70-74,28582874.0
S1,2045,75+,44658504.99999999
S1,2045,0-8,89464562.0
S1,2045,9-14,62996408.99999999
S1,2045,0-17,
S1,2045,18-29,
S1,2045,30-65,
S1,2045,66+,
S1,2045,15-26,
S1,2045,27-45,
S1,2045,46-65,
S1,2046,00-04,
S1,2046,05-09,
S1,2046,10-14,
S1,2046,15-19,53326185.99999999
S1,2046,20-24,53092187.0
S1,2046,25-29,54636234.0
S1,2046,30-34,56915451.0
S1,2046,35-39,58595846.99999999
S1,2046,40-44,60295611.0
S1,2046,45-49,58422542.0
S1,2046,50-54,55365697.0
S1,2046,55-59,51451831.0
S1,2046,60-64,44952478.99999999
S1,2046,65-69,36930683.00000001
S1,2046,70-74,29369520.0
S1,2046,75+,46261336.99999999
S1,2046,0-8,88650343.0
S1,2046,9-14,62606322.0
S1,2046,0-17,
S1,2046,18-29,
S1,2046,30-65,
S1,2046,66+,
S1,2046,15-26,
S1,2046,27-45,
S1,2046,46-65,
S1,2047,00-04,
S1,2047,05-09,
S1,2047,10-14,
S1,2047,15-19,53151744.0
S1,2047,20-24,53063313.0
S1,2047,25-29,53931356.0
S1,2047,30-34,56465421.0
S1,2047,35-39,58430032.0
S1,2047,40-44,59813297.99999999
S1,2047,45-49,59014944.0
S1,2047,50-54,55794394.0
S1,2047,55-59,52026356.99999999
S1,2047,60-64,46074931.0
S1,2047,65-69,37922985.0
S1,2047,70-74,30180936.0
S1,2047,75+,47930552.99999999
S1,2047,0-8,87844870.0
S1,2047,9-14,62178051.999999985
S1,2047,0-17,
S1,2047,18-29,
S1,2047,30-65,
S1,2047,66+,
S1,2047,15-26,
S1,2047,27-45,
S1,2047,46-65,
S1,2048,00-04,
S1,2048,05-09,
S1,2048,10-14,
S1,2048,15-19,52936753.0
S1,2048,20-24,53000911.0
S1,2048,25-29,53536693.0
S1,2048,30-34,55770931.0
S1,2048,35-39,58302185.0
S1,2048,40-44,59259682.0
S1,2048,45-49,59512322.0
S1,2048,50-54,56208852.99999999
S1,2048,55-59,52609073.0
S1,2048,60-64,47074373.999999985
S1,2048,65-69,39000197.0
S1,2048,70-74,30949022.000000004
S1,2048,75+,49639276.0
S1,2048,0-8,87050405.0
S1,2048,9-14,61721795.00000001
S1,2048,0-17,
S1,2048,18-29,
S1,2048,30-65,
S1,2048,66+,
S1,2048,15-26,
S1,2048,27-45,
S1,2048,46-65,
S1,2049,00-04,
S1,2049,05-09,
S1,2049,10-14,
S1,2049,15-19,52698291.0
S1,2049,20-24,52902080.0
S1,2049,25-29,53037049.99999999
S1,2049,30-34,55328957.0
S1,2049,35-39,58023664.0
S1,2049,40-44,58816736.0
S1,2049,45-49,59817679.0
S1,2049,50-54,56649877.0
S1,2049,55-59,53100903.0
S1,2049,60-64,48002321.0
S1,2049,65-69,40132757.0
S1,2049,70-74,31700154.000000004
S1,2049,75+,51410764.0
S1,2049,0-8,86273409.0
S1,2049,9-14,61234496.0
S1,2049,0-17,
S1,2049,18-29,
S1,2049,30-65,
S1,2049,66+,
S1,2049,15-26,
S1,2049,27-45,
S1,2049,46-65,
S1,2050,00-04,
S1,2050,05-09,
S1,2050,10-14,
S1,2050,15-19,52427668.0
S1,2050,20-24,52767834.0
S1,2050,25-29,52737856.0
S1,2050,30-34,55083778.0
S1,2050,35-39,57287802.0
S1,2050,40-44,58514546.0
S1,2050,45-49,59964527.0
S1,2050,50-54,57074280.000000015
S1,2050,55-59,53565301.0
S1,2050,60-64,48822511.0
S1,2050,65-69,41282675.99999999
S1,2050,70-74,32507881.999999996
S1,2050,75+,53227964.0
S1,2050,0-8,85511088.0
S1,2050,9-14,60733839.0
S1,2050,0-17,
S1,2050,18-29,
S1,2050,30-65,
S1,2050,66+,
S1,2050,15-26,
S1,2050,27-45,
S1,2050,46-65,
S1,2051,00-04,
S1,2051,05-09,
S1,2051,10-14,
S1,2051,15-19,52118852.99999999
S1,2051,20-24,52631093.0
S1,2051,25-29,52676221.0
S1,2051,30-34,54503595.0
S1,2051,35-39,56729371.0
S1,2051,40-44,58274408.0
S1,2051,45-49,59771007.99999999
S1,2051,50-54,57602098.0
S1,2051,55-59,54034457.0
S1,2051,60-64,49549095.000000015
S1,2051,65-69,42338059.0
S1,2051,70-74,33461386.000000007
S1,2051,75+,55043322.0
S1,2051,0-8,84785912.0
S1,2051,9-14,60206042.0
S1,2051,0-17,
S1,2051,18-29,
S1,2051,30-65,
S1,2051,66+,
S1,2051,15-26,
S1,2051,27-45,
S1,2051,46-65,
S1,2052,00-04,
S1,2052,05-09,
S1,2052,10-14,
S1,2052,15-19,51781850.0
S1,2052,20-24,52458149.00000001
S1,2052,25-29,52649954.00000001
S1,2052,30-34,53804773.0
S1,2052,35-39,56285857.0
S1,2052,40-44,58115748.0
S1,2052,45-49,59301829.99999999
S1,2052,50-54,58200705.0
S1,2052,55-59,54476501.99999999
S1,2052,60-64,50135904.0
S1,2052,65-69,43439857.0
S1,2052,70-74,34416018.0
S1,2052,75+,56939293.0
S1,2052,0-8,84100944.0
S1,2052,9-14,59659766.0
S1,2052,0-17,
S1,2052,18-29,
S1,2052,30-65,
S1,2052,66+,
S1,2052,15-26,
S1,2052,27-45,
S1,2052,46-65,
S1,2053,00-04,
S1,2053,05-09,
S1,2053,10-14,
S1,2053,15-19,51424561.00000001
S1,2053,20-24,52245697.0
S1,2053,25-29,52591355.0
S1,2053,30-34,53415712.0
S1,2053,35-39,55599159.0
S1,2053,40-44,57994903.0
S1,2053,45-49,58762072.0
S1,2053,50-54,58705294.0
S1,2053,55-59,54904787.99999999
S1,2053,60-64,50730587.0
S1,2053,65-69,44425529.0
S1,2053,70-74,35448029.0
S1,2053,75+,58832920.0
S1,2053,0-8,83442174.0
S1,2053,9-14,59113907.0
S1,2053,0-17,
S1,2053,18-29,
S1,2053,30-65,
S1,2053,66+,
S1,2053,15-26,
S1,2053,27-45,
S1,2053,46-65,
S1,2054,00-04,
S1,2054,05-09,
S1,2054,10-14,
S1,2054,15-19,51031743.0
S1,2054,20-24,52011441.0
S1,2054,25-29,52498906.0
S1,2054,30-34,52924233.0
S1,2054,35-39,55165354.99999999
S1,2054,40-44,57724981.0
S1,2054,45-49,58332492.99999999
S1,2054,50-54,59020196.0
S1,2054,55-59,55359063.0
S1,2054,60-64,51237886.99999999
S1,2054,65-69,45344754.0
S1,2054,70-74,36531253.0
S1,2054,75+,60764671.0
S1,2054,0-8,82814524.0
S1,2054,9-14,58582900.0
S1,2054,0-17,
S1,2054,18-29,
S1,2054,30-65,
S1,2054,66+,
S1,2054,15-26,
S1,2054,27-45,
S1,2054,46-65,
S1,2055,00-04,
S1,2055,05-09,
S1,2055,10-14,
S1,2055,15-19,50609238.0
S1,2055,20-24,51742793.999999985
S1,2055,25-29,52368643.0
S1,2055,30-34,52630956.99999999
S1,2055,35-39,54926205.0
S1,2055,40-44,56999335.0
S1,2055,45-49,58041890.99999999
S1,2055,50-54,59177669.99999999
S1,2055,55-59,55796502.0
S1,2055,60-64,51718448.0
S1,2055,65-69,46162949.0
S1,2055,70-74,37632204.00000001
S1,2055,75+,62785839.0
S1,2055,0-8,82211231.0
S1,2055,9-14,58051267.0
S1,2055,0-17,
S1,2055,18-29,
S1,2055,30-65,
S1,2055,66+,
S1,2055,15-26,
S1,2055,27-45,
S1,2055,46-65,
S1,2056,00-04,
S1,2056,05-09,
S1,2056,10-14,
S1,2056,15-19,50179513.0
S1,2056,20-24,51436557.0
S1,2056,25-29,52235690.99999999
S1,2056,30-34,52573619.0
S1,2056,35-39,54352704.99999999
S1,2056,40-44,56449759.0
S1,2056,45-49,57812098.99999999
S1,2056,50-54,58998946.0
S1,2056,55-59,56335277.0
S1,2056,60-64,52203398.0
S1,2056,65-69,46892818.0
S1,2056,70-74,38649710.99999999
S1,2056,75+,64935390.99999999
S1,2056,0-8,81643091.0
S1,2056,9-14,57516202.99999999
S1,2056,0-17,
S1,2056,18-29,
S1,2056,30-65,
S1,2056,66+,
S1,2056,15-26,
S1,2056,27-45,
S1,2056,46-65,
S1,2057,00-04,
S1,2057,05-09,
S1,2057,10-14,
S1,2057,15-19,49732121.0
S1,2057,20-24,51100009.0
S1,2057,25-29,52064268.0
S1,2057,30-34,52550166.0
S1,2057,35-39,53660278.0
S1,2057,40-44,56013959.0
S1,2057,45-49,57662339.0
S1,2057,50-54,58547937.0
S1,2057,55-59,56942991.0
S1,2057,60-64,52661913.0
S1,2057,65-69,47492179.0
S1,2057,70-74,39712136.99999999
S1,2057,75+,67155784.0
S1,2057,0-8,81121769.0
S1,2057,9-14,56990227.0
S1,2057,0-17,
S1,2057,18-29,
S1,2057,30-65,
S1,2057,66+,
S1,2057,15-26,
S1,2057,27-45,
S1,2057,46-65,
S1,2058,00-04,
S1,2058,05-09,
S1,2058,10-14,
S1,2058,15-19,49277501.99999999
S1,2058,20-24,50744862.0
S1,2058,25-29,51854655.0
S1,2058,30-34,52494839.0
S1,2058,35-39,53276424.99999999
S1,2058,40-44,55336146.0
S1,2058,45-49,57549854.0
S1,2058,50-54,58027185.0
S1,2058,55-59,57457944.0
S1,2058,60-64,53107199.0
S1,2058,65-69,48098886.0
S1,2058,70-74,40668341.0
S1,2058,75+,69439387.0
S1,2058,0-8,80629539.0
S1,2058,9-14,56489295.0
S1,2058,0-17,
S1,2058,18-29,
S1,2058,30-65,
S1,2058,66+,
S1,2058,15-26,
S1,2058,27-45,
S1,2058,46-65,
S1,2059,00-04,
S1,2059,05-09,
S1,2059,10-14,
S1,2059,15-19,48830111.0
S1,2059,20-24,50353465.0
S1,2059,25-29,51621651.0
S1,2059,30-34,52403798.0
S1,2059,35-39,52789260.0
S1,2059,40-44,54909019.0
S1,2059,45-49,57288639.99999999
S1,2059,50-54,57614719.00000001
S1,2059,55-59,57785990.00000001
S1,2059,60-64,53577289.0
S1,2059,65-69,48623132.999999985
S1,2059,70-74,41565669.0
S1,2059,75+,71803173.0
S1,2059,0-8,80143892.0
S1,2059,9-14,56016061.99999999
S1,2059,0-17,
S1,2059,18-29,
S1,2059,30-65,
S1,2059,66+,
S1,2059,15-26,
S1,2059,27-45,
S1,2059,46-65,
S1,2060,00-04,
S1,2060,05-09,
S1,2060,10-14,
S1,2060,15-19,48392078.000000015
S1,2060,20-24,49934500.0
S1,2060,25-29,51357742.0
S1,2060,30-34,52278280.0
S1,2060,35-39,52501643.99999999
S1,2060,40-44,54676361.0
S1,2060,45-49,56575789.0
S1,2060,50-54,57340318.0
S1,2060,55-59,57959897.000000015
S1,2060,60-64,54031673.0
S1,2060,65-69,49123185.0
S1,2060,70-74,42372837.99999999
S1,2060,75+,74258586.0
S1,2060,0-8,79665960.0
S1,2060,9-14,55565059.99999999
S1,2060,0-17,
S1,2060,18-29,
S1,2060,30-65,
S1,2060,66+,
S1,2060,15-26,
S1,2060,27-45,
S1,2060,46-65,
S1,2061,00-04,
S1,2061,05-09,
S1,2061,10-14,
S1,2061,15-19,47938483.0
S1,2061,20-24,49507084.0
S1,2061,25-29,51054341.0
S1,2061,30-34,52148055.0
S1,2061,35-39,52447533.0
S1,2061,40-44,54110059.0
S1,2061,45-49,56037157.99999999
S1,2061,50-54,57124884.0
S1,2061,55-59,57804050.00000001
S1,2061,60-64,54584388.00000002
S1,2061,65-69,49626985.0
S1,2061,70-74,43098860.0
S1,2061,75+,76748338.0
S1,2061,0-8,79193383.0
S1,2061,9-14,55148212.0
S1,2061,0-17,
S1,2061,18-29,
S1,2061,30-65,
S1,2061,66+,
S1,2061,15-26,
S1,2061,27-45,
S1,2061,46-65,
S1,2062,00-04,
S1,2062,05-09,
S1,2062,10-14,
S1,2062,15-19,47499905.0
S1,2062,20-24,49061148.0
S1,2062,25-29,50720722.0
S1,2062,30-34,51980615.0
S1,2062,35-39,52428054.0
S1,2062,40-44,53426098.0
S1,2062,45-49,55611917.0
S1,2062,50-54,56988210.000000015
S1,2062,55-59,57381790.0
S1,2062,60-64,55204160.0
S1,2062,65-69,50105959.0
S1,2062,70-74,43707780.0
S1,2062,75+,79334255.0
S1,2062,0-8,78718594.0
S1,2062,9-14,54746335.99999999
S1,2062,0-17,
S1,2062,18-29,
S1,2062,30-65,
S1,2062,66+,
S1,2062,15-26,
S1,2062,27-45,
S1,2062,46-65,
S1,2063,00-04,
S1,2063,05-09,
S1,2063,10-14,
S1,2063,15-19,47073224.0
S1,2063,20-24,48607507.0
S1,2063,25-29,50366736.99999999
S1,2063,30-34,51772890.0
S1,2063,35-39,52375274.0
S1,2063,40-44,53047977.0
S1,2063,45-49,54945433.0
S1,2063,50-54,56887390.0
S1,2063,55-59,56890563.0
S1,2063,60-64,55732769.0
S1,2063,65-69,50571916.0
S1,2063,70-74,44322475.0
S1,2063,75+,81873578.0
S1,2063,0-8,78249500.99999999
S1,2063,9-14,54377395.0
S1,2063,0-17,
S1,2063,18-29,
S1,2063,30-65,
S1,2063,66+,
S1,2063,15-26,
S1,2063,27-45,
S1,2063,46-65,
S1,2064,00-04,
S1,2064,05-09,
S1,2064,10-14,
S1,2064,15-19,46663277.00000001
S1,2064,20-24,48162848.0
S1,2064,25-29,49978595.0
S1,2064,30-34,51543231.0
S1,2064,35-39,52287783.99999999
S1,2064,40-44,52567792.0
S1,2064,45-49,54528270.0
S1,2064,50-54,56639459.0
S1,2064,55-59,56505580.0
S1,2064,60-64,56079197.0
S1,2064,65-69,51061460.0
S1,2064,70-74,44861935.0
S1,2064,75+,84424121.0
S1,2064,0-8,77786157.0
S1,2064,9-14,54017307.0
S1,2064,0-17,
S1,2064,18-29,
S1,2064,30-65,
S1,2064,66+,
S1,2064,15-26,
S1,2064,27-45,
S1,2064,46-65,
S1,2065,00-04,
S1,2065,05-09,
S1,2065,10-14,
S1,2065,15-19,46273663.0
S1,2065,20-24,47726097.0
S1,2065,25-29,49560710.99999999
S1,2065,30-34,51280526.0
S1,2065,35-39,52164419.99999999
S1,2065,40-44,52285118.0
S1,2065,45-49,54302729.0
S1,2065,50-54,55944041.0
S1,2065,55-59,56255927.0
S1,2065,60-64,56275220.0
S1,2065,65-69,51536346.99999999
S1,2065,70-74,45380449.0
S1,2065,75+,86971715.99999999
S1,2065,0-8,77315438.0
S1,2065,9-14,53671950.0
S1,2065,0-17,
S1,2065,18-29,
S1,2065,30-65,
S1,2065,66+,
S1,2065,15-26,
S1,2065,27-45,
S1,2065,46-65,
S1,2066,00-04,
S1,2066,05-09,
S1,2066,10-14,
S1,2066,15-19,45914299.99999999
S1,2066,20-24,47273383.0
S1,2066,25-29,49133961.0
S1,2066,30-34,50978133.0
S1,2066,35-39,52036118.0
S1,2066,40-44,52234411.99999999
S1,2066,45-49,53745574.0
S1,2066,50-54,55420916.0
S1,2066,55-59,56062792.0
S1,2066,60-64,56150530.0
S1,2066,65-69,52105566.000000015
S1,2066,70-74,45901793.0
S1,2066,75+,89465454.0
S1,2066,0-8,76817294.0
S1,2066,9-14,53350067.99999999
S1,2066,0-17,
S1,2066,18-29,
S1,2066,30-65,
S1,2066,66+,
S1,2066,15-26,
S1,2066,27-45,
S1,2066,46-65,
S1,2067,00-04,
S1,2067,05-09,
S1,2067,10-14,
S1,2067,15-19,45579186.99999999
S1,2067,20-24,46839386.999999985
S1,2067,25-29,48693957.0
S1,2067,30-34,50650103.99999999
S1,2067,35-39,51873710.0
S1,2067,40-44,52220045.99999999
S1,2067,45-49,53073111.99999999
S1,2067,50-54,55011251.0
S1,2067,55-59,55947035.0
S1,2067,60-64,55768090.0
S1,2067,65-69,52740117.99999999
S1,2067,70-74,46401827.0
S1,2067,75+,91939000.0
S1,2067,0-8,76308495.0
S1,2067,9-14,53039842.0
S1,2067,0-17,
S1,2067,18-29,
S1,2067,30-65,
S1,2067,66+,
S1,2067,15-26,
S1,2067,27-45,
S1,2067,46-65,
S1,2068,00-04,
S1,2068,05-09,
S1,2068,10-14,
S1,2068,15-19,45265053.00000001
S1,2068,20-24,46415880.0
S1,2068,25-29,48244602.0
S1,2068,30-34,50300516.0
S1,2068,35-39,51670323.99999999
S1,2068,40-44,52171964.0
S1,2068,45-49,52703695.0
S1,2068,50-54,54362058.0
S1,2068,55-59,55865402.0
S1,2068,60-64,55317897.0
S1,2068,65-69,53285712.0
S1,2068,70-74,46889497.0
S1,2068,75+,94370534.00000001
S1,2068,0-8,75784439.0
S1,2068,9-14,52738739.0
S1,2068,0-17,
S1,2068,18-29,
S1,2068,30-65,
S1,2068,66+,
S1,2068,15-26,
S1,2068,27-45,
S1,2068,46-65,
S1,2069,00-04,
S1,2069,05-09,
S1,2069,10-14,
S1,2069,15-19,44970591.0
S1,2069,20-24,46007411.0
S1,2069,25-29,47801446.0
S1,2069,30-34,49914170.99999999
S1,2069,35-39,51443219.0
S1,2069,40-44,52088107.0
S1,2069,45-49,52232367.00000001
S1,2069,50-54,53959106.0
S1,2069,55-59,55638187.000000015
S1,2069,60-64,54970255.0
S1,2069,65-69,53654867.99999999
S1,2069,70-74,47398414.0
S1,2069,75+,96738663.99999999
S1,2069,0-8,75243515.0
S1,2069,9-14,52436265.0
S1,2069,0-17,
S1,2069,18-29,
S1,2069,30-65,
S1,2069,66+,
S1,2069,15-26,
S1,2069,27-45,
S1,2069,46-65,
S1,2070,00-04,
S1,2070,05-09,
S1,2070,10-14,
S1,2070,15-19,44672958.0
S1,2070,20-24,45620318.0
S1,2070,25-29,47367775.0
S1,2070,30-34,49499661.0
S1,2070,35-39,51184172.0
S1,2070,40-44,51969161.0
S1,2070,45-49,51957489.0
S1,2070,50-54,53744640.99999999
S1,2070,55-59,54970598.0
S1,2070,60-64,54754547.0
S1,2070,65-69,53879223.0
S1,2070,70-74,47894498.0
S1,2070,75+,99083435.0
S1,2070,0-8,74678675.0
S1,2070,9-14,52147708.0
S1,2070,0-17,
S1,2070,18-29,
S1,2070,30-65,
S1,2070,66+,
S1,2070,15-26,
S1,2070,27-45,
S1,2070,46-65,
S1,2071,00-04,
S1,2071,05-09,
S1,2071,10-14,
S1,2071,15-19,44389258.0
S1,2071,20-24,45263282.99999999
S1,2071,25-29,46918289.000000015
S1,2071,30-34,49076812.00000001
S1,2071,35-39,50885949.0
S1,2071,40-44,51845499.99999999
S1,2071,45-49,51912816.0
S1,2071,50-54,53201765.99999999
S1,2071,55-59,54472648.0
S1,2071,60-64,54592425.0
S1,2071,65-69,53796136.999999985
S1,2071,70-74,48479500.0
S1,2071,75+,101383269.0
S1,2071,0-8,74114339.0
S1,2071,9-14,51840825.99999999
S1,2071,0-17,
S1,2071,18-29,
S1,2071,30-65,
S1,2071,66+,
S1,2071,15-26,
S1,2071,27-45,
S1,2071,46-65,
S1,2072,00-04,
S1,2072,05-09,
S1,2072,10-14,
S1,2072,15-19,44125950.99999999
S1,2072,20-24,44929738.99999999
S1,2072,25-29,46485155.0
S1,2072,30-34,48637734.0
S1,2072,35-39,50560024.0
S1,2072,40-44,51686488.0
S1,2072,45-49,51903247.0
S1,2072,50-54,52544531.0
S1,2072,55-59,54086159.0
S1,2072,60-64,54504256.0
S1,2072,65-69,53466433.000000015
S1,2072,70-74,49125558.0
S1,2072,75+,103643355.0
S1,2072,0-8,73537344.0
S1,2072,9-14,51523093.0
S1,2072,0-17,
S1,2072,18-29,
S1,2072,30-65,
S1,2072,66+,
S1,2072,15-26,
S1,2072,27-45,
S1,2072,46-65,
S1,2073,00-04,
S1,2073,05-09,
S1,2073,10-14,
S1,2073,15-19,43880583.99999999
S1,2073,20-24,44617787.0
S1,2073,25-29,46063609.0
S1,2073,30-34,48190357.0
S1,2073,35-39,50213251.0
S1,2073,40-44,51487039.0
S1,2073,45-49,51860380.0
S1,2073,50-54,52186943.99999999
S1,2073,55-59,53463222.0
S1,2073,60-64,54448437.0
S1,2073,65-69,53071561.99999999
S1,2073,70-74,49686744.0
S1,2073,75+,105856353.0
S1,2073,0-8,72945664.0
S1,2073,9-14,51190834.0
S1,2073,0-17,
S1,2073,18-29,
S1,2073,30-65,
S1,2073,66+,
S1,2073,15-26,
S1,2073,27-45,
S1,2073,46-65,
S1,2074,00-04,
S1,2074,05-09,
S1,2074,10-14,
S1,2074,15-19,43633816.99999999
S1,2074,20-24,44326766.99999999
S1,2074,25-29,45658996.0
S1,2074,30-34,47750880.99999999
S1,2074,35-39,49830955.0
S1,2074,40-44,51264676.0
S1,2074,45-49,51782427.0
S1,2074,50-54,51729411.0
S1,2074,55-59,53083145.0
S1,2074,60-64,54250496.99999999
S1,2074,65-69,52775750.0
S1,2074,70-74,50082160.99999999
S1,2074,75+,108047315.0
S1,2074,0-8,72342664.0
S1,2074,9-14,50860865.0
S1,2074,0-17,
S1,2074,18-29,
S1,2074,30-65,
S1,2074,66+,
S1,2074,15-26,
S1,2074,27-45,
S1,2074,46-65,
S1,2075,00-04,
S1,2075,05-09,
S1,2075,10-14,
S1,2075,15-19,43397782.99999999
S1,2075,20-24,44032285.99999999
S1,2075,25-29,45275185.00000001
S1,2075,30-34,47320233.0
S1,2075,35-39,49420090.0
S1,2075,40-44,51010130.0
S1,2075,45-49,51669306.0
S1,2075,50-54,51465919.0
S1,2075,55-59,52886176.99999999
S1,2075,60-64,53621565.0
S1,2075,65-69,52606766.0
S1,2075,70-74,50340647.99999999
S1,2075,75+,110208484.0
S1,2075,0-8,71738442.0
S1,2075,9-14,50521786.99999999
S1,2075,0-17,
S1,2075,18-29,
S1,2075,30-65,
S1,2075,66+,
S1,2075,15-26,
S1,2075,27-45,
S1,2075,46-65,
S1,2076,00-04,
S1,2076,05-09,
S1,2076,10-14,
S1,2076,15-19,43156734.0
S1,2076,20-24,43751550.0
S1,2076,25-29,44921422.99999999
S1,2076,30-34,46874093.0
S1,2076,35-39,49001102.0
S1,2076,40-44,50716647.0
S1,2076,45-49,51551479.99999999
S1,2076,50-54,51429776.99999999
S1,2076,55-59,52365516.000000015
S1,2076,60-64,53158298.0
S1,2076,65-69,52487143.0
S1,2076,70-74,50311889.99999999
S1,2076,75+,112421248.0
S1,2076,0-8,71123507.0
S1,2076,9-14,50173925.0
S1,2076,0-17,
S1,2076,18-29,
S1,2076,30-65,
S1,2076,66+,
S1,2076,15-26,
S1,2076,27-45,
S1,2076,46-65,
S1,2077,00-04,
S1,2077,05-09,
S1,2077,10-14,
S1,2077,15-19,42888344.99999999
S1,2077,20-24,43491831.99999999
S1,2077,25-29,44591650.0
S1,2077,30-34,46444478.0
S1,2077,35-39,48566001.0
S1,2077,40-44,50395569.0
S1,2077,45-49,51398458.99999999
S1,2077,50-54,51428176.00000001
S1,2077,55-59,51732705.0
S1,2077,60-64,52804031.99999999
S1,2077,65-69,52436882.0
S1,2077,70-74,50053521.0
S1,2077,75+,114665218.0
S1,2077,0-8,70520081.0
S1,2077,9-14,49821811.0
S1,2077,0-17,
S1,2077,18-29,
S1,2077,30-65,
S1,2077,66+,
S1,2077,15-26,
S1,2077,27-45,
S1,2077,46-65,
S1,2078,00-04,
S1,2078,05-09,
S1,2078,10-14,
S1,2078,15-19,42618333.99999999
S1,2078,20-24,43249718.99999999
S1,2078,25-29,44283106.0
S1,2078,30-34,46026236.99999999
S1,2078,35-39,48122483.0
S1,2078,40-44,50053579.0
S1,2078,45-49,51205087.0
S1,2078,50-54,51393447.0
S1,2078,55-59,51394203.0
S1,2078,60-64,52217741.0
S1,2078,65-69,52416386.0
S1,2078,70-74,49734334.0
S1,2078,75+,116800846.0
S1,2078,0-8,69930621.0
S1,2078,9-14,49447398.000000015
S1,2078,0-17,
S1,2078,18-29,
S1,2078,30-65,
S1,2078,66+,
S1,2078,15-26,
S1,2078,27-45,
S1,2078,46-65,
S1,2079,00-04,
S1,2079,05-09,
S1,2079,10-14,
S1,2079,15-19,42342973.0
S1,2079,20-24,43007375.0
S1,2079,25-29,43996522.0
S1,2079,30-34,45625311.0
S1,2079,35-39,47687007.0
S1,2079,40-44,49676247.0
S1,2079,45-49,50988886.0
S1,2079,50-54,51323828.0
S1,2079,55-59,50957770.0
S1,2079,60-64,51868570.99999999
S1,2079,65-69,52257418.0
S1,2079,70-74,49507222.0
S1,2079,75+,118764292.0
S1,2079,0-8,69352564.0
S1,2079,9-14,49058816.0
S1,2079,0-17,
S1,2079,18-29,
S1,2079,30-65,
S1,2079,66+,
S1,2079,15-26,
S1,2079,27-45,
S1,2079,46-65,
S1,2080,00-04,
S1,2080,05-09,
S1,2080,10-14,
S1,2080,15-19,42068509.99999999
S1,2080,20-24,42774972.0
S1,2080,25-29,43705736.00000001
S1,2080,30-34,45244688.0
S1,2080,35-39,47260026.0
S1,2080,40-44,49270225.99999999
S1,2080,45-49,50740518.99999999
S1,2080,50-54,51219246.0
S1,2080,55-59,50712033.0
S1,2080,60-64,51695802.0
S1,2080,65-69,51681554.0
S1,2080,70-74,49400555.0
S1,2080,75+,120596384.0
S1,2080,0-8,68777443.0
S1,2080,9-14,48659427.0
S1,2080,0-17,
S1,2080,18-29,
S1,2080,30-65,
S1,2080,66+,
S1,2080,15-26,
S1,2080,27-45,
S1,2080,46-65,
S1,2081,00-04,
S1,2081,05-09,
S1,2081,10-14,
S1,2081,15-19,41781841.0
S1,2081,20-24,42537207.99999999
S1,2081,25-29,43428467.99999999
S1,2081,30-34,44894178.0
S1,2081,35-39,46817698.0
S1,2081,40-44,48856142.0
S1,2081,45-49,50453410.999999985
S1,2081,50-54,51109916.0
S1,2081,55-59,50689383.99999999
S1,2081,60-64,51206065.0
S1,2081,65-69,51266257.0
S1,2081,70-74,49337475.0
S1,2081,75+,122224244.0
S1,2081,0-8,68211347.0
S1,2081,9-14,48262249.0
S1,2081,0-17,
S1,2081,18-29,
S1,2081,30-65,
S1,2081,66+,
S1,2081,15-26,
S1,2081,27-45,
S1,2081,46-65,
S1,2082,00-04,
S1,2082,05-09,
S1,2082,10-14,
S1,2082,15-19,41500291.0
S1,2082,20-24,42272638.99999999
S1,2082,25-29,43172332.99999999
S1,2082,30-34,44567384.0
S1,2082,35-39,46391643.0
S1,2082,40-44,48425853.99999999
S1,2082,45-49,50138750.99999999
S1,2082,50-54,50965630.0
S1,2082,55-59,50700586.0
S1,2082,60-64,50607379.99999999
S1,2082,65-69,50957509.0
S1,2082,70-74,49338167.0
S1,2082,75+,123689999.0
S1,2082,0-8,67656968.0
S1,2082,9-14,47849874.0
S1,2082,0-17,
S1,2082,18-29,
S1,2082,30-65,
S1,2082,66+,
S1,2082,15-26,
S1,2082,27-45,
S1,2082,46-65,
S1,2083,00-04,
S1,2083,05-09,
S1,2083,10-14,
S1,2083,15-19,41197735.0
S1,2083,20-24,42007192.999999985
S1,2083,25-29,42934843.99999999
S1,2083,30-34,44262725.99999999
S1,2083,35-39,45977545.0
S1,2083,40-44,47987528.0
S1,2083,45-49,49803460.0
S1,2083,50-54,50781384.0
S1,2083,55-59,50679121.0
S1,2083,60-64,50295734.0
S1,2083,65-69,50423157.0
S1,2083,70-74,49365072.0
S1,2083,75+,125019988.0
S1,2083,0-8,67123814.0
S1,2083,9-14,47441977.0
S1,2083,0-17,
S1,2083,18-29,
S1,2083,30-65,
S1,2083,66+,
S1,2083,15-26,
S1,2083,27-45,
S1,2083,46-65,
S1,2084,00-04,
S1,2084,05-09,
S1,2084,10-14,
S1,2084,15-19,40885459.99999999
S1,2084,20-24,41734468.99999999
S1,2084,25-29,42694159.99999999
S1,2084,30-34,43977194.0
S1,2084,35-39,45578811.0
S1,2084,40-44,47555943.0
S1,2084,45-49,49432119.0
S1,2084,50-54,50573798.99999999
S1,2084,55-59,50622630.0
S1,2084,60-64,49888619.0
S1,2084,65-69,50118081.0
S1,2084,70-74,49259766.99999999
S1,2084,75+,126296842.0
S1,2084,0-8,66601428.0
S1,2084,9-14,47039286.0
S1,2084,0-17,
S1,2084,18-29,
S1,2084,30-65,
S1,2084,66+,
S1,2084,15-26,
S1,2084,27-45,
S1,2084,46-65,
S1,2085,00-04,
S1,2085,05-09,
S1,2085,10-14,
S1,2085,15-19,40550859.00000001
S1,2085,20-24,41463920.0
S1,2085,25-29,42465176.99999999
S1,2085,30-34,43688992.0
S1,2085,35-39,45201304.0
S1,2085,40-44,47133385.0
S1,2085,45-49,49032536.0
S1,2085,50-54,50334432.99999999
S1,2085,55-59,50531653.0
S1,2085,60-64,49667649.0
S1,2085,65-69,49978838.99999999
S1,2085,70-74,48758435.0
S1,2085,75+,127581640.0
S1,2085,0-8,66102325.0
S1,2085,9-14,46642486.0
S1,2085,0-17,
S1,2085,18-29,
S1,2085,30-65,
S1,2085,66+,
S1,2085,15-26,
S1,2085,27-45,
S1,2085,46-65,
S1,2086,00-04,
S1,2086,05-09,
S1,2086,10-14,
S1,2086,15-19,40215366.00000001
S1,2086,20-24,41179728.0
S1,2086,25-29,42229327.00000001
S1,2086,30-34,43413469.0
S1,2086,35-39,44853331.99999999
S1,2086,40-44,46695149.0
S1,2086,45-49,48624607.0
S1,2086,50-54,50056308.99999999
S1,2086,55-59,50435560.0
S1,2086,60-64,49663730.0
S1,2086,65-69,49531974.0
S1,2086,70-74,48409699.0
S1,2086,75+,128735436.0
S1,2086,0-8,65612410.0
S1,2086,9-14,46250070.0
S1,2086,0-17,
S1,2086,18-29,
S1,2086,30-65,
S1,2086,66+,
S1,2086,15-26,
S1,2086,27-45,
S1,2086,46-65,
S1,2087,00-04,
S1,2087,05-09,
S1,2087,10-14,
S1,2087,15-19,39878833.0
S1,2087,20-24,40899956.0
S1,2087,25-29,41965220.0
S1,2087,30-34,43157504.0
S1,2087,35-39,44527954.0
S1,2087,40-44,46272390.99999999
S1,2087,45-49,48199968.0
S1,2087,50-54,49750312.0
S1,2087,55-59,50304354.0
S1,2087,60-64,49692049.0
S1,2087,65-69,48980335.0
S1,2087,70-74,48162522.000000015
S1,2087,75+,129814579.0
S1,2087,0-8,65137404.0
S1,2087,9-14,45862589.99999999
S1,2087,0-17,
S1,2087,18-29,
S1,2087,30-65,
S1,2087,66+,
S1,2087,15-26,
S1,2087,27-45,
S1,2087,46-65,
S1,2088,00-04,
S1,2088,05-09,
S1,2088,10-14,
S1,2088,15-19,39537478.99999999
S1,2088,20-24,40602286.0
S1,2088,25-29,41703447.00000001
S1,2088,30-34,42921941.00000001
S1,2088,35-39,44225680.0
S1,2088,40-44,45862166.0
S1,2088,45-49,47767687.99999999
S1,2088,50-54,49423988.0
S1,2088,55-59,50133651.0
S1,2088,60-64,49688199.0
S1,2088,65-69,48704867.0
S1,2088,70-74,47699142.0
S1,2088,75+,130814108.0
S1,2088,0-8,64690250.00000001
S1,2088,9-14,45485923.0
S1,2088,0-17,
S1,2088,18-29,
S1,2088,30-65,
S1,2088,66+,
S1,2088,15-26,
S1,2088,27-45,
S1,2088,46-65,
S1,2089,00-04,
S1,2089,05-09,
S1,2089,10-14,
S1,2089,15-19,39200262.0
S1,2089,20-24,40293559.99999999
S1,2089,25-29,41433546.99999999
S1,2089,30-34,42683071.0
S1,2089,35-39,43942456.0
S1,2089,40-44,45467166.00000001
S1,2089,45-49,47341957.0
S1,2089,50-54,49061643.99999999
S1,2089,55-59,49939562.0
S1,2089,60-64,49649619.0
S1,2089,65-69,48338418.0
S1,2089,70-74,47453577.0
S1,2089,75+,131659695.0
S1,2089,0-8,64258004.0
S1,2089,9-14,45113709.0
S1,2089,0-17,
S1,2089,18-29,
S1,2089,30-65,
S1,2089,66+,
S1,2089,15-26,
S1,2089,27-45,
S1,2089,46-65,
S1,2090,00-04,
S1,2090,05-09,
S1,2090,10-14,
S1,2090,15-19,38874183.0
S1,2090,20-24,39962033.0
S1,2090,25-29,41164783.00000001
S1,2090,30-34,42454684.0
S1,2090,35-39,43655692.99999999
S1,2090,40-44,45092725.0
S1,2090,45-49,46924732.0
S1,2090,50-54,48670831.99999999
S1,2090,55-59,49713608.0
S1,2090,60-64,49576724.0
S1,2090,65-69,48151153.000000015
S1,2090,70-74,47357852.0
S1,2090,75+,132163017.0
S1,2090,0-8,63834526.0
S1,2090,9-14,44754514.99999999
S1,2090,0-17,
S1,2090,18-29,
S1,2090,30-65,
S1,2090,66+,
S1,2090,15-26,
S1,2090,27-45,
S1,2090,46-65,
S1,2091,00-04,
S1,2091,05-09,
S1,2091,10-14,
S1,2091,15-19,38540842.00000001
S1,2091,20-24,39628901.000000015
S1,2091,25-29,40882216.000000015
S1,2091,30-34,42220051.99999999
S1,2091,35-39,43382069.0
S1,2091,40-44,44747983.99999999
S1,2091,45-49,46492014.0
S1,2091,50-54,48271759.99999999
S1,2091,55-59,49449316.0
S1,2091,60-64,49498716.0
S1,2091,65-69,48172511.99999999
S1,2091,70-74,46969998.0
S1,2091,75+,132719405.0
S1,2091,0-8,63425678.00000001
S1,2091,9-14,44400151.0
S1,2091,0-17,
S1,2091,18-29,
S1,2091,30-65,
S1,2091,66+,
S1,2091,15-26,
S1,2091,27-45,
S1,2091,46-65,
S1,2092,00-04,
S1,2092,05-09,
S1,2092,10-14,
S1,2092,15-19,38210147.000000015
S1,2092,20-24,39295156.0
S1,2092,25-29,40604486.99999999
S1,2092,30-34,41957714.0
S1,2092,35-39,43128331.0
S1,2092,40-44,44425960.0
S1,2092,45-49,46074743.0
S1,2092,50-54,47856016.0
S1,2092,55-59,49157260.99999999
S1,2092,60-64,49385916.0
S1,2092,65-69,48224401.0
S1,2092,70-74,46484979.0
S1,2092,75+,133329367.0
S1,2092,0-8,63019116.0
S1,2092,9-14,44059720.0
S1,2092,0-17,
S1,2092,18-29,
S1,2092,30-65,
S1,2092,66+,
S1,2092,15-26,
S1,2092,27-45,
S1,2092,46-65,
S1,2093,00-04,
S1,2093,05-09,
S1,2093,10-14,
S1,2093,15-19,37900238.0
S1,2093,20-24,38957745.0
S1,2093,25-29,40308610.0
S1,2093,30-34,41695894.00000001
S1,2093,35-39,42893529.0
S1,2093,40-44,44126056.99999999
S1,2093,45-49,45669334.0
S1,2093,50-54,47432213.99999999
S1,2093,55-59,48844657.0
S1,2093,60-64,49233935.0
S1,2093,65-69,48244876.0
S1,2093,70-74,46260275.0
S1,2093,75+,133691979.0
S1,2093,0-8,62620842.0
S1,2093,9-14,43723452.0
S1,2093,0-17,
S1,2093,18-29,
S1,2093,30-65,
S1,2093,66+,
S1,2093,15-26,
S1,2093,27-45,
S1,2093,46-65,
S1,2094,00-04,
S1,2094,05-09,
S1,2094,10-14,
S1,2094,15-19,37588212.00000001
S1,2094,20-24,38622918.0
S1,2094,25-29,40000797.0
S1,2094,30-34,41425967.000000015
S1,2094,35-39,42655493.99999999
S1,2094,40-44,43845120.0
S1,2094,45-49,45278963.0
S1,2094,50-54,47014670.0
S1,2094,55-59,48496070.0
S1,2094,60-64,49058475.0
S1,2094,65-69,48231016.0
S1,2094,70-74,45951577.0
S1,2094,75+,134150678.0
S1,2094,0-8,62209339.00000001
S1,2094,9-14,43404308.000000015
S1,2094,0-17,
S1,2094,18-29,
S1,2094,30-65,
S1,2094,66+,
S1,2094,15-26,
S1,2094,27-45,
S1,2094,46-65,
S1,2095,00-04,
S1,2095,05-09,
S1,2095,10-14,
S1,2095,15-19,37281117.0
S1,2095,20-24,38300081.000000015
S1,2095,25-29,39671171.0
S1,2095,30-34,41157792.0
S1,2095,35-39,42428266.0
S1,2095,40-44,43560853.0
S1,2095,45-49,44909164.99999999
S1,2095,50-54,46605558.0
S1,2095,55-59,48119233.0
S1,2095,60-64,48851577.00000001
S1,2095,65-69,48183854.0
S1,2095,70-74,45812472.99999999
S1,2095,75+,134457057.0
S1,2095,0-8,61797795.0
S1,2095,9-14,43097606.0
S1,2095,0-17,
S1,2095,18-29,
S1,2095,30-65,
S1,2095,66+,
S1,2095,15-26,
S1,2095,27-45,
S1,2095,46-65,
S1,2096,00-04,
S1,2096,05-09,
S1,2096,10-14,
S1,2096,15-19,36993171.99999999
S1,2096,20-24,37971765.0
S1,2096,25-29,39342788.0
S1,2096,30-34,40878558.00000001
S1,2096,35-39,42196618.99999999
S1,2096,40-44,43290801.0
S1,2096,45-49,44569598.0
S1,2096,50-54,46181403.0
S1,2096,55-59,47734308.0
S1,2096,60-64,48606839.0
S1,2096,65-69,48131230.0
S1,2096,70-74,45868352.0
S1,2096,75+,134564853.0
S1,2096,0-8,61373552.0
S1,2096,9-14,42802265.0
S1,2096,0-17,
S1,2096,18-29,
S1,2096,30-65,
S1,2096,66+,
S1,2096,15-26,
S1,2096,27-45,
S1,2096,46-65,
S1,2097,00-04,
S1,2097,05-09,
S1,2097,10-14,
S1,2097,15-19,36699223.99999999
S1,2097,20-24,37646492.99999999
S1,2097,25-29,39014360.0
S1,2097,30-34,40604638.00000001
S1,2097,35-39,41937653.0
S1,2097,40-44,43040786.000000015
S1,2097,45-49,44252746.0
S1,2097,50-54,45772598.999999985
S1,2097,55-59,47332796.0
S1,2097,60-64,48334648.0
S1,2097,65-69,48044641.99999999
S1,2097,70-74,45952708.0
S1,2097,75+,134658314.0
S1,2097,0-8,60946788.0
S1,2097,9-14,42530483.0
S1,2097,0-17,
S1,2097,18-29,
S1,2097,30-65,
S1,2097,66+,
S1,2097,15-26,
S1,2097,27-45,
S1,2097,46-65,
S1,2098,00-04,
S1,2098,05-09,
S1,2098,10-14,
S1,2098,15-19,36416563.00000001
S1,2098,20-24,37341091.0
S1,2098,25-29,38680221.00000001
S1,2098,30-34,40310063.00000001
S1,2098,35-39,41677388.0
S1,2098,40-44,42808471.0
S1,2098,45-49,43957085.0
S1,2098,50-54,45374890.0
S1,2098,55-59,46922619.0
S1,2098,60-64,48041485.0
S1,2098,65-69,47919080.0
S1,2098,70-74,46006365.0
S1,2098,75+,134783398.0
S1,2098,0-8,60514882.0
S1,2098,9-14,42260248.999999985
S1,2098,0-17,
S1,2098,18-29,
S1,2098,30-65,
S1,2098,66+,
S1,2098,15-26,
S1,2098,27-45,
S1,2098,46-65,
S1,2099,00-04,
S1,2099,05-09,
S1,2099,10-14,
S1,2099,15-19,36146375.0
S1,2099,20-24,37032969.99999999
S1,2099,25-29,38349245.0
S1,2099,30-34,40005188.99999999
S1,2099,35-39,41410232.0
S1,2099,40-44,42573642.99999999
S1,2099,45-49,43680712.99999999
S1,2099,50-54,44992291.0
S1,2099,55-59,46518549.99999999
S1,2099,60-64,47712664.0
S1,2099,65-69,47770275.0
S1,2099,70-74,46026901.0
S1,2099,75+,134944931.0
S1,2099,0-8,60064519.0
S1,2099,9-14,41999465.0
S1,2099,0-17,
S1,2099,18-29,
S1,2099,30-65,
S1,2099,66+,
S1,2099,15-26,
S1,2099,27-45,
S1,2099,46-65,
S1,2100,00-04,
S1,2100,05-09,
S1,2100,10-14,
S1,2100,15-19,35888836.0
S1,2100,20-24,36730566.0
S1,2100,25-29,38030842.00000001
S1,2100,30-34,39678832.0
S1,2100,35-39,41144998.0
S1,2100,40-44,42349689.00000001
S1,2100,45-49,43401064.0
S1,2100,50-54,44630128.0
S1,2100,55-59,46122687.0
S1,2100,60-64,47355832.0
S1,2100,65-69,47590639.0
S1,2100,70-74,46015711.0
S1,2100,75+,135146994.0
S1,2100,0-8,59620950.0
S1,2100,9-14,41738515.99999999
S1,2100,0-17,
S1,2100,18-29,
S1,2100,30-65,
S1,2100,66+,
S1,2100,15-26,
S1,2100,27-45,
S1,2100,46-65,
S2,1950,00-04,
S2,1950,05-09,
S2,1950,10-14,
S2,1950,15-19,
S2,1950,20-24,
S2,1950,25-29,
S2,1950,30-34,
S2,1950,35-39,
S2,1950,40-44,
S2,1950,45-49,
S2,1950,50-54,
S2,1950,55-59,
S2,1950,60-64,
S2,1950,65-69,
S2,1950,70-74,
S2,1950,75+,
S2,1950,0-8,
S2,1950,9-14,
S2,1950,0-17,74370917.0
S2,1950,18-29,34638816.0
S2,1950,30-65,52788212.0
S2,1950,66+,4867086.0
S2,1950,15-26,
S2,1950,27-45,
S2,1950,46-65,
S2,1951,00-04,
S2,1951,05-09,
S2,1951,10-14,
S2,1951,15-19,
S2,1951,20-24,
S2,1951,25-29,
S2,1951,30-34,
S2,1951,35-39,
S2,1951,40-44,
S2,1951,45-49,
S2,1951,50-54,
S2,1951,55-59,
S2,1951,60-64,
S2,1951,65-69,
S2,1951,70-74,
S2,1951,75+,
S2,1951,0-8,
S2,1951,9-14,
S2,1951,0-17,76027738.0
S2,1951,18-29,35265923.0
S2,1951,30-65,53942662.0
S2,1951,66+,4922777.0
S2,1951,15-26,
S2,1951,27-45,
S2,1951,46-65,
S2,1952,00-04,
S2,1952,05-09,
S2,1952,10-14,
S2,1952,15-19,
S2,1952,20-24,
S2,1952,25-29,
S2,1952,30-34,
S2,1952,35-39,
S2,1952,40-44,
S2,1952,45-49,
S2,1952,50-54,
S2,1952,55-59,
S2,1952,60-64,
S2,1952,65-69,
S2,1952,70-74,
S2,1952,75+,
S2,1952,0-8,
S2,1952,9-14,
S2,1952,0-17,77778568.0
S2,1952,18-29,35948353.0
S2,1952,30-65,55089968.0
S2,1952,66+,5029088.0
S2,1952,15-26,
S2,1952,27-45,
S2,1952,46-65,
S2,1953,00-04,
S2,1953,05-09,
S2,1953,10-14,
S2,1953,15-19,
S2,1953,20-24,
S2,1953,25-29,
S2,1953,30-34,
S2,1953,35-39,
S2,1953,40-44,
S2,1953,45-49,
S2,1953,50-54,
S2,1953,55-59,
S2,1953,60-64,
S2,1953,65-69,
S2,1953,70-74,
S2,1953,75+,
S2,1953,0-8,
S2,1953,9-14,
S2,1953,0-17,79662218.0
S2,1953,18-29,36655282.0
S2,1953,30-65,56198136.0
S2,1953,66+,5206153.0
S2,1953,15-26,
S2,1953,27-45,
S2,1953,46-65,
S2,1954,00-04,
S2,1954,05-09,
S2,1954,10-14,
S2,1954,15-19,
S2,1954,20-24,
S2,1954,25-29,
S2,1954,30-34,
S2,1954,35-39,
S2,1954,40-44,
S2,1954,45-49,
S2,1954,50-54,
S2,1954,55-59,
S2,1954,60-64,
S2,1954,65-69,
S2,1954,70-74,
S2,1954,75+,
S2,1954,0-8,
S2,1954,9-14,
S2,1954,0-17,81663202.0
S2,1954,18-29,37321931.0
S2,1954,30-65,57240979.0
S2,1954,66+,5437630.0
S2,1954,15-26,
S2,1954,27-45,
S2,1954,46-65,
S2,1955,00-04,
S2,1955,05-09,
S2,1955,10-14,
S2,1955,15-19,
S2,1955,20-24,
S2,1955,25-29,
S2,1955,30-34,
S2,1955,35-39,
S2,1955,40-44,
S2,1955,45-49,
S2,1955,50-54,
S2,1955,55-59,
S2,1955,60-64,
S2,1955,65-69,
S2,1955,70-74,
S2,1955,75+,
S2,1955,0-8,
S2,1955,9-14,
S2,1955,0-17,83804461.0
S2,1955,18-29,38056873.0
S2,1955,30-65,58353555.0
S2,1955,66+,5679824.0
S2,1955,15-26,
S2,1955,27-45,
S2,1955,46-65,
S2,1956,00-04,
S2,1956,05-09,
S2,1956,10-14,
S2,1956,15-19,
S2,1956,20-24,
S2,1956,25-29,
S2,1956,30-34,
S2,1956,35-39,
S2,1956,40-44,
S2,1956,45-49,
S2,1956,50-54,
S2,1956,55-59,
S2,1956,60-64,
S2,1956,65-69,
S2,1956,70-74,
S2,1956,75+,
S2,1956,0-8,
S2,1956,9-14,
S2,1956,0-17,86017623.0
S2,1956,18-29,38800861.0
S2,1956,30-65,59546313.0
S2,1956,66+,5874164.0
S2,1956,15-26,
S2,1956,27-45,
S2,1956,46-65,
S2,1957,00-04,
S2,1957,05-09,
S2,1957,10-14,
S2,1957,15-19,
S2,1957,20-24,
S2,1957,25-29,
S2,1957,30-34,
S2,1957,35-39,
S2,1957,40-44,
S2,1957,45-49,
S2,1957,50-54,
S2,1957,55-59,
S2,1957,60-64,
S2,1957,65-69,
S2,1957,70-74,
S2,1957,75+,
S2,1957,0-8,
S2,1957,9-14,
S2,1957,0-17,88343503.0
S2,1957,18-29,39538007.0
S2,1957,30-65,60804910.0
S2,1957,66+,6045012.0
S2,1957,15-26,
S2,1957,27-45,
S2,1957,46-65,
S2,1958,00-04,
S2,1958,05-09,
S2,1958,10-14,
S2,1958,15-19,
S2,1958,20-24,
S2,1958,25-29,
S2,1958,30-34,
S2,1958,35-39,
S2,1958,40-44,
S2,1958,45-49,
S2,1958,50-54,
S2,1958,55-59,
S2,1958,60-64,
S2,1958,65-69,
S2,1958,70-74,
S2,1958,75+,
S2,1958,0-8,
S2,1958,9-14,
S2,1958,0-17,90786746.0
S2,1958,18-29,40105432.0
S2,1958,30-65,62052632.0
S2,1958,66+,6176949.0
S2,1958,15-26,
S2,1958,27-45,
S2,1958,46-65,
S2,1959,00-04,
S2,1959,05-09,
S2,1959,10-14,
S2,1959,15-19,
S2,1959,20-24,
S2,1959,25-29,
S2,1959,30-34,
S2,1959,35-39,
S2,1959,40-44,
S2,1959,45-49,
S2,1959,50-54,
S2,1959,55-59,
S2,1959,60-64,
S2,1959,65-69,
S2,1959,70-74,
S2,1959,75+,
S2,1959,0-8,
S2,1959,9-14,
S2,1959,0-17,93380256.0
S2,1959,18-29,40727534.0
S2,1959,30-65,63460919.00000001
S2,1959,66+,6276084.0
S2,1959,15-26,
S2,1959,27-45,
S2,1959,46-65,
S2,1960,00-04,
S2,1960,05-09,
S2,1960,10-14,
S2,1960,15-19,
S2,1960,20-24,
S2,1960,25-29,
S2,1960,30-34,
S2,1960,35-39,
S2,1960,40-44,
S2,1960,45-49,
S2,1960,50-54,
S2,1960,55-59,
S2,1960,60-64,
S2,1960,65-69,
S2,1960,70-74,
S2,1960,75+,
S2,1960,0-8,
S2,1960,9-14,
S2,1960,0-17,96069972.0
S2,1960,18-29,41277222.0
S2,1960,30-65,64886144.0
S2,1960,66+,6388366.0
S2,1960,15-26,
S2,1960,27-45,
S2,1960,46-65,
S2,1961,00-04,
S2,1961,05-09,
S2,1961,10-14,
S2,1961,15-19,
S2,1961,20-24,
S2,1961,25-29,
S2,1961,30-34,
S2,1961,35-39,
S2,1961,40-44,
S2,1961,45-49,
S2,1961,50-54,
S2,1961,55-59,
S2,1961,60-64,
S2,1961,65-69,
S2,1961,70-74,
S2,1961,75+,
S2,1961,0-8,
S2,1961,9-14,
S2,1961,0-17,98897273.0
S2,1961,18-29,41805873.0
S2,1961,30-65,66297241.0
S2,1961,66+,6563070.0
S2,1961,15-26,
S2,1961,27-45,
S2,1961,46-65,
S2,1962,00-04,
S2,1962,05-09,
S2,1962,10-14,
S2,1962,15-19,
S2,1962,20-24,
S2,1962,25-29,
S2,1962,30-34,
S2,1962,35-39,
S2,1962,40-44,
S2,1962,45-49,
S2,1962,50-54,
S2,1962,55-59,
S2,1962,60-64,
S2,1962,65-69,
S2,1962,70-74,
S2,1962,75+,
S2,1962,0-8,
S2,1962,9-14,
S2,1962,0-17,101802373.66542412
S2,1962,18-29,42347966.25979628
S2,1962,30-65,67726220.34336153
S2,1962,66+,6773988.430248686
S2,1962,15-26,
S2,1962,27-45,
S2,1962,46-65,
S2,1963,00-04,
S2,1963,05-09,
S2,1963,10-14,
S2,1963,15-19,
S2,1963,20-24,
S2,1963,25-29,
S2,1963,30-34,
S2,1963,35-39,
S2,1963,40-44,
S2,1963,45-49,
S2,1963,50-54,
S2,1963,55-59,
S2,1963,60-64,
S2,1963,65-69,
S2,1963,70-74,
S2,1963,75+,
S2,1963,0-8,
S2,1963,9-14,
S2,1963,0-17,104730449.00221346
S2,1963,18-29,42845556.5656842
S2,1963,30-65,69091230.22213168
S2,1963,66+,7037031.879399903
S2,1963,15-26,
S2,1963,27-45,
S2,1963,46-65,
S2,1964,00-04,
S2,1964,05-09,
S2,1964,10-14,
S2,1964,15-19,
S2,1964,20-24,
S2,1964,25-29,
S2,1964,30-34,
S2,1964,35-39,
S2,1964,40-44,
S2,1964,45-49,
S2,1964,50-54,
S2,1964,55-59,
S2,1964,60-64,
S2,1964,65-69,
S2,1964,70-74,
S2,1964,75+,
S2,1964,0-8,
S2,1964,9-14,
S2,1964,0-17,107689556.90401062
S2,1964,18-29,43390240.56099786
S2,1964,30-65,70458729.41734438
S2,1964,66+,7339728.484717537
S2,1964,15-26,
S2,1964,27-45,
S2,1964,46-65,
S2,1965,00-04,
S2,1965,05-09,
S2,1965,10-14,
S2,1965,15-19,
S2,1965,20-24,
S2,1965,25-29,
S2,1965,30-34,
S2,1965,35-39,
S2,1965,40-44,
S2,1965,45-49,
S2,1965,50-54,
S2,1965,55-59,
S2,1965,60-64,
S2,1965,65-69,
S2,1965,70-74,
S2,1965,75+,
S2,1965,0-8,
S2,1965,9-14,
S2,1965,0-17,110654556.92822276
S2,1965,18-29,43957222.322108716
S2,1965,30-65,71824825.48613939
S2,1965,66+,7641994.599022321
S2,1965,15-26,
S2,1965,27-45,
S2,1965,46-65,
S2,1966,00-04,
S2,1966,05-09,
S2,1966,10-14,
S2,1966,15-19,
S2,1966,20-24,
S2,1966,25-29,
S2,1966,30-34,
S2,1966,35-39,
S2,1966,40-44,
S2,1966,45-49,
S2,1966,50-54,
S2,1966,55-59,
S2,1966,60-64,
S2,1966,65-69,
S2,1966,70-74,
S2,1966,75+,
S2,1966,0-8,
S2,1966,9-14,
S2,1966,0-17,113416654.70693228
S2,1966,18-29,44538356.04487292
S2,1966,30-65,73186195.85171048
S2,1966,66+,7884329.2808021
S2,1966,15-26,
S2,1966,27-45,
S2,1966,46-65,
S2,1967,00-04,
S2,1967,05-09,
S2,1967,10-14,
S2,1967,15-19,
S2,1967,20-24,
S2,1967,25-29,
S2,1967,30-34,
S2,1967,35-39,
S2,1967,40-44,
S2,1967,45-49,
S2,1967,50-54,
S2,1967,55-59,
S2,1967,60-64,
S2,1967,65-69,
S2,1967,70-74,
S2,1967,75+,
S2,1967,0-8,
S2,1967,9-14,
S2,1967,0-17,116174258.86118019
S2,1967,18-29,45043089.6377868
S2,1967,30-65,74573498.96843295
S2,1967,66+,8101962.743090786
S2,1967,15-26,
S2,1967,27-45,
S2,1967,46-65,
S2,1968,00-04,
S2,1968,05-09,
S2,1968,10-14,
S2,1968,15-19,
S2,1968,20-24,
S2,1968,25-29,
S2,1968,30-34,
S2,1968,35-39,
S2,1968,40-44,
S2,1968,45-49,
S2,1968,50-54,
S2,1968,55-59,
S2,1968,60-64,
S2,1968,65-69,
S2,1968,70-74,
S2,1968,75+,
S2,1968,0-8,
S2,1968,9-14,
S2,1968,0-17,118505387.4392866
S2,1968,18-29,46093495.563451976
S2,1968,30-65,76091899.04963851
S2,1968,66+,8283740.764368731
S2,1968,15-26,
S2,1968,27-45,
S2,1968,46-65,
S2,1969,00-04,
S2,1969,05-09,
S2,1969,10-14,
S2,1969,15-19,
S2,1969,20-24,
S2,1969,25-29,
S2,1969,30-34,
S2,1969,35-39,
S2,1969,40-44,
S2,1969,45-49,
S2,1969,50-54,
S2,1969,55-59,
S2,1969,60-64,
S2,1969,65-69,
S2,1969,70-74,
S2,1969,75+,
S2,1969,0-8,
S2,1969,9-14,
S2,1969,0-17,120854781.71923682
S2,1969,18-29,47164375.79415261
S2,1969,30-65,77550864.16336794
S2,1969,66+,8460541.776740793
S2,1969,15-26,
S2,1969,27-45,
S2,1969,46-65,
S2,1970,00-04,
S2,1970,05-09,
S2,1970,10-14,
S2,1970,15-19,
S2,1970,20-24,
S2,1970,25-29,
S2,1970,30-34,
S2,1970,35-39,
S2,1970,40-44,
S2,1970,45-49,
S2,1970,50-54,
S2,1970,55-59,
S2,1970,60-64,
S2,1970,65-69,
S2,1970,70-74,
S2,1970,75+,
S2,1970,0-8,
S2,1970,9-14,
S2,1970,0-17,123110298.63286522
S2,1970,18-29,48455292.11900313
S2,1970,30-65,78968840.89840682
S2,1970,66+,8635479.623918615
S2,1970,15-26,
S2,1970,27-45,
S2,1970,46-65,
S2,1971,00-04,
S2,1971,05-09,
S2,1971,10-14,
S2,1971,15-19,
S2,1971,20-24,
S2,1971,25-29,
S2,1971,30-34,
S2,1971,35-39,
S2,1971,40-44,
S2,1971,45-49,
S2,1971,50-54,
S2,1971,55-59,
S2,1971,60-64,
S2,1971,65-69,
S2,1971,70-74,
S2,1971,75+,
S2,1971,0-8,
S2,1971,9-14,
S2,1971,0-17,125352742.6235834
S2,1971,18-29,50100944.7770945
S2,1971,30-65,80458542.81421417
S2,1971,66+,8845508.689844707
S2,1971,15-26,
S2,1971,27-45,
S2,1971,46-65,
S2,1972,00-04,
S2,1972,05-09,
S2,1972,10-14,
S2,1972,15-19,
S2,1972,20-24,
S2,1972,25-29,
S2,1972,30-34,
S2,1972,35-39,
S2,1972,40-44,
S2,1972,45-49,
S2,1972,50-54,
S2,1972,55-59,
S2,1972,60-64,
S2,1972,65-69,
S2,1972,70-74,
S2,1972,75+,
S2,1972,0-8,
S2,1972,9-14,
S2,1972,0-17,127507388.24229272
S2,1972,18-29,51716328.42126722
S2,1972,30-65,81766067.21400318
S2,1972,66+,9073231.87050831
S2,1972,15-26,
S2,1972,27-45,
S2,1972,46-65,
S2,1973,00-04,
S2,1973,05-09,
S2,1973,10-14,
S2,1973,15-19,
S2,1973,20-24,
S2,1973,25-29,
S2,1973,30-34,
S2,1973,35-39,
S2,1973,40-44,
S2,1973,45-49,
S2,1973,50-54,
S2,1973,55-59,
S2,1973,60-64,
S2,1973,65-69,
S2,1973,70-74,
S2,1973,75+,
S2,1973,0-8,
S2,1973,9-14,
S2,1973,0-17,129652127.3855597
S2,1973,18-29,53611764.70091135
S2,1973,30-65,83163203.79853477
S2,1973,66+,9332848.929282127
S2,1973,15-26,
S2,1973,27-45,
S2,1973,46-65,
S2,1974,00-04,
S2,1974,05-09,
S2,1974,10-14,
S2,1974,15-19,
S2,1974,20-24,
S2,1974,25-29,
S2,1974,30-34,
S2,1974,35-39,
S2,1974,40-44,
S2,1974,45-49,
S2,1974,50-54,
S2,1974,55-59,
S2,1974,60-64,
S2,1974,65-69,
S2,1974,70-74,
S2,1974,75+,
S2,1974,0-8,
S2,1974,9-14,
S2,1974,0-17,131802050.2079248
S2,1974,18-29,55542511.073821396
S2,1974,30-65,84529585.31594236
S2,1974,66+,9621586.510457538
S2,1974,15-26,
S2,1974,27-45,
S2,1974,46-65,
S2,1975,00-04,
S2,1975,05-09,
S2,1975,10-14,
S2,1975,15-19,
S2,1975,20-24,
S2,1975,25-29,
S2,1975,30-34,
S2,1975,35-39,
S2,1975,40-44,
S2,1975,45-49,
S2,1975,50-54,
S2,1975,55-59,
S2,1975,60-64,
S2,1975,65-69,
S2,1975,70-74,
S2,1975,75+,
S2,1975,0-8,
S2,1975,9-14,
S2,1975,0-17,134013608.1139639
S2,1975,18-29,57664753.99727871
S2,1975,30-65,86047068.28533496
S2,1975,66+,9929340.939843372
S2,1975,15-26,
S2,1975,27-45,
S2,1975,46-65,
S2,1976,00-04,
S2,1976,05-09,
S2,1976,10-14,
S2,1976,15-19,
S2,1976,20-24,
S2,1976,25-29,
S2,1976,30-34,
S2,1976,35-39,
S2,1976,40-44,
S2,1976,45-49,
S2,1976,50-54,
S2,1976,55-59,
S2,1976,60-64,
S2,1976,65-69,
S2,1976,70-74,
S2,1976,75+,
S2,1976,0-8,
S2,1976,9-14,
S2,1976,0-17,136162735.28111255
S2,1976,18-29,59844945.51198528
S2,1976,30-65,87669502.42906307
S2,1976,66+,10232428.737245308
S2,1976,15-26,
S2,1976,27-45,
S2,1976,46-65,
S2,1977,00-04,
S2,1977,05-09,
S2,1977,10-14,
S2,1977,15-19,
S2,1977,20-24,
S2,1977,25-29,
S2,1977,30-34,
S2,1977,35-39,
S2,1977,40-44,
S2,1977,45-49,
S2,1977,50-54,
S2,1977,55-59,
S2,1977,60-64,
S2,1977,65-69,
S2,1977,70-74,
S2,1977,75+,
S2,1977,0-8,
S2,1977,9-14,
S2,1977,0-17,138406181.54895714
S2,1977,18-29,62015570.67618532
S2,1977,30-65,89372053.2437162
S2,1977,66+,10536634.96930296
S2,1977,15-26,
S2,1977,27-45,
S2,1977,46-65,
S2,1978,00-04,
S2,1978,05-09,
S2,1978,10-14,
S2,1978,15-19,
S2,1978,20-24,
S2,1978,25-29,
S2,1978,30-34,
S2,1978,35-39,
S2,1978,40-44,
S2,1978,45-49,
S2,1978,50-54,
S2,1978,55-59,
S2,1978,60-64,
S2,1978,65-69,
S2,1978,70-74,
S2,1978,75+,
S2,1978,0-8,
S2,1978,9-14,
S2,1978,0-17,140624894.25453374
S2,1978,18-29,64275342.47235262
S2,1978,30-65,91199088.53042056
S2,1978,66+,10839083.445590906
S2,1978,15-26,
S2,1978,27-45,
S2,1978,46-65,
S2,1979,00-04,
S2,1979,05-09,
S2,1979,10-14,
S2,1979,15-19,
S2,1979,20-24,
S2,1979,25-29,
S2,1979,30-34,
S2,1979,35-39,
S2,1979,40-44,
S2,1979,45-49,
S2,1979,50-54,
S2,1979,55-59,
S2,1979,60-64,
S2,1979,65-69,
S2,1979,70-74,
S2,1979,75+,
S2,1979,0-8,
S2,1979,9-14,
S2,1979,0-17,142811856.83716294
S2,1979,18-29,66521012.13420002
S2,1979,30-65,92980819.15348941
S2,1979,66+,11134881.8890892
S2,1979,15-26,
S2,1979,27-45,
S2,1979,46-65,
S2,1980,00-04,
S2,1980,05-09,
S2,1980,10-14,
S2,1980,15-19,
S2,1980,20-24,
S2,1980,25-29,
S2,1980,30-34,
S2,1980,35-39,
S2,1980,40-44,
S2,1980,45-49,
S2,1980,50-54,
S2,1980,55-59,
S2,1980,60-64,
S2,1980,65-69,
S2,1980,70-74,
S2,1980,75+,
S2,1980,0-8,
S2,1980,9-14,
S2,1980,0-17,145157387.3953168
S2,1980,18-29,68543456.42419
S2,1980,30-65,95386990.72615975
S2,1980,66+,11430612.519074475
S2,1980,15-26,
S2,1980,27-45,
S2,1980,46-65,
S2,1981,00-04,
S2,1981,05-09,
S2,1981,10-14,
S2,1981,15-19,
S2,1981,20-24,
S2,1981,25-29,
S2,1981,30-34,
S2,1981,35-39,
S2,1981,40-44,
S2,1981,45-49,
S2,1981,50-54,
S2,1981,55-59,
S2,1981,60-64,
S2,1981,65-69,
S2,1981,70-74,
S2,1981,75+,
S2,1981,0-8,
S2,1981,9-14,
S2,1981,0-17,147616470.63191122
S2,1981,18-29,70442147.87930347
S2,1981,30-65,97894166.75035672
S2,1981,66+,11730520.630618079
S2,1981,15-26,
S2,1981,27-45,
S2,1981,46-65,
S2,1982,00-04,
S2,1982,05-09,
S2,1982,10-14,
S2,1982,15-19,
S2,1982,20-24,
S2,1982,25-29,
S2,1982,30-34,
S2,1982,35-39,
S2,1982,40-44,
S2,1982,45-49,
S2,1982,50-54,
S2,1982,55-59,
S2,1982,60-64,
S2,1982,65-69,
S2,1982,70-74,
S2,1982,75+,
S2,1982,0-8,
S2,1982,9-14,
S2,1982,0-17,150153968.01800483
S2,1982,18-29,72281625.09309435
S2,1982,30-65,100533580.8346185
S2,1982,66+,12033320.870506927
S2,1982,15-26,
S2,1982,27-45,
S2,1982,46-65,
S2,1983,00-04,
S2,1983,05-09,
S2,1983,10-14,
S2,1983,15-19,
S2,1983,20-24,
S2,1983,25-29,
S2,1983,30-34,
S2,1983,35-39,
S2,1983,40-44,
S2,1983,45-49,
S2,1983,50-54,
S2,1983,55-59,
S2,1983,60-64,
S2,1983,65-69,
S2,1983,70-74,
S2,1983,75+,
S2,1983,0-8,
S2,1983,9-14,
S2,1983,0-17,152762771.6440476
S2,1983,18-29,74063498.72164536
S2,1983,30-65,103331577.36673522
S2,1983,66+,12342113.274363497
S2,1983,15-26,
S2,1983,27-45,
S2,1983,46-65,
S2,1984,00-04,
S2,1984,05-09,
S2,1984,10-14,
S2,1984,15-19,
S2,1984,20-24,
S2,1984,25-29,
S2,1984,30-34,
S2,1984,35-39,
S2,1984,40-44,
S2,1984,45-49,
S2,1984,50-54,
S2,1984,55-59,
S2,1984,60-64,
S2,1984,65-69,
S2,1984,70-74,
S2,1984,75+,
S2,1984,0-8,
S2,1984,9-14,
S2,1984,0-17,155517249.0418534
S2,1984,18-29,75783210.86301875
S2,1984,30-65,106303975.32714061
S2,1984,66+,12660774.02967248
S2,1984,15-26,
S2,1984,27-45,
S2,1984,46-65,
S2,1985,00-04,
S2,1985,05-09,
S2,1985,10-14,
S2,1985,15-19,
S2,1985,20-24,
S2,1985,25-29,
S2,1985,30-34,
S2,1985,35-39,
S2,1985,40-44,
S2,1985,45-49,
S2,1985,50-54,
S2,1985,55-59,
S2,1985,60-64,
S2,1985,65-69,
S2,1985,70-74,
S2,1985,75+,
S2,1985,0-8,
S2,1985,9-14,
S2,1985,0-17,158410481.2068812
S2,1985,18-29,77433660.2463691
S2,1985,30-65,109417863.61571027
S2,1985,66+,12990305.84715877
S2,1985,15-26,
S2,1985,27-45,
S2,1985,46-65,
S2,1986,00-04,
S2,1986,05-09,
S2,1986,10-14,
S2,1986,15-19,
S2,1986,20-24,
S2,1986,25-29,
S2,1986,30-34,
S2,1986,35-39,
S2,1986,40-44,
S2,1986,45-49,
S2,1986,50-54,
S2,1986,55-59,
S2,1986,60-64,
S2,1986,65-69,
S2,1986,70-74,
S2,1986,75+,
S2,1986,0-8,
S2,1986,9-14,
S2,1986,0-17,161352031.365398
S2,1986,18-29,79086190.79448535
S2,1986,30-65,112647413.41349111
S2,1986,66+,13329815.44297253
S2,1986,15-26,
S2,1986,27-45,
S2,1986,46-65,
S2,1987,00-04,
S2,1987,05-09,
S2,1987,10-14,
S2,1987,15-19,
S2,1987,20-24,
S2,1987,25-29,
S2,1987,30-34,
S2,1987,35-39,
S2,1987,40-44,
S2,1987,45-49,
S2,1987,50-54,
S2,1987,55-59,
S2,1987,60-64,
S2,1987,65-69,
S2,1987,70-74,
S2,1987,75+,
S2,1987,0-8,
S2,1987,9-14,
S2,1987,0-17,164403292.2009825
S2,1987,18-29,80740653.6580302
S2,1987,30-65,115964070.33558752
S2,1987,66+,13683701.572658243
S2,1987,15-26,
S2,1987,27-45,
S2,1987,46-65,
S2,1988,00-04,
S2,1988,05-09,
S2,1988,10-14,
S2,1988,15-19,
S2,1988,20-24,
S2,1988,25-29,
S2,1988,30-34,
S2,1988,35-39,
S2,1988,40-44,
S2,1988,45-49,
S2,1988,50-54,
S2,1988,55-59,
S2,1988,60-64,
S2,1988,65-69,
S2,1988,70-74,
S2,1988,75+,
S2,1988,0-8,
S2,1988,9-14,
S2,1988,0-17,167436493.7563341
S2,1988,18-29,82390928.62874424
S2,1988,30-65,119385404.80938083
S2,1988,66+,14053800.44171889
S2,1988,15-26,
S2,1988,27-45,
S2,1988,46-65,
S2,1989,00-04,
S2,1989,05-09,
S2,1989,10-14,
S2,1989,15-19,
S2,1989,20-24,
S2,1989,25-29,
S2,1989,30-34,
S2,1989,35-39,
S2,1989,40-44,
S2,1989,45-49,
S2,1989,50-54,
S2,1989,55-59,
S2,1989,60-64,
S2,1989,65-69,
S2,1989,70-74,
S2,1989,75+,
S2,1989,0-8,
S2,1989,9-14,
S2,1989,0-17,170506780.47517386
S2,1989,18-29,84095675.44578964
S2,1989,30-65,122892947.00308481
S2,1989,66+,14442110.908338318
S2,1989,15-26,
S2,1989,27-45,
S2,1989,46-65,
S2,1990,00-04,
S2,1990,05-09,
S2,1990,10-14,
S2,1990,15-19,
S2,1990,20-24,
S2,1990,25-29,
S2,1990,30-34,
S2,1990,35-39,
S2,1990,40-44,
S2,1990,45-49,
S2,1990,50-54,
S2,1990,55-59,
S2,1990,60-64,
S2,1990,65-69,
S2,1990,70-74,
S2,1990,75+,
S2,1990,0-8,
S2,1990,9-14,
S2,1990,0-17,173564220.88626838
S2,1990,18-29,85901459.55011246
S2,1990,30-65,126513458.549377
S2,1990,66+,14852174.678873563
S2,1990,15-26,
S2,1990,27-45,
S2,1990,46-65,
S2,1991,00-04,
S2,1991,05-09,
S2,1991,10-14,
S2,1991,15-19,
S2,1991,20-24,
S2,1991,25-29,
S2,1991,30-34,
S2,1991,35-39,
S2,1991,40-44,
S2,1991,45-49,
S2,1991,50-54,
S2,1991,55-59,
S2,1991,60-64,
S2,1991,65-69,
S2,1991,70-74,
S2,1991,75+,
S2,1991,0-8,
S2,1991,9-14,
S2,1991,0-17,176577832.15535653
S2,1991,18-29,87745889.93537149
S2,1991,30-65,130274426.2087678
S2,1991,66+,15289060.083382241
S2,1991,15-26,
S2,1991,27-45,
S2,1991,46-65,
S2,1992,00-04,
S2,1992,05-09,
S2,1992,10-14,
S2,1992,15-19,
S2,1992,20-24,
S2,1992,25-29,
S2,1992,30-34,
S2,1992,35-39,
S2,1992,40-44,
S2,1992,45-49,
S2,1992,50-54,
S2,1992,55-59,
S2,1992,60-64,
S2,1992,65-69,
S2,1992,70-74,
S2,1992,75+,
S2,1992,0-8,
S2,1992,9-14,
S2,1992,0-17,179948085.26188213
S2,1992,18-29,89042746.50421768
S2,1992,30-65,133741408.86334658
S2,1992,66+,15949960.44283777
S2,1992,15-26,
S2,1992,27-45,
S2,1992,46-65,
S2,1993,00-04,
S2,1993,05-09,
S2,1993,10-14,
S2,1993,15-19,
S2,1993,20-24,
S2,1993,25-29,
S2,1993,30-34,
S2,1993,35-39,
S2,1993,40-44,
S2,1993,45-49,
S2,1993,50-54,
S2,1993,55-59,
S2,1993,60-64,
S2,1993,65-69,
S2,1993,70-74,
S2,1993,75+,
S2,1993,0-8,
S2,1993,9-14,
S2,1993,0-17,183201697.42111075
S2,1993,18-29,90426193.5914083
S2,1993,30-65,137354703.58169237
S2,1993,66+,16636042.797338715
S2,1993,15-26,
S2,1993,27-45,
S2,1993,46-65,
S2,1994,00-04,
S2,1994,05-09,
S2,1994,10-14,
S2,1994,15-19,
S2,1994,20-24,
S2,1994,25-29,
S2,1994,30-34,
S2,1994,35-39,
S2,1994,40-44,
S2,1994,45-49,
S2,1994,50-54,
S2,1994,55-59,
S2,1994,60-64,
S2,1994,65-69,
S2,1994,70-74,
S2,1994,75+,
S2,1994,0-8,
S2,1994,9-14,
S2,1994,0-17,186359719.28525883
S2,1994,18-29,91799279.53099121
S2,1994,30-65,141048809.10901576
S2,1994,66+,17344211.229566306
S2,1994,15-26,
S2,1994,27-45,
S2,1994,46-65,
S2,1995,00-04,
S2,1995,05-09,
S2,1995,10-14,
S2,1995,15-19,
S2,1995,20-24,
S2,1995,25-29,
S2,1995,30-34,
S2,1995,35-39,
S2,1995,40-44,
S2,1995,45-49,
S2,1995,50-54,
S2,1995,55-59,
S2,1995,60-64,
S2,1995,65-69,
S2,1995,70-74,
S2,1995,75+,
S2,1995,0-8,
S2,1995,9-14,
S2,1995,0-17,189329733.47985283
S2,1995,18-29,93191215.3671732
S2,1995,30-65,144763797.58525276
S2,1995,66+,18075428.90474214
S2,1995,15-26,
S2,1995,27-45,
S2,1995,46-65,
S2,1996,00-04,
S2,1996,05-09,
S2,1996,10-14,
S2,1996,15-19,
S2,1996,20-24,
S2,1996,25-29,
S2,1996,30-34,
S2,1996,35-39,
S2,1996,40-44,
S2,1996,45-49,
S2,1996,50-54,
S2,1996,55-59,
S2,1996,60-64,
S2,1996,65-69,
S2,1996,70-74,
S2,1996,75+,
S2,1996,0-8,
S2,1996,9-14,
S2,1996,0-17,192222153.06395793
S2,1996,18-29,94692747.6753025
S2,1996,30-65,148559951.15625477
S2,1996,66+,18833586.449134063
S2,1996,15-26,
S2,1996,27-45,
S2,1996,46-65,
S2,1997,00-04,
S2,1997,05-09,
S2,1997,10-14,
S2,1997,15-19,
S2,1997,20-24,
S2,1997,25-29,
S2,1997,30-34,
S2,1997,35-39,
S2,1997,40-44,
S2,1997,45-49,
S2,1997,50-54,
S2,1997,55-59,
S2,1997,60-64,
S2,1997,65-69,
S2,1997,70-74,
S2,1997,75+,
S2,1997,0-8,
S2,1997,9-14,
S2,1997,0-17,194974424.73842767
S2,1997,18-29,96275031.55786318
S2,1997,30-65,152428445.529833
S2,1997,66+,19613926.140079305
S2,1997,15-26,
S2,1997,27-45,
S2,1997,46-65,
S2,1998,00-04,
S2,1998,05-09,
S2,1998,10-14,
S2,1998,15-19,
S2,1998,20-24,
S2,1998,25-29,
S2,1998,30-34,
S2,1998,35-39,
S2,1998,40-44,
S2,1998,45-49,
S2,1998,50-54,
S2,1998,55-59,
S2,1998,60-64,
S2,1998,65-69,
S2,1998,70-74,
S2,1998,75+,
S2,1998,0-8,
S2,1998,9-14,
S2,1998,0-17,197513648.2309567
S2,1998,18-29,97968505.68296805
S2,1998,30-65,156399376.13324654
S2,1998,66+,20414150.371206034
S2,1998,15-26,
S2,1998,27-45,
S2,1998,46-65,
S2,1999,00-04,
S2,1999,05-09,
S2,1999,10-14,
S2,1999,15-19,
S2,1999,20-24,
S2,1999,25-29,
S2,1999,30-34,
S2,1999,35-39,
S2,1999,40-44,
S2,1999,45-49,
S2,1999,50-54,
S2,1999,55-59,
S2,1999,60-64,
S2,1999,65-69,
S2,1999,70-74,
S2,1999,75+,
S2,1999,0-8,
S2,1999,9-14,
S2,1999,0-17,199791994.40603825
S2,1999,18-29,99819565.29858774
S2,1999,30-65,160480319.1319598
S2,1999,66+,21230207.62226891
S2,1999,15-26,
S2,1999,27-45,
S2,1999,46-65,
S2,2000,00-04,
S2,2000,05-09,
S2,2000,10-14,
S2,2000,15-19,
S2,2000,20-24,
S2,2000,25-29,
S2,2000,30-34,
S2,2000,35-39,
S2,2000,40-44,
S2,2000,45-49,
S2,2000,50-54,
S2,2000,55-59,
S2,2000,60-64,
S2,2000,65-69,
S2,2000,70-74,
S2,2000,75+,
S2,2000,0-8,
S2,2000,9-14,
S2,2000,0-17,201881786.22956005
S2,2000,18-29,101797242.41196406
S2,2000,30-65,164599632.5735165
S2,2000,66+,22056494.477643576
S2,2000,15-26,
S2,2000,27-45,
S2,2000,46-65,
S2,2001,00-04,
S2,2001,05-09,
S2,2001,10-14,
S2,2001,15-19,
S2,2001,20-24,
S2,2001,25-29,
S2,2001,30-34,
S2,2001,35-39,
S2,2001,40-44,
S2,2001,45-49,
S2,2001,50-54,
S2,2001,55-59,
S2,2001,60-64,
S2,2001,65-69,
S2,2001,70-74,
S2,2001,75+,
S2,2001,0-8,
S2,2001,9-14,
S2,2001,0-17,203894424.90008673
S2,2001,18-29,103877839.74201755
S2,2001,30-65,168819132.9919631
S2,2001,66+,22882394.851778444
S2,2001,15-26,
S2,2001,27-45,
S2,2001,46-65,
S2,2002,00-04,
S2,2002,05-09,
S2,2002,10-14,
S2,2002,15-19,
S2,2002,20-24,
S2,2002,25-29,
S2,2002,30-34,
S2,2002,35-39,
S2,2002,40-44,
S2,2002,45-49,
S2,2002,50-54,
S2,2002,55-59,
S2,2002,60-64,
S2,2002,65-69,
S2,2002,70-74,
S2,2002,75+,
S2,2002,0-8,
S2,2002,9-14,
S2,2002,0-17,205803430.17759952
S2,2002,18-29,106054022.18044394
S2,2002,30-65,173213216.6482086
S2,2002,66+,23708837.89707434
S2,2002,15-26,
S2,2002,27-45,
S2,2002,46-65,
S2,2003,00-04,
S2,2003,05-09,
S2,2003,10-14,
S2,2003,15-19,
S2,2003,20-24,
S2,2003,25-29,
S2,2003,30-34,
S2,2003,35-39,
S2,2003,40-44,
S2,2003,45-49,
S2,2003,50-54,
S2,2003,55-59,
S2,2003,60-64,
S2,2003,65-69,
S2,2003,70-74,
S2,2003,75+,
S2,2003,0-8,
S2,2003,9-14,
S2,2003,0-17,207436822.8379966
S2,2003,18-29,108210232.09824868
S2,2003,30-65,177586788.44984117
S2,2003,66+,24571041.48445541
S2,2003,15-26,
S2,2003,27-45,
S2,2003,46-65,
S2,2004,00-04,
S2,2004,05-09,
S2,2004,10-14,
S2,2004,15-19,
S2,2004,20-24,
S2,2004,25-29,
S2,2004,30-34,
S2,2004,35-39,
S2,2004,40-44,
S2,2004,45-49,
S2,2004,50-54,
S2,2004,55-59,
S2,2004,60-64,
S2,2004,65-69,
S2,2004,70-74,
S2,2004,75+,
S2,2004,0-8,
S2,2004,9-14,
S2,2004,0-17,208855771.8480418
S2,2004,18-29,110420600.29960613
S2,2004,30-65,182122338.9254665
S2,2004,66+,25458460.225684363
S2,2004,15-26,
S2,2004,27-45,
S2,2004,46-65,
S2,2005,00-04,
S2,2005,05-09,
S2,2005,10-14,
S2,2005,15-19,
S2,2005,20-24,
S2,2005,25-29,
S2,2005,30-34,
S2,2005,35-39,
S2,2005,40-44,
S2,2005,45-49,
S2,2005,50-54,
S2,2005,55-59,
S2,2005,60-64,
S2,2005,65-69,
S2,2005,70-74,
S2,2005,75+,
S2,2005,0-8,
S2,2005,9-14,
S2,2005,0-17,210037821.8017892
S2,2005,18-29,112855482.44783194
S2,2005,30-65,186904842.12478498
S2,2005,66+,26338653.133279283
S2,2005,15-26,
S2,2005,27-45,
S2,2005,46-65,
S2,2006,00-04,
S2,2006,05-09,
S2,2006,10-14,
S2,2006,15-19,
S2,2006,20-24,
S2,2006,25-29,
S2,2006,30-34,
S2,2006,35-39,
S2,2006,40-44,
S2,2006,45-49,
S2,2006,50-54,
S2,2006,55-59,
S2,2006,60-64,
S2,2006,65-69,
S2,2006,70-74,
S2,2006,75+,
S2,2006,0-8,
S2,2006,9-14,
S2,2006,0-17,211007936.32613197
S2,2006,18-29,115178764.75279869
S2,2006,30-65,191697394.18307945
S2,2006,66+,27167529.089094024
S2,2006,15-26,
S2,2006,27-45,
S2,2006,46-65,
S2,2007,00-04,
S2,2007,05-09,
S2,2007,10-14,
S2,2007,15-19,
S2,2007,20-24,
S2,2007,25-29,
S2,2007,30-34,
S2,2007,35-39,
S2,2007,40-44,
S2,2007,45-49,
S2,2007,50-54,
S2,2007,55-59,
S2,2007,60-64,
S2,2007,65-69,
S2,2007,70-74,
S2,2007,75+,
S2,2007,0-8,
S2,2007,9-14,
S2,2007,0-17,211814170.97457436
S2,2007,18-29,117626138.14157543
S2,2007,30-65,196833257.70417923
S2,2007,66+,27963420.136070017
S2,2007,15-26,
S2,2007,27-45,
S2,2007,46-65,
S2,2008,00-04,
S2,2008,05-09,
S2,2008,10-14,
S2,2008,15-19,
S2,2008,20-24,
S2,2008,25-29,
S2,2008,30-34,
S2,2008,35-39,
S2,2008,40-44,
S2,2008,45-49,
S2,2008,50-54,
S2,2008,55-59,
S2,2008,60-64,
S2,2008,65-69,
S2,2008,70-74,
S2,2008,75+,
S2,2008,0-8,
S2,2008,9-14,
S2,2008,0-17,212367581.853202
S2,2008,18-29,120017826.1942061
S2,2008,30-65,201942104.24962708
S2,2008,66+,28737158.06889153
S2,2008,15-26,
S2,2008,27-45,
S2,2008,46-65,
S2,2009,00-04,
S2,2009,05-09,
S2,2009,10-14,
S2,2009,15-19,
S2,2009,20-24,
S2,2009,25-29,
S2,2009,30-34,
S2,2009,35-39,
S2,2009,40-44,
S2,2009,45-49,
S2,2009,50-54,
S2,2009,55-59,
S2,2009,60-64,
S2,2009,65-69,
S2,2009,70-74,
S2,2009,75+,
S2,2009,0-8,
S2,2009,9-14,
S2,2009,0-17,212861444.11005634
S2,2009,18-29,122402836.25320126
S2,2009,30-65,207193409.3405128
S2,2009,66+,29508597.710566964
S2,2009,15-26,
S2,2009,27-45,
S2,2009,46-65,
S2,2010,00-04,
S2,2010,05-09,
S2,2010,10-14,
S2,2010,15-19,
S2,2010,20-24,
S2,2010,25-29,
S2,2010,30-34,
S2,2010,35-39,
S2,2010,40-44,
S2,2010,45-49,
S2,2010,50-54,
S2,2010,55-59,
S2,2010,60-64,
S2,2010,65-69,
S2,2010,70-74,
S2,2010,75+,
S2,2010,0-8,
S2,2010,9-14,
S2,2010,0-17,213379238.37098405
S2,2010,18-29,124895255.1556104
S2,2010,30-65,212875793.46940175
S2,2010,66+,30300025.062583778
S2,2010,15-26,
S2,2010,27-45,
S2,2010,46-65,
S2,2011,00-04,
S2,2011,05-09,
S2,2011,10-14,
S2,2011,15-19,
S2,2011,20-24,
S2,2011,25-29,
S2,2011,30-34,
S2,2011,35-39,
S2,2011,40-44,
S2,2011,45-49,
S2,2011,50-54,
S2,2011,55-59,
S2,2011,60-64,
S2,2011,65-69,
S2,2011,70-74,
S2,2011,75+,
S2,2011,0-8,
S2,2011,9-14,
S2,2011,0-17,213752601.0727477
S2,2011,18-29,127325826.76878954
S2,2011,30-65,218891667.58943748
S2,2011,66+,31128734.744027134
S2,2011,15-26,
S2,2011,27-45,
S2,2011,46-65,
S2,2012,00-04,
S2,2012,05-09,
S2,2012,10-14,
S2,2012,15-19,
S2,2012,20-24,
S2,2012,25-29,
S2,2012,30-34,
S2,2012,35-39,
S2,2012,40-44,
S2,2012,45-49,
S2,2012,50-54,
S2,2012,55-59,
S2,2012,60-64,
S2,2012,65-69,
S2,2012,70-74,
S2,2012,75+,
S2,2012,0-8,
S2,2012,9-14,
S2,2012,0-17,213883025.00439176
S2,2012,18-29,129068853.5698836
S2,2012,30-65,224718120.80524722
S2,2012,66+,32025716.051556304
S2,2012,15-26,
S2,2012,27-45,
S2,2012,46-65,
S2,2013,00-04,
S2,2013,05-09,
S2,2013,10-14,
S2,2013,15-19,
S2,2013,20-24,
S2,2013,25-29,
S2,2013,30-34,
S2,2013,35-39,
S2,2013,40-44,
S2,2013,45-49,
S2,2013,50-54,
S2,2013,55-59,
S2,2013,60-64,
S2,2013,65-69,
S2,2013,70-74,
S2,2013,75+,
S2,2013,0-8,
S2,2013,9-14,
S2,2013,0-17,213906003.1143055
S2,2013,18-29,130738269.94053537
S2,2013,30-65,230655043.45064276
S2,2013,66+,32992184.00412177
S2,2013,15-26,
S2,2013,27-45,
S2,2013,46-65,
S2,2014,00-04,
S2,2014,05-09,
S2,2014,10-14,
S2,2014,15-19,
S2,2014,20-24,
S2,2014,25-29,
S2,2014,30-34,
S2,2014,35-39,
S2,2014,40-44,
S2,2014,45-49,
S2,2014,50-54,
S2,2014,55-59,
S2,2014,60-64,
S2,2014,65-69,
S2,2014,70-74,
S2,2014,75+,
S2,2014,0-8,
S2,2014,9-14,
S2,2014,0-17,213760958.587304
S2,2014,18-29,132287514.39285526
S2,2014,30-65,236737883.2640068
S2,2014,66+,34009750.75873446
S2,2014,15-26,
S2,2014,27-45,
S2,2014,46-65,
S2,2015,00-04,
S2,2015,05-09,
S2,2015,10-14,
S2,2015,15-19,
S2,2015,20-24,
S2,2015,25-29,
S2,2015,30-34,
S2,2015,35-39,
S2,2015,40-44,
S2,2015,45-49,
S2,2015,50-54,
S2,2015,55-59,
S2,2015,60-64,
S2,2015,65-69,
S2,2015,70-74,
S2,2015,75+,
S2,2015,0-8,
S2,2015,9-14,
S2,2015,0-17,213225550.67895743
S2,2015,18-29,133664738.99471733
S2,2015,30-65,242997428.3952992
S2,2015,66+,35033723.116188325
S2,2015,15-26,
S2,2015,27-45,
S2,2015,46-65,
S2,2016,00-04,
S2,2016,05-09,
S2,2016,10-14,
S2,2016,15-19,
S2,2016,20-24,
S2,2016,25-29,
S2,2016,30-34,
S2,2016,35-39,
S2,2016,40-44,
S2,2016,45-49,
S2,2016,50-54,
S2,2016,55-59,
S2,2016,60-64,
S2,2016,65-69,
S2,2016,70-74,
S2,2016,75+,
S2,2016,0-8,
S2,2016,9-14,
S2,2016,0-17,212681006.802492
S2,2016,18-29,134863497.12992284
S2,2016,30-65,248897569.89697155
S2,2016,66+,36454778.91540251
S2,2016,15-26,
S2,2016,27-45,
S2,2016,46-65,
S2,2017,00-04,
S2,2017,05-09,
S2,2017,10-14,
S2,2017,15-19,
S2,2017,20-24,
S2,2017,25-29,
S2,2017,30-34,
S2,2017,35-39,
S2,2017,40-44,
S2,2017,45-49,
S2,2017,50-54,
S2,2017,55-59,
S2,2017,60-64,
S2,2017,65-69,
S2,2017,70-74,
S2,2017,75+,
S2,2017,0-8,
S2,2017,9-14,
S2,2017,0-17,212203487.75893027
S2,2017,18-29,136068586.4846287
S2,2017,30-65,255005902.8386801
S2,2017,66+,37982175.299143836
S2,2017,15-26,
S2,2017,27-45,
S2,2017,46-65,
S2,2018,00-04,
S2,2018,05-09,
S2,2018,10-14,
S2,2018,15-19,
S2,2018,20-24,
S2,2018,25-29,
S2,2018,30-34,
S2,2018,35-39,
S2,2018,40-44,
S2,2018,45-49,
S2,2018,50-54,
S2,2018,55-59,
S2,2018,60-64,
S2,2018,65-69,
S2,2018,70-74,
S2,2018,75+,
S2,2018,0-8,
S2,2018,9-14,
S2,2018,0-17,211363867.01898032
S2,2018,18-29,137237155.8036725
S2,2018,30-65,260968560.05466804
S2,2018,66+,39588974.013436995
S2,2018,15-26,
S2,2018,27-45,
S2,2018,46-65,
S2,2019,00-04,
S2,2019,05-09,
S2,2019,10-14,
S2,2019,15-19,
S2,2019,20-24,
S2,2019,25-29,
S2,2019,30-34,
S2,2019,35-39,
S2,2019,40-44,
S2,2019,45-49,
S2,2019,50-54,
S2,2019,55-59,
S2,2019,60-64,
S2,2019,65-69,
S2,2019,70-74,
S2,2019,75+,
S2,2019,0-8,
S2,2019,9-14,
S2,2019,0-17,210443569.6490711
S2,2019,18-29,138390177.8443978
S2,2019,30-65,266842337.751655
S2,2019,66+,41280489.220432766
S2,2019,15-26,
S2,2019,27-45,
S2,2019,46-65,
S2,2020,00-04,
S2,2020,05-09,
S2,2020,10-14,
S2,2020,15-19,
S2,2020,20-24,
S2,2020,25-29,
S2,2020,30-34,
S2,2020,35-39,
S2,2020,40-44,
S2,2020,45-49,
S2,2020,50-54,
S2,2020,55-59,
S2,2020,60-64,
S2,2020,65-69,
S2,2020,70-74,
S2,2020,75+,
S2,2020,0-8,
S2,2020,9-14,
S2,2020,0-17,209173412.62038195
S2,2020,18-29,139506128.72767046
S2,2020,30-65,272606912.8508243
S2,2020,66+,43028980.945527256
S2,2020,15-26,
S2,2020,27-45,
S2,2020,46-65,
S2,2021,00-04,
S2,2021,05-09,
S2,2021,10-14,
S2,2021,15-19,
S2,2021,20-24,
S2,2021,25-29,
S2,2021,30-34,
S2,2021,35-39,
S2,2021,40-44,
S2,2021,45-49,
S2,2021,50-54,
S2,2021,55-59,
S2,2021,60-64,
S2,2021,65-69,
S2,2021,70-74,
S2,2021,75+,
S2,2021,0-8,
S2,2021,9-14,
S2,2021,0-17,207786623.43034846
S2,2021,18-29,140772282.23538935
S2,2021,30-65,278352660.0712483
S2,2021,66+,44674396.56122471
S2,2021,15-26,
S2,2021,27-45,
S2,2021,46-65,
S2,2022,00-04,
S2,2022,05-09,
S2,2022,10-14,
S2,2022,15-19,
S2,2022,20-24,
S2,2022,25-29,
S2,2022,30-34,
S2,2022,35-39,
S2,2022,40-44,
S2,2022,45-49,
S2,2022,50-54,
S2,2022,55-59,
S2,2022,60-64,
S2,2022,65-69,
S2,2022,70-74,
S2,2022,75+,
S2,2022,0-8,
S2,2022,9-14,
S2,2022,0-17,206455238.38639027
S2,2022,18-29,141780766.0229167
S2,2022,30-65,283460375.97433555
S2,2022,66+,45500538.9403199
S2,2022,15-26,
S2,2022,27-45,
S2,2022,46-65,
S2,2023,00-04,
S2,2023,05-09,
S2,2023,10-14,
S2,2023,15-19,
S2,2023,20-24,
S2,2023,25-29,
S2,2023,30-34,
S2,2023,35-39,
S2,2023,40-44,
S2,2023,45-49,
S2,2023,50-54,
S2,2023,55-59,
S2,2023,60-64,
S2,2023,65-69,
S2,2023,70-74,
S2,2023,75+,
S2,2023,0-8,
S2,2023,9-14,
S2,2023,0-17,205114124.62905726
S2,2023,18-29,142458854.39862448
S2,2023,30-65,289091875.40711904
S2,2023,66+,47406750.744180344
S2,2023,15-26,
S2,2023,27-45,
S2,2023,46-65,
S2,2024,00-04,
S2,2024,05-09,
S2,2024,10-14,
S2,2024,15-19,
S2,2024,20-24,
S2,2024,25-29,
S2,2024,30-34,
S2,2024,35-39,
S2,2024,40-44,
S2,2024,45-49,
S2,2024,50-54,
S2,2024,55-59,
S2,2024,60-64,
S2,2024,65-69,
S2,2024,70-74,
S2,2024,75+,
S2,2024,0-8,
S2,2024,9-14,
S2,2024,0-17,203975123.60374823
S2,2024,18-29,143037564.55763686
S2,2024,30-65,294722323.6230741
S2,2024,66+,49337740.67854044
S2,2024,15-26,
S2,2024,27-45,
S2,2024,46-65,
S2,2025,00-04,
S2,2025,05-09,
S2,2025,10-14,
S2,2025,15-19,
S2,2025,20-24,
S2,2025,25-29,
S2,2025,30-34,
S2,2025,35-39,
S2,2025,40-44,
S2,2025,45-49,
S2,2025,50-54,
S2,2025,55-59,
S2,2025,60-64,
S2,2025,65-69,
S2,2025,70-74,
S2,2025,75+,
S2,2025,0-8,
S2,2025,9-14,
S2,2025,0-17,202915016.26998734
S2,2025,18-29,143414230.3755816
S2,2025,30-65,300524558.68336636
S2,2025,66+,51346403.23110926
S2,2025,15-26,
S2,2025,27-45,
S2,2025,46-65,
S2,2026,00-04,
S2,2026,05-09,
S2,2026,10-14,
S2,2026,15-19,
S2,2026,20-24,
S2,2026,25-29,
S2,2026,30-34,
S2,2026,35-39,
S2,2026,40-44,
S2,2026,45-49,
S2,2026,50-54,
S2,2026,55-59,
S2,2026,60-64,
S2,2026,65-69,
S2,2026,70-74,
S2,2026,75+,
S2,2026,0-8,
S2,2026,9-14,
S2,2026,0-17,201945317.44115052
S2,2026,18-29,143645643.21220088
S2,2026,30-65,306325500.18189114
S2,2026,66+,53374654.60067095
S2,2026,15-26,
S2,2026,27-45,
S2,2026,46-65,
S2,2027,00-04,
S2,2027,05-09,
S2,2027,10-14,
S2,2027,15-19,
S2,2027,20-24,
S2,2027,25-29,
S2,2027,30-34,
S2,2027,35-39,
S2,2027,40-44,
S2,2027,45-49,
S2,2027,50-54,
S2,2027,55-59,
S2,2027,60-64,
S2,2027,65-69,
S2,2027,70-74,
S2,2027,75+,
S2,2027,0-8,
S2,2027,9-14,
S2,2027,0-17,200972690.74004304
S2,2027,18-29,143811723.14544502
S2,2027,30-65,312078606.6582861
S2,2027,66+,55453620.189076684
S2,2027,15-26,
S2,2027,27-45,
S2,2027,46-65,
S2,2028,00-04,
S2,2028,05-09,
S2,2028,10-14,
S2,2028,15-19,
S2,2028,20-24,
S2,2028,25-29,
S2,2028,30-34,
S2,2028,35-39,
S2,2028,40-44,
S2,2028,45-49,
S2,2028,50-54,
S2,2028,55-59,
S2,2028,60-64,
S2,2028,65-69,
S2,2028,70-74,
S2,2028,75+,
S2,2028,0-8,
S2,2028,9-14,
S2,2028,0-17,199904746.0412693
S2,2028,18-29,143977198.7985705
S2,2028,30-65,317797197.24861944
S2,2028,66+,57575631.76877609
S2,2028,15-26,
S2,2028,27-45,
S2,2028,46-65,
S2,2029,00-04,
S2,2029,05-09,
S2,2029,10-14,
S2,2029,15-19,
S2,2029,20-24,
S2,2029,25-29,
S2,2029,30-34,
S2,2029,35-39,
S2,2029,40-44,
S2,2029,45-49,
S2,2029,50-54,
S2,2029,55-59,
S2,2029,60-64,
S2,2029,65-69,
S2,2029,70-74,
S2,2029,75+,
S2,2029,0-8,
S2,2029,9-14,
S2,2029,0-17,198905125.73444512
S2,2029,18-29,143957717.33556426
S2,2029,30-65,323473426.6330325
S2,2029,66+,59741410.73690524
S2,2029,15-26,
S2,2029,27-45,
S2,2029,46-65,
S2,2030,00-04,
S2,2030,05-09,
S2,2030,10-14,
S2,2030,15-19,
S2,2030,20-24,
S2,2030,25-29,
S2,2030,30-34,
S2,2030,35-39,
S2,2030,40-44,
S2,2030,45-49,
S2,2030,50-54,
S2,2030,55-59,
S2,2030,60-64,
S2,2030,65-69,
S2,2030,70-74,
S2,2030,75+,
S2,2030,0-8,
S2,2030,9-14,
S2,2030,0-17,197921420.20107344
S2,2030,18-29,143801739.94451696
S2,2030,30-65,329111700.88955766
S2,2030,66+,61953043.82739053
S2,2030,15-26,
S2,2030,27-45,
S2,2030,46-65,
S2,2031,00-04,
S2,2031,05-09,
S2,2031,10-14,
S2,2031,15-19,
S2,2031,20-24,
S2,2031,25-29,
S2,2031,30-34,
S2,2031,35-39,
S2,2031,40-44,
S2,2031,45-49,
S2,2031,50-54,
S2,2031,55-59,
S2,2031,60-64,
S2,2031,65-69,
S2,2031,70-74,
S2,2031,75+,
S2,2031,0-8,
S2,2031,9-14,
S2,2031,0-17,196947643.41109145
S2,2031,18-29,143388000.44784185
S2,2031,30-65,334803129.11373055
S2,2031,66+,64209504.58962172
S2,2031,15-26,
S2,2031,27-45,
S2,2031,46-65,
S2,2032,00-04,
S2,2032,05-09,
S2,2032,10-14,
S2,2032,15-19,
S2,2032,20-24,
S2,2032,25-29,
S2,2032,30-34,
S2,2032,35-39,
S2,2032,40-44,
S2,2032,45-49,
S2,2032,50-54,
S2,2032,55-59,
S2,2032,60-64,
S2,2032,65-69,
S2,2032,70-74,
S2,2032,75+,
S2,2032,0-8,
S2,2032,9-14,
S2,2032,0-17,196056919.6834743
S2,2032,18-29,142661931.52393624
S2,2032,30-65,340542633.8203854
S2,2032,66+,66481774.33617979
S2,2032,15-26,
S2,2032,27-45,
S2,2032,46-65,
S2,2033,00-04,
S2,2033,05-09,
S2,2033,10-14,
S2,2033,15-19,
S2,2033,20-24,
S2,2033,25-29,
S2,2033,30-34,
S2,2033,35-39,
S2,2033,40-44,
S2,2033,45-49,
S2,2033,50-54,
S2,2033,55-59,
S2,2033,60-64,
S2,2033,65-69,
S2,2033,70-74,
S2,2033,75+,
S2,2033,0-8,
S2,2033,9-14,
S2,2033,0-17,195477282.38125914
S2,2033,18-29,141558419.13974255
S2,2033,30-65,346119569.5852579
S2,2033,66+,68803537.6580786
S2,2033,15-26,
S2,2033,27-45,
S2,2033,46-65,
S2,2034,00-04,
S2,2034,05-09,
S2,2034,10-14,
S2,2034,15-19,
S2,2034,20-24,
S2,2034,25-29,
S2,2034,30-34,
S2,2034,35-39,
S2,2034,40-44,
S2,2034,45-49,
S2,2034,50-54,
S2,2034,55-59,
S2,2034,60-64,
S2,2034,65-69,
S2,2034,70-74,
S2,2034,75+,
S2,2034,0-8,
S2,2034,9-14,
S2,2034,0-17,194736077.09171388
S2,2034,18-29,140626127.19374627
S2,2034,30-65,351415726.7340071
S2,2034,66+,71194636.8128305
S2,2034,15-26,
S2,2034,27-45,
S2,2034,46-65,
S2,2035,00-04,
S2,2035,05-09,
S2,2035,10-14,
S2,2035,15-19,
S2,2035,20-24,
S2,2035,25-29,
S2,2035,30-34,
S2,2035,35-39,
S2,2035,40-44,
S2,2035,45-49,
S2,2035,50-54,
S2,2035,55-59,
S2,2035,60-64,
S2,2035,65-69,
S2,2035,70-74,
S2,2035,75+,
S2,2035,0-8,
S2,2035,9-14,
S2,2035,0-17,193840570.81402835
S2,2035,18-29,139821119.09408012
S2,2035,30-65,356457374.89026433
S2,2035,66+,73659526.44870341
S2,2035,15-26,
S2,2035,27-45,
S2,2035,46-65,
S2,2036,00-04,
S2,2036,05-09,
S2,2036,10-14,
S2,2036,15-19,
S2,2036,20-24,
S2,2036,25-29,
S2,2036,30-34,
S2,2036,35-39,
S2,2036,40-44,
S2,2036,45-49,
S2,2036,50-54,
S2,2036,55-59,
S2,2036,60-64,
S2,2036,65-69,
S2,2036,70-74,
S2,2036,75+,
S2,2036,0-8,
S2,2036,9-14,
S2,2036,0-17,193153247.63906088
S2,2036,18-29,138858104.4460455
S2,2036,30-65,361191462.18296903
S2,2036,66+,76152997.05067141
S2,2036,15-26,
S2,2036,27-45,
S2,2036,46-65,
S2,2037,00-04,
S2,2037,05-09,
S2,2037,10-14,
S2,2037,15-19,
S2,2037,20-24,
S2,2037,25-29,
S2,2037,30-34,
S2,2037,35-39,
S2,2037,40-44,
S2,2037,45-49,
S2,2037,50-54,
S2,2037,55-59,
S2,2037,60-64,
S2,2037,65-69,
S2,2037,70-74,
S2,2037,75+,
S2,2037,0-8,
S2,2037,9-14,
S2,2037,0-17,192252167.69352952
S2,2037,18-29,138112738.73070982
S2,2037,30-65,365621281.03861374
S2,2037,66+,78701039.57297446
S2,2037,15-26,
S2,2037,27-45,
S2,2037,46-65,
S2,2038,00-04,
S2,2038,05-09,
S2,2038,10-14,
S2,2038,15-19,
S2,2038,20-24,
S2,2038,25-29,
S2,2038,30-34,
S2,2038,35-39,
S2,2038,40-44,
S2,2038,45-49,
S2,2038,50-54,
S2,2038,55-59,
S2,2038,60-64,
S2,2038,65-69,
S2,2038,70-74,
S2,2038,75+,
S2,2038,0-8,
S2,2038,9-14,
S2,2038,0-17,191420280.7872283
S2,2038,18-29,137245569.01524773
S2,2038,30-65,369728693.25912106
S2,2038,66+,81336115.1271606
S2,2038,15-26,
S2,2038,27-45,
S2,2038,46-65,
S2,2039,00-04,
S2,2039,05-09,
S2,2039,10-14,
S2,2039,15-19,
S2,2039,20-24,
S2,2039,25-29,
S2,2039,30-34,
S2,2039,35-39,
S2,2039,40-44,
S2,2039,45-49,
S2,2039,50-54,
S2,2039,55-59,
S2,2039,60-64,
S2,2039,65-69,
S2,2039,70-74,
S2,2039,75+,
S2,2039,0-8,
S2,2039,9-14,
S2,2039,0-17,190716720.75297016
S2,2039,18-29,136094816.8981008
S2,2039,30-65,373641614.66968846
S2,2039,66+,84029796.88493441
S2,2039,15-26,
S2,2039,27-45,
S2,2039,46-65,
S2,2040,00-04,
S2,2040,05-09,
S2,2040,10-14,
S2,2040,15-19,
S2,2040,20-24,
S2,2040,25-29,
S2,2040,30-34,
S2,2040,35-39,
S2,2040,40-44,
S2,2040,45-49,
S2,2040,50-54,
S2,2040,55-59,
S2,2040,60-64,
S2,2040,65-69,
S2,2040,70-74,
S2,2040,75+,
S2,2040,0-8,
S2,2040,9-14,
S2,2040,0-17,189938525.68827185
S2,2040,18-29,134807283.03093213
S2,2040,30-65,377398620.6695817
S2,2040,66+,86809874.94311303
S2,2040,15-26,
S2,2040,27-45,
S2,2040,46-65,
S2,2041,00-04,
S2,2041,05-09,
S2,2041,10-14,
S2,2041,15-19,
S2,2041,20-24,
S2,2041,25-29,
S2,2041,30-34,
S2,2041,35-39,
S2,2041,40-44,
S2,2041,45-49,
S2,2041,50-54,
S2,2041,55-59,
S2,2041,60-64,
S2,2041,65-69,
S2,2041,70-74,
S2,2041,75+,
S2,2041,0-8,
S2,2041,9-14,
S2,2041,0-17,189042062.0
S2,2041,18-29,133606116.0
S2,2041,30-65,380846100.0
S2,2041,66+,89657511.0
S2,2041,15-26,
S2,2041,27-45,
S2,2041,46-65,
S2,2042,00-04,
S2,2042,05-09,
S2,2042,10-14,
S2,2042,15-19,
S2,2042,20-24,
S2,2042,25-29,
S2,2042,30-34,
S2,2042,35-39,
S2,2042,40-44,
S2,2042,45-49,
S2,2042,50-54,
S2,2042,55-59,
S2,2042,60-64,
S2,2042,65-69,
S2,2042,70-74,
S2,2042,75+,
S2,2042,0-8,
S2,2042,9-14,
S2,2042,0-17,188036058.0
S2,2042,18-29,132446418.0
S2,2042,30-65,384115842.0
S2,2042,66+,92506137.0
S2,2042,15-26,
S2,2042,27-45,
S2,2042,46-65,
S2,2043,00-04,
S2,2043,05-09,
S2,2043,10-14,
S2,2043,15-19,
S2,2043,20-24,
S2,2043,25-29,
S2,2043,30-34,
S2,2043,35-39,
S2,2043,40-44,
S2,2043,45-49,
S2,2043,50-54,
S2,2043,55-59,
S2,2043,60-64,
S2,2043,65-69,
S2,2043,70-74,
S2,2043,75+,
S2,2043,0-8,
S2,2043,9-14,
S2,2043,0-17,186927681.0
S2,2043,18-29,131351908.0
S2,2043,30-65,387115648.0
S2,2043,66+,95452805.0
S2,2043,15-26,
S2,2043,27-45,
S2,2043,46-65,
S2,2044,00-04,
S2,2044,05-09,
S2,2044,10-14,
S2,2044,15-19,
S2,2044,20-24,
S2,2044,25-29,
S2,2044,30-34,
S2,2044,35-39,
S2,2044,40-44,
S2,2044,45-49,
S2,2044,50-54,
S2,2044,55-59,
S2,2044,60-64,
S2,2044,65-69,
S2,2044,70-74,
S2,2044,75+,
S2,2044,0-8,
S2,2044,9-14,
S2,2044,0-17,185752732.99999997
S2,2044,18-29,130379897.0
S2,2044,30-65,389848297.0
S2,2044,66+,98397454.0
S2,2044,15-26,
S2,2044,27-45,
S2,2044,46-65,
S2,2045,00-04,
S2,2045,05-09,
S2,2045,10-14,
S2,2045,15-19,
S2,2045,20-24,
S2,2045,25-29,
S2,2045,30-34,
S2,2045,35-39,
S2,2045,40-44,
S2,2045,45-49,
S2,2045,50-54,
S2,2045,55-59,
S2,2045,60-64,
S2,2045,65-69,
S2,2045,70-74,
S2,2045,75+,
S2,2045,0-8,
S2,2045,9-14,
S2,2045,0-17,184513866.0
S2,2045,18-29,129789511.0
S2,2045,30-65,392027802.0
S2,2045,66+,101393426.99999999
S2,2045,15-26,
S2,2045,27-45,
S2,2045,46-65,
S2,2046,00-04,
S2,2046,05-09,
S2,2046,10-14,
S2,2046,15-19,
S2,2046,20-24,
S2,2046,25-29,
S2,2046,30-34,
S2,2046,35-39,
S2,2046,40-44,
S2,2046,45-49,
S2,2046,50-54,
S2,2046,55-59,
S2,2046,60-64,
S2,2046,65-69,
S2,2046,70-74,
S2,2046,75+,
S2,2046,0-8,
S2,2046,9-14,
S2,2046,0-17,183213771.0
S2,2046,18-29,129097501.0
S2,2046,30-65,394060649.0
S2,2046,66+,104500349.0
S2,2046,15-26,
S2,2046,27-45,
S2,2046,46-65,
S2,2047,00-04,
S2,2047,05-09,
S2,2047,10-14,
S2,2047,15-19,
S2,2047,20-24,
S2,2047,25-29,
S2,2047,30-34,
S2,2047,35-39,
S2,2047,40-44,
S2,2047,45-49,
S2,2047,50-54,
S2,2047,55-59,
S2,2047,60-64,
S2,2047,65-69,
S2,2047,70-74,
S2,2047,75+,
S2,2047,0-8,
S2,2047,9-14,
S2,2047,0-17,181870080.0
S2,2047,18-29,128299255.0
S2,2047,30-65,395890383.0
S2,2047,66+,107763468.0
S2,2047,15-26,
S2,2047,27-45,
S2,2047,46-65,
S2,2048,00-04,
S2,2048,05-09,
S2,2048,10-14,
S2,2048,15-19,
S2,2048,20-24,
S2,2048,25-29,
S2,2048,30-34,
S2,2048,35-39,
S2,2048,40-44,
S2,2048,45-49,
S2,2048,50-54,
S2,2048,55-59,
S2,2048,60-64,
S2,2048,65-69,
S2,2048,70-74,
S2,2048,75+,
S2,2048,0-8,
S2,2048,9-14,
S2,2048,0-17,180471245.0
S2,2048,18-29,127775312.0
S2,2048,30-65,397214565.0
S2,2048,66+,111111350.0
S2,2048,15-26,
S2,2048,27-45,
S2,2048,46-65,
S2,2049,00-04,
S2,2049,05-09,
S2,2049,10-14,
S2,2049,15-19,
S2,2049,20-24,
S2,2049,25-29,
S2,2049,30-34,
S2,2049,35-39,
S2,2049,40-44,
S2,2049,45-49,
S2,2049,50-54,
S2,2049,55-59,
S2,2049,60-64,
S2,2049,65-69,
S2,2049,70-74,
S2,2049,75+,
S2,2049,0-8,
S2,2049,9-14,
S2,2049,0-17,179027283.0
S2,2049,18-29,127118043.0
S2,2049,30-65,398443145.0
S2,2049,66+,114540667.0
S2,2049,15-26,
S2,2049,27-45,
S2,2049,46-65,
S2,2050,00-04,
S2,2050,05-09,
S2,2050,10-14,
S2,2050,15-19,
S2,2050,20-24,
S2,2050,25-29,
S2,2050,30-34,
S2,2050,35-39,
S2,2050,40-44,
S2,2050,45-49,
S2,2050,50-54,
S2,2050,55-59,
S2,2050,60-64,
S2,2050,65-69,
S2,2050,70-74,
S2,2050,75+,
S2,2050,0-8,
S2,2050,9-14,
S2,2050,0-17,177573397.0
S2,2050,18-29,126604888.0
S2,2050,30-65,399262296.0
S2,2050,66+,118068970.99999999
S2,2050,15-26,
S2,2050,27-45,
S2,2050,46-65,
S2,2051,00-04,
S2,2051,05-09,
S2,2051,10-14,
S2,2051,15-19,
S2,2051,20-24,
S2,2051,25-29,
S2,2051,30-34,
S2,2051,35-39,
S2,2051,40-44,
S2,2051,45-49,
S2,2051,50-54,
S2,2051,55-59,
S2,2051,60-64,
S2,2051,65-69,
S2,2051,70-74,
S2,2051,75+,
S2,2051,0-8,
S2,2051,9-14,
S2,2051,0-17,176130304.0
S2,2051,18-29,126287817.0
S2,2051,30-65,399591356.0
S2,2051,66+,121715443.0
S2,2051,15-26,
S2,2051,27-45,
S2,2051,46-65,
S2,2052,00-04,
S2,2052,05-09,
S2,2052,10-14,
S2,2052,15-19,
S2,2052,20-24,
S2,2052,25-29,
S2,2052,30-34,
S2,2052,35-39,
S2,2052,40-44,
S2,2052,45-49,
S2,2052,50-54,
S2,2052,55-59,
S2,2052,60-64,
S2,2052,65-69,
S2,2052,70-74,
S2,2052,75+,
S2,2052,0-8,
S2,2052,9-14,
S2,2052,0-17,174690124.0
S2,2052,18-29,125960539.00000001
S2,2052,30-65,399704380.0
S2,2052,66+,125412107.0
S2,2052,15-26,
S2,2052,27-45,
S2,2052,46-65,
S2,2053,00-04,
S2,2053,05-09,
S2,2053,10-14,
S2,2053,15-19,
S2,2053,20-24,
S2,2053,25-29,
S2,2053,30-34,
S2,2053,35-39,
S2,2053,40-44,
S2,2053,45-49,
S2,2053,50-54,
S2,2053,55-59,
S2,2053,60-64,
S2,2053,65-69,
S2,2053,70-74,
S2,2053,75+,
S2,2053,0-8,
S2,2053,9-14,
S2,2053,0-17,173250133.0
S2,2053,18-29,125567561.0
S2,2053,30-65,399586059.0
S2,2053,66+,129232934.0
S2,2053,15-26,
S2,2053,27-45,
S2,2053,46-65,
S2,2054,00-04,
S2,2054,05-09,
S2,2054,10-14,
S2,2054,15-19,
S2,2054,20-24,
S2,2054,25-29,
S2,2054,30-34,
S2,2054,35-39,
S2,2054,40-44,
S2,2054,45-49,
S2,2054,50-54,
S2,2054,55-59,
S2,2054,60-64,
S2,2054,65-69,
S2,2054,70-74,
S2,2054,75+,
S2,2054,0-8,
S2,2054,9-14,
S2,2054,0-17,171827852.0
S2,2054,18-29,125111662.0
S2,2054,30-65,399395106.0
S2,2054,66+,133009780.0
S2,2054,15-26,
S2,2054,27-45,
S2,2054,46-65,
S2,2055,00-04,
S2,2055,05-09,
S2,2055,10-14,
S2,2055,15-19,
S2,2055,20-24,
S2,2055,25-29,
S2,2055,30-34,
S2,2055,35-39,
S2,2055,40-44,
S2,2055,45-49,
S2,2055,50-54,
S2,2055,55-59,
S2,2055,60-64,
S2,2055,65-69,
S2,2055,70-74,
S2,2055,75+,
S2,2055,0-8,
S2,2055,9-14,
S2,2055,0-17,170416780.0
S2,2055,18-29,124566393.0
S2,2055,30-65,399063227.0
S2,2055,66+,136808773.0
S2,2055,15-26,
S2,2055,27-45,
S2,2055,46-65,
S2,2056,00-04,
S2,2056,05-09,
S2,2056,10-14,
S2,2056,15-19,
S2,2056,20-24,
S2,2056,25-29,
S2,2056,30-34,
S2,2056,35-39,
S2,2056,40-44,
S2,2056,45-49,
S2,2056,50-54,
S2,2056,55-59,
S2,2056,60-64,
S2,2056,65-69,
S2,2056,70-74,
S2,2056,75+,
S2,2056,0-8,
S2,2056,9-14,
S2,2056,0-17,169051004.0
S2,2056,18-29,123960051.0
S2,2056,30-65,398586033.0
S2,2056,66+,140617690.0
S2,2056,15-26,
S2,2056,27-45,
S2,2056,46-65,
S2,2057,00-04,
S2,2057,05-09,
S2,2057,10-14,
S2,2057,15-19,
S2,2057,20-24,
S2,2057,25-29,
S2,2057,30-34,
S2,2057,35-39,
S2,2057,40-44,
S2,2057,45-49,
S2,2057,50-54,
S2,2057,55-59,
S2,2057,60-64,
S2,2057,65-69,
S2,2057,70-74,
S2,2057,75+,
S2,2057,0-8,
S2,2057,9-14,
S2,2057,0-17,167741426.0
S2,2057,18-29,123266968.0
S2,2057,30-65,398017376.0
S2,2057,66+,144382307.0
S2,2057,15-26,
S2,2057,27-45,
S2,2057,46-65,
S2,2058,00-04,
S2,2058,05-09,
S2,2058,10-14,
S2,2058,15-19,
S2,2058,20-24,
S2,2058,25-29,
S2,2058,30-34,
S2,2058,35-39,
S2,2058,40-44,
S2,2058,45-49,
S2,2058,50-54,
S2,2058,55-59,
S2,2058,60-64,
S2,2058,65-69,
S2,2058,70-74,
S2,2058,75+,
S2,2058,0-8,
S2,2058,9-14,
S2,2058,0-17,166480238.0
S2,2058,18-29,122515615.0
S2,2058,30-65,397326578.0
S2,2058,66+,148129628.0
S2,2058,15-26,
S2,2058,27-45,
S2,2058,46-65,
S2,2059,00-04,
S2,2059,05-09,
S2,2059,10-14,
S2,2059,15-19,
S2,2059,20-24,
S2,2059,25-29,
S2,2059,30-34,
S2,2059,35-39,
S2,2059,40-44,
S2,2059,45-49,
S2,2059,50-54,
S2,2059,55-59,
S2,2059,60-64,
S2,2059,65-69,
S2,2059,70-74,
S2,2059,75+,
S2,2059,0-8,
S2,2059,9-14,
S2,2059,0-17,165240015.0
S2,2059,18-29,121725166.0
S2,2059,30-65,396517950.0
S2,2059,66+,151842740.0
S2,2059,15-26,
S2,2059,27-45,
S2,2059,46-65,
S2,2060,00-04,
S2,2060,05-09,
S2,2060,10-14,
S2,2060,15-19,
S2,2060,20-24,
S2,2060,25-29,
S2,2060,30-34,
S2,2060,35-39,
S2,2060,40-44,
S2,2060,45-49,
S2,2060,50-54,
S2,2060,55-59,
S2,2060,60-64,
S2,2060,65-69,
S2,2060,70-74,
S2,2060,75+,
S2,2060,0-8,
S2,2060,9-14,
S2,2060,0-17,164043402.0
S2,2060,18-29,120871938.0
S2,2060,30-65,395628028.0
S2,2060,66+,155490543.0
S2,2060,15-26,
S2,2060,27-45,
S2,2060,46-65,
S2,2061,00-04,
S2,2061,05-09,
S2,2061,10-14,
S2,2061,15-19,
S2,2061,20-24,
S2,2061,25-29,
S2,2061,30-34,
S2,2061,35-39,
S2,2061,40-44,
S2,2061,45-49,
S2,2061,50-54,
S2,2061,55-59,
S2,2061,60-64,
S2,2061,65-69,
S2,2061,70-74,
S2,2061,75+,
S2,2061,0-8,
S2,2061,9-14,
S2,2061,0-17,162892425.0
S2,2061,18-29,119949078.0
S2,2061,30-65,394612701.0
S2,2061,66+,159117609.0
S2,2061,15-26,
S2,2061,27-45,
S2,2061,46-65,
S2,2062,00-04,
S2,2062,05-09,
S2,2062,10-14,
S2,2062,15-19,
S2,2062,20-24,
S2,2062,25-29,
S2,2062,30-34,
S2,2062,35-39,
S2,2062,40-44,
S2,2062,45-49,
S2,2062,50-54,
S2,2062,55-59,
S2,2062,60-64,
S2,2062,65-69,
S2,2062,70-74,
S2,2062,75+,
S2,2062,0-8,
S2,2062,9-14,
S2,2062,0-17,161763115.0
S2,2062,18-29,118983590.0
S2,2062,30-65,393469149.0
S2,2062,66+,162699689.0
S2,2062,15-26,
S2,2062,27-45,
S2,2062,46-65,
S2,2063,00-04,
S2,2063,05-09,
S2,2063,10-14,
S2,2063,15-19,
S2,2063,20-24,
S2,2063,25-29,
S2,2063,30-34,
S2,2063,35-39,
S2,2063,40-44,
S2,2063,45-49,
S2,2063,50-54,
S2,2063,55-59,
S2,2063,60-64,
S2,2063,65-69,
S2,2063,70-74,
S2,2063,75+,
S2,2063,0-8,
S2,2063,9-14,
S2,2063,0-17,160669034.0
S2,2063,18-29,118005330.0
S2,2063,30-65,392186451.0
S2,2063,66+,166233814.0
S2,2063,15-26,
S2,2063,27-45,
S2,2063,46-65,
S2,2064,00-04,
S2,2064,05-09,
S2,2064,10-14,
S2,2064,15-19,
S2,2064,20-24,
S2,2064,25-29,
S2,2064,30-34,
S2,2064,35-39,
S2,2064,40-44,
S2,2064,45-49,
S2,2064,50-54,
S2,2064,55-59,
S2,2064,60-64,
S2,2064,65-69,
S2,2064,70-74,
S2,2064,75+,
S2,2064,0-8,
S2,2064,9-14,
S2,2064,0-17,159607849.0
S2,2064,18-29,117000335.0
S2,2064,30-65,390782190.0
S2,2064,66+,169716639.0
S2,2064,15-26,
S2,2064,27-45,
S2,2064,46-65,
S2,2065,00-04,
S2,2065,05-09,
S2,2065,10-14,
S2,2065,15-19,
S2,2065,20-24,
S2,2065,25-29,
S2,2065,30-34,
S2,2065,35-39,
S2,2065,40-44,
S2,2065,45-49,
S2,2065,50-54,
S2,2065,55-59,
S2,2065,60-64,
S2,2065,65-69,
S2,2065,70-74,
S2,2065,75+,
S2,2065,0-8,
S2,2065,9-14,
S2,2065,0-17,158572229.0
S2,2065,18-29,115975630.0
S2,2065,30-65,389237898.0
S2,2065,66+,173158595.0
S2,2065,15-26,
S2,2065,27-45,
S2,2065,46-65,
S2,2066,00-04,
S2,2066,05-09,
S2,2066,10-14,
S2,2066,15-19,
S2,2066,20-24,
S2,2066,25-29,
S2,2066,30-34,
S2,2066,35-39,
S2,2066,40-44,
S2,2066,45-49,
S2,2066,50-54,
S2,2066,55-59,
S2,2066,60-64,
S2,2066,65-69,
S2,2066,70-74,
S2,2066,75+,
S2,2066,0-8,
S2,2066,9-14,
S2,2066,0-17,157557793.0
S2,2066,18-29,114931213.0
S2,2066,30-65,387545631.0
S2,2066,66+,176555657.0
S2,2066,15-26,
S2,2066,27-45,
S2,2066,46-65,
S2,2067,00-04,
S2,2067,05-09,
S2,2067,10-14,
S2,2067,15-19,
S2,2067,20-24,
S2,2067,25-29,
S2,2067,30-34,
S2,2067,35-39,
S2,2067,40-44,
S2,2067,45-49,
S2,2067,50-54,
S2,2067,55-59,
S2,2067,60-64,
S2,2067,65-69,
S2,2067,70-74,
S2,2067,75+,
S2,2067,0-8,
S2,2067,9-14,
S2,2067,0-17,156561186.0
S2,2067,18-29,113899681.99999999
S2,2067,30-65,385617848.0
S2,2067,66+,180006445.0
S2,2067,15-26,
S2,2067,27-45,
S2,2067,46-65,
S2,2068,00-04,
S2,2068,05-09,
S2,2068,10-14,
S2,2068,15-19,
S2,2068,20-24,
S2,2068,25-29,
S2,2068,30-34,
S2,2068,35-39,
S2,2068,40-44,
S2,2068,45-49,
S2,2068,50-54,
S2,2068,55-59,
S2,2068,60-64,
S2,2068,65-69,
S2,2068,70-74,
S2,2068,75+,
S2,2068,0-8,
S2,2068,9-14,
S2,2068,0-17,155555395.0
S2,2068,18-29,112893318.0
S2,2068,30-65,383465718.0
S2,2068,66+,183471881.0
S2,2068,15-26,
S2,2068,27-45,
S2,2068,46-65,
S2,2069,00-04,
S2,2069,05-09,
S2,2069,10-14,
S2,2069,15-19,
S2,2069,20-24,
S2,2069,25-29,
S2,2069,30-34,
S2,2069,35-39,
S2,2069,40-44,
S2,2069,45-49,
S2,2069,50-54,
S2,2069,55-59,
S2,2069,60-64,
S2,2069,65-69,
S2,2069,70-74,
S2,2069,75+,
S2,2069,0-8,
S2,2069,9-14,
S2,2069,0-17,154538666.0
S2,2069,18-29,111920562.0
S2,2069,30-65,381240346.0
S2,2069,66+,186797012.0
S2,2069,15-26,
S2,2069,27-45,
S2,2069,46-65,
S2,2070,00-04,
S2,2070,05-09,
S2,2070,10-14,
S2,2070,15-19,
S2,2070,20-24,
S2,2070,25-29,
S2,2070,30-34,
S2,2070,35-39,
S2,2070,40-44,
S2,2070,45-49,
S2,2070,50-54,
S2,2070,55-59,
S2,2070,60-64,
S2,2070,65-69,
S2,2070,70-74,
S2,2070,75+,
S2,2070,0-8,
S2,2070,9-14,
S2,2070,0-17,153504056.0
S2,2070,18-29,110983378.0
S2,2070,30-65,379028297.0
S2,2070,66+,189909128.0
S2,2070,15-26,
S2,2070,27-45,
S2,2070,46-65,
S2,2071,00-04,
S2,2071,05-09,
S2,2071,10-14,
S2,2071,15-19,
S2,2071,20-24,
S2,2071,25-29,
S2,2071,30-34,
S2,2071,35-39,
S2,2071,40-44,
S2,2071,45-49,
S2,2071,50-54,
S2,2071,55-59,
S2,2071,60-64,
S2,2071,65-69,
S2,2071,70-74,
S2,2071,75+,
S2,2071,0-8,
S2,2071,9-14,
S2,2071,0-17,152469372.0
S2,2071,18-29,110056623.0
S2,2071,30-65,376808919.0
S2,2071,66+,192837903.0
S2,2071,15-26,
S2,2071,27-45,
S2,2071,46-65,
S2,2072,00-04,
S2,2072,05-09,
S2,2072,10-14,
S2,2072,15-19,
S2,2072,20-24,
S2,2072,25-29,
S2,2072,30-34,
S2,2072,35-39,
S2,2072,40-44,
S2,2072,45-49,
S2,2072,50-54,
S2,2072,55-59,
S2,2072,60-64,
S2,2072,65-69,
S2,2072,70-74,
S2,2072,75+,
S2,2072,0-8,
S2,2072,9-14,
S2,2072,0-17,151427583.0
S2,2072,18-29,109173699.0
S2,2072,30-65,374644879.0
S2,2072,66+,195512906.0
S2,2072,15-26,
S2,2072,27-45,
S2,2072,46-65,
S2,2073,00-04,
S2,2073,05-09,
S2,2073,10-14,
S2,2073,15-19,
S2,2073,20-24,
S2,2073,25-29,
S2,2073,30-34,
S2,2073,35-39,
S2,2073,40-44,
S2,2073,45-49,
S2,2073,50-54,
S2,2073,55-59,
S2,2073,60-64,
S2,2073,65-69,
S2,2073,70-74,
S2,2073,75+,
S2,2073,0-8,
S2,2073,9-14,
S2,2073,0-17,150375187.0
S2,2073,18-29,108323291.0
S2,2073,30-65,372503365.0
S2,2073,66+,197960924.0
S2,2073,15-26,
S2,2073,27-45,
S2,2073,46-65,
S2,2074,00-04,
S2,2074,05-09,
S2,2074,10-14,
S2,2074,15-19,
S2,2074,20-24,
S2,2074,25-29,
S2,2074,30-34,
S2,2074,35-39,
S2,2074,40-44,
S2,2074,45-49,
S2,2074,50-54,
S2,2074,55-59,
S2,2074,60-64,
S2,2074,65-69,
S2,2074,70-74,
S2,2074,75+,
S2,2074,0-8,
S2,2074,9-14,
S2,2074,0-17,149305509.0
S2,2074,18-29,107517600.0
S2,2074,30-65,370365467.0
S2,2074,66+,200231751.0
S2,2074,15-26,
S2,2074,27-45,
S2,2074,46-65,
S2,2075,00-04,
S2,2075,05-09,
S2,2075,10-14,
S2,2075,15-19,
S2,2075,20-24,
S2,2075,25-29,
S2,2075,30-34,
S2,2075,35-39,
S2,2075,40-44,
S2,2075,45-49,
S2,2075,50-54,
S2,2075,55-59,
S2,2075,60-64,
S2,2075,65-69,
S2,2075,70-74,
S2,2075,75+,
S2,2075,0-8,
S2,2075,9-14,
S2,2075,0-17,148208139.0
S2,2075,18-29,106757344.0
S2,2075,30-65,368146445.0
S2,2075,66+,202402873.0
S2,2075,15-26,
S2,2075,27-45,
S2,2075,46-65,
S2,2076,00-04,
S2,2076,05-09,
S2,2076,10-14,
S2,2076,15-19,
S2,2076,20-24,
S2,2076,25-29,
S2,2076,30-34,
S2,2076,35-39,
S2,2076,40-44,
S2,2076,45-49,
S2,2076,50-54,
S2,2076,55-59,
S2,2076,60-64,
S2,2076,65-69,
S2,2076,70-74,
S2,2076,75+,
S2,2076,0-8,
S2,2076,9-14,
S2,2076,0-17,147086287.0
S2,2076,18-29,106040852.0
S2,2076,30-65,365777199.0
S2,2076,66+,204539995.0
S2,2076,15-26,
S2,2076,27-45,
S2,2076,46-65,
S2,2077,00-04,
S2,2077,05-09,
S2,2077,10-14,
S2,2077,15-19,
S2,2077,20-24,
S2,2077,25-29,
S2,2077,30-34,
S2,2077,35-39,
S2,2077,40-44,
S2,2077,45-49,
S2,2077,50-54,
S2,2077,55-59,
S2,2077,60-64,
S2,2077,65-69,
S2,2077,70-74,
S2,2077,75+,
S2,2077,0-8,
S2,2077,9-14,
S2,2077,0-17,145962162.0
S2,2077,18-29,105351557.0
S2,2077,30-65,363424242.0
S2,2077,66+,206500799.0
S2,2077,15-26,
S2,2077,27-45,
S2,2077,46-65,
S2,2078,00-04,
S2,2078,05-09,
S2,2078,10-14,
S2,2078,15-19,
S2,2078,20-24,
S2,2078,25-29,
S2,2078,30-34,
S2,2078,35-39,
S2,2078,40-44,
S2,2078,45-49,
S2,2078,50-54,
S2,2078,55-59,
S2,2078,60-64,
S2,2078,65-69,
S2,2078,70-74,
S2,2078,75+,
S2,2078,0-8,
S2,2078,9-14,
S2,2078,0-17,144835961.0
S2,2078,18-29,104693217.0
S2,2078,30-65,361031746.0
S2,2078,66+,208332597.0
S2,2078,15-26,
S2,2078,27-45,
S2,2078,46-65,
S2,2079,00-04,
S2,2079,05-09,
S2,2079,10-14,
S2,2079,15-19,
S2,2079,20-24,
S2,2079,25-29,
S2,2079,30-34,
S2,2079,35-39,
S2,2079,40-44,
S2,2079,45-49,
S2,2079,50-54,
S2,2079,55-59,
S2,2079,60-64,
S2,2079,65-69,
S2,2079,70-74,
S2,2079,75+,
S2,2079,0-8,
S2,2079,9-14,
S2,2079,0-17,143697693.0
S2,2079,18-29,104060557.0
S2,2079,30-65,358626824.0
S2,2079,66+,210029728.0
S2,2079,15-26,
S2,2079,27-45,
S2,2079,46-65,
S2,2080,00-04,
S2,2080,05-09,
S2,2080,10-14,
S2,2080,15-19,
S2,2080,20-24,
S2,2080,25-29,
S2,2080,30-34,
S2,2080,35-39,
S2,2080,40-44,
S2,2080,45-49,
S2,2080,50-54,
S2,2080,55-59,
S2,2080,60-64,
S2,2080,65-69,
S2,2080,70-74,
S2,2080,75+,
S2,2080,0-8,
S2,2080,9-14,
S2,2080,0-17,142563086.0
S2,2080,18-29,103423002.0
S2,2080,30-65,356299329.0
S2,2080,66+,211521704.0
S2,2080,15-26,
S2,2080,27-45,
S2,2080,46-65,
S2,2081,00-04,
S2,2081,05-09,
S2,2081,10-14,
S2,2081,15-19,
S2,2081,20-24,
S2,2081,25-29,
S2,2081,30-34,
S2,2081,35-39,
S2,2081,40-44,
S2,2081,45-49,
S2,2081,50-54,
S2,2081,55-59,
S2,2081,60-64,
S2,2081,65-69,
S2,2081,70-74,
S2,2081,75+,
S2,2081,0-8,
S2,2081,9-14,
S2,2081,0-17,141424219.0
S2,2081,18-29,102796894.0
S2,2081,30-65,354270363.0
S2,2081,66+,212584407.0
S2,2081,15-26,
S2,2081,27-45,
S2,2081,46-65,
S2,2082,00-04,
S2,2082,05-09,
S2,2082,10-14,
S2,2082,15-19,
S2,2082,20-24,
S2,2082,25-29,
S2,2082,30-34,
S2,2082,35-39,
S2,2082,40-44,
S2,2082,45-49,
S2,2082,50-54,
S2,2082,55-59,
S2,2082,60-64,
S2,2082,65-69,
S2,2082,70-74,
S2,2082,75+,
S2,2082,0-8,
S2,2082,9-14,
S2,2082,0-17,140283061.0
S2,2082,18-29,102169043.99999999
S2,2082,30-65,352119112.0
S2,2082,66+,213663791.0
S2,2082,15-26,
S2,2082,27-45,
S2,2082,46-65,
S2,2083,00-04,
S2,2083,05-09,
S2,2083,10-14,
S2,2083,15-19,
S2,2083,20-24,
S2,2083,25-29,
S2,2083,30-34,
S2,2083,35-39,
S2,2083,40-44,
S2,2083,45-49,
S2,2083,50-54,
S2,2083,55-59,
S2,2083,60-64,
S2,2083,65-69,
S2,2083,70-74,
S2,2083,75+,
S2,2083,0-8,
S2,2083,9-14,
S2,2083,0-17,139151466.0
S2,2083,18-29,101554097.0
S2,2083,30-65,349846517.0
S2,2083,66+,214749198.0
S2,2083,15-26,
S2,2083,27-45,
S2,2083,46-65,
S2,2084,00-04,
S2,2084,05-09,
S2,2084,10-14,
S2,2084,15-19,
S2,2084,20-24,
S2,2084,25-29,
S2,2084,30-34,
S2,2084,35-39,
S2,2084,40-44,
S2,2084,45-49,
S2,2084,50-54,
S2,2084,55-59,
S2,2084,60-64,
S2,2084,65-69,
S2,2084,70-74,
S2,2084,75+,
S2,2084,0-8,
S2,2084,9-14,
S2,2084,0-17,138028831.0
S2,2084,18-29,100925971.99999999
S2,2084,30-65,347798568.0
S2,2084,66+,215505237.0
S2,2084,15-26,
S2,2084,27-45,
S2,2084,46-65,
S2,2085,00-04,
S2,2085,05-09,
S2,2085,10-14,
S2,2085,15-19,
S2,2085,20-24,
S2,2085,25-29,
S2,2085,30-34,
S2,2085,35-39,
S2,2085,40-44,
S2,2085,45-49,
S2,2085,50-54,
S2,2085,55-59,
S2,2085,60-64,
S2,2085,65-69,
S2,2085,70-74,
S2,2085,75+,
S2,2085,0-8,
S2,2085,9-14,
S2,2085,0-17,136919837.0
S2,2085,18-29,100304930.0
S2,2085,30-65,345595402.0
S2,2085,66+,216313464.0
S2,2085,15-26,
S2,2085,27-45,
S2,2085,46-65,
S2,2086,00-04,
S2,2086,05-09,
S2,2086,10-14,
S2,2086,15-19,
S2,2086,20-24,
S2,2086,25-29,
S2,2086,30-34,
S2,2086,35-39,
S2,2086,40-44,
S2,2086,45-49,
S2,2086,50-54,
S2,2086,55-59,
S2,2086,60-64,
S2,2086,65-69,
S2,2086,70-74,
S2,2086,75+,
S2,2086,0-8,
S2,2086,9-14,
S2,2086,0-17,135829780.0
S2,2086,18-29,99657121.0
S2,2086,30-65,343522606.0
S2,2086,66+,216896659.0
S2,2086,15-26,
S2,2086,27-45,
S2,2086,46-65,
S2,2087,00-04,
S2,2087,05-09,
S2,2087,10-14,
S2,2087,15-19,
S2,2087,20-24,
S2,2087,25-29,
S2,2087,30-34,
S2,2087,35-39,
S2,2087,40-44,
S2,2087,45-49,
S2,2087,50-54,
S2,2087,55-59,
S2,2087,60-64,
S2,2087,65-69,
S2,2087,70-74,
S2,2087,75+,
S2,2087,0-8,
S2,2087,9-14,
S2,2087,0-17,134768686.0
S2,2087,18-29,98975317.0
S2,2087,30-65,341652016.0
S2,2087,66+,217209952.0
S2,2087,15-26,
S2,2087,27-45,
S2,2087,46-65,
S2,2088,00-04,
S2,2088,05-09,
S2,2088,10-14,
S2,2088,15-19,
S2,2088,20-24,
S2,2088,25-29,
S2,2088,30-34,
S2,2088,35-39,
S2,2088,40-44,
S2,2088,45-49,
S2,2088,50-54,
S2,2088,55-59,
S2,2088,60-64,
S2,2088,65-69,
S2,2088,70-74,
S2,2088,75+,
S2,2088,0-8,
S2,2088,9-14,
S2,2088,0-17,133747091.0
S2,2088,18-29,98272294.0
S2,2088,30-65,339790602.0
S2,2088,66+,217450828.0
S2,2088,15-26,
S2,2088,27-45,
S2,2088,46-65,
S2,2089,00-04,
S2,2089,05-09,
S2,2089,10-14,
S2,2089,15-19,
S2,2089,20-24,
S2,2089,25-29,
S2,2089,30-34,
S2,2089,35-39,
S2,2089,40-44,
S2,2089,45-49,
S2,2089,50-54,
S2,2089,55-59,
S2,2089,60-64,
S2,2089,65-69,
S2,2089,70-74,
S2,2089,75+,
S2,2089,0-8,
S2,2089,9-14,
S2,2089,0-17,132742930.0
S2,2089,18-29,97556152.0
S2,2089,30-65,337865563.0
S2,2089,66+,217671602.0
S2,2089,15-26,
S2,2089,27-45,
S2,2089,46-65,
S2,2090,00-04,
S2,2090,05-09,
S2,2090,10-14,
S2,2090,15-19,
S2,2090,20-24,
S2,2090,25-29,
S2,2090,30-34,
S2,2090,35-39,
S2,2090,40-44,
S2,2090,45-49,
S2,2090,50-54,
S2,2090,55-59,
S2,2090,60-64,
S2,2090,65-69,
S2,2090,70-74,
S2,2090,75+,
S2,2090,0-8,
S2,2090,9-14,
S2,2090,0-17,131757012.0
S2,2090,18-29,96833028.0
S2,2090,30-65,335887966.0
S2,2090,66+,217873054.0
S2,2090,15-26,
S2,2090,27-45,
S2,2090,46-65,
S2,2091,00-04,
S2,2091,05-09,
S2,2091,10-14,
S2,2091,15-19,
S2,2091,20-24,
S2,2091,25-29,
S2,2091,30-34,
S2,2091,35-39,
S2,2091,40-44,
S2,2091,45-49,
S2,2091,50-54,
S2,2091,55-59,
S2,2091,60-64,
S2,2091,65-69,
S2,2091,70-74,
S2,2091,75+,
S2,2091,0-8,
S2,2091,9-14,
S2,2091,0-17,130795629.0
S2,2091,18-29,96082159.00000001
S2,2091,30-65,333851786.0
S2,2091,66+,218072040.0
S2,2091,15-26,
S2,2091,27-45,
S2,2091,46-65,
S2,2092,00-04,
S2,2092,05-09,
S2,2092,10-14,
S2,2092,15-19,
S2,2092,20-24,
S2,2092,25-29,
S2,2092,30-34,
S2,2092,35-39,
S2,2092,40-44,
S2,2092,45-49,
S2,2092,50-54,
S2,2092,55-59,
S2,2092,60-64,
S2,2092,65-69,
S2,2092,70-74,
S2,2092,75+,
S2,2092,0-8,
S2,2092,9-14,
S2,2092,0-17,129857017.0
S2,2092,18-29,95331609.0
S2,2092,30-65,331774991.0
S2,2092,66+,218249697.0
S2,2092,15-26,
S2,2092,27-45,
S2,2092,46-65,
S2,2093,00-04,
S2,2093,05-09,
S2,2093,10-14,
S2,2093,15-19,
S2,2093,20-24,
S2,2093,25-29,
S2,2093,30-34,
S2,2093,35-39,
S2,2093,40-44,
S2,2093,45-49,
S2,2093,50-54,
S2,2093,55-59,
S2,2093,60-64,
S2,2093,65-69,
S2,2093,70-74,
S2,2093,75+,
S2,2093,0-8,
S2,2093,9-14,
S2,2093,0-17,128939984.0
S2,2093,18-29,94570903.0
S2,2093,30-65,329672311.0
S2,2093,66+,218420439.0
S2,2093,15-26,
S2,2093,27-45,
S2,2093,46-65,
S2,2094,00-04,
S2,2094,05-09,
S2,2094,10-14,
S2,2094,15-19,
S2,2094,20-24,
S2,2094,25-29,
S2,2094,30-34,
S2,2094,35-39,
S2,2094,40-44,
S2,2094,45-49,
S2,2094,50-54,
S2,2094,55-59,
S2,2094,60-64,
S2,2094,65-69,
S2,2094,70-74,
S2,2094,75+,
S2,2094,0-8,
S2,2094,9-14,
S2,2094,0-17,128030538.0
S2,2094,18-29,93795036.0
S2,2094,30-65,327530009.0
S2,2094,66+,218578021.0
S2,2094,15-26,
S2,2094,27-45,
S2,2094,46-65,
S2,2095,00-04,
S2,2095,05-09,
S2,2095,10-14,
S2,2095,15-19,
S2,2095,20-24,
S2,2095,25-29,
S2,2095,30-34,
S2,2095,35-39,
S2,2095,40-44,
S2,2095,45-49,
S2,2095,50-54,
S2,2095,55-59,
S2,2095,60-64,
S2,2095,65-69,
S2,2095,70-74,
S2,2095,75+,
S2,2095,0-8,
S2,2095,9-14,
S2,2095,0-17,127132276.0
S2,2095,18-29,93015494.0
S2,2095,30-65,325372490.0
S2,2095,66+,218713338.0
S2,2095,15-26,
S2,2095,27-45,
S2,2095,46-65,
S2,2096,00-04,
S2,2096,05-09,
S2,2096,10-14,
S2,2096,15-19,
S2,2096,20-24,
S2,2096,25-29,
S2,2096,30-34,
S2,2096,35-39,
S2,2096,40-44,
S2,2096,45-49,
S2,2096,50-54,
S2,2096,55-59,
S2,2096,60-64,
S2,2096,65-69,
S2,2096,70-74,
S2,2096,75+,
S2,2096,0-8,
S2,2096,9-14,
S2,2096,0-17,126237284.0
S2,2096,18-29,92246258.0
S2,2096,30-65,323183856.0
S2,2096,66+,218838705.0
S2,2096,15-26,
S2,2096,27-45,
S2,2096,46-65,
S2,2097,00-04,
S2,2097,05-09,
S2,2097,10-14,
S2,2097,15-19,
S2,2097,20-24,
S2,2097,25-29,
S2,2097,30-34,
S2,2097,35-39,
S2,2097,40-44,
S2,2097,45-49,
S2,2097,50-54,
S2,2097,55-59,
S2,2097,60-64,
S2,2097,65-69,
S2,2097,70-74,
S2,2097,75+,
S2,2097,0-8,
S2,2097,9-14,
S2,2097,0-17,125364585.0
S2,2097,18-29,91472762.99999999
S2,2097,30-65,320966400.0
S2,2097,66+,218965130.0
S2,2097,15-26,
S2,2097,27-45,
S2,2097,46-65,
S2,2098,00-04,
S2,2098,05-09,
S2,2098,10-14,
S2,2098,15-19,
S2,2098,20-24,
S2,2098,25-29,
S2,2098,30-34,
S2,2098,35-39,
S2,2098,40-44,
S2,2098,45-49,
S2,2098,50-54,
S2,2098,55-59,
S2,2098,60-64,
S2,2098,65-69,
S2,2098,70-74,
S2,2098,75+,
S2,2098,0-8,
S2,2098,9-14,
S2,2098,0-17,124503620.0
S2,2098,18-29,90709386.0
S2,2098,30-65,318731037.0
S2,2098,66+,219069807.0
S2,2098,15-26,
S2,2098,27-45,
S2,2098,46-65,
S2,2099,00-04,
S2,2099,05-09,
S2,2099,10-14,
S2,2099,15-19,
S2,2099,20-24,
S2,2099,25-29,
S2,2099,30-34,
S2,2099,35-39,
S2,2099,40-44,
S2,2099,45-49,
S2,2099,50-54,
S2,2099,55-59,
S2,2099,60-64,
S2,2099,65-69,
S2,2099,70-74,
S2,2099,75+,
S2,2099,0-8,
S2,2099,9-14,
S2,2099,0-17,123632145.0
S2,2099,18-29,89960429.0
S2,2099,30-65,316487913.0
S2,2099,66+,219147476.0
S2,2099,15-26,
S2,2099,27-45,
S2,2099,46-65,
S2,2100,00-04,
S2,2100,05-09,
S2,2100,10-14,
S2,2100,15-19,
S2,2100,20-24,
S2,2100,25-29,
S2,2100,30-34,
S2,2100,35-39,
S2,2100,40-44,
S2,2100,45-49,
S2,2100,50-54,
S2,2100,55-59,
S2,2100,60-64,
S2,2100,65-69,
S2,2100,70-74,
S2,2100,75+,
S2,2100,0-8,
S2,2100,9-14,
S2,2100,0-17,122784447.0
S2,2100,18-29,89225263.0
S2,2100,30-65,314231253.0
S2,2100,66+,219205321.0
S2,2100,15-26,
S2,2100,27-45,
S2,2100,46-65,
S3,1950,00-04,
S3,1950,05-09,
S3,1950,10-14,
S3,1950,15-19,
S3,1950,20-24,
S3,1950,25-29,
S3,1950,30-34,
S3,1950,35-39,
S3,1950,40-44,
S3,1950,45-49,
S3,1950,50-54,
S3,1950,55-59,
S3,1950,60-64,
S3,1950,65-69,
S3,1950,70-74,
S3,1950,75+,
S3,1950,0-8,41062876.0
S3,1950,9-14,22815943.0
S3,1950,0-17,
S3,1950,18-29,
S3,1950,30-65,
S3,1950,66+,4867086.0
S3,1950,15-26,37438011.0
S3,1950,27-45,40062623.0
S3,1950,46-65,20418492.0
S3,1951,00-04,
S3,1951,05-09,
S3,1951,10-14,
S3,1951,15-19,
S3,1951,20-24,
S3,1951,25-29,
S3,1951,30-34,
S3,1951,35-39,
S3,1951,40-44,
S3,1951,45-49,
S3,1951,50-54,
S3,1951,55-59,
S3,1951,60-64,
S3,1951,65-69,
S3,1951,70-74,
S3,1951,75+,
S3,1951,0-8,42385696.0
S3,1951,9-14,22988567.0
S3,1951,0-17,
S3,1951,18-29,
S3,1951,30-65,
S3,1951,66+,4922777.0
S3,1951,15-26,38117982.0
S3,1951,27-45,40788719.0
S3,1951,46-65,20955359.0
S3,1952,00-04,
S3,1952,05-09,
S3,1952,10-14,
S3,1952,15-19,
S3,1952,20-24,
S3,1952,25-29,
S3,1952,30-34,
S3,1952,35-39,
S3,1952,40-44,
S3,1952,45-49,
S3,1952,50-54,
S3,1952,55-59,
S3,1952,60-64,
S3,1952,65-69,
S3,1952,70-74,
S3,1952,75+,
S3,1952,0-8,43823617.0
S3,1952,9-14,23119866.0
S3,1952,0-17,
S3,1952,18-29,
S3,1952,30-65,
S3,1952,66+,5029088.0
S3,1952,15-26,38852408.0
S3,1952,27-45,41518144.0
S3,1952,46-65,21502854.0
S3,1953,00-04,
S3,1953,05-09,
S3,1953,10-14,
S3,1953,15-19,
S3,1953,20-24,
S3,1953,25-29,
S3,1953,30-34,
S3,1953,35-39,
S3,1953,40-44,
S3,1953,45-49,
S3,1953,50-54,
S3,1953,55-59,
S3,1953,60-64,
S3,1953,65-69,
S3,1953,70-74,
S3,1953,75+,
S3,1953,0-8,45389887.0
S3,1953,9-14,23240157.0
S3,1953,0-17,
S3,1953,18-29,
S3,1953,30-65,
S3,1953,66+,5206153.0
S3,1953,15-26,39609376.0
S3,1953,27-45,42226467.0
S3,1953,46-65,22049749.0
S3,1954,00-04,
S3,1954,05-09,
S3,1954,10-14,
S3,1954,15-19,
S3,1954,20-24,
S3,1954,25-29,
S3,1954,30-34,
S3,1954,35-39,
S3,1954,40-44,
S3,1954,45-49,
S3,1954,50-54,
S3,1954,55-59,
S3,1954,60-64,
S3,1954,65-69,
S3,1954,70-74,
S3,1954,75+,
S3,1954,0-8,47048508.0
S3,1954,9-14,23406486.0
S3,1954,0-17,
S3,1954,18-29,
S3,1954,30-65,
S3,1954,66+,5437630.0
S3,1954,15-26,40307898.0
S3,1954,27-45,42871482.0
S3,1954,46-65,22591738.0
S3,1955,00-04,
S3,1955,05-09,
S3,1955,10-14,
S3,1955,15-19,
S3,1955,20-24,
S3,1955,25-29,
S3,1955,30-34,
S3,1955,35-39,
S3,1955,40-44,
S3,1955,45-49,
S3,1955,50-54,
S3,1955,55-59,
S3,1955,60-64,
S3,1955,65-69,
S3,1955,70-74,
S3,1955,75+,
S3,1955,0-8,48817925.0
S3,1955,9-14,23700748.0
S3,1955,0-17,
S3,1955,18-29,
S3,1955,30-65,
S3,1955,66+,5679824.0
S3,1955,15-26,40965361.0
S3,1955,27-45,43559288.0
S3,1955,46-65,23171567.0
S3,1956,00-04,
S3,1956,05-09,
S3,1956,10-14,
S3,1956,15-19,
S3,1956,20-24,
S3,1956,25-29,
S3,1956,30-34,
S3,1956,35-39,
S3,1956,40-44,
S3,1956,45-49,
S3,1956,50-54,
S3,1956,55-59,
S3,1956,60-64,
S3,1956,65-69,
S3,1956,70-74,
S3,1956,75+,
S3,1956,0-8,50625276.0
S3,1956,9-14,24100483.0
S3,1956,0-17,
S3,1956,18-29,
S3,1956,30-65,
S3,1956,66+,5874164.0
S3,1956,15-26,41555282.0
S3,1956,27-45,44285770.0
S3,1956,46-65,23797986.0
S3,1957,00-04,
S3,1957,05-09,
S3,1957,10-14,
S3,1957,15-19,
S3,1957,20-24,
S3,1957,25-29,
S3,1957,30-34,
S3,1957,35-39,
S3,1957,40-44,
S3,1957,45-49,
S3,1957,50-54,
S3,1957,55-59,
S3,1957,60-64,
S3,1957,65-69,
S3,1957,70-74,
S3,1957,75+,
S3,1957,0-8,52486527.0
S3,1957,9-14,24565690.0
S3,1957,0-17,
S3,1957,18-29,
S3,1957,30-65,
S3,1957,66+,6045012.0
S3,1957,15-26,42109658.0
S3,1957,27-45,45067936.0
S3,1957,46-65,24456609.0
S3,1958,00-04,
S3,1958,05-09,
S3,1958,10-14,
S3,1958,15-19,
S3,1958,20-24,
S3,1958,25-29,
S3,1958,30-34,
S3,1958,35-39,
S3,1958,40-44,
S3,1958,45-49,
S3,1958,50-54,
S3,1958,55-59,
S3,1958,60-64,
S3,1958,65-69,
S3,1958,70-74,
S3,1958,75+,
S3,1958,0-8,54413880.0
S3,1958,9-14,25032055.0
S3,1958,0-17,
S3,1958,18-29,
S3,1958,30-65,
S3,1958,66+,6176949.0
S3,1958,15-26,42552146.99999999
S3,1958,27-45,45810151.0
S3,1958,46-65,25136577.0
S3,1959,00-04,
S3,1959,05-09,
S3,1959,10-14,
S3,1959,15-19,
S3,1959,20-24,
S3,1959,25-29,
S3,1959,30-34,
S3,1959,35-39,
S3,1959,40-44,
S3,1959,45-49,
S3,1959,50-54,
S3,1959,55-59,
S3,1959,60-64,
S3,1959,65-69,
S3,1959,70-74,
S3,1959,75+,
S3,1959,0-8,55908147.0
S3,1959,9-14,26006759.0
S3,1959,0-17,
S3,1959,18-29,
S3,1959,30-65,
S3,1959,66+,6276084.0
S3,1959,15-26,43091048.0
S3,1959,27-45,46693020.0
S3,1959,46-65,25869735.0
S3,1960,00-04,
S3,1960,05-09,
S3,1960,10-14,
S3,1960,15-19,
S3,1960,20-24,
S3,1960,25-29,
S3,1960,30-34,
S3,1960,35-39,
S3,1960,40-44,
S3,1960,45-49,
S3,1960,50-54,
S3,1960,55-59,
S3,1960,60-64,
S3,1960,65-69,
S3,1960,70-74,
S3,1960,75+,
S3,1960,0-8,57332937.0
S3,1960,9-14,27093589.999999996
S3,1960,0-17,
S3,1960,18-29,
S3,1960,30-65,
S3,1960,66+,6388366.0
S3,1960,15-26,43619528.0
S3,1960,27-45,47590139.0
S3,1960,46-65,26597144.0
S3,1961,00-04,
S3,1961,05-09,
S3,1961,10-14,
S3,1961,15-19,
S3,1961,20-24,
S3,1961,25-29,
S3,1961,30-34,
S3,1961,35-39,
S3,1961,40-44,
S3,1961,45-49,
S3,1961,50-54,
S3,1961,55-59,
S3,1961,60-64,
S3,1961,65-69,
S3,1961,70-74,
S3,1961,75+,
S3,1961,0-8,58759554.00000001
S3,1961,9-14,28258546.0
S3,1961,0-17,
S3,1961,18-29,
S3,1961,30-65,
S3,1961,66+,6563070.0
S3,1961,15-26,44186159.0
S3,1961,27-45,48513988.0
S3,1961,46-65,27282140.0
S3,1962,00-04,
S3,1962,05-09,
S3,1962,10-14,
S3,1962,15-19,
S3,1962,20-24,
S3,1962,25-29,
S3,1962,30-34,
S3,1962,35-39,
S3,1962,40-44,
S3,1962,45-49,
S3,1962,50-54,
S3,1962,55-59,
S3,1962,60-64,
S3,1962,65-69,
S3,1962,70-74,
S3,1962,75+,
S3,1962,0-8,60135494.38743418
S3,1962,9-14,29509438.105028674
S3,1962,0-17,
S3,1962,18-29,
S3,1962,30-65,
S3,1962,66+,6773988.430248686
S3,1962,15-26,44813801.50412207
S3,1962,27-45,49473963.049616985
S3,1962,46-65,27943863.222380016
S3,1963,00-04,
S3,1963,05-09,
S3,1963,10-14,
S3,1963,15-19,
S3,1963,20-24,
S3,1963,25-29,
S3,1963,30-34,
S3,1963,35-39,
S3,1963,40-44,
S3,1963,45-49,
S3,1963,50-54,
S3,1963,55-59,
S3,1963,60-64,
S3,1963,65-69,
S3,1963,70-74,
S3,1963,75+,
S3,1963,0-8,61446873.45693183
S3,1963,9-14,30858727.607394822
S3,1963,0-17,
S3,1963,18-29,
S3,1963,30-65,
S3,1963,66+,7037031.879399903
S3,1963,15-26,45417155.3767177
S3,1963,27-45,50391586.60149108
S3,1963,46-65,28552892.747493915
S3,1964,00-04,
S3,1964,05-09,
S3,1964,10-14,
S3,1964,15-19,
S3,1964,20-24,
S3,1964,25-29,
S3,1964,30-34,
S3,1964,35-39,
S3,1964,40-44,
S3,1964,45-49,
S3,1964,50-54,
S3,1964,55-59,
S3,1964,60-64,
S3,1964,65-69,
S3,1964,70-74,
S3,1964,75+,
S3,1964,0-8,62707069.10568556
S3,1964,9-14,32344579.042327672
S3,1964,0-17,
S3,1964,18-29,
S3,1964,30-65,
S3,1964,66+,7339728.484717537
S3,1964,15-26,45991657.193802245
S3,1964,27-45,51362662.78819958
S3,1964,46-65,29132558.752337776
S3,1965,00-04,
S3,1965,05-09,
S3,1965,10-14,
S3,1965,15-19,
S3,1965,20-24,
S3,1965,25-29,
S3,1965,30-34,
S3,1965,35-39,
S3,1965,40-44,
S3,1965,45-49,
S3,1965,50-54,
S3,1965,55-59,
S3,1965,60-64,
S3,1965,65-69,
S3,1965,70-74,
S3,1965,75+,
S3,1965,0-8,63946639.72735067
S3,1965,9-14,33426322.67349622
S3,1965,0-17,
S3,1965,18-29,
S3,1965,30-65,
S3,1965,66+,7641994.599022321
S3,1965,15-26,47008407.0768151
S3,1965,27-45,52345943.108150825
S3,1965,46-65,29709292.15065807
S3,1966,00-04,
S3,1966,05-09,
S3,1966,10-14,
S3,1966,15-19,
S3,1966,20-24,
S3,1966,25-29,
S3,1966,30-34,
S3,1966,35-39,
S3,1966,40-44,
S3,1966,45-49,
S3,1966,50-54,
S3,1966,55-59,
S3,1966,60-64,
S3,1966,65-69,
S3,1966,70-74,
S3,1966,75+,
S3,1966,0-8,64962754.37697105
S3,1966,9-14,34440869.19455571
S3,1966,0-17,
S3,1966,18-29,
S3,1966,30-65,
S3,1966,66+,7884329.2808021
S3,1966,15-26,48144870.938432574
S3,1966,27-45,53298916.78956063
S3,1966,46-65,30293795.303995743
S3,1967,00-04,
S3,1967,05-09,
S3,1967,10-14,
S3,1967,15-19,
S3,1967,20-24,
S3,1967,25-29,
S3,1967,30-34,
S3,1967,35-39,
S3,1967,40-44,
S3,1967,45-49,
S3,1967,50-54,
S3,1967,55-59,
S3,1967,60-64,
S3,1967,65-69,
S3,1967,70-74,
S3,1967,75+,
S3,1967,0-8,65911991.2523488
S3,1967,9-14,35415368.31505431
S3,1967,0-17,
S3,1967,18-29,
S3,1967,30-65,
S3,1967,66+,8101962.743090786
S3,1967,15-26,49413925.86962262
S3,1967,27-45,54155710.84094641
S3,1967,46-65,30893851.189427756
S3,1968,00-04,
S3,1968,05-09,
S3,1968,10-14,
S3,1968,15-19,
S3,1968,20-24,
S3,1968,25-29,
S3,1968,30-34,
S3,1968,35-39,
S3,1968,40-44,
S3,1968,45-49,
S3,1968,50-54,
S3,1968,55-59,
S3,1968,60-64,
S3,1968,65-69,
S3,1968,70-74,
S3,1968,75+,
S3,1968,0-8,66858307.759116694
S3,1968,9-14,36319595.69657991
S3,1968,0-17,
S3,1968,18-29,
S3,1968,30-65,
S3,1968,66+,8283740.764368731
S3,1968,15-26,50920421.13704745
S3,1968,27-45,55049901.06427
S3,1968,46-65,31542556.395363003
S3,1969,00-04,
S3,1969,05-09,
S3,1969,10-14,
S3,1969,15-19,
S3,1969,20-24,
S3,1969,25-29,
S3,1969,30-34,
S3,1969,35-39,
S3,1969,40-44,
S3,1969,45-49,
S3,1969,50-54,
S3,1969,55-59,
S3,1969,60-64,
S3,1969,65-69,
S3,1969,70-74,
S3,1969,75+,
S3,1969,0-8,67916747.55642751
S3,1969,9-14,37163883.523312986
S3,1969,0-17,
S3,1969,18-29,
S3,1969,30-65,
S3,1969,66+,8460541.776740793
S3,1969,15-26,52450900.47403625
S3,1969,27-45,55823490.5408176
S3,1969,46-65,32214999.582163036
S3,1970,00-04,
S3,1970,05-09,
S3,1970,10-14,
S3,1970,15-19,
S3,1970,20-24,
S3,1970,25-29,
S3,1970,30-34,
S3,1970,35-39,
S3,1970,40-44,
S3,1970,45-49,
S3,1970,50-54,
S3,1970,55-59,
S3,1970,60-64,
S3,1970,65-69,
S3,1970,70-74,
S3,1970,75+,
S3,1970,0-8,68894661.4445534
S3,1970,9-14,37993249.986362785
S3,1970,0-17,
S3,1970,18-29,
S3,1970,30-65,
S3,1970,66+,8635479.623918615
S3,1970,15-26,54139355.61159441
S3,1970,27-45,56613072.425026014
S3,1970,46-65,32894092.18273858
S3,1971,00-04,
S3,1971,05-09,
S3,1971,10-14,
S3,1971,15-19,
S3,1971,20-24,
S3,1971,25-29,
S3,1971,30-34,
S3,1971,35-39,
S3,1971,40-44,
S3,1971,45-49,
S3,1971,50-54,
S3,1971,55-59,
S3,1971,60-64,
S3,1971,65-69,
S3,1971,70-74,
S3,1971,75+,
S3,1971,0-8,69875818.398021
S3,1971,9-14,38837591.84636227
S3,1971,0-17,
S3,1971,18-29,
S3,1971,30-65,
S3,1971,66+,8845508.689844707
S3,1971,15-26,56053594.49764143
S3,1971,27-45,57565128.8061602
S3,1971,46-65,33580096.666707166
S3,1972,00-04,
S3,1972,05-09,
S3,1972,10-14,
S3,1972,15-19,
S3,1972,20-24,
S3,1972,25-29,
S3,1972,30-34,
S3,1972,35-39,
S3,1972,40-44,
S3,1972,45-49,
S3,1972,50-54,
S3,1972,55-59,
S3,1972,60-64,
S3,1972,65-69,
S3,1972,70-74,
S3,1972,75+,
S3,1972,0-8,70852582.04089873
S3,1972,9-14,39679975.68366696
S3,1972,0-17,
S3,1972,18-29,
S3,1972,30-65,
S3,1972,66+,9073231.87050831
S3,1972,15-26,57843304.16770268
S3,1972,27-45,58385293.9835884
S3,1972,46-65,34228628.00170638
S3,1973,00-04,
S3,1973,05-09,
S3,1973,10-14,
S3,1973,15-19,
S3,1973,20-24,
S3,1973,25-29,
S3,1973,30-34,
S3,1973,35-39,
S3,1973,40-44,
S3,1973,45-49,
S3,1973,50-54,
S3,1973,55-59,
S3,1973,60-64,
S3,1973,65-69,
S3,1973,70-74,
S3,1973,75+,
S3,1973,0-8,71839906.43314618
S3,1973,9-14,40535581.9706538
S3,1973,0-17,
S3,1973,18-29,
S3,1973,30-65,
S3,1973,66+,9332848.929282127
S3,1973,15-26,59789080.374496385
S3,1973,27-45,59376915.12873853
S3,1973,46-65,34885611.97797089
S3,1974,00-04,
S3,1974,05-09,
S3,1974,10-14,
S3,1974,15-19,
S3,1974,20-24,
S3,1974,25-29,
S3,1974,30-34,
S3,1974,35-39,
S3,1974,40-44,
S3,1974,45-49,
S3,1974,50-54,
S3,1974,55-59,
S3,1974,60-64,
S3,1974,65-69,
S3,1974,70-74,
S3,1974,75+,
S3,1974,0-8,72862398.63693677
S3,1974,9-14,41408462.00450595
S3,1974,0-17,
S3,1974,18-29,
S3,1974,30-65,
S3,1974,66+,9621586.510457538
S3,1974,15-26,61687228.92577189
S3,1974,27-45,60384845.825775035
S3,1974,46-65,35531211.20469894
S3,1975,00-04,
S3,1975,05-09,
S3,1975,10-14,
S3,1975,15-19,
S3,1975,20-24,
S3,1975,25-29,
S3,1975,30-34,
S3,1975,35-39,
S3,1975,40-44,
S3,1975,45-49,
S3,1975,50-54,
S3,1975,55-59,
S3,1975,60-64,
S3,1975,65-69,
S3,1975,70-74,
S3,1975,75+,
S3,1975,0-8,73972409.24860461
S3,1975,9-14,42266840.47450301
S3,1975,0-17,
S3,1975,18-29,
S3,1975,30-65,
S3,1975,66+,9929340.939843372
S3,1975,15-26,63725813.77430967
S3,1975,27-45,61534308.69015788
S3,1975,46-65,36226058.20900239
S3,1976,00-04,
S3,1976,05-09,
S3,1976,10-14,
S3,1976,15-19,
S3,1976,20-24,
S3,1976,25-29,
S3,1976,30-34,
S3,1976,35-39,
S3,1976,40-44,
S3,1976,45-49,
S3,1976,50-54,
S3,1976,55-59,
S3,1976,60-64,
S3,1976,65-69,
S3,1976,70-74,
S3,1976,75+,
S3,1976,0-8,75028726.34781787
S3,1976,9-14,43100628.12208853
S3,1976,0-17,
S3,1976,18-29,
S3,1976,30-65,
S3,1976,66+,10232428.737245308
S3,1976,15-26,65875306.10490239
S3,1976,27-45,62693589.47267092
S3,1976,46-65,36978933.174681224
S3,1977,00-04,
S3,1977,05-09,
S3,1977,10-14,
S3,1977,15-19,
S3,1977,20-24,
S3,1977,25-29,
S3,1977,30-34,
S3,1977,35-39,
S3,1977,40-44,
S3,1977,45-49,
S3,1977,50-54,
S3,1977,55-59,
S3,1977,60-64,
S3,1977,65-69,
S3,1977,70-74,
S3,1977,75+,
S3,1977,0-8,76142236.45570792
S3,1977,9-14,43949994.25062006
S3,1977,0-17,
S3,1977,18-29,
S3,1977,30-65,
S3,1977,66+,10536634.96930296
S3,1977,15-26,67604710.86493333
S3,1977,27-45,64318521.98501831
S3,1977,46-65,37778341.91257904
S3,1978,00-04,
S3,1978,05-09,
S3,1978,10-14,
S3,1978,15-19,
S3,1978,20-24,
S3,1978,25-29,
S3,1978,30-34,
S3,1978,35-39,
S3,1978,40-44,
S3,1978,45-49,
S3,1978,50-54,
S3,1978,55-59,
S3,1978,60-64,
S3,1978,65-69,
S3,1978,70-74,
S3,1978,75+,
S3,1978,0-8,77178592.94664456
S3,1978,9-14,44822803.14223188
S3,1978,0-17,
S3,1978,18-29,
S3,1978,30-65,
S3,1978,66+,10839083.445590906
S3,1978,15-26,69331499.17531732
S3,1978,27-45,66128076.62953084
S3,1978,46-65,38638353.36358232
S3,1979,00-04,
S3,1979,05-09,
S3,1979,10-14,
S3,1979,15-19,
S3,1979,20-24,
S3,1979,25-29,
S3,1979,30-34,
S3,1979,35-39,
S3,1979,40-44,
S3,1979,45-49,
S3,1979,50-54,
S3,1979,55-59,
S3,1979,60-64,
S3,1979,65-69,
S3,1979,70-74,
S3,1979,75+,
S3,1979,0-8,78248047.56136395
S3,1979,9-14,45668357.11990098
S3,1979,0-17,
S3,1979,18-29,
S3,1979,30-65,
S3,1979,66+,11134881.8890892
S3,1979,15-26,70911439.64423902
S3,1979,27-45,67955875.6807425
S3,1979,46-65,39529968.1186059
S3,1980,00-04,
S3,1980,05-09,
S3,1980,10-14,
S3,1980,15-19,
S3,1980,20-24,
S3,1980,25-29,
S3,1980,30-34,
S3,1980,35-39,
S3,1980,40-44,
S3,1980,45-49,
S3,1980,50-54,
S3,1980,55-59,
S3,1980,60-64,
S3,1980,65-69,
S3,1980,70-74,
S3,1980,75+,
S3,1980,0-8,79433759.13310957
S3,1980,9-14,46549855.48388005
S3,1980,0-17,
S3,1980,18-29,
S3,1980,30-65,
S3,1980,66+,11430612.519074475
S3,1980,15-26,72572847.01660863
S3,1980,27-45,70041930.96670686
S3,1980,46-65,40489441.94536147
S3,1981,00-04,
S3,1981,05-09,
S3,1981,10-14,
S3,1981,15-19,
S3,1981,20-24,
S3,1981,25-29,
S3,1981,30-34,
S3,1981,35-39,
S3,1981,40-44,
S3,1981,45-49,
S3,1981,50-54,
S3,1981,55-59,
S3,1981,60-64,
S3,1981,65-69,
S3,1981,70-74,
S3,1981,75+,
S3,1981,0-8,80686009.76962811
S3,1981,9-14,47537830.708797045
S3,1981,0-17,
S3,1981,18-29,
S3,1981,30-65,
S3,1981,66+,11730520.630618079
S3,1981,15-26,74072046.73079947
S3,1981,27-45,72194506.87510028
S3,1981,46-65,41462391.17724646
S3,1982,00-04,
S3,1982,05-09,
S3,1982,10-14,
S3,1982,15-19,
S3,1982,20-24,
S3,1982,25-29,
S3,1982,30-34,
S3,1982,35-39,
S3,1982,40-44,
S3,1982,45-49,
S3,1982,50-54,
S3,1982,55-59,
S3,1982,60-64,
S3,1982,65-69,
S3,1982,70-74,
S3,1982,75+,
S3,1982,0-8,81981730.60426402
S3,1982,9-14,48562106.10288623
S3,1982,0-17,
S3,1982,18-29,
S3,1982,30-65,
S3,1982,66+,12033320.870506927
S3,1982,15-26,75506652.25182404
S3,1982,27-45,74467907.47979666
S3,1982,46-65,42450777.50694668
S3,1983,00-04,
S3,1983,05-09,
S3,1983,10-14,
S3,1983,15-19,
S3,1983,20-24,
S3,1983,25-29,
S3,1983,30-34,
S3,1983,35-39,
S3,1983,40-44,
S3,1983,45-49,
S3,1983,50-54,
S3,1983,55-59,
S3,1983,60-64,
S3,1983,65-69,
S3,1983,70-74,
S3,1983,75+,
S3,1983,0-8,83268885.01531886
S3,1983,9-14,49633297.111388534
S3,1983,0-17,
S3,1983,18-29,
S3,1983,30-65,
S3,1983,66+,12342113.274363497
S3,1983,15-26,76959549.29064786
S3,1983,27-45,76809006.86364917
S3,1983,46-65,43487109.45142371
S3,1984,00-04,
S3,1984,05-09,
S3,1984,10-14,
S3,1984,15-19,
S3,1984,20-24,
S3,1984,25-29,
S3,1984,30-34,
S3,1984,35-39,
S3,1984,40-44,
S3,1984,45-49,
S3,1984,50-54,
S3,1984,55-59,
S3,1984,60-64,
S3,1984,65-69,
S3,1984,70-74,
S3,1984,75+,
S3,1984,0-8,84611562.03049578
S3,1984,9-14,50719459.27324527
S3,1984,0-17,
S3,1984,18-29,
S3,1984,30-65,
S3,1984,66+,12660774.02967248
S3,1984,15-26,78467420.97571662
S3,1984,27-45,79239335.30317822
S3,1984,46-65,44566657.6493769
S3,1985,00-04,
S3,1985,05-09,
S3,1985,10-14,
S3,1985,15-19,
S3,1985,20-24,
S3,1985,25-29,
S3,1985,30-34,
S3,1985,35-39,
S3,1985,40-44,
S3,1985,45-49,
S3,1985,50-54,
S3,1985,55-59,
S3,1985,60-64,
S3,1985,65-69,
S3,1985,70-74,
S3,1985,75+,
S3,1985,0-8,86115880.90270844
S3,1985,9-14,51790624.087724894
S3,1985,0-17,
S3,1985,18-29,
S3,1985,30-65,
S3,1985,66+,12990305.84715877
S3,1985,15-26,79950325.56440336
S3,1985,27-45,81757000.46965063
S3,1985,46-65,45648174.04447324
S3,1986,00-04,
S3,1986,05-09,
S3,1986,10-14,
S3,1986,15-19,
S3,1986,20-24,
S3,1986,25-29,
S3,1986,30-34,
S3,1986,35-39,
S3,1986,40-44,
S3,1986,45-49,
S3,1986,50-54,
S3,1986,55-59,
S3,1986,60-64,
S3,1986,65-69,
S3,1986,70-74,
S3,1986,75+,
S3,1986,0-8,87586797.6139877
S3,1986,9-14,52940157.88518651
S3,1986,0-17,
S3,1986,18-29,
S3,1986,30-65,
S3,1986,66+,13329815.44297253
S3,1986,15-26,81478019.05049907
S3,1986,27-45,84392243.07335974
S3,1986,46-65,46688417.95034144
S3,1987,00-04,
S3,1987,05-09,
S3,1987,10-14,
S3,1987,15-19,
S3,1987,20-24,
S3,1987,25-29,
S3,1987,30-34,
S3,1987,35-39,
S3,1987,40-44,
S3,1987,45-49,
S3,1987,50-54,
S3,1987,55-59,
S3,1987,60-64,
S3,1987,65-69,
S3,1987,70-74,
S3,1987,75+,
S3,1987,0-8,89236907.30103049
S3,1987,9-14,53977782.532118484
S3,1987,0-17,
S3,1987,18-29,
S3,1987,30-65,
S3,1987,66+,13683701.572658243
S3,1987,15-26,83081114.7938377
S3,1987,27-45,87114554.11807568
S3,1987,46-65,47697657.44953784
S3,1988,00-04,
S3,1988,05-09,
S3,1988,10-14,
S3,1988,15-19,
S3,1988,20-24,
S3,1988,25-29,
S3,1988,30-34,
S3,1988,35-39,
S3,1988,40-44,
S3,1988,45-49,
S3,1988,50-54,
S3,1988,55-59,
S3,1988,60-64,
S3,1988,65-69,
S3,1988,70-74,
S3,1988,75+,
S3,1988,0-8,90816233.65349078
S3,1988,9-14,55010296.54392932
S3,1988,0-17,
S3,1988,18-29,
S3,1988,30-65,
S3,1988,66+,14053800.44171889
S3,1988,15-26,84718863.71739826
S3,1988,27-45,89968456.12587821
S3,1988,46-65,48698977.15376262
S3,1989,00-04,
S3,1989,05-09,
S3,1989,10-14,
S3,1989,15-19,
S3,1989,20-24,
S3,1989,25-29,
S3,1989,30-34,
S3,1989,35-39,
S3,1989,40-44,
S3,1989,45-49,
S3,1989,50-54,
S3,1989,55-59,
S3,1989,60-64,
S3,1989,65-69,
S3,1989,70-74,
S3,1989,75+,
S3,1989,0-8,92337678.01665449
S3,1989,9-14,56076857.68832939
S3,1989,0-17,
S3,1989,18-29,
S3,1989,30-65,
S3,1989,66+,14442110.908338318
S3,1989,15-26,86442435.06477034
S3,1989,27-45,92928498.32880232
S3,1989,46-65,49709933.82549181
S3,1990,00-04,
S3,1990,05-09,
S3,1990,10-14,
S3,1990,15-19,
S3,1990,20-24,
S3,1990,25-29,
S3,1990,30-34,
S3,1990,35-39,
S3,1990,40-44,
S3,1990,45-49,
S3,1990,50-54,
S3,1990,55-59,
S3,1990,60-64,
S3,1990,65-69,
S3,1990,70-74,
S3,1990,75+,
S3,1990,0-8,93737461.6588837
S3,1990,9-14,57255586.46320078
S3,1990,0-17,
S3,1990,18-29,
S3,1990,30-65,
S3,1990,66+,14852174.678873563
S3,1990,15-26,88233513.14632955
S3,1990,27-45,96000234.76919208
S3,1990,46-65,50752342.94815171
S3,1991,00-04,
S3,1991,05-09,
S3,1991,10-14,
S3,1991,15-19,
S3,1991,20-24,
S3,1991,25-29,
S3,1991,30-34,
S3,1991,35-39,
S3,1991,40-44,
S3,1991,45-49,
S3,1991,50-54,
S3,1991,55-59,
S3,1991,60-64,
S3,1991,65-69,
S3,1991,70-74,
S3,1991,75+,
S3,1991,0-8,95036076.26859945
S3,1991,9-14,58531261.939936616
S3,1991,0-17,
S3,1991,18-29,
S3,1991,30-65,
S3,1991,66+,15289060.083382241
S3,1991,15-26,90044219.59565926
S3,1991,27-45,99147903.37380883
S3,1991,46-65,51838687.12149167
S3,1992,00-04,
S3,1992,05-09,
S3,1992,10-14,
S3,1992,15-19,
S3,1992,20-24,
S3,1992,25-29,
S3,1992,30-34,
S3,1992,35-39,
S3,1992,40-44,
S3,1992,45-49,
S3,1992,50-54,
S3,1992,55-59,
S3,1992,60-64,
S3,1992,65-69,
S3,1992,70-74,
S3,1992,75+,
S3,1992,0-8,96381860.33747637
S3,1992,9-14,60042893.45674569
S3,1992,0-17,
S3,1992,18-29,
S3,1992,30-65,
S3,1992,66+,15949960.44283777
S3,1992,15-26,91439604.73524164
S3,1992,27-45,102184594.53986615
S3,1992,46-65,52683287.56011653
S3,1993,00-04,
S3,1993,05-09,
S3,1993,10-14,
S3,1993,15-19,
S3,1993,20-24,
S3,1993,25-29,
S3,1993,30-34,
S3,1993,35-39,
S3,1993,40-44,
S3,1993,45-49,
S3,1993,50-54,
S3,1993,55-59,
S3,1993,60-64,
S3,1993,65-69,
S3,1993,70-74,
S3,1993,75+,
S3,1993,0-8,97547521.12539081
S3,1993,9-14,61682625.04524988
S3,1993,0-17,
S3,1993,18-29,
S3,1993,30-65,
S3,1993,66+,16636042.797338715
S3,1993,15-26,92905500.5364406
S3,1993,27-45,105246437.91357492
S3,1993,46-65,53600509.97355518
S3,1994,00-04,
S3,1994,05-09,
S3,1994,10-14,
S3,1994,15-19,
S3,1994,20-24,
S3,1994,25-29,
S3,1994,30-34,
S3,1994,35-39,
S3,1994,40-44,
S3,1994,45-49,
S3,1994,50-54,
S3,1994,55-59,
S3,1994,60-64,
S3,1994,65-69,
S3,1994,70-74,
S3,1994,75+,
S3,1994,0-8,98488084.56510317
S3,1994,9-14,63404284.44849534
S3,1994,0-17,
S3,1994,18-29,
S3,1994,30-65,
S3,1994,66+,17344211.229566306
S3,1994,15-26,94418345.98581168
S3,1994,27-45,108335385.12511472
S3,1994,46-65,54561707.80074092
S3,1995,00-04,
S3,1995,05-09,
S3,1995,10-14,
S3,1995,15-19,
S3,1995,20-24,
S3,1995,25-29,
S3,1995,30-34,
S3,1995,35-39,
S3,1995,40-44,
S3,1995,45-49,
S3,1995,50-54,
S3,1995,55-59,
S3,1995,60-64,
S3,1995,65-69,
S3,1995,70-74,
S3,1995,75+,
S3,1995,0-8,99328604.22433713
S3,1995,9-14,65033949.69175871
S3,1995,0-17,
S3,1995,18-29,
S3,1995,30-65,
S3,1995,66+,18075428.90474214
S3,1995,15-26,95950910.79521734
S3,1995,27-45,111448126.9336694
S3,1995,46-65,55523154.787296146
S3,1996,00-04,
S3,1996,05-09,
S3,1996,10-14,
S3,1996,15-19,
S3,1996,20-24,
S3,1996,25-29,
S3,1996,30-34,
S3,1996,35-39,
S3,1996,40-44,
S3,1996,45-49,
S3,1996,50-54,
S3,1996,55-59,
S3,1996,60-64,
S3,1996,65-69,
S3,1996,70-74,
S3,1996,75+,
S3,1996,0-8,99962803.26309988
S3,1996,9-14,66619278.439042464
S3,1996,0-17,
S3,1996,18-29,
S3,1996,30-65,
S3,1996,66+,18833586.449134063
S3,1996,15-26,97681125.4894942
S3,1996,27-45,114296293.15667869
S3,1996,46-65,56915351.54719993
S3,1997,00-04,
S3,1997,05-09,
S3,1997,10-14,
S3,1997,15-19,
S3,1997,20-24,
S3,1997,25-29,
S3,1997,30-34,
S3,1997,35-39,
S3,1997,40-44,
S3,1997,45-49,
S3,1997,50-54,
S3,1997,55-59,
S3,1997,60-64,
S3,1997,65-69,
S3,1997,70-74,
S3,1997,75+,
S3,1997,0-8,100604217.33731802
S3,1997,9-14,68021514.8184438
S3,1997,0-17,
S3,1997,18-29,
S3,1997,30-65,
S3,1997,66+,19613926.140079305
S3,1997,15-26,99547461.7650444
S3,1997,27-45,117078121.73823793
S3,1997,46-65,58426586.16707968
S3,1998,00-04,
S3,1998,05-09,
S3,1998,10-14,
S3,1998,15-19,
S3,1998,20-24,
S3,1998,25-29,
S3,1998,30-34,
S3,1998,35-39,
S3,1998,40-44,
S3,1998,45-49,
S3,1998,50-54,
S3,1998,55-59,
S3,1998,60-64,
S3,1998,65-69,
S3,1998,70-74,
S3,1998,75+,
S3,1998,0-8,101160892.95455314
S3,1998,9-14,69329552.21654521
S3,1998,0-17,
S3,1998,18-29,
S3,1998,30-65,
S3,1998,66+,20414150.371206034
S3,1998,15-26,101502192.56401956
S3,1998,27-45,119845648.03410758
S3,1998,46-65,60043244.2779458
S3,1999,00-04,
S3,1999,05-09,
S3,1999,10-14,
S3,1999,15-19,
S3,1999,20-24,
S3,1999,25-29,
S3,1999,30-34,
S3,1999,35-39,
S3,1999,40-44,
S3,1999,45-49,
S3,1999,50-54,
S3,1999,55-59,
S3,1999,60-64,
S3,1999,65-69,
S3,1999,70-74,
S3,1999,75+,
S3,1999,0-8,101667006.02848515
S3,1999,9-14,70489580.91207455
S3,1999,0-17,
S3,1999,18-29,
S3,1999,30-65,
S3,1999,66+,21230207.62226891
S3,1999,15-26,103521369.74982813
S3,1999,27-45,122633089.73157349
S3,1999,46-65,61780832.41462453
S3,2000,00-04,
S3,2000,05-09,
S3,2000,10-14,
S3,2000,15-19,
S3,2000,20-24,
S3,2000,25-29,
S3,2000,30-34,
S3,2000,35-39,
S3,2000,40-44,
S3,2000,45-49,
S3,2000,50-54,
S3,2000,55-59,
S3,2000,60-64,
S3,2000,65-69,
S3,2000,70-74,
S3,2000,75+,
S3,2000,0-8,102204726.58805244
S3,2000,9-14,71404604.55349773
S3,2000,0-17,
S3,2000,18-29,
S3,2000,30-65,
S3,2000,66+,22056494.477643576
S3,2000,15-26,105654404.84144679
S3,2000,27-45,125383917.04475547
S3,2000,46-65,63631008.18728815
S3,2001,00-04,
S3,2001,05-09,
S3,2001,10-14,
S3,2001,15-19,
S3,2001,20-24,
S3,2001,25-29,
S3,2001,30-34,
S3,2001,35-39,
S3,2001,40-44,
S3,2001,45-49,
S3,2001,50-54,
S3,2001,55-59,
S3,2001,60-64,
S3,2001,65-69,
S3,2001,70-74,
S3,2001,75+,
S3,2001,0-8,102833133.72345899
S3,2001,9-14,72196001.23715982
S3,2001,0-17,
S3,2001,18-29,
S3,2001,30-65,
S3,2001,66+,22882394.851778444
S3,2001,15-26,107806929.81197976
S3,2001,27-45,128136820.63040353
S3,2001,46-65,65618512.23106536
S3,2002,00-04,
S3,2002,05-09,
S3,2002,10-14,
S3,2002,15-19,
S3,2002,20-24,
S3,2002,25-29,
S3,2002,30-34,
S3,2002,35-39,
S3,2002,40-44,
S3,2002,45-49,
S3,2002,50-54,
S3,2002,55-59,
S3,2002,60-64,
S3,2002,65-69,
S3,2002,70-74,
S3,2002,75+,
S3,2002,0-8,103526927.68066046
S3,2002,9-14,72756368.85691245
S3,2002,0-17,
S3,2002,18-29,
S3,2002,30-65,
S3,2002,66+,23708837.89707434
S3,2002,15-26,110140802.17756696
S3,2002,27-45,130939284.36724877
S3,2002,46-65,67707285.92386343
S3,2003,00-04,
S3,2003,05-09,
S3,2003,10-14,
S3,2003,15-19,
S3,2003,20-24,
S3,2003,25-29,
S3,2003,30-34,
S3,2003,35-39,
S3,2003,40-44,
S3,2003,45-49,
S3,2003,50-54,
S3,2003,55-59,
S3,2003,60-64,
S3,2003,65-69,
S3,2003,70-74,
S3,2003,75+,
S3,2003,0-8,104109591.49366571
S3,2003,9-14,73265815.03109106
S3,2003,0-17,
S3,2003,18-29,
S3,2003,30-65,
S3,2003,66+,24571041.48445541
S3,2003,15-26,112442849.32421197
S3,2003,27-45,133596619.12779516
S3,2003,46-65,69818968.40932262
S3,2004,00-04,
S3,2004,05-09,
S3,2004,10-14,
S3,2004,15-19,
S3,2004,20-24,
S3,2004,25-29,
S3,2004,30-34,
S3,2004,35-39,
S3,2004,40-44,
S3,2004,45-49,
S3,2004,50-54,
S3,2004,55-59,
S3,2004,60-64,
S3,2004,65-69,
S3,2004,70-74,
S3,2004,75+,
S3,2004,0-8,104493240.9252362
S3,2004,9-14,73712235.2251996
S3,2004,0-17,
S3,2004,18-29,
S3,2004,30-65,
S3,2004,66+,25458460.225684363
S3,2004,15-26,114821188.59086108
S3,2004,27-45,136388557.8328676
S3,2004,46-65,71983488.49894994
S3,2005,00-04,
S3,2005,05-09,
S3,2005,10-14,
S3,2005,15-19,
S3,2005,20-24,
S3,2005,25-29,
S3,2005,30-34,
S3,2005,35-39,
S3,2005,40-44,
S3,2005,45-49,
S3,2005,50-54,
S3,2005,55-59,
S3,2005,60-64,
S3,2005,65-69,
S3,2005,70-74,
S3,2005,75+,
S3,2005,0-8,104753360.3603079
S3,2005,9-14,74092691.57287925
S3,2005,0-17,
S3,2005,18-29,
S3,2005,30-65,
S3,2005,66+,26338653.133279283
S3,2005,15-26,117436290.65061752
S3,2005,27-45,139269919.80079597
S3,2005,46-65,74245883.98980543
S3,2006,00-04,
S3,2006,05-09,
S3,2006,10-14,
S3,2006,15-19,
S3,2006,20-24,
S3,2006,25-29,
S3,2006,30-34,
S3,2006,35-39,
S3,2006,40-44,
S3,2006,45-49,
S3,2006,50-54,
S3,2006,55-59,
S3,2006,60-64,
S3,2006,65-69,
S3,2006,70-74,
S3,2006,75+,
S3,2006,0-8,104788243.73847058
S3,2006,9-14,74458038.48328324
S3,2006,0-17,
S3,2006,18-29,
S3,2006,30-65,
S3,2006,66+,27167529.089094024
S3,2006,15-26,119954931.57324636
S3,2006,27-45,142086916.22054052
S3,2006,46-65,76595965.2464694
S3,2007,00-04,
S3,2007,05-09,
S3,2007,10-14,
S3,2007,15-19,
S3,2007,20-24,
S3,2007,25-29,
S3,2007,30-34,
S3,2007,35-39,
S3,2007,40-44,
S3,2007,45-49,
S3,2007,50-54,
S3,2007,55-59,
S3,2007,60-64,
S3,2007,65-69,
S3,2007,70-74,
S3,2007,75+,
S3,2007,0-8,104668354.13906264
S3,2007,9-14,74789849.7751776
S3,2007,0-17,
S3,2007,18-29,
S3,2007,30-65,
S3,2007,66+,27963420.136070017
S3,2007,15-26,122586200.53351474
S3,2007,27-45,145134994.34212288
S3,2007,46-65,79094168.03045113
S3,2008,00-04,
S3,2008,05-09,
S3,2008,10-14,
S3,2008,15-19,
S3,2008,20-24,
S3,2008,25-29,
S3,2008,30-34,
S3,2008,35-39,
S3,2008,40-44,
S3,2008,45-49,
S3,2008,50-54,
S3,2008,55-59,
S3,2008,60-64,
S3,2008,65-69,
S3,2008,70-74,
S3,2008,75+,
S3,2008,0-8,104336003.39962158
S3,2008,9-14,75103047.77932942
S3,2008,0-17,
S3,2008,18-29,
S3,2008,30-65,
S3,2008,66+,28737158.06889153
S3,2008,15-26,124999675.0518271
S3,2008,27-45,148224511.52815756
S3,2008,46-65,81664274.53809938
S3,2009,00-04,
S3,2009,05-09,
S3,2009,10-14,
S3,2009,15-19,
S3,2009,20-24,
S3,2009,25-29,
S3,2009,30-34,
S3,2009,35-39,
S3,2009,40-44,
S3,2009,45-49,
S3,2009,50-54,
S3,2009,55-59,
S3,2009,60-64,
S3,2009,65-69,
S3,2009,70-74,
S3,2009,75+,
S3,2009,0-8,103888933.87882341
S3,2009,9-14,75451555.19794211
S3,2009,0-17,
S3,2009,18-29,
S3,2009,30-65,
S3,2009,66+,29508597.710566964
S3,2009,15-26,127390959.10017185
S3,2009,27-45,151414680.86255783
S3,2009,46-65,84311560.66427515
S3,2010,00-04,
S3,2010,05-09,
S3,2010,10-14,
S3,2010,15-19,
S3,2010,20-24,
S3,2010,25-29,
S3,2010,30-34,
S3,2010,35-39,
S3,2010,40-44,
S3,2010,45-49,
S3,2010,50-54,
S3,2010,55-59,
S3,2010,60-64,
S3,2010,65-69,
S3,2010,70-74,
S3,2010,75+,
S3,2010,0-8,103317722.24477129
S3,2010,9-14,75902301.56742531
S3,2010,0-17,
S3,2010,18-29,
S3,2010,30-65,
S3,2010,66+,30300025.062583778
S3,2010,15-26,129940814.8654154
S3,2010,27-45,154862391.75102267
S3,2010,46-65,87127056.56736152
S3,2011,00-04,
S3,2011,05-09,
S3,2011,10-14,
S3,2011,15-19,
S3,2011,20-24,
S3,2011,25-29,
S3,2011,30-34,
S3,2011,35-39,
S3,2011,40-44,
S3,2011,45-49,
S3,2011,50-54,
S3,2011,55-59,
S3,2011,60-64,
S3,2011,65-69,
S3,2011,70-74,
S3,2011,75+,
S3,2011,0-8,102493746.07997273
S3,2011,9-14,76444944.35901815
S3,2011,0-17,
S3,2011,18-29,
S3,2011,30-65,
S3,2011,66+,31128734.744027134
S3,2011,15-26,132502923.58259833
S3,2011,27-45,158512328.10347486
S3,2011,46-65,90016153.30591062
S3,2012,00-04,
S3,2012,05-09,
S3,2012,10-14,
S3,2012,15-19,
S3,2012,20-24,
S3,2012,25-29,
S3,2012,30-34,
S3,2012,35-39,
S3,2012,40-44,
S3,2012,45-49,
S3,2012,50-54,
S3,2012,55-59,
S3,2012,60-64,
S3,2012,65-69,
S3,2012,70-74,
S3,2012,75+,
S3,2012,0-8,101840005.85077173
S3,2012,9-14,77004655.14203195
S3,2012,0-17,
S3,2012,18-29,
S3,2012,30-65,
S3,2012,66+,32025716.051556304
S3,2012,15-26,133783456.4768548
S3,2012,27-45,162064936.1961929
S3,2012,46-65,92976945.71367116
S3,2013,00-04,
S3,2013,05-09,
S3,2013,10-14,
S3,2013,15-19,
S3,2013,20-24,
S3,2013,25-29,
S3,2013,30-34,
S3,2013,35-39,
S3,2013,40-44,
S3,2013,45-49,
S3,2013,50-54,
S3,2013,55-59,
S3,2013,60-64,
S3,2013,65-69,
S3,2013,70-74,
S3,2013,75+,
S3,2013,0-8,101280091.12348565
S3,2013,9-14,77386955.16082007
S3,2013,0-17,
S3,2013,18-29,
S3,2013,30-65,
S3,2013,66+,32992184.00412177
S3,2013,15-26,134994904.0713293
S3,2013,27-45,165658920.6469079
S3,2013,46-65,95978445.50294068
S3,2014,00-04,
S3,2014,05-09,
S3,2014,10-14,
S3,2014,15-19,
S3,2014,20-24,
S3,2014,25-29,
S3,2014,30-34,
S3,2014,35-39,
S3,2014,40-44,
S3,2014,45-49,
S3,2014,50-54,
S3,2014,55-59,
S3,2014,60-64,
S3,2014,65-69,
S3,2014,70-74,
S3,2014,75+,
S3,2014,0-8,100695995.8193886
S3,2014,9-14,77610411.9048781
S3,2014,0-17,
S3,2014,18-29,
S3,2014,30-65,
S3,2014,66+,34009750.75873446
S3,2014,15-26,136061934.37452835
S3,2014,27-45,169361745.5496242
S3,2014,46-65,99056268.59574686
S3,2015,00-04,
S3,2015,05-09,
S3,2015,10-14,
S3,2015,15-19,
S3,2015,20-24,
S3,2015,25-29,
S3,2015,30-34,
S3,2015,35-39,
S3,2015,40-44,
S3,2015,45-49,
S3,2015,50-54,
S3,2015,55-59,
S3,2015,60-64,
S3,2015,65-69,
S3,2015,70-74,
S3,2015,75+,
S3,2015,0-8,99961536.24559179
S3,2015,9-14,77575788.66971901
S3,2015,0-17,
S3,2015,18-29,
S3,2015,30-65,
S3,2015,66+,35033723.116188325
S3,2015,15-26,137155780.5841721
S3,2015,27-45,172960500.38099867
S3,2015,46-65,102234112.1884923
S3,2016,00-04,
S3,2016,05-09,
S3,2016,10-14,
S3,2016,15-19,
S3,2016,20-24,
S3,2016,25-29,
S3,2016,30-34,
S3,2016,35-39,
S3,2016,40-44,
S3,2016,45-49,
S3,2016,50-54,
S3,2016,55-59,
S3,2016,60-64,
S3,2016,65-69,
S3,2016,70-74,
S3,2016,75+,
S3,2016,0-8,99449963.24651262
S3,2016,9-14,77192154.15484151
S3,2016,0-17,
S3,2016,18-29,
S3,2016,30-65,
S3,2016,66+,36454778.91540251
S3,2016,15-26,138232103.2446367
S3,2016,27-45,176513528.26921234
S3,2016,46-65,105054324.91418323
S3,2017,00-04,
S3,2017,05-09,
S3,2017,10-14,
S3,2017,15-19,
S3,2017,20-24,
S3,2017,25-29,
S3,2017,30-34,
S3,2017,35-39,
S3,2017,40-44,
S3,2017,45-49,
S3,2017,50-54,
S3,2017,55-59,
S3,2017,60-64,
S3,2017,65-69,
S3,2017,70-74,
S3,2017,75+,
S3,2017,0-8,99165131.48680118
S3,2017,9-14,76541309.5758672
S3,2017,0-17,
S3,2017,18-29,
S3,2017,30-65,
S3,2017,66+,37982175.299143836
S3,2017,15-26,139511899.52522776
S3,2017,27-45,180185629.92231318
S3,2017,46-65,107874006.57202959
S3,2018,00-04,
S3,2018,05-09,
S3,2018,10-14,
S3,2018,15-19,
S3,2018,20-24,
S3,2018,25-29,
S3,2018,30-34,
S3,2018,35-39,
S3,2018,40-44,
S3,2018,45-49,
S3,2018,50-54,
S3,2018,55-59,
S3,2018,60-64,
S3,2018,65-69,
S3,2018,70-74,
S3,2018,75+,
S3,2018,0-8,98628667.05415614
S3,2018,9-14,75883291.82931426
S3,2018,0-17,
S3,2018,18-29,
S3,2018,30-65,
S3,2018,66+,39588974.013436995
S3,2018,15-26,140669642.38144287
S3,2018,27-45,183670033.9690519
S3,2018,46-65,110717947.64335555
S3,2019,00-04,
S3,2019,05-09,
S3,2019,10-14,
S3,2019,15-19,
S3,2019,20-24,
S3,2019,25-29,
S3,2019,30-34,
S3,2019,35-39,
S3,2019,40-44,
S3,2019,45-49,
S3,2019,50-54,
S3,2019,55-59,
S3,2019,60-64,
S3,2019,65-69,
S3,2019,70-74,
S3,2019,75+,
S3,2019,0-8,98141816.94623315
S3,2019,9-14,75379039.68250397
S3,2019,0-17,
S3,2019,18-29,
S3,2019,30-65,
S3,2019,66+,41280489.220432766
S3,2019,15-26,141589411.0473229
S3,2019,27-45,187023705.9656529
S3,2019,46-65,113542111.6034109
S3,2020,00-04,
S3,2020,05-09,
S3,2020,10-14,
S3,2020,15-19,
S3,2020,20-24,
S3,2020,25-29,
S3,2020,30-34,
S3,2020,35-39,
S3,2020,40-44,
S3,2020,45-49,
S3,2020,50-54,
S3,2020,55-59,
S3,2020,60-64,
S3,2020,65-69,
S3,2020,70-74,
S3,2020,75+,
S3,2020,0-8,97574980.1112248
S3,2020,9-14,74824615.80026227
S3,2020,0-17,
S3,2020,18-29,
S3,2020,30-65,
S3,2020,66+,43028980.945527256
S3,2020,15-26,142320847.67707938
S3,2020,27-45,190174498.0450615
S3,2020,46-65,116391512.5652487
S3,2021,00-04,
S3,2021,05-09,
S3,2021,10-14,
S3,2021,15-19,
S3,2021,20-24,
S3,2021,25-29,
S3,2021,30-34,
S3,2021,35-39,
S3,2021,40-44,
S3,2021,45-49,
S3,2021,50-54,
S3,2021,55-59,
S3,2021,60-64,
S3,2021,65-69,
S3,2021,70-74,
S3,2021,75+,
S3,2021,0-8,96880732.18599086
S3,2021,9-14,74389348.5170863
S3,2021,0-17,
S3,2021,18-29,
S3,2021,30-65,
S3,2021,66+,44674396.56122471
S3,2021,15-26,143061185.3428747
S3,2021,27-45,193367544.3729862
S3,2021,46-65,119212755.31804797
S3,2022,00-04,
S3,2022,05-09,
S3,2022,10-14,
S3,2022,15-19,
S3,2022,20-24,
S3,2022,25-29,
S3,2022,30-34,
S3,2022,35-39,
S3,2022,40-44,
S3,2022,45-49,
S3,2022,50-54,
S3,2022,55-59,
S3,2022,60-64,
S3,2022,65-69,
S3,2022,70-74,
S3,2022,75+,
S3,2022,0-8,96218238.58894616
S3,2022,9-14,74015419.31184962
S3,2022,0-17,
S3,2022,18-29,
S3,2022,30-65,
S3,2022,66+,45500538.9403199
S3,2022,15-26,143535562.16310996
S3,2022,27-45,196377152.9623806
S3,2022,46-65,121550007.35735619
S3,2023,00-04,
S3,2023,05-09,
S3,2023,10-14,
S3,2023,15-19,
S3,2023,20-24,
S3,2023,25-29,
S3,2023,30-34,
S3,2023,35-39,
S3,2023,40-44,
S3,2023,45-49,
S3,2023,50-54,
S3,2023,55-59,
S3,2023,60-64,
S3,2023,65-69,
S3,2023,70-74,
S3,2023,75+,
S3,2023,0-8,95677658.08013608
S3,2023,9-14,73570252.33559516
S3,2023,0-17,
S3,2023,18-29,
S3,2023,30-65,
S3,2023,66+,47406750.744180344
S3,2023,15-26,143669523.661057
S3,2023,27-45,199151665.3842188
S3,2023,46-65,124595754.97379382
S3,2024,00-04,
S3,2024,05-09,
S3,2024,10-14,
S3,2024,15-19,
S3,2024,20-24,
S3,2024,25-29,
S3,2024,30-34,
S3,2024,35-39,
S3,2024,40-44,
S3,2024,45-49,
S3,2024,50-54,
S3,2024,55-59,
S3,2024,60-64,
S3,2024,65-69,
S3,2024,70-74,
S3,2024,75+,
S3,2024,0-8,95562691.83962995
S3,2024,9-14,72734327.84512994
S3,2024,0-17,
S3,2024,18-29,
S3,2024,30-65,
S3,2024,66+,49337740.67854044
S3,2024,15-26,143830526.90911636
S3,2024,27-45,201945586.26867047
S3,2024,46-65,127661878.92191243
S3,2025,00-04,
S3,2025,05-09,
S3,2025,10-14,
S3,2025,15-19,
S3,2025,20-24,
S3,2025,25-29,
S3,2025,30-34,
S3,2025,35-39,
S3,2025,40-44,
S3,2025,45-49,
S3,2025,50-54,
S3,2025,55-59,
S3,2025,60-64,
S3,2025,65-69,
S3,2025,70-74,
S3,2025,75+,
S3,2025,0-8,95331934.23327237
S3,2025,9-14,71896871.80242181
S3,2025,0-17,
S3,2025,18-29,
S3,2025,30-65,
S3,2025,66+,51346403.23110926
S3,2025,15-26,143977225.70659316
S3,2025,27-45,204779442.2737102
S3,2025,46-65,130868331.31293777
S3,2026,00-04,
S3,2026,05-09,
S3,2026,10-14,
S3,2026,15-19,
S3,2026,20-24,
S3,2026,25-29,
S3,2026,30-34,
S3,2026,35-39,
S3,2026,40-44,
S3,2026,45-49,
S3,2026,50-54,
S3,2026,55-59,
S3,2026,60-64,
S3,2026,65-69,
S3,2026,70-74,
S3,2026,75+,
S3,2026,0-8,95011049.25308293
S3,2026,9-14,71239775.84134182
S3,2026,0-17,
S3,2026,18-29,
S3,2026,30-65,
S3,2026,66+,53374654.60067095
S3,2026,15-26,143967185.7205306
S3,2026,27-45,207471500.767946
S3,2026,46-65,134226949.2523412
S3,2027,00-04,
S3,2027,05-09,
S3,2027,10-14,
S3,2027,15-19,
S3,2027,20-24,
S3,2027,25-29,
S3,2027,30-34,
S3,2027,35-39,
S3,2027,40-44,
S3,2027,45-49,
S3,2027,50-54,
S3,2027,55-59,
S3,2027,60-64,
S3,2027,65-69,
S3,2027,70-74,
S3,2027,75+,
S3,2027,0-8,94985089.53989935
S3,2027,9-14,70331117.97085741
S3,2027,0-17,
S3,2027,18-29,
S3,2027,30-65,
S3,2027,66+,55453620.189076684
S3,2027,15-26,143834413.05217457
S3,2027,27-45,209960930.48131785
S3,2027,46-65,137751469.49952498
S3,2028,00-04,
S3,2028,05-09,
S3,2028,10-14,
S3,2028,15-19,
S3,2028,20-24,
S3,2028,25-29,
S3,2028,30-34,
S3,2028,35-39,
S3,2028,40-44,
S3,2028,45-49,
S3,2028,50-54,
S3,2028,55-59,
S3,2028,60-64,
S3,2028,65-69,
S3,2028,70-74,
S3,2028,75+,
S3,2028,0-8,94822860.76866364
S3,2028,9-14,69587731.56956993
S3,2028,0-17,
S3,2028,18-29,
S3,2028,30-65,
S3,2028,66+,57575631.76877609
S3,2028,15-26,143461605.0799783
S3,2028,27-45,212427417.50888586
S3,2028,46-65,141379527.1613615
S3,2029,00-04,
S3,2029,05-09,
S3,2029,10-14,
S3,2029,15-19,
S3,2029,20-24,
S3,2029,25-29,
S3,2029,30-34,
S3,2029,35-39,
S3,2029,40-44,
S3,2029,45-49,
S3,2029,50-54,
S3,2029,55-59,
S3,2029,60-64,
S3,2029,65-69,
S3,2029,70-74,
S3,2029,75+,
S3,2029,0-8,94815264.70298542
S3,2029,9-14,68809593.30845185
S3,2029,0-17,
S3,2029,18-29,
S3,2029,30-65,
S3,2029,66+,59741410.73690524
S3,2029,15-26,142784270.31345573
S3,2029,27-45,214836200.12641922
S3,2029,46-65,145090941.25172964
S3,2030,00-04,
S3,2030,05-09,
S3,2030,10-14,
S3,2030,15-19,
S3,2030,20-24,
S3,2030,25-29,
S3,2030,30-34,
S3,2030,35-39,
S3,2030,40-44,
S3,2030,45-49,
S3,2030,50-54,
S3,2030,55-59,
S3,2030,60-64,
S3,2030,65-69,
S3,2030,70-74,
S3,2030,75+,
S3,2030,0-8,95027484.7058301
S3,2030,9-14,68174669.96330355
S3,2030,0-17,
S3,2030,18-29,
S3,2030,30-65,
S3,2030,66+,61953043.82739053
S3,2030,15-26,141733769.81414437
S3,2030,27-45,216993554.78889033
S3,2030,46-65,148905381.7629798
S3,2031,00-04,
S3,2031,05-09,
S3,2031,10-14,
S3,2031,15-19,
S3,2031,20-24,
S3,2031,25-29,
S3,2031,30-34,
S3,2031,35-39,
S3,2031,40-44,
S3,2031,45-49,
S3,2031,50-54,
S3,2031,55-59,
S3,2031,60-64,
S3,2031,65-69,
S3,2031,70-74,
S3,2031,75+,
S3,2031,0-8,95242429.52710932
S3,2031,9-14,67412900.50936183
S3,2031,0-17,
S3,2031,18-29,
S3,2031,30-65,
S3,2031,66+,64209504.58962172
S3,2031,15-26,140857281.35227785
S3,2031,27-45,218785117.39684963
S3,2031,46-65,152841044.18706518
S3,2032,00-04,
S3,2032,05-09,
S3,2032,10-14,
S3,2032,15-19,
S3,2032,20-24,
S3,2032,25-29,
S3,2032,30-34,
S3,2032,35-39,
S3,2032,40-44,
S3,2032,45-49,
S3,2032,50-54,
S3,2032,55-59,
S3,2032,60-64,
S3,2032,65-69,
S3,2032,70-74,
S3,2032,75+,
S3,2032,0-8,95379063.98486707
S3,2032,9-14,66597085.58445237
S3,2032,0-17,
S3,2032,18-29,
S3,2032,30-65,
S3,2032,66+,66481774.33617979
S3,2032,15-26,140110783.342022
S3,2032,27-45,220328838.5648188
S3,2032,46-65,156845713.55163577
S3,2033,00-04,
S3,2033,05-09,
S3,2033,10-14,
S3,2033,15-19,
S3,2033,20-24,
S3,2033,25-29,
S3,2033,30-34,
S3,2033,35-39,
S3,2033,40-44,
S3,2033,45-49,
S3,2033,50-54,
S3,2033,55-59,
S3,2033,60-64,
S3,2033,65-69,
S3,2033,70-74,
S3,2033,75+,
S3,2033,0-8,95424447.63101645
S3,2033,9-14,66098916.038548656
S3,2033,0-17,
S3,2033,18-29,
S3,2033,30-65,
S3,2033,66+,68803537.6580786
S3,2033,15-26,139210611.54067338
S3,2033,27-45,221453869.2300537
S3,2033,46-65,160967426.6659675
S3,2034,00-04,
S3,2034,05-09,
S3,2034,10-14,
S3,2034,15-19,
S3,2034,20-24,
S3,2034,25-29,
S3,2034,30-34,
S3,2034,35-39,
S3,2034,40-44,
S3,2034,45-49,
S3,2034,50-54,
S3,2034,55-59,
S3,2034,60-64,
S3,2034,65-69,
S3,2034,70-74,
S3,2034,75+,
S3,2034,0-8,95373751.99570468
S3,2034,9-14,65511214.95628807
S3,2034,0-17,
S3,2034,18-29,
S3,2034,30-65,
S3,2034,66+,71194636.8128305
S3,2034,15-26,138527460.23998183
S3,2034,27-45,222374801.98093292
S3,2034,46-65,164990701.84655976
S3,2035,00-04,
S3,2035,05-09,
S3,2035,10-14,
S3,2035,15-19,
S3,2035,20-24,
S3,2035,25-29,
S3,2035,30-34,
S3,2035,35-39,
S3,2035,40-44,
S3,2035,45-49,
S3,2035,50-54,
S3,2035,55-59,
S3,2035,60-64,
S3,2035,65-69,
S3,2035,70-74,
S3,2035,75+,
S3,2035,0-8,95252257.1496349
S3,2035,9-14,65106831.25450011
S3,2035,0-17,
S3,2035,18-29,
S3,2035,30-65,
S3,2035,66+,73659526.44870341
S3,2035,15-26,137728575.64315253
S3,2035,27-45,223052497.7476146
S3,2035,46-65,168978903.0034706
S3,2036,00-04,
S3,2036,05-09,
S3,2036,10-14,
S3,2036,15-19,
S3,2036,20-24,
S3,2036,25-29,
S3,2036,30-34,
S3,2036,35-39,
S3,2036,40-44,
S3,2036,45-49,
S3,2036,50-54,
S3,2036,55-59,
S3,2036,60-64,
S3,2036,65-69,
S3,2036,70-74,
S3,2036,75+,
S3,2036,0-8,95041732.96637818
S3,2036,9-14,64960746.22989352
S3,2036,0-17,
S3,2036,18-29,
S3,2036,30-65,
S3,2036,66+,76152997.05067141
S3,2036,15-26,136648244.88290298
S3,2036,27-45,223604738.89056137
S3,2036,46-65,172947351.29833925
S3,2037,00-04,
S3,2037,05-09,
S3,2037,10-14,
S3,2037,15-19,
S3,2037,20-24,
S3,2037,25-29,
S3,2037,30-34,
S3,2037,35-39,
S3,2037,40-44,
S3,2037,45-49,
S3,2037,50-54,
S3,2037,55-59,
S3,2037,60-64,
S3,2037,65-69,
S3,2037,70-74,
S3,2037,75+,
S3,2037,0-8,94741362.33463025
S3,2037,9-14,64849719.962434456
S3,2037,0-17,
S3,2037,18-29,
S3,2037,30-65,
S3,2037,66+,78701039.57297446
S3,2037,15-26,135429900.93222618
S3,2037,27-45,224158744.99661484
S3,2037,46-65,176806459.23694715
S3,2038,00-04,
S3,2038,05-09,
S3,2038,10-14,
S3,2038,15-19,
S3,2038,20-24,
S3,2038,25-29,
S3,2038,30-34,
S3,2038,35-39,
S3,2038,40-44,
S3,2038,45-49,
S3,2038,50-54,
S3,2038,55-59,
S3,2038,60-64,
S3,2038,65-69,
S3,2038,70-74,
S3,2038,75+,
S3,2038,0-8,94345656.27273968
S3,2038,9-14,64705930.21785774
S3,2038,0-17,
S3,2038,18-29,
S3,2038,30-65,
S3,2038,66+,81336115.1271606
S3,2038,15-26,134293566.40017495
S3,2038,27-45,224507858.20222414
S3,2038,46-65,180541531.96860048
S3,2039,00-04,
S3,2039,05-09,
S3,2039,10-14,
S3,2039,15-19,
S3,2039,20-24,
S3,2039,25-29,
S3,2039,30-34,
S3,2039,35-39,
S3,2039,40-44,
S3,2039,45-49,
S3,2039,50-54,
S3,2039,55-59,
S3,2039,60-64,
S3,2039,65-69,
S3,2039,70-74,
S3,2039,75+,
S3,2039,0-8,93839925.13510318
S3,2039,9-14,64544595.06141819
S3,2039,0-17,
S3,2039,18-29,
S3,2039,30-65,
S3,2039,66+,84029796.88493441
S3,2039,15-26,133181009.64626515
S3,2039,27-45,224728493.7187473
S3,2039,46-65,184159128.7592255
S3,2040,00-04,
S3,2040,05-09,
S3,2040,10-14,
S3,2040,15-19,
S3,2040,20-24,
S3,2040,25-29,
S3,2040,30-34,
S3,2040,35-39,
S3,2040,40-44,
S3,2040,45-49,
S3,2040,50-54,
S3,2040,55-59,
S3,2040,60-64,
S3,2040,65-69,
S3,2040,70-74,
S3,2040,75+,
S3,2040,0-8,93228889.1484215
S3,2040,9-14,64360848.05643863
S3,2040,0-17,
S3,2040,18-29,
S3,2040,30-65,
S3,2040,66+,86809874.94311303
S3,2040,15-26,132112604.51172042
S3,2040,27-45,224843665.70165578
S3,2040,46-65,187598421.9705493
S3,2041,00-04,
S3,2041,05-09,
S3,2041,10-14,
S3,2041,15-19,
S3,2041,20-24,
S3,2041,25-29,
S3,2041,30-34,
S3,2041,35-39,
S3,2041,40-44,
S3,2041,45-49,
S3,2041,50-54,
S3,2041,55-59,
S3,2041,60-64,
S3,2041,65-69,
S3,2041,70-74,
S3,2041,75+,
S3,2041,0-8,92549428.00000001
S3,2041,9-14,64162361.0
S3,2041,0-17,
S3,2041,18-29,
S3,2041,30-65,
S3,2041,66+,89657511.0
S3,2041,15-26,131148216.0
S3,2041,27-45,224712925.0
S3,2041,46-65,190921348.0
S3,2042,00-04,
S3,2042,05-09,
S3,2042,10-14,
S3,2042,15-19,
S3,2042,20-24,
S3,2042,25-29,
S3,2042,30-34,
S3,2042,35-39,
S3,2042,40-44,
S3,2042,45-49,
S3,2042,50-54,
S3,2042,55-59,
S3,2042,60-64,
S3,2042,65-69,
S3,2042,70-74,
S3,2042,75+,
S3,2042,0-8,91822764.0
S3,2042,9-14,63917464.99999999
S3,2042,0-17,
S3,2042,18-29,
S3,2042,30-65,
S3,2042,66+,92506137.0
S3,2042,15-26,130555026.0
S3,2042,27-45,224118808.0
S3,2042,46-65,194184255.0
S3,2043,00-04,
S3,2043,05-09,
S3,2043,10-14,
S3,2043,15-19,
S3,2043,20-24,
S3,2043,25-29,
S3,2043,30-34,
S3,2043,35-39,
S3,2043,40-44,
S3,2043,45-49,
S3,2043,50-54,
S3,2043,55-59,
S3,2043,60-64,
S3,2043,65-69,
S3,2043,70-74,
S3,2043,75+,
S3,2043,0-8,91059473.0
S3,2043,9-14,63640040.0
S3,2043,0-17,
S3,2043,18-29,
S3,2043,30-65,
S3,2043,66+,95452805.0
S3,2043,15-26,129857463.0
S3,2043,27-45,223525372.0
S3,2043,46-65,197312889.0
S3,2044,00-04,
S3,2044,05-09,
S3,2044,10-14,
S3,2044,15-19,
S3,2044,20-24,
S3,2044,25-29,
S3,2044,30-34,
S3,2044,35-39,
S3,2044,40-44,
S3,2044,45-49,
S3,2044,50-54,
S3,2044,55-59,
S3,2044,60-64,
S3,2044,65-69,
S3,2044,70-74,
S3,2044,75+,
S3,2044,0-8,90268207.99999999
S3,2044,9-14,63336810.99999999
S3,2044,0-17,
S3,2044,18-29,
S3,2044,30-65,
S3,2044,66+,98397454.0
S3,2044,15-26,129052449.0
S3,2044,27-45,222925583.0
S3,2044,46-65,200397876.0
S3,2045,00-04,
S3,2045,05-09,
S3,2045,10-14,
S3,2045,15-19,
S3,2045,20-24,
S3,2045,25-29,
S3,2045,30-34,
S3,2045,35-39,
S3,2045,40-44,
S3,2045,45-49,
S3,2045,50-54,
S3,2045,55-59,
S3,2045,60-64,
S3,2045,65-69,
S3,2045,70-74,
S3,2045,75+,
S3,2045,0-8,89464562.0
S3,2045,9-14,62996408.99999999
S3,2045,0-17,
S3,2045,18-29,
S3,2045,30-65,
S3,2045,66+,101393426.99999999
S3,2045,15-26,128524983.0
S3,2045,27-45,221942970.0
S3,2045,46-65,203402255.0
S3,2046,00-04,
S3,2046,05-09,
S3,2046,10-14,
S3,2046,15-19,
S3,2046,20-24,
S3,2046,25-29,
S3,2046,30-34,
S3,2046,35-39,
S3,2046,40-44,
S3,2046,45-49,
S3,2046,50-54,
S3,2046,55-59,
S3,2046,60-64,
S3,2046,65-69,
S3,2046,70-74,
S3,2046,75+,
S3,2046,0-8,88650343.0
S3,2046,9-14,62606322.0
S3,2046,0-17,
S3,2046,18-29,
S3,2046,30-65,
S3,2046,66+,104500349.0
S3,2046,15-26,127867738.0
S3,2046,27-45,220981829.0
S3,2046,46-65,206265689.0
S3,2047,00-04,
S3,2047,05-09,
S3,2047,10-14,
S3,2047,15-19,
S3,2047,20-24,
S3,2047,25-29,
S3,2047,30-34,
S3,2047,35-39,
S3,2047,40-44,
S3,2047,45-49,
S3,2047,50-54,
S3,2047,55-59,
S3,2047,60-64,
S3,2047,65-69,
S3,2047,70-74,
S3,2047,75+,
S3,2047,0-8,87844870.0
S3,2047,9-14,62178051.999999985
S3,2047,0-17,
S3,2047,18-29,
S3,2047,30-65,
S3,2047,66+,107763468.0
S3,2047,15-26,127353161.0
S3,2047,27-45,219643134.0
S3,2047,46-65,209040501.0
S3,2048,00-04,
S3,2048,05-09,
S3,2048,10-14,
S3,2048,15-19,
S3,2048,20-24,
S3,2048,25-29,
S3,2048,30-34,
S3,2048,35-39,
S3,2048,40-44,
S3,2048,45-49,
S3,2048,50-54,
S3,2048,55-59,
S3,2048,60-64,
S3,2048,65-69,
S3,2048,70-74,
S3,2048,75+,
S3,2048,0-8,87050405.0
S3,2048,9-14,61721795.00000001
S3,2048,0-17,
S3,2048,18-29,
S3,2048,30-65,
S3,2048,66+,111111350.0
S3,2048,15-26,127031252.0
S3,2048,27-45,217897185.0
S3,2048,46-65,211760485.0
S3,2049,00-04,
S3,2049,05-09,
S3,2049,10-14,
S3,2049,15-19,
S3,2049,20-24,
S3,2049,25-29,
S3,2049,30-34,
S3,2049,35-39,
S3,2049,40-44,
S3,2049,45-49,
S3,2049,50-54,
S3,2049,55-59,
S3,2049,60-64,
S3,2049,65-69,
S3,2049,70-74,
S3,2049,75+,
S3,2049,0-8,86273409.0
S3,2049,9-14,61234496.0
S3,2049,0-17,
S3,2049,18-29,
S3,2049,30-65,
S3,2049,66+,114540667.0
S3,2049,15-26,126699132.0
S3,2049,27-45,216123922.0
S3,2049,46-65,214257512.0
S3,2050,00-04,
S3,2050,05-09,
S3,2050,10-14,
S3,2050,15-19,
S3,2050,20-24,
S3,2050,25-29,
S3,2050,30-34,
S3,2050,35-39,
S3,2050,40-44,
S3,2050,45-49,
S3,2050,50-54,
S3,2050,55-59,
S3,2050,60-64,
S3,2050,65-69,
S3,2050,70-74,
S3,2050,75+,
S3,2050,0-8,85511088.0
S3,2050,9-14,60733839.0
S3,2050,0-17,
S3,2050,18-29,
S3,2050,30-65,
S3,2050,66+,118068970.99999999
S3,2050,15-26,126298888.0
S3,2050,27-45,214467400.0
S3,2050,46-65,216429366.0
S3,2051,00-04,
S3,2051,05-09,
S3,2051,10-14,
S3,2051,15-19,
S3,2051,20-24,
S3,2051,25-29,
S3,2051,30-34,
S3,2051,35-39,
S3,2051,40-44,
S3,2051,45-49,
S3,2051,50-54,
S3,2051,55-59,
S3,2051,60-64,
S3,2051,65-69,
S3,2051,70-74,
S3,2051,75+,
S3,2051,0-8,84785912.0
S3,2051,9-14,60206042.0
S3,2051,0-17,
S3,2051,18-29,
S3,2051,30-65,
S3,2051,66+,121715443.0
S3,2051,15-26,125835607.0
S3,2051,27-45,212888691.0
S3,2051,46-65,218293225.0
S3,2052,00-04,
S3,2052,05-09,
S3,2052,10-14,
S3,2052,15-19,
S3,2052,20-24,
S3,2052,25-29,
S3,2052,30-34,
S3,2052,35-39,
S3,2052,40-44,
S3,2052,45-49,
S3,2052,50-54,
S3,2052,55-59,
S3,2052,60-64,
S3,2052,65-69,
S3,2052,70-74,
S3,2052,75+,
S3,2052,0-8,84100944.0
S3,2052,9-14,59659766.0
S3,2052,0-17,
S3,2052,18-29,
S3,2052,30-65,
S3,2052,66+,125412107.0
S3,2052,15-26,125286880.0
S3,2052,27-45,211475789.0
S3,2052,46-65,219831664.0
S3,2053,00-04,
S3,2053,05-09,
S3,2053,10-14,
S3,2053,15-19,
S3,2053,20-24,
S3,2053,25-29,
S3,2053,30-34,
S3,2053,35-39,
S3,2053,40-44,
S3,2053,45-49,
S3,2053,50-54,
S3,2053,55-59,
S3,2053,60-64,
S3,2053,65-69,
S3,2053,70-74,
S3,2053,75+,
S3,2053,0-8,83442174.0
S3,2053,9-14,59113907.0
S3,2053,0-17,
S3,2053,18-29,
S3,2053,30-65,
S3,2053,66+,129232934.0
S3,2053,15-26,124675815.0
S3,2053,27-45,210170662.0
S3,2053,46-65,221001195.0
S3,2054,00-04,
S3,2054,05-09,
S3,2054,10-14,
S3,2054,15-19,
S3,2054,20-24,
S3,2054,25-29,
S3,2054,30-34,
S3,2054,35-39,
S3,2054,40-44,
S3,2054,45-49,
S3,2054,50-54,
S3,2054,55-59,
S3,2054,60-64,
S3,2054,65-69,
S3,2054,70-74,
S3,2054,75+,
S3,2054,0-8,82814524.0
S3,2054,9-14,58582900.0
S3,2054,0-17,
S3,2054,18-29,
S3,2054,30-65,
S3,2054,66+,133009780.0
S3,2054,15-26,123986480.0
S3,2054,27-45,208950416.0
S3,2054,46-65,222000300.0
S3,2055,00-04,
S3,2055,05-09,
S3,2055,10-14,
S3,2055,15-19,
S3,2055,20-24,
S3,2055,25-29,
S3,2055,30-34,
S3,2055,35-39,
S3,2055,40-44,
S3,2055,45-49,
S3,2055,50-54,
S3,2055,55-59,
S3,2055,60-64,
S3,2055,65-69,
S3,2055,70-74,
S3,2055,75+,
S3,2055,0-8,82211231.0
S3,2055,9-14,58051267.0
S3,2055,0-17,
S3,2055,18-29,
S3,2055,30-65,
S3,2055,66+,136808773.0
S3,2055,15-26,123229604.0
S3,2055,27-45,207697891.0
S3,2055,46-65,222856407.0
S3,2056,00-04,
S3,2056,05-09,
S3,2056,10-14,
S3,2056,15-19,
S3,2056,20-24,
S3,2056,25-29,
S3,2056,30-34,
S3,2056,35-39,
S3,2056,40-44,
S3,2056,45-49,
S3,2056,50-54,
S3,2056,55-59,
S3,2056,60-64,
S3,2056,65-69,
S3,2056,70-74,
S3,2056,75+,
S3,2056,0-8,81643091.0
S3,2056,9-14,57516202.99999999
S3,2056,0-17,
S3,2056,18-29,
S3,2056,30-65,
S3,2056,66+,140617690.0
S3,2056,15-26,122436784.0
S3,2056,27-45,206346960.0
S3,2056,46-65,223654050.0
S3,2057,00-04,
S3,2057,05-09,
S3,2057,10-14,
S3,2057,15-19,
S3,2057,20-24,
S3,2057,25-29,
S3,2057,30-34,
S3,2057,35-39,
S3,2057,40-44,
S3,2057,45-49,
S3,2057,50-54,
S3,2057,55-59,
S3,2057,60-64,
S3,2057,65-69,
S3,2057,70-74,
S3,2057,75+,
S3,2057,0-8,81121769.0
S3,2057,9-14,56990227.0
S3,2057,0-17,
S3,2057,18-29,
S3,2057,30-65,
S3,2057,66+,144382307.0
S3,2057,15-26,121573858.0
S3,2057,27-45,205059845.0
S3,2057,46-65,224280071.0
S3,2058,00-04,
S3,2058,05-09,
S3,2058,10-14,
S3,2058,15-19,
S3,2058,20-24,
S3,2058,25-29,
S3,2058,30-34,
S3,2058,35-39,
S3,2058,40-44,
S3,2058,45-49,
S3,2058,50-54,
S3,2058,55-59,
S3,2058,60-64,
S3,2058,65-69,
S3,2058,70-74,
S3,2058,75+,
S3,2058,0-8,80629539.0
S3,2058,9-14,56489295.0
S3,2058,0-17,
S3,2058,18-29,
S3,2058,30-65,
S3,2058,66+,148129628.0
S3,2058,15-26,120646811.0
S3,2058,27-45,203796774.0
S3,2058,46-65,224760012.0
S3,2059,00-04,
S3,2059,05-09,
S3,2059,10-14,
S3,2059,15-19,
S3,2059,20-24,
S3,2059,25-29,
S3,2059,30-34,
S3,2059,35-39,
S3,2059,40-44,
S3,2059,45-49,
S3,2059,50-54,
S3,2059,55-59,
S3,2059,60-64,
S3,2059,65-69,
S3,2059,70-74,
S3,2059,75+,
S3,2059,0-8,80143892.0
S3,2059,9-14,56016061.99999999
S3,2059,0-17,
S3,2059,18-29,
S3,2059,30-65,
S3,2059,66+,151842740.0
S3,2059,15-26,119681449.0
S3,2059,27-45,202541200.0
S3,2059,46-65,225100528.0
S3,2060,00-04,
S3,2060,05-09,
S3,2060,10-14,
S3,2060,15-19,
S3,2060,20-24,
S3,2060,25-29,
S3,2060,30-34,
S3,2060,35-39,
S3,2060,40-44,
S3,2060,45-49,
S3,2060,50-54,
S3,2060,55-59,
S3,2060,60-64,
S3,2060,65-69,
S3,2060,70-74,
S3,2060,75+,
S3,2060,0-8,79665960.0
S3,2060,9-14,55565059.99999999
S3,2060,0-17,
S3,2060,18-29,
S3,2060,30-65,
S3,2060,66+,155490543.0
S3,2060,15-26,118704269.00000001
S3,2060,27-45,201368938.0
S3,2060,46-65,225239141.0
S3,2061,00-04,
S3,2061,05-09,
S3,2061,10-14,
S3,2061,15-19,
S3,2061,20-24,
S3,2061,25-29,
S3,2061,30-34,
S3,2061,35-39,
S3,2061,40-44,
S3,2061,45-49,
S3,2061,50-54,
S3,2061,55-59,
S3,2061,60-64,
S3,2061,65-69,
S3,2061,70-74,
S3,2061,75+,
S3,2061,0-8,79193383.0
S3,2061,9-14,55148212.0
S3,2061,0-17,
S3,2061,18-29,
S3,2061,30-65,
S3,2061,66+,159117609.0
S3,2061,15-26,117695222.0
S3,2061,27-45,200522585.0
S3,2061,46-65,224894802.0
S3,2062,00-04,
S3,2062,05-09,
S3,2062,10-14,
S3,2062,15-19,
S3,2062,20-24,
S3,2062,25-29,
S3,2062,30-34,
S3,2062,35-39,
S3,2062,40-44,
S3,2062,45-49,
S3,2062,50-54,
S3,2062,55-59,
S3,2062,60-64,
S3,2062,65-69,
S3,2062,70-74,
S3,2062,75+,
S3,2062,0-8,78718594.0
S3,2062,9-14,54746335.99999999
S3,2062,0-17,
S3,2062,18-29,
S3,2062,30-65,
S3,2062,66+,162699689.0
S3,2062,15-26,116665106.0
S3,2062,27-45,199534065.0
S3,2062,46-65,224551753.0
S3,2063,00-04,
S3,2063,05-09,
S3,2063,10-14,
S3,2063,15-19,
S3,2063,20-24,
S3,2063,25-29,
S3,2063,30-34,
S3,2063,35-39,
S3,2063,40-44,
S3,2063,45-49,
S3,2063,50-54,
S3,2063,55-59,
S3,2063,60-64,
S3,2063,65-69,
S3,2063,70-74,
S3,2063,75+,
S3,2063,0-8,78249500.99999999
S3,2063,9-14,54377395.0
S3,2063,0-17,
S3,2063,18-29,
S3,2063,30-65,
S3,2063,66+,166233814.0
S3,2063,15-26,115618283.0
S3,2063,27-45,198412587.0
S3,2063,46-65,224203049.0
S3,2064,00-04,
S3,2064,05-09,
S3,2064,10-14,
S3,2064,15-19,
S3,2064,20-24,
S3,2064,25-29,
S3,2064,30-34,
S3,2064,35-39,
S3,2064,40-44,
S3,2064,45-49,
S3,2064,50-54,
S3,2064,55-59,
S3,2064,60-64,
S3,2064,65-69,
S3,2064,70-74,
S3,2064,75+,
S3,2064,0-8,77786157.0
S3,2064,9-14,54017307.0
S3,2064,0-17,
S3,2064,18-29,
S3,2064,30-65,
S3,2064,66+,169716639.0
S3,2064,15-26,114580665.0
S3,2064,27-45,197515460.0
S3,2064,46-65,223490785.0
S3,2065,00-04,
S3,2065,05-09,
S3,2065,10-14,
S3,2065,15-19,
S3,2065,20-24,
S3,2065,25-29,
S3,2065,30-34,
S3,2065,35-39,
S3,2065,40-44,
S3,2065,45-49,
S3,2065,50-54,
S3,2065,55-59,
S3,2065,60-64,
S3,2065,65-69,
S3,2065,70-74,
S3,2065,75+,
S3,2065,0-8,77315438.0
S3,2065,9-14,53671950.0
S3,2065,0-17,
S3,2065,18-29,
S3,2065,30-65,
S3,2065,66+,173158595.0
S3,2065,15-26,113568784.0
S3,2065,27-45,196426086.0
S3,2065,46-65,222803499.0
S3,2066,00-04,
S3,2066,05-09,
S3,2066,10-14,
S3,2066,15-19,
S3,2066,20-24,
S3,2066,25-29,
S3,2066,30-34,
S3,2066,35-39,
S3,2066,40-44,
S3,2066,45-49,
S3,2066,50-54,
S3,2066,55-59,
S3,2066,60-64,
S3,2066,65-69,
S3,2066,70-74,
S3,2066,75+,
S3,2066,0-8,76817294.0
S3,2066,9-14,53350067.99999999
S3,2066,0-17,
S3,2066,18-29,
S3,2066,30-65,
S3,2066,66+,176555657.0
S3,2066,15-26,112591322.0
S3,2066,27-45,195430530.0
S3,2066,46-65,221845423.0
S3,2067,00-04,
S3,2067,05-09,
S3,2067,10-14,
S3,2067,15-19,
S3,2067,20-24,
S3,2067,25-29,
S3,2067,30-34,
S3,2067,35-39,
S3,2067,40-44,
S3,2067,45-49,
S3,2067,50-54,
S3,2067,55-59,
S3,2067,60-64,
S3,2067,65-69,
S3,2067,70-74,
S3,2067,75+,
S3,2067,0-8,76308495.0
S3,2067,9-14,53039842.0
S3,2067,0-17,
S3,2067,18-29,
S3,2067,30-65,
S3,2067,66+,180006445.0
S3,2067,15-26,111653679.99999999
S3,2067,27-45,194607323.0
S3,2067,46-65,220469376.0
S3,2068,00-04,
S3,2068,05-09,
S3,2068,10-14,
S3,2068,15-19,
S3,2068,20-24,
S3,2068,25-29,
S3,2068,30-34,
S3,2068,35-39,
S3,2068,40-44,
S3,2068,45-49,
S3,2068,50-54,
S3,2068,55-59,
S3,2068,60-64,
S3,2068,65-69,
S3,2068,70-74,
S3,2068,75+,
S3,2068,0-8,75784439.0
S3,2068,9-14,52738739.0
S3,2068,0-17,
S3,2068,18-29,
S3,2068,30-65,
S3,2068,66+,183471881.0
S3,2068,15-26,110725559.0
S3,2068,27-45,193756878.0
S3,2068,46-65,218908816.0
S3,2069,00-04,
S3,2069,05-09,
S3,2069,10-14,
S3,2069,15-19,
S3,2069,20-24,
S3,2069,25-29,
S3,2069,30-34,
S3,2069,35-39,
S3,2069,40-44,
S3,2069,45-49,
S3,2069,50-54,
S3,2069,55-59,
S3,2069,60-64,
S3,2069,65-69,
S3,2069,70-74,
S3,2069,75+,
S3,2069,0-8,75243515.0
S3,2069,9-14,52436265.0
S3,2069,0-17,
S3,2069,18-29,
S3,2069,30-65,
S3,2069,66+,186797012.0
S3,2069,15-26,109838256.0
S3,2069,27-45,192802947.0
S3,2069,46-65,217378591.00000003
S3,2070,00-04,
S3,2070,05-09,
S3,2070,10-14,
S3,2070,15-19,
S3,2070,20-24,
S3,2070,25-29,
S3,2070,30-34,
S3,2070,35-39,
S3,2070,40-44,
S3,2070,45-49,
S3,2070,50-54,
S3,2070,55-59,
S3,2070,60-64,
S3,2070,65-69,
S3,2070,70-74,
S3,2070,75+,
S3,2070,0-8,74678675.0
S3,2070,9-14,52147708.0
S3,2070,0-17,
S3,2070,18-29,
S3,2070,30-65,
S3,2070,66+,189909128.0
S3,2070,15-26,108984523.0
S3,2070,27-45,191754650.0
S3,2070,46-65,215950175.0
S3,2071,00-04,
S3,2071,05-09,
S3,2071,10-14,
S3,2071,15-19,
S3,2071,20-24,
S3,2071,25-29,
S3,2071,30-34,
S3,2071,35-39,
S3,2071,40-44,
S3,2071,45-49,
S3,2071,50-54,
S3,2071,55-59,
S3,2071,60-64,
S3,2071,65-69,
S3,2071,70-74,
S3,2071,75+,
S3,2071,0-8,74114339.0
S3,2071,9-14,51840825.99999999
S3,2071,0-17,
S3,2071,18-29,
S3,2071,30-65,
S3,2071,66+,192837903.0
S3,2071,15-26,108172555.0
S3,2071,27-45,190610919.0
S3,2071,46-65,214596275.0
S3,2072,00-04,
S3,2072,05-09,
S3,2072,10-14,
S3,2072,15-19,
S3,2072,20-24,
S3,2072,25-29,
S3,2072,30-34,
S3,2072,35-39,
S3,2072,40-44,
S3,2072,45-49,
S3,2072,50-54,
S3,2072,55-59,
S3,2072,60-64,
S3,2072,65-69,
S3,2072,70-74,
S3,2072,75+,
S3,2072,0-8,73537344.0
S3,2072,9-14,51523093.0
S3,2072,0-17,
S3,2072,18-29,
S3,2072,30-65,
S3,2072,66+,195512906.0
S3,2072,15-26,107407110.99999999
S3,2072,27-45,189410651.0
S3,2072,46-65,213367962.0
S3,2073,00-04,
S3,2073,05-09,
S3,2073,10-14,
S3,2073,15-19,
S3,2073,20-24,
S3,2073,25-29,
S3,2073,30-34,
S3,2073,35-39,
S3,2073,40-44,
S3,2073,45-49,
S3,2073,50-54,
S3,2073,55-59,
S3,2073,60-64,
S3,2073,65-69,
S3,2073,70-74,
S3,2073,75+,
S3,2073,0-8,72945664.0
S3,2073,9-14,51190834.0
S3,2073,0-17,
S3,2073,18-29,
S3,2073,30-65,
S3,2073,66+,197960924.0
S3,2073,15-26,106686529.0
S3,2073,27-45,188134909.0
S3,2073,46-65,212243907.0
S3,2074,00-04,
S3,2074,05-09,
S3,2074,10-14,
S3,2074,15-19,
S3,2074,20-24,
S3,2074,25-29,
S3,2074,30-34,
S3,2074,35-39,
S3,2074,40-44,
S3,2074,45-49,
S3,2074,50-54,
S3,2074,55-59,
S3,2074,60-64,
S3,2074,65-69,
S3,2074,70-74,
S3,2074,75+,
S3,2074,0-8,72342664.0
S3,2074,9-14,50860865.0
S3,2074,0-17,
S3,2074,18-29,
S3,2074,30-65,
S3,2074,66+,200231751.0
S3,2074,15-26,105992597.99999999
S3,2074,27-45,186809157.0
S3,2074,46-65,211183292.0
S3,2075,00-04,
S3,2075,05-09,
S3,2075,10-14,
S3,2075,15-19,
S3,2075,20-24,
S3,2075,25-29,
S3,2075,30-34,
S3,2075,35-39,
S3,2075,40-44,
S3,2075,45-49,
S3,2075,50-54,
S3,2075,55-59,
S3,2075,60-64,
S3,2075,65-69,
S3,2075,70-74,
S3,2075,75+,
S3,2075,0-8,71738442.0
S3,2075,9-14,50521786.99999999
S3,2075,0-17,
S3,2075,18-29,
S3,2075,30-65,
S3,2075,66+,202402873.0
S3,2075,15-26,105330225.99999999
S3,2075,27-45,185434779.0
S3,2075,46-65,210086694.0
S3,2076,00-04,
S3,2076,05-09,
S3,2076,10-14,
S3,2076,15-19,
S3,2076,20-24,
S3,2076,25-29,
S3,2076,30-34,
S3,2076,35-39,
S3,2076,40-44,
S3,2076,45-49,
S3,2076,50-54,
S3,2076,55-59,
S3,2076,60-64,
S3,2076,65-69,
S3,2076,70-74,
S3,2076,75+,
S3,2076,0-8,71123507.0
S3,2076,9-14,50173925.0
S3,2076,0-17,
S3,2076,18-29,
S3,2076,30-65,
S3,2076,66+,204539995.0
S3,2076,15-26,104688979.0
S3,2076,27-45,184016626.0
S3,2076,46-65,208901301.0
S3,2077,00-04,
S3,2077,05-09,
S3,2077,10-14,
S3,2077,15-19,
S3,2077,20-24,
S3,2077,25-29,
S3,2077,30-34,
S3,2077,35-39,
S3,2077,40-44,
S3,2077,45-49,
S3,2077,50-54,
S3,2077,55-59,
S3,2077,60-64,
S3,2077,65-69,
S3,2077,70-74,
S3,2077,75+,
S3,2077,0-8,70520081.0
S3,2077,9-14,49821811.0
S3,2077,0-17,
S3,2077,18-29,
S3,2077,30-65,
S3,2077,66+,206500799.0
S3,2077,15-26,104046416.99999999
S3,2077,27-45,182568414.0
S3,2077,46-65,207781238.0
S3,2078,00-04,
S3,2078,05-09,
S3,2078,10-14,
S3,2078,15-19,
S3,2078,20-24,
S3,2078,25-29,
S3,2078,30-34,
S3,2078,35-39,
S3,2078,40-44,
S3,2078,45-49,
S3,2078,50-54,
S3,2078,55-59,
S3,2078,60-64,
S3,2078,65-69,
S3,2078,70-74,
S3,2078,75+,
S3,2078,0-8,69930621.0
S3,2078,9-14,49447398.000000015
S3,2078,0-17,
S3,2078,18-29,
S3,2078,30-65,
S3,2078,66+,208332597.0
S3,2078,15-26,103416040.99999999
S3,2078,27-45,181110260.0
S3,2078,46-65,206656604.0
S3,2079,00-04,
S3,2079,05-09,
S3,2079,10-14,
S3,2079,15-19,
S3,2079,20-24,
S3,2079,25-29,
S3,2079,30-34,
S3,2079,35-39,
S3,2079,40-44,
S3,2079,45-49,
S3,2079,50-54,
S3,2079,55-59,
S3,2079,60-64,
S3,2079,65-69,
S3,2079,70-74,
S3,2079,75+,
S3,2079,0-8,69352564.0
S3,2079,9-14,49058816.0
S3,2079,0-17,
S3,2079,18-29,
S3,2079,30-65,
S3,2079,66+,210029728.0
S3,2079,15-26,102784722.0
S3,2079,27-45,179667302.0
S3,2079,46-65,205521670.0
S3,2080,00-04,
S3,2080,05-09,
S3,2080,10-14,
S3,2080,15-19,
S3,2080,20-24,
S3,2080,25-29,
S3,2080,30-34,
S3,2080,35-39,
S3,2080,40-44,
S3,2080,45-49,
S3,2080,50-54,
S3,2080,55-59,
S3,2080,60-64,
S3,2080,65-69,
S3,2080,70-74,
S3,2080,75+,
S3,2080,0-8,68777443.0
S3,2080,9-14,48659427.0
S3,2080,0-17,
S3,2080,18-29,
S3,2080,30-65,
S3,2080,66+,211521704.0
S3,2080,15-26,102163211.0
S3,2080,27-45,178219108.0
S3,2080,46-65,204466228.0
S3,2081,00-04,
S3,2081,05-09,
S3,2081,10-14,
S3,2081,15-19,
S3,2081,20-24,
S3,2081,25-29,
S3,2081,30-34,
S3,2081,35-39,
S3,2081,40-44,
S3,2081,45-49,
S3,2081,50-54,
S3,2081,55-59,
S3,2081,60-64,
S3,2081,65-69,
S3,2081,70-74,
S3,2081,75+,
S3,2081,0-8,68211347.0
S3,2081,9-14,48262249.0
S3,2081,0-17,
S3,2081,18-29,
S3,2081,30-65,
S3,2081,66+,212584407.0
S3,2081,15-26,101530502.0
S3,2081,27-45,176779265.0
S3,2081,46-65,203708112.99999997
S3,2082,00-04,
S3,2082,05-09,
S3,2082,10-14,
S3,2082,15-19,
S3,2082,20-24,
S3,2082,25-29,
S3,2082,30-34,
S3,2082,35-39,
S3,2082,40-44,
S3,2082,45-49,
S3,2082,50-54,
S3,2082,55-59,
S3,2082,60-64,
S3,2082,65-69,
S3,2082,70-74,
S3,2082,75+,
S3,2082,0-8,67656968.0
S3,2082,9-14,47849874.0
S3,2082,0-17,
S3,2082,18-29,
S3,2082,30-65,
S3,2082,66+,213663791.0
S3,2082,15-26,100904600.0
S3,2082,27-45,175344894.0
S3,2082,46-65,202814881.0
S3,2083,00-04,
S3,2083,05-09,
S3,2083,10-14,
S3,2083,15-19,
S3,2083,20-24,
S3,2083,25-29,
S3,2083,30-34,
S3,2083,35-39,
S3,2083,40-44,
S3,2083,45-49,
S3,2083,50-54,
S3,2083,55-59,
S3,2083,60-64,
S3,2083,65-69,
S3,2083,70-74,
S3,2083,75+,
S3,2083,0-8,67123814.0
S3,2083,9-14,47441977.0
S3,2083,0-17,
S3,2083,18-29,
S3,2083,30-65,
S3,2083,66+,214749198.0
S3,2083,15-26,100257216.0
S3,2083,27-45,173944949.0
S3,2083,46-65,201784124.0
S3,2084,00-04,
S3,2084,05-09,
S3,2084,10-14,
S3,2084,15-19,
S3,2084,20-24,
S3,2084,25-29,
S3,2084,30-34,
S3,2084,35-39,
S3,2084,40-44,
S3,2084,45-49,
S3,2084,50-54,
S3,2084,55-59,
S3,2084,60-64,
S3,2084,65-69,
S3,2084,70-74,
S3,2084,75+,
S3,2084,0-8,66601428.0
S3,2084,9-14,47039286.0
S3,2084,0-17,
S3,2084,18-29,
S3,2084,30-65,
S3,2084,66+,215505237.0
S3,2084,15-26,99574234.99999999
S3,2084,27-45,172594311.0
S3,2084,46-65,200944111.0
S3,2085,00-04,
S3,2085,05-09,
S3,2085,10-14,
S3,2085,15-19,
S3,2085,20-24,
S3,2085,25-29,
S3,2085,30-34,
S3,2085,35-39,
S3,2085,40-44,
S3,2085,45-49,
S3,2085,50-54,
S3,2085,55-59,
S3,2085,60-64,
S3,2085,65-69,
S3,2085,70-74,
S3,2085,75+,
S3,2085,0-8,66102325.0
S3,2085,9-14,46642486.0
S3,2085,0-17,
S3,2085,18-29,
S3,2085,30-65,
S3,2085,66+,216313464.0
S3,2085,15-26,98863731.0
S3,2085,27-45,171295560.0
S3,2085,46-65,199916067.0
S3,2086,00-04,
S3,2086,05-09,
S3,2086,10-14,
S3,2086,15-19,
S3,2086,20-24,
S3,2086,25-29,
S3,2086,30-34,
S3,2086,35-39,
S3,2086,40-44,
S3,2086,45-49,
S3,2086,50-54,
S3,2086,55-59,
S3,2086,60-64,
S3,2086,65-69,
S3,2086,70-74,
S3,2086,75+,
S3,2086,0-8,65612410.0
S3,2086,9-14,46250070.0
S3,2086,0-17,
S3,2086,18-29,
S3,2086,30-65,
S3,2086,66+,216896659.0
S3,2086,15-26,98141404.00000001
S3,2086,27-45,170028708.0
S3,2086,46-65,198976915.0
S3,2087,00-04,
S3,2087,05-09,
S3,2087,10-14,
S3,2087,15-19,
S3,2087,20-24,
S3,2087,25-29,
S3,2087,30-34,
S3,2087,35-39,
S3,2087,40-44,
S3,2087,45-49,
S3,2087,50-54,
S3,2087,55-59,
S3,2087,60-64,
S3,2087,65-69,
S3,2087,70-74,
S3,2087,75+,
S3,2087,0-8,65137404.0
S3,2087,9-14,45862589.99999999
S3,2087,0-17,
S3,2087,18-29,
S3,2087,30-65,
S3,2087,66+,217209952.0
S3,2087,15-26,97411856.0
S3,2087,27-45,168782198.0
S3,2087,46-65,198201971.0
S3,2088,00-04,
S3,2088,05-09,
S3,2088,10-14,
S3,2088,15-19,
S3,2088,20-24,
S3,2088,25-29,
S3,2088,30-34,
S3,2088,35-39,
S3,2088,40-44,
S3,2088,45-49,
S3,2088,50-54,
S3,2088,55-59,
S3,2088,60-64,
S3,2088,65-69,
S3,2088,70-74,
S3,2088,75+,
S3,2088,0-8,64690250.00000001
S3,2088,9-14,45485923.0
S3,2088,0-17,
S3,2088,18-29,
S3,2088,30-65,
S3,2088,66+,217450828.0
S3,2088,15-26,96664652.0
S3,2088,27-45,167587489.0
S3,2088,46-65,197381673.0
S3,2089,00-04,
S3,2089,05-09,
S3,2089,10-14,
S3,2089,15-19,
S3,2089,20-24,
S3,2089,25-29,
S3,2089,30-34,
S3,2089,35-39,
S3,2089,40-44,
S3,2089,45-49,
S3,2089,50-54,
S3,2089,55-59,
S3,2089,60-64,
S3,2089,65-69,
S3,2089,70-74,
S3,2089,75+,
S3,2089,0-8,64258004.0
S3,2089,9-14,45113709.0
S3,2089,0-17,
S3,2089,18-29,
S3,2089,30-65,
S3,2089,66+,217671602.0
S3,2089,15-26,95913321.0
S3,2089,27-45,166420849.0
S3,2089,46-65,196458762.0
S3,2090,00-04,
S3,2090,05-09,
S3,2090,10-14,
S3,2090,15-19,
S3,2090,20-24,
S3,2090,25-29,
S3,2090,30-34,
S3,2090,35-39,
S3,2090,40-44,
S3,2090,45-49,
S3,2090,50-54,
S3,2090,55-59,
S3,2090,60-64,
S3,2090,65-69,
S3,2090,70-74,
S3,2090,75+,
S3,2090,0-8,63834526.0
S3,2090,9-14,44754514.99999999
S3,2090,0-17,
S3,2090,18-29,
S3,2090,30-65,
S3,2090,66+,217873054.0
S3,2090,15-26,95145261.0
S3,2090,27-45,165294669.0
S3,2090,46-65,195449035.0
S3,2091,00-04,
S3,2091,05-09,
S3,2091,10-14,
S3,2091,15-19,
S3,2091,20-24,
S3,2091,25-29,
S3,2091,30-34,
S3,2091,35-39,
S3,2091,40-44,
S3,2091,45-49,
S3,2091,50-54,
S3,2091,55-59,
S3,2091,60-64,
S3,2091,65-69,
S3,2091,70-74,
S3,2091,75+,
S3,2091,0-8,63425678.00000001
S3,2091,9-14,44400151.0
S3,2091,0-17,
S3,2091,18-29,
S3,2091,30-65,
S3,2091,66+,218072040.0
S3,2091,15-26,94365177.00000001
S3,2091,27-45,164185608.0
S3,2091,46-65,194352960.0
S3,2092,00-04,
S3,2092,05-09,
S3,2092,10-14,
S3,2092,15-19,
S3,2092,20-24,
S3,2092,25-29,
S3,2092,30-34,
S3,2092,35-39,
S3,2092,40-44,
S3,2092,45-49,
S3,2092,50-54,
S3,2092,55-59,
S3,2092,60-64,
S3,2092,65-69,
S3,2092,70-74,
S3,2092,75+,
S3,2092,0-8,63019116.0
S3,2092,9-14,44059720.0
S3,2092,0-17,
S3,2092,18-29,
S3,2092,30-65,
S3,2092,66+,218249697.0
S3,2092,15-26,93580232.00000001
S3,2092,27-45,163114263.0
S3,2092,46-65,193190286.0
S3,2093,00-04,
S3,2093,05-09,
S3,2093,10-14,
S3,2093,15-19,
S3,2093,20-24,
S3,2093,25-29,
S3,2093,30-34,
S3,2093,35-39,
S3,2093,40-44,
S3,2093,45-49,
S3,2093,50-54,
S3,2093,55-59,
S3,2093,60-64,
S3,2093,65-69,
S3,2093,70-74,
S3,2093,75+,
S3,2093,0-8,62620842.0
S3,2093,9-14,43723452.0
S3,2093,0-17,
S3,2093,18-29,
S3,2093,30-65,
S3,2093,66+,218420439.0
S3,2093,15-26,92807899.0
S3,2093,27-45,162065128.0
S3,2093,46-65,191965877.0
S3,2094,00-04,
S3,2094,05-09,
S3,2094,10-14,
S3,2094,15-19,
S3,2094,20-24,
S3,2094,25-29,
S3,2094,30-34,
S3,2094,35-39,
S3,2094,40-44,
S3,2094,45-49,
S3,2094,50-54,
S3,2094,55-59,
S3,2094,60-64,
S3,2094,65-69,
S3,2094,70-74,
S3,2094,75+,
S3,2094,0-8,62209339.00000001
S3,2094,9-14,43404308.000000015
S3,2094,0-17,
S3,2094,18-29,
S3,2094,30-65,
S3,2094,66+,218578021.0
S3,2094,15-26,92024753.0
S3,2094,27-45,161035290.0
S3,2094,46-65,190681893.0
S3,2095,00-04,
S3,2095,05-09,
S3,2095,10-14,
S3,2095,15-19,
S3,2095,20-24,
S3,2095,25-29,
S3,2095,30-34,
S3,2095,35-39,
S3,2095,40-44,
S3,2095,45-49,
S3,2095,50-54,
S3,2095,55-59,
S3,2095,60-64,
S3,2095,65-69,
S3,2095,70-74,
S3,2095,75+,
S3,2095,0-8,61797795.0
S3,2095,9-14,43097606.0
S3,2095,0-17,
S3,2095,18-29,
S3,2095,30-65,
S3,2095,66+,218713338.0
S3,2095,15-26,91252416.0
S3,2095,27-45,160010546.0
S3,2095,46-65,189361897.0
S3,2096,00-04,
S3,2096,05-09,
S3,2096,10-14,
S3,2096,15-19,
S3,2096,20-24,
S3,2096,25-29,
S3,2096,30-34,
S3,2096,35-39,
S3,2096,40-44,
S3,2096,45-49,
S3,2096,50-54,
S3,2096,55-59,
S3,2096,60-64,
S3,2096,65-69,
S3,2096,70-74,
S3,2096,75+,
S3,2096,0-8,61373552.0
S3,2096,9-14,42802265.0
S3,2096,0-17,
S3,2096,18-29,
S3,2096,30-65,
S3,2096,66+,218838705.0
S3,2096,15-26,90500889.0
S3,2096,27-45,158979589.0
S3,2096,46-65,188011103.0
S3,2097,00-04,
S3,2097,05-09,
S3,2097,10-14,
S3,2097,15-19,
S3,2097,20-24,
S3,2097,25-29,
S3,2097,30-34,
S3,2097,35-39,
S3,2097,40-44,
S3,2097,45-49,
S3,2097,50-54,
S3,2097,55-59,
S3,2097,60-64,
S3,2097,65-69,
S3,2097,70-74,
S3,2097,75+,
S3,2097,0-8,60946788.0
S3,2097,9-14,42530483.0
S3,2097,0-17,
S3,2097,18-29,
S3,2097,30-65,
S3,2097,66+,218965130.0
S3,2097,15-26,89761455.99999999
S3,2097,27-45,157935186.0
S3,2097,46-65,186629835.0
S3,2098,00-04,
S3,2098,05-09,
S3,2098,10-14,
S3,2098,15-19,
S3,2098,20-24,
S3,2098,25-29,
S3,2098,30-34,
S3,2098,35-39,
S3,2098,40-44,
S3,2098,45-49,
S3,2098,50-54,
S3,2098,55-59,
S3,2098,60-64,
S3,2098,65-69,
S3,2098,70-74,
S3,2098,75+,
S3,2098,0-8,60514882.0
S3,2098,9-14,42260248.999999985
S3,2098,0-17,
S3,2098,18-29,
S3,2098,30-65,
S3,2098,66+,219069807.0
S3,2098,15-26,89041430.0
S3,2098,27-45,156885325.0
S3,2098,46-65,185242157.0
S3,2099,00-04,
S3,2099,05-09,
S3,2099,10-14,
S3,2099,15-19,
S3,2099,20-24,
S3,2099,25-29,
S3,2099,30-34,
S3,2099,35-39,
S3,2099,40-44,
S3,2099,45-49,
S3,2099,50-54,
S3,2099,55-59,
S3,2099,60-64,
S3,2099,65-69,
S3,2099,70-74,
S3,2099,75+,
S3,2099,0-8,60064519.0
S3,2099,9-14,41999465.0
S3,2099,0-17,
S3,2099,18-29,
S3,2099,30-65,
S3,2099,66+,219147476.0
S3,2099,15-26,88326296.0
S3,2099,27-45,155834711.0
S3,2099,46-65,183855496.0
S3,2100,00-04,
S3,2100,05-09,
S3,2100,10-14,
S3,2100,15-19,
S3,2100,20-24,
S3,2100,25-29,
S3,2100,30-34,
S3,2100,35-39,
S3,2100,40-44,
S3,2100,45-49,
S3,2100,50-54,
S3,2100,55-59,
S3,2100,60-64,
S3,2100,65-69,
S3,2100,70-74,
S3,2100,75+,
S3,2100,0-8,59620950.0
S3,2100,9-14,41738515.99999999
S3,2100,0-17,
S3,2100,18-29,
S3,2100,30-65,
S3,2100,66+,219205321.0
S3,2100,15-26,87641090.0
S3,2100,27-45,154764731.0
S3,2100,46-65,182475676.0
