scheme,year,band,females
S0,1950,00-04,24994172.0
S0,1950,05-09,19943995.0
S0,1950,10-14,18940652.0
S0,1950,15-19,17060327.0
S0,1950,20-24,14931807.0
S0,1950,25-29,13138780.0
S0,1950,30-34,11674625.0
S0,1950,35-39,10240924.0
S0,1950,40-44,8926490.0
S0,1950,45-49,7046190.000000001
S0,1950,50-54,6208254.999999999
S0,1950,55-59,4310663.0
S0,1950,60-64,3846297.0
S0,1950,65-69,2117012.0
S0,1950,70-74,1660576.0
S0,1950,75+,1624266.0000000002
S0,1950,0-8,
S0,1950,9-14,
S0,1950,0-17,
S0,1950,18-29,
S0,1950,30-65,
S0,1950,66+,
S0,1950,15-26,
S0,1950,27-45,
S0,1950,46-65,
S0,1951,00-04,26043062.0
S0,1951,05-09,20237664.0
S0,1951,10-14,19093537.0
S0,1951,15-19,17352844.0
S0,1951,20-24,15220362.0
S0,1951,25-29,13346192.0
S0,1951,30-34,11851023.0
S0,1951,35-39,10382906.0
S0,1951,40-44,9159900.0
S0,1951,45-49,7201187.0
S0,1951,50-54,6397463.0
S0,1951,55-59,4421449.0
S0,1951,60-64,3942796.0
S0,1951,65-69,2232814.0
S0,1951,70-74,1648565.0
S0,1951,75+,1627336.0000000005
S0,1951,0-8,
S0,1951,9-14,
S0,1951,0-17,
S0,1951,18-29,
S0,1951,30-65,
S0,1951,66+,
S0,1951,15-26,
S0,1951,27-45,
S0,1951,46-65,
S0,1952,00-04,27139175.0
S0,1952,05-09,20617207.0
S0,1952,10-14,19187101.0
S0,1952,15-19,17665795.0
S0,1952,20-24,15539116.0
S0,1952,25-29,13578527.0
S0,1952,30-34,12029851.0
S0,1952,35-39,10549171.0
S0,1952,40-44,9335768.0
S0,1952,45-49,7457234.0
S0,1952,50-54,6467746.0
S0,1952,55-59,4663431.0
S0,1952,60-64,3925707.0
S0,1952,65-69,2449961.0
S0,1952,70-74,1592868.0
S0,1952,75+,1647319.0
S0,1952,0-8,
S0,1952,9-14,
S0,1952,0-17,
S0,1952,18-29,
S0,1952,30-65,
S0,1952,66+,
S0,1952,15-26,
S0,1952,27-45,
S0,1952,46-65,
S0,1953,00-04,28336998.0
S0,1953,05-09,21044367.0
S0,1953,10-14,19248679.0
S0,1953,15-19,17984209.0
S0,1953,20-24,15874406.0
S0,1953,25-29,13828841.0
S0,1953,30-34,12207582.0
S0,1953,35-39,10737639.0
S0,1953,40-44,9457059.000000002
S0,1953,45-49,7786467.000000001
S0,1953,50-54,6454929.0
S0,1953,55-59,5017669.0
S0,1953,60-64,3810823.0
S0,1953,65-69,2726255.0
S0,1953,70-74,1532670.0
S0,1953,75+,1673195.999999999
S0,1953,0-8,
S0,1953,9-14,
S0,1953,0-17,
S0,1953,18-29,
S0,1953,30-65,
S0,1953,66+,
S0,1953,15-26,
S0,1953,27-45,
S0,1953,46-65,
S0,1954,00-04,29664254.0
S0,1954,05-09,21454230.0
S0,1954,10-14,19336510.0
S0,1954,15-19,18255717.0
S0,1954,20-24,16195024.0
S0,1954,25-29,14079398.0
S0,1954,30-34,12378523.0
S0,1954,35-39,10924532.0
S0,1954,40-44,9555878.0
S0,1954,45-49,8123413.0
S0,1954,50-54,6438438.999999999
S0,1954,55-59,5372191.0
S0,1954,60-64,3706736.0
S0,1954,65-69,2980397.0
S0,1954,70-74,1505397.0
S0,1954,75+,1693103.0000000005
S0,1954,0-8,
S0,1954,9-14,
S0,1954,0-17,
S0,1954,18-29,
S0,1954,30-65,
S0,1954,66+,
S0,1954,15-26,
S0,1954,27-45,
S0,1954,46-65,
S0,1955,00-04,30625424.0
S0,1955,05-09,22359223.0
S0,1955,10-14,19534026.0
S0,1955,15-19,18459549.0
S0,1955,20-24,16519290.0
S0,1955,25-29,14363822.0
S0,1955,30-34,12579305.0
S0,1955,35-39,11110079.0
S0,1955,40-44,9688561.0
S0,1955,45-49,8395114.0
S0,1955,50-54,6528090.0
S0,1955,55-59,5615175.0
S0,1955,60-64,3735753.0
S0,1955,65-69,3124576.0
S0,1955,70-74,1557511.0
S0,1955,75+,1699214.9999999995
S0,1955,0-8,
S0,1955,9-14,
S0,1955,0-17,
S0,1955,18-29,
S0,1955,30-65,
S0,1955,66+,
S0,1955,15-26,
S0,1955,27-45,
S0,1955,46-65,
S0,1956,00-04,31536088.0
S0,1956,05-09,23361050.0
S0,1956,10-14,19828621.0
S0,1956,15-19,18616449.0
S0,1956,20-24,16816979.0
S0,1956,25-29,14659297.0
S0,1956,30-34,12794647.0
S0,1956,35-39,11292171.0
S0,1956,40-44,9834713.0
S0,1956,45-49,8623682.0
S0,1956,50-54,6680527.0
S0,1956,55-59,5792407.999999999
S0,1956,60-64,3841883.0
S0,1956,65-69,3206418.0
S0,1956,70-74,1652140.0
S0,1956,75+,1701887.9999999998
S0,1956,0-8,
S0,1956,9-14,
S0,1956,0-17,
S0,1956,18-29,
S0,1956,30-65,
S0,1956,66+,
S0,1956,15-26,
S0,1956,27-45,
S0,1956,46-65,
S0,1957,00-04,32411022.0
S0,1957,05-09,24433154.0
S0,1957,10-14,20208041.0
S0,1957,15-19,18718049.0
S0,1957,20-24,17133233.0
S0,1957,25-29,14978011.0
S0,1957,30-34,13027729.0
S0,1957,35-39,11472136.0
S0,1957,40-44,10001070.0
S0,1957,45-49,8796728.0
S0,1957,50-54,6925730.0
S0,1957,55-59,5862153.0
S0,1957,60-64,4061656.0
S0,1957,65-69,3196900.0
S0,1957,70-74,1820607.0
S0,1957,75+,1685212.999999999
S0,1957,0-8,
S0,1957,9-14,
S0,1957,0-17,
S0,1957,18-29,
S0,1957,30-65,
S0,1957,66+,
S0,1957,15-26,
S0,1957,27-45,
S0,1957,46-65,
S0,1958,00-04,33214849.0
S0,1958,05-09,25603183.0
S0,1958,10-14,20627903.0
S0,1958,15-19,18763671.0
S0,1958,20-24,17411675.0
S0,1958,25-29,15270897.0
S0,1958,30-34,13246627.0
S0,1958,35-39,11629794.0
S0,1958,40-44,10174631.0
S0,1958,45-49,8909641.0
S0,1958,50-54,7233004.0
S0,1958,55-59,5853747.0
S0,1958,60-64,4375402.999999999
S0,1958,65-69,3107562.0
S0,1958,70-74,2030808.0
S0,1958,75+,1668364.0000000005
S0,1958,0-8,
S0,1958,9-14,
S0,1958,0-17,
S0,1958,18-29,
S0,1958,30-65,
S0,1958,66+,
S0,1958,15-26,
S0,1958,27-45,
S0,1958,46-65,
S0,1959,00-04,33952724.0
S0,1959,05-09,26918711.0
S0,1959,10-14,21043471.0
S0,1959,15-19,18872035.0
S0,1959,20-24,17707558.0
S0,1959,25-29,15613291.0
S0,1959,30-34,13514564.0
S0,1959,35-39,11814255.0
S0,1959,40-44,10368557.0
S0,1959,45-49,9015713.0
S0,1959,50-54,7556608.0
S0,1959,55-59,5848856.0
S0,1959,60-64,4692302.0
S0,1959,65-69,3031785.0
S0,1959,70-74,2223949.0
S0,1959,75+,1670413.999999999
S0,1959,0-8,
S0,1959,9-14,
S0,1959,0-17,
S0,1959,18-29,
S0,1959,30-65,
S0,1959,66+,
S0,1959,15-26,
S0,1959,27-45,
S0,1959,46-65,
S0,1960,00-04,34631906.0
S0,1960,05-09,27858851.0
S0,1960,10-14,21935770.0
S0,1960,15-19,19073866.0
S0,1960,20-24,17914180.0
S0,1960,25-29,15932621.0
S0,1960,30-34,13793116.0
S0,1960,35-39,12011481.0
S0,1960,40-44,10550521.0
S0,1960,45-49,9146388.0
S0,1960,50-54,7814592.000000001
S0,1960,55-59,5937282.0
S0,1960,60-64,4909045.999999999
S0,1960,65-69,3064597.0
S0,1960,70-74,2332625.0
S0,1960,75+,1714862.0
S0,1960,0-8,
S0,1960,9-14,
S0,1960,0-17,
S0,1960,18-29,
S0,1960,30-65,
S0,1960,66+,
S0,1960,15-26,
S0,1960,27-45,
S0,1960,46-65,
S0,1961,00-04,35340956.00000001
S0,1961,05-09,28752303.0
S0,1961,10-14,22924841.0
S0,1961,15-19,19372038.0
S0,1961,20-24,18080275.0
S0,1961,25-29,16232733.0
S0,1961,30-34,14087363.0
S0,1961,35-39,12225963.0
S0,1961,40-44,10731345.0
S0,1961,45-49,9291059.000000002
S0,1961,50-54,8033222.0
S0,1961,55-59,6083420.999999998
S0,1961,60-64,5068401.0
S0,1961,65-69,3161224.0
S0,1961,70-74,2394427.0
S0,1961,75+,1783886.0
S0,1961,0-8,
S0,1961,9-14,
S0,1961,0-17,
S0,1961,18-29,
S0,1961,30-65,
S0,1961,66+,
S0,1961,15-26,
S0,1961,27-45,
S0,1961,46-65,
S0,1962,00-04,36048691.07843883
S0,1962,05-09,29612463.44202548
S0,1962,10-14,23983777.971998535
S0,1962,15-19,19750181.69399006
S0,1962,20-24,18198651.01410403
S0,1962,25-29,16556574.72466346
S0,1962,30-34,14404404.159537662
S0,1962,35-39,12457641.43858278
S0,1962,40-44,10910648.70398904
S0,1962,45-49,9456595.251280127
S0,1962,50-54,8199762.007092219
S0,1962,55-59,6310897.4218746
S0,1962,60-64,5135570.21579227
S0,1962,65-69,3349559.020222574
S0,1962,70-74,2388358.951839113
S0,1962,75+,1886771.603399818
S0,1962,0-8,
S0,1962,9-14,
S0,1962,0-17,
S0,1962,18-29,
S0,1962,30-65,
S0,1962,66+,
S0,1962,15-26,
S0,1962,27-45,
S0,1962,46-65,
S0,1963,00-04,36742353.67898943
S0,1963,05-09,30420290.24670928
S0,1963,10-14,25142957.13862794
S0,1963,15-19,20143766.90925426
S0,1963,20-24,18260699.64140507
S0,1963,25-29,16865937.95291168
S0,1963,30-34,14716079.62644846
S0,1963,35-39,12692224.42400993
S0,1963,40-44,11081167.69293476
S0,1963,45-49,9640427.012766916
S0,1963,50-54,8314622.894059751
S0,1963,55-59,6591905.404895756
S0,1963,60-64,5140464.667462206
S0,1963,65-69,3611989.0194478715
S0,1963,70-74,2325054.244882902
S0,1963,75+,2014327.1146230414
S0,1963,0-8,
S0,1963,9-14,
S0,1963,0-17,
S0,1963,18-29,
S0,1963,30-65,
S0,1963,66+,
S0,1963,15-26,
S0,1963,27-45,
S0,1963,46-65,
S0,1964,00-04,37449887.54392512
S0,1964,05-09,31159665.585003987
S0,1964,10-14,26442095.01908411
S0,1964,15-19,20516674.38674956
S0,1964,20-24,18358125.1286619
S0,1964,25-29,17153349.80158377
S0,1964,30-34,15034420.027270209
S0,1964,35-39,12945808.916565903
S0,1964,40-44,11260176.71999246
S0,1964,45-49,9836334.71417207
S0,1964,50-54,8415399.411627134
S0,1964,55-59,6876525.860216473
S0,1964,60-64,5149580.562893596
S0,1964,65-69,3870121.609543537
S0,1964,70-74,2272859.085441827
S0,1964,75+,2137230.994338724
S0,1964,0-8,
S0,1964,9-14,
S0,1964,0-17,
S0,1964,18-29,
S0,1964,30-65,
S0,1964,66+,
S0,1964,15-26,
S0,1964,27-45,
S0,1964,46-65,
S0,1965,00-04,38159591.10904095
S0,1965,05-09,31841680.9184351
S0,1965,10-14,27371690.37337083
S0,1965,15-19,21336235.381941564
S0,1965,20-24,18542736.71724906
S0,1965,25-29,17359844.75029397
S0,1965,30-34,15331345.90985531
S0,1965,35-39,13211726.71093914
S0,1965,40-44,11453789.591653258
S0,1965,45-49,10025835.65813167
S0,1965,50-54,8538257.76381451
S0,1965,55-59,7094132.083637696
S0,1965,60-64,5243618.527608255
S0,1965,65-69,4040366.456135126
S0,1965,70-74,2302736.751105186
S0,1965,75+,2225010.6322815698
S0,1965,0-8,
S0,1965,9-14,
S0,1965,0-17,
S0,1965,18-29,
S0,1965,30-65,
S0,1965,66+,
S0,1965,15-26,
S0,1965,27-45,
S0,1965,46-65,
S0,1966,00-04,38640238.24116164
S0,1966,05-09,32520625.45595079
S0,1966,10-14,28242759.87441434
S0,1966,15-19,22224835.935937434
S0,1966,20-24,18808865.40179133
S0,1966,25-29,17517685.84254968
S0,1966,30-34,15596446.80749581
S0,1966,35-39,13483742.31472098
S0,1966,40-44,11657609.26613546
S0,1966,45-49,10211785.32604277
S0,1966,50-54,8666212.400531916
S0,1966,55-59,7261211.105162537
S0,1966,60-64,5383736.540686164
S0,1966,65-69,4150540.265010537
S0,1966,70-74,2373963.679061627
S0,1966,75+,2285277.4276648094
S0,1966,0-8,
S0,1966,9-14,
S0,1966,0-17,
S0,1966,18-29,
S0,1966,30-65,
S0,1966,66+,
S0,1966,15-26,
S0,1966,27-45,
S0,1966,46-65,
S0,1967,00-04,39043496.30222145
S0,1967,05-09,33207907.64728856
S0,1967,10-14,29075955.6178931
S0,1967,15-19,23151285.320758924
S0,1967,20-24,19134626.68263458
S0,1967,25-29,17604076.92817036
S0,1967,30-34,15857121.21593007
S0,1967,35-39,13762965.04619779
S0,1967,40-44,11869554.385952748
S0,1967,45-49,10394524.572284
S0,1967,50-54,8807447.734003622
S0,1967,55-59,7372584.799357754
S0,1967,60-64,5598927.133600639
S0,1967,65-69,4179579.7679370884
S0,1967,70-74,2512361.773273564
S0,1967,75+,2320395.282986428
S0,1967,0-8,
S0,1967,9-14,
S0,1967,0-17,
S0,1967,18-29,
S0,1967,30-65,
S0,1967,66+,
S0,1967,15-26,
S0,1967,27-45,
S0,1967,46-65,
S0,1968,00-04,39401283.7853997
S0,1968,05-09,33915873.88550868
S0,1968,10-14,29860745.78478823
S0,1968,15-19,24180867.74942991
S0,1968,20-24,19542629.263384
S0,1968,25-29,17697482.53422804
S0,1968,30-34,16143198.53755858
S0,1968,35-39,14070364.79068618
S0,1968,40-44,12106315.17250535
S0,1968,45-49,10585597.98946753
S0,1968,50-54,8969150.662053607
S0,1968,55-59,7436778.226485093
S0,1968,60-64,5871540.452025494
S0,1968,65-69,4155175.288358379
S0,1968,70-74,2704425.115770223
S0,1968,75+,2333093.5790967937
S0,1968,0-8,
S0,1968,9-14,
S0,1968,0-17,
S0,1968,18-29,
S0,1968,30-65,
S0,1968,66+,
S0,1968,15-26,
S0,1968,27-45,
S0,1968,46-65,
S0,1969,00-04,39840056.97194759
S0,1969,05-09,34665878.14403079
S0,1969,10-14,30574695.96376212
S0,1969,15-19,25289177.06681523
S0,1969,20-24,19882105.58786231
S0,1969,25-29,17767243.7789714
S0,1969,30-34,16357814.65139089
S0,1969,35-39,14358471.65688546
S0,1969,40-44,12346904.10988682
S0,1969,45-49,10780291.34821535
S0,1969,50-54,9134807.613228245
S0,1969,55-59,7484508.081520477
S0,1969,60-64,6158643.292676582
S0,1969,65-69,4134981.338485821
S0,1969,70-74,2896257.359574419
S0,1969,75+,2358726.4882446714
S0,1969,0-8,
S0,1969,9-14,
S0,1969,0-17,
S0,1969,18-29,
S0,1969,30-65,
S0,1969,66+,
S0,1969,15-26,
S0,1969,27-45,
S0,1969,46-65,
S0,1970,00-04,40223284.04614208
S0,1970,05-09,35433301.2569943
S0,1970,10-14,31231326.12777981
S0,1970,15-19,26037155.90552492
S0,1970,20-24,20694996.35293745
S0,1970,25-29,17945527.0624898
S0,1970,30-34,16503976.81892124
S0,1970,35-39,14638977.98823146
S0,1970,40-44,12608049.25084291
S0,1970,45-49,10997041.025324598
S0,1970,50-54,9292639.327137345
S0,1970,55-59,7548701.150406871
S0,1970,60-64,6395518.623281151
S0,1970,65-69,4178951.378345416
S0,1970,70-74,3022737.53501222
S0,1970,75+,2417727.424822233
S0,1970,0-8,
S0,1970,9-14,
S0,1970,0-17,
S0,1970,18-29,
S0,1970,30-65,
S0,1970,66+,
S0,1970,15-26,
S0,1970,27-45,
S0,1970,46-65,
S0,1971,00-04,40652908.60904939
S0,1971,05-09,36146717.10279015
S0,1971,10-14,31913784.53254374
S0,1971,15-19,26769175.52513341
S0,1971,20-24,21681172.41166079
S0,1971,25-29,18289929.21950043
S0,1971,30-34,16658476.307778697
S0,1971,35-39,14933227.043475978
S0,1971,40-44,12905345.84272534
S0,1971,45-49,11247221.35349189
S0,1971,50-54,9457124.557483723
S0,1971,55-59,7624279.092430008
S0,1971,60-64,6606036.082566848
S0,1971,65-69,4262563.519862787
S0,1971,70-74,3112838.727542961
S0,1971,75+,2496938.976700645
S0,1971,0-8,
S0,1971,9-14,
S0,1971,0-17,
S0,1971,18-29,
S0,1971,30-65,
S0,1971,66+,
S0,1971,15-26,
S0,1971,27-45,
S0,1971,46-65,
S0,1972,00-04,41103800.35189689
S0,1972,05-09,36837739.45741812
S0,1972,10-14,32591017.915250666
S0,1972,15-19,27398477.995016545
S0,1972,20-24,22651936.588993475
S0,1972,25-29,18640744.35498422
S0,1972,30-34,16703803.65197907
S0,1972,35-39,15203281.56043484
S0,1972,40-44,13196973.76611054
S0,1972,45-49,11499296.13387575
S0,1972,50-54,9608448.957822481
S0,1972,55-59,7704099.297552317
S0,1972,60-64,6772984.98912208
S0,1972,65-69,4397923.431111789
S0,1972,70-74,3145957.187438638
S0,1972,75+,2606530.1090639993
S0,1972,0-8,
S0,1972,9-14,
S0,1972,0-17,
S0,1972,18-29,
S0,1972,30-65,
S0,1972,66+,
S0,1972,15-26,
S0,1972,27-45,
S0,1972,46-65,
S0,1973,00-04,41533666.40214451
S0,1973,05-09,37549339.20178058
S0,1973,10-14,33292482.799874872
S0,1973,15-19,28000670.44621785
S0,1973,20-24,23787639.45821768
S0,1973,25-29,19100093.77823553
S0,1973,30-34,16761163.83189622
S0,1973,35-39,15505119.68361227
S0,1973,40-44,13519992.944877442
S0,1973,45-49,11780335.81809274
S0,1973,50-54,9764801.720613847
S0,1973,55-59,7799845.397191834
S0,1973,60-64,6907395.640222812
S0,1973,65-69,4573045.544755243
S0,1973,70-74,3145018.923376402
S0,1973,75+,2739333.2231780547
S0,1973,0-8,
S0,1973,9-14,
S0,1973,0-17,
S0,1973,18-29,
S0,1973,30-65,
S0,1973,66+,
S0,1973,15-26,
S0,1973,27-45,
S0,1973,46-65,
S0,1974,00-04,41963510.15384698
S0,1974,05-09,38292137.10316781
S0,1974,10-14,34015213.38442791
S0,1974,15-19,28504370.82597759
S0,1974,20-24,25033604.108169645
S0,1974,25-29,19535725.70615627
S0,1974,30-34,16831059.4932156
S0,1974,35-39,15768292.32618806
S0,1974,40-44,13843139.97033866
S0,1974,45-49,12077616.03780019
S0,1974,50-54,9924868.892626578
S0,1974,55-59,7897164.800637681
S0,1974,60-64,7033852.437549105
S0,1974,65-69,4750125.591240016
S0,1974,70-74,3149617.276142332
S0,1974,75+,2875435.0006616744
S0,1974,0-8,
S0,1974,9-14,
S0,1974,0-17,
S0,1974,18-29,
S0,1974,30-65,
S0,1974,66+,
S0,1974,15-26,
S0,1974,27-45,
S0,1974,46-65,
S0,1975,00-04,42449772.02718985
S0,1975,05-09,39029588.97041668
S0,1975,10-14,34759888.7255011
S0,1975,15-19,28968630.64584916
S0,1975,20-24,25985120.46838872
S0,1975,25-29,20485361.2738971
S0,1975,30-34,17029257.65383154
S0,1975,35-39,15986756.565681309
S0,1975,40-44,14173404.791232921
S0,1975,45-49,12406839.11460932
S0,1975,50-54,10108034.96388168
S0,1975,55-59,7990761.609374117
S0,1975,60-64,7188681.628768248
S0,1975,65-69,4886933.394688602
S0,1975,70-74,3210789.77838514
S0,1975,75+,2994949.724725446
S0,1975,0-8,
S0,1975,9-14,
S0,1975,0-17,
S0,1975,18-29,
S0,1975,30-65,
S0,1975,66+,
S0,1975,15-26,
S0,1975,27-45,
S0,1975,46-65,
S0,1976,00-04,42859536.65368631
S0,1976,05-09,39829863.6899011
S0,1976,10-14,35439954.126319
S0,1976,15-19,29434844.97486167
S0,1976,20-24,26897860.0798333
S0,1976,25-29,21545621.26849646
S0,1976,30-34,17321589.03136518
S0,1976,35-39,16171594.40479342
S0,1976,40-44,14489759.35088846
S0,1976,45-49,12755995.50154577
S0,1976,50-54,10308198.39586606
S0,1976,55-59,8083705.139359787
S0,1976,60-64,7359396.384117177
S0,1976,65-69,4998609.824314555
S0,1976,70-74,3306211.1106340224
S0,1976,75+,3106872.0234239837
S0,1976,0-8,
S0,1976,9-14,
S0,1976,0-17,
S0,1976,18-29,
S0,1976,30-65,
S0,1976,66+,
S0,1976,15-26,
S0,1976,27-45,
S0,1976,46-65,
S0,1977,00-04,43281003.186984524
S0,1977,05-09,40705516.40771893
S0,1977,10-14,36105711.11162455
S0,1977,15-19,29890011.790996388
S0,1977,20-24,27764780.04209098
S0,1977,25-29,22674729.685727105
S0,1977,30-34,17686679.93631513
S0,1977,35-39,16303583.22148989
S0,1977,40-44,14818789.376033008
S0,1977,45-49,13125169.82539332
S0,1977,50-54,10521452.2320575
S0,1977,55-59,8174169.586987307
S0,1977,60-64,7548396.24186105
S0,1977,65-69,5078726.39328256
S0,1977,70-74,3447614.186840062
S0,1977,75+,3204107.2127593174
S0,1977,0-8,
S0,1977,9-14,
S0,1977,0-17,
S0,1977,18-29,
S0,1977,30-65,
S0,1977,66+,
S0,1977,15-26,
S0,1977,27-45,
S0,1977,46-65,
S0,1978,00-04,43621942.55182777
S0,1978,05-09,41592847.27055182
S0,1978,10-14,36786606.26649687
S0,1978,15-19,30362423.03528946
S0,1978,20-24,28600762.38496818
S0,1978,25-29,23935655.21775227
S0,1978,30-34,18114391.34545304
S0,1978,35-39,16421431.7630453
S0,1978,40-44,15162393.97842724
S0,1978,45-49,13516415.72784586
S0,1978,50-54,10752238.8655262
S0,1978,55-59,8266315.501250257
S0,1978,60-64,7757655.143592278
S0,1978,65-69,5131763.591696717
S0,1978,70-74,3621546.374509905
S0,1978,75+,3294019.6846646615
S0,1978,0-8,
S0,1978,9-14,
S0,1978,0-17,
S0,1978,18-29,
S0,1978,30-65,
S0,1978,66+,
S0,1978,15-26,
S0,1978,27-45,
S0,1978,46-65,
S0,1979,00-04,43908899.640570074
S0,1979,05-09,42514140.55875047
S0,1979,10-14,37493364.4819444
S0,1979,15-19,30821603.961267255
S0,1979,20-24,29307954.95516092
S0,1979,25-29,25286905.373669855
S0,1979,30-34,18502938.07078817
S0,1979,35-39,16545004.41136659
S0,1979,40-44,15465379.53573801
S0,1979,45-49,13907479.540116
S0,1979,50-54,10994638.64082383
S0,1979,55-59,8362568.819286676
S0,1979,60-64,7974112.132301649
S0,1979,65-69,5177145.720288037
S0,1979,70-74,3798386.827220795
S0,1979,75+,3388047.344648842
S0,1979,0-8,
S0,1979,9-14,
S0,1979,0-17,
S0,1979,18-29,
S0,1979,30-65,
S0,1979,66+,
S0,1979,15-26,
S0,1979,27-45,
S0,1979,46-65,
S0,1980,00-04,44275809.7072926
S0,1980,05-09,43510641.47734979
S0,1980,10-14,38197163.43234722
S0,1980,15-19,31332052.10467919
S0,1980,20-24,30023790.98690074
S0,1980,25-29,26361386.11093729
S0,1980,30-34,19372832.76989682
S0,1980,35-39,16792433.89463427
S0,1980,40-44,15723154.63653627
S0,1980,45-49,14305713.78933075
S0,1980,50-54,11263725.83253258
S0,1980,55-59,8479881.285101779
S0,1980,60-64,8191596.13800936
S0,1980,65-69,5241550.515410047
S0,1980,70-74,3943252.1143047875
S0,1980,75+,3503462.2694775513
S0,1980,0-8,
S0,1980,9-14,
S0,1980,0-17,
S0,1980,18-29,
S0,1980,30-65,
S0,1980,66+,
S0,1980,15-26,
S0,1980,27-45,
S0,1980,46-65,
S0,1981,00-04,44815916.40205983
S0,1981,05-09,44452880.76128556
S0,1981,10-14,38955043.31507978
S0,1981,15-19,31762525.26373774
S0,1981,20-24,30711730.555245273
S0,1981,25-29,27360522.21380649
S0,1981,30-34,20313317.27399172
S0,1981,35-39,17113010.93801041
S0,1981,40-44,15935190.979688339
S0,1981,45-49,14682100.0490903
S0,1981,50-54,11544575.995809048
S0,1981,55-59,8611069.26024922
S0,1981,60-64,8410208.917241193
S0,1981,65-69,5315148.799005287
S0,1981,70-74,4067904.645787826
S0,1981,75+,3632160.5221014484
S0,1981,0-8,
S0,1981,9-14,
S0,1981,0-17,
S0,1981,18-29,
S0,1981,30-65,
S0,1981,66+,
S0,1981,15-26,
S0,1981,27-45,
S0,1981,46-65,
S0,1982,00-04,45340247.43158974
S0,1982,05-09,45417531.26712465
S0,1982,10-14,39786058.00843586
S0,1982,15-19,32181656.4684953
S0,1982,20-24,31393473.37947762
S0,1982,25-29,28316626.55597598
S0,1982,30-34,21316281.28947878
S0,1982,35-39,17507375.43598459
S0,1982,40-44,16096084.054191872
S0,1982,45-49,15071884.22340885
S0,1982,50-54,11842752.10139432
S0,1982,55-59,8756173.98700299
S0,1982,60-64,8629199.259728463
S0,1982,65-69,5401553.979273065
S0,1982,70-74,4168105.285956766
S0,1982,75+,3777492.088705702
S0,1982,0-8,
S0,1982,9-14,
S0,1982,0-17,
S0,1982,18-29,
S0,1982,30-65,
S0,1982,66+,
S0,1982,15-26,
S0,1982,27-45,
S0,1982,46-65,
S0,1983,00-04,45964727.11129235
S0,1983,05-09,46310437.12817028
S0,1983,10-14,40627017.88724476
S0,1983,15-19,32620406.98581068
S0,1983,20-24,32086047.20998921
S0,1983,25-29,29217634.04318566
S0,1983,30-34,22417248.972026102
S0,1983,35-39,17947840.65791045
S0,1983,40-44,16231519.7159522
S0,1983,45-49,15468318.68634043
S0,1983,50-54,12155776.292156741
S0,1983,55-59,8916795.772057971
S0,1983,60-64,8850006.514842963
S0,1983,65-69,5502141.742283492
S0,1983,70-74,4246875.279587688
S0,1983,75+,3937167.0079406695
S0,1983,0-8,
S0,1983,9-14,
S0,1983,0-17,
S0,1983,18-29,
S0,1983,30-65,
S0,1983,66+,
S0,1983,15-26,
S0,1983,27-45,
S0,1983,46-65,
S0,1984,00-04,46662956.62114475
S0,1984,05-09,47159757.22664586
S0,1984,10-14,41508307.45595043
S0,1984,15-19,33105169.07023377
S0,1984,20-24,32812293.43684782
S0,1984,25-29,30051976.09404952
S0,1984,30-34,23653778.20899374
S0,1984,35-39,18388788.34939429
S0,1984,40-44,16397138.06553469
S0,1984,45-49,15838065.48787947
S0,1984,50-54,12477651.9632584
S0,1984,55-59,9095866.734896982
S0,1984,60-64,9079450.641694538
S0,1984,65-69,5611250.537698261
S0,1984,70-74,4321831.499884742
S0,1984,75+,4100927.8675779803
S0,1984,0-8,
S0,1984,9-14,
S0,1984,0-17,
S0,1984,18-29,
S0,1984,30-65,
S0,1984,66+,
S0,1984,15-26,
S0,1984,27-45,
S0,1984,46-65,
S0,1985,00-04,47389179.42311455
S0,1985,05-09,48064102.576284245
S0,1985,10-14,42453222.99103455
S0,1985,15-19,33585078.21570624
S0,1985,20-24,33541897.30552709
S0,1985,25-29,30810660.94158361
S0,1985,30-34,24561793.72346206
S0,1985,35-39,19258043.07449055
S0,1985,40-44,16650502.69386735
S0,1985,45-49,16135533.58116871
S0,1985,50-54,12792639.843151622
S0,1985,55-59,9293677.946022175
S0,1985,60-64,9325006.255246747
S0,1985,65-69,5720792.516679725
S0,1985,70-74,4411778.569819326
S0,1985,75+,4258401.25896079
S0,1985,0-8,
S0,1985,9-14,
S0,1985,0-17,
S0,1985,18-29,
S0,1985,30-65,
S0,1985,66+,
S0,1985,15-26,
S0,1985,27-45,
S0,1985,46-65,
S0,1986,00-04,48020616.12654305
S0,1986,05-09,49156253.15486221
S0,1986,10-14,43350086.21776895
S0,1986,15-19,34131417.6691298
S0,1986,20-24,34207367.61809158
S0,1986,25-29,31572481.37348777
S0,1986,30-34,25429114.76379448
S0,1986,35-39,20219966.47517628
S0,1986,40-44,16988866.2169768
S0,1986,45-49,16390600.18037488
S0,1986,50-54,13093503.95085942
S0,1986,55-59,9508312.517930942
S0,1986,60-64,9585601.510868326
S0,1986,65-69,5835750.345964319
S0,1986,70-74,4511297.82022315
S0,1986,75+,4414215.074295041
S0,1986,0-8,
S0,1986,9-14,
S0,1986,0-17,
S0,1986,18-29,
S0,1986,30-65,
S0,1986,66+,
S0,1986,15-26,
S0,1986,27-45,
S0,1986,46-65,
S0,1987,00-04,48723584.33365773
S0,1987,05-09,50222385.09059669
S0,1987,10-14,44268720.408894554
S0,1987,15-19,34754522.5293975
S0,1987,20-24,34852018.35296153
S0,1987,25-29,32322715.14350471
S0,1987,30-34,26259393.67227132
S0,1987,35-39,21246609.85288696
S0,1987,40-44,17399924.5196317
S0,1987,45-49,16588324.82646624
S0,1987,50-54,13407501.10960013
S0,1987,55-59,9741852.159940869
S0,1987,60-64,9857521.579957856
S0,1987,65-69,5955332.087335234
S0,1987,70-74,4622467.33412093
S0,1987,75+,4568844.766034533
S0,1987,0-8,
S0,1987,9-14,
S0,1987,0-17,
S0,1987,18-29,
S0,1987,30-65,
S0,1987,66+,
S0,1987,15-26,
S0,1987,27-45,
S0,1987,46-65,
S0,1988,00-04,49320793.35590291
S0,1988,05-09,51385753.77075467
S0,1988,10-14,45119983.07076252
S0,1988,15-19,35407348.5894935
S0,1988,20-24,35513458.74095131
S0,1988,25-29,33080084.85721346
S0,1988,30-34,27042981.84948834
S0,1988,35-39,22372839.77563474
S0,1988,40-44,17855833.14696482
S0,1988,45-49,16754334.23484777
S0,1988,50-54,13728967.27910265
S0,1988,55-59,9992602.752070501
S0,1988,60-64,10141084.69554002
S0,1988,65-69,6081307.287563319
S0,1988,70-74,4746051.706364312
S0,1988,75+,4723202.523523244
S0,1988,0-8,
S0,1988,9-14,
S0,1988,0-17,
S0,1988,18-29,
S0,1988,30-65,
S0,1988,66+,
S0,1988,15-26,
S0,1988,27-45,
S0,1988,46-65,
S0,1989,00-04,49879148.15397026
S0,1989,05-09,52606011.43728559
S0,1989,10-14,45929376.11372805
S0,1989,15-19,36117839.38422321
S0,1989,20-24,36213294.64046412
S0,1989,25-29,33856786.1912923
S0,1989,30-34,27761154.77075009
S0,1989,35-39,23628844.43622261
S0,1989,40-44,18306223.84735437
S0,1989,45-49,16942375.24279629
S0,1989,50-54,14026884.796860531
S0,1989,55-59,10255125.75127219
S0,1989,60-64,10437428.54510708
S0,1989,65-69,6218605.970960135
S0,1989,70-74,4876609.118861367
S0,1989,75+,4881805.431238491
S0,1989,0-8,
S0,1989,9-14,
S0,1989,0-17,
S0,1989,18-29,
S0,1989,30-65,
S0,1989,66+,
S0,1989,15-26,
S0,1989,27-45,
S0,1989,46-65,
S0,1990,00-04,50365911.47632803
S0,1990,05-09,53830884.5330757
S0,1990,10-14,46796252.11268078
S0,1990,15-19,36913084.01760419
S0,1990,20-24,36911937.3205116
S0,1990,25-29,34647610.97618053
S0,1990,30-34,28428813.022111066
S0,1990,35-39,24566193.52228581
S0,1990,40-44,19188867.55573169
S0,1990,45-49,17218658.11929964
S0,1990,50-54,14265570.68217397
S0,1990,55-59,10519293.04441872
S0,1990,60-64,10747339.46613336
S0,1990,65-69,6373749.402823117
S0,1990,70-74,5007385.183144119
S0,1990,75+,5049763.230129083
S0,1990,0-8,
S0,1990,9-14,
S0,1990,0-17,
S0,1990,18-29,
S0,1990,30-65,
S0,1990,66+,
S0,1990,15-26,
S0,1990,27-45,
S0,1990,46-65,
S0,1991,00-04,50800389.12571543
S0,1991,05-09,54916999.19297457
S0,1991,10-14,47849949.88984609
S0,1991,15-19,37696463.2536324
S0,1991,20-24,37682297.58937611
S0,1991,25-29,35377623.03918342
S0,1991,30-34,29116595.11849662
S0,1991,35-39,25468791.17964144
S0,1991,40-44,20166842.40692784
S0,1991,45-49,17579115.71624887
S0,1991,50-54,14471972.29146443
S0,1991,55-59,10779251.96626601
S0,1991,60-64,11066559.57805028
S0,1991,65-69,6546283.249621574
S0,1991,70-74,5141879.556398386
S0,1991,75+,5226195.229034591
S0,1991,0-8,
S0,1991,9-14,
S0,1991,0-17,
S0,1991,18-29,
S0,1991,30-65,
S0,1991,66+,
S0,1991,15-26,
S0,1991,27-45,
S0,1991,46-65,
S0,1992,00-04,51111072.8151252
S0,1992,05-09,56208787.31665543
S0,1992,10-14,49104893.66244146
S0,1992,15-19,38497294.39473035
S0,1992,20-24,38118706.63934564
S0,1992,25-29,35950076.93780176
S0,1992,30-34,29989937.93949777
S0,1992,35-39,26589087.83868481
S0,1992,40-44,20776426.68128651
S0,1992,45-49,17590924.83002295
S0,1992,50-54,14477605.21444774
S0,1992,55-59,11262670.87787751
S0,1992,60-64,11363786.222030338
S0,1992,65-69,6887243.181406069
S0,1992,70-74,5327782.942408288
S0,1992,75+,5425903.578522383
S0,1992,0-8,
S0,1992,9-14,
S0,1992,0-17,
S0,1992,18-29,
S0,1992,30-65,
S0,1992,66+,
S0,1992,15-26,
S0,1992,27-45,
S0,1992,46-65,
S0,1993,00-04,51440194.03965078
S0,1993,05-09,57321309.72084576
S0,1993,10-14,50468642.41014414
S0,1993,15-19,39252458.37317919
S0,1993,20-24,38595605.59019178
S0,1993,25-29,36549680.87850736
S0,1993,30-34,30875061.59446314
S0,1993,35-39,27677318.30744659
S0,1993,40-44,21492402.84541942
S0,1993,45-49,17659323.11083116
S0,1993,50-54,14464811.79180174
S0,1993,55-59,11745494.83909375
S0,1993,60-64,11679635.55895657
S0,1993,65-69,7246632.52273892
S0,1993,70-74,5516960.636139339
S0,1993,75+,5633105.172140433
S0,1993,0-8,
S0,1993,9-14,
S0,1993,0-17,
S0,1993,18-29,
S0,1993,30-65,
S0,1993,66+,
S0,1993,15-26,
S0,1993,27-45,
S0,1993,46-65,
S0,1994,00-04,51687260.55601648
S0,1994,05-09,58311375.85955554
S0,1994,10-14,51893732.59802648
S0,1994,15-19,39970778.02553654
S0,1994,20-24,39121189.11407176
S0,1994,25-29,37174662.66304328
S0,1994,30-34,31765969.961625867
S0,1994,35-39,28695182.72778575
S0,1994,40-44,22337203.47393125
S0,1994,45-49,17734347.85612701
S0,1994,50-54,14478247.30019885
S0,1994,55-59,12196163.30056573
S0,1994,60-64,12004939.63379116
S0,1994,65-69,7623480.780194109
S0,1994,70-74,5711514.022318415
S0,1994,75+,5845971.282043915
S0,1994,0-8,
S0,1994,9-14,
S0,1994,0-17,
S0,1994,18-29,
S0,1994,30-65,
S0,1994,66+,
S0,1994,15-26,
S0,1994,27-45,
S0,1994,46-65,
S0,1995,00-04,51909162.18212253
S0,1995,05-09,59133460.10375562
S0,1995,10-14,53319931.6302177
S0,1995,15-19,40722042.4370679
S0,1995,20-24,39691328.37284953
S0,1995,25-29,37745024.12101272
S0,1995,30-34,32627774.13309712
S0,1995,35-39,29629143.00636861
S0,1995,40-44,22883581.57684432
S0,1995,45-49,18232924.41337213
S0,1995,50-54,14569370.28498646
S0,1995,55-59,12576464.77770451
S0,1995,60-64,12324781.15763707
S0,1995,65-69,8016509.263251629
S0,1995,70-74,5915694.828644405
S0,1995,75+,6062983.048088656
S0,1995,0-8,
S0,1995,9-14,
S0,1995,0-17,
S0,1995,18-29,
S0,1995,30-65,
S0,1995,66+,
S0,1995,15-26,
S0,1995,27-45,
S0,1995,46-65,
S0,1996,00-04,52151948.09132299
S0,1996,05-09,59819952.52797963
S0,1996,10-14,54610181.08283973
S0,1996,15-19,41658570.70062476
S0,1996,20-24,40273946.98543677
S0,1996,25-29,38400301.35105653
S0,1996,30-34,33432097.86945653
S0,1996,35-39,30573812.99988956
S0,1996,40-44,23428093.904749855
S0,1996,45-49,18836754.9371164
S0,1996,50-54,14740677.86594876
S0,1996,55-59,12910397.18676392
S0,1996,60-64,12634501.23593948
S0,1996,65-69,8423242.167993955
S0,1996,70-74,6128522.980527765
S0,1996,75+,6285436.4570026165
S0,1996,0-8,
S0,1996,9-14,
S0,1996,0-17,
S0,1996,18-29,
S0,1996,30-65,
S0,1996,66+,
S0,1996,15-26,
S0,1996,27-45,
S0,1996,46-65,
S0,1997,00-04,52380639.35640291
S0,1997,05-09,60313644.29098935
S0,1997,10-14,55931448.50836958
S0,1997,15-19,42583061.19523916
S0,1997,20-24,40913240.118819
S0,1997,25-29,39127422.82647088
S0,1997,30-34,34208121.33789005
S0,1997,35-39,31503539.721484624
S0,1997,40-44,23977877.43979651
S0,1997,45-49,19524922.97456227
S0,1997,50-54,14979961.81454994
S0,1997,55-59,13184516.49337927
S0,1997,60-64,12960749.25584752
S0,1997,65-69,8842349.349949688
S0,1997,70-74,6346897.441877594
S0,1997,75+,6513435.840574821
S0,1997,0-8,
S0,1997,9-14,
S0,1997,0-17,
S0,1997,18-29,
S0,1997,30-65,
S0,1997,66+,
S0,1997,15-26,
S0,1997,27-45,
S0,1997,46-65,
S0,1998,00-04,52609312.70021486
S0,1998,05-09,60801610.67075507
S0,1998,10-14,57079521.800128385
S0,1998,15-19,43598770.28133605
S0,1998,20-24,41530469.9598246
S0,1998,25-29,39862468.50166578
S0,1998,30-34,34978319.66826436
S0,1998,35-39,32417895.92065843
S0,1998,40-44,24523132.90104894
S0,1998,45-49,20333720.82442078
S0,1998,50-54,15260163.70851906
S0,1998,55-59,13416076.87133551
S0,1998,60-64,13296704.83033187
S0,1998,65-69,9268873.642956704
S0,1998,70-74,6570582.965866424
S0,1998,75+,6748055.171050485
S0,1998,0-8,
S0,1998,9-14,
S0,1998,0-17,
S0,1998,18-29,
S0,1998,30-65,
S0,1998,66+,
S0,1998,15-26,
S0,1998,27-45,
S0,1998,46-65,
S0,1999,00-04,52876861.45662319
S0,1999,05-09,61174757.39067586
S0,1999,10-14,58104968.09326066
S0,1999,15-19,44669519.94720201
S0,1999,20-24,42153846.241710395
S0,1999,25-29,40631606.57515389
S0,1999,30-34,35758782.35562161
S0,1999,35-39,33317987.614987165
S0,1999,40-44,25051371.57676536
S0,1999,45-49,21299665.50107131
S0,1999,50-54,15538221.036279682
S0,1999,55-59,13646462.29141409
S0,1999,60-64,13611337.302814297
S0,1999,65-69,9694499.56042177
S0,1999,70-74,6800297.652993212
S0,1999,75+,6991901.861860247
S0,1999,0-8,
S0,1999,9-14,
S0,1999,0-17,
S0,1999,18-29,
S0,1999,30-65,
S0,1999,66+,
S0,1999,15-26,
S0,1999,27-45,
S0,1999,46-65,
S0,2000,00-04,53143624.22265325
S0,2000,05-09,61509426.82305296
S0,2000,10-14,58956280.095843956
S0,2000,15-19,45745751.63705455
S0,2000,20-24,42872238.82643045
S0,2000,25-29,41451707.03648895
S0,2000,30-34,36496718.19057383
S0,2000,35-39,34180132.50607134
S0,2000,40-44,25576241.112236522
S0,2000,45-49,22033204.18431752
S0,2000,50-54,16186146.14927086
S0,2000,55-59,13926139.823940393
S0,2000,60-64,13867935.40543782
S0,2000,65-69,10105063.39364438
S0,2000,70-74,7036397.70593639
S0,2000,75+,7248148.579730989
S0,2000,0-8,
S0,2000,9-14,
S0,2000,0-17,
S0,2000,18-29,
S0,2000,30-65,
S0,2000,66+,
S0,2000,15-26,
S0,2000,27-45,
S0,2000,46-65,
S0,2001,00-04,53527154.63265912
S0,2001,05-09,61851165.01222348
S0,2001,10-14,59650815.31573619
S0,2001,15-19,46709955.4615794
S0,2001,20-24,43815932.03991558
S0,2001,25-29,42217242.17999057
S0,2001,30-34,37264611.22453436
S0,2001,35-39,34921586.240289
S0,2001,40-44,26167164.14445576
S0,2001,45-49,22806648.770161003
S0,2001,50-54,16912906.60967958
S0,2001,55-59,14251467.67294678
S0,2001,60-64,14093691.88338456
S0,2001,65-69,10490100.63217981
S0,2001,70-74,7275511.911159279
S0,2001,75+,7517838.754951472
S0,2001,0-8,
S0,2001,9-14,
S0,2001,0-17,
S0,2001,18-29,
S0,2001,30-65,
S0,2001,66+,
S0,2001,15-26,
S0,2001,27-45,
S0,2001,46-65,
S0,2002,00-04,54021791.15503846
S0,2002,05-09,62112573.2489036
S0,2002,10-14,60148932.13363085
S0,2002,15-19,47777414.79854804
S0,2002,20-24,44787219.98899391
S0,2002,25-29,43009521.03292861
S0,2002,30-34,38083668.11086427
S0,2002,35-39,35623090.32247581
S0,2002,40-44,26814977.88669867
S0,2002,45-49,23597428.06893114
S0,2002,50-54,17695380.18078001
S0,2002,55-59,14617119.60395267
S0,2002,60-64,14287387.480988722
S0,2002,65-69,10881864.6942599
S0,2002,70-74,7522940.773737386
S0,2002,75+,7798197.422594354
S0,2002,0-8,
S0,2002,9-14,
S0,2002,0-17,
S0,2002,18-29,
S0,2002,30-65,
S0,2002,66+,
S0,2002,15-26,
S0,2002,27-45,
S0,2002,46-65,
S0,2003,00-04,54474417.13135827
S0,2003,05-09,62254314.06578912
S0,2003,10-14,60646675.32760936
S0,2003,15-19,48794611.078235745
S0,2003,20-24,45805514.64166702
S0,2003,25-29,43671522.69158575
S0,2003,30-34,38842243.7464733
S0,2003,35-39,36305298.17567006
S0,2003,40-44,27500575.06747292
S0,2003,45-49,24339170.6747841
S0,2003,50-54,18547581.36296958
S0,2003,55-59,14994261.44955092
S0,2003,60-64,14474675.34908548
S0,2003,65-69,11283191.82472268
S0,2003,70-74,7781274.293471678
S0,2003,75+,8089557.990095902
S0,2003,0-8,
S0,2003,9-14,
S0,2003,0-17,
S0,2003,18-29,
S0,2003,30-65,
S0,2003,66+,
S0,2003,15-26,
S0,2003,27-45,
S0,2003,46-65,
S0,2004,00-04,54820695.23748948
S0,2004,05-09,62341097.87761082
S0,2004,10-14,61043683.035335526
S0,2004,15-19,49852045.78552566
S0,2004,20-24,46916928.87072404
S0,2004,25-29,44301921.34096244
S0,2004,30-34,39617987.59892967
S0,2004,35-39,37022120.56096054
S0,2004,40-44,28257526.06127494
S0,2004,45-49,25031573.35221698
S0,2004,50-54,19500261.86638017
S0,2004,55-59,15342077.47838772
S0,2004,60-64,14704918.24243142
S0,2004,65-69,11666909.169098478
S0,2004,70-74,8045356.352742878
S0,2004,75+,8392068.46872808
S0,2004,0-8,
S0,2004,9-14,
S0,2004,0-17,
S0,2004,18-29,
S0,2004,30-65,
S0,2004,66+,
S0,2004,15-26,
S0,2004,27-45,
S0,2004,46-65,
S0,2005,00-04,55091198.43427344
S0,2005,05-09,62340228.86379049
S0,2005,10-14,61414624.63512322
S0,2005,15-19,50916915.82731745
S0,2005,20-24,48106711.58081195
S0,2005,25-29,45023624.90830459
S0,2005,30-34,40453595.07504661
S0,2005,35-39,37738712.98950768
S0,2005,40-44,29090406.7113545
S0,2005,45-49,25694916.992053904
S0,2005,50-54,20189902.21070958
S0,2005,55-59,16030616.68151115
S0,2005,60-64,15034458.40882553
S0,2005,65-69,11998440.8258376
S0,2005,70-74,8305502.704039624
S0,2005,75+,8706942.65917809
S0,2005,0-8,
S0,2005,9-14,
S0,2005,0-17,
S0,2005,18-29,
S0,2005,30-65,
S0,2005,66+,
S0,2005,15-26,
S0,2005,27-45,
S0,2005,46-65,
S0,2006,00-04,55081475.0628645
S0,2006,05-09,62381679.94757725
S0,2006,10-14,61783127.21131204
S0,2006,15-19,51935868.56554492
S0,2006,20-24,49146865.10566853
S0,2006,25-29,45857685.18596341
S0,2006,30-34,41164198.99400138
S0,2006,35-39,38474707.24127071
S0,2006,40-44,29912538.638479456
S0,2006,45-49,26380254.37853375
S0,2006,50-54,20838725.26913057
S0,2006,55-59,16756360.466426708
S0,2006,60-64,15455451.1324289
S0,2006,65-69,12294711.64263419
S0,2006,70-74,8554499.391636092
S0,2006,75+,9033476.117631687
S0,2006,0-8,
S0,2006,9-14,
S0,2006,0-17,
S0,2006,18-29,
S0,2006,30-65,
S0,2006,66+,
S0,2006,15-26,
S0,2006,27-45,
S0,2006,46-65,
S0,2007,00-04,54866258.68289449
S0,2007,05-09,62458231.15468252
S0,2007,10-14,62133714.07666324
S0,2007,15-19,52923543.36895991
S0,2007,20-24,50332408.05784933
S0,2007,25-29,46726153.77510033
S0,2007,30-34,41904137.28902909
S0,2007,35-39,39302654.29789037
S0,2007,40-44,30807566.20337315
S0,2007,45-49,27111140.28445793
S0,2007,50-54,21467199.18589946
S0,2007,55-59,17500075.16136645
S0,2007,60-64,15966260.60503272
S0,2007,65-69,12551189.277742919
S0,2007,70-74,8813425.267864415
S0,2007,75+,9373030.26759271
S0,2007,0-8,
S0,2007,9-14,
S0,2007,0-17,
S0,2007,18-29,
S0,2007,30-65,
S0,2007,66+,
S0,2007,15-26,
S0,2007,27-45,
S0,2007,46-65,
S0,2008,00-04,54584919.74618977
S0,2008,05-09,62391563.21650568
S0,2008,10-14,62462568.21625554
S0,2008,15-19,53953387.21694735
S0,2008,20-24,51367296.10699862
S0,2008,25-29,47625673.54451106
S0,2008,30-34,42499264.0575328
S0,2008,35-39,40096138.58132368
S0,2008,40-44,31770945.08668961
S0,2008,45-49,27880889.09668449
S0,2008,50-54,22049018.590620168
S0,2008,55-59,18269057.4958589
S0,2008,60-64,16530838.318455018
S0,2008,65-69,12780130.651500788
S0,2008,70-74,9074795.211745078
S0,2008,75+,9728185.228108017
S0,2008,0-8,
S0,2008,9-14,
S0,2008,0-17,
S0,2008,18-29,
S0,2008,30-65,
S0,2008,66+,
S0,2008,15-26,
S0,2008,27-45,
S0,2008,46-65,
S0,2009,00-04,54408638.45466429
S0,2009,05-09,62102873.18661559
S0,2009,10-14,62828977.43548565
S0,2009,15-19,54959341.06276901
S0,2009,20-24,52380952.54321919
S0,2009,25-29,48583497.68050388
S0,2009,30-34,43019961.61618464
S0,2009,35-39,40913668.672938
S0,2009,40-44,32846870.712594904
S0,2009,45-49,28719283.03314049
S0,2009,50-54,22575185.99075304
S0,2009,55-59,19081193.09769014
S0,2009,60-64,17103903.97793887
S0,2009,65-69,13022069.90195431
S0,2009,70-74,9316830.09969274
S0,2009,75+,10103039.948192637
S0,2009,0-8,
S0,2009,9-14,
S0,2009,0-17,
S0,2009,18-29,
S0,2009,30-65,
S0,2009,66+,
S0,2009,15-26,
S0,2009,27-45,
S0,2009,46-65,
S0,2010,00-04,54378142.91337893
S0,2010,05-09,61646054.99304492
S0,2010,10-14,63195825.90577273
S0,2010,15-19,56031250.58598766
S0,2010,20-24,53407262.9666813
S0,2010,25-29,49615956.16172891
S0,2010,30-34,43606258.96703885
S0,2010,35-39,41812057.82433856
S0,2010,40-44,34023208.80508136
S0,2010,45-49,29640064.69406798
S0,2010,50-54,23062368.74523805
S0,2010,55-59,19579604.42992041
S0,2010,60-64,18113335.60255462
S0,2010,65-69,13325252.29744791
S0,2010,70-74,9513429.496222466
S0,2010,75+,10500237.670075286
S0,2010,0-8,
S0,2010,9-14,
S0,2010,0-17,
S0,2010,18-29,
S0,2010,30-65,
S0,2010,66+,
S0,2010,15-26,
S0,2010,27-45,
S0,2010,46-65,
S0,2011,00-04,54410265.512967244
S0,2011,05-09,60839202.519595385
S0,2011,10-14,63689222.40642827
S0,2011,15-19,57160189.92654106
S0,2011,20-24,54427251.43971114
S0,2011,25-29,50552296.03629419
S0,2011,30-34,44350420.65846425
S0,2011,35-39,42657724.55307117
S0,2011,40-44,35367262.19611113
S0,2011,45-49,30582150.245121263
S0,2011,50-54,23563796.40984865
S0,2011,55-59,19983812.41203024
S0,2011,60-64,19229360.02627496
S0,2011,65-69,13683259.03319963
S0,2011,70-74,9683249.342736166
S0,2011,75+,10919367.456607167
S0,2011,0-8,
S0,2011,9-14,
S0,2011,0-17,
S0,2011,18-29,
S0,2011,30-65,
S0,2011,66+,
S0,2011,15-26,
S0,2011,27-45,
S0,2011,46-65,
S0,2012,00-04,54199339.16612257
S0,2012,05-09,60378427.12515004
S0,2012,10-14,64266894.70153108
S0,2012,15-19,57505067.4707081
S0,2012,20-24,54930748.87683067
S0,2012,25-29,51671401.2339329
S0,2012,30-34,45352451.60581811
S0,2012,35-39,43595783.14032474
S0,2012,40-44,36162096.23868467
S0,2012,45-49,31209324.12023596
S0,2012,50-54,24148780.411266916
S0,2012,55-59,20696080.47567473
S0,2012,60-64,20286394.11450404
S0,2012,65-69,14090658.484885652
S0,2012,70-74,9857817.463344105
S0,2012,75+,11344450.802064614
S0,2012,0-8,
S0,2012,9-14,
S0,2012,0-17,
S0,2012,18-29,
S0,2012,30-65,
S0,2012,66+,
S0,2012,15-26,
S0,2012,27-45,
S0,2012,46-65,
S0,2013,00-04,54065907.642648205
S0,2013,05-09,59848420.11159155
S0,2013,10-14,64752718.53006597
S0,2013,15-19,57850701.142465636
S0,2013,20-24,55459761.42210855
S0,2013,25-29,52666764.20596096
S0,2013,30-34,46462611.87232117
S0,2013,35-39,44457686.79546357
S0,2013,40-44,36968641.15476999
S0,2013,45-49,31852740.68211068
S0,2013,50-54,24760870.294503152
S0,2013,55-59,21378367.37891072
S0,2013,60-64,21412542.5615022
S0,2013,65-69,14527059.47595085
S0,2013,70-74,10021555.52773068
S0,2013,75+,11805151.711501488
S0,2013,0-8,
S0,2013,9-14,
S0,2013,0-17,
S0,2013,18-29,
S0,2013,30-65,
S0,2013,66+,
S0,2013,15-26,
S0,2013,27-45,
S0,2013,46-65,
S0,2014,00-04,53839131.55061092
S0,2014,05-09,59424736.03074979
S0,2014,10-14,65042540.14290597
S0,2014,15-19,58240755.11514908
S0,2014,20-24,55908852.6694375
S0,2014,25-29,53592457.47130597
S0,2014,30-34,47645572.9064354
S0,2014,35-39,45269734.14632055
S0,2014,40-44,37814480.29650529
S0,2014,45-49,32530724.997495554
S0,2014,50-54,25409777.51294986
S0,2014,55-59,22015139.411742285
S0,2014,60-64,22627818.79708291
S0,2014,65-69,14947945.90861432
S0,2014,70-74,10204089.21574657
S0,2014,75+,12282350.829848524
S0,2014,0-8,
S0,2014,9-14,
S0,2014,0-17,
S0,2014,18-29,
S0,2014,30-65,
S0,2014,66+,
S0,2014,15-26,
S0,2014,27-45,
S0,2014,46-65,
S0,2015,00-04,53235607.67922194
S0,2015,05-09,59135410.87623014
S0,2015,10-14,65166306.3598587
S0,2015,15-19,58626644.57869974
S0,2015,20-24,56330987.55433726
S0,2015,25-29,54395332.62532692
S0,2015,30-34,48846199.53733969
S0,2015,35-39,46125459.171705976
S0,2015,40-44,38721040.01160713
S0,2015,45-49,33200584.37346661
S0,2015,50-54,26088434.57168303
S0,2015,55-59,22615404.80517965
S0,2015,60-64,23513887.70500504
S0,2015,65-69,15729019.76923227
S0,2015,70-74,10440610.01936538
S0,2015,75+,12750511.546902677
S0,2015,0-8,
S0,2015,9-14,
S0,2015,0-17,
S0,2015,18-29,
S0,2015,30-65,
S0,2015,66+,
S0,2015,15-26,
S0,2015,27-45,
S0,2015,46-65,
S0,2016,00-04,52825555.684221745
S0,2016,05-09,58901477.13281542
S0,2016,10-14,64915084.58431698
S0,2016,15-19,59115710.70483045
S0,2016,20-24,56726489.20151655
S0,2016,25-29,55060186.62471369
S0,2016,30-34,49909825.46229511
S0,2016,35-39,47137125.11243518
S0,2016,40-44,39574572.93394832
S0,2016,45-49,33921171.31648807
S0,2016,50-54,26736812.7959864
S0,2016,55-59,23233169.88948992
S0,2016,60-64,24325671.74023183
S0,2016,65-69,16569994.85440084
S0,2016,70-74,10727857.86984709
S0,2016,75+,13216146.837251361
S0,2016,0-8,
S0,2016,9-14,
S0,2016,0-17,
S0,2016,18-29,
S0,2016,30-65,
S0,2016,66+,
S0,2016,15-26,
S0,2016,27-45,
S0,2016,46-65,
S0,2017,00-04,52576310.52338174
S0,2017,05-09,58763301.63818653
S0,2017,10-14,64366828.9011001
S0,2017,15-19,59750572.53097203
S0,2017,20-24,57176671.38557172
S0,2017,25-29,55638389.26434679
S0,2017,30-34,51078960.10105886
S0,2017,35-39,48154099.39213434
S0,2017,40-44,40475151.57502073
S0,2017,45-49,34726465.61888269
S0,2017,50-54,27407529.368609183
S0,2017,55-59,23873271.08151327
S0,2017,60-64,25075951.40666976
S0,2017,65-69,17450101.96686529
S0,2017,70-74,11061111.37341199
S0,2017,75+,13685436.253657734
S0,2017,0-8,
S0,2017,9-14,
S0,2017,0-17,
S0,2017,18-29,
S0,2017,30-65,
S0,2017,66+,
S0,2017,15-26,
S0,2017,27-45,
S0,2017,46-65,
S0,2018,00-04,52126276.31265607
S0,2018,05-09,58669828.81073325
S0,2018,10-14,63715853.76008109
S0,2018,15-19,60298642.82192747
S0,2018,20-24,57589966.15991773
S0,2018,25-29,56200454.95733717
S0,2018,30-34,52100995.47561817
S0,2018,35-39,49247105.84371151
S0,2018,40-44,41309402.3718192
S0,2018,45-49,35542340.29523546
S0,2018,50-54,28111060.81369983
S0,2018,55-59,24537087.43761458
S0,2018,60-64,25743203.62889029
S0,2018,65-69,18385329.62963603
S0,2018,70-74,11418128.40945714
S0,2018,75+,14162880.162422795
S0,2018,0-8,
S0,2018,9-14,
S0,2018,0-17,
S0,2018,18-29,
S0,2018,30-65,
S0,2018,66+,
S0,2018,15-26,
S0,2018,27-45,
S0,2018,46-65,
S0,2019,00-04,51931329.27838821
S0,2019,05-09,58436822.22372548
S0,2019,10-14,63152705.12662341
S0,2019,15-19,60665643.19096635
S0,2019,20-24,58010026.84002614
S0,2019,25-29,56637220.83373926
S0,2019,30-34,53026921.28878646
S0,2019,35-39,50376556.62432779
S0,2019,40-44,42101517.102057025
S0,2019,45-49,36395122.30747421
S0,2019,50-54,28863886.815581612
S0,2019,55-59,25234877.03874865
S0,2019,60-64,26310479.667110227
S0,2019,65-69,19393295.69247197
S0,2019,70-74,11765353.63653135
S0,2019,75+,14654816.798998477
S0,2019,0-8,
S0,2019,9-14,
S0,2019,0-17,
S0,2019,18-29,
S0,2019,30-65,
S0,2019,66+,
S0,2019,15-26,
S0,2019,27-45,
S0,2019,46-65,
S0,2020,00-04,51932188.20147056
S0,2020,05-09,57757629.0103915
S0,2020,10-14,62709778.69962499
S0,2020,15-19,60880263.65078796
S0,2020,20-24,58391348.16484373
S0,2020,25-29,57008333.62093367
S0,2020,30-34,53809394.05384944
S0,2020,35-39,51488675.469177306
S0,2020,40-44,42941902.93481842
S0,2020,45-49,37307109.25452334
S0,2020,50-54,29628939.84087635
S0,2020,55-59,25961049.91886284
S0,2020,60-64,26792509.66291807
S0,2020,65-69,20128935.93181954
S0,2020,70-74,12409573.23599499
S0,2020,75+,15167803.493511194
S0,2020,0-8,
S0,2020,9-14,
S0,2020,0-17,
S0,2020,18-29,
S0,2020,30-65,
S0,2020,66+,
S0,2020,15-26,
S0,2020,27-45,
S0,2020,46-65,
S0,2021,00-04,51666811.82715742
S0,2021,05-09,57275032.95229375
S0,2021,10-14,62328235.92362599
S0,2021,15-19,60826219.01289482
S0,2021,20-24,58988951.173841
S0,2021,25-29,57473654.77592482
S0,2021,30-34,54556136.02233738
S0,2021,35-39,52507905.93280056
S0,2021,40-44,43985096.97860254
S0,2021,45-49,38192876.20634513
S0,2021,50-54,30461188.42477705
S0,2021,55-59,26643794.61505799
S0,2021,60-64,27226746.18959237
S0,2021,65-69,20766806.22363549
S0,2021,70-74,13072941.21969415
S0,2021,75+,15613564.81963031
S0,2021,0-8,
S0,2021,9-14,
S0,2021,0-17,
S0,2021,18-29,
S0,2021,30-65,
S0,2021,66+,
S0,2021,15-26,
S0,2021,27-45,
S0,2021,46-65,
S0,2022,00-04,51303851.32085506
S0,2022,05-09,56912677.25273573
S0,2022,10-14,62017129.32720499
S0,2022,15-19,60478430.67033921
S0,2022,20-24,59655262.41550595
S0,2022,25-29,57868653.422666
S0,2022,30-34,55107207.04307376
S0,2022,35-39,53523423.51524696
S0,2022,40-44,44971111.82258552
S0,2022,45-49,39051021.59450307
S0,2022,50-54,31293329.90513276
S0,2022,55-59,27222654.08512973
S0,2022,60-64,27465028.60456169
S0,2022,65-69,21126701.04409641
S0,2022,70-74,13540972.668703642
S0,2022,75+,15659464.631621985
S0,2022,0-8,
S0,2022,9-14,
S0,2022,0-17,
S0,2022,18-29,
S0,2022,30-65,
S0,2022,66+,
S0,2022,15-26,
S0,2022,27-45,
S0,2022,46-65,
S0,2023,00-04,51216940.68658844
S0,2023,05-09,56302033.78943792
S0,2023,10-14,61728935.93970491
S0,2023,15-19,59993679.11998861
S0,2023,20-24,60157654.15878107
S0,2023,25-29,58173735.33318074
S0,2023,30-34,55623015.06826901
S0,2023,35-39,54374546.68015699
S0,2023,40-44,46077811.27380501
S0,2023,45-49,39911033.86315194
S0,2023,50-54,32261659.60024996
S0,2023,55-59,27985332.02401523
S0,2023,60-64,27935222.23583708
S0,2023,65-69,21725816.085783735
S0,2023,70-74,14338556.392913662
S0,2023,75+,16265632.92711693
S0,2023,0-8,
S0,2023,9-14,
S0,2023,0-17,
S0,2023,18-29,
S0,2023,30-65,
S0,2023,66+,
S0,2023,15-26,
S0,2023,27-45,
S0,2023,46-65,
S0,2024,00-04,51051416.57893754
S0,2024,05-09,55951103.7157003
S0,2024,10-14,61294499.39012204
S0,2024,15-19,59637254.98999375
S0,2024,20-24,60534768.78545521
S0,2024,25-29,58543644.70117625
S0,2024,30-34,56063737.45914705
S0,2024,35-39,55146024.25517987
S0,2024,40-44,47258630.8760262
S0,2024,45-49,40748320.63618629
S0,2024,50-54,33290599.56450232
S0,2024,55-59,28801677.80403202
S0,2024,60-64,28416221.438182883
S0,2024,65-69,22255907.31622623
S0,2024,70-74,15206236.306293517
S0,2024,75+,16872708.645838182
S0,2024,0-8,
S0,2024,9-14,
S0,2024,0-17,
S0,2024,18-29,
S0,2024,30-65,
S0,2024,66+,
S0,2024,15-26,
S0,2024,27-45,
S0,2024,46-65,
S0,2025,00-04,51060392.23065266
S0,2025,05-09,55782413.34768514
S0,2025,10-14,60386000.45735639
S0,2025,15-19,59401635.788929
S0,2025,20-24,60739026.1042267
S0,2025,25-29,58959778.71671906
S0,2025,30-34,56527670.99509074
S0,2025,35-39,55811873.424458936
S0,2025,40-44,48478584.43633607
S0,2025,45-49,41653868.71393479
S0,2025,50-54,34378467.49125043
S0,2025,55-59,29658381.54528674
S0,2025,60-64,28937792.57505495
S0,2025,65-69,22742030.00266227
S0,2025,70-74,15897741.29057614
S0,2025,75+,17784551.43982455
S0,2025,0-8,
S0,2025,9-14,
S0,2025,0-17,
S0,2025,18-29,
S0,2025,30-65,
S0,2025,66+,
S0,2025,15-26,
S0,2025,27-45,
S0,2025,46-65,
S0,2026,00-04,51301918.885661304
S0,2026,05-09,55282758.02953607
S0,2026,10-14,59666148.1792274
S0,2026,15-19,59235261.14929802
S0,2026,20-24,60611073.91477743
S0,2026,25-29,59493800.49485117
S0,2026,30-34,57005540.66338995
S0,2026,35-39,56369652.37977666
S0,2026,40-44,49586460.39381175
S0,2026,45-49,42745552.30101074
S0,2026,50-54,35441270.7617062
S0,2026,55-59,30575745.50410968
S0,2026,60-64,29411866.37198156
S0,2026,65-69,23232822.79343925
S0,2026,70-74,16558993.25125307
S0,2026,75+,18772250.362083267
S0,2026,0-8,
S0,2026,9-14,
S0,2026,0-17,
S0,2026,18-29,
S0,2026,30-65,
S0,2026,66+,
S0,2026,15-26,
S0,2026,27-45,
S0,2026,46-65,
S0,2027,00-04,51581715.7492114
S0,2027,05-09,54664874.62634955
S0,2027,10-14,59069617.13519578
S0,2027,15-19,59154053.72803503
S0,2027,20-24,60207904.12459785
S0,2027,25-29,60106248.52209843
S0,2027,30-34,57458565.11750965
S0,2027,35-39,56763453.96576214
S0,2027,40-44,50745427.91744814
S0,2027,45-49,43834728.51881103
S0,2027,50-54,36539879.20397261
S0,2027,55-59,31560300.654577546
S0,2027,60-64,29885160.88169802
S0,2027,65-69,23726106.374145865
S0,2027,70-74,17194236.25822974
S0,2027,75+,19824367.955208015
S0,2027,0-8,
S0,2027,9-14,
S0,2027,0-17,
S0,2027,18-29,
S0,2027,30-65,
S0,2027,66+,
S0,2027,15-26,
S0,2027,27-45,
S0,2027,46-65,
S0,2028,00-04,51829575.295287654
S0,2028,05-09,54354312.69502066
S0,2028,10-14,58226704.34792525
S0,2028,15-19,59111731.80213609
S0,2028,20-24,59733804.236589
S0,2028,25-29,60625816.46288112
S0,2028,30-34,57899528.10842305
S0,2028,35-39,57167786.96522097
S0,2028,40-44,51771710.11937216
S0,2028,45-49,45026595.90608009
S0,2028,50-54,37597487.48902547
S0,2028,55-59,32555797.69288063
S0,2028,60-64,30380635.00227762
S0,2028,65-69,24232520.801044077
S0,2028,70-74,17794391.81649924
S0,2028,75+,20946375.11657227
S0,2028,0-8,
S0,2028,9-14,
S0,2028,0-17,
S0,2028,18-29,
S0,2028,30-65,
S0,2028,66+,
S0,2028,15-26,
S0,2028,27-45,
S0,2028,46-65,
S0,2029,00-04,52038124.43759726
S0,2029,05-09,53937074.8124985
S0,2029,10-14,57649658.76134146
S0,2029,15-19,58917403.24253848
S0,2029,20-24,59369211.97192308
S0,2029,25-29,60951369.84411052
S0,2029,30-34,58368939.37302673
S0,2029,35-39,57475183.57744646
S0,2029,40-44,52718566.65923107
S0,2029,45-49,46283403.87919098
S0,2029,50-54,38635534.52797897
S0,2029,55-59,33582478.66986595
S0,2029,60-64,30912394.65169435
S0,2029,65-69,24762101.65739531
S0,2029,70-74,18346163.79648124
S0,2029,75+,22130070.577626742
S0,2029,0-8,
S0,2029,9-14,
S0,2029,0-17,
S0,2029,18-29,
S0,2029,30-65,
S0,2029,66+,
S0,2029,15-26,
S0,2029,27-45,
S0,2029,46-65,
S0,2030,00-04,52203954.50377019
S0,2030,05-09,53716824.46849138
S0,2030,10-14,57281375.69687209
S0,2030,15-19,58260751.218584865
S0,2030,20-24,59143791.01785205
S0,2030,25-29,61116463.24001984
S0,2030,30-34,58821337.46086929
S0,2030,35-39,57756242.21903761
S0,2030,40-44,53545096.68922962
S0,2030,45-49,47557083.34943926
S0,2030,50-54,39737771.75934979
S0,2030,55-59,34660005.69890457
S0,2030,60-64,31437704.404420324
S0,2030,65-69,25313044.03310729
S0,2030,70-74,18861843.51723377
S0,2030,75+,23374615.585356697
S0,2030,0-8,
S0,2030,9-14,
S0,2030,0-17,
S0,2030,18-29,
S0,2030,30-65,
S0,2030,66+,
S0,2030,15-26,
S0,2030,27-45,
S0,2030,46-65,
S0,2031,00-04,52352214.78459831
S0,2031,05-09,53727618.24862549
S0,2031,10-14,56575497.00324735
S0,2031,15-19,57775015.07884179
S0,2031,20-24,58974836.444983244
S0,2031,25-29,60930462.29863707
S0,2031,30-34,59377117.59246336
S0,2031,35-39,58047415.25796377
S0,2031,40-44,54268348.53747322
S0,2031,45-49,48717252.0449952
S0,2031,50-54,41013647.53807534
S0,2031,55-59,35694640.88186496
S0,2031,60-64,32014122.50301306
S0,2031,65-69,25832543.34920421
S0,2031,70-74,19389695.50479243
S0,2031,75+,24657850.49350681
S0,2031,0-8,
S0,2031,9-14,
S0,2031,0-17,
S0,2031,18-29,
S0,2031,30-65,
S0,2031,66+,
S0,2031,15-26,
S0,2031,27-45,
S0,2031,46-65,
S0,2032,00-04,52448798.07895872
S0,2032,05-09,53769984.91424137
S0,2032,10-14,55757366.57611933
S0,2032,15-19,57398816.39476541
S0,2032,20-24,58883379.23396635
S0,2032,25-29,60460506.00935935
S0,2032,30-34,60003986.40615226
S0,2032,35-39,58316634.29980776
S0,2032,40-44,54834709.79643093
S0,2032,45-49,49924976.78882525
S0,2032,50-54,42281917.195227236
S0,2032,55-59,36749405.93424427
S0,2032,60-64,32652907.21046364
S0,2032,65-69,26362085.57885971
S0,2032,70-74,19927137.61644557
S0,2032,75+,25970647.330108568
S0,2032,0-8,
S0,2032,9-14,
S0,2032,0-17,
S0,2032,18-29,
S0,2032,30-65,
S0,2032,66+,
S0,2032,15-26,
S0,2032,27-45,
S0,2032,46-65,
S0,2033,00-04,52485693.74178059
S0,2033,05-09,53773819.62072722
S0,2033,10-14,55263850.30705729
S0,2033,15-19,56770624.94214861
S0,2033,20-24,58824913.77742015
S0,2033,25-29,59916799.1318678
S0,2033,30-34,60533064.06887323
S0,2033,35-39,58580913.42412935
S0,2033,40-44,55410311.24635729
S0,2033,45-49,50998670.25763205
S0,2033,50-54,43640267.54437944
S0,2033,55-59,37745886.93647164
S0,2033,60-64,33299901.34926232
S0,2033,65-69,26922275.8132575
S0,2033,70-74,20482591.68804668
S0,2033,75+,27309224.914927017
S0,2033,0-8,
S0,2033,9-14,
S0,2033,0-17,
S0,2033,18-29,
S0,2033,30-65,
S0,2033,66+,
S0,2033,15-26,
S0,2033,27-45,
S0,2033,46-65,
S0,2034,00-04,52475682.30923247
S0,2034,05-09,53735456.47944938
S0,2034,10-14,54673828.1633109
S0,2034,15-19,56388287.78111174
S0,2034,20-24,58607243.15489962
S0,2034,25-29,59481706.39745605
S0,2034,30-34,60863647.15546629
S0,2034,35-39,58883810.16701337
S0,2034,40-44,55889125.3873665
S0,2034,45-49,51989959.51827288
S0,2034,50-54,45049736.64329074
S0,2034,55-59,38706859.67386547
S0,2034,60-64,33981833.58427463
S0,2034,65-69,27525523.55832486
S0,2034,70-74,21063479.02150123
S0,2034,75+,28656388.83746161
S0,2034,0-8,
S0,2034,9-14,
S0,2034,0-17,
S0,2034,18-29,
S0,2034,30-65,
S0,2034,66+,
S0,2034,15-26,
S0,2034,27-45,
S0,2034,46-65,
S0,2035,00-04,52407489.48675968
S0,2035,05-09,53654584.43461355
S0,2035,10-14,54297014.482761785
S0,2035,15-19,56196332.62701337
S0,2035,20-24,57920280.27609057
S0,2035,25-29,59185988.60086951
S0,2035,30-34,61029166.66891251
S0,2035,35-39,59181633.65425541
S0,2035,40-44,56337279.1207227
S0,2035,45-49,52857619.64919902
S0,2035,50-54,46460549.306107596
S0,2035,55-59,39716693.6733871
S0,2035,60-64,34722255.65371262
S0,2035,65-69,28131828.01603558
S0,2035,70-74,21666357.60944314
S0,2035,75+,30013517.987192024
S0,2035,0-8,
S0,2035,9-14,
S0,2035,0-17,
S0,2035,18-29,
S0,2035,30-65,
S0,2035,66+,
S0,2035,15-26,
S0,2035,27-45,
S0,2035,46-65,
S0,2036,00-04,52271748.02728818
S0,2036,05-09,53561917.3032746
S0,2036,10-14,54168813.8657089
S0,2036,15-19,55657248.66298887
S0,2036,20-24,57401722.60322411
S0,2036,25-29,58949901.62262171
S0,2036,30-34,60842916.29905232
S0,2036,35-39,59599740.83223997
S0,2036,40-44,56789505.28453513
S0,2036,45-49,53617969.23436888
S0,2036,50-54,47741553.78330651
S0,2036,55-59,40884151.58700153
S0,2036,60-64,35432517.8490035
S0,2036,65-69,28791709.19087894
S0,2036,70-74,22244895.68991248
S0,2036,75+,31399499.483341098
S0,2036,0-8,
S0,2036,9-14,
S0,2036,0-17,
S0,2036,18-29,
S0,2036,30-65,
S0,2036,66+,
S0,2036,15-26,
S0,2036,27-45,
S0,2036,46-65,
S0,2037,00-04,52077861.5369094
S0,2037,05-09,53425666.95644208
S0,2037,10-14,54087553.80371324
S0,2037,15-19,54989685.21963072
S0,2037,20-24,56989991.84510998
S0,2037,25-29,58794147.06243392
S0,2037,30-34,60370821.15013603
S0,2037,35-39,60106166.573726594
S0,2037,40-44,57212070.660106674
S0,2037,45-49,54217283.709245116
S0,2037,50-54,49046236.00082528
S0,2037,55-59,42028536.58260026
S0,2037,60-64,36183865.67180368
S0,2037,65-69,29516621.73894636
S0,2037,70-74,22834756.47088282
S0,2037,75+,32805962.05331523
S0,2037,0-8,
S0,2037,9-14,
S0,2037,0-17,
S0,2037,18-29,
S0,2037,30-65,
S0,2037,66+,
S0,2037,15-26,
S0,2037,27-45,
S0,2037,46-65,
S0,2038,00-04,51829549.03452267
S0,2038,05-09,53239328.53140758
S0,2038,10-14,53982708.92466716
S0,2038,15-19,54623127.50539445
S0,2038,20-24,56320296.44666589
S0,2038,25-29,58670839.35981829
S0,2038,30-34,59819626.43235926
S0,2038,35-39,60531345.78379028
S0,2038,40-44,57618093.91863221
S0,2038,45-49,54817350.39405525
S0,2038,50-54,50190799.26696815
S0,2038,55-59,43245472.49889189
S0,2038,60-64,36902743.96030676
S0,2038,65-69,30255503.21803897
S0,2038,70-74,23451732.40878153
S0,2038,75+,34232140.5044573
S0,2038,0-8,
S0,2038,9-14,
S0,2038,0-17,
S0,2038,18-29,
S0,2038,30-65,
S0,2038,66+,
S0,2038,15-26,
S0,2038,27-45,
S0,2038,46-65,
S0,2039,00-04,51511142.24269546
S0,2039,05-09,53020426.38088822
S0,2039,10-14,53852951.5729377
S0,2039,15-19,54141916.41873057
S0,2039,20-24,55894026.43453892
S0,2039,25-29,58391074.60128006
S0,2039,30-34,59374152.52131158
S0,2039,35-39,60778833.68576144
S0,2039,40-44,58049911.6360957
S0,2039,45-49,55313928.32813393
S0,2039,50-54,51223816.80655614
S0,2039,55-59,44498119.61199799
S0,2039,60-64,37620338.06729423
S0,2039,65-69,31033452.46878659
S0,2039,70-74,24106854.35864519
S0,2039,75+,35672004.07004004
S0,2039,0-8,
S0,2039,9-14,
S0,2039,0-17,
S0,2039,18-29,
S0,2039,30-65,
S0,2039,66+,
S0,2039,15-26,
S0,2039,27-45,
S0,2039,46-65,
S0,2040,00-04,51130433.22829176
S0,2040,05-09,52760201.59547345
S0,2040,10-14,53699102.38109493
S0,2040,15-19,53852976.23476429
S0,2040,20-24,55656407.66152865
S0,2040,25-29,57646687.61805087
S0,2040,30-34,59065414.74963806
S0,2040,35-39,60884132.71537413
S0,2040,40-44,58463072.03432395
S0,2040,45-49,55772159.77853444
S0,2040,50-54,52102155.13168326
S0,2040,55-59,45739080.58298388
S0,2040,60-64,38424794.33883809
S0,2040,65-69,31870109.67774401
S0,2040,70-74,24763177.41240159
S0,2040,75+,37124399.19117328
S0,2040,0-8,
S0,2040,9-14,
S0,2040,0-17,
S0,2040,18-29,
S0,2040,30-65,
S0,2040,66+,
S0,2040,15-26,
S0,2040,27-45,
S0,2040,46-65,
S0,2041,00-04,50707873.00000001
S0,2041,05-09,52451488.0
S0,2041,10-14,53552428.0
S0,2041,15-19,53791367.0
S0,2041,20-24,55069566.0
S0,2041,25-29,57075456.00000001
S0,2041,30-34,58813062.000000015
S0,2041,35-39,60662089.0
S0,2041,40-44,58979694.0
S0,2041,45-49,56225788.0
S0,2041,50-54,52839400.0
S0,2041,55-59,46841440.0
S0,2041,60-64,39425518.0
S0,2041,65-69,32683095.0
S0,2041,70-74,25464498.0
S0,2041,75+,38569027.00000001
S0,2041,0-8,
S0,2041,9-14,
S0,2041,0-17,
S0,2041,18-29,
S0,2041,30-65,
S0,2041,66+,
S0,2041,15-26,
S0,2041,27-45,
S0,2041,46-65,
S0,2042,00-04,50252984.0
S0,2042,05-09,52110975.0
S0,2042,10-14,53376270.0
S0,2042,15-19,53761945.0
S0,2042,20-24,54360250.0
S0,2042,25-29,56620052.0
S0,2042,30-34,58641920.0
S0,2042,35-39,60170344.0
S0,2042,40-44,59568262.999999985
S0,2042,45-49,56646369.0
S0,2042,50-54,53404038.0
S0,2042,55-59,47975371.0
S0,2042,60-64,40436934.0
S0,2042,65-69,33528516.0
S0,2042,70-74,26218092.0
S0,2042,75+,40032131.99999999
S0,2042,0-8,
S0,2042,9-14,
S0,2042,0-17,
S0,2042,18-29,
S0,2042,30-65,
S0,2042,66+,
S0,2042,15-26,
S0,2042,27-45,
S0,2042,46-65,
S0,2043,00-04,49790121.0
S0,2043,05-09,51749862.0
S0,2043,10-14,53159530.0
S0,2043,15-19,53698736.0
S0,2043,20-24,53962027.0
S0,2043,25-29,55919312.999999985
S0,2043,30-34,58508984.0
S0,2043,35-39,59606843.0
S0,2043,40-44,60061131.00000001
S0,2043,45-49,57052561.0
S0,2043,50-54,53977524.99999999
S0,2043,55-59,48981640.0
S0,2043,60-64,41539365.0
S0,2043,65-69,34325772.0
S0,2043,70-74,26976312.0
S0,2043,75+,41538320.0
S0,2043,0-8,
S0,2043,9-14,
S0,2043,0-17,
S0,2043,18-29,
S0,2043,30-65,
S0,2043,66+,
S0,2043,15-26,
S0,2043,27-45,
S0,2043,46-65,
S0,2044,00-04,49333844.0
S0,2044,05-09,51352003.99999999
S0,2044,10-14,52919171.0
S0,2044,15-19,53599048.0
S0,2044,20-24,53457803.0
S0,2044,25-29,55470759.99999999
S0,2044,30-34,58223807.0
S0,2044,35-39,59154114.0
S0,2044,40-44,60360057.000000015
S0,2044,45-49,57485524.0
S0,2044,50-54,54457477.0
S0,2044,55-59,49912681.0
S0,2044,60-64,42699980.0
S0,2044,65-69,35101546.0
S0,2044,70-74,27759595.0
S0,2044,75+,43090969.99999999
S0,2044,0-8,
S0,2044,9-14,
S0,2044,0-17,
S0,2044,18-29,
S0,2044,30-65,
S0,2044,66+,
S0,2044,15-26,
S0,2044,27-45,
S0,2044,46-65,
S0,2045,00-04,48887857.0
S0,2045,05-09,50926117.0
S0,2045,10-14,52646997.0
S0,2045,15-19,53464513.99999999
S0,2045,20-24,53156292.0
S0,2045,25-29,55221600.0
S0,2045,30-34,57480529.0
S0,2045,35-39,58843659.0
S0,2045,40-44,60499602.0
S0,2045,45-49,57901772.000000015
S0,2045,50-54,54909124.0
S0,2045,55-59,50730959.0
S0,2045,60-64,43877411.0
S0,2045,65-69,35936793.99999999
S0,2045,70-74,28582874.0
S0,2045,75+,44658504.99999998
S0,2045,0-8,
S0,2045,9-14,
S0,2045,0-17,
S0,2045,18-29,
S0,2045,30-65,
S0,2045,66+,
S0,2045,15-26,
S0,2045,27-45,
S0,2045,46-65,
S0,2046,00-04,48427591.0
S0,2046,05-09,50492892.0
S0,2046,10-14,52336182.0
S0,2046,15-19,53326186.0
S0,2046,20-24,53092187.000000015
S0,2046,25-29,54636234.0
S0,2046,30-34,56915451.0
S0,2046,35-39,58595846.99999999
S0,2046,40-44,60295611.0
S0,2046,45-49,58422542.0
S0,2046,50-54,55365697.0
S0,2046,55-59,51451831.0
S0,2046,60-64,44952478.99999999
S0,2046,65-69,36930683.0
S0,2046,70-74,29369520.0
S0,2046,75+,46261337.000000015
S0,2046,0-8,
S0,2046,9-14,
S0,2046,0-17,
S0,2046,18-29,
S0,2046,30-65,
S0,2046,66+,
S0,2046,15-26,
S0,2046,27-45,
S0,2046,46-65,
S0,2047,00-04,47982925.0
S0,2047,05-09,50042714.0
S0,2047,10-14,51997282.999999985
S0,2047,15-19,53151744.0
S0,2047,20-24,53063313.0
S0,2047,25-29,53931356.0
S0,2047,30-34,56465421.0
S0,2047,35-39,58430032.0
S0,2047,40-44,59813298.0
S0,2047,45-49,59014944.0
S0,2047,50-54,55794394.0
S0,2047,55-59,52026357.0
S0,2047,60-64,46074931.0
S0,2047,65-69,37922985.0
S0,2047,70-74,30180936.0
S0,2047,75+,47930552.99999998
S0,2047,0-8,
S0,2047,9-14,
S0,2047,0-17,
S0,2047,18-29,
S0,2047,30-65,
S0,2047,66+,
S0,2047,15-26,
S0,2047,27-45,
S0,2047,46-65,
S0,2048,00-04,47550080.0
S0,2048,05-09,49584369.0
S0,2048,10-14,51637751.00000001
S0,2048,15-19,52936753.0
S0,2048,20-24,53000911.00000001
S0,2048,25-29,53536693.0
S0,2048,30-34,55770931.00000001
S0,2048,35-39,58302185.00000001
S0,2048,40-44,59259682.000000015
S0,2048,45-49,59512322.0
S0,2048,50-54,56208853.0
S0,2048,55-59,52609073.00000001
S0,2048,60-64,47074373.99999999
S0,2048,65-69,39000197.0
S0,2048,70-74,30949022.0
S0,2048,75+,49639275.99999998
S0,2048,0-8,
S0,2048,9-14,
S0,2048,0-17,
S0,2048,18-29,
S0,2048,30-65,
S0,2048,66+,
S0,2048,15-26,
S0,2048,27-45,
S0,2048,46-65,
S0,2049,00-04,47132883.0
S0,2049,05-09,49133102.0
S0,2049,10-14,51241920.0
S0,2049,15-19,52698291.0
S0,2049,20-24,52902080.0
S0,2049,25-29,53037049.99999999
S0,2049,30-34,55328957.0
S0,2049,35-39,58023664.0
S0,2049,40-44,58816736.0
S0,2049,45-49,59817679.0
S0,2049,50-54,56649877.0
S0,2049,55-59,53100903.00000001
S0,2049,60-64,48002321.0
S0,2049,65-69,40132757.0
S0,2049,70-74,31700154.0
S0,2049,75+,51410764.000000015
S0,2049,0-8,
S0,2049,9-14,
S0,2049,0-17,
S0,2049,18-29,
S0,2049,30-65,
S0,2049,66+,
S0,2049,15-26,
S0,2049,27-45,
S0,2049,46-65,
S0,2050,00-04,46736738.0
S0,2050,05-09,48690798.00000001
S0,2050,10-14,50817391.0
S0,2050,15-19,52427668.0
S0,2050,20-24,52767834.0
S0,2050,25-29,52737856.0
S0,2050,30-34,55083778.0
S0,2050,35-39,57287802.0
S0,2050,40-44,58514546.0
S0,2050,45-49,59964527.0
S0,2050,50-54,57074280.00000001
S0,2050,55-59,53565301.0
S0,2050,60-64,48822511.0
S0,2050,65-69,41282675.99999999
S0,2050,70-74,32507882.0
S0,2050,75+,53227963.99999999
S0,2050,0-8,
S0,2050,9-14,
S0,2050,0-17,
S0,2050,18-29,
S0,2050,30-65,
S0,2050,66+,
S0,2050,15-26,
S0,2050,27-45,
S0,2050,46-65,
S0,2051,00-04,46372509.0
S0,2051,05-09,48233969.0
S0,2051,10-14,50385476.0
S0,2051,15-19,52118852.999999985
S0,2051,20-24,52631093.0
S0,2051,25-29,52676221.0
S0,2051,30-34,54503595.0
S0,2051,35-39,56729371.0
S0,2051,40-44,58274407.999999985
S0,2051,45-49,59771007.999999985
S0,2051,50-54,57602098.0
S0,2051,55-59,54034457.000000015
S0,2051,60-64,49549095.00000001
S0,2051,65-69,42338059.0
S0,2051,70-74,33461386.0
S0,2051,75+,55043322.00000003
S0,2051,0-8,
S0,2051,9-14,
S0,2051,0-17,
S0,2051,18-29,
S0,2051,30-65,
S0,2051,66+,
S0,2051,15-26,
S0,2051,27-45,
S0,2051,46-65,
S0,2052,00-04,46031103.0
S0,2052,05-09,47792830.0
S0,2052,10-14,49936777.0
S0,2052,15-19,51781850.00000001
S0,2052,20-24,52458149.0
S0,2052,25-29,52649954.0
S0,2052,30-34,53804773.0
S0,2052,35-39,56285857.0
S0,2052,40-44,58115748.0
S0,2052,45-49,59301829.99999999
S0,2052,50-54,58200705.0
S0,2052,55-59,54476502.0
S0,2052,60-64,50135904.0
S0,2052,65-69,43439857.0
S0,2052,70-74,34416018.0
S0,2052,75+,56939292.99999997
S0,2052,0-8,
S0,2052,9-14,
S0,2052,0-17,
S0,2052,18-29,
S0,2052,30-65,
S0,2052,66+,
S0,2052,15-26,
S0,2052,27-45,
S0,2052,46-65,
S0,2053,00-04,45712140.0
S0,2053,05-09,47363796.0
S0,2053,10-14,49480145.00000001
S0,2053,15-19,51424561.0
S0,2053,20-24,52245696.99999999
S0,2053,25-29,52591354.99999999
S0,2053,30-34,53415712.000000015
S0,2053,35-39,55599159.0
S0,2053,40-44,57994903.0
S0,2053,45-49,58762072.0
S0,2053,50-54,58705293.99999999
S0,2053,55-59,54904787.999999985
S0,2053,60-64,50730586.99999999
S0,2053,65-69,44425529.0
S0,2053,70-74,35448029.0
S0,2053,75+,58832920.00000001
S0,2053,0-8,
S0,2053,9-14,
S0,2053,0-17,
S0,2053,18-29,
S0,2053,30-65,
S0,2053,66+,
S0,2053,15-26,
S0,2053,27-45,
S0,2053,46-65,
S0,2054,00-04,45414554.0
S0,2054,05-09,46951508.0
S0,2054,10-14,49031362.000000015
S0,2054,15-19,51031743.0
S0,2054,20-24,52011441.00000001
S0,2054,25-29,52498906.0
S0,2054,30-34,52924233.0
S0,2054,35-39,55165355.0
S0,2054,40-44,57724981.0
S0,2054,45-49,58332492.999999985
S0,2054,50-54,59020196.0
S0,2054,55-59,55359063.0
S0,2054,60-64,51237886.99999999
S0,2054,65-69,45344754.0
S0,2054,70-74,36531253.0
S0,2054,75+,60764671.00000002
S0,2054,0-8,
S0,2054,9-14,
S0,2054,0-17,
S0,2054,18-29,
S0,2054,30-65,
S0,2054,66+,
S0,2054,15-26,
S0,2054,27-45,
S0,2054,46-65,
S0,2055,00-04,45112245.0
S0,2055,05-09,46559285.0
S0,2055,10-14,48590968.0
S0,2055,15-19,50609238.0
S0,2055,20-24,51742793.99999999
S0,2055,25-29,52368643.0
S0,2055,30-34,52630956.99999999
S0,2055,35-39,54926205.0
S0,2055,40-44,56999335.0
S0,2055,45-49,58041891.0
S0,2055,50-54,59177670.0
S0,2055,55-59,55796502.0
S0,2055,60-64,51718448.0
S0,2055,65-69,46162949.0
S0,2055,70-74,37632204.0
S0,2055,75+,62785839.00000002
S0,2055,0-8,
S0,2055,9-14,
S0,2055,0-17,
S0,2055,18-29,
S0,2055,30-65,
S0,2055,66+,
S0,2055,15-26,
S0,2055,27-45,
S0,2055,46-65,
S0,2056,00-04,44825156.0
S0,2056,05-09,46198378.0
S0,2056,10-14,48135759.99999999
S0,2056,15-19,50179513.0
S0,2056,20-24,51436557.0
S0,2056,25-29,52235691.0
S0,2056,30-34,52573619.0
S0,2056,35-39,54352705.0
S0,2056,40-44,56449759.0
S0,2056,45-49,57812098.99999999
S0,2056,50-54,58998946.0
S0,2056,55-59,56335277.0
S0,2056,60-64,52203398.0
S0,2056,65-69,46892818.0
S0,2056,70-74,38649710.99999999
S0,2056,75+,64935390.999999955
S0,2056,0-8,
S0,2056,9-14,
S0,2056,0-17,
S0,2056,18-29,
S0,2056,30-65,
S0,2056,66+,
S0,2056,15-26,
S0,2056,27-45,
S0,2056,46-65,
S0,2057,00-04,44556750.0
S0,2057,05-09,45859501.00000001
S0,2057,10-14,47695745.0
S0,2057,15-19,49732121.0
S0,2057,20-24,51100009.0
S0,2057,25-29,52064268.0
S0,2057,30-34,52550166.0
S0,2057,35-39,53660278.0
S0,2057,40-44,56013959.0
S0,2057,45-49,57662339.0
S0,2057,50-54,58547937.0
S0,2057,55-59,56942991.0
S0,2057,60-64,52661913.0
S0,2057,65-69,47492179.0
S0,2057,70-74,39712137.0
S0,2057,75+,67155783.99999999
S0,2057,0-8,
S0,2057,9-14,
S0,2057,0-17,
S0,2057,18-29,
S0,2057,30-65,
S0,2057,66+,
S0,2057,15-26,
S0,2057,27-45,
S0,2057,46-65,
S0,2058,00-04,44307752.0
S0,2058,05-09,45543133.0
S0,2058,10-14,47267949.0
S0,2058,15-19,49277501.99999999
S0,2058,20-24,50744862.0
S0,2058,25-29,51854655.0
S0,2058,30-34,52494839.0
S0,2058,35-39,53276424.99999999
S0,2058,40-44,55336146.0
S0,2058,45-49,57549854.0
S0,2058,50-54,58027185.0
S0,2058,55-59,57457944.0
S0,2058,60-64,53107199.0
S0,2058,65-69,48098886.00000001
S0,2058,70-74,40668341.0
S0,2058,75+,69439386.99999997
S0,2058,0-8,
S0,2058,9-14,
S0,2058,0-17,
S0,2058,18-29,
S0,2058,30-65,
S0,2058,66+,
S0,2058,15-26,
S0,2058,27-45,
S0,2058,46-65,
S0,2059,00-04,44056960.0
S0,2059,05-09,45246863.0
S0,2059,10-14,46856131.0
S0,2059,15-19,48830111.00000001
S0,2059,20-24,50353465.0
S0,2059,25-29,51621651.0
S0,2059,30-34,52403798.0
S0,2059,35-39,52789260.0
S0,2059,40-44,54909019.0
S0,2059,45-49,57288640.0
S0,2059,50-54,57614719.0
S0,2059,55-59,57785990.00000001
S0,2059,60-64,53577289.0
S0,2059,65-69,48623132.999999985
S0,2059,70-74,41565668.99999999
S0,2059,75+,71803173.00000001
S0,2059,0-8,
S0,2059,9-14,
S0,2059,0-17,
S0,2059,18-29,
S0,2059,30-65,
S0,2059,66+,
S0,2059,15-26,
S0,2059,27-45,
S0,2059,46-65,
S0,2060,00-04,43817831.00000001
S0,2060,05-09,44947658.0
S0,2060,10-14,46465531.0
S0,2060,15-19,48392078.00000001
S0,2060,20-24,49934500.0
S0,2060,25-29,51357742.0
S0,2060,30-34,52278280.0
S0,2060,35-39,52501644.0
S0,2060,40-44,54676361.0
S0,2060,45-49,56575789.0
S0,2060,50-54,57340318.0
S0,2060,55-59,57959897.000000015
S0,2060,60-64,54031673.0
S0,2060,65-69,49123185.0
S0,2060,70-74,42372837.999999985
S0,2060,75+,74258586.00000001
S0,2060,0-8,
S0,2060,9-14,
S0,2060,0-17,
S0,2060,18-29,
S0,2060,30-65,
S0,2060,66+,
S0,2060,15-26,
S0,2060,27-45,
S0,2060,46-65,
S0,2061,00-04,43573657.0
S0,2061,05-09,44662467.999999985
S0,2061,10-14,46105469.99999999
S0,2061,15-19,47938483.0
S0,2061,20-24,49507084.0
S0,2061,25-29,51054341.0
S0,2061,30-34,52148054.99999999
S0,2061,35-39,52447532.999999985
S0,2061,40-44,54110059.0
S0,2061,45-49,56037157.999999985
S0,2061,50-54,57124883.99999999
S0,2061,55-59,57804050.0
S0,2061,60-64,54584388.00000001
S0,2061,65-69,49626985.0
S0,2061,70-74,43098860.0
S0,2061,75+,76748338.0
S0,2061,0-8,
S0,2061,9-14,
S0,2061,0-17,
S0,2061,18-29,
S0,2061,30-65,
S0,2061,66+,
S0,2061,15-26,
S0,2061,27-45,
S0,2061,46-65,
S0,2062,00-04,43300422.000000015
S0,2062,05-09,44396634.0
S0,2062,10-14,45767873.99999999
S0,2062,15-19,47499905.0
S0,2062,20-24,49061148.0
S0,2062,25-29,50720721.99999999
S0,2062,30-34,51980615.0
S0,2062,35-39,52428054.0
S0,2062,40-44,53426098.00000001
S0,2062,45-49,55611917.0
S0,2062,50-54,56988210.00000001
S0,2062,55-59,57381789.99999999
S0,2062,60-64,55204160.0
S0,2062,65-69,50105959.0
S0,2062,70-74,43707780.00000001
S0,2062,75+,79334255.0
S0,2062,0-8,
S0,2062,9-14,
S0,2062,0-17,
S0,2062,18-29,
S0,2062,30-65,
S0,2062,66+,
S0,2062,15-26,
S0,2062,27-45,
S0,2062,46-65,
S0,2063,00-04,43025977.999999985
S0,2063,05-09,44148930.0
S0,2063,10-14,45451988.00000001
S0,2063,15-19,47073224.0
S0,2063,20-24,48607507.0
S0,2063,25-29,50366737.0
S0,2063,30-34,51772890.0
S0,2063,35-39,52375274.0
S0,2063,40-44,53047977.0
S0,2063,45-49,54945433.00000001
S0,2063,50-54,56887389.99999999
S0,2063,55-59,56890563.0
S0,2063,60-64,55732769.0
S0,2063,65-69,50571916.00000001
S0,2063,70-74,44322475.0
S0,2063,75+,81873577.99999999
S0,2063,0-8,
S0,2063,9-14,
S0,2063,0-17,
S0,2063,18-29,
S0,2063,30-65,
S0,2063,66+,
S0,2063,15-26,
S0,2063,27-45,
S0,2063,46-65,
S0,2064,00-04,42746574.0
S0,2064,05-09,43900187.0
S0,2064,10-14,45156703.00000001
S0,2064,15-19,46663277.0
S0,2064,20-24,48162848.0
S0,2064,25-29,49978595.0
S0,2064,30-34,51543231.0
S0,2064,35-39,52287784.0
S0,2064,40-44,52567792.000000015
S0,2064,45-49,54528270.0
S0,2064,50-54,56639459.0
S0,2064,55-59,56505580.0
S0,2064,60-64,56079197.0
S0,2064,65-69,51061460.0
S0,2064,70-74,44861935.0
S0,2064,75+,84424121.0
S0,2064,0-8,
S0,2064,9-14,
S0,2064,0-17,
S0,2064,18-29,
S0,2064,30-65,
S0,2064,66+,
S0,2064,15-26,
S0,2064,27-45,
S0,2064,46-65,
S0,2065,00-04,42467854.0
S0,2065,05-09,43661858.0
S0,2065,10-14,44857676.0
S0,2065,15-19,46273663.0
S0,2065,20-24,47726097.0
S0,2065,25-29,49560711.0
S0,2065,30-34,51280526.0
S0,2065,35-39,52164420.0
S0,2065,40-44,52285118.0
S0,2065,45-49,54302729.0
S0,2065,50-54,55944041.00000001
S0,2065,55-59,56255926.99999999
S0,2065,60-64,56275220.0
S0,2065,65-69,51536346.99999999
S0,2065,70-74,45380449.0
S0,2065,75+,86971715.99999999
S0,2065,0-8,
S0,2065,9-14,
S0,2065,0-17,
S0,2065,18-29,
S0,2065,30-65,
S0,2065,66+,
S0,2065,15-26,
S0,2065,27-45,
S0,2065,46-65,
S0,2066,00-04,42176488.0
S0,2066,05-09,43418327.0
S0,2066,10-14,44572547.0
S0,2066,15-19,45914299.99999999
S0,2066,20-24,47273383.0
S0,2066,25-29,49133961.0
S0,2066,30-34,50978133.0
S0,2066,35-39,52036118.0
S0,2066,40-44,52234412.0
S0,2066,45-49,53745574.0
S0,2066,50-54,55420916.0
S0,2066,55-59,56062792.0
S0,2066,60-64,56150530.0
S0,2066,65-69,52105566.00000001
S0,2066,70-74,45901793.00000001
S0,2066,75+,89465454.0
S0,2066,0-8,
S0,2066,9-14,
S0,2066,0-17,
S0,2066,18-29,
S0,2066,30-65,
S0,2066,66+,
S0,2066,15-26,
S0,2066,27-45,
S0,2066,46-65,
S0,2067,00-04,41891685.0
S0,2067,05-09,43148239.0
S0,2067,10-14,44308413.0
S0,2067,15-19,45579187.0
S0,2067,20-24,46839386.99999999
S0,2067,25-29,48693957.0
S0,2067,30-34,50650104.0
S0,2067,35-39,51873710.0
S0,2067,40-44,52220046.0
S0,2067,45-49,53073112.0
S0,2067,50-54,55011251.0
S0,2067,55-59,55947034.99999999
S0,2067,60-64,55768090.0
S0,2067,65-69,52740117.999999985
S0,2067,70-74,46401827.0
S0,2067,75+,91938999.99999993
S0,2067,0-8,
S0,2067,9-14,
S0,2067,0-17,
S0,2067,18-29,
S0,2067,30-65,
S0,2067,66+,
S0,2067,15-26,
S0,2067,27-45,
S0,2067,46-65,
S0,2068,00-04,41584922.0
S0,2068,05-09,42876285.0
S0,2068,10-14,44061971.0
S0,2068,15-19,45265053.00000001
S0,2068,20-24,46415880.0
S0,2068,25-29,48244602.0
S0,2068,30-34,50300516.0
S0,2068,35-39,51670323.99999999
S0,2068,40-44,52171964.0
S0,2068,45-49,52703695.00000001
S0,2068,50-54,54362058.00000001
S0,2068,55-59,55865402.0
S0,2068,60-64,55317897.0
S0,2068,65-69,53285712.0
S0,2068,70-74,46889497.0
S0,2068,75+,94370534.00000009
S0,2068,0-8,
S0,2068,9-14,
S0,2068,0-17,
S0,2068,18-29,
S0,2068,30-65,
S0,2068,66+,
S0,2068,15-26,
S0,2068,27-45,
S0,2068,46-65,
S0,2069,00-04,41268348.0
S0,2069,05-09,42597902.0
S0,2069,10-14,43813530.0
S0,2069,15-19,44970591.0
S0,2069,20-24,46007411.0
S0,2069,25-29,47801446.0
S0,2069,30-34,49914171.0
S0,2069,35-39,51443219.0
S0,2069,40-44,52088107.0
S0,2069,45-49,52232367.000000015
S0,2069,50-54,53959106.0
S0,2069,55-59,55638187.000000015
S0,2069,60-64,54970255.00000001
S0,2069,65-69,53654867.999999985
S0,2069,70-74,47398414.0
S0,2069,75+,96738663.99999996
S0,2069,0-8,
S0,2069,9-14,
S0,2069,0-17,
S0,2069,18-29,
S0,2069,30-65,
S0,2069,66+,
S0,2069,15-26,
S0,2069,27-45,
S0,2069,46-65,
S0,2070,00-04,40929280.0
S0,2070,05-09,42321035.0
S0,2070,10-14,43576068.0
S0,2070,15-19,44672958.0
S0,2070,20-24,45620318.0
S0,2070,25-29,47367775.0
S0,2070,30-34,49499661.0
S0,2070,35-39,51184172.0
S0,2070,40-44,51969161.0
S0,2070,45-49,51957489.0
S0,2070,50-54,53744641.0
S0,2070,55-59,54970598.0
S0,2070,60-64,54754547.0
S0,2070,65-69,53879223.00000001
S0,2070,70-74,47894498.00000001
S0,2070,75+,99083434.99999997
S0,2070,0-8,
S0,2070,9-14,
S0,2070,0-17,
S0,2070,18-29,
S0,2070,30-65,
S0,2070,66+,
S0,2070,15-26,
S0,2070,27-45,
S0,2070,46-65,
S0,2071,00-04,40589629.0
S0,2071,05-09,42031903.0
S0,2071,10-14,43333633.0
S0,2071,15-19,44389258.0
S0,2071,20-24,45263282.999999985
S0,2071,25-29,46918289.0
S0,2071,30-34,49076812.000000015
S0,2071,35-39,50885949.0
S0,2071,40-44,51845499.99999999
S0,2071,45-49,51912816.0
S0,2071,50-54,53201766.0
S0,2071,55-59,54472648.0
S0,2071,60-64,54592424.99999999
S0,2071,65-69,53796136.99999999
S0,2071,70-74,48479500.0
S0,2071,75+,101383269.0
S0,2071,0-8,
S0,2071,9-14,
S0,2071,0-17,
S0,2071,18-29,
S0,2071,30-65,
S0,2071,66+,
S0,2071,15-26,
S0,2071,27-45,
S0,2071,46-65,
S0,2072,00-04,40249243.0
S0,2072,05-09,41747615.99999999
S0,2072,10-14,43063578.0
S0,2072,15-19,44125951.0
S0,2072,20-24,44929739.0
S0,2072,25-29,46485155.0
S0,2072,30-34,48637734.0
S0,2072,35-39,50560024.0
S0,2072,40-44,51686488.00000001
S0,2072,45-49,51903246.99999999
S0,2072,50-54,52544531.0
S0,2072,55-59,54086159.0
S0,2072,60-64,54504256.0
S0,2072,65-69,53466433.00000001
S0,2072,70-74,49125558.0
S0,2072,75+,103643355.00000006
S0,2072,0-8,
S0,2072,9-14,
S0,2072,0-17,
S0,2072,18-29,
S0,2072,30-65,
S0,2072,66+,
S0,2072,15-26,
S0,2072,27-45,
S0,2072,46-65,
S0,2073,00-04,39902465.0
S0,2073,05-09,41441989.0
S0,2073,10-14,42792044.0
S0,2073,15-19,43880583.99999999
S0,2073,20-24,44617787.0
S0,2073,25-29,46063609.0
S0,2073,30-34,48190357.0
S0,2073,35-39,50213251.00000001
S0,2073,40-44,51487039.0
S0,2073,45-49,51860380.0
S0,2073,50-54,52186944.0
S0,2073,55-59,53463222.000000015
S0,2073,60-64,54448437.0
S0,2073,65-69,53071562.0
S0,2073,70-74,49686743.99999999
S0,2073,75+,105856353.00000006
S0,2073,0-8,
S0,2073,9-14,
S0,2073,0-17,
S0,2073,18-29,
S0,2073,30-65,
S0,2073,66+,
S0,2073,15-26,
S0,2073,27-45,
S0,2073,46-65,
S0,2074,00-04,39561293.0
S0,2074,05-09,41127508.0
S0,2074,10-14,42514727.999999985
S0,2074,15-19,43633816.99999999
S0,2074,20-24,44326767.0
S0,2074,25-29,45658996.0
S0,2074,30-34,47750881.0
S0,2074,35-39,49830955.0
S0,2074,40-44,51264676.00000001
S0,2074,45-49,51782427.0
S0,2074,50-54,51729411.0
S0,2074,55-59,53083145.00000001
S0,2074,60-64,54250497.0
S0,2074,65-69,52775750.0
S0,2074,70-74,50082161.0
S0,2074,75+,108047315.00000003
S0,2074,0-8,
S0,2074,9-14,
S0,2074,0-17,
S0,2074,18-29,
S0,2074,30-65,
S0,2074,66+,
S0,2074,15-26,
S0,2074,27-45,
S0,2074,46-65,
S0,2075,00-04,39231300.0
S0,2075,05-09,40790217.00000001
S0,2075,10-14,42238712.0
S0,2075,15-19,43397782.999999985
S0,2075,20-24,44032286.0
S0,2075,25-29,45275185.00000001
S0,2075,30-34,47320233.0
S0,2075,35-39,49420090.00000001
S0,2075,40-44,51010130.0
S0,2075,45-49,51669306.0
S0,2075,50-54,51465919.0
S0,2075,55-59,52886176.99999999
S0,2075,60-64,53621565.0
S0,2075,65-69,52606766.0
S0,2075,70-74,50340647.999999985
S0,2075,75+,110208483.99999996
S0,2075,0-8,
S0,2075,9-14,
S0,2075,0-17,
S0,2075,18-29,
S0,2075,30-65,
S0,2075,66+,
S0,2075,15-26,
S0,2075,27-45,
S0,2075,46-65,
S0,2076,00-04,38894316.0
S0,2076,05-09,40452545.0
S0,2076,10-14,41950571.0
S0,2076,15-19,43156734.0
S0,2076,20-24,43751550.0
S0,2076,25-29,44921423.0
S0,2076,30-34,46874093.0
S0,2076,35-39,49001102.0
S0,2076,40-44,50716647.0
S0,2076,45-49,51551479.99999999
S0,2076,50-54,51429776.99999999
S0,2076,55-59,52365516.0
S0,2076,60-64,53158297.999999985
S0,2076,65-69,52487143.0
S0,2076,70-74,50311890.0
S0,2076,75+,112421248.00000004
S0,2076,0-8,
S0,2076,9-14,
S0,2076,0-17,
S0,2076,18-29,
S0,2076,30-65,
S0,2076,66+,
S0,2076,15-26,
S0,2076,27-45,
S0,2076,46-65,
S0,2077,00-04,38560301.0
S0,2077,05-09,40114231.0
S0,2077,10-14,41667360.0
S0,2077,15-19,42888345.0
S0,2077,20-24,43491831.99999999
S0,2077,25-29,44591650.0
S0,2077,30-34,46444478.0
S0,2077,35-39,48566001.0
S0,2077,40-44,50395569.0
S0,2077,45-49,51398459.0
S0,2077,50-54,51428176.00000001
S0,2077,55-59,51732705.0
S0,2077,60-64,52804032.0
S0,2077,65-69,52436882.0
S0,2077,70-74,50053521.0
S0,2077,75+,114665218.00000006
S0,2077,0-8,
S0,2077,9-14,
S0,2077,0-17,
S0,2077,18-29,
S0,2077,30-65,
S0,2077,66+,
S0,2077,15-26,
S0,2077,27-45,
S0,2077,46-65,
S0,2078,00-04,38245765.0
S0,2078,05-09,39769472.0
S0,2078,10-14,41362782.00000001
S0,2078,15-19,42618333.99999999
S0,2078,20-24,43249719.0
S0,2078,25-29,44283106.0
S0,2078,30-34,46026236.99999999
S0,2078,35-39,48122483.0
S0,2078,40-44,50053579.0
S0,2078,45-49,51205087.0
S0,2078,50-54,51393447.0
S0,2078,55-59,51394203.0
S0,2078,60-64,52217741.0
S0,2078,65-69,52416386.0
S0,2078,70-74,49734334.0
S0,2078,75+,116800846.00000001
S0,2078,0-8,
S0,2078,9-14,
S0,2078,0-17,
S0,2078,18-29,
S0,2078,30-65,
S0,2078,66+,
S0,2078,15-26,
S0,2078,27-45,
S0,2078,46-65,
S0,2079,00-04,37931368.0
S0,2079,05-09,39430498.99999999
S0,2079,10-14,41049513.0
S0,2079,15-19,42342973.0
S0,2079,20-24,43007375.0
S0,2079,25-29,43996522.0
S0,2079,30-34,45625311.0
S0,2079,35-39,47687007.000000015
S0,2079,40-44,49676247.0
S0,2079,45-49,50988886.0
S0,2079,50-54,51323827.999999985
S0,2079,55-59,50957770.0
S0,2079,60-64,51868571.0
S0,2079,65-69,52257418.00000001
S0,2079,70-74,49507222.0
S0,2079,75+,118764292.00000007
S0,2079,0-8,
S0,2079,9-14,
S0,2079,0-17,
S0,2079,18-29,
S0,2079,30-65,
S0,2079,66+,
S0,2079,15-26,
S0,2079,27-45,
S0,2079,46-65,
S0,2080,00-04,37621132.0
S0,2080,05-09,39102449.0
S0,2080,10-14,40713289.0
S0,2080,15-19,42068509.99999999
S0,2080,20-24,42774972.000000015
S0,2080,25-29,43705736.0
S0,2080,30-34,45244688.0
S0,2080,35-39,47260026.0
S0,2080,40-44,49270226.0
S0,2080,45-49,50740519.0
S0,2080,50-54,51219246.0
S0,2080,55-59,50712033.00000001
S0,2080,60-64,51695801.99999999
S0,2080,65-69,51681554.0
S0,2080,70-74,49400554.99999999
S0,2080,75+,120596384.00000004
S0,2080,0-8,
S0,2080,9-14,
S0,2080,0-17,
S0,2080,18-29,
S0,2080,30-65,
S0,2080,66+,
S0,2080,15-26,
S0,2080,27-45,
S0,2080,46-65,
S0,2081,00-04,37329303.0
S0,2081,05-09,38767539.0
S0,2081,10-14,40376754.0
S0,2081,15-19,41781841.0
S0,2081,20-24,42537208.0
S0,2081,25-29,43428468.0
S0,2081,30-34,44894178.0
S0,2081,35-39,46817698.00000001
S0,2081,40-44,48856142.0
S0,2081,45-49,50453411.0
S0,2081,50-54,51109916.0
S0,2081,55-59,50689384.0
S0,2081,60-64,51206064.99999999
S0,2081,65-69,51266257.0
S0,2081,70-74,49337475.0
S0,2081,75+,122224244.00000004
S0,2081,0-8,
S0,2081,9-14,
S0,2081,0-17,
S0,2081,18-29,
S0,2081,30-65,
S0,2081,66+,
S0,2081,15-26,
S0,2081,27-45,
S0,2081,46-65,
S0,2082,00-04,37031873.0
S0,2082,05-09,38435458.99999999
S0,2082,10-14,40039510.0
S0,2082,15-19,41500291.0
S0,2082,20-24,42272639.0
S0,2082,25-29,43172333.0
S0,2082,30-34,44567384.0
S0,2082,35-39,46391643.0
S0,2082,40-44,48425853.99999999
S0,2082,45-49,50138751.0
S0,2082,50-54,50965630.00000001
S0,2082,55-59,50700586.0
S0,2082,60-64,50607380.0
S0,2082,65-69,50957509.0
S0,2082,70-74,49338167.0
S0,2082,75+,123689999.00000004
S0,2082,0-8,
S0,2082,9-14,
S0,2082,0-17,
S0,2082,18-29,
S0,2082,30-65,
S0,2082,66+,
S0,2082,15-26,
S0,2082,27-45,
S0,2082,46-65,
S0,2083,00-04,36746231.0
S0,2083,05-09,38123371.99999999
S0,2083,10-14,39696188.0
S0,2083,15-19,41197735.0
S0,2083,20-24,42007193.0
S0,2083,25-29,42934844.0
S0,2083,30-34,44262726.0
S0,2083,35-39,45977545.0
S0,2083,40-44,47987528.0
S0,2083,45-49,49803460.0
S0,2083,50-54,50781384.0
S0,2083,55-59,50679121.0
S0,2083,60-64,50295734.0
S0,2083,65-69,50423157.0
S0,2083,70-74,49365072.0
S0,2083,75+,125019987.99999996
S0,2083,0-8,
S0,2083,9-14,
S0,2083,0-17,
S0,2083,18-29,
S0,2083,30-65,
S0,2083,66+,
S0,2083,15-26,
S0,2083,27-45,
S0,2083,46-65,
S0,2084,00-04,36473163.0
S0,2084,05-09,37809907.99999999
S0,2084,10-14,39357643.0
S0,2084,15-19,40885460.0
S0,2084,20-24,41734469.0
S0,2084,25-29,42694160.0
S0,2084,30-34,43977194.0
S0,2084,35-39,45578811.0
S0,2084,40-44,47555943.0
S0,2084,45-49,49432119.0
S0,2084,50-54,50573799.0
S0,2084,55-59,50622630.0
S0,2084,60-64,49888619.0
S0,2084,65-69,50118081.0
S0,2084,70-74,49259767.0
S0,2084,75+,126296841.99999994
S0,2084,0-8,
S0,2084,9-14,
S0,2084,0-17,
S0,2084,18-29,
S0,2084,30-65,
S0,2084,66+,
S0,2084,15-26,
S0,2084,27-45,
S0,2084,46-65,
S0,2085,00-04,36212795.0
S0,2085,05-09,37501441.0
S0,2085,10-14,39030575.0
S0,2085,15-19,40550859.00000001
S0,2085,20-24,41463920.0
S0,2085,25-29,42465177.0
S0,2085,30-34,43688992.0
S0,2085,35-39,45201304.0
S0,2085,40-44,47133385.0
S0,2085,45-49,49032536.0
S0,2085,50-54,50334432.999999985
S0,2085,55-59,50531653.00000001
S0,2085,60-64,49667649.0
S0,2085,65-69,49978839.0
S0,2085,70-74,48758435.0
S0,2085,75+,127581640.00000006
S0,2085,0-8,
S0,2085,9-14,
S0,2085,0-17,
S0,2085,18-29,
S0,2085,30-65,
S0,2085,66+,
S0,2085,15-26,
S0,2085,27-45,
S0,2085,46-65,
S0,2086,00-04,35955116.0
S0,2086,05-09,37210979.0
S0,2086,10-14,38696385.0
S0,2086,15-19,40215366.0
S0,2086,20-24,41179728.0
S0,2086,25-29,42229327.0
S0,2086,30-34,43413469.0
S0,2086,35-39,44853332.0
S0,2086,40-44,46695149.0
S0,2086,45-49,48624607.0
S0,2086,50-54,50056308.99999999
S0,2086,55-59,50435560.0
S0,2086,60-64,49663729.99999999
S0,2086,65-69,49531974.0
S0,2086,70-74,48409699.0
S0,2086,75+,128735436.00000004
S0,2086,0-8,
S0,2086,9-14,
S0,2086,0-17,
S0,2086,18-29,
S0,2086,30-65,
S0,2086,66+,
S0,2086,15-26,
S0,2086,27-45,
S0,2086,46-65,
S0,2087,00-04,35721404.0
S0,2087,05-09,36914101.0
S0,2087,10-14,38364488.99999999
S0,2087,15-19,39878833.0
S0,2087,20-24,40899956.0
S0,2087,25-29,41965220.0
S0,2087,30-34,43157504.0
S0,2087,35-39,44527954.0
S0,2087,40-44,46272391.0
S0,2087,45-49,48199968.0
S0,2087,50-54,49750312.0
S0,2087,55-59,50304354.0
S0,2087,60-64,49692049.0
S0,2087,65-69,48980335.0
S0,2087,70-74,48162522.000000015
S0,2087,75+,129814579.00000004
S0,2087,0-8,
S0,2087,9-14,
S0,2087,0-17,
S0,2087,18-29,
S0,2087,30-65,
S0,2087,66+,
S0,2087,15-26,
S0,2087,27-45,
S0,2087,46-65,
S0,2088,00-04,35493071.0
S0,2088,05-09,36629886.0
S0,2088,10-14,38053216.0
S0,2088,15-19,39537478.99999999
S0,2088,20-24,40602286.0
S0,2088,25-29,41703447.0
S0,2088,30-34,42921941.00000001
S0,2088,35-39,44225679.99999999
S0,2088,40-44,45862166.0
S0,2088,45-49,47767687.999999985
S0,2088,50-54,49423988.0
S0,2088,55-59,50133651.0
S0,2088,60-64,49688199.0
S0,2088,65-69,48704867.000000015
S0,2088,70-74,47699141.99999999
S0,2088,75+,130814107.99999994
S0,2088,0-8,
S0,2088,9-14,
S0,2088,0-17,
S0,2088,18-29,
S0,2088,30-65,
S0,2088,66+,
S0,2088,15-26,
S0,2088,27-45,
S0,2088,46-65,
S0,2089,00-04,35272975.0
S0,2089,05-09,36358206.00000001
S0,2089,10-14,37740532.0
S0,2089,15-19,39200262.0
S0,2089,20-24,40293560.0
S0,2089,25-29,41433547.0
S0,2089,30-34,42683071.0
S0,2089,35-39,43942456.00000001
S0,2089,40-44,45467166.00000001
S0,2089,45-49,47341956.99999999
S0,2089,50-54,49061644.0
S0,2089,55-59,49939562.0
S0,2089,60-64,49649619.0
S0,2089,65-69,48338418.0
S0,2089,70-74,47453577.0
S0,2089,75+,131659695.00000004
S0,2089,0-8,
S0,2089,9-14,
S0,2089,0-17,
S0,2089,18-29,
S0,2089,30-65,
S0,2089,66+,
S0,2089,15-26,
S0,2089,27-45,
S0,2089,46-65,
S0,2090,00-04,35058088.0
S0,2090,05-09,36098546.0
S0,2090,10-14,37432407.0
S0,2090,15-19,38874183.0
S0,2090,20-24,39962033.0
S0,2090,25-29,41164783.0
S0,2090,30-34,42454684.0
S0,2090,35-39,43655693.0
S0,2090,40-44,45092725.00000001
S0,2090,45-49,46924732.0
S0,2090,50-54,48670831.99999999
S0,2090,55-59,49713608.0
S0,2090,60-64,49576724.0
S0,2090,65-69,48151153.00000001
S0,2090,70-74,47357852.0
S0,2090,75+,132163017.00000004
S0,2090,0-8,
S0,2090,9-14,
S0,2090,0-17,
S0,2090,18-29,
S0,2090,30-65,
S0,2090,66+,
S0,2090,15-26,
S0,2090,27-45,
S0,2090,46-65,
S0,2091,00-04,34841350.0
S0,2091,05-09,35841960.0
S0,2091,10-14,37142519.0
S0,2091,15-19,38540842.00000001
S0,2091,20-24,39628901.00000001
S0,2091,25-29,40882216.0
S0,2091,30-34,42220051.99999999
S0,2091,35-39,43382069.0
S0,2091,40-44,44747984.0
S0,2091,45-49,46492014.0
S0,2091,50-54,48271759.99999999
S0,2091,55-59,49449316.0
S0,2091,60-64,49498716.0
S0,2091,65-69,48172512.0
S0,2091,70-74,46969998.00000001
S0,2091,75+,132719405.0
S0,2091,0-8,
S0,2091,9-14,
S0,2091,0-17,
S0,2091,18-29,
S0,2091,30-65,
S0,2091,66+,
S0,2091,15-26,
S0,2091,27-45,
S0,2091,46-65,
S0,2092,00-04,34622732.0
S0,2092,05-09,35609657.0
S0,2092,10-14,36846447.0
S0,2092,15-19,38210147.00000001
S0,2092,20-24,39295155.99999999
S0,2092,25-29,40604486.99999999
S0,2092,30-34,41957714.0
S0,2092,35-39,43128331.00000001
S0,2092,40-44,44425960.0
S0,2092,45-49,46074743.0
S0,2092,50-54,47856016.0
S0,2092,55-59,49157261.0
S0,2092,60-64,49385916.0
S0,2092,65-69,48224401.0
S0,2092,70-74,46484979.0
S0,2092,75+,133329366.99999996
S0,2092,0-8,
S0,2092,9-14,
S0,2092,0-17,
S0,2092,18-29,
S0,2092,30-65,
S0,2092,66+,
S0,2092,15-26,
S0,2092,27-45,
S0,2092,46-65,
S0,2093,00-04,34400311.0
S0,2093,05-09,35381634.00000001
S0,2093,10-14,36562349.0
S0,2093,15-19,37900238.0
S0,2093,20-24,38957745.0
S0,2093,25-29,40308610.0
S0,2093,30-34,41695894.0
S0,2093,35-39,42893528.99999999
S0,2093,40-44,44126056.99999999
S0,2093,45-49,45669334.0
S0,2093,50-54,47432213.99999999
S0,2093,55-59,48844657.0
S0,2093,60-64,49233935.0
S0,2093,65-69,48244876.00000001
S0,2093,70-74,46260275.0
S0,2093,75+,133691979.00000006
S0,2093,0-8,
S0,2093,9-14,
S0,2093,0-17,
S0,2093,18-29,
S0,2093,30-65,
S0,2093,66+,
S0,2093,15-26,
S0,2093,27-45,
S0,2093,46-65,
S0,2094,00-04,34160967.00000001
S0,2094,05-09,35161887.0
S0,2094,10-14,36290793.00000001
S0,2094,15-19,37588212.00000001
S0,2094,20-24,38622918.0
S0,2094,25-29,40000797.0
S0,2094,30-34,41425967.00000001
S0,2094,35-39,42655494.0
S0,2094,40-44,43845120.0
S0,2094,45-49,45278963.0
S0,2094,50-54,47014670.0
S0,2094,55-59,48496070.0
S0,2094,60-64,49058475.00000001
S0,2094,65-69,48231016.0
S0,2094,70-74,45951577.000000015
S0,2094,75+,134150678.00000004
S0,2094,0-8,
S0,2094,9-14,
S0,2094,0-17,
S0,2094,18-29,
S0,2094,30-65,
S0,2094,66+,
S0,2094,15-26,
S0,2094,27-45,
S0,2094,46-65,
S0,2095,00-04,33916262.0
S0,2095,05-09,34947671.0
S0,2095,10-14,36031468.0
S0,2095,15-19,37281117.0
S0,2095,20-24,38300081.00000001
S0,2095,25-29,39671171.0
S0,2095,30-34,41157792.0
S0,2095,35-39,42428266.0
S0,2095,40-44,43560853.0
S0,2095,45-49,44909165.0
S0,2095,50-54,46605558.0
S0,2095,55-59,48119233.0
S0,2095,60-64,48851577.000000015
S0,2095,65-69,48183854.0
S0,2095,70-74,45812473.0
S0,2095,75+,134457057.0
S0,2095,0-8,
S0,2095,9-14,
S0,2095,0-17,
S0,2095,18-29,
S0,2095,30-65,
S0,2095,66+,
S0,2095,15-26,
S0,2095,27-45,
S0,2095,46-65,
S0,2096,00-04,33666490.0
S0,2096,05-09,34733110.0
S0,2096,10-14,35776217.0
S0,2096,15-19,36993171.99999999
S0,2096,20-24,37971765.0
S0,2096,25-29,39342788.0
S0,2096,30-34,40878558.0
S0,2096,35-39,42196618.99999999
S0,2096,40-44,43290801.0
S0,2096,45-49,44569598.0
S0,2096,50-54,46181403.0
S0,2096,55-59,47734308.00000001
S0,2096,60-64,48606839.0
S0,2096,65-69,48131230.0
S0,2096,70-74,45868352.0
S0,2096,75+,134564853.0
S0,2096,0-8,
S0,2096,9-14,
S0,2096,0-17,
S0,2096,18-29,
S0,2096,30-65,
S0,2096,66+,
S0,2096,15-26,
S0,2096,27-45,
S0,2096,46-65,
S0,2097,00-04,33414878.0
S0,2097,05-09,34516961.0
S0,2097,10-14,35545432.0
S0,2097,15-19,36699224.0
S0,2097,20-24,37646492.99999999
S0,2097,25-29,39014360.0
S0,2097,30-34,40604638.0
S0,2097,35-39,41937653.0
S0,2097,40-44,43040786.00000001
S0,2097,45-49,44252746.0
S0,2097,50-54,45772598.99999999
S0,2097,55-59,47332796.0
S0,2097,60-64,48334648.0
S0,2097,65-69,48044642.0
S0,2097,70-74,45952708.0
S0,2097,75+,134658314.00000003
S0,2097,0-8,
S0,2097,9-14,
S0,2097,0-17,
S0,2097,18-29,
S0,2097,30-65,
S0,2097,66+,
S0,2097,15-26,
S0,2097,27-45,
S0,2097,46-65,
S0,2098,00-04,33161606.0
S0,2098,05-09,34295543.99999999
S0,2098,10-14,35317981.0
S0,2098,15-19,36416563.0
S0,2098,20-24,37341091.0
S0,2098,25-29,38680221.0
S0,2098,30-34,40310063.0
S0,2098,35-39,41677387.99999999
S0,2098,40-44,42808471.00000001
S0,2098,45-49,43957085.0
S0,2098,50-54,45374890.0
S0,2098,55-59,46922619.0
S0,2098,60-64,48041485.00000001
S0,2098,65-69,47919080.0
S0,2098,70-74,46006365.0
S0,2098,75+,134783397.99999994
S0,2098,0-8,
S0,2098,9-14,
S0,2098,0-17,
S0,2098,18-29,
S0,2098,30-65,
S0,2098,66+,
S0,2098,15-26,
S0,2098,27-45,
S0,2098,46-65,
S0,2099,00-04,32906363.0
S0,2099,05-09,34058208.0
S0,2099,10-14,35099413.0
S0,2099,15-19,36146375.0
S0,2099,20-24,37032970.0
S0,2099,25-29,38349245.0
S0,2099,30-34,40005189.0
S0,2099,35-39,41410232.0
S0,2099,40-44,42573643.0
S0,2099,45-49,43680713.0
S0,2099,50-54,44992291.0
S0,2099,55-59,46518549.99999999
S0,2099,60-64,47712664.0
S0,2099,65-69,47770275.0
S0,2099,70-74,46026901.0
S0,2099,75+,134944931.00000006
S0,2099,0-8,
S0,2099,9-14,
S0,2099,0-17,
S0,2099,18-29,
S0,2099,30-65,
S0,2099,66+,
S0,2099,15-26,
S0,2099,27-45,
S0,2099,46-65,
S0,2100,00-04,32657301.0
S0,2100,05-09,33815668.0
S0,2100,10-14,34886496.99999999
S0,2100,15-19,35888836.0
S0,2100,20-24,36730566.0
S0,2100,25-29,38030842.00000001
S0,2100,30-34,39678832.0
S0,2100,35-39,41144998.0
S0,2100,40-44,42349689.0
S0,2100,45-49,43401064.0
S0,2100,50-54,44630128.00000001
S0,2100,55-59,46122687.0
S0,2100,60-64,47355832.000000015
S0,2100,65-69,47590638.99999999
S0,2100,70-74,46015711.0
S0,2100,75+,135146993.99999994
S0,2100,0-8,
S0,2100,9-14,
S0,2100,0-17,
S0,2100,18-29,
S0,2100,30-65,
S0,2100,66+,
S0,2100,15-26,
S0,2100,27-45,
S0,2100,46-65,
S1,1950,00-04,
S1,1950,05-09,
S1,1950,10-14,
S1,1950,15-19,17060327.0
S1,1950,20-24,14931807.0
S1,1950,25-29,13138780.0
S1,1950,30-34,11674625.0
S1,1950,35-39,10240924.0
S1,1950,40-44,8926490.0
S1,1950,45-49,7046190.000000001
S1,1950,50-54,6208254.999999999
S1,1950,55-59,4310663.0
S1,1950,60-64,3846297.0
S1,1950,65-69,2117012.0
S1,1950,70-74,1660576.0
S1,1950,75+,1624266.0000000002
S1,1950,0-8,40949368.0
S1,1950,9-14,22929451.0
S1,1950,0-17,
S1,1950,18-29,
S1,1950,30-65,
S1,1950,66+,
S1,1950,15-26,
S1,1950,27-45,
S1,1950,46-65,
S1,1951,00-04,
S1,1951,05-09,
S1,1951,10-14,
S1,1951,15-19,17352844.0
S1,1951,20-24,15220362.0
S1,1951,25-29,13346192.0
S1,1951,30-34,11851023.0
S1,1951,35-39,10382906.0
S1,1951,40-44,9159900.0
S1,1951,45-49,7201187.0
S1,1951,50-54,6397463.0
S1,1951,55-59,4421449.0
S1,1951,60-64,3942796.0
S1,1951,65-69,2232814.0
S1,1951,70-74,1648565.0
S1,1951,75+,1627336.0000000005
S1,1951,0-8,42233193.199999996
S1,1951,9-14,23141069.799999997
S1,1951,0-17,
S1,1951,18-29,
S1,1951,30-65,
S1,1951,66+,
S1,1951,15-26,
S1,1951,27-45,
S1,1951,46-65,
S1,1952,00-04,
S1,1952,05-09,
S1,1952,10-14,
S1,1952,15-19,17665795.0
S1,1952,20-24,15539116.0
S1,1952,25-29,13578527.0
S1,1952,30-34,12029851.0
S1,1952,35-39,10549171.0
S1,1952,40-44,9335768.0
S1,1952,45-49,7457234.0
S1,1952,50-54,6467746.0
S1,1952,55-59,4663431.0
S1,1952,60-64,3925707.0
S1,1952,65-69,2449961.0
S1,1952,70-74,1592868.0
S1,1952,75+,1647319.0
S1,1952,0-8,43632940.599999994
S1,1952,9-14,23310542.4
S1,1952,0-17,
S1,1952,18-29,
S1,1952,30-65,
S1,1952,66+,
S1,1952,15-26,
S1,1952,27-45,
S1,1952,46-65,
S1,1953,00-04,
S1,1953,05-09,
S1,1953,10-14,
S1,1953,15-19,17984209.0
S1,1953,20-24,15874406.0
S1,1953,25-29,13828841.0
S1,1953,30-34,12207582.0
S1,1953,35-39,10737639.0
S1,1953,40-44,9457059.000000002
S1,1953,45-49,7786467.000000001
S1,1953,50-54,6454929.0
S1,1953,55-59,5017669.0
S1,1953,60-64,3810823.0
S1,1953,65-69,2726255.0
S1,1953,70-74,1532670.0
S1,1953,75+,1673195.999999999
S1,1953,0-8,45172491.599999994
S1,1953,9-14,23457552.400000002
S1,1953,0-17,
S1,1953,18-29,
S1,1953,30-65,
S1,1953,66+,
S1,1953,15-26,
S1,1953,27-45,
S1,1953,46-65,
S1,1954,00-04,
S1,1954,05-09,
S1,1954,10-14,
S1,1954,15-19,18255717.0
S1,1954,20-24,16195024.0
S1,1954,25-29,14079398.0
S1,1954,30-34,12378523.0
S1,1954,35-39,10924532.0
S1,1954,40-44,9555878.0
S1,1954,45-49,8123413.0
S1,1954,50-54,6438438.999999999
S1,1954,55-59,5372191.0
S1,1954,60-64,3706736.0
S1,1954,65-69,2980397.0
S1,1954,70-74,1505397.0
S1,1954,75+,1693103.0000000005
S1,1954,0-8,46827638.0
S1,1954,9-14,23627356.0
S1,1954,0-17,
S1,1954,18-29,
S1,1954,30-65,
S1,1954,66+,
S1,1954,15-26,
S1,1954,27-45,
S1,1954,46-65,
S1,1955,00-04,
S1,1955,05-09,
S1,1955,10-14,
S1,1955,15-19,18459549.0
S1,1955,20-24,16519290.0
S1,1955,25-29,14363822.0
S1,1955,30-34,12579305.0
S1,1955,35-39,11110079.0
S1,1955,40-44,9688561.0
S1,1955,45-49,8395114.0
S1,1955,50-54,6528090.0
S1,1955,55-59,5615175.0
S1,1955,60-64,3735753.0
S1,1955,65-69,3124576.0
S1,1955,70-74,1557511.0
S1,1955,75+,1699214.9999999995
S1,1955,0-8,48512802.400000006
S1,1955,9-14,24005870.599999998
S1,1955,0-17,
S1,1955,18-29,
S1,1955,30-65,
S1,1955,66+,
S1,1955,15-26,
S1,1955,27-45,
S1,1955,46-65,
S1,1956,00-04,
S1,1956,05-09,
S1,1956,10-14,
S1,1956,15-19,18616449.0
S1,1956,20-24,16816979.0
S1,1956,25-29,14659297.0
S1,1956,30-34,12794647.0
S1,1956,35-39,11292171.0
S1,1956,40-44,9834713.0
S1,1956,45-49,8623682.0
S1,1956,50-54,6680527.0
S1,1956,55-59,5792407.999999999
S1,1956,60-64,3841883.0
S1,1956,65-69,3206418.0
S1,1956,70-74,1652140.0
S1,1956,75+,1701887.9999999998
S1,1956,0-8,50224928.0
S1,1956,9-14,24500830.999999996
S1,1956,0-17,
S1,1956,18-29,
S1,1956,30-65,
S1,1956,66+,
S1,1956,15-26,
S1,1956,27-45,
S1,1956,46-65,
S1,1957,00-04,
S1,1957,05-09,
S1,1957,10-14,
S1,1957,15-19,18718049.0
S1,1957,20-24,17133233.0
S1,1957,25-29,14978011.0
S1,1957,30-34,13027729.0
S1,1957,35-39,11472136.0
S1,1957,40-44,10001070.0
S1,1957,45-49,8796728.0
S1,1957,50-54,6925730.0
S1,1957,55-59,5862153.0
S1,1957,60-64,4061656.0
S1,1957,65-69,3196900.0
S1,1957,70-74,1820607.0
S1,1957,75+,1685212.999999999
S1,1957,0-8,51957545.19999999
S1,1957,9-14,25094671.799999997
S1,1957,0-17,
S1,1957,18-29,
S1,1957,30-65,
S1,1957,66+,
S1,1957,15-26,
S1,1957,27-45,
S1,1957,46-65,
S1,1958,00-04,
S1,1958,05-09,
S1,1958,10-14,
S1,1958,15-19,18763671.0
S1,1958,20-24,17411675.0
S1,1958,25-29,15270897.0
S1,1958,30-34,13246627.0
S1,1958,35-39,11629794.0
S1,1958,40-44,10174631.0
S1,1958,45-49,8909641.0
S1,1958,50-54,7233004.0
S1,1958,55-59,5853747.0
S1,1958,60-64,4375402.999999999
S1,1958,65-69,3107562.0
S1,1958,70-74,2030808.0
S1,1958,75+,1668364.0000000005
S1,1958,0-8,53697395.400000006
S1,1958,9-14,25748539.6
S1,1958,0-17,
S1,1958,18-29,
S1,1958,30-65,
S1,1958,66+,
S1,1958,15-26,
S1,1958,27-45,
S1,1958,46-65,
S1,1959,00-04,
S1,1959,05-09,
S1,1959,10-14,
S1,1959,15-19,18872035.0
S1,1959,20-24,17707558.0
S1,1959,25-29,15613291.0
S1,1959,30-34,13514564.0
S1,1959,35-39,11814255.0
S1,1959,40-44,10368557.0
S1,1959,45-49,9015713.0
S1,1959,50-54,7556608.0
S1,1959,55-59,5848856.0
S1,1959,60-64,4692302.0
S1,1959,65-69,3031785.0
S1,1959,70-74,2223949.0
S1,1959,75+,1670413.999999999
S1,1959,0-8,55487692.80000001
S1,1959,9-14,26427213.2
S1,1959,0-17,
S1,1959,18-29,
S1,1959,30-65,
S1,1959,66+,
S1,1959,15-26,
S1,1959,27-45,
S1,1959,46-65,
S1,1960,00-04,
S1,1960,05-09,
S1,1960,10-14,
S1,1960,15-19,19073866.0
S1,1960,20-24,17914180.0
S1,1960,25-29,15932621.0
S1,1960,30-34,13793116.0
S1,1960,35-39,12011481.0
S1,1960,40-44,10550521.0
S1,1960,45-49,9146388.0
S1,1960,50-54,7814592.000000001
S1,1960,55-59,5937282.0
S1,1960,60-64,4909045.999999999
S1,1960,65-69,3064597.0
S1,1960,70-74,2332625.0
S1,1960,75+,1714862.0
S1,1960,0-8,56918986.80000001
S1,1960,9-14,27507540.2
S1,1960,0-17,
S1,1960,18-29,
S1,1960,30-65,
S1,1960,66+,
S1,1960,15-26,
S1,1960,27-45,
S1,1960,46-65,
S1,1961,00-04,
S1,1961,05-09,
S1,1961,10-14,
S1,1961,15-19,19372038.0
S1,1961,20-24,18080275.0
S1,1961,25-29,16232733.0
S1,1961,30-34,14087363.0
S1,1961,35-39,12225963.0
S1,1961,40-44,10731345.0
S1,1961,45-49,9291059.000000002
S1,1961,50-54,8033222.0
S1,1961,55-59,6083420.999999998
S1,1961,60-64,5068401.0
S1,1961,65-69,3161224.0
S1,1961,70-74,2394427.0
S1,1961,75+,1783886.0
S1,1961,0-8,58342798.40000001
S1,1961,9-14,28675301.599999998
S1,1961,0-17,
S1,1961,18-29,
S1,1961,30-65,
S1,1961,66+,
S1,1961,15-26,
S1,1961,27-45,
S1,1961,46-65,
S1,1962,00-04,
S1,1962,05-09,
S1,1962,10-14,
S1,1962,15-19,19750181.69399006
S1,1962,20-24,18198651.01410403
S1,1962,25-29,16556574.72466346
S1,1962,30-34,14404404.159537662
S1,1962,35-39,12457641.43858278
S1,1962,40-44,10910648.70398904
S1,1962,45-49,9456595.251280127
S1,1962,50-54,8199762.007092219
S1,1962,55-59,6310897.4218746
S1,1962,60-64,5135570.21579227
S1,1962,65-69,3349559.020222574
S1,1962,70-74,2388358.951839113
S1,1962,75+,1886771.603399818
S1,1962,0-8,59738661.83205922
S1,1962,9-14,29906270.66040363
S1,1962,0-17,
S1,1962,18-29,
S1,1962,30-65,
S1,1962,66+,
S1,1962,15-26,
S1,1962,27-45,
S1,1962,46-65,
S1,1963,00-04,
S1,1963,05-09,
S1,1963,10-14,
S1,1963,15-19,20143766.90925426
S1,1963,20-24,18260699.64140507
S1,1963,25-29,16865937.95291168
S1,1963,30-34,14716079.62644846
S1,1963,35-39,12692224.42400993
S1,1963,40-44,11081167.69293476
S1,1963,45-49,9640427.012766916
S1,1963,50-54,8314622.894059751
S1,1963,55-59,6591905.404895756
S1,1963,60-64,5140464.667462206
S1,1963,65-69,3611989.0194478715
S1,1963,70-74,2325054.244882902
S1,1963,75+,2014327.1146230414
S1,1963,0-8,61078585.87635686
S1,1963,9-14,31227015.187969793
S1,1963,0-17,
S1,1963,18-29,
S1,1963,30-65,
S1,1963,66+,
S1,1963,15-26,
S1,1963,27-45,
S1,1963,46-65,
S1,1964,00-04,
S1,1964,05-09,
S1,1964,10-14,
S1,1964,15-19,20516674.38674956
S1,1964,20-24,18358125.1286619
S1,1964,25-29,17153349.80158377
S1,1964,30-34,15034420.027270209
S1,1964,35-39,12945808.916565903
S1,1964,40-44,11260176.71999246
S1,1964,45-49,9836334.71417207
S1,1964,50-54,8415399.411627134
S1,1964,55-59,6876525.860216473
S1,1964,60-64,5149580.562893596
S1,1964,65-69,3870121.609543537
S1,1964,70-74,2272859.085441827
S1,1964,75+,2137230.994338724
S1,1964,0-8,62377620.011928305
S1,1964,9-14,32674028.136084907
S1,1964,0-17,
S1,1964,18-29,
S1,1964,30-65,
S1,1964,66+,
S1,1964,15-26,
S1,1964,27-45,
S1,1964,46-65,
S1,1965,00-04,
S1,1965,05-09,
S1,1965,10-14,
S1,1965,15-19,21336235.381941564
S1,1965,20-24,18542736.71724906
S1,1965,25-29,17359844.75029397
S1,1965,30-34,15331345.90985531
S1,1965,35-39,13211726.71093914
S1,1965,40-44,11453789.591653258
S1,1965,45-49,10025835.65813167
S1,1965,50-54,8538257.76381451
S1,1965,55-59,7094132.083637696
S1,1965,60-64,5243618.527608255
S1,1965,65-69,4040366.456135126
S1,1965,70-74,2302736.751105186
S1,1965,75+,2225010.6322815698
S1,1965,0-8,63632935.843789026
S1,1965,9-14,33740026.55705785
S1,1965,0-17,
S1,1965,18-29,
S1,1965,30-65,
S1,1965,66+,
S1,1965,15-26,
S1,1965,27-45,
S1,1965,46-65,
S1,1966,00-04,
S1,1966,05-09,
S1,1966,10-14,
S1,1966,15-19,22224835.935937434
S1,1966,20-24,18808865.40179133
S1,1966,25-29,17517685.84254968
S1,1966,30-34,15596446.80749581
S1,1966,35-39,13483742.31472098
S1,1966,40-44,11657609.26613546
S1,1966,45-49,10211785.32604277
S1,1966,50-54,8666212.400531916
S1,1966,55-59,7261211.105162537
S1,1966,60-64,5383736.540686164
S1,1966,65-69,4150540.265010537
S1,1966,70-74,2373963.679061627
S1,1966,75+,2285277.4276648094
S1,1966,0-8,64656738.605922274
S1,1966,9-14,34746884.9656045
S1,1966,0-17,
S1,1966,18-29,
S1,1966,30-65,
S1,1966,66+,
S1,1966,15-26,
S1,1966,27-45,
S1,1966,46-65,
S1,1967,00-04,
S1,1967,05-09,
S1,1967,10-14,
S1,1967,15-19,23151285.320758924
S1,1967,20-24,19134626.68263458
S1,1967,25-29,17604076.92817036
S1,1967,30-34,15857121.21593007
S1,1967,35-39,13762965.04619779
S1,1967,40-44,11869554.385952748
S1,1967,45-49,10394524.572284
S1,1967,50-54,8807447.734003622
S1,1967,55-59,7372584.799357754
S1,1967,60-64,5598927.133600639
S1,1967,65-69,4179579.7679370884
S1,1967,70-74,2512361.773273564
S1,1967,75+,2320395.282986428
S1,1967,0-8,65609822.42005229
S1,1967,9-14,35717537.14735081
S1,1967,0-17,
S1,1967,18-29,
S1,1967,30-65,
S1,1967,66+,
S1,1967,15-26,
S1,1967,27-45,
S1,1967,46-65,
S1,1968,00-04,
S1,1968,05-09,
S1,1968,10-14,
S1,1968,15-19,24180867.74942991
S1,1968,20-24,19542629.263384
S1,1968,25-29,17697482.53422804
S1,1968,30-34,16143198.53755858
S1,1968,35-39,14070364.79068618
S1,1968,40-44,12106315.17250535
S1,1968,45-49,10585597.98946753
S1,1968,50-54,8969150.662053607
S1,1968,55-59,7436778.226485093
S1,1968,60-64,5871540.452025494
S1,1968,65-69,4155175.288358379
S1,1968,70-74,2704425.115770223
S1,1968,75+,2333093.5790967937
S1,1968,0-8,66533982.89380663
S1,1968,9-14,36643920.56188996
S1,1968,0-17,
S1,1968,18-29,
S1,1968,30-65,
S1,1968,66+,
S1,1968,15-26,
S1,1968,27-45,
S1,1968,46-65,
S1,1969,00-04,
S1,1969,05-09,
S1,1969,10-14,
S1,1969,15-19,25289177.06681523
S1,1969,20-24,19882105.58786231
S1,1969,25-29,17767243.7789714
S1,1969,30-34,16357814.65139089
S1,1969,35-39,14358471.65688546
S1,1969,40-44,12346904.10988682
S1,1969,45-49,10780291.34821535
S1,1969,50-54,9134807.613228245
S1,1969,55-59,7484508.081520477
S1,1969,60-64,6158643.292676582
S1,1969,65-69,4134981.338485821
S1,1969,70-74,2896257.359574419
S1,1969,75+,2358726.4882446714
S1,1969,0-8,67572759.48717222
S1,1969,9-14,37507871.59256828
S1,1969,0-17,
S1,1969,18-29,
S1,1969,30-65,
S1,1969,66+,
S1,1969,15-26,
S1,1969,27-45,
S1,1969,46-65,
S1,1970,00-04,
S1,1970,05-09,
S1,1970,10-14,
S1,1970,15-19,26037155.90552492
S1,1970,20-24,20694996.35293745
S1,1970,25-29,17945527.0624898
S1,1970,30-34,16503976.81892124
S1,1970,35-39,14638977.98823146
S1,1970,40-44,12608049.25084291
S1,1970,45-49,10997041.025324598
S1,1970,50-54,9292639.327137345
S1,1970,55-59,7548701.150406871
S1,1970,60-64,6395518.623281151
S1,1970,65-69,4178951.378345416
S1,1970,70-74,3022737.53501222
S1,1970,75+,2417727.424822233
S1,1970,0-8,68569925.05173752
S1,1970,9-14,38317986.37917867
S1,1970,0-17,
S1,1970,18-29,
S1,1970,30-65,
S1,1970,66+,
S1,1970,15-26,
S1,1970,27-45,
S1,1970,46-65,
S1,1971,00-04,
S1,1971,05-09,
S1,1971,10-14,
S1,1971,15-19,26769175.52513341
S1,1971,20-24,21681172.41166079
S1,1971,25-29,18289929.21950043
S1,1971,30-34,16658476.307778697
S1,1971,35-39,14933227.043475978
S1,1971,40-44,12905345.84272534
S1,1971,45-49,11247221.35349189
S1,1971,50-54,9457124.557483723
S1,1971,55-59,7624279.092430008
S1,1971,60-64,6606036.082566848
S1,1971,65-69,4262563.519862787
S1,1971,70-74,3112838.727542961
S1,1971,75+,2496938.976700645
S1,1971,0-8,69570282.2912815
S1,1971,9-14,39143127.95310177
S1,1971,0-17,
S1,1971,18-29,
S1,1971,30-65,
S1,1971,66+,
S1,1971,15-26,
S1,1971,27-45,
S1,1971,46-65,
S1,1972,00-04,
S1,1972,05-09,
S1,1972,10-14,
S1,1972,15-19,27398477.995016545
S1,1972,20-24,22651936.588993475
S1,1972,25-29,18640744.35498422
S1,1972,30-34,16703803.65197907
S1,1972,35-39,15203281.56043484
S1,1972,40-44,13196973.76611054
S1,1972,45-49,11499296.13387575
S1,1972,50-54,9608448.957822481
S1,1972,55-59,7704099.297552317
S1,1972,60-64,6772984.98912208
S1,1972,65-69,4397923.431111789
S1,1972,70-74,3145957.187438638
S1,1972,75+,2606530.1090639993
S1,1972,0-8,70573991.91783139
S1,1972,9-14,39958565.806734286
S1,1972,0-17,
S1,1972,18-29,
S1,1972,30-65,
S1,1972,66+,
S1,1972,15-26,
S1,1972,27-45,
S1,1972,46-65,
S1,1973,00-04,
S1,1973,05-09,
S1,1973,10-14,
S1,1973,15-19,28000670.44621785
S1,1973,20-24,23787639.45821768
S1,1973,25-29,19100093.77823553
S1,1973,30-34,16761163.83189622
S1,1973,35-39,15505119.68361227
S1,1973,40-44,13519992.944877442
S1,1973,45-49,11780335.81809274
S1,1973,50-54,9764801.720613847
S1,1973,55-59,7799845.397191834
S1,1973,60-64,6907395.640222812
S1,1973,65-69,4573045.544755243
S1,1973,70-74,3145018.923376402
S1,1973,75+,2739333.2231780547
S1,1973,0-8,71573137.76356898
S1,1973,9-14,40802350.64023099
S1,1973,0-17,
S1,1973,18-29,
S1,1973,30-65,
S1,1973,66+,
S1,1973,15-26,
S1,1973,27-45,
S1,1973,46-65,
S1,1974,00-04,
S1,1974,05-09,
S1,1974,10-14,
S1,1974,15-19,28504370.82597759
S1,1974,20-24,25033604.108169645
S1,1974,25-29,19535725.70615627
S1,1974,30-34,16831059.4932156
S1,1974,35-39,15768292.32618806
S1,1974,40-44,13843139.97033866
S1,1974,45-49,12077616.03780019
S1,1974,50-54,9924868.892626578
S1,1974,55-59,7897164.800637681
S1,1974,60-64,7033852.437549105
S1,1974,65-69,4750125.591240016
S1,1974,70-74,3149617.276142332
S1,1974,75+,2875435.0006616744
S1,1974,0-8,72597219.83638123
S1,1974,9-14,41673640.805061474
S1,1974,0-17,
S1,1974,18-29,
S1,1974,30-65,
S1,1974,66+,
S1,1974,15-26,
S1,1974,27-45,
S1,1974,46-65,
S1,1975,00-04,
S1,1975,05-09,
S1,1975,10-14,
S1,1975,15-19,28968630.64584916
S1,1975,20-24,25985120.46838872
S1,1975,25-29,20485361.2738971
S1,1975,30-34,17029257.65383154
S1,1975,35-39,15986756.565681309
S1,1975,40-44,14173404.791232921
S1,1975,45-49,12406839.11460932
S1,1975,50-54,10108034.96388168
S1,1975,55-59,7990761.609374117
S1,1975,60-64,7188681.628768248
S1,1975,65-69,4886933.394688602
S1,1975,70-74,3210789.77838514
S1,1975,75+,2994949.724725446
S1,1975,0-8,73673443.20352319
S1,1975,9-14,42565806.51958444
S1,1975,0-17,
S1,1975,18-29,
S1,1975,30-65,
S1,1975,66+,
S1,1975,15-26,
S1,1975,27-45,
S1,1975,46-65,
S1,1976,00-04,
S1,1976,05-09,
S1,1976,10-14,
S1,1976,15-19,29434844.97486167
S1,1976,20-24,26897860.0798333
S1,1976,25-29,21545621.26849646
S1,1976,30-34,17321589.03136518
S1,1976,35-39,16171594.40479342
S1,1976,40-44,14489759.35088846
S1,1976,45-49,12755995.50154577
S1,1976,50-54,10308198.39586606
S1,1976,55-59,8083705.139359787
S1,1976,60-64,7359396.384117177
S1,1976,65-69,4998609.824314555
S1,1976,70-74,3306211.1106340224
S1,1976,75+,3106872.0234239837
S1,1976,0-8,74723427.60560718
S1,1976,9-14,43405926.864299215
S1,1976,0-17,
S1,1976,18-29,
S1,1976,30-65,
S1,1976,66+,
S1,1976,15-26,
S1,1976,27-45,
S1,1976,46-65,
S1,1977,00-04,
S1,1977,05-09,
S1,1977,10-14,
S1,1977,15-19,29890011.790996388
S1,1977,20-24,27764780.04209098
S1,1977,25-29,22674729.685727105
S1,1977,30-34,17686679.93631513
S1,1977,35-39,16303583.22148989
S1,1977,40-44,14818789.376033008
S1,1977,45-49,13125169.82539332
S1,1977,50-54,10521452.2320575
S1,1977,55-59,8174169.586987307
S1,1977,60-64,7548396.24186105
S1,1977,65-69,5078726.39328256
S1,1977,70-74,3447614.186840062
S1,1977,75+,3204107.2127593174
S1,1977,0-8,75845416.31315967
S1,1977,9-14,44246814.39316833
S1,1977,0-17,
S1,1977,18-29,
S1,1977,30-65,
S1,1977,66+,
S1,1977,15-26,
S1,1977,27-45,
S1,1977,46-65,
S1,1978,00-04,
S1,1978,05-09,
S1,1978,10-14,
S1,1978,15-19,30362423.03528946
S1,1978,20-24,28600762.38496818
S1,1978,25-29,23935655.21775227
S1,1978,30-34,18114391.34545304
S1,1978,35-39,16421431.7630453
S1,1978,40-44,15162393.97842724
S1,1978,45-49,13516415.72784586
S1,1978,50-54,10752238.8655262
S1,1978,55-59,8266315.501250257
S1,1978,60-64,7757655.143592278
S1,1978,65-69,5131763.591696717
S1,1978,70-74,3621546.374509905
S1,1978,75+,3294019.6846646615
S1,1978,0-8,76896220.36826923
S1,1978,9-14,45105175.72060723
S1,1978,0-17,
S1,1978,18-29,
S1,1978,30-65,
S1,1978,66+,
S1,1978,15-26,
S1,1978,27-45,
S1,1978,46-65,
S1,1979,00-04,
S1,1979,05-09,
S1,1979,10-14,
S1,1979,15-19,30821603.961267255
S1,1979,20-24,29307954.95516092
S1,1979,25-29,25286905.373669855
S1,1979,30-34,18502938.07078817
S1,1979,35-39,16545004.41136659
S1,1979,40-44,15465379.53573801
S1,1979,45-49,13907479.540116
S1,1979,50-54,10994638.64082383
S1,1979,55-59,8362568.819286676
S1,1979,60-64,7974112.132301649
S1,1979,65-69,5177145.720288037
S1,1979,70-74,3798386.827220795
S1,1979,75+,3388047.344648842
S1,1979,0-8,77920212.08757046
S1,1979,9-14,45996192.59369449
S1,1979,0-17,
S1,1979,18-29,
S1,1979,30-65,
S1,1979,66+,
S1,1979,15-26,
S1,1979,27-45,
S1,1979,46-65,
S1,1980,00-04,
S1,1980,05-09,
S1,1980,10-14,
S1,1980,15-19,31332052.10467919
S1,1980,20-24,30023790.98690074
S1,1980,25-29,26361386.11093729
S1,1980,30-34,19372832.76989682
S1,1980,35-39,16792433.89463427
S1,1980,40-44,15723154.63653627
S1,1980,45-49,14305713.78933075
S1,1980,50-54,11263725.83253258
S1,1980,55-59,8479881.285101779
S1,1980,60-64,8191596.13800936
S1,1980,65-69,5241550.515410047
S1,1980,70-74,3943252.1143047875
S1,1980,75+,3503462.2694775513
S1,1980,0-8,79084322.88917242
S1,1980,9-14,46899291.72781718
S1,1980,0-17,
S1,1980,18-29,
S1,1980,30-65,
S1,1980,66+,
S1,1980,15-26,
S1,1980,27-45,
S1,1980,46-65,
S1,1981,00-04,
S1,1981,05-09,
S1,1981,10-14,
S1,1981,15-19,31762525.26373774
S1,1981,20-24,30711730.555245273
S1,1981,25-29,27360522.21380649
S1,1981,30-34,20313317.27399172
S1,1981,35-39,17113010.93801041
S1,1981,40-44,15935190.979688339
S1,1981,45-49,14682100.0490903
S1,1981,50-54,11544575.995809048
S1,1981,55-59,8611069.26024922
S1,1981,60-64,8410208.917241193
S1,1981,65-69,5315148.799005287
S1,1981,70-74,4067904.645787826
S1,1981,75+,3632160.5221014484
S1,1981,0-8,80378221.01108828
S1,1981,9-14,47845619.467336886
S1,1981,0-17,
S1,1981,18-29,
S1,1981,30-65,
S1,1981,66+,
S1,1981,15-26,
S1,1981,27-45,
S1,1981,46-65,
S1,1982,00-04,
S1,1982,05-09,
S1,1982,10-14,
S1,1982,15-19,32181656.4684953
S1,1982,20-24,31393473.37947762
S1,1982,25-29,28316626.55597598
S1,1982,30-34,21316281.28947878
S1,1982,35-39,17507375.43598459
S1,1982,40-44,16096084.054191872
S1,1982,45-49,15071884.22340885
S1,1982,50-54,11842752.10139432
S1,1982,55-59,8756173.98700299
S1,1982,60-64,8629199.259728463
S1,1982,65-69,5401553.979273065
S1,1982,70-74,4168105.285956766
S1,1982,75+,3777492.088705702
S1,1982,0-8,81674272.44528945
S1,1982,9-14,48869564.26186079
S1,1982,0-17,
S1,1982,18-29,
S1,1982,30-65,
S1,1982,66+,
S1,1982,15-26,
S1,1982,27-45,
S1,1982,46-65,
S1,1983,00-04,
S1,1983,05-09,
S1,1983,10-14,
S1,1983,15-19,32620406.98581068
S1,1983,20-24,32086047.20998921
S1,1983,25-29,29217634.04318566
S1,1983,30-34,22417248.972026102
S1,1983,35-39,17947840.65791045
S1,1983,40-44,16231519.7159522
S1,1983,45-49,15468318.68634043
S1,1983,50-54,12155776.292156741
S1,1983,55-59,8916795.772057971
S1,1983,60-64,8850006.514842963
S1,1983,65-69,5502141.742283492
S1,1983,70-74,4246875.279587688
S1,1983,75+,3937167.0079406695
S1,1983,0-8,83013076.81382857
S1,1983,9-14,49889105.31287881
S1,1983,0-17,
S1,1983,18-29,
S1,1983,30-65,
S1,1983,66+,
S1,1983,15-26,
S1,1983,27-45,
S1,1983,46-65,
S1,1984,00-04,
S1,1984,05-09,
S1,1984,10-14,
S1,1984,15-19,33105169.07023377
S1,1984,20-24,32812293.43684782
S1,1984,25-29,30051976.09404952
S1,1984,30-34,23653778.20899374
S1,1984,35-39,18388788.34939429
S1,1984,40-44,16397138.06553469
S1,1984,45-49,15838065.48787947
S1,1984,50-54,12477651.9632584
S1,1984,55-59,9095866.734896982
S1,1984,60-64,9079450.641694538
S1,1984,65-69,5611250.537698261
S1,1984,70-74,4321831.499884742
S1,1984,75+,4100927.8675779803
S1,1984,0-8,84390762.40246144
S1,1984,9-14,50940258.9012796
S1,1984,0-17,
S1,1984,18-29,
S1,1984,30-65,
S1,1984,66+,
S1,1984,15-26,
S1,1984,27-45,
S1,1984,46-65,
S1,1985,00-04,
S1,1985,05-09,
S1,1985,10-14,
S1,1985,15-19,33585078.21570624
S1,1985,20-24,33541897.30552709
S1,1985,25-29,30810660.94158361
S1,1985,30-34,24561793.72346206
S1,1985,35-39,19258043.07449055
S1,1985,40-44,16650502.69386735
S1,1985,45-49,16135533.58116871
S1,1985,50-54,12792639.843151622
S1,1985,55-59,9293677.946022175
S1,1985,60-64,9325006.255246747
S1,1985,65-69,5720792.516679725
S1,1985,70-74,4411778.569819326
S1,1985,75+,4258401.25896079
S1,1985,0-8,85840461.48414196
S1,1985,9-14,52066043.506291404
S1,1985,0-17,
S1,1985,18-29,
S1,1985,30-65,
S1,1985,66+,
S1,1985,15-26,
S1,1985,27-45,
S1,1985,46-65,
S1,1986,00-04,
S1,1986,05-09,
S1,1986,10-14,
S1,1986,15-19,34131417.6691298
S1,1986,20-24,34207367.61809158
S1,1986,25-29,31572481.37348777
S1,1986,30-34,25429114.76379448
S1,1986,35-39,20219966.47517628
S1,1986,40-44,16988866.2169768
S1,1986,45-49,16390600.18037488
S1,1986,50-54,13093503.95085942
S1,1986,55-59,9508312.517930942
S1,1986,60-64,9585601.510868326
S1,1986,65-69,5835750.345964319
S1,1986,70-74,4511297.82022315
S1,1986,75+,4414215.074295041
S1,1986,0-8,87345618.65043283
S1,1986,9-14,53181336.8487414
S1,1986,0-17,
S1,1986,18-29,
S1,1986,30-65,
S1,1986,66+,
S1,1986,15-26,
S1,1986,27-45,
S1,1986,46-65,
S1,1987,00-04,
S1,1987,05-09,
S1,1987,10-14,
S1,1987,15-19,34754522.5293975
S1,1987,20-24,34852018.35296153
S1,1987,25-29,32322715.14350471
S1,1987,30-34,26259393.67227132
S1,1987,35-39,21246609.85288696
S1,1987,40-44,17399924.5196317
S1,1987,45-49,16588324.82646624
S1,1987,50-54,13407501.10960013
S1,1987,55-59,9741852.159940869
S1,1987,60-64,9857521.579957856
S1,1987,65-69,5955332.087335234
S1,1987,70-74,4622467.33412093
S1,1987,75+,4568844.766034533
S1,1987,0-8,88901492.40613507
S1,1987,9-14,54313197.42701389
S1,1987,0-17,
S1,1987,18-29,
S1,1987,30-65,
S1,1987,66+,
S1,1987,15-26,
S1,1987,27-45,
S1,1987,46-65,
S1,1988,00-04,
S1,1988,05-09,
S1,1988,10-14,
S1,1988,15-19,35407348.5894935
S1,1988,20-24,35513458.74095131
S1,1988,25-29,33080084.85721346
S1,1988,30-34,27042981.84948834
S1,1988,35-39,22372839.77563474
S1,1988,40-44,17855833.14696482
S1,1988,45-49,16754334.23484777
S1,1988,50-54,13728967.27910265
S1,1988,55-59,9992602.752070501
S1,1988,60-64,10141084.69554002
S1,1988,65-69,6081307.287563319
S1,1988,70-74,4746051.706364312
S1,1988,75+,4723202.523523244
S1,1988,0-8,90429396.37250665
S1,1988,9-14,55397133.824913464
S1,1988,0-17,
S1,1988,18-29,
S1,1988,30-65,
S1,1988,66+,
S1,1988,15-26,
S1,1988,27-45,
S1,1988,46-65,
S1,1989,00-04,
S1,1989,05-09,
S1,1989,10-14,
S1,1989,15-19,36117839.38422321
S1,1989,20-24,36213294.64046412
S1,1989,25-29,33856786.1912923
S1,1989,30-34,27761154.77075009
S1,1989,35-39,23628844.43622261
S1,1989,40-44,18306223.84735437
S1,1989,45-49,16942375.24279629
S1,1989,50-54,14026884.796860531
S1,1989,55-59,10255125.75127219
S1,1989,60-64,10437428.54510708
S1,1989,65-69,6218605.970960135
S1,1989,70-74,4876609.118861367
S1,1989,75+,4881805.431238491
S1,1989,0-8,91963957.30379874
S1,1989,9-14,56450578.40118517
S1,1989,0-17,
S1,1989,18-29,
S1,1989,30-65,
S1,1989,66+,
S1,1989,15-26,
S1,1989,27-45,
S1,1989,46-65,
S1,1990,00-04,
S1,1990,05-09,
S1,1990,10-14,
S1,1990,15-19,36913084.01760419
S1,1990,20-24,36911937.3205116
S1,1990,25-29,34647610.97618053
S1,1990,30-34,28428813.022111066
S1,1990,35-39,24566193.52228581
S1,1990,40-44,19188867.55573169
S1,1990,45-49,17218658.11929964
S1,1990,50-54,14265570.68217397
S1,1990,55-59,10519293.04441872
S1,1990,60-64,10747339.46613336
S1,1990,65-69,6373749.402823117
S1,1990,70-74,5007385.183144119
S1,1990,75+,5049763.230129083
S1,1990,0-8,93430619.10278858
S1,1990,9-14,57562429.01929592
S1,1990,0-17,
S1,1990,18-29,
S1,1990,30-65,
S1,1990,66+,
S1,1990,15-26,
S1,1990,27-45,
S1,1990,46-65,
S1,1991,00-04,
S1,1991,05-09,
S1,1991,10-14,
S1,1991,15-19,37696463.2536324
S1,1991,20-24,37682297.58937611
S1,1991,25-29,35377623.03918342
S1,1991,30-34,29116595.11849662
S1,1991,35-39,25468791.17964144
S1,1991,40-44,20166842.40692784
S1,1991,45-49,17579115.71624887
S1,1991,50-54,14471972.29146443
S1,1991,55-59,10779251.96626601
S1,1991,60-64,11066559.57805028
S1,1991,65-69,6546283.249621574
S1,1991,70-74,5141879.556398386
S1,1991,75+,5226195.229034591
S1,1991,0-8,94733988.48009509
S1,1991,9-14,58833349.728441
S1,1991,0-17,
S1,1991,18-29,
S1,1991,30-65,
S1,1991,66+,
S1,1991,15-26,
S1,1991,27-45,
S1,1991,46-65,
S1,1992,00-04,
S1,1992,05-09,
S1,1992,10-14,
S1,1992,15-19,38497294.39473035
S1,1992,20-24,38118706.63934564
S1,1992,25-29,35950076.93780176
S1,1992,30-34,29989937.93949777
S1,1992,35-39,26589087.83868481
S1,1992,40-44,20776426.68128651
S1,1992,45-49,17590924.83002295
S1,1992,50-54,14477605.21444774
S1,1992,55-59,11262670.87787751
S1,1992,60-64,11363786.222030338
S1,1992,65-69,6887243.181406069
S1,1992,70-74,5327782.942408288
S1,1992,75+,5425903.578522383
S1,1992,0-8,96078102.66844955
S1,1992,9-14,60346651.12577255
S1,1992,0-17,
S1,1992,18-29,
S1,1992,30-65,
S1,1992,66+,
S1,1992,15-26,
S1,1992,27-45,
S1,1992,46-65,
S1,1993,00-04,
S1,1993,05-09,
S1,1993,10-14,
S1,1993,15-19,39252458.37317919
S1,1993,20-24,38595605.59019178
S1,1993,25-29,36549680.87850736
S1,1993,30-34,30875061.59446314
S1,1993,35-39,27677318.30744659
S1,1993,40-44,21492402.84541942
S1,1993,45-49,17659323.11083116
S1,1993,50-54,14464811.79180174
S1,1993,55-59,11745494.83909375
S1,1993,60-64,11679635.55895657
S1,1993,65-69,7246632.52273892
S1,1993,70-74,5516960.636139339
S1,1993,75+,5633105.172140433
S1,1993,0-8,97297241.81632738
S1,1993,9-14,61932904.35431329
S1,1993,0-17,
S1,1993,18-29,
S1,1993,30-65,
S1,1993,66+,
S1,1993,15-26,
S1,1993,27-45,
S1,1993,46-65,
S1,1994,00-04,
S1,1994,05-09,
S1,1994,10-14,
S1,1994,15-19,39970778.02553654
S1,1994,20-24,39121189.11407176
S1,1994,25-29,37174662.66304328
S1,1994,30-34,31765969.961625867
S1,1994,35-39,28695182.72778575
S1,1994,40-44,22337203.47393125
S1,1994,45-49,17734347.85612701
S1,1994,50-54,14478247.30019885
S1,1994,55-59,12196163.30056573
S1,1994,60-64,12004939.63379116
S1,1994,65-69,7623480.780194109
S1,1994,70-74,5711514.022318415
S1,1994,75+,5845971.282043915
S1,1994,0-8,98336361.24366091
S1,1994,9-14,63556007.76993758
S1,1994,0-17,
S1,1994,18-29,
S1,1994,30-65,
S1,1994,66+,
S1,1994,15-26,
S1,1994,27-45,
S1,1994,46-65,
S1,1995,00-04,
S1,1995,05-09,
S1,1995,10-14,
S1,1995,15-19,40722042.4370679
S1,1995,20-24,39691328.37284953
S1,1995,25-29,37745024.12101272
S1,1995,30-34,32627774.13309712
S1,1995,35-39,29629143.00636861
S1,1995,40-44,22883581.57684432
S1,1995,45-49,18232924.41337213
S1,1995,50-54,14569370.28498646
S1,1995,55-59,12576464.77770451
S1,1995,60-64,12324781.15763707
S1,1995,65-69,8016509.263251629
S1,1995,70-74,5915694.828644405
S1,1995,75+,6062983.048088656
S1,1995,0-8,99215930.26512702
S1,1995,9-14,65146623.65096882
S1,1995,0-17,
S1,1995,18-29,
S1,1995,30-65,
S1,1995,66+,
S1,1995,15-26,
S1,1995,27-45,
S1,1995,46-65,
S1,1996,00-04,
S1,1996,05-09,
S1,1996,10-14,
S1,1996,15-19,41658570.70062476
S1,1996,20-24,40273946.98543677
S1,1996,25-29,38400301.35105653
S1,1996,30-34,33432097.86945653
S1,1996,35-39,30573812.99988956
S1,1996,40-44,23428093.904749855
S1,1996,45-49,18836754.9371164
S1,1996,50-54,14740677.86594876
S1,1996,55-59,12910397.18676392
S1,1996,60-64,12634501.23593948
S1,1996,65-69,8423242.167993955
S1,1996,70-74,6128522.980527765
S1,1996,75+,6285436.4570026165
S1,1996,0-8,100007910.11370668
S1,1996,9-14,66574171.588435665
S1,1996,0-17,
S1,1996,18-29,
S1,1996,30-65,
S1,1996,66+,
S1,1996,15-26,
S1,1996,27-45,
S1,1996,46-65,
S1,1997,00-04,
S1,1997,05-09,
S1,1997,10-14,
S1,1997,15-19,42583061.19523916
S1,1997,20-24,40913240.118819
S1,1997,25-29,39127422.82647088
S1,1997,30-34,34208121.33789005
S1,1997,35-39,31503539.721484624
S1,1997,40-44,23977877.43979651
S1,1997,45-49,19524922.97456227
S1,1997,50-54,14979961.81454994
S1,1997,55-59,13184516.49337927
S1,1997,60-64,12960749.25584752
S1,1997,65-69,8842349.349949688
S1,1997,70-74,6346897.441877594
S1,1997,75+,6513435.840574821
S1,1997,0-8,100631554.78919439
S1,1997,9-14,67994177.36656745
S1,1997,0-17,
S1,1997,18-29,
S1,1997,30-65,
S1,1997,66+,
S1,1997,15-26,
S1,1997,27-45,
S1,1997,46-65,
S1,1998,00-04,
S1,1998,05-09,
S1,1998,10-14,
S1,1998,15-19,43598770.28133605
S1,1998,20-24,41530469.9598246
S1,1998,25-29,39862468.50166578
S1,1998,30-34,34978319.66826436
S1,1998,35-39,32417895.92065843
S1,1998,40-44,24523132.90104894
S1,1998,45-49,20333720.82442078
S1,1998,50-54,15260163.70851906
S1,1998,55-59,13416076.87133551
S1,1998,60-64,13296704.83033187
S1,1998,65-69,9268873.642956704
S1,1998,70-74,6570582.965866424
S1,1998,75+,6748055.171050485
S1,1998,0-8,101250601.23681891
S1,1998,9-14,69239843.9342794
S1,1998,0-17,
S1,1998,18-29,
S1,1998,30-65,
S1,1998,66+,
S1,1998,15-26,
S1,1998,27-45,
S1,1998,46-65,
S1,1999,00-04,
S1,1999,05-09,
S1,1999,10-14,
S1,1999,15-19,44669519.94720201
S1,1999,20-24,42153846.241710395
S1,1999,25-29,40631606.57515389
S1,1999,30-34,35758782.35562161
S1,1999,35-39,33317987.614987165
S1,1999,40-44,25051371.57676536
S1,1999,45-49,21299665.50107131
S1,1999,50-54,15538221.036279682
S1,1999,55-59,13646462.29141409
S1,1999,60-64,13611337.302814297
S1,1999,65-69,9694499.56042177
S1,1999,70-74,6800297.652993212
S1,1999,75+,6991901.861860247
S1,1999,0-8,101816667.36916387
S1,1999,9-14,70339919.57139584
S1,1999,0-17,
S1,1999,18-29,
S1,1999,30-65,
S1,1999,66+,
S1,1999,15-26,
S1,1999,27-45,
S1,1999,46-65,
S1,2000,00-04,
S1,2000,05-09,
S1,2000,10-14,
S1,2000,15-19,45745751.63705455
S1,2000,20-24,42872238.82643045
S1,2000,25-29,41451707.03648895
S1,2000,30-34,36496718.19057383
S1,2000,35-39,34180132.50607134
S1,2000,40-44,25576241.112236522
S1,2000,45-49,22033204.18431752
S1,2000,50-54,16186146.14927086
S1,2000,55-59,13926139.823940393
S1,2000,60-64,13867935.40543782
S1,2000,65-69,10105063.39364438
S1,2000,70-74,7036397.70593639
S1,2000,75+,7248148.579730989
S1,2000,0-8,102351165.68109563
S1,2000,9-14,71258165.46045455
S1,2000,0-17,
S1,2000,18-29,
S1,2000,30-65,
S1,2000,66+,
S1,2000,15-26,
S1,2000,27-45,
S1,2000,46-65,
S1,2001,00-04,
S1,2001,05-09,
S1,2001,10-14,
S1,2001,15-19,46709955.4615794
S1,2001,20-24,43815932.03991558
S1,2001,25-29,42217242.17999057
S1,2001,30-34,37264611.22453436
S1,2001,35-39,34921586.240289
S1,2001,40-44,26167164.14445576
S1,2001,45-49,22806648.770161003
S1,2001,50-54,16912906.60967958
S1,2001,55-59,14251467.67294678
S1,2001,60-64,14093691.88338456
S1,2001,65-69,10490100.63217981
S1,2001,70-74,7275511.911159279
S1,2001,75+,7517838.754951472
S1,2001,0-8,103008086.64243792
S1,2001,9-14,72021048.31818089
S1,2001,0-17,
S1,2001,18-29,
S1,2001,30-65,
S1,2001,66+,
S1,2001,15-26,
S1,2001,27-45,
S1,2001,46-65,
S1,2002,00-04,
S1,2002,05-09,
S1,2002,10-14,
S1,2002,15-19,47777414.79854804
S1,2002,20-24,44787219.98899391
S1,2002,25-29,43009521.03292861
S1,2002,30-34,38083668.11086427
S1,2002,35-39,35623090.32247581
S1,2002,40-44,26814977.88669867
S1,2002,45-49,23597428.06893114
S1,2002,50-54,17695380.18078001
S1,2002,55-59,14617119.60395267
S1,2002,60-64,14287387.480988722
S1,2002,65-69,10881864.6942599
S1,2002,70-74,7522940.773737386
S1,2002,75+,7798197.422594354
S1,2002,0-8,103711849.75416134
S1,2002,9-14,72571446.78341156
S1,2002,0-17,
S1,2002,18-29,
S1,2002,30-65,
S1,2002,66+,
S1,2002,15-26,
S1,2002,27-45,
S1,2002,46-65,
S1,2003,00-04,
S1,2003,05-09,
S1,2003,10-14,
S1,2003,15-19,48794611.078235745
S1,2003,20-24,45805514.64166702
S1,2003,25-29,43671522.69158575
S1,2003,30-34,38842243.7464733
S1,2003,35-39,36305298.17567006
S1,2003,40-44,27500575.06747292
S1,2003,45-49,24339170.6747841
S1,2003,50-54,18547581.36296958
S1,2003,55-59,14994261.44955092
S1,2003,60-64,14474675.34908548
S1,2003,65-69,11283191.82472268
S1,2003,70-74,7781274.293471678
S1,2003,75+,8089557.990095902
S1,2003,0-8,104277868.38398957
S1,2003,9-14,73097538.14076719
S1,2003,0-17,
S1,2003,18-29,
S1,2003,30-65,
S1,2003,66+,
S1,2003,15-26,
S1,2003,27-45,
S1,2003,46-65,
S1,2004,00-04,
S1,2004,05-09,
S1,2004,10-14,
S1,2004,15-19,49852045.78552566
S1,2004,20-24,46916928.87072404
S1,2004,25-29,44301921.34096244
S1,2004,30-34,39617987.59892967
S1,2004,35-39,37022120.56096054
S1,2004,40-44,28257526.06127494
S1,2004,45-49,25031573.35221698
S1,2004,50-54,19500261.86638017
S1,2004,55-59,15342077.47838772
S1,2004,60-64,14704918.24243142
S1,2004,65-69,11666909.169098478
S1,2004,70-74,8045356.352742878
S1,2004,75+,8392068.46872808
S1,2004,0-8,104693573.53957815
S1,2004,9-14,73511902.6108577
S1,2004,0-17,
S1,2004,18-29,
S1,2004,30-65,
S1,2004,66+,
S1,2004,15-26,
S1,2004,27-45,
S1,2004,46-65,
S1,2005,00-04,
S1,2005,05-09,
S1,2005,10-14,
S1,2005,15-19,50916915.82731745
S1,2005,20-24,48106711.58081195
S1,2005,25-29,45023624.90830459
S1,2005,30-34,40453595.07504661
S1,2005,35-39,37738712.98950768
S1,2005,40-44,29090406.7113545
S1,2005,45-49,25694916.992053904
S1,2005,50-54,20189902.21070958
S1,2005,55-59,16030616.68151115
S1,2005,60-64,15034458.40882553
S1,2005,65-69,11998440.8258376
S1,2005,70-74,8305502.704039624
S1,2005,75+,8706942.65917809
S1,2005,0-8,104963381.52530582
S1,2005,9-14,73882670.40788133
S1,2005,0-17,
S1,2005,18-29,
S1,2005,30-65,
S1,2005,66+,
S1,2005,15-26,
S1,2005,27-45,
S1,2005,46-65,
S1,2006,00-04,
S1,2006,05-09,
S1,2006,10-14,
S1,2006,15-19,51935868.56554492
S1,2006,20-24,49146865.10566853
S1,2006,25-29,45857685.18596341
S1,2006,30-34,41164198.99400138
S1,2006,35-39,38474707.24127071
S1,2006,40-44,29912538.638479456
S1,2006,45-49,26380254.37853375
S1,2006,50-54,20838725.26913057
S1,2006,55-59,16756360.466426708
S1,2006,60-64,15455451.1324289
S1,2006,65-69,12294711.64263419
S1,2006,70-74,8554499.391636092
S1,2006,75+,9033476.117631687
S1,2006,0-8,104986819.02092631
S1,2006,9-14,74259463.2008275
S1,2006,0-17,
S1,2006,18-29,
S1,2006,30-65,
S1,2006,66+,
S1,2006,15-26,
S1,2006,27-45,
S1,2006,46-65,
S1,2007,00-04,
S1,2007,05-09,
S1,2007,10-14,
S1,2007,15-19,52923543.36895991
S1,2007,20-24,50332408.05784933
S1,2007,25-29,46726153.77510033
S1,2007,30-34,41904137.28902909
S1,2007,35-39,39302654.29789037
S1,2007,40-44,30807566.20337315
S1,2007,45-49,27111140.28445793
S1,2007,50-54,21467199.18589946
S1,2007,55-59,17500075.16136645
S1,2007,60-64,15966260.60503272
S1,2007,65-69,12551189.277742919
S1,2007,70-74,8813425.267864415
S1,2007,75+,9373030.26759271
S1,2007,0-8,104832843.60664049
S1,2007,9-14,74625360.30759975
S1,2007,0-17,
S1,2007,18-29,
S1,2007,30-65,
S1,2007,66+,
S1,2007,15-26,
S1,2007,27-45,
S1,2007,46-65,
S1,2008,00-04,
S1,2008,05-09,
S1,2008,10-14,
S1,2008,15-19,53953387.21694735
S1,2008,20-24,51367296.10699862
S1,2008,25-29,47625673.54451106
S1,2008,30-34,42499264.0575328
S1,2008,35-39,40096138.58132368
S1,2008,40-44,31770945.08668961
S1,2008,45-49,27880889.09668449
S1,2008,50-54,22049018.590620168
S1,2008,55-59,18269057.4958589
S1,2008,60-64,16530838.318455018
S1,2008,65-69,12780130.651500788
S1,2008,70-74,9074795.211745078
S1,2008,75+,9728185.228108017
S1,2008,0-8,104498170.3193943
S1,2008,9-14,74940880.85955667
S1,2008,0-17,
S1,2008,18-29,
S1,2008,30-65,
S1,2008,66+,
S1,2008,15-26,
S1,2008,27-45,
S1,2008,46-65,
S1,2009,00-04,
S1,2009,05-09,
S1,2009,10-14,
S1,2009,15-19,54959341.06276901
S1,2009,20-24,52380952.54321919
S1,2009,25-29,48583497.68050388
S1,2009,30-34,43019961.61618464
S1,2009,35-39,40913668.672938
S1,2009,40-44,32846870.712594904
S1,2009,45-49,28719283.03314049
S1,2009,50-54,22575185.99075304
S1,2009,55-59,19081193.09769014
S1,2009,60-64,17103903.97793887
S1,2009,65-69,13022069.90195431
S1,2009,70-74,9316830.09969274
S1,2009,75+,10103039.948192637
S1,2009,0-8,104090937.00395675
S1,2009,9-14,75249552.07280877
S1,2009,0-17,
S1,2009,18-29,
S1,2009,30-65,
S1,2009,66+,
S1,2009,15-26,
S1,2009,27-45,
S1,2009,46-65,
S1,2010,00-04,
S1,2010,05-09,
S1,2010,10-14,
S1,2010,15-19,56031250.58598766
S1,2010,20-24,53407262.9666813
S1,2010,25-29,49615956.16172891
S1,2010,30-34,43606258.96703885
S1,2010,35-39,41812057.82433856
S1,2010,40-44,34023208.80508136
S1,2010,45-49,29640064.69406798
S1,2010,50-54,23062368.74523805
S1,2010,55-59,19579604.42992041
S1,2010,60-64,18113335.60255462
S1,2010,65-69,13325252.29744791
S1,2010,70-74,9513429.496222466
S1,2010,75+,10500237.670075286
S1,2010,0-8,103694986.90781486
S1,2010,9-14,75525036.90438172
S1,2010,0-17,
S1,2010,18-29,
S1,2010,30-65,
S1,2010,66+,
S1,2010,15-26,
S1,2010,27-45,
S1,2010,46-65,
S1,2011,00-04,
S1,2011,05-09,
S1,2011,10-14,
S1,2011,15-19,57160189.92654106
S1,2011,20-24,54427251.43971114
S1,2011,25-29,50552296.03629419
S1,2011,30-34,44350420.65846425
S1,2011,35-39,42657724.55307117
S1,2011,40-44,35367262.19611113
S1,2011,45-49,30582150.245121263
S1,2011,50-54,23563796.40984865
S1,2011,55-59,19983812.41203024
S1,2011,60-64,19229360.02627496
S1,2011,65-69,13683259.03319963
S1,2011,70-74,9683249.342736166
S1,2011,75+,10919367.456607167
S1,2011,0-8,103081627.52864356
S1,2011,9-14,75857062.91034734
S1,2011,0-17,
S1,2011,18-29,
S1,2011,30-65,
S1,2011,66+,
S1,2011,15-26,
S1,2011,27-45,
S1,2011,46-65,
S1,2012,00-04,
S1,2012,05-09,
S1,2012,10-14,
S1,2012,15-19,57505067.4707081
S1,2012,20-24,54930748.87683067
S1,2012,25-29,51671401.2339329
S1,2012,30-34,45352451.60581811
S1,2012,35-39,43595783.14032474
S1,2012,40-44,36162096.23868467
S1,2012,45-49,31209324.12023596
S1,2012,50-54,24148780.411266916
S1,2012,55-59,20696080.47567473
S1,2012,60-64,20286394.11450404
S1,2012,65-69,14090658.484885652
S1,2012,70-74,9857817.463344105
S1,2012,75+,11344450.802064614
S1,2012,0-8,102502080.8662426
S1,2012,9-14,76342580.12656109
S1,2012,0-17,
S1,2012,18-29,
S1,2012,30-65,
S1,2012,66+,
S1,2012,15-26,
S1,2012,27-45,
S1,2012,46-65,
S1,2013,00-04,
S1,2013,05-09,
S1,2013,10-14,
S1,2013,15-19,57850701.142465636
S1,2013,20-24,55459761.42210855
S1,2013,25-29,52666764.20596096
S1,2013,30-34,46462611.87232117
S1,2013,35-39,44457686.79546357
S1,2013,40-44,36968641.15476999
S1,2013,45-49,31852740.68211068
S1,2013,50-54,24760870.294503152
S1,2013,55-59,21378367.37891072
S1,2013,60-64,21412542.5615022
S1,2013,65-69,14527059.47595085
S1,2013,70-74,10021555.52773068
S1,2013,75+,11805151.711501488
S1,2013,0-8,101944643.73192143
S1,2013,9-14,76722402.55238427
S1,2013,0-17,
S1,2013,18-29,
S1,2013,30-65,
S1,2013,66+,
S1,2013,15-26,
S1,2013,27-45,
S1,2013,46-65,
S1,2014,00-04,
S1,2014,05-09,
S1,2014,10-14,
S1,2014,15-19,58240755.11514908
S1,2014,20-24,55908852.6694375
S1,2014,25-29,53592457.47130597
S1,2014,30-34,47645572.9064354
S1,2014,35-39,45269734.14632055
S1,2014,40-44,37814480.29650529
S1,2014,45-49,32530724.997495554
S1,2014,50-54,25409777.51294986
S1,2014,55-59,22015139.411742285
S1,2014,60-64,22627818.79708291
S1,2014,65-69,14947945.90861432
S1,2014,70-74,10204089.21574657
S1,2014,75+,12282350.829848524
S1,2014,0-8,101378920.37521076
S1,2014,9-14,76927487.34905593
S1,2014,0-17,
S1,2014,18-29,
S1,2014,30-65,
S1,2014,66+,
S1,2014,15-26,
S1,2014,27-45,
S1,2014,46-65,
S1,2015,00-04,
S1,2015,05-09,
S1,2015,10-14,
S1,2015,15-19,58626644.57869974
S1,2015,20-24,56330987.55433726
S1,2015,25-29,54395332.62532692
S1,2015,30-34,48846199.53733969
S1,2015,35-39,46125459.171705976
S1,2015,40-44,38721040.01160713
S1,2015,45-49,33200584.37346661
S1,2015,50-54,26088434.57168303
S1,2015,55-59,22615404.80517965
S1,2015,60-64,23513887.70500504
S1,2015,65-69,15729019.76923227
S1,2015,70-74,10440610.01936538
S1,2015,75+,12750511.546902677
S1,2015,0-8,100543936.38020606
S1,2015,9-14,76993388.53510472
S1,2015,0-17,
S1,2015,18-29,
S1,2015,30-65,
S1,2015,66+,
S1,2015,15-26,
S1,2015,27-45,
S1,2015,46-65,
S1,2016,00-04,
S1,2016,05-09,
S1,2016,10-14,
S1,2016,15-19,59115710.70483045
S1,2016,20-24,56726489.20151655
S1,2016,25-29,55060186.62471369
S1,2016,30-34,49909825.46229511
S1,2016,35-39,47137125.11243518
S1,2016,40-44,39574572.93394832
S1,2016,45-49,33921171.31648807
S1,2016,50-54,26736812.7959864
S1,2016,55-59,23233169.88948992
S1,2016,60-64,24325671.74023183
S1,2016,65-69,16569994.85440084
S1,2016,70-74,10727857.86984709
S1,2016,75+,13216146.837251361
S1,2016,0-8,99946737.39047408
S1,2016,9-14,76695380.01088007
S1,2016,0-17,
S1,2016,18-29,
S1,2016,30-65,
S1,2016,66+,
S1,2016,15-26,
S1,2016,27-45,
S1,2016,46-65,
S1,2017,00-04,
S1,2017,05-09,
S1,2017,10-14,
S1,2017,15-19,59750572.53097203
S1,2017,20-24,57176671.38557172
S1,2017,25-29,55638389.26434679
S1,2017,30-34,51078960.10105886
S1,2017,35-39,48154099.39213434
S1,2017,40-44,40475151.57502073
S1,2017,45-49,34726465.61888269
S1,2017,50-54,27407529.368609183
S1,2017,55-59,23873271.08151327
S1,2017,60-64,25075951.40666976
S1,2017,65-69,17450101.96686529
S1,2017,70-74,11061111.37341199
S1,2017,75+,13685436.253657734
S1,2017,0-8,99586951.83393095
S1,2017,9-14,76119489.2287374
S1,2017,0-17,
S1,2017,18-29,
S1,2017,30-65,
S1,2017,66+,
S1,2017,15-26,
S1,2017,27-45,
S1,2017,46-65,
S1,2018,00-04,
S1,2018,05-09,
S1,2018,10-14,
S1,2018,15-19,60298642.82192747
S1,2018,20-24,57589966.15991773
S1,2018,25-29,56200454.95733717
S1,2018,30-34,52100995.47561817
S1,2018,35-39,49247105.84371151
S1,2018,40-44,41309402.3718192
S1,2018,45-49,35542340.29523546
S1,2018,50-54,28111060.81369983
S1,2018,55-59,24537087.43761458
S1,2018,60-64,25743203.62889029
S1,2018,65-69,18385329.62963603
S1,2018,70-74,11418128.40945714
S1,2018,75+,14162880.162422795
S1,2018,0-8,99062139.36124267
S1,2018,9-14,75449819.52222773
S1,2018,0-17,
S1,2018,18-29,
S1,2018,30-65,
S1,2018,66+,
S1,2018,15-26,
S1,2018,27-45,
S1,2018,46-65,
S1,2019,00-04,
S1,2019,05-09,
S1,2019,10-14,
S1,2019,15-19,60665643.19096635
S1,2019,20-24,58010026.84002614
S1,2019,25-29,56637220.83373926
S1,2019,30-34,53026921.28878646
S1,2019,35-39,50376556.62432779
S1,2019,40-44,42101517.102057025
S1,2019,45-49,36395122.30747421
S1,2019,50-54,28863886.815581612
S1,2019,55-59,25234877.03874865
S1,2019,60-64,26310479.667110227
S1,2019,65-69,19393295.69247197
S1,2019,70-74,11765353.63653135
S1,2019,75+,14654816.798998477
S1,2019,0-8,98680787.05736859
S1,2019,9-14,74840069.5713685
S1,2019,0-17,
S1,2019,18-29,
S1,2019,30-65,
S1,2019,66+,
S1,2019,15-26,
S1,2019,27-45,
S1,2019,46-65,
S1,2020,00-04,
S1,2020,05-09,
S1,2020,10-14,
S1,2020,15-19,60880263.65078796
S1,2020,20-24,58391348.16484373
S1,2020,25-29,57008333.62093367
S1,2020,30-34,53809394.05384944
S1,2020,35-39,51488675.469177306
S1,2020,40-44,42941902.93481842
S1,2020,45-49,37307109.25452334
S1,2020,50-54,29628939.84087635
S1,2020,55-59,25961049.91886284
S1,2020,60-64,26792509.66291807
S1,2020,65-69,20128935.93181954
S1,2020,70-74,12409573.23599499
S1,2020,75+,15167803.493511194
S1,2020,0-8,98138291.40978378
S1,2020,9-14,74261304.50170329
S1,2020,0-17,
S1,2020,18-29,
S1,2020,30-65,
S1,2020,66+,
S1,2020,15-26,
S1,2020,27-45,
S1,2020,46-65,
S1,2021,00-04,
S1,2021,05-09,
S1,2021,10-14,
S1,2021,15-19,60826219.01289482
S1,2021,20-24,58988951.173841
S1,2021,25-29,57473654.77592482
S1,2021,30-34,54556136.02233738
S1,2021,35-39,52507905.93280056
S1,2021,40-44,43985096.97860254
S1,2021,45-49,38192876.20634513
S1,2021,50-54,30461188.42477705
S1,2021,55-59,26643794.61505799
S1,2021,60-64,27226746.18959237
S1,2021,65-69,20766806.22363549
S1,2021,70-74,13072941.21969415
S1,2021,75+,15613564.81963031
S1,2021,0-8,97486838.18899243
S1,2021,9-14,73783242.51408474
S1,2021,0-17,
S1,2021,18-29,
S1,2021,30-65,
S1,2021,66+,
S1,2021,15-26,
S1,2021,27-45,
S1,2021,46-65,
S1,2022,00-04,
S1,2022,05-09,
S1,2022,10-14,
S1,2022,15-19,60478430.67033921
S1,2022,20-24,59655262.41550595
S1,2022,25-29,57868653.422666
S1,2022,30-34,55107207.04307376
S1,2022,35-39,53523423.51524696
S1,2022,40-44,44971111.82258552
S1,2022,45-49,39051021.59450307
S1,2022,50-54,31293329.90513276
S1,2022,55-59,27222654.08512973
S1,2022,60-64,27465028.60456169
S1,2022,65-69,21126701.04409641
S1,2022,70-74,13540972.668703642
S1,2022,75+,15659464.631621985
S1,2022,0-8,96833993.12304364
S1,2022,9-14,73399664.77775213
S1,2022,0-17,
S1,2022,18-29,
S1,2022,30-65,
S1,2022,66+,
S1,2022,15-26,
S1,2022,27-45,
S1,2022,46-65,
S1,2023,00-04,
S1,2023,05-09,
S1,2023,10-14,
S1,2023,15-19,59993679.11998861
S1,2023,20-24,60157654.15878107
S1,2023,25-29,58173735.33318074
S1,2023,30-34,55623015.06826901
S1,2023,35-39,54374546.68015699
S1,2023,40-44,46077811.27380501
S1,2023,45-49,39911033.86315194
S1,2023,50-54,32261659.60024996
S1,2023,55-59,27985332.02401523
S1,2023,60-64,27935222.23583708
S1,2023,65-69,21725816.085783735
S1,2023,70-74,14338556.392913662
S1,2023,75+,16265632.92711693
S1,2023,0-8,96258567.71813878
S1,2023,9-14,72989342.6975925
S1,2023,0-17,
S1,2023,18-29,
S1,2023,30-65,
S1,2023,66+,
S1,2023,15-26,
S1,2023,27-45,
S1,2023,46-65,
S1,2024,00-04,
S1,2024,05-09,
S1,2024,10-14,
S1,2024,15-19,59637254.98999375
S1,2024,20-24,60534768.78545521
S1,2024,25-29,58543644.70117625
S1,2024,30-34,56063737.45914705
S1,2024,35-39,55146024.25517987
S1,2024,40-44,47258630.8760262
S1,2024,45-49,40748320.63618629
S1,2024,50-54,33290599.56450232
S1,2024,55-59,28801677.80403202
S1,2024,60-64,28416221.438182883
S1,2024,65-69,22255907.31622623
S1,2024,70-74,15206236.306293517
S1,2024,75+,16872708.645838182
S1,2024,0-8,95812299.55149777
S1,2024,9-14,72484720.1332621
S1,2024,0-17,
S1,2024,18-29,
S1,2024,30-65,
S1,2024,66+,
S1,2024,15-26,
S1,2024,27-45,
S1,2024,46-65,
S1,2025,00-04,
S1,2025,05-09,
S1,2025,10-14,
S1,2025,15-19,59401635.788929
S1,2025,20-24,60739026.1042267
S1,2025,25-29,58959778.71671906
S1,2025,30-34,56527670.99509074
S1,2025,35-39,55811873.424458936
S1,2025,40-44,48478584.43633607
S1,2025,45-49,41653868.71393479
S1,2025,50-54,34378467.49125043
S1,2025,55-59,29658381.54528674
S1,2025,60-64,28937792.57505495
S1,2025,65-69,22742030.00266227
S1,2025,70-74,15897741.29057614
S1,2025,75+,17784551.43982455
S1,2025,0-8,95686322.90880077
S1,2025,9-14,71542483.12689342
S1,2025,0-17,
S1,2025,18-29,
S1,2025,30-65,
S1,2025,66+,
S1,2025,15-26,
S1,2025,27-45,
S1,2025,46-65,
S1,2026,00-04,
S1,2026,05-09,
S1,2026,10-14,
S1,2026,15-19,59235261.14929802
S1,2026,20-24,60611073.91477743
S1,2026,25-29,59493800.49485117
S1,2026,30-34,57005540.66338995
S1,2026,35-39,56369652.37977666
S1,2026,40-44,49586460.39381175
S1,2026,45-49,42745552.30101074
S1,2026,50-54,35441270.7617062
S1,2026,55-59,30575745.50410968
S1,2026,60-64,29411866.37198156
S1,2026,65-69,23232822.79343925
S1,2026,70-74,16558993.25125307
S1,2026,75+,18772250.362083267
S1,2026,0-8,95528125.30929017
S1,2026,9-14,70722699.78513461
S1,2026,0-17,
S1,2026,18-29,
S1,2026,30-65,
S1,2026,66+,
S1,2026,15-26,
S1,2026,27-45,
S1,2026,46-65,
S1,2027,00-04,
S1,2027,05-09,
S1,2027,10-14,
S1,2027,15-19,59154053.72803503
S1,2027,20-24,60207904.12459785
S1,2027,25-29,60106248.52209843
S1,2027,30-34,57458565.11750965
S1,2027,35-39,56763453.96576214
S1,2027,40-44,50745427.91744814
S1,2027,45-49,43834728.51881103
S1,2027,50-54,36539879.20397261
S1,2027,55-59,31560300.654577546
S1,2027,60-64,29885160.88169802
S1,2027,65-69,23726106.374145865
S1,2027,70-74,17194236.25822974
S1,2027,75+,19824367.955208015
S1,2027,0-8,95313615.45029105
S1,2027,9-14,70002592.0604657
S1,2027,0-17,
S1,2027,18-29,
S1,2027,30-65,
S1,2027,66+,
S1,2027,15-26,
S1,2027,27-45,
S1,2027,46-65,
S1,2028,00-04,
S1,2028,05-09,
S1,2028,10-14,
S1,2028,15-19,59111731.80213609
S1,2028,20-24,59733804.236589
S1,2028,25-29,60625816.46288112
S1,2028,30-34,57899528.10842305
S1,2028,35-39,57167786.96522097
S1,2028,40-44,51771710.11937216
S1,2028,45-49,45026595.90608009
S1,2028,50-54,37597487.48902547
S1,2028,55-59,32555797.69288063
S1,2028,60-64,30380635.00227762
S1,2028,65-69,24232520.801044077
S1,2028,70-74,17794391.81649924
S1,2028,75+,20946375.11657227
S1,2028,0-8,95313025.45130418
S1,2028,9-14,69097566.8869294
S1,2028,0-17,
S1,2028,18-29,
S1,2028,30-65,
S1,2028,66+,
S1,2028,15-26,
S1,2028,27-45,
S1,2028,46-65,
S1,2029,00-04,
S1,2029,05-09,
S1,2029,10-14,
S1,2029,15-19,58917403.24253848
S1,2029,20-24,59369211.97192308
S1,2029,25-29,60951369.84411052
S1,2029,30-34,58368939.37302673
S1,2029,35-39,57475183.57744646
S1,2029,40-44,52718566.65923107
S1,2029,45-49,46283403.87919098
S1,2029,50-54,38635534.52797897
S1,2029,55-59,33582478.66986595
S1,2029,60-64,30912394.65169435
S1,2029,65-69,24762101.65739531
S1,2029,70-74,18346163.79648124
S1,2029,75+,22130070.577626742
S1,2029,0-8,95187784.28759608
S1,2029,9-14,68437073.72384116
S1,2029,0-17,
S1,2029,18-29,
S1,2029,30-65,
S1,2029,66+,
S1,2029,15-26,
S1,2029,27-45,
S1,2029,46-65,
S1,2030,00-04,
S1,2030,05-09,
S1,2030,10-14,
S1,2030,15-19,58260751.218584865
S1,2030,20-24,59143791.01785205
S1,2030,25-29,61116463.24001984
S1,2030,30-34,58821337.46086929
S1,2030,35-39,57756242.21903761
S1,2030,40-44,53545096.68922962
S1,2030,45-49,47557083.34943926
S1,2030,50-54,39737771.75934979
S1,2030,55-59,34660005.69890457
S1,2030,60-64,31437704.404420324
S1,2030,65-69,25313044.03310729
S1,2030,70-74,18861843.51723377
S1,2030,75+,23374615.585356697
S1,2030,0-8,95177414.07856329
S1,2030,9-14,68024740.59057038
S1,2030,0-17,
S1,2030,18-29,
S1,2030,30-65,
S1,2030,66+,
S1,2030,15-26,
S1,2030,27-45,
S1,2030,46-65,
S1,2031,00-04,
S1,2031,05-09,
S1,2031,10-14,
S1,2031,15-19,57775015.07884179
S1,2031,20-24,58974836.444983244
S1,2031,25-29,60930462.29863707
S1,2031,30-34,59377117.59246336
S1,2031,35-39,58047415.25796377
S1,2031,40-44,54268348.53747322
S1,2031,45-49,48717252.0449952
S1,2031,50-54,41013647.53807534
S1,2031,55-59,35694640.88186496
S1,2031,60-64,32014122.50301306
S1,2031,65-69,25832543.34920421
S1,2031,70-74,19389695.50479243
S1,2031,75+,24657850.49350681
S1,2031,0-8,95334309.3834987
S1,2031,9-14,67321020.65297244
S1,2031,0-17,
S1,2031,18-29,
S1,2031,30-65,
S1,2031,66+,
S1,2031,15-26,
S1,2031,27-45,
S1,2031,46-65,
S1,2032,00-04,
S1,2032,05-09,
S1,2032,10-14,
S1,2032,15-19,57398816.39476541
S1,2032,20-24,58883379.23396635
S1,2032,25-29,60460506.00935935
S1,2032,30-34,60003986.40615226
S1,2032,35-39,58316634.29980776
S1,2032,40-44,54834709.79643093
S1,2032,45-49,49924976.78882525
S1,2032,50-54,42281917.195227236
S1,2032,55-59,36749405.93424427
S1,2032,60-64,32652907.21046364
S1,2032,65-69,26362085.57885971
S1,2032,70-74,19927137.61644557
S1,2032,75+,25970647.330108568
S1,2032,0-8,95464786.0103518
S1,2032,9-14,66511363.558967605
S1,2032,0-17,
S1,2032,18-29,
S1,2032,30-65,
S1,2032,66+,
S1,2032,15-26,
S1,2032,27-45,
S1,2032,46-65,
S1,2033,00-04,
S1,2033,05-09,
S1,2033,10-14,
S1,2033,15-19,56770624.94214861
S1,2033,20-24,58824913.77742015
S1,2033,25-29,59916799.1318678
S1,2033,30-34,60533064.06887323
S1,2033,35-39,58580913.42412935
S1,2033,40-44,55410311.24635729
S1,2033,45-49,50998670.25763205
S1,2033,50-54,43640267.54437944
S1,2033,55-59,37745886.93647164
S1,2033,60-64,33299901.34926232
S1,2033,65-69,26922275.8132575
S1,2033,70-74,20482591.68804668
S1,2033,75+,27309224.914927017
S1,2033,0-8,95504749.43836236
S1,2033,9-14,66018614.23120274
S1,2033,0-17,
S1,2033,18-29,
S1,2033,30-65,
S1,2033,66+,
S1,2033,15-26,
S1,2033,27-45,
S1,2033,46-65,
S1,2034,00-04,
S1,2034,05-09,
S1,2034,10-14,
S1,2034,15-19,56388287.78111174
S1,2034,20-24,58607243.15489962
S1,2034,25-29,59481706.39745605
S1,2034,30-34,60863647.15546629
S1,2034,35-39,58883810.16701337
S1,2034,40-44,55889125.3873665
S1,2034,45-49,51989959.51827288
S1,2034,50-54,45049736.64329074
S1,2034,55-59,38706859.67386547
S1,2034,60-64,33981833.58427463
S1,2034,65-69,27525523.55832486
S1,2034,70-74,21063479.02150123
S1,2034,75+,28656388.83746161
S1,2034,0-8,95464047.49279197
S1,2034,9-14,65420919.45920077
S1,2034,0-17,
S1,2034,18-29,
S1,2034,30-65,
S1,2034,66+,
S1,2034,15-26,
S1,2034,27-45,
S1,2034,46-65,
S1,2035,00-04,
S1,2035,05-09,
S1,2035,10-14,
S1,2035,15-19,56196332.62701337
S1,2035,20-24,57920280.27609057
S1,2035,25-29,59185988.60086951
S1,2035,30-34,61029166.66891251
S1,2035,35-39,59181633.65425541
S1,2035,40-44,56337279.1207227
S1,2035,45-49,52857619.64919902
S1,2035,50-54,46460549.306107596
S1,2035,55-59,39716693.6733871
S1,2035,60-64,34722255.65371262
S1,2035,65-69,28131828.01603558
S1,2035,70-74,21666357.60944314
S1,2035,75+,30013517.987192024
S1,2035,0-8,95331157.03445053
S1,2035,9-14,65027931.36968449
S1,2035,0-17,
S1,2035,18-29,
S1,2035,30-65,
S1,2035,66+,
S1,2035,15-26,
S1,2035,27-45,
S1,2035,46-65,
S1,2036,00-04,
S1,2036,05-09,
S1,2036,10-14,
S1,2036,15-19,55657248.66298887
S1,2036,20-24,57401722.60322411
S1,2036,25-29,58949901.62262171
S1,2036,30-34,60842916.29905232
S1,2036,35-39,59599740.83223997
S1,2036,40-44,56789505.28453513
S1,2036,45-49,53617969.23436888
S1,2036,50-54,47741553.78330651
S1,2036,55-59,40884151.58700153
S1,2036,60-64,35432517.8490035
S1,2036,65-69,28791709.19087894
S1,2036,70-74,22244895.68991248
S1,2036,75+,31399499.483341098
S1,2036,0-8,95121281.86990786
S1,2036,9-14,64881197.32636382
S1,2036,0-17,
S1,2036,18-29,
S1,2036,30-65,
S1,2036,66+,
S1,2036,15-26,
S1,2036,27-45,
S1,2036,46-65,
S1,2037,00-04,
S1,2037,05-09,
S1,2037,10-14,
S1,2037,15-19,54989685.21963072
S1,2037,20-24,56989991.84510998
S1,2037,25-29,58794147.06243392
S1,2037,30-34,60370821.15013603
S1,2037,35-39,60106166.573726594
S1,2037,40-44,57212070.660106674
S1,2037,45-49,54217283.709245116
S1,2037,50-54,49046236.00082528
S1,2037,55-59,42028536.58260026
S1,2037,60-64,36183865.67180368
S1,2037,65-69,29516621.73894636
S1,2037,70-74,22834756.47088282
S1,2037,75+,32805962.05331523
S1,2037,0-8,94818395.10206306
S1,2037,9-14,64772687.19500166
S1,2037,0-17,
S1,2037,18-29,
S1,2037,30-65,
S1,2037,66+,
S1,2037,15-26,
S1,2037,27-45,
S1,2037,46-65,
S1,2038,00-04,
S1,2038,05-09,
S1,2038,10-14,
S1,2038,15-19,54623127.50539445
S1,2038,20-24,56320296.44666589
S1,2038,25-29,58670839.35981829
S1,2038,30-34,59819626.43235926
S1,2038,35-39,60531345.78379028
S1,2038,40-44,57618093.91863221
S1,2038,45-49,54817350.39405525
S1,2038,50-54,50190799.26696815
S1,2038,55-59,43245472.49889189
S1,2038,60-64,36902743.96030676
S1,2038,65-69,30255503.21803897
S1,2038,70-74,23451732.40878153
S1,2038,75+,34232140.5044573
S1,2038,0-8,94421011.85964872
S1,2038,9-14,64630574.63094868
S1,2038,0-17,
S1,2038,18-29,
S1,2038,30-65,
S1,2038,66+,
S1,2038,15-26,
S1,2038,27-45,
S1,2038,46-65,
S1,2039,00-04,
S1,2039,05-09,
S1,2039,10-14,
S1,2039,15-19,54141916.41873057
S1,2039,20-24,55894026.43453892
S1,2039,25-29,58391074.60128006
S1,2039,30-34,59374152.52131158
S1,2039,35-39,60778833.68576144
S1,2039,40-44,58049911.6360957
S1,2039,45-49,55313928.32813393
S1,2039,50-54,51223816.80655614
S1,2039,55-59,44498119.61199799
S1,2039,60-64,37620338.06729423
S1,2039,65-69,31033452.46878659
S1,2039,70-74,24106854.35864519
S1,2039,75+,35672004.07004004
S1,2039,0-8,93927483.34740603
S1,2039,9-14,64457036.84911535
S1,2039,0-17,
S1,2039,18-29,
S1,2039,30-65,
S1,2039,66+,
S1,2039,15-26,
S1,2039,27-45,
S1,2039,46-65,
S1,2040,00-04,
S1,2040,05-09,
S1,2040,10-14,
S1,2040,15-19,53852976.23476429
S1,2040,20-24,55656407.66152865
S1,2040,25-29,57646687.61805087
S1,2040,30-34,59065414.74963806
S1,2040,35-39,60884132.71537413
S1,2040,40-44,58463072.03432395
S1,2040,45-49,55772159.77853444
S1,2040,50-54,52102155.13168326
S1,2040,55-59,45739080.58298388
S1,2040,60-64,38424794.33883809
S1,2040,65-69,31870109.67774401
S1,2040,70-74,24763177.41240159
S1,2040,75+,37124399.19117328
S1,2040,0-8,93338594.50467052
S1,2040,9-14,64251142.70018962
S1,2040,0-17,
S1,2040,18-29,
S1,2040,30-65,
S1,2040,66+,
S1,2040,15-26,
S1,2040,27-45,
S1,2040,46-65,
S1,2041,00-04,
S1,2041,05-09,
S1,2041,10-14,
S1,2041,15-19,53791367.0
S1,2041,20-24,55069566.0
S1,2041,25-29,57075456.00000001
S1,2041,30-34,58813062.000000015
S1,2041,35-39,60662089.0
S1,2041,40-44,58979694.0
S1,2041,45-49,56225788.0
S1,2041,50-54,52839400.0
S1,2041,55-59,46841440.0
S1,2041,60-64,39425518.0
S1,2041,65-69,32683095.0
S1,2041,70-74,25464498.0
S1,2041,75+,38569027.00000001
S1,2041,0-8,92669063.39999999
S1,2041,9-14,64042725.6
S1,2041,0-17,
S1,2041,18-29,
S1,2041,30-65,
S1,2041,66+,
S1,2041,15-26,
S1,2041,27-45,
S1,2041,46-65,
S1,2042,00-04,
S1,2042,05-09,
S1,2042,10-14,
S1,2042,15-19,53761945.0
S1,2042,20-24,54360250.0
S1,2042,25-29,56620052.0
S1,2042,30-34,58641920.0
S1,2042,35-39,60170344.0
S1,2042,40-44,59568262.999999985
S1,2042,45-49,56646369.0
S1,2042,50-54,53404038.0
S1,2042,55-59,47975371.0
S1,2042,60-64,40436934.0
S1,2042,65-69,33528516.0
S1,2042,70-74,26218092.0
S1,2042,75+,40032131.99999999
S1,2042,0-8,91941764.0
S1,2042,9-14,63798465.0
S1,2042,0-17,
S1,2042,18-29,
S1,2042,30-65,
S1,2042,66+,
S1,2042,15-26,
S1,2042,27-45,
S1,2042,46-65,
S1,2043,00-04,
S1,2043,05-09,
S1,2043,10-14,
S1,2043,15-19,53698736.0
S1,2043,20-24,53962027.0
S1,2043,25-29,55919312.999999985
S1,2043,30-34,58508984.0
S1,2043,35-39,59606843.0
S1,2043,40-44,60061131.00000001
S1,2043,45-49,57052561.0
S1,2043,50-54,53977524.99999999
S1,2043,55-59,48981640.0
S1,2043,60-64,41539365.0
S1,2043,65-69,34325772.0
S1,2043,70-74,26976312.0
S1,2043,75+,41538320.0
S1,2043,0-8,91190010.60000001
S1,2043,9-14,63509502.4
S1,2043,0-17,
S1,2043,18-29,
S1,2043,30-65,
S1,2043,66+,
S1,2043,15-26,
S1,2043,27-45,
S1,2043,46-65,
S1,2044,00-04,
S1,2044,05-09,
S1,2044,10-14,
S1,2044,15-19,53599048.0
S1,2044,20-24,53457803.0
S1,2044,25-29,55470759.99999999
S1,2044,30-34,58223807.0
S1,2044,35-39,59154114.0
S1,2044,40-44,60360057.000000015
S1,2044,45-49,57485524.0
S1,2044,50-54,54457477.0
S1,2044,55-59,49912681.0
S1,2044,60-64,42699980.0
S1,2044,65-69,35101546.0
S1,2044,70-74,27759595.0
S1,2044,75+,43090969.99999999
S1,2044,0-8,90415447.19999999
S1,2044,9-14,63189571.8
S1,2044,0-17,
S1,2044,18-29,
S1,2044,30-65,
S1,2044,66+,
S1,2044,15-26,
S1,2044,27-45,
S1,2044,46-65,
S1,2045,00-04,
S1,2045,05-09,
S1,2045,10-14,
S1,2045,15-19,53464513.99999999
S1,2045,20-24,53156292.0
S1,2045,25-29,55221600.0
S1,2045,30-34,57480529.0
S1,2045,35-39,58843659.0
S1,2045,40-44,60499602.0
S1,2045,45-49,57901772.000000015
S1,2045,50-54,54909124.0
S1,2045,55-59,50730959.0
S1,2045,60-64,43877411.0
S1,2045,65-69,35936793.99999999
S1,2045,70-74,28582874.0
S1,2045,75+,44658504.99999998
S1,2045,0-8,89628750.60000001
S1,2045,9-14,62832220.4
S1,2045,0-17,
S1,2045,18-29,
S1,2045,30-65,
S1,2045,66+,
S1,2045,15-26,
S1,2045,27-45,
S1,2045,46-65,
S1,2046,00-04,
S1,2046,05-09,
S1,2046,10-14,
S1,2046,15-19,53326186.0
S1,2046,20-24,53092187.000000015
S1,2046,25-29,54636234.0
S1,2046,30-34,56915451.0
S1,2046,35-39,58595846.99999999
S1,2046,40-44,60295611.0
S1,2046,45-49,58422542.0
S1,2046,50-54,55365697.0
S1,2046,55-59,51451831.0
S1,2046,60-64,44952478.99999999
S1,2046,65-69,36930683.0
S1,2046,70-74,29369520.0
S1,2046,75+,46261337.000000015
S1,2046,0-8,88821904.60000001
S1,2046,9-14,62434760.4
S1,2046,0-17,
S1,2046,18-29,
S1,2046,30-65,
S1,2046,66+,
S1,2046,15-26,
S1,2046,27-45,
S1,2046,46-65,
S1,2047,00-04,
S1,2047,05-09,
S1,2047,10-14,
S1,2047,15-19,53151744.0
S1,2047,20-24,53063313.0
S1,2047,25-29,53931356.0
S1,2047,30-34,56465421.0
S1,2047,35-39,58430032.0
S1,2047,40-44,59813298.0
S1,2047,45-49,59014944.0
S1,2047,50-54,55794394.0
S1,2047,55-59,52026357.0
S1,2047,60-64,46074931.0
S1,2047,65-69,37922985.0
S1,2047,70-74,30180936.0
S1,2047,75+,47930552.99999998
S1,2047,0-8,88017096.19999999
S1,2047,9-14,62005825.79999998
S1,2047,0-17,
S1,2047,18-29,
S1,2047,30-65,
S1,2047,66+,
S1,2047,15-26,
S1,2047,27-45,
S1,2047,46-65,
S1,2048,00-04,
S1,2048,05-09,
S1,2048,10-14,
S1,2048,15-19,52936753.0
S1,2048,20-24,53000911.00000001
S1,2048,25-29,53536693.0
S1,2048,30-34,55770931.00000001
S1,2048,35-39,58302185.00000001
S1,2048,40-44,59259682.000000015
S1,2048,45-49,59512322.0
S1,2048,50-54,56208853.0
S1,2048,55-59,52609073.00000001
S1,2048,60-64,47074373.99999999
S1,2048,65-69,39000197.0
S1,2048,70-74,30949022.0
S1,2048,75+,49639275.99999998
S1,2048,0-8,87217575.19999999
S1,2048,9-14,61554624.80000001
S1,2048,0-17,
S1,2048,18-29,
S1,2048,30-65,
S1,2048,66+,
S1,2048,15-26,
S1,2048,27-45,
S1,2048,46-65,
S1,2049,00-04,
S1,2049,05-09,
S1,2049,10-14,
S1,2049,15-19,52698291.0
S1,2049,20-24,52902080.0
S1,2049,25-29,53037049.99999999
S1,2049,30-34,55328957.0
S1,2049,35-39,58023664.0
S1,2049,40-44,58816736.0
S1,2049,45-49,59817679.0
S1,2049,50-54,56649877.0
S1,2049,55-59,53100903.00000001
S1,2049,60-64,48002321.0
S1,2049,65-69,40132757.0
S1,2049,70-74,31700154.0
S1,2049,75+,51410764.000000015
S1,2049,0-8,86439364.60000001
S1,2049,9-14,61068540.4
S1,2049,0-17,
S1,2049,18-29,
S1,2049,30-65,
S1,2049,66+,
S1,2049,15-26,
S1,2049,27-45,
S1,2049,46-65,
S1,2050,00-04,
S1,2050,05-09,
S1,2050,10-14,
S1,2050,15-19,52427668.0
S1,2050,20-24,52767834.0
S1,2050,25-29,52737856.0
S1,2050,30-34,55083778.0
S1,2050,35-39,57287802.0
S1,2050,40-44,58514546.0
S1,2050,45-49,59964527.0
S1,2050,50-54,57074280.00000001
S1,2050,55-59,53565301.0
S1,2050,60-64,48822511.0
S1,2050,65-69,41282675.99999999
S1,2050,70-74,32507882.0
S1,2050,75+,53227963.99999999
S1,2050,0-8,85689376.4
S1,2050,9-14,60555550.60000001
S1,2050,0-17,
S1,2050,18-29,
S1,2050,30-65,
S1,2050,66+,
S1,2050,15-26,
S1,2050,27-45,
S1,2050,46-65,
S1,2051,00-04,
S1,2051,05-09,
S1,2051,10-14,
S1,2051,15-19,52118852.999999985
S1,2051,20-24,52631093.0
S1,2051,25-29,52676221.0
S1,2051,30-34,54503595.0
S1,2051,35-39,56729371.0
S1,2051,40-44,58274407.999999985
S1,2051,45-49,59771007.999999985
S1,2051,50-54,57602098.0
S1,2051,55-59,54034457.000000015
S1,2051,60-64,49549095.00000001
S1,2051,65-69,42338059.0
S1,2051,70-74,33461386.0
S1,2051,75+,55043322.00000003
S1,2051,0-8,84959684.19999999
S1,2051,9-14,60032269.8
S1,2051,0-17,
S1,2051,18-29,
S1,2051,30-65,
S1,2051,66+,
S1,2051,15-26,
S1,2051,27-45,
S1,2051,46-65,
S1,2052,00-04,
S1,2052,05-09,
S1,2052,10-14,
S1,2052,15-19,51781850.00000001
S1,2052,20-24,52458149.0
S1,2052,25-29,52649954.0
S1,2052,30-34,53804773.0
S1,2052,35-39,56285857.0
S1,2052,40-44,58115748.0
S1,2052,45-49,59301829.99999999
S1,2052,50-54,58200705.0
S1,2052,55-59,54476502.0
S1,2052,60-64,50135904.0
S1,2052,65-69,43439857.0
S1,2052,70-74,34416018.0
S1,2052,75+,56939292.99999997
S1,2052,0-8,84265367.0
S1,2052,9-14,59495342.99999999
S1,2052,0-17,
S1,2052,18-29,
S1,2052,30-65,
S1,2052,66+,
S1,2052,15-26,
S1,2052,27-45,
S1,2052,46-65,
S1,2053,00-04,
S1,2053,05-09,
S1,2053,10-14,
S1,2053,15-19,51424561.0
S1,2053,20-24,52245696.99999999
S1,2053,25-29,52591354.99999999
S1,2053,30-34,53415712.000000015
S1,2053,35-39,55599159.0
S1,2053,40-44,57994903.0
S1,2053,45-49,58762072.0
S1,2053,50-54,58705293.99999999
S1,2053,55-59,54904787.999999985
S1,2053,60-64,50730586.99999999
S1,2053,65-69,44425529.0
S1,2053,70-74,35448029.0
S1,2053,75+,58832920.00000001
S1,2053,0-8,83603176.80000001
S1,2053,9-14,58952904.2
S1,2053,0-17,
S1,2053,18-29,
S1,2053,30-65,
S1,2053,66+,
S1,2053,15-26,
S1,2053,27-45,
S1,2053,46-65,
S1,2054,00-04,
S1,2054,05-09,
S1,2054,10-14,
S1,2054,15-19,51031743.0
S1,2054,20-24,52011441.00000001
S1,2054,25-29,52498906.0
S1,2054,30-34,52924233.0
S1,2054,35-39,55165355.0
S1,2054,40-44,57724981.0
S1,2054,45-49,58332492.999999985
S1,2054,50-54,59020196.0
S1,2054,55-59,55359063.0
S1,2054,60-64,51237886.99999999
S1,2054,65-69,45344754.0
S1,2054,70-74,36531253.0
S1,2054,75+,60764671.00000002
S1,2054,0-8,82975760.39999999
S1,2054,9-14,58421663.60000001
S1,2054,0-17,
S1,2054,18-29,
S1,2054,30-65,
S1,2054,66+,
S1,2054,15-26,
S1,2054,27-45,
S1,2054,46-65,
S1,2055,00-04,
S1,2055,05-09,
S1,2055,10-14,
S1,2055,15-19,50609238.0
S1,2055,20-24,51742793.99999999
S1,2055,25-29,52368643.0
S1,2055,30-34,52630956.99999999
S1,2055,35-39,54926205.0
S1,2055,40-44,56999335.0
S1,2055,45-49,58041891.0
S1,2055,50-54,59177670.0
S1,2055,55-59,55796502.0
S1,2055,60-64,51718448.0
S1,2055,65-69,46162949.0
S1,2055,70-74,37632204.0
S1,2055,75+,62785839.00000002
S1,2055,0-8,82359673.0
S1,2055,9-14,57902825.00000001
S1,2055,0-17,
S1,2055,18-29,
S1,2055,30-65,
S1,2055,66+,
S1,2055,15-26,
S1,2055,27-45,
S1,2055,46-65,
S1,2056,00-04,
S1,2056,05-09,
S1,2056,10-14,
S1,2056,15-19,50179513.0
S1,2056,20-24,51436557.0
S1,2056,25-29,52235691.0
S1,2056,30-34,52573619.0
S1,2056,35-39,54352705.0
S1,2056,40-44,56449759.0
S1,2056,45-49,57812098.99999999
S1,2056,50-54,58998946.0
S1,2056,55-59,56335277.0
S1,2056,60-64,52203398.0
S1,2056,65-69,46892818.0
S1,2056,70-74,38649710.99999999
S1,2056,75+,64935390.999999955
S1,2056,0-8,81783858.39999999
S1,2056,9-14,57375435.599999994
S1,2056,0-17,
S1,2056,18-29,
S1,2056,30-65,
S1,2056,66+,
S1,2056,15-26,
S1,2056,27-45,
S1,2056,46-65,
S1,2057,00-04,
S1,2057,05-09,
S1,2057,10-14,
S1,2057,15-19,49732121.0
S1,2057,20-24,51100009.0
S1,2057,25-29,52064268.0
S1,2057,30-34,52550166.0
S1,2057,35-39,53660278.0
S1,2057,40-44,56013959.0
S1,2057,45-49,57662339.0
S1,2057,50-54,58547937.0
S1,2057,55-59,56942991.0
S1,2057,60-64,52661913.0
S1,2057,65-69,47492179.0
S1,2057,70-74,39712137.0
S1,2057,75+,67155783.99999999
S1,2057,0-8,81244350.80000001
S1,2057,9-14,56867645.2
S1,2057,0-17,
S1,2057,18-29,
S1,2057,30-65,
S1,2057,66+,
S1,2057,15-26,
S1,2057,27-45,
S1,2057,46-65,
S1,2058,00-04,
S1,2058,05-09,
S1,2058,10-14,
S1,2058,15-19,49277501.99999999
S1,2058,20-24,50744862.0
S1,2058,25-29,51854655.0
S1,2058,30-34,52494839.0
S1,2058,35-39,53276424.99999999
S1,2058,40-44,55336146.0
S1,2058,45-49,57549854.0
S1,2058,50-54,58027185.0
S1,2058,55-59,57457944.0
S1,2058,60-64,53107199.0
S1,2058,65-69,48098886.00000001
S1,2058,70-74,40668341.0
S1,2058,75+,69439386.99999997
S1,2058,0-8,80742258.39999999
S1,2058,9-14,56376575.599999994
S1,2058,0-17,
S1,2058,18-29,
S1,2058,30-65,
S1,2058,66+,
S1,2058,15-26,
S1,2058,27-45,
S1,2058,46-65,
S1,2059,00-04,
S1,2059,05-09,
S1,2059,10-14,
S1,2059,15-19,48830111.00000001
S1,2059,20-24,50353465.0
S1,2059,25-29,51621651.0
S1,2059,30-34,52403798.0
S1,2059,35-39,52789260.0
S1,2059,40-44,54909019.0
S1,2059,45-49,57288640.0
S1,2059,50-54,57614719.0
S1,2059,55-59,57785990.00000001
S1,2059,60-64,53577289.0
S1,2059,65-69,48623132.999999985
S1,2059,70-74,41565668.99999999
S1,2059,75+,71803173.00000001
S1,2059,0-8,80254450.39999999
S1,2059,9-14,55905503.599999994
S1,2059,0-17,
S1,2059,18-29,
S1,2059,30-65,
S1,2059,66+,
S1,2059,15-26,
S1,2059,27-45,
S1,2059,46-65,
S1,2060,00-04,
S1,2060,05-09,
S1,2060,10-14,
S1,2060,15-19,48392078.00000001
S1,2060,20-24,49934500.0
S1,2060,25-29,51357742.0
S1,2060,30-34,52278280.0
S1,2060,35-39,52501644.0
S1,2060,40-44,54676361.0
S1,2060,45-49,56575789.0
S1,2060,50-54,57340318.0
S1,2060,55-59,57959897.000000015
S1,2060,60-64,54031673.0
S1,2060,65-69,49123185.0
S1,2060,70-74,42372837.999999985
S1,2060,75+,74258586.00000001
S1,2060,0-8,79775957.4
S1,2060,9-14,55455062.599999994
S1,2060,0-17,
S1,2060,18-29,
S1,2060,30-65,
S1,2060,66+,
S1,2060,15-26,
S1,2060,27-45,
S1,2060,46-65,
S1,2061,00-04,
S1,2061,05-09,
S1,2061,10-14,
S1,2061,15-19,47938483.0
S1,2061,20-24,49507084.0
S1,2061,25-29,51054341.0
S1,2061,30-34,52148054.99999999
S1,2061,35-39,52447532.999999985
S1,2061,40-44,54110059.0
S1,2061,45-49,56037157.999999985
S1,2061,50-54,57124883.99999999
S1,2061,55-59,57804050.0
S1,2061,60-64,54584388.00000001
S1,2061,65-69,49626985.0
S1,2061,70-74,43098860.0
S1,2061,75+,76748338.0
S1,2061,0-8,79303631.39999998
S1,2061,9-14,55037963.599999994
S1,2061,0-17,
S1,2061,18-29,
S1,2061,30-65,
S1,2061,66+,
S1,2061,15-26,
S1,2061,27-45,
S1,2061,46-65,
S1,2062,00-04,
S1,2062,05-09,
S1,2062,10-14,
S1,2062,15-19,47499905.0
S1,2062,20-24,49061148.0
S1,2062,25-29,50720721.99999999
S1,2062,30-34,51980615.0
S1,2062,35-39,52428054.0
S1,2062,40-44,53426098.00000001
S1,2062,45-49,55611917.0
S1,2062,50-54,56988210.00000001
S1,2062,55-59,57381789.99999999
S1,2062,60-64,55204160.0
S1,2062,65-69,50105959.0
S1,2062,70-74,43707780.00000001
S1,2062,75+,79334255.0
S1,2062,0-8,78817729.2
S1,2062,9-14,54647200.79999999
S1,2062,0-17,
S1,2062,18-29,
S1,2062,30-65,
S1,2062,66+,
S1,2062,15-26,
S1,2062,27-45,
S1,2062,46-65,
S1,2063,00-04,
S1,2063,05-09,
S1,2063,10-14,
S1,2063,15-19,47073224.0
S1,2063,20-24,48607507.0
S1,2063,25-29,50366737.0
S1,2063,30-34,51772890.0
S1,2063,35-39,52375274.0
S1,2063,40-44,53047977.0
S1,2063,45-49,54945433.00000001
S1,2063,50-54,56887389.99999999
S1,2063,55-59,56890563.0
S1,2063,60-64,55732769.0
S1,2063,65-69,50571916.00000001
S1,2063,70-74,44322475.0
S1,2063,75+,81873577.99999999
S1,2063,0-8,78345121.99999999
S1,2063,9-14,54281774.00000001
S1,2063,0-17,
S1,2063,18-29,
S1,2063,30-65,
S1,2063,66+,
S1,2063,15-26,
S1,2063,27-45,
S1,2063,46-65,
S1,2064,00-04,
S1,2064,05-09,
S1,2064,10-14,
S1,2064,15-19,46663277.0
S1,2064,20-24,48162848.0
S1,2064,25-29,49978595.0
S1,2064,30-34,51543231.0
S1,2064,35-39,52287784.0
S1,2064,40-44,52567792.000000015
S1,2064,45-49,54528270.0
S1,2064,50-54,56639459.0
S1,2064,55-59,56505580.0
S1,2064,60-64,56079197.0
S1,2064,65-69,51061460.0
S1,2064,70-74,44861935.0
S1,2064,75+,84424121.0
S1,2064,0-8,77866723.60000001
S1,2064,9-14,53936740.400000006
S1,2064,0-17,
S1,2064,18-29,
S1,2064,30-65,
S1,2064,66+,
S1,2064,15-26,
S1,2064,27-45,
S1,2064,46-65,
S1,2065,00-04,
S1,2065,05-09,
S1,2065,10-14,
S1,2065,15-19,46273663.0
S1,2065,20-24,47726097.0
S1,2065,25-29,49560711.0
S1,2065,30-34,51280526.0
S1,2065,35-39,52164420.0
S1,2065,40-44,52285118.0
S1,2065,45-49,54302729.0
S1,2065,50-54,55944041.00000001
S1,2065,55-59,56255926.99999999
S1,2065,60-64,56275220.0
S1,2065,65-69,51536346.99999999
S1,2065,70-74,45380449.0
S1,2065,75+,86971715.99999999
S1,2065,0-8,77397340.39999999
S1,2065,9-14,53590047.599999994
S1,2065,0-17,
S1,2065,18-29,
S1,2065,30-65,
S1,2065,66+,
S1,2065,15-26,
S1,2065,27-45,
S1,2065,46-65,
S1,2066,00-04,
S1,2066,05-09,
S1,2066,10-14,
S1,2066,15-19,45914299.99999999
S1,2066,20-24,47273383.0
S1,2066,25-29,49133961.0
S1,2066,30-34,50978133.0
S1,2066,35-39,52036118.0
S1,2066,40-44,52234412.0
S1,2066,45-49,53745574.0
S1,2066,50-54,55420916.0
S1,2066,55-59,56062792.0
S1,2066,60-64,56150530.0
S1,2066,65-69,52105566.00000001
S1,2066,70-74,45901793.00000001
S1,2066,75+,89465454.0
S1,2066,0-8,76911149.60000001
S1,2066,9-14,53256212.4
S1,2066,0-17,
S1,2066,18-29,
S1,2066,30-65,
S1,2066,66+,
S1,2066,15-26,
S1,2066,27-45,
S1,2066,46-65,
S1,2067,00-04,
S1,2067,05-09,
S1,2067,10-14,
S1,2067,15-19,45579187.0
S1,2067,20-24,46839386.99999999
S1,2067,25-29,48693957.0
S1,2067,30-34,50650104.0
S1,2067,35-39,51873710.0
S1,2067,40-44,52220046.0
S1,2067,45-49,53073112.0
S1,2067,50-54,55011251.0
S1,2067,55-59,55947034.99999999
S1,2067,60-64,55768090.0
S1,2067,65-69,52740117.999999985
S1,2067,70-74,46401827.0
S1,2067,75+,91938999.99999993
S1,2067,0-8,76410276.19999999
S1,2067,9-14,52938060.800000004
S1,2067,0-17,
S1,2067,18-29,
S1,2067,30-65,
S1,2067,66+,
S1,2067,15-26,
S1,2067,27-45,
S1,2067,46-65,
S1,2068,00-04,
S1,2068,05-09,
S1,2068,10-14,
S1,2068,15-19,45265053.00000001
S1,2068,20-24,46415880.0
S1,2068,25-29,48244602.0
S1,2068,30-34,50300516.0
S1,2068,35-39,51670323.99999999
S1,2068,40-44,52171964.0
S1,2068,45-49,52703695.00000001
S1,2068,50-54,54362058.00000001
S1,2068,55-59,55865402.0
S1,2068,60-64,55317897.0
S1,2068,65-69,53285712.0
S1,2068,70-74,46889497.0
S1,2068,75+,94370534.00000009
S1,2068,0-8,75885950.0
S1,2068,9-14,52637228.0
S1,2068,0-17,
S1,2068,18-29,
S1,2068,30-65,
S1,2068,66+,
S1,2068,15-26,
S1,2068,27-45,
S1,2068,46-65,
S1,2069,00-04,
S1,2069,05-09,
S1,2069,10-14,
S1,2069,15-19,44970591.0
S1,2069,20-24,46007411.0
S1,2069,25-29,47801446.0
S1,2069,30-34,49914171.0
S1,2069,35-39,51443219.0
S1,2069,40-44,52088107.0
S1,2069,45-49,52232367.000000015
S1,2069,50-54,53959106.0
S1,2069,55-59,55638187.000000015
S1,2069,60-64,54970255.00000001
S1,2069,65-69,53654867.999999985
S1,2069,70-74,47398414.0
S1,2069,75+,96738663.99999996
S1,2069,0-8,75346669.6
S1,2069,9-14,52333110.4
S1,2069,0-17,
S1,2069,18-29,
S1,2069,30-65,
S1,2069,66+,
S1,2069,15-26,
S1,2069,27-45,
S1,2069,46-65,
S1,2070,00-04,
S1,2070,05-09,
S1,2070,10-14,
S1,2070,15-19,44672958.0
S1,2070,20-24,45620318.0
S1,2070,25-29,47367775.0
S1,2070,30-34,49499661.0
S1,2070,35-39,51184172.0
S1,2070,40-44,51969161.0
S1,2070,45-49,51957489.0
S1,2070,50-54,53744641.0
S1,2070,55-59,54970598.0
S1,2070,60-64,54754547.0
S1,2070,65-69,53879223.00000001
S1,2070,70-74,47894498.00000001
S1,2070,75+,99083434.99999997
S1,2070,0-8,74786108.0
S1,2070,9-14,52040275.00000001
S1,2070,0-17,
S1,2070,18-29,
S1,2070,30-65,
S1,2070,66+,
S1,2070,15-26,
S1,2070,27-45,
S1,2070,46-65,
S1,2071,00-04,
S1,2071,05-09,
S1,2071,10-14,
S1,2071,15-19,44389258.0
S1,2071,20-24,45263282.999999985
S1,2071,25-29,46918289.0
S1,2071,30-34,49076812.000000015
S1,2071,35-39,50885949.0
S1,2071,40-44,51845499.99999999
S1,2071,45-49,51912816.0
S1,2071,50-54,53201766.0
S1,2071,55-59,54472648.0
S1,2071,60-64,54592424.99999999
S1,2071,65-69,53796136.99999999
S1,2071,70-74,48479500.0
S1,2071,75+,101383269.0
S1,2071,0-8,74215151.4
S1,2071,9-14,51740013.6
S1,2071,0-17,
S1,2071,18-29,
S1,2071,30-65,
S1,2071,66+,
S1,2071,15-26,
S1,2071,27-45,
S1,2071,46-65,
S1,2072,00-04,
S1,2072,05-09,
S1,2072,10-14,
S1,2072,15-19,44125951.0
S1,2072,20-24,44929739.0
S1,2072,25-29,46485155.0
S1,2072,30-34,48637734.0
S1,2072,35-39,50560024.0
S1,2072,40-44,51686488.00000001
S1,2072,45-49,51903246.99999999
S1,2072,50-54,52544531.0
S1,2072,55-59,54086159.0
S1,2072,60-64,54504256.0
S1,2072,65-69,53466433.00000001
S1,2072,70-74,49125558.0
S1,2072,75+,103643355.00000006
S1,2072,0-8,73647335.79999998
S1,2072,9-14,51413101.2
S1,2072,0-17,
S1,2072,18-29,
S1,2072,30-65,
S1,2072,66+,
S1,2072,15-26,
S1,2072,27-45,
S1,2072,46-65,
S1,2073,00-04,
S1,2073,05-09,
S1,2073,10-14,
S1,2073,15-19,43880583.99999999
S1,2073,20-24,44617787.0
S1,2073,25-29,46063609.0
S1,2073,30-34,48190357.0
S1,2073,35-39,50213251.00000001
S1,2073,40-44,51487039.0
S1,2073,45-49,51860380.0
S1,2073,50-54,52186944.0
S1,2073,55-59,53463222.000000015
S1,2073,60-64,54448437.0
S1,2073,65-69,53071562.0
S1,2073,70-74,49686743.99999999
S1,2073,75+,105856353.00000006
S1,2073,0-8,73056056.19999999
S1,2073,9-14,51080441.8
S1,2073,0-17,
S1,2073,18-29,
S1,2073,30-65,
S1,2073,66+,
S1,2073,15-26,
S1,2073,27-45,
S1,2073,46-65,
S1,2074,00-04,
S1,2074,05-09,
S1,2074,10-14,
S1,2074,15-19,43633816.99999999
S1,2074,20-24,44326767.0
S1,2074,25-29,45658996.0
S1,2074,30-34,47750881.0
S1,2074,35-39,49830955.0
S1,2074,40-44,51264676.00000001
S1,2074,45-49,51782427.0
S1,2074,50-54,51729411.0
S1,2074,55-59,53083145.00000001
S1,2074,60-64,54250497.0
S1,2074,65-69,52775750.0
S1,2074,70-74,50082161.0
S1,2074,75+,108047315.00000003
S1,2074,0-8,72463299.4
S1,2074,9-14,50740229.59999998
S1,2074,0-17,
S1,2074,18-29,
S1,2074,30-65,
S1,2074,66+,
S1,2074,15-26,
S1,2074,27-45,
S1,2074,46-65,
S1,2075,00-04,
S1,2075,05-09,
S1,2075,10-14,
S1,2075,15-19,43397782.999999985
S1,2075,20-24,44032286.0
S1,2075,25-29,45275185.00000001
S1,2075,30-34,47320233.0
S1,2075,35-39,49420090.00000001
S1,2075,40-44,51010130.0
S1,2075,45-49,51669306.0
S1,2075,50-54,51465919.0
S1,2075,55-59,52886176.99999999
S1,2075,60-64,53621565.0
S1,2075,65-69,52606766.0
S1,2075,70-74,50340647.999999985
S1,2075,75+,110208483.99999996
S1,2075,0-8,71863473.6
S1,2075,9-14,50396755.4
S1,2075,0-17,
S1,2075,18-29,
S1,2075,30-65,
S1,2075,66+,
S1,2075,15-26,
S1,2075,27-45,
S1,2075,46-65,
S1,2076,00-04,
S1,2076,05-09,
S1,2076,10-14,
S1,2076,15-19,43156734.0
S1,2076,20-24,43751550.0
S1,2076,25-29,44921423.0
S1,2076,30-34,46874093.0
S1,2076,35-39,49001102.0
S1,2076,40-44,50716647.0
S1,2076,45-49,51551479.99999999
S1,2076,50-54,51429776.99999999
S1,2076,55-59,52365516.0
S1,2076,60-64,53158297.999999985
S1,2076,65-69,52487143.0
S1,2076,70-74,50311890.0
S1,2076,75+,112421248.00000004
S1,2076,0-8,71256352.0
S1,2076,9-14,50041080.0
S1,2076,0-17,
S1,2076,18-29,
S1,2076,30-65,
S1,2076,66+,
S1,2076,15-26,
S1,2076,27-45,
S1,2076,46-65,
S1,2077,00-04,
S1,2077,05-09,
S1,2077,10-14,
S1,2077,15-19,42888345.0
S1,2077,20-24,43491831.99999999
S1,2077,25-29,44591650.0
S1,2077,30-34,46444478.0
S1,2077,35-39,48566001.0
S1,2077,40-44,50395569.0
S1,2077,45-49,51398459.0
S1,2077,50-54,51428176.00000001
S1,2077,55-59,51732705.0
S1,2077,60-64,52804032.0
S1,2077,65-69,52436882.0
S1,2077,70-74,50053521.0
S1,2077,75+,114665218.00000006
S1,2077,0-8,70651685.80000001
S1,2077,9-14,49690206.2
S1,2077,0-17,
S1,2077,18-29,
S1,2077,30-65,
S1,2077,66+,
S1,2077,15-26,
S1,2077,27-45,
S1,2077,46-65,
S1,2078,00-04,
S1,2078,05-09,
S1,2078,10-14,
S1,2078,15-19,42618333.99999999
S1,2078,20-24,43249719.0
S1,2078,25-29,44283106.0
S1,2078,30-34,46026236.99999999
S1,2078,35-39,48122483.0
S1,2078,40-44,50053579.0
S1,2078,45-49,51205087.0
S1,2078,50-54,51393447.0
S1,2078,55-59,51394203.0
S1,2078,60-64,52217741.0
S1,2078,65-69,52416386.0
S1,2078,70-74,49734334.0
S1,2078,75+,116800846.00000001
S1,2078,0-8,70061342.6
S1,2078,9-14,49316676.400000006
S1,2078,0-17,
S1,2078,18-29,
S1,2078,30-65,
S1,2078,66+,
S1,2078,15-26,
S1,2078,27-45,
S1,2078,46-65,
S1,2079,00-04,
S1,2079,05-09,
S1,2079,10-14,
S1,2079,15-19,42342973.0
S1,2079,20-24,43007375.0
S1,2079,25-29,43996522.0
S1,2079,30-34,45625311.0
S1,2079,35-39,47687007.000000015
S1,2079,40-44,49676247.0
S1,2079,45-49,50988886.0
S1,2079,50-54,51323827.999999985
S1,2079,55-59,50957770.0
S1,2079,60-64,51868571.0
S1,2079,65-69,52257418.00000001
S1,2079,70-74,49507222.0
S1,2079,75+,118764292.00000007
S1,2079,0-8,69475767.19999999
S1,2079,9-14,48935612.800000004
S1,2079,0-17,
S1,2079,18-29,
S1,2079,30-65,
S1,2079,66+,
S1,2079,15-26,
S1,2079,27-45,
S1,2079,46-65,
S1,2080,00-04,
S1,2080,05-09,
S1,2080,10-14,
S1,2080,15-19,42068509.99999999
S1,2080,20-24,42774972.000000015
S1,2080,25-29,43705736.0
S1,2080,30-34,45244688.0
S1,2080,35-39,47260026.0
S1,2080,40-44,49270226.0
S1,2080,45-49,50740519.0
S1,2080,50-54,51219246.0
S1,2080,55-59,50712033.00000001
S1,2080,60-64,51695801.99999999
S1,2080,65-69,51681554.0
S1,2080,70-74,49400554.99999999
S1,2080,75+,120596384.00000004
S1,2080,0-8,68903091.19999999
S1,2080,9-14,48533778.8
S1,2080,0-17,
S1,2080,18-29,
S1,2080,30-65,
S1,2080,66+,
S1,2080,15-26,
S1,2080,27-45,
S1,2080,46-65,
S1,2081,00-04,
S1,2081,05-09,
S1,2081,10-14,
S1,2081,15-19,41781841.0
S1,2081,20-24,42537208.0
S1,2081,25-29,43428468.0
S1,2081,30-34,44894178.0
S1,2081,35-39,46817698.00000001
S1,2081,40-44,48856142.0
S1,2081,45-49,50453411.0
S1,2081,50-54,51109916.0
S1,2081,55-59,50689384.0
S1,2081,60-64,51206064.99999999
S1,2081,65-69,51266257.0
S1,2081,70-74,49337475.0
S1,2081,75+,122224244.00000004
S1,2081,0-8,68343334.19999999
S1,2081,9-14,48130261.8
S1,2081,0-17,
S1,2081,18-29,
S1,2081,30-65,
S1,2081,66+,
S1,2081,15-26,
S1,2081,27-45,
S1,2081,46-65,
S1,2082,00-04,
S1,2082,05-09,
S1,2082,10-14,
S1,2082,15-19,41500291.0
S1,2082,20-24,42272639.0
S1,2082,25-29,43172333.0
S1,2082,30-34,44567384.0
S1,2082,35-39,46391643.0
S1,2082,40-44,48425853.99999999
S1,2082,45-49,50138751.0
S1,2082,50-54,50965630.00000001
S1,2082,55-59,50700586.0
S1,2082,60-64,50607380.0
S1,2082,65-69,50957509.0
S1,2082,70-74,49338167.0
S1,2082,75+,123689999.00000004
S1,2082,0-8,67780240.19999999
S1,2082,9-14,47726601.8
S1,2082,0-17,
S1,2082,18-29,
S1,2082,30-65,
S1,2082,66+,
S1,2082,15-26,
S1,2082,27-45,
S1,2082,46-65,
S1,2083,00-04,
S1,2083,05-09,
S1,2083,10-14,
S1,2083,15-19,41197735.0
S1,2083,20-24,42007193.0
S1,2083,25-29,42934844.0
S1,2083,30-34,44262726.0
S1,2083,35-39,45977545.0
S1,2083,40-44,47987528.0
S1,2083,45-49,49803460.0
S1,2083,50-54,50781384.0
S1,2083,55-59,50679121.0
S1,2083,60-64,50295734.0
S1,2083,65-69,50423157.0
S1,2083,70-74,49365072.0
S1,2083,75+,125019987.99999996
S1,2083,0-8,67244928.6
S1,2083,9-14,47320862.4
S1,2083,0-17,
S1,2083,18-29,
S1,2083,30-65,
S1,2083,66+,
S1,2083,15-26,
S1,2083,27-45,
S1,2083,46-65,
S1,2084,00-04,
S1,2084,05-09,
S1,2084,10-14,
S1,2084,15-19,40885460.0
S1,2084,20-24,41734469.0
S1,2084,25-29,42694160.0
S1,2084,30-34,43977194.0
S1,2084,35-39,45578811.0
S1,2084,40-44,47555943.0
S1,2084,45-49,49432119.0
S1,2084,50-54,50573799.0
S1,2084,55-59,50622630.0
S1,2084,60-64,49888619.0
S1,2084,65-69,50118081.0
S1,2084,70-74,49259767.0
S1,2084,75+,126296841.99999994
S1,2084,0-8,66721089.400000006
S1,2084,9-14,46919624.6
S1,2084,0-17,
S1,2084,18-29,
S1,2084,30-65,
S1,2084,66+,
S1,2084,15-26,
S1,2084,27-45,
S1,2084,46-65,
S1,2085,00-04,
S1,2085,05-09,
S1,2085,10-14,
S1,2085,15-19,40550859.00000001
S1,2085,20-24,41463920.0
S1,2085,25-29,42465177.0
S1,2085,30-34,43688992.0
S1,2085,35-39,45201304.0
S1,2085,40-44,47133385.0
S1,2085,45-49,49032536.0
S1,2085,50-54,50334432.999999985
S1,2085,55-59,50531653.00000001
S1,2085,60-64,49667649.0
S1,2085,65-69,49978839.0
S1,2085,70-74,48758435.0
S1,2085,75+,127581640.00000006
S1,2085,0-8,66213947.80000001
S1,2085,9-14,46530863.2
S1,2085,0-17,
S1,2085,18-29,
S1,2085,30-65,
S1,2085,66+,
S1,2085,15-26,
S1,2085,27-45,
S1,2085,46-65,
S1,2086,00-04,
S1,2086,05-09,
S1,2086,10-14,
S1,2086,15-19,40215366.0
S1,2086,20-24,41179728.0
S1,2086,25-29,42229327.0
S1,2086,30-34,43413469.0
S1,2086,35-39,44853332.0
S1,2086,40-44,46695149.0
S1,2086,45-49,48624607.0
S1,2086,50-54,50056308.99999999
S1,2086,55-59,50435560.0
S1,2086,60-64,49663729.99999999
S1,2086,65-69,49531974.0
S1,2086,70-74,48409699.0
S1,2086,75+,128735436.00000004
S1,2086,0-8,65723899.19999999
S1,2086,9-14,46138580.8
S1,2086,0-17,
S1,2086,18-29,
S1,2086,30-65,
S1,2086,66+,
S1,2086,15-26,
S1,2086,27-45,
S1,2086,46-65,
S1,2087,00-04,
S1,2087,05-09,
S1,2087,10-14,
S1,2087,15-19,39878833.0
S1,2087,20-24,40899956.0
S1,2087,25-29,41965220.0
S1,2087,30-34,43157504.0
S1,2087,35-39,44527954.0
S1,2087,40-44,46272391.0
S1,2087,45-49,48199968.0
S1,2087,50-54,49750312.0
S1,2087,55-59,50304354.0
S1,2087,60-64,49692049.0
S1,2087,65-69,48980335.0
S1,2087,70-74,48162522.000000015
S1,2087,75+,129814579.00000004
S1,2087,0-8,65252684.80000001
S1,2087,9-14,45747309.19999999
S1,2087,0-17,
S1,2087,18-29,
S1,2087,30-65,
S1,2087,66+,
S1,2087,15-26,
S1,2087,27-45,
S1,2087,46-65,
S1,2088,00-04,
S1,2088,05-09,
S1,2088,10-14,
S1,2088,15-19,39537478.99999999
S1,2088,20-24,40602286.0
S1,2088,25-29,41703447.0
S1,2088,30-34,42921941.00000001
S1,2088,35-39,44225679.99999999
S1,2088,40-44,45862166.0
S1,2088,45-49,47767687.999999985
S1,2088,50-54,49423988.0
S1,2088,55-59,50133651.0
S1,2088,60-64,49688199.0
S1,2088,65-69,48704867.000000015
S1,2088,70-74,47699141.99999999
S1,2088,75+,130814107.99999994
S1,2088,0-8,64796979.80000001
S1,2088,9-14,45379193.2
S1,2088,0-17,
S1,2088,18-29,
S1,2088,30-65,
S1,2088,66+,
S1,2088,15-26,
S1,2088,27-45,
S1,2088,46-65,
S1,2089,00-04,
S1,2089,05-09,
S1,2089,10-14,
S1,2089,15-19,39200262.0
S1,2089,20-24,40293560.0
S1,2089,25-29,41433547.0
S1,2089,30-34,42683071.0
S1,2089,35-39,43942456.00000001
S1,2089,40-44,45467166.00000001
S1,2089,45-49,47341956.99999999
S1,2089,50-54,49061644.0
S1,2089,55-59,49939562.0
S1,2089,60-64,49649619.0
S1,2089,65-69,48338418.0
S1,2089,70-74,47453577.0
S1,2089,75+,131659695.00000004
S1,2089,0-8,64359539.80000001
S1,2089,9-14,45012173.199999996
S1,2089,0-17,
S1,2089,18-29,
S1,2089,30-65,
S1,2089,66+,
S1,2089,15-26,
S1,2089,27-45,
S1,2089,46-65,
S1,2090,00-04,
S1,2090,05-09,
S1,2090,10-14,
S1,2090,15-19,38874183.0
S1,2090,20-24,39962033.0
S1,2090,25-29,41164783.0
S1,2090,30-34,42454684.0
S1,2090,35-39,43655693.0
S1,2090,40-44,45092725.00000001
S1,2090,45-49,46924732.0
S1,2090,50-54,48670831.99999999
S1,2090,55-59,49713608.0
S1,2090,60-64,49576724.0
S1,2090,65-69,48151153.00000001
S1,2090,70-74,47357852.0
S1,2090,75+,132163017.00000004
S1,2090,0-8,63936924.80000001
S1,2090,9-14,44652116.199999996
S1,2090,0-17,
S1,2090,18-29,
S1,2090,30-65,
S1,2090,66+,
S1,2090,15-26,
S1,2090,27-45,
S1,2090,46-65,
S1,2091,00-04,
S1,2091,05-09,
S1,2091,10-14,
S1,2091,15-19,38540842.00000001
S1,2091,20-24,39628901.00000001
S1,2091,25-29,40882216.0
S1,2091,30-34,42220051.99999999
S1,2091,35-39,43382069.0
S1,2091,40-44,44747984.0
S1,2091,45-49,46492014.0
S1,2091,50-54,48271759.99999999
S1,2091,55-59,49449316.0
S1,2091,60-64,49498716.0
S1,2091,65-69,48172512.0
S1,2091,70-74,46969998.00000001
S1,2091,75+,132719405.0
S1,2091,0-8,63514918.0
S1,2091,9-14,44310911.0
S1,2091,0-17,
S1,2091,18-29,
S1,2091,30-65,
S1,2091,66+,
S1,2091,15-26,
S1,2091,27-45,
S1,2091,46-65,
S1,2092,00-04,
S1,2092,05-09,
S1,2092,10-14,
S1,2092,15-19,38210147.00000001
S1,2092,20-24,39295155.99999999
S1,2092,25-29,40604486.99999999
S1,2092,30-34,41957714.0
S1,2092,35-39,43128331.00000001
S1,2092,40-44,44425960.0
S1,2092,45-49,46074743.0
S1,2092,50-54,47856016.0
S1,2092,55-59,49157261.0
S1,2092,60-64,49385916.0
S1,2092,65-69,48224401.0
S1,2092,70-74,46484979.0
S1,2092,75+,133329366.99999996
S1,2092,0-8,63110457.599999994
S1,2092,9-14,43968378.4
S1,2092,0-17,
S1,2092,18-29,
S1,2092,30-65,
S1,2092,66+,
S1,2092,15-26,
S1,2092,27-45,
S1,2092,46-65,
S1,2093,00-04,
S1,2093,05-09,
S1,2093,10-14,
S1,2093,15-19,37900238.0
S1,2093,20-24,38957745.0
S1,2093,25-29,40308610.0
S1,2093,30-34,41695894.0
S1,2093,35-39,42893528.99999999
S1,2093,40-44,44126056.99999999
S1,2093,45-49,45669334.0
S1,2093,50-54,47432213.99999999
S1,2093,55-59,48844657.0
S1,2093,60-64,49233935.0
S1,2093,65-69,48244876.00000001
S1,2093,70-74,46260275.0
S1,2093,75+,133691979.00000006
S1,2093,0-8,62705618.20000002
S1,2093,9-14,43638675.8
S1,2093,0-17,
S1,2093,18-29,
S1,2093,30-65,
S1,2093,66+,
S1,2093,15-26,
S1,2093,27-45,
S1,2093,46-65,
S1,2094,00-04,
S1,2094,05-09,
S1,2094,10-14,
S1,2094,15-19,37588212.00000001
S1,2094,20-24,38622918.0
S1,2094,25-29,40000797.0
S1,2094,30-34,41425967.00000001
S1,2094,35-39,42655494.0
S1,2094,40-44,43845120.0
S1,2094,45-49,45278963.0
S1,2094,50-54,47014670.0
S1,2094,55-59,48496070.0
S1,2094,60-64,49058475.00000001
S1,2094,65-69,48231016.0
S1,2094,70-74,45951577.000000015
S1,2094,75+,134150678.00000004
S1,2094,0-8,62290476.6
S1,2094,9-14,43323170.400000006
S1,2094,0-17,
S1,2094,18-29,
S1,2094,30-65,
S1,2094,66+,
S1,2094,15-26,
S1,2094,27-45,
S1,2094,46-65,
S1,2095,00-04,
S1,2095,05-09,
S1,2095,10-14,
S1,2095,15-19,37281117.0
S1,2095,20-24,38300081.00000001
S1,2095,25-29,39671171.0
S1,2095,30-34,41157792.0
S1,2095,35-39,42428266.0
S1,2095,40-44,43560853.0
S1,2095,45-49,44909165.0
S1,2095,50-54,46605558.0
S1,2095,55-59,48119233.0
S1,2095,60-64,48851577.000000015
S1,2095,65-69,48183854.0
S1,2095,70-74,45812473.0
S1,2095,75+,134457057.0
S1,2095,0-8,61874398.80000001
S1,2095,9-14,43021002.2
S1,2095,0-17,
S1,2095,18-29,
S1,2095,30-65,
S1,2095,66+,
S1,2095,15-26,
S1,2095,27-45,
S1,2095,46-65,
S1,2096,00-04,
S1,2096,05-09,
S1,2096,10-14,
S1,2096,15-19,36993171.99999999
S1,2096,20-24,37971765.0
S1,2096,25-29,39342788.0
S1,2096,30-34,40878558.0
S1,2096,35-39,42196618.99999999
S1,2096,40-44,43290801.0
S1,2096,45-49,44569598.0
S1,2096,50-54,46181403.0
S1,2096,55-59,47734308.00000001
S1,2096,60-64,48606839.0
S1,2096,65-69,48131230.0
S1,2096,70-74,45868352.0
S1,2096,75+,134564853.0
S1,2096,0-8,61452978.0
S1,2096,9-14,42722839.0
S1,2096,0-17,
S1,2096,18-29,
S1,2096,30-65,
S1,2096,66+,
S1,2096,15-26,
S1,2096,27-45,
S1,2096,46-65,
S1,2097,00-04,
S1,2097,05-09,
S1,2097,10-14,
S1,2097,15-19,36699224.0
S1,2097,20-24,37646492.99999999
S1,2097,25-29,39014360.0
S1,2097,30-34,40604638.0
S1,2097,35-39,41937653.0
S1,2097,40-44,43040786.00000001
S1,2097,45-49,44252746.0
S1,2097,50-54,45772598.99999999
S1,2097,55-59,47332796.0
S1,2097,60-64,48334648.0
S1,2097,65-69,48044642.0
S1,2097,70-74,45952708.0
S1,2097,75+,134658314.00000003
S1,2097,0-8,61028446.80000001
S1,2097,9-14,42448824.199999996
S1,2097,0-17,
S1,2097,18-29,
S1,2097,30-65,
S1,2097,66+,
S1,2097,15-26,
S1,2097,27-45,
S1,2097,46-65,
S1,2098,00-04,
S1,2098,05-09,
S1,2098,10-14,
S1,2098,15-19,36416563.0
S1,2098,20-24,37341091.0
S1,2098,25-29,38680221.0
S1,2098,30-34,40310063.0
S1,2098,35-39,41677387.99999999
S1,2098,40-44,42808471.00000001
S1,2098,45-49,43957085.0
S1,2098,50-54,45374890.0
S1,2098,55-59,46922619.0
S1,2098,60-64,48041485.00000001
S1,2098,65-69,47919080.0
S1,2098,70-74,46006365.0
S1,2098,75+,134783397.99999994
S1,2098,0-8,60598041.19999999
S1,2098,9-14,42177089.800000004
S1,2098,0-17,
S1,2098,18-29,
S1,2098,30-65,
S1,2098,66+,
S1,2098,15-26,
S1,2098,27-45,
S1,2098,46-65,
S1,2099,00-04,
S1,2099,05-09,
S1,2099,10-14,
S1,2099,15-19,36146375.0
S1,2099,20-24,37032970.0
S1,2099,25-29,38349245.0
S1,2099,30-34,40005189.0
S1,2099,35-39,41410232.0
S1,2099,40-44,42573643.0
S1,2099,45-49,43680713.0
S1,2099,50-54,44992291.0
S1,2099,55-59,46518549.99999999
S1,2099,60-64,47712664.0
S1,2099,65-69,47770275.0
S1,2099,70-74,46026901.0
S1,2099,75+,134944931.00000006
S1,2099,0-8,60152929.400000006
S1,2099,9-14,41911054.6
S1,2099,0-17,
S1,2099,18-29,
S1,2099,30-65,
S1,2099,66+,
S1,2099,15-26,
S1,2099,27-45,
S1,2099,46-65,
S1,2100,00-04,
S1,2100,05-09,
S1,2100,10-14,
S1,2100,15-19,35888836.0
S1,2100,20-24,36730566.0
S1,2100,25-29,38030842.00000001
S1,2100,30-34,39678832.0
S1,2100,35-39,41144998.0
S1,2100,40-44,42349689.0
S1,2100,45-49,43401064.0
S1,2100,50-54,44630128.00000001
S1,2100,55-59,46122687.0
S1,2100,60-64,47355832.000000015
S1,2100,65-69,47590638.99999999
S1,2100,70-74,46015711.0
S1,2100,75+,135146993.99999994
S1,2100,0-8,59709835.400000006
S1,2100,9-14,41649630.599999994
S1,2100,0-17,
S1,2100,18-29,
S1,2100,30-65,
S1,2100,66+,
S1,2100,15-26,
S1,2100,27-45,
S1,2100,46-65,
S2,1950,00-04,
S2,1950,05-09,
S2,1950,10-14,
S2,1950,15-19,
S2,1950,20-24,
S2,1950,25-29,
S2,1950,30-34,
S2,1950,35-39,
S2,1950,40-44,
S2,1950,45-49,
S2,1950,50-54,
S2,1950,55-59,
S2,1950,60-64,
S2,1950,65-69,
S2,1950,70-74,
S2,1950,75+,
S2,1950,0-8,
S2,1950,9-14,
S2,1950,0-17,74115015.2
S2,1950,18-29,34894717.8
S2,1950,30-65,52676846.400000006
S2,1950,66+,4978451.599999995
S2,1950,15-26,
S2,1950,27-45,
S2,1950,46-65,
S2,1951,00-04,
S2,1951,05-09,
S2,1951,10-14,
S2,1951,15-19,
S2,1951,20-24,
S2,1951,25-29,
S2,1951,30-34,
S2,1951,35-39,
S2,1951,40-44,
S2,1951,45-49,
S2,1951,50-54,
S2,1951,55-59,
S2,1951,60-64,
S2,1951,65-69,
S2,1951,70-74,
S2,1951,75+,
S2,1951,0-8,
S2,1951,9-14,
S2,1951,0-17,75785969.39999998
S2,1951,18-29,35507691.599999994
S2,1951,30-65,53803286.8
S2,1951,66+,5062152.199999996
S2,1951,15-26,
S2,1951,27-45,
S2,1951,46-65,
S2,1952,00-04,
S2,1952,05-09,
S2,1952,10-14,
S2,1952,15-19,
S2,1952,20-24,
S2,1952,25-29,
S2,1952,30-34,
S2,1952,35-39,
S2,1952,40-44,
S2,1952,45-49,
S2,1952,50-54,
S2,1952,55-59,
S2,1952,60-64,
S2,1952,65-69,
S2,1952,70-74,
S2,1952,75+,
S2,1952,0-8,
S2,1952,9-14,
S2,1952,0-17,77542960.0
S2,1952,18-29,36183960.99999999
S2,1952,30-65,54918900.20000002
S2,1952,66+,5200155.799999999
S2,1952,15-26,
S2,1952,27-45,
S2,1952,46-65,
S2,1953,00-04,
S2,1953,05-09,
S2,1953,10-14,
S2,1953,15-19,
S2,1953,20-24,
S2,1953,25-29,
S2,1953,30-34,
S2,1953,35-39,
S2,1953,40-44,
S2,1953,45-49,
S2,1953,50-54,
S2,1953,55-59,
S2,1953,60-64,
S2,1953,65-69,
S2,1953,70-74,
S2,1953,75+,
S2,1953,0-8,
S2,1953,9-14,
S2,1953,0-17,79420569.39999998
S2,1953,18-29,36896930.6
S2,1953,30-65,56017418.99999998
S2,1953,66+,5386869.999999996
S2,1953,15-26,
S2,1953,27-45,
S2,1953,46-65,
S2,1954,00-04,
S2,1954,05-09,
S2,1954,10-14,
S2,1954,15-19,
S2,1954,20-24,
S2,1954,25-29,
S2,1954,30-34,
S2,1954,35-39,
S2,1954,40-44,
S2,1954,45-49,
S2,1954,50-54,
S2,1954,55-59,
S2,1954,60-64,
S2,1954,65-69,
S2,1954,70-74,
S2,1954,75+,
S2,1954,0-8,
S2,1954,9-14,
S2,1954,0-17,81408424.20000002
S2,1954,18-29,37576708.800000004
S2,1954,30-65,57095791.40000002
S2,1954,66+,5582817.599999996
S2,1954,15-26,
S2,1954,27-45,
S2,1954,46-65,
S2,1955,00-04,
S2,1955,05-09,
S2,1955,10-14,
S2,1955,15-19,
S2,1955,20-24,
S2,1955,25-29,
S2,1955,30-34,
S2,1955,35-39,
S2,1955,40-44,
S2,1955,45-49,
S2,1955,50-54,
S2,1955,55-59,
S2,1955,60-64,
S2,1955,65-69,
S2,1955,70-74,
S2,1955,75+,
S2,1955,0-8,
S2,1955,9-14,
S2,1955,0-17,83594402.4
S2,1955,18-29,38266931.599999994
S2,1955,30-65,58276992.199999996
S2,1955,66+,5756386.799999999
S2,1955,15-26,
S2,1955,27-45,
S2,1955,46-65,
S2,1956,00-04,
S2,1956,05-09,
S2,1956,10-14,
S2,1956,15-19,
S2,1956,20-24,
S2,1956,25-29,
S2,1956,30-34,
S2,1956,35-39,
S2,1956,40-44,
S2,1956,45-49,
S2,1956,50-54,
S2,1956,55-59,
S2,1956,60-64,
S2,1956,65-69,
S2,1956,70-74,
S2,1956,75+,
S2,1956,0-8,
S2,1956,9-14,
S2,1956,0-17,85895628.4
S2,1956,18-29,38922855.599999994
S2,1956,30-65,59501314.6
S2,1956,66+,5919162.400000006
S2,1956,15-26,
S2,1956,27-45,
S2,1956,46-65,
S2,1957,00-04,
S2,1957,05-09,
S2,1957,10-14,
S2,1957,15-19,
S2,1957,20-24,
S2,1957,25-29,
S2,1957,30-34,
S2,1957,35-39,
S2,1957,40-44,
S2,1957,45-49,
S2,1957,50-54,
S2,1957,55-59,
S2,1957,60-64,
S2,1957,65-69,
S2,1957,70-74,
S2,1957,75+,
S2,1957,0-8,
S2,1957,9-14,
S2,1957,0-17,88283046.39999999
S2,1957,18-29,39598463.60000001
S2,1957,30-65,60786582.00000003
S2,1957,66+,6063340.000000009
S2,1957,15-26,
S2,1957,27-45,
S2,1957,46-65,
S2,1958,00-04,
S2,1958,05-09,
S2,1958,10-14,
S2,1958,15-19,
S2,1958,20-24,
S2,1958,25-29,
S2,1958,30-34,
S2,1958,35-39,
S2,1958,40-44,
S2,1958,45-49,
S2,1958,50-54,
S2,1958,55-59,
S2,1958,60-64,
S2,1958,65-69,
S2,1958,70-74,
S2,1958,75+,
S2,1958,0-8,
S2,1958,9-14,
S2,1958,0-17,90704137.60000001
S2,1958,18-29,40188040.39999999
S2,1958,30-65,62044359.4
S2,1958,66+,6185221.599999997
S2,1958,15-26,
S2,1958,27-45,
S2,1958,46-65,
S2,1959,00-04,
S2,1959,05-09,
S2,1959,10-14,
S2,1959,15-19,
S2,1959,20-24,
S2,1959,25-29,
S2,1959,30-34,
S2,1959,35-39,
S2,1959,40-44,
S2,1959,45-49,
S2,1959,50-54,
S2,1959,55-59,
S2,1959,60-64,
S2,1959,65-69,
S2,1959,70-74,
S2,1959,75+,
S2,1959,0-8,
S2,1959,9-14,
S2,1959,0-17,93238127.00000003
S2,1959,18-29,40869663.00000001
S2,1959,30-65,63417212.000000015
S2,1959,66+,6319790.999999992
S2,1959,15-26,
S2,1959,27-45,
S2,1959,46-65,
S2,1960,00-04,
S2,1960,05-09,
S2,1960,10-14,
S2,1960,15-19,
S2,1960,20-24,
S2,1960,25-29,
S2,1960,30-34,
S2,1960,35-39,
S2,1960,40-44,
S2,1960,45-49,
S2,1960,50-54,
S2,1960,55-59,
S2,1960,60-64,
S2,1960,65-69,
S2,1960,70-74,
S2,1960,75+,
S2,1960,0-8,
S2,1960,9-14,
S2,1960,0-17,95870846.60000002
S2,1960,18-29,41476347.400000006
S2,1960,30-65,64775345.400000006
S2,1960,66+,6499164.600000005
S2,1960,15-26,
S2,1960,27-45,
S2,1960,46-65,
S2,1961,00-04,
S2,1961,05-09,
S2,1961,10-14,
S2,1961,15-19,
S2,1961,20-24,
S2,1961,25-29,
S2,1961,30-34,
S2,1961,35-39,
S2,1961,40-44,
S2,1961,45-49,
S2,1961,50-54,
S2,1961,55-59,
S2,1961,60-64,
S2,1961,65-69,
S2,1961,70-74,
S2,1961,75+,
S2,1961,0-8,
S2,1961,9-14,
S2,1961,0-17,98641322.80000001
S2,1961,18-29,42061823.2
S2,1961,30-65,66153018.800000004
S2,1961,66+,6707292.2
S2,1961,15-26,
S2,1961,27-45,
S2,1961,46-65,
S2,1962,00-04,
S2,1962,05-09,
S2,1962,10-14,
S2,1962,15-19,
S2,1962,20-24,
S2,1962,25-29,
S2,1962,30-34,
S2,1962,35-39,
S2,1962,40-44,
S2,1962,45-49,
S2,1962,50-54,
S2,1962,55-59,
S2,1962,60-64,
S2,1962,65-69,
S2,1962,70-74,
S2,1962,75+,
S2,1962,0-8,
S2,1962,9-14,
S2,1962,0-17,101495041.5088569
S2,1962,18-29,42655298.416363515
S2,1962,30-65,67545431.00219324
S2,1962,66+,6954777.771416998
S2,1962,15-26,
S2,1962,27-45,
S2,1962,46-65,
S2,1963,00-04,
S2,1963,05-09,
S2,1963,10-14,
S2,1963,15-19,
S2,1963,20-24,
S2,1963,25-29,
S2,1963,30-34,
S2,1963,35-39,
S2,1963,40-44,
S2,1963,45-49,
S2,1963,50-54,
S2,1963,55-59,
S2,1963,60-64,
S2,1963,65-69,
S2,1963,70-74,
S2,1963,75+,
S2,1963,0-8,
S2,1963,9-14,
S2,1963,0-17,104391861.20987919
S2,1963,18-29,43184144.35801845
S2,1963,30-65,68899289.52646737
S2,1963,66+,7228972.575064252
S2,1963,15-26,
S2,1963,27-45,
S2,1963,46-65,
S2,1964,00-04,
S2,1964,05-09,
S2,1964,10-14,
S2,1964,15-19,
S2,1964,20-24,
S2,1964,25-29,
S2,1964,30-34,
S2,1964,35-39,
S2,1964,40-44,
S2,1964,45-49,
S2,1964,50-54,
S2,1964,55-59,
S2,1964,60-64,
S2,1964,65-69,
S2,1964,70-74,
S2,1964,75+,
S2,1964,0-8,
S2,1964,9-14,
S2,1964,0-17,107361652.78006299
S2,1964,18-29,43718144.684945494
S2,1964,30-65,70292270.53464656
S2,1964,66+,7506187.367415374
S2,1964,15-26,
S2,1964,27-45,
S2,1964,46-65,
S2,1965,00-04,
S2,1965,05-09,
S2,1965,10-14,
S2,1965,15-19,
S2,1965,20-24,
S2,1965,25-29,
S2,1965,30-34,
S2,1965,35-39,
S2,1965,40-44,
S2,1965,45-49,
S2,1965,50-54,
S2,1965,55-59,
S2,1965,60-64,
S2,1965,65-69,
S2,1965,70-74,
S2,1965,75+,
S2,1965,0-8,
S2,1965,9-14,
S2,1965,0-17,110174703.63001178
S2,1965,18-29,44437075.620319664
S2,1965,30-65,71706779.53686693
S2,1965,66+,7760040.548294862
S2,1965,15-26,
S2,1965,27-45,
S2,1965,46-65,
S2,1966,00-04,
S2,1966,05-09,
S2,1966,10-14,
S2,1966,15-19,
S2,1966,20-24,
S2,1966,25-29,
S2,1966,30-34,
S2,1966,35-39,
S2,1966,40-44,
S2,1966,45-49,
S2,1966,50-54,
S2,1966,55-59,
S2,1966,60-64,
S2,1966,65-69,
S2,1966,70-74,
S2,1966,75+,
S2,1966,0-8,
S2,1966,9-14,
S2,1966,0-17,112738525.13308926
S2,1966,18-29,45216485.618715994
S2,1966,30-65,73090851.81377777
S2,1966,66+,7979673.318734867
S2,1966,15-26,
S2,1966,27-45,
S2,1966,46-65,
S2,1967,00-04,
S2,1967,05-09,
S2,1967,10-14,
S2,1967,15-19,
S2,1967,20-24,
S2,1967,25-29,
S2,1967,30-34,
S2,1967,35-39,
S2,1967,40-44,
S2,1967,45-49,
S2,1967,50-54,
S2,1967,55-59,
S2,1967,60-64,
S2,1967,65-69,
S2,1967,70-74,
S2,1967,75+,
S2,1967,0-8,
S2,1967,9-14,
S2,1967,0-17,115218130.75985846
S2,1967,18-29,45999217.73910851
S2,1967,30-65,74499040.84091406
S2,1967,66+,8176420.870609666
S2,1967,15-26,
S2,1967,27-45,
S2,1967,46-65,
S2,1968,00-04,
S2,1968,05-09,
S2,1968,10-14,
S2,1968,15-19,
S2,1968,20-24,
S2,1968,25-29,
S2,1968,30-34,
S2,1968,35-39,
S2,1968,40-44,
S2,1968,45-49,
S2,1968,50-54,
S2,1968,55-59,
S2,1968,60-64,
S2,1968,65-69,
S2,1968,70-74,
S2,1968,75+,
S2,1968,0-8,
S2,1968,9-14,
S2,1968,0-17,117686424.10535453
S2,1968,18-29,46912458.89738401
S2,1968,30-65,76013980.88845347
S2,1968,66+,8361658.92555372
S2,1968,15-26,
S2,1968,27-45,
S2,1968,46-65,
S2,1969,00-04,
S2,1969,05-09,
S2,1969,10-14,
S2,1969,15-19,
S2,1969,20-24,
S2,1969,25-29,
S2,1969,30-34,
S2,1969,35-39,
S2,1969,40-44,
S2,1969,45-49,
S2,1969,50-54,
S2,1969,55-59,
S2,1969,60-64,
S2,1969,65-69,
S2,1969,70-74,
S2,1969,75+,
S2,1969,0-8,
S2,1969,9-14,
S2,1969,0-17,120254137.3198296
S2,1969,18-29,47765020.193559796
S2,1969,30-65,77448437.021501
S2,1969,66+,8562968.918607743
S2,1969,15-26,
S2,1969,27-45,
S2,1969,46-65,
S2,1970,00-04,
S2,1970,05-09,
S2,1970,10-14,
S2,1970,15-19,
S2,1970,20-24,
S2,1970,25-29,
S2,1970,30-34,
S2,1970,35-39,
S2,1970,40-44,
S2,1970,45-49,
S2,1970,50-54,
S2,1970,55-59,
S2,1970,60-64,
S2,1970,65-69,
S2,1970,70-74,
S2,1970,75+,
S2,1970,0-8,
S2,1970,9-14,
S2,1970,0-17,122510204.97423112
S2,1970,18-29,49055385.77763721
S2,1970,30-65,78820694.45981467
S2,1970,66+,8783626.062510794
S2,1970,15-26,
S2,1970,27-45,
S2,1970,46-65,
S2,1971,00-04,
S2,1971,05-09,
S2,1971,10-14,
S2,1971,15-19,
S2,1971,20-24,
S2,1971,25-29,
S2,1971,30-34,
S2,1971,35-39,
S2,1971,40-44,
S2,1971,45-49,
S2,1971,50-54,
S2,1971,55-59,
S2,1971,60-64,
S2,1971,65-69,
S2,1971,70-74,
S2,1971,75+,
S2,1971,0-8,
S2,1971,9-14,
S2,1971,0-17,124774915.55946329
S2,1971,18-29,50678771.84121458
S2,1971,30-65,80284222.98392501
S2,1971,66+,9019828.520133832
S2,1971,15-26,
S2,1971,27-45,
S2,1971,46-65,
S2,1972,00-04,
S2,1972,05-09,
S2,1972,10-14,
S2,1972,15-19,
S2,1972,20-24,
S2,1972,25-29,
S2,1972,30-34,
S2,1972,35-39,
S2,1972,40-44,
S2,1972,45-49,
S2,1972,50-54,
S2,1972,55-59,
S2,1972,60-64,
S2,1972,65-69,
S2,1972,70-74,
S2,1972,75+,
S2,1972,0-8,
S2,1972,9-14,
S2,1972,0-17,126971644.52157561
S2,1972,18-29,52252072.14198433
S2,1972,30-65,81568473.04311943
S2,1972,66+,9270826.041392062
S2,1972,15-26,
S2,1972,27-45,
S2,1972,46-65,
S2,1973,00-04,
S2,1973,05-09,
S2,1973,10-14,
S2,1973,15-19,
S2,1973,20-24,
S2,1973,25-29,
S2,1973,30-34,
S2,1973,35-39,
S2,1973,40-44,
S2,1973,45-49,
S2,1973,50-54,
S2,1973,55-59,
S2,1973,60-64,
S2,1973,65-69,
S2,1973,70-74,
S2,1973,75+,
S2,1973,0-8,
S2,1973,9-14,
S2,1973,0-17,129175890.67153066
S2,1973,18-29,54088001.41494036
S2,1973,30-65,82953264.14545824
S2,1973,66+,9542788.582358655
S2,1973,15-26,
S2,1973,27-45,
S2,1973,46-65,
S2,1974,00-04,
S2,1974,05-09,
S2,1974,10-14,
S2,1974,15-19,
S2,1974,20-24,
S2,1974,25-29,
S2,1974,30-34,
S2,1974,35-39,
S2,1974,40-44,
S2,1974,45-49,
S2,1974,50-54,
S2,1974,55-59,
S2,1974,60-64,
S2,1974,65-69,
S2,1974,70-74,
S2,1974,75+,
S2,1974,0-8,
S2,1974,9-14,
S2,1974,0-17,131373483.13702923
S2,1974,18-29,55971078.14471695
S2,1974,30-65,84326019.07660381
S2,1974,66+,9825152.749796031
S2,1974,15-26,
S2,1974,27-45,
S2,1974,46-65,
S2,1975,00-04,
S2,1975,05-09,
S2,1975,10-14,
S2,1975,15-19,
S2,1975,20-24,
S2,1975,25-29,
S2,1975,30-34,
S2,1975,35-39,
S2,1975,40-44,
S2,1975,45-49,
S2,1975,50-54,
S2,1975,55-59,
S2,1975,60-64,
S2,1975,65-69,
S2,1975,70-74,
S2,1975,75+,
S2,1975,0-8,
S2,1975,9-14,
S2,1975,0-17,133620428.11061712
S2,1975,18-29,58057934.00062549
S2,1975,30-65,85861123.00631683
S2,1975,66+,10115286.218861468
S2,1975,15-26,
S2,1975,27-45,
S2,1975,46-65,
S2,1976,00-04,
S2,1976,05-09,
S2,1976,10-14,
S2,1976,15-19,
S2,1976,20-24,
S2,1976,25-29,
S2,1976,30-34,
S2,1976,35-39,
S2,1976,40-44,
S2,1976,45-49,
S2,1976,50-54,
S2,1976,55-59,
S2,1976,60-64,
S2,1976,65-69,
S2,1976,70-74,
S2,1976,75+,
S2,1976,0-8,
S2,1976,9-14,
S2,1976,0-17,135790261.4548234
S2,1976,18-29,60217419.33827445
S2,1976,30-65,87489960.17279872
S2,1976,66+,10411970.993509663
S2,1976,15-26,
S2,1976,27-45,
S2,1976,46-65,
S2,1977,00-04,
S2,1977,05-09,
S2,1977,10-14,
S2,1977,15-19,
S2,1977,20-24,
S2,1977,25-29,
S2,1977,30-34,
S2,1977,35-39,
S2,1977,40-44,
S2,1977,45-49,
S2,1977,50-54,
S2,1977,55-59,
S2,1977,60-64,
S2,1977,65-69,
S2,1977,70-74,
S2,1977,75+,
S2,1977,0-8,
S2,1977,9-14,
S2,1977,0-17,138026237.78092584
S2,1977,18-29,62395514.44421663
S2,1977,30-65,89193985.69879374
S2,1977,66+,10714702.514225418
S2,1977,15-26,
S2,1977,27-45,
S2,1977,46-65,
S2,1978,00-04,
S2,1978,05-09,
S2,1978,10-14,
S2,1978,15-19,
S2,1978,20-24,
S2,1978,25-29,
S2,1978,30-34,
S2,1978,35-39,
S2,1978,40-44,
S2,1978,45-49,
S2,1978,50-54,
S2,1978,55-59,
S2,1978,60-64,
S2,1978,65-69,
S2,1978,70-74,
S2,1978,75+,
S2,1978,0-8,
S2,1978,9-14,
S2,1978,0-17,140218849.91005015
S2,1978,18-29,64681386.81683623
S2,1978,30-65,91017195.04347952
S2,1978,66+,11020976.932531957
S2,1978,15-26,
S2,1978,27-45,
S2,1978,46-65,
S2,1979,00-04,
S2,1979,05-09,
S2,1979,10-14,
S2,1979,15-19,
S2,1979,20-24,
S2,1979,25-29,
S2,1979,30-34,
S2,1979,35-39,
S2,1979,40-44,
S2,1979,45-49,
S2,1979,50-54,
S2,1979,55-59,
S2,1979,60-64,
S2,1979,65-69,
S2,1979,70-74,
S2,1979,75+,
S2,1979,0-8,
S2,1979,9-14,
S2,1979,0-17,142409367.0580253
S2,1979,18-29,66923501.913337685
S2,1979,30-65,92787550.29447849
S2,1979,66+,11328150.748100068
S2,1979,15-26,
S2,1979,27-45,
S2,1979,46-65,
S2,1980,00-04,
S2,1980,05-09,
S2,1980,10-14,
S2,1980,15-19,
S2,1980,20-24,
S2,1980,25-29,
S2,1980,30-34,
S2,1980,35-39,
S2,1980,40-44,
S2,1980,45-49,
S2,1980,50-54,
S2,1980,55-59,
S2,1980,60-64,
S2,1980,65-69,
S2,1980,70-74,
S2,1980,75+,
S2,1980,0-8,
S2,1980,9-14,
S2,1980,0-17,144782845.87979713
S2,1980,18-29,68917997.93970971
S2,1980,30-65,95177648.44912384
S2,1980,66+,11639954.79611037
S2,1980,15-26,
S2,1980,27-45,
S2,1980,46-65,
S2,1981,00-04,
S2,1981,05-09,
S2,1981,10-14,
S2,1981,15-19,
S2,1981,20-24,
S2,1981,25-29,
S2,1981,30-34,
S2,1981,35-39,
S2,1981,40-44,
S2,1981,45-49,
S2,1981,50-54,
S2,1981,55-59,
S2,1981,60-64,
S2,1981,65-69,
S2,1981,70-74,
S2,1981,75+,
S2,1981,0-8,
S2,1981,9-14,
S2,1981,0-17,147281355.63666785
S2,1981,18-29,70777262.87454689
S2,1981,30-65,97672503.17388129
S2,1981,66+,11952184.207093526
S2,1981,15-26,
S2,1981,27-45,
S2,1981,46-65,
S2,1982,00-04,
S2,1982,05-09,
S2,1982,10-14,
S2,1982,15-19,
S2,1982,20-24,
S2,1982,25-29,
S2,1982,30-34,
S2,1982,35-39,
S2,1982,40-44,
S2,1982,45-49,
S2,1982,50-54,
S2,1982,55-59,
S2,1982,60-64,
S2,1982,65-69,
S2,1982,70-74,
S2,1982,75+,
S2,1982,0-8,
S2,1982,9-14,
S2,1982,0-17,149852830.58824745
S2,1982,18-29,72582762.52285172
S2,1982,30-65,100300061.14704445
S2,1982,66+,12266840.558080899
S2,1982,15-26,
S2,1982,27-45,
S2,1982,46-65,
S2,1983,00-04,
S2,1983,05-09,
S2,1983,10-14,
S2,1983,15-19,
S2,1983,20-24,
S2,1983,25-29,
S2,1983,30-34,
S2,1983,35-39,
S2,1983,40-44,
S2,1983,45-49,
S2,1983,50-54,
S2,1983,55-59,
S2,1983,60-64,
S2,1983,65-69,
S2,1983,70-74,
S2,1983,75+,
S2,1983,0-8,
S2,1983,9-14,
S2,1983,0-17,152474426.3181938
S2,1983,18-29,74351844.04749914
S2,1983,30-65,103087934.95974354
S2,1983,66+,12585755.681355154
S2,1983,15-26,
S2,1983,27-45,
S2,1983,46-65,
S2,1984,00-04,
S2,1984,05-09,
S2,1984,10-14,
S2,1984,15-19,
S2,1984,20-24,
S2,1984,25-29,
S2,1984,30-34,
S2,1984,35-39,
S2,1984,40-44,
S2,1984,45-49,
S2,1984,50-54,
S2,1984,55-59,
S2,1984,60-64,
S2,1984,65-69,
S2,1984,70-74,
S2,1984,75+,
S2,1984,0-8,
S2,1984,9-14,
S2,1984,0-17,155194122.7458813
S2,1984,18-29,76106337.15899085
S2,1984,30-65,106052989.55919169
S2,1984,66+,12911759.797621312
S2,1984,15-26,
S2,1984,27-45,
S2,1984,46-65,
S2,1985,00-04,
S2,1985,05-09,
S2,1985,10-14,
S2,1985,15-19,
S2,1985,20-24,
S2,1985,25-29,
S2,1985,30-34,
S2,1985,35-39,
S2,1985,40-44,
S2,1985,45-49,
S2,1985,50-54,
S2,1985,55-59,
S2,1985,60-64,
S2,1985,65-69,
S2,1985,70-74,
S2,1985,75+,
S2,1985,0-8,
S2,1985,9-14,
S2,1985,0-17,158057551.91985708
S2,1985,18-29,77786589.5333932
S2,1985,30-65,109161355.62074518
S2,1985,66+,13246813.842123918
S2,1985,15-26,
S2,1985,27-45,
S2,1985,46-65,
S2,1986,00-04,
S2,1986,05-09,
S2,1986,10-14,
S2,1986,15-19,
S2,1986,20-24,
S2,1986,25-29,
S2,1986,30-34,
S2,1986,35-39,
S2,1986,40-44,
S2,1986,45-49,
S2,1986,50-54,
S2,1986,55-59,
S2,1986,60-64,
S2,1986,65-69,
S2,1986,70-74,
S2,1986,75+,
S2,1986,0-8,
S2,1986,9-14,
S2,1986,0-17,161005806.1006521
S2,1986,18-29,79432416.05923128
S2,1986,30-65,112383115.68517399
S2,1986,66+,13594113.171289623
S2,1986,15-26,
S2,1986,27-45,
S2,1986,46-65,
S2,1987,00-04,
S2,1987,05-09,
S2,1987,10-14,
S2,1987,15-19,
S2,1987,20-24,
S2,1987,25-29,
S2,1987,30-34,
S2,1987,35-39,
S2,1987,40-44,
S2,1987,45-49,
S2,1987,50-54,
S2,1987,55-59,
S2,1987,60-64,
S2,1987,65-69,
S2,1987,70-74,
S2,1987,75+,
S2,1987,0-8,
S2,1987,9-14,
S2,1987,0-17,164067403.35078743
S2,1987,18-29,81076542.50822526
S2,1987,30-65,115692194.13822211
S2,1987,66+,13955577.770023663
S2,1987,15-26,
S2,1987,27-45,
S2,1987,46-65,
S2,1988,00-04,
S2,1988,05-09,
S2,1988,10-14,
S2,1988,15-19,
S2,1988,20-24,
S2,1988,25-29,
S2,1988,30-34,
S2,1988,35-39,
S2,1988,40-44,
S2,1988,45-49,
S2,1988,50-54,
S2,1988,55-59,
S2,1988,60-64,
S2,1988,65-69,
S2,1988,70-74,
S2,1988,75+,
S2,1988,0-8,
S2,1988,9-14,
S2,1988,0-17,167070939.35111618
S2,1988,18-29,82756483.03396219
S2,1988,30-65,119104905.19116153
S2,1988,66+,14334300.059938213
S2,1988,15-26,
S2,1988,27-45,
S2,1988,46-65,
S2,1989,00-04,
S2,1989,05-09,
S2,1989,10-14,
S2,1989,15-19,
S2,1989,20-24,
S2,1989,25-29,
S2,1989,30-34,
S2,1989,35-39,
S2,1989,40-44,
S2,1989,45-49,
S2,1989,50-54,
S2,1989,55-59,
S2,1989,60-64,
S2,1989,65-69,
S2,1989,70-74,
S2,1989,75+,
S2,1989,0-8,
S2,1989,9-14,
S2,1989,0-17,170085239.33551782
S2,1989,18-29,84517216.58544572
S2,1989,30-65,122601758.58455522
S2,1989,66+,14733299.326867977
S2,1989,15-26,
S2,1989,27-45,
S2,1989,46-65,
S2,1990,00-04,
S2,1990,05-09,
S2,1990,10-14,
S2,1990,15-19,
S2,1990,20-24,
S2,1990,25-29,
S2,1990,30-34,
S2,1990,35-39,
S2,1990,40-44,
S2,1990,45-49,
S2,1990,50-54,
S2,1990,55-59,
S2,1990,60-64,
S2,1990,65-69,
S2,1990,70-74,
S2,1990,75+,
S2,1990,0-8,
S2,1990,9-14,
S2,1990,0-17,173140898.53264698
S2,1990,18-29,86324781.9037338
S2,1990,30-65,126209485.29271884
S2,1990,66+,15156147.935531694
S2,1990,15-26,
S2,1990,27-45,
S2,1990,46-65,
S2,1991,00-04,
S2,1991,05-09,
S2,1991,10-14,
S2,1991,15-19,
S2,1991,20-24,
S2,1991,25-29,
S2,1991,30-34,
S2,1991,35-39,
S2,1991,40-44,
S2,1991,45-49,
S2,1991,50-54,
S2,1991,55-59,
S2,1991,60-64,
S2,1991,65-69,
S2,1991,70-74,
S2,1991,75+,
S2,1991,0-8,
S2,1991,9-14,
S2,1991,0-17,176185216.16071552
S2,1991,18-29,88138505.93001248
S2,1991,30-65,129958384.90701988
S2,1991,66+,15605101.385130232
S2,1991,15-26,
S2,1991,27-45,
S2,1991,46-65,
S2,1992,00-04,
S2,1992,05-09,
S2,1992,10-14,
S2,1992,15-19,
S2,1992,20-24,
S2,1992,25-29,
S2,1992,30-34,
S2,1992,35-39,
S2,1992,40-44,
S2,1992,45-49,
S2,1992,50-54,
S2,1992,55-59,
S2,1992,60-64,
S2,1992,65-69,
S2,1992,70-74,
S2,1992,75+,
S2,1992,0-8,
S2,1992,9-14,
S2,1992,0-17,179523130.4310603
S2,1992,18-29,89467701.33503954
S2,1992,30-65,133427888.24012887
S2,1992,66+,16263481.066055503
S2,1992,15-26,
S2,1992,27-45,
S2,1992,46-65,
S2,1993,00-04,
S2,1993,05-09,
S2,1993,10-14,
S2,1993,15-19,
S2,1993,20-24,
S2,1993,25-29,
S2,1993,30-34,
S2,1993,35-39,
S2,1993,40-44,
S2,1993,45-49,
S2,1993,50-54,
S2,1993,55-59,
S2,1993,60-64,
S2,1993,65-69,
S2,1993,70-74,
S2,1993,75+,
S2,1993,0-8,
S2,1993,9-14,
S2,1993,0-17,182781621.1945482
S2,1993,18-29,90846269.81797081
S2,1993,30-65,137043374.55256015
S2,1993,66+,16947371.826470923
S2,1993,15-26,
S2,1993,27-45,
S2,1993,46-65,
S2,1994,00-04,
S2,1994,05-09,
S2,1994,10-14,
S2,1994,15-19,
S2,1994,20-24,
S2,1994,25-29,
S2,1994,30-34,
S2,1994,35-39,
S2,1994,40-44,
S2,1994,45-49,
S2,1994,50-54,
S2,1994,55-59,
S2,1994,60-64,
S2,1994,65-69,
S2,1994,70-74,
S2,1994,75+,
S2,1994,0-8,
S2,1994,9-14,
S2,1994,0-17,185874835.82892045
S2,1994,18-29,92284162.98732966
S2,1994,30-65,140736750.4100644
S2,1994,66+,17656269.928517632
S2,1994,15-26,
S2,1994,27-45,
S2,1994,46-65,
S2,1995,00-04,
S2,1995,05-09,
S2,1995,10-14,
S2,1995,15-19,
S2,1995,20-24,
S2,1995,25-29,
S2,1995,30-34,
S2,1995,35-39,
S2,1995,40-44,
S2,1995,45-49,
S2,1995,50-54,
S2,1995,55-59,
S2,1995,60-64,
S2,1995,65-69,
S2,1995,70-74,
S2,1995,75+,
S2,1995,0-8,
S2,1995,9-14,
S2,1995,0-17,188795779.3783366
S2,1995,18-29,93725169.46868938
S2,1995,30-65,144447341.20266053
S2,1995,66+,18391885.287334368
S2,1995,15-26,
S2,1995,27-45,
S2,1995,46-65,
S2,1996,00-04,
S2,1996,05-09,
S2,1996,10-14,
S2,1996,15-19,
S2,1996,20-24,
S2,1996,25-29,
S2,1996,30-34,
S2,1996,35-39,
S2,1996,40-44,
S2,1996,45-49,
S2,1996,50-54,
S2,1996,55-59,
S2,1996,60-64,
S2,1996,65-69,
S2,1996,70-74,
S2,1996,75+,
S2,1996,0-8,
S2,1996,9-14,
S2,1996,0-17,191577224.12251714
S2,1996,18-29,95337676.6167432
S2,1996,30-65,148240984.4334632
S2,1996,66+,19152553.171925545
S2,1996,15-26,
S2,1996,27-45,
S2,1996,46-65,
S2,1997,00-04,
S2,1997,05-09,
S2,1997,10-14,
S2,1997,15-19,
S2,1997,20-24,
S2,1997,25-29,
S2,1997,30-34,
S2,1997,35-39,
S2,1997,40-44,
S2,1997,45-49,
S2,1997,50-54,
S2,1997,55-59,
S2,1997,60-64,
S2,1997,65-69,
S2,1997,70-74,
S2,1997,75+,
S2,1997,0-8,
S2,1997,9-14,
S2,1997,0-17,194175568.87290534
S2,1997,18-29,97073887.42338553
S2,1997,30-65,152108158.90750006
S2,1997,66+,19934212.762412187
S2,1997,15-26,
S2,1997,27-45,
S2,1997,46-65,
S2,1998,00-04,
S2,1998,05-09,
S2,1998,10-14,
S2,1998,15-19,
S2,1998,20-24,
S2,1998,25-29,
S2,1998,30-34,
S2,1998,35-39,
S2,1998,40-44,
S2,1998,45-49,
S2,1998,50-54,
S2,1998,55-59,
S2,1998,60-64,
S2,1998,65-69,
S2,1998,70-74,
S2,1998,75+,
S2,1998,0-8,
S2,1998,9-14,
S2,1998,0-17,196649707.3398999
S2,1998,18-29,98832446.5740248
S2,1998,30-65,156079789.45317018
S2,1998,66+,20733737.051282287
S2,1998,15-26,
S2,1998,27-45,
S2,1998,46-65,
S2,1999,00-04,
S2,1999,05-09,
S2,1999,10-14,
S2,1999,15-19,
S2,1999,20-24,
S2,1999,25-29,
S2,1999,30-34,
S2,1999,35-39,
S2,1999,40-44,
S2,1999,45-49,
S2,1999,50-54,
S2,1999,55-59,
S2,1999,60-64,
S2,1999,65-69,
S2,1999,70-74,
S2,1999,75+,
S2,1999,0-8,
S2,1999,9-14,
S2,1999,0-17,198958298.90888095
S2,1999,18-29,100653260.79574512
S2,1999,30-65,160162727.59103778
S2,1999,66+,21547799.163190853
S2,1999,15-26,
S2,1999,27-45,
S2,1999,46-65,
S2,2000,00-04,
S2,2000,05-09,
S2,2000,10-14,
S2,2000,15-19,
S2,2000,20-24,
S2,2000,25-29,
S2,2000,30-34,
S2,2000,35-39,
S2,2000,40-44,
S2,2000,45-49,
S2,2000,50-54,
S2,2000,55-59,
S2,2000,60-64,
S2,2000,65-69,
S2,2000,70-74,
S2,2000,75+,
S2,2000,0-8,
S2,2000,9-14,
S2,2000,0-17,201056782.1237829
S2,2000,18-29,102622246.5177412
S2,2000,30-65,164287530.0505771
S2,2000,66+,22368597.000582892
S2,2000,15-26,
S2,2000,27-45,
S2,2000,46-65,
S2,2001,00-04,
S2,2001,05-09,
S2,2001,10-14,
S2,2001,15-19,
S2,2001,20-24,
S2,2001,25-29,
S2,2001,30-34,
S2,2001,35-39,
S2,2001,40-44,
S2,2001,45-49,
S2,2001,50-54,
S2,2001,55-59,
S2,2001,60-64,
S2,2001,65-69,
S2,2001,70-74,
S2,2001,75+,
S2,2001,0-8,
S2,2001,9-14,
S2,2001,0-17,203055108.23756647
S2,2001,18-29,104717156.4045379
S2,2001,30-65,168516096.671887
S2,2001,66+,23185431.17185456
S2,2001,15-26,
S2,2001,27-45,
S2,2001,46-65,
S2,2002,00-04,
S2,2002,05-09,
S2,2002,10-14,
S2,2002,15-19,
S2,2002,20-24,
S2,2002,25-29,
S2,2002,30-34,
S2,2002,35-39,
S2,2002,40-44,
S2,2002,45-49,
S2,2002,50-54,
S2,2002,55-59,
S2,2002,60-64,
S2,2002,65-69,
S2,2002,70-74,
S2,2002,75+,
S2,2002,0-8,
S2,2002,9-14,
S2,2002,0-17,204949745.41670173
S2,2002,18-29,106907706.94134174
S2,2002,30-65,172895424.5935431
S2,2002,66+,24026629.95173968
S2,2002,15-26,
S2,2002,27-45,
S2,2002,46-65,
S2,2003,00-04,
S2,2003,05-09,
S2,2003,10-14,
S2,2003,15-19,
S2,2003,20-24,
S2,2003,25-29,
S2,2003,30-34,
S2,2003,35-39,
S2,2003,40-44,
S2,2003,45-49,
S2,2003,50-54,
S2,2003,55-59,
S2,2003,60-64,
S2,2003,65-69,
S2,2003,70-74,
S2,2003,75+,
S2,2003,0-8,
S2,2003,9-14,
S2,2003,0-17,206652173.1716982
S2,2003,18-29,108994881.76454704
S2,2003,30-65,177260444.19095096
S2,2003,66+,24897385.743345696
S2,2003,15-26,
S2,2003,27-45,
S2,2003,46-65,
S2,2004,00-04,
S2,2004,05-09,
S2,2004,10-14,
S2,2004,15-19,
S2,2004,20-24,
S2,2004,25-29,
S2,2004,30-34,
S2,2004,35-39,
S2,2004,40-44,
S2,2004,45-49,
S2,2004,50-54,
S2,2004,55-59,
S2,2004,60-64,
S2,2004,65-69,
S2,2004,70-74,
S2,2004,75+,
S2,2004,0-8,
S2,2004,9-14,
S2,2004,0-17,208116703.62175122
S2,2004,18-29,111159668.52589673
S2,2004,30-65,181809846.99440107
S2,2004,66+,25770952.15674976
S2,2004,15-26,
S2,2004,27-45,
S2,2004,46-65,
S2,2005,00-04,
S2,2005,05-09,
S2,2005,10-14,
S2,2005,15-19,
S2,2005,20-24,
S2,2005,25-29,
S2,2005,30-34,
S2,2005,35-39,
S2,2005,40-44,
S2,2005,45-49,
S2,2005,50-54,
S2,2005,55-59,
S2,2005,60-64,
S2,2005,65-69,
S2,2005,70-74,
S2,2005,75+,
S2,2005,0-8,
S2,2005,9-14,
S2,2005,0-17,209396201.42957753
S2,2005,18-29,113497102.82004352
S2,2005,30-65,186632297.23417643
S2,2005,66+,26611198.023887776
S2,2005,15-26,
S2,2005,27-45,
S2,2005,46-65,
S2,2006,00-04,
S2,2006,05-09,
S2,2006,10-14,
S2,2006,15-19,
S2,2006,20-24,
S2,2006,25-29,
S2,2006,30-34,
S2,2006,35-39,
S2,2006,40-44,
S2,2006,45-49,
S2,2006,50-54,
S2,2006,55-59,
S2,2006,60-64,
S2,2006,65-69,
S2,2006,70-74,
S2,2006,75+,
S2,2006,0-8,
S2,2006,9-14,
S2,2006,0-17,210407803.36108077
S2,2006,18-29,115778897.71784993
S2,2006,30-65,191441178.44879848
S2,2006,66+,27423744.82337518
S2,2006,15-26,
S2,2006,27-45,
S2,2006,46-65,
S2,2007,00-04,
S2,2007,05-09,
S2,2007,10-14,
S2,2007,15-19,
S2,2007,20-24,
S2,2007,25-29,
S2,2007,30-34,
S2,2007,35-39,
S2,2007,40-44,
S2,2007,45-49,
S2,2007,50-54,
S2,2007,55-59,
S2,2007,60-64,
S2,2007,65-69,
S2,2007,70-74,
S2,2007,75+,
S2,2007,0-8,
S2,2007,9-14,
S2,2007,0-17,211212329.93561617
S2,2007,18-29,118227979.18053363
S2,2007,30-65,196569270.88259783
S2,2007,66+,28227406.95765151
S2,2007,15-26,
S2,2007,27-45,
S2,2007,46-65,
S2,2008,00-04,
S2,2008,05-09,
S2,2008,10-14,
S2,2008,15-19,
S2,2008,20-24,
S2,2008,25-29,
S2,2008,30-34,
S2,2008,35-39,
S2,2008,40-44,
S2,2008,45-49,
S2,2008,50-54,
S2,2008,55-59,
S2,2008,60-64,
S2,2008,65-69,
S2,2008,70-74,
S2,2008,75+,
S2,2008,0-8,
S2,2008,9-14,
S2,2008,0-17,211811083.50911945
S2,2008,18-29,120574324.53828861
S2,2008,30-65,201652177.3574649
S2,2008,66+,29027084.96105372
S2,2008,15-26,
S2,2008,27-45,
S2,2008,46-65,
S2,2009,00-04,
S2,2009,05-09,
S2,2009,10-14,
S2,2009,15-19,
S2,2009,20-24,
S2,2009,25-29,
S2,2009,30-34,
S2,2009,35-39,
S2,2009,40-44,
S2,2009,45-49,
S2,2009,50-54,
S2,2009,55-59,
S2,2009,60-64,
S2,2009,65-69,
S2,2009,70-74,
S2,2009,75+,
S2,2009,0-8,
S2,2009,9-14,
S2,2009,0-17,212316093.71442696
S2,2009,18-29,122948186.64883067
S2,2009,30-65,206864481.08163103
S2,2009,66+,29837525.96944879
S2,2009,15-26,
S2,2009,27-45,
S2,2009,46-65,
S2,2010,00-04,
S2,2010,05-09,
S2,2010,10-14,
S2,2010,15-19,
S2,2010,20-24,
S2,2010,25-29,
S2,2010,30-34,
S2,2010,35-39,
S2,2010,40-44,
S2,2010,45-49,
S2,2010,50-54,
S2,2010,55-59,
S2,2010,60-64,
S2,2010,65-69,
S2,2010,70-74,
S2,2010,75+,
S2,2010,0-8,
S2,2010,9-14,
S2,2010,0-17,212838774.1637892
S2,2010,18-29,125435719.3628053
S2,2010,30-65,212501949.52772954
S2,2010,66+,30673869.0042561
S2,2010,15-26,
S2,2010,27-45,
S2,2010,46-65,
S2,2011,00-04,
S2,2011,05-09,
S2,2011,10-14,
S2,2011,15-19,
S2,2011,20-24,
S2,2011,25-29,
S2,2011,30-34,
S2,2011,35-39,
S2,2011,40-44,
S2,2011,45-49,
S2,2011,50-54,
S2,2011,55-59,
S2,2011,60-64,
S2,2011,65-69,
S2,2011,70-74,
S2,2011,75+,
S2,2011,0-8,
S2,2011,9-14,
S2,2011,0-17,213234804.39491555
S2,2011,18-29,127843623.44662175
S2,2011,30-65,218471178.3075616
S2,2011,66+,31549224.025903035
S2,2011,15-26,
S2,2011,27-45,
S2,2011,46-65,
S2,2012,00-04,
S2,2012,05-09,
S2,2012,10-14,
S2,2012,15-19,
S2,2012,20-24,
S2,2012,25-29,
S2,2012,30-34,
S2,2012,35-39,
S2,2012,40-44,
S2,2012,45-49,
S2,2012,50-54,
S2,2012,55-59,
S2,2012,60-64,
S2,2012,65-69,
S2,2012,70-74,
S2,2012,75+,
S2,2012,0-8,
S2,2012,9-14,
S2,2012,0-17,213347701.47522852
S2,2012,18-29,129604177.09904681
S2,2012,30-65,224269041.80348626
S2,2012,66+,32474795.053317197
S2,2012,15-26,
S2,2012,27-45,
S2,2012,46-65,
S2,2013,00-04,
S2,2013,05-09,
S2,2013,10-14,
S2,2013,15-19,
S2,2013,20-24,
S2,2013,25-29,
S2,2013,30-34,
S2,2013,35-39,
S2,2013,40-44,
S2,2013,45-49,
S2,2013,50-54,
S2,2013,55-59,
S2,2013,60-64,
S2,2013,65-69,
S2,2013,70-74,
S2,2013,75+,
S2,2013,0-8,
S2,2013,9-14,
S2,2013,0-17,213377466.9697851
S2,2013,18-29,131266806.08505574
S2,2013,30-65,230198872.6347716
S2,2013,66+,33448354.81999283
S2,2013,15-26,
S2,2013,27-45,
S2,2013,46-65,
S2,2014,00-04,
S2,2014,05-09,
S2,2014,10-14,
S2,2014,15-19,
S2,2014,20-24,
S2,2014,25-29,
S2,2014,30-34,
S2,2014,35-39,
S2,2014,40-44,
S2,2014,45-49,
S2,2014,50-54,
S2,2014,55-59,
S2,2014,60-64,
S2,2014,65-69,
S2,2014,70-74,
S2,2014,75+,
S2,2014,0-8,
S2,2014,9-14,
S2,2014,0-17,213250860.79335615
S2,2014,18-29,132797612.18680309
S2,2014,30-65,236302837.25025466
S2,2014,66+,34444796.77248655
S2,2014,15-26,
S2,2014,27-45,
S2,2014,46-65,
S2,2015,00-04,
S2,2015,05-09,
S2,2015,10-14,
S2,2015,15-19,
S2,2015,20-24,
S2,2015,25-29,
S2,2015,30-34,
S2,2015,35-39,
S2,2015,40-44,
S2,2015,45-49,
S2,2015,50-54,
S2,2015,55-59,
S2,2015,60-64,
S2,2015,65-69,
S2,2015,70-74,
S2,2015,75+,
S2,2015,0-8,
S2,2015,9-14,
S2,2015,0-17,212713311.66253063
S2,2015,18-29,134176978.01114404
S2,2015,30-65,242256814.12983367
S2,2015,66+,35774337.381653905
S2,2015,15-26,
S2,2015,27-45,
S2,2015,46-65,
S2,2016,00-04,
S2,2016,05-09,
S2,2016,10-14,
S2,2016,15-19,
S2,2016,20-24,
S2,2016,25-29,
S2,2016,30-34,
S2,2016,35-39,
S2,2016,40-44,
S2,2016,45-49,
S2,2016,50-54,
S2,2016,55-59,
S2,2016,60-64,
S2,2016,65-69,
S2,2016,70-74,
S2,2016,75+,
S2,2016,0-8,
S2,2016,9-14,
S2,2016,0-17,212111543.82425237
S2,2016,18-29,135432960.1081624
S2,2016,30-65,248152348.2217549
S2,2016,66+,37200000.5906191
S2,2016,15-26,
S2,2016,27-45,
S2,2016,46-65,
S2,2017,00-04,
S2,2017,05-09,
S2,2017,10-14,
S2,2017,15-19,
S2,2017,20-24,
S2,2017,25-29,
S2,2017,30-34,
S2,2017,35-39,
S2,2017,40-44,
S2,2017,45-49,
S2,2017,50-54,
S2,2017,55-59,
S2,2017,60-64,
S2,2017,65-69,
S2,2017,70-74,
S2,2017,75+,
S2,2017,0-8,
S2,2017,9-14,
S2,2017,0-17,211556784.58125162
S2,2017,18-29,136715289.66230735
S2,2017,30-65,254281448.93726188
S2,2017,66+,38706629.200561926
S2,2017,15-26,
S2,2017,27-45,
S2,2017,46-65,
S2,2018,00-04,
S2,2018,05-09,
S2,2018,10-14,
S2,2018,15-19,
S2,2018,20-24,
S2,2018,25-29,
S2,2018,30-34,
S2,2018,35-39,
S2,2018,40-44,
S2,2018,45-49,
S2,2018,50-54,
S2,2018,55-59,
S2,2018,60-64,
S2,2018,65-69,
S2,2018,70-74,
S2,2018,75+,
S2,2018,0-8,
S2,2018,9-14,
S2,2018,0-17,210691144.57662693
S2,2018,18-29,137909878.24602586
S2,2018,30-65,260268261.79251626
S2,2018,66+,40289272.275588706
S2,2018,15-26,
S2,2018,27-45,
S2,2018,46-65,
S2,2019,00-04,
S2,2019,05-09,
S2,2019,10-14,
S2,2019,15-19,
S2,2019,20-24,
S2,2019,25-29,
S2,2019,30-34,
S2,2019,35-39,
S2,2019,40-44,
S2,2019,45-49,
S2,2019,50-54,
S2,2019,55-59,
S2,2019,60-64,
S2,2019,65-69,
S2,2019,70-74,
S2,2019,75+,
S2,2019,0-8,
S2,2019,9-14,
S2,2019,0-17,209920242.5433169
S2,2019,18-29,138913504.95015195
S2,2019,30-65,266188019.9825805
S2,2019,66+,41934806.98950738
S2,2019,15-26,
S2,2019,27-45,
S2,2019,46-65,
S2,2020,00-04,
S2,2020,05-09,
S2,2020,10-14,
S2,2020,15-19,
S2,2020,20-24,
S2,2020,25-29,
S2,2020,30-34,
S2,2020,35-39,
S2,2020,40-44,
S2,2020,45-49,
S2,2020,50-54,
S2,2020,55-59,
S2,2020,60-64,
S2,2020,65-69,
S2,2020,70-74,
S2,2020,75+,
S2,2020,0-8,
S2,2020,9-14,
S2,2020,0-17,208927754.10195982
S2,2020,18-29,139751787.24609256
S2,2020,30-65,271955368.3213896
S2,2020,66+,43680525.47496185
S2,2020,15-26,
S2,2020,27-45,
S2,2020,46-65,
S2,2021,00-04,
S2,2021,05-09,
S2,2021,10-14,
S2,2021,15-19,
S2,2021,20-24,
S2,2021,25-29,
S2,2021,30-34,
S2,2021,35-39,
S2,2021,40-44,
S2,2021,45-49,
S2,2021,50-54,
S2,2021,55-59,
S2,2021,60-64,
S2,2021,65-69,
S2,2021,70-74,
S2,2021,75+,
S2,2021,0-8,
S2,2021,9-14,
S2,2021,0-17,207765812.11081403
S2,2021,18-29,140793093.55492374
S2,2021,30-65,277727105.6142401
S2,2021,66+,45299951.0182329
S2,2021,15-26,
S2,2021,27-45,
S2,2021,46-65,
S2,2022,00-04,
S2,2022,05-09,
S2,2022,10-14,
S2,2022,15-19,
S2,2022,20-24,
S2,2022,25-29,
S2,2022,30-34,
S2,2022,35-39,
S2,2022,40-44,
S2,2022,45-49,
S2,2022,50-54,
S2,2022,55-59,
S2,2022,60-64,
S2,2022,65-69,
S2,2022,70-74,
S2,2022,75+,
S2,2022,0-8,
S2,2022,9-14,
S2,2022,0-17,206520716.30299926
S2,2022,18-29,141715288.10630763
S2,2022,30-65,282859116.77905285
S2,2022,66+,46101798.13560269
S2,2022,15-26,
S2,2022,27-45,
S2,2022,46-65,
S2,2023,00-04,
S2,2023,05-09,
S2,2023,10-14,
S2,2023,15-19,
S2,2023,20-24,
S2,2023,25-29,
S2,2023,30-34,
S2,2023,35-39,
S2,2023,40-44,
S2,2023,45-49,
S2,2023,50-54,
S2,2023,55-59,
S2,2023,60-64,
S2,2023,65-69,
S2,2023,70-74,
S2,2023,75+,
S2,2023,0-8,
S2,2023,9-14,
S2,2023,0-17,205244117.8877245
S2,2023,18-29,142328861.13995725
S2,2023,30-65,288513783.96264195
S2,2023,66+,47984842.188657634
S2,2023,15-26,
S2,2023,27-45,
S2,2023,46-65,
S2,2024,00-04,
S2,2024,05-09,
S2,2024,10-14,
S2,2024,15-19,
S2,2024,20-24,
S2,2024,25-29,
S2,2024,30-34,
S2,2024,35-39,
S2,2024,40-44,
S2,2024,45-49,
S2,2024,50-54,
S2,2024,55-59,
S2,2024,60-64,
S2,2024,65-69,
S2,2024,70-74,
S2,2024,75+,
S2,2024,0-8,
S2,2024,9-14,
S2,2024,0-17,204079372.6787561
S2,2024,18-29,142933315.482629
S2,2024,30-65,294176393.4965019
S2,2024,66+,49883670.80511259
S2,2024,15-26,
S2,2024,27-45,
S2,2024,46-65,
S2,2025,00-04,
S2,2025,05-09,
S2,2025,10-14,
S2,2025,15-19,
S2,2025,20-24,
S2,2025,25-29,
S2,2025,30-34,
S2,2025,35-39,
S2,2025,40-44,
S2,2025,45-49,
S2,2025,50-54,
S2,2025,55-59,
S2,2025,60-64,
S2,2025,65-69,
S2,2025,70-74,
S2,2025,75+,
S2,2025,0-8,
S2,2025,9-14,
S2,2025,0-17,202869787.50905162
S2,2025,18-29,143459459.13651738
S2,2025,30-65,299995045.1819452
S2,2025,66+,51875916.73253055
S2,2025,15-26,
S2,2025,27-45,
S2,2025,46-65,
S2,2026,00-04,
S2,2026,05-09,
S2,2026,10-14,
S2,2026,15-19,
S2,2026,20-24,
S2,2026,25-29,
S2,2026,30-34,
S2,2026,35-39,
S2,2026,40-44,
S2,2026,45-49,
S2,2026,50-54,
S2,2026,55-59,
S2,2026,60-64,
S2,2026,65-69,
S2,2026,70-74,
S2,2026,75+,
S2,2026,0-8,
S2,2026,9-14,
S2,2026,0-17,201791981.78400356
S2,2026,18-29,143798978.8693478
S2,2026,30-65,305782652.93447447
S2,2026,66+,53917501.84808783
S2,2026,15-26,
S2,2026,27-45,
S2,2026,46-65,
S2,2027,00-04,
S2,2027,05-09,
S2,2027,10-14,
S2,2027,15-19,
S2,2027,20-24,
S2,2027,25-29,
S2,2027,30-34,
S2,2027,35-39,
S2,2027,40-44,
S2,2027,45-49,
S2,2027,50-54,
S2,2027,55-59,
S2,2027,60-64,
S2,2027,65-69,
S2,2027,70-74,
S2,2027,75+,
S2,2027,0-8,
S2,2027,9-14,
S2,2027,0-17,200808639.7475778
S2,2027,18-29,143975774.13791028
S2,2027,30-65,311532737.5346085
S2,2027,66+,55999489.31275436
S2,2027,15-26,
S2,2027,27-45,
S2,2027,46-65,
S2,2028,00-04,
S2,2028,05-09,
S2,2028,10-14,
S2,2028,15-19,
S2,2028,20-24,
S2,2028,25-29,
S2,2028,30-34,
S2,2028,35-39,
S2,2028,40-44,
S2,2028,45-49,
S2,2028,50-54,
S2,2028,55-59,
S2,2028,60-64,
S2,2028,65-69,
S2,2028,70-74,
S2,2028,75+,
S2,2028,0-8,
S2,2028,9-14,
S2,2028,0-17,199877631.41951522
S2,2028,18-29,144004313.42032456
S2,2028,30-65,317246045.4434887
S2,2028,66+,58126783.57390673
S2,2028,15-26,
S2,2028,27-45,
S2,2028,46-65,
S2,2029,00-04,
S2,2029,05-09,
S2,2029,10-14,
S2,2029,15-19,
S2,2029,20-24,
S2,2029,25-29,
S2,2029,30-34,
S2,2029,35-39,
S2,2029,40-44,
S2,2029,45-49,
S2,2029,50-54,
S2,2029,55-59,
S2,2029,60-64,
S2,2029,65-69,
S2,2029,70-74,
S2,2029,75+,
S2,2029,0-8,
S2,2029,9-14,
S2,2029,0-17,198975299.95696026
S2,2029,18-29,143887543.113049
S2,2029,30-65,322928921.66991353
S2,2029,66+,60285915.70002427
S2,2029,15-26,
S2,2029,27-45,
S2,2029,46-65,
S2,2030,00-04,
S2,2030,05-09,
S2,2030,10-14,
S2,2030,15-19,
S2,2030,20-24,
S2,2030,25-29,
S2,2030,30-34,
S2,2030,35-39,
S2,2030,40-44,
S2,2030,45-49,
S2,2030,50-54,
S2,2030,55-59,
S2,2030,60-64,
S2,2030,65-69,
S2,2030,70-74,
S2,2030,75+,
S2,2030,0-8,
S2,2030,9-14,
S2,2030,0-17,198158605.4002846
S2,2030,18-29,143564554.74530584
S2,2030,30-65,328577850.3878719
S2,2030,66+,62486894.32907621
S2,2030,15-26,
S2,2030,27-45,
S2,2030,46-65,
S2,2031,00-04,
S2,2031,05-09,
S2,2031,10-14,
S2,2031,15-19,
S2,2031,20-24,
S2,2031,25-29,
S2,2031,30-34,
S2,2031,35-39,
S2,2031,40-44,
S2,2031,45-49,
S2,2031,50-54,
S2,2031,55-59,
S2,2031,60-64,
S2,2031,65-69,
S2,2031,70-74,
S2,2031,75+,
S2,2031,0-8,
S2,2031,9-14,
S2,2031,0-17,197320339.08377618
S2,2031,18-29,143015304.775157
S2,2031,30-65,334299053.0256896
S2,2031,66+,64713580.67766268
S2,2031,15-26,
S2,2031,27-45,
S2,2031,46-65,
S2,2032,00-04,
S2,2032,05-09,
S2,2032,10-14,
S2,2032,15-19,
S2,2032,20-24,
S2,2032,25-29,
S2,2032,30-34,
S2,2032,35-39,
S2,2032,40-44,
S2,2032,45-49,
S2,2032,50-54,
S2,2032,55-59,
S2,2032,60-64,
S2,2032,65-69,
S2,2032,70-74,
S2,2032,75+,
S2,2032,0-8,
S2,2032,9-14,
S2,2032,0-17,196415439.40617865
S2,2032,18-29,142303411.80123186
S2,2032,30-65,340036954.7469234
S2,2032,66+,66987453.40964182
S2,2032,15-26,
S2,2032,27-45,
S2,2032,46-65,
S2,2033,00-04,
S2,2033,05-09,
S2,2033,10-14,
S2,2033,15-19,
S2,2033,20-24,
S2,2033,25-29,
S2,2033,30-34,
S2,2033,35-39,
S2,2033,40-44,
S2,2033,45-49,
S2,2033,50-54,
S2,2033,55-59,
S2,2033,60-64,
S2,2033,65-69,
S2,2033,70-74,
S2,2033,75+,
S2,2033,0-8,
S2,2033,9-14,
S2,2033,0-17,195585738.6348543
S2,2033,18-29,141449962.8861474
S2,2033,30-65,345593469.98975676
S2,2033,66+,69329637.25357968
S2,2033,15-26,
S2,2033,27-45,
S2,2033,46-65,
S2,2034,00-04,
S2,2034,05-09,
S2,2034,10-14,
S2,2034,15-19,
S2,2034,20-24,
S2,2034,25-29,
S2,2034,30-34,
S2,2034,35-39,
S2,2034,40-44,
S2,2034,45-49,
S2,2034,50-54,
S2,2034,55-59,
S2,2034,60-64,
S2,2034,65-69,
S2,2034,70-74,
S2,2034,75+,
S2,2034,0-8,
S2,2034,9-14,
S2,2034,0-17,194717939.62065977
S2,2034,18-29,140644264.66480038
S2,2034,30-65,350870076.84121495
S2,2034,66+,71740286.70562267
S2,2034,15-26,
S2,2034,27-45,
S2,2034,46-65,
S2,2035,00-04,
S2,2035,05-09,
S2,2035,10-14,
S2,2035,15-19,
S2,2035,20-24,
S2,2035,25-29,
S2,2035,30-34,
S2,2035,35-39,
S2,2035,40-44,
S2,2035,45-49,
S2,2035,50-54,
S2,2035,55-59,
S2,2035,60-64,
S2,2035,65-69,
S2,2035,70-74,
S2,2035,75+,
S2,2035,0-8,
S2,2035,9-14,
S2,2035,0-17,194076887.980343
S2,2035,18-29,139584801.9277654
S2,2035,30-65,355931563.3295042
S2,2035,66+,74185338.00946367
S2,2035,15-26,
S2,2035,27-45,
S2,2035,46-65,
S2,2036,00-04,
S2,2036,05-09,
S2,2036,10-14,
S2,2036,15-19,
S2,2036,20-24,
S2,2036,25-29,
S2,2036,30-34,
S2,2036,35-39,
S2,2036,40-44,
S2,2036,45-49,
S2,2036,50-54,
S2,2036,55-59,
S2,2036,60-64,
S2,2036,65-69,
S2,2036,70-74,
S2,2036,75+,
S2,2036,0-8,
S2,2036,9-14,
S2,2036,0-17,193396828.39406496
S2,2036,18-29,138614523.69104138
S2,2036,30-65,360666696.7076836
S2,2036,66+,76677762.52595681
S2,2036,15-26,
S2,2036,27-45,
S2,2036,46-65,
S2,2037,00-04,
S2,2037,05-09,
S2,2037,10-14,
S2,2037,15-19,
S2,2037,20-24,
S2,2037,25-29,
S2,2037,30-34,
S2,2037,35-39,
S2,2037,40-44,
S2,2037,45-49,
S2,2037,50-54,
S2,2037,55-59,
S2,2037,60-64,
S2,2037,65-69,
S2,2037,70-74,
S2,2037,75+,
S2,2037,0-8,
S2,2037,9-14,
S2,2037,0-17,192584893.42884314
S2,2037,18-29,137780012.99539623
S2,2037,30-65,365068304.69623286
S2,2037,66+,79254015.91535519
S2,2037,15-26,
S2,2037,27-45,
S2,2037,46-65,
S2,2038,00-04,
S2,2038,05-09,
S2,2038,10-14,
S2,2038,15-19,
S2,2038,20-24,
S2,2038,25-29,
S2,2038,30-34,
S2,2038,35-39,
S2,2038,40-44,
S2,2038,45-49,
S2,2038,50-54,
S2,2038,55-59,
S2,2038,60-64,
S2,2038,65-69,
S2,2038,70-74,
S2,2038,75+,
S2,2038,0-8,
S2,2038,9-14,
S2,2038,0-17,191825462.99383408
S2,2038,18-29,136840386.80864194
S2,2038,30-65,369176532.8986116
S2,2038,66+,81888275.48767003
S2,2038,15-26,
S2,2038,27-45,
S2,2038,46-65,
S2,2039,00-04,
S2,2039,05-09,
S2,2039,10-14,
S2,2039,15-19,
S2,2039,20-24,
S2,2039,25-29,
S2,2039,30-34,
S2,2039,35-39,
S2,2039,40-44,
S2,2039,45-49,
S2,2039,50-54,
S2,2039,55-59,
S2,2039,60-64,
S2,2039,65-69,
S2,2039,70-74,
S2,2039,75+,
S2,2039,0-8,
S2,2039,9-14,
S2,2039,0-17,190869670.0477597
S2,2039,18-29,135941867.60331124
S2,2039,30-65,373065791.1509084
S2,2039,66+,84605620.40371452
S2,2039,15-26,
S2,2039,27-45,
S2,2039,46-65,
S2,2040,00-04,
S2,2040,05-09,
S2,2040,10-14,
S2,2040,15-19,
S2,2040,20-24,
S2,2040,25-29,
S2,2040,30-34,
S2,2040,35-39,
S2,2040,40-44,
S2,2040,45-49,
S2,2040,50-54,
S2,2040,55-59,
S2,2040,60-64,
S2,2040,65-69,
S2,2040,70-74,
S2,2040,75+,
S2,2040,0-8,
S2,2040,9-14,
S2,2040,0-17,189901522.94571874
S2,2040,18-29,134844285.77348524
S2,2040,30-65,376824831.2669246
S2,2040,66+,87383664.34577005
S2,2040,15-26,
S2,2040,27-45,
S2,2040,46-65,
S2,2041,00-04,
S2,2041,05-09,
S2,2041,10-14,
S2,2041,15-19,
S2,2041,20-24,
S2,2041,25-29,
S2,2041,30-34,
S2,2041,35-39,
S2,2041,40-44,
S2,2041,45-49,
S2,2041,50-54,
S2,2041,55-59,
S2,2041,60-64,
S2,2041,65-69,
S2,2041,70-74,
S2,2041,75+,
S2,2041,0-8,
S2,2041,9-14,
S2,2041,0-17,188986609.2
S2,2041,18-29,133661568.80000003
S2,2041,30-65,380323610.0000001
S2,2041,66+,90180000.99999991
S2,2041,15-26,
S2,2041,27-45,
S2,2041,46-65,
S2,2042,00-04,
S2,2042,05-09,
S2,2042,10-14,
S2,2042,15-19,
S2,2042,20-24,
S2,2042,25-29,
S2,2042,30-34,
S2,2042,35-39,
S2,2042,40-44,
S2,2042,45-49,
S2,2042,50-54,
S2,2042,55-59,
S2,2042,60-64,
S2,2042,65-69,
S2,2042,70-74,
S2,2042,75+,
S2,2042,0-8,
S2,2042,9-14,
S2,2042,0-17,187997396.0
S2,2042,18-29,132485080.00000003
S2,2042,30-65,383548942.20000005
S2,2042,66+,93073036.8000001
S2,2042,15-26,
S2,2042,27-45,
S2,2042,46-65,
S2,2043,00-04,
S2,2043,05-09,
S2,2043,10-14,
S2,2043,15-19,
S2,2043,20-24,
S2,2043,25-29,
S2,2043,30-34,
S2,2043,35-39,
S2,2043,40-44,
S2,2043,45-49,
S2,2043,50-54,
S2,2043,55-59,
S2,2043,60-64,
S2,2043,65-69,
S2,2043,70-74,
S2,2043,75+,
S2,2043,0-8,
S2,2043,9-14,
S2,2043,0-17,186918754.59999996
S2,2043,18-29,131360834.39999996
S2,2043,30-65,386593203.39999986
S2,2043,66+,95975249.60000008
S2,2043,15-26,
S2,2043,27-45,
S2,2043,46-65,
S2,2044,00-04,
S2,2044,05-09,
S2,2044,10-14,
S2,2044,15-19,
S2,2044,20-24,
S2,2044,25-29,
S2,2044,30-34,
S2,2044,35-39,
S2,2044,40-44,
S2,2044,45-49,
S2,2044,50-54,
S2,2044,55-59,
S2,2044,60-64,
S2,2044,65-69,
S2,2044,70-74,
S2,2044,75+,
S2,2044,0-8,
S2,2044,9-14,
S2,2044,0-17,185764447.79999995
S2,2044,18-29,130368182.2
S2,2044,30-65,389313949.2
S2,2044,66+,98931801.8
S2,2044,15-26,
S2,2044,27-45,
S2,2044,46-65,
S2,2045,00-04,
S2,2045,05-09,
S2,2045,10-14,
S2,2045,15-19,
S2,2045,20-24,
S2,2045,25-29,
S2,2045,30-34,
S2,2045,35-39,
S2,2045,40-44,
S2,2045,45-49,
S2,2045,50-54,
S2,2045,55-59,
S2,2045,60-64,
S2,2045,65-69,
S2,2045,70-74,
S2,2045,75+,
S2,2045,0-8,
S2,2045,9-14,
S2,2045,0-17,184539679.40000007
S2,2045,18-29,129763697.6
S2,2045,30-65,391430414.8000001
S2,2045,66+,101990814.1999999
S2,2045,15-26,
S2,2045,27-45,
S2,2045,46-65,
S2,2046,00-04,
S2,2046,05-09,
S2,2046,10-14,
S2,2046,15-19,
S2,2046,20-24,
S2,2046,25-29,
S2,2046,30-34,
S2,2046,35-39,
S2,2046,40-44,
S2,2046,45-49,
S2,2046,50-54,
S2,2046,55-59,
S2,2046,60-64,
S2,2046,65-69,
S2,2046,70-74,
S2,2046,75+,
S2,2046,0-8,
S2,2046,9-14,
S2,2046,0-17,183252376.6
S2,2046,18-29,129058895.4
S2,2046,30-65,393385594.6
S2,2046,66+,105175403.40000008
S2,2046,15-26,
S2,2046,27-45,
S2,2046,46-65,
S2,2047,00-04,
S2,2047,05-09,
S2,2047,10-14,
S2,2047,15-19,
S2,2047,20-24,
S2,2047,25-29,
S2,2047,30-34,
S2,2047,35-39,
S2,2047,40-44,
S2,2047,45-49,
S2,2047,50-54,
S2,2047,55-59,
S2,2047,60-64,
S2,2047,65-69,
S2,2047,70-74,
S2,2047,75+,
S2,2047,0-8,
S2,2047,9-14,
S2,2047,0-17,181913968.4
S2,2047,18-29,128255366.60000002
S2,2047,30-65,395203973.99999994
S2,2047,66+,108449876.99999993
S2,2047,15-26,
S2,2047,27-45,
S2,2047,46-65,
S2,2048,00-04,
S2,2048,05-09,
S2,2048,10-14,
S2,2048,15-19,
S2,2048,20-24,
S2,2048,25-29,
S2,2048,30-34,
S2,2048,35-39,
S2,2048,40-44,
S2,2048,45-49,
S2,2048,50-54,
S2,2048,55-59,
S2,2048,60-64,
S2,2048,65-69,
S2,2048,70-74,
S2,2048,75+,
S2,2048,0-8,
S2,2048,9-14,
S2,2048,0-17,180534251.79999995
S2,2048,18-29,127712305.19999997
S2,2048,30-65,396537459.4000002
S2,2048,66+,111788455.6000001
S2,2048,15-26,
S2,2048,27-45,
S2,2048,46-65,
S2,2049,00-04,
S2,2049,05-09,
S2,2049,10-14,
S2,2049,15-19,
S2,2049,20-24,
S2,2049,25-29,
S2,2049,30-34,
S2,2049,35-39,
S2,2049,40-44,
S2,2049,45-49,
S2,2049,50-54,
S2,2049,55-59,
S2,2049,60-64,
S2,2049,65-69,
S2,2049,70-74,
S2,2049,75+,
S2,2049,0-8,
S2,2049,9-14,
S2,2049,0-17,179126879.59999996
S2,2049,18-29,127018446.4
S2,2049,30-65,397766688.40000004
S2,2049,66+,115217123.59999987
S2,2049,15-26,
S2,2049,27-45,
S2,2049,46-65,
S2,2050,00-04,
S2,2050,05-09,
S2,2050,10-14,
S2,2050,15-19,
S2,2050,20-24,
S2,2050,25-29,
S2,2050,30-34,
S2,2050,35-39,
S2,2050,40-44,
S2,2050,45-49,
S2,2050,50-54,
S2,2050,55-59,
S2,2050,60-64,
S2,2050,65-69,
S2,2050,70-74,
S2,2050,75+,
S2,2050,0-8,
S2,2050,9-14,
S2,2050,0-17,177701527.79999998
S2,2050,18-29,126476757.2
S2,2050,30-65,398569280.19999987
S2,2050,66+,118761986.80000016
S2,2050,15-26,
S2,2050,27-45,
S2,2050,46-65,
S2,2051,00-04,
S2,2051,05-09,
S2,2051,10-14,
S2,2051,15-19,
S2,2051,20-24,
S2,2051,25-29,
S2,2051,30-34,
S2,2051,35-39,
S2,2051,40-44,
S2,2051,45-49,
S2,2051,50-54,
S2,2051,55-59,
S2,2051,60-64,
S2,2051,65-69,
S2,2051,70-74,
S2,2051,75+,
S2,2051,0-8,
S2,2051,9-14,
S2,2051,0-17,176263265.79999995
S2,2051,18-29,126154855.20000002
S2,2051,30-65,398931643.7999999
S2,2051,66+,122375155.19999987
S2,2051,15-26,
S2,2051,27-45,
S2,2051,46-65,
S2,2052,00-04,
S2,2052,05-09,
S2,2052,10-14,
S2,2052,15-19,
S2,2052,20-24,
S2,2052,25-29,
S2,2052,30-34,
S2,2052,35-39,
S2,2052,40-44,
S2,2052,45-49,
S2,2052,50-54,
S2,2052,55-59,
S2,2052,60-64,
S2,2052,65-69,
S2,2052,70-74,
S2,2052,75+,
S2,2052,0-8,
S2,2052,9-14,
S2,2052,0-17,174829820.00000003
S2,2052,18-29,125820842.99999999
S2,2052,30-65,399009290.3999999
S2,2052,66+,126107196.59999992
S2,2052,15-26,
S2,2052,27-45,
S2,2052,46-65,
S2,2053,00-04,
S2,2053,05-09,
S2,2053,10-14,
S2,2053,15-19,
S2,2053,20-24,
S2,2053,25-29,
S2,2053,30-34,
S2,2053,35-39,
S2,2053,40-44,
S2,2053,45-49,
S2,2053,50-54,
S2,2053,55-59,
S2,2053,60-64,
S2,2053,65-69,
S2,2053,70-74,
S2,2053,75+,
S2,2053,0-8,
S2,2053,9-14,
S2,2053,0-17,173410817.6
S2,2053,18-29,125406876.39999999
S2,2053,30-65,398997620.8000001
S2,2053,66+,129821372.19999981
S2,2053,15-26,
S2,2053,27-45,
S2,2053,46-65,
S2,2054,00-04,
S2,2054,05-09,
S2,2054,10-14,
S2,2054,15-19,
S2,2054,20-24,
S2,2054,25-29,
S2,2054,30-34,
S2,2054,35-39,
S2,2054,40-44,
S2,2054,45-49,
S2,2054,50-54,
S2,2054,55-59,
S2,2054,60-64,
S2,2054,65-69,
S2,2054,70-74,
S2,2054,75+,
S2,2054,0-8,
S2,2054,9-14,
S2,2054,0-17,172016469.79999998
S2,2054,18-29,124923044.20000002
S2,2054,30-65,398833158.7999999
S2,2054,66+,133571727.20000003
S2,2054,15-26,
S2,2054,27-45,
S2,2054,46-65,
S2,2055,00-04,
S2,2055,05-09,
S2,2055,10-14,
S2,2055,15-19,
S2,2055,20-24,
S2,2055,25-29,
S2,2055,30-34,
S2,2055,35-39,
S2,2055,40-44,
S2,2055,45-49,
S2,2055,50-54,
S2,2055,55-59,
S2,2055,60-64,
S2,2055,65-69,
S2,2055,70-74,
S2,2055,75+,
S2,2055,0-8,
S2,2055,9-14,
S2,2055,0-17,170628040.79999995
S2,2055,18-29,124355132.19999996
S2,2055,30-65,398523597.79999995
S2,2055,66+,137348402.20000005
S2,2055,15-26,
S2,2055,27-45,
S2,2055,46-65,
S2,2056,00-04,
S2,2056,05-09,
S2,2056,10-14,
S2,2056,15-19,
S2,2056,20-24,
S2,2056,25-29,
S2,2056,30-34,
S2,2056,35-39,
S2,2056,40-44,
S2,2056,45-49,
S2,2056,50-54,
S2,2056,55-59,
S2,2056,60-64,
S2,2056,65-69,
S2,2056,70-74,
S2,2056,75+,
S2,2056,0-8,
S2,2056,9-14,
S2,2056,0-17,169267001.79999995
S2,2056,18-29,123744053.20000002
S2,2056,30-65,398104366.6000001
S2,2056,66+,141099356.39999995
S2,2056,15-26,
S2,2056,27-45,
S2,2056,46-65,
S2,2057,00-04,
S2,2057,05-09,
S2,2057,10-14,
S2,2057,15-19,
S2,2057,20-24,
S2,2057,25-29,
S2,2057,30-34,
S2,2057,35-39,
S2,2057,40-44,
S2,2057,45-49,
S2,2057,50-54,
S2,2057,55-59,
S2,2057,60-64,
S2,2057,65-69,
S2,2057,70-74,
S2,2057,75+,
S2,2057,0-8,
S2,2057,9-14,
S2,2057,0-17,167951268.59999996
S2,2057,18-29,123057125.39999996
S2,2057,30-65,397538018.80000013
S2,2057,66+,144861664.20000005
S2,2057,15-26,
S2,2057,27-45,
S2,2057,46-65,
S2,2058,00-04,
S2,2058,05-09,
S2,2058,10-14,
S2,2058,15-19,
S2,2058,20-24,
S2,2058,25-29,
S2,2058,30-34,
S2,2058,35-39,
S2,2058,40-44,
S2,2058,45-49,
S2,2058,50-54,
S2,2058,55-59,
S2,2058,60-64,
S2,2058,65-69,
S2,2058,70-74,
S2,2058,75+,
S2,2058,0-8,
S2,2058,9-14,
S2,2058,0-17,166685335.2
S2,2058,18-29,122310517.8
S2,2058,30-65,396869369.2000001
S2,2058,66+,148586836.80000007
S2,2058,15-26,
S2,2058,27-45,
S2,2058,46-65,
S2,2059,00-04,
S2,2059,05-09,
S2,2059,10-14,
S2,2059,15-19,
S2,2059,20-24,
S2,2059,25-29,
S2,2059,30-34,
S2,2059,35-39,
S2,2059,40-44,
S2,2059,45-49,
S2,2059,50-54,
S2,2059,55-59,
S2,2059,60-64,
S2,2059,65-69,
S2,2059,70-74,
S2,2059,75+,
S2,2059,0-8,
S2,2059,9-14,
S2,2059,0-17,165458020.59999996
S2,2059,18-29,121507160.40000002
S2,2059,30-65,396093341.60000014
S2,2059,66+,152267348.39999998
S2,2059,15-26,
S2,2059,27-45,
S2,2059,46-65,
S2,2060,00-04,
S2,2060,05-09,
S2,2060,10-14,
S2,2060,15-19,
S2,2060,20-24,
S2,2060,25-29,
S2,2060,30-34,
S2,2060,35-39,
S2,2060,40-44,
S2,2060,45-49,
S2,2060,50-54,
S2,2060,55-59,
S2,2060,60-64,
S2,2060,65-69,
S2,2060,70-74,
S2,2060,75+,
S2,2060,0-8,
S2,2060,9-14,
S2,2060,0-17,164266266.79999998
S2,2060,18-29,120649073.20000003
S2,2060,30-65,395188599.0
S2,2060,66+,155929972.00000003
S2,2060,15-26,
S2,2060,27-45,
S2,2060,46-65,
S2,2061,00-04,
S2,2061,05-09,
S2,2061,10-14,
S2,2061,15-19,
S2,2061,20-24,
S2,2061,25-29,
S2,2061,30-34,
S2,2061,35-39,
S2,2061,40-44,
S2,2061,45-49,
S2,2061,50-54,
S2,2061,55-59,
S2,2061,60-64,
S2,2061,65-69,
S2,2061,70-74,
S2,2061,75+,
S2,2061,0-8,
S2,2061,9-14,
S2,2061,0-17,163104684.79999995
S2,2061,18-29,119736818.2
S2,2061,30-65,394181524.0000001
S2,2061,66+,159548786.00000003
S2,2061,15-26,
S2,2061,27-45,
S2,2061,46-65,
S2,2062,00-04,
S2,2062,05-09,
S2,2062,10-14,
S2,2062,15-19,
S2,2062,20-24,
S2,2062,25-29,
S2,2062,30-34,
S2,2062,35-39,
S2,2062,40-44,
S2,2062,45-49,
S2,2062,50-54,
S2,2062,55-59,
S2,2062,60-64,
S2,2062,65-69,
S2,2062,70-74,
S2,2062,75+,
S2,2062,0-8,
S2,2062,9-14,
S2,2062,0-17,161964873.0
S2,2062,18-29,118781832.00000003
S2,2062,30-65,393042035.8
S2,2062,66+,163126802.2
S2,2062,15-26,
S2,2062,27-45,
S2,2062,46-65,
S2,2063,00-04,
S2,2063,05-09,
S2,2063,10-14,
S2,2063,15-19,
S2,2063,20-24,
S2,2063,25-29,
S2,2063,30-34,
S2,2063,35-39,
S2,2063,40-44,
S2,2063,45-49,
S2,2063,50-54,
S2,2063,55-59,
S2,2063,60-64,
S2,2063,65-69,
S2,2063,70-74,
S2,2063,75+,
S2,2063,0-8,
S2,2063,9-14,
S2,2063,0-17,160870830.4
S2,2063,18-29,117803533.60000002
S2,2063,30-65,391766679.2000001
S2,2063,66+,166653585.80000013
S2,2063,15-26,
S2,2063,27-45,
S2,2063,46-65,
S2,2064,00-04,
S2,2064,05-09,
S2,2064,10-14,
S2,2064,15-19,
S2,2064,20-24,
S2,2064,25-29,
S2,2064,30-34,
S2,2064,35-39,
S2,2064,40-44,
S2,2064,45-49,
S2,2064,50-54,
S2,2064,55-59,
S2,2064,60-64,
S2,2064,65-69,
S2,2064,70-74,
S2,2064,75+,
S2,2064,0-8,
S2,2064,9-14,
S2,2064,0-17,159801430.20000002
S2,2064,18-29,116806753.80000001
S2,2064,30-65,390363604.99999994
S2,2064,66+,170135223.99999988
S2,2064,15-26,
S2,2064,27-45,
S2,2064,46-65,
S2,2065,00-04,
S2,2065,05-09,
S2,2065,10-14,
S2,2065,15-19,
S2,2065,20-24,
S2,2065,25-29,
S2,2065,30-34,
S2,2065,35-39,
S2,2065,40-44,
S2,2065,45-49,
S2,2065,50-54,
S2,2065,55-59,
S2,2065,60-64,
S2,2065,65-69,
S2,2065,70-74,
S2,2065,75+,
S2,2065,0-8,
S2,2065,9-14,
S2,2065,0-17,158751585.79999998
S2,2065,18-29,115796273.2
S2,2065,30-65,388815250.39999986
S2,2065,66+,173581242.59999996
S2,2065,15-26,
S2,2065,27-45,
S2,2065,46-65,
S2,2066,00-04,
S2,2066,05-09,
S2,2066,10-14,
S2,2066,15-19,
S2,2066,20-24,
S2,2066,25-29,
S2,2066,30-34,
S2,2066,35-39,
S2,2066,40-44,
S2,2066,45-49,
S2,2066,50-54,
S2,2066,55-59,
S2,2066,60-64,
S2,2066,65-69,
S2,2066,70-74,
S2,2066,75+,
S2,2066,0-8,
S2,2066,9-14,
S2,2066,0-17,157715942.00000003
S2,2066,18-29,114773064.00000001
S2,2066,30-65,387049588.19999987
S2,2066,66+,177051699.8
S2,2066,15-26,
S2,2066,27-45,
S2,2066,46-65,
S2,2067,00-04,
S2,2067,05-09,
S2,2067,10-14,
S2,2067,15-19,
S2,2067,20-24,
S2,2067,25-29,
S2,2067,30-34,
S2,2067,35-39,
S2,2067,40-44,
S2,2067,45-49,
S2,2067,50-54,
S2,2067,55-59,
S2,2067,60-64,
S2,2067,65-69,
S2,2067,70-74,
S2,2067,75+,
S2,2067,0-8,
S2,2067,9-14,
S2,2067,0-17,156695849.19999996
S2,2067,18-29,113765018.80000001
S2,2067,30-65,385091371.59999996
S2,2067,66+,180532921.4
S2,2067,15-26,
S2,2067,27-45,
S2,2067,46-65,
S2,2068,00-04,
S2,2068,05-09,
S2,2068,10-14,
S2,2068,15-19,
S2,2068,20-24,
S2,2068,25-29,
S2,2068,30-34,
S2,2068,35-39,
S2,2068,40-44,
S2,2068,45-49,
S2,2068,50-54,
S2,2068,55-59,
S2,2068,60-64,
S2,2068,65-69,
S2,2068,70-74,
S2,2068,75+,
S2,2068,0-8,
S2,2068,9-14,
S2,2068,0-17,155682209.8
S2,2068,18-29,112766503.20000003
S2,2068,30-65,383048998.39999974
S2,2068,66+,183888600.6000001
S2,2068,15-26,
S2,2068,27-45,
S2,2068,46-65,
S2,2069,00-04,
S2,2069,05-09,
S2,2069,10-14,
S2,2069,15-19,
S2,2069,20-24,
S2,2069,25-29,
S2,2069,30-34,
S2,2069,35-39,
S2,2069,40-44,
S2,2069,45-49,
S2,2069,50-54,
S2,2069,55-59,
S2,2069,60-64,
S2,2069,65-69,
S2,2069,70-74,
S2,2069,75+,
S2,2069,0-8,
S2,2069,9-14,
S2,2069,0-17,154662134.59999996
S2,2069,18-29,111797093.40000002
S2,2069,30-65,380976385.5999999
S2,2069,66+,187060972.40000004
S2,2069,15-26,
S2,2069,27-45,
S2,2069,46-65,
S2,2070,00-04,
S2,2070,05-09,
S2,2070,10-14,
S2,2070,15-19,
S2,2070,20-24,
S2,2070,25-29,
S2,2070,30-34,
S2,2070,35-39,
S2,2070,40-44,
S2,2070,45-49,
S2,2070,50-54,
S2,2070,55-59,
S2,2070,60-64,
S2,2070,65-69,
S2,2070,70-74,
S2,2070,75+,
S2,2070,0-8,
S2,2070,9-14,
S2,2070,0-17,153630157.79999995
S2,2070,18-29,110857276.2
S2,2070,30-65,378856113.6
S2,2070,66+,190081311.40000007
S2,2070,15-26,
S2,2070,27-45,
S2,2070,46-65,
S2,2071,00-04,
S2,2071,05-09,
S2,2071,10-14,
S2,2071,15-19,
S2,2071,20-24,
S2,2071,25-29,
S2,2071,30-34,
S2,2071,35-39,
S2,2071,40-44,
S2,2071,45-49,
S2,2071,50-54,
S2,2071,55-59,
S2,2071,60-64,
S2,2071,65-69,
S2,2071,70-74,
S2,2071,75+,
S2,2071,0-8,
S2,2071,9-14,
S2,2071,0-17,152588719.79999995
S2,2071,18-29,109937275.19999996
S2,2071,30-65,376747143.3999999
S2,2071,66+,192899678.6
S2,2071,15-26,
S2,2071,27-45,
S2,2071,46-65,
S2,2072,00-04,
S2,2072,05-09,
S2,2072,10-14,
S2,2072,15-19,
S2,2072,20-24,
S2,2072,25-29,
S2,2072,30-34,
S2,2072,35-39,
S2,2072,40-44,
S2,2072,45-49,
S2,2072,50-54,
S2,2072,55-59,
S2,2072,60-64,
S2,2072,65-69,
S2,2072,70-74,
S2,2072,75+,
S2,2072,0-8,
S2,2072,9-14,
S2,2072,0-17,151536007.59999993
S2,2072,18-29,109065274.39999999
S2,2072,30-65,374615725.59999996
S2,2072,66+,195542059.40000015
S2,2072,15-26,
S2,2072,27-45,
S2,2072,46-65,
S2,2073,00-04,
S2,2073,05-09,
S2,2073,10-14,
S2,2073,15-19,
S2,2073,20-24,
S2,2073,25-29,
S2,2073,30-34,
S2,2073,35-39,
S2,2073,40-44,
S2,2073,45-49,
S2,2073,50-54,
S2,2073,55-59,
S2,2073,60-64,
S2,2073,65-69,
S2,2073,70-74,
S2,2073,75+,
S2,2073,0-8,
S2,2073,9-14,
S2,2073,0-17,150464848.39999998
S2,2073,18-29,108233629.59999998
S2,2073,30-65,372463942.39999986
S2,2073,66+,198000346.59999985
S2,2073,15-26,
S2,2073,27-45,
S2,2073,46-65,
S2,2074,00-04,
S2,2074,05-09,
S2,2074,10-14,
S2,2074,15-19,
S2,2074,20-24,
S2,2074,25-29,
S2,2074,30-34,
S2,2074,35-39,
S2,2074,40-44,
S2,2074,45-49,
S2,2074,50-54,
S2,2074,55-59,
S2,2074,60-64,
S2,2074,65-69,
S2,2074,70-74,
S2,2074,75+,
S2,2074,0-8,
S2,2074,9-14,
S2,2074,0-17,149383819.2
S2,2074,18-29,107439289.8
S2,2074,30-65,370247141.9999999
S2,2074,66+,200350076.00000006
S2,2074,15-26,
S2,2074,27-45,
S2,2074,46-65,
S2,2075,00-04,
S2,2075,05-09,
S2,2075,10-14,
S2,2075,15-19,
S2,2075,20-24,
S2,2075,25-29,
S2,2075,30-34,
S2,2075,35-39,
S2,2075,40-44,
S2,2075,45-49,
S2,2075,50-54,
S2,2075,55-59,
S2,2075,60-64,
S2,2075,65-69,
S2,2075,70-74,
S2,2075,75+,
S2,2075,0-8,
S2,2075,9-14,
S2,2075,0-17,148298898.8
S2,2075,18-29,106666584.2
S2,2075,30-65,367914773.1999999
S2,2075,66+,202634544.80000007
S2,2075,15-26,
S2,2075,27-45,
S2,2075,46-65,
S2,2076,00-04,
S2,2076,05-09,
S2,2076,10-14,
S2,2076,15-19,
S2,2076,20-24,
S2,2076,25-29,
S2,2076,30-34,
S2,2076,35-39,
S2,2076,40-44,
S2,2076,45-49,
S2,2076,50-54,
S2,2076,55-59,
S2,2076,60-64,
S2,2076,65-69,
S2,2076,70-74,
S2,2076,75+,
S2,2076,0-8,
S2,2076,9-14,
S2,2076,0-17,147191472.40000004
S2,2076,18-29,105935666.59999998
S2,2076,30-65,365594341.60000014
S2,2076,66+,204722852.39999992
S2,2076,15-26,
S2,2076,27-45,
S2,2076,46-65,
S2,2077,00-04,
S2,2077,05-09,
S2,2077,10-14,
S2,2077,15-19,
S2,2077,20-24,
S2,2077,25-29,
S2,2077,30-34,
S2,2077,35-39,
S2,2077,40-44,
S2,2077,45-49,
S2,2077,50-54,
S2,2077,55-59,
S2,2077,60-64,
S2,2077,65-69,
S2,2077,70-74,
S2,2077,75+,
S2,2077,0-8,
S2,2077,9-14,
S2,2077,0-17,146074899.0
S2,2077,18-29,105238820.0
S2,2077,30-65,363256796.39999986
S2,2077,66+,206668244.59999985
S2,2077,15-26,
S2,2077,27-45,
S2,2077,46-65,
S2,2078,00-04,
S2,2078,05-09,
S2,2078,10-14,
S2,2078,15-19,
S2,2078,20-24,
S2,2078,25-29,
S2,2078,30-34,
S2,2078,35-39,
S2,2078,40-44,
S2,2078,45-49,
S2,2078,50-54,
S2,2078,55-59,
S2,2078,60-64,
S2,2078,65-69,
S2,2078,70-74,
S2,2078,75+,
S2,2078,0-8,
S2,2078,9-14,
S2,2078,0-17,144949019.40000004
S2,2078,18-29,104580158.60000001
S2,2078,30-65,360896054.2
S2,2078,66+,208468288.79999977
S2,2078,15-26,
S2,2078,27-45,
S2,2078,46-65,
S2,2079,00-04,
S2,2079,05-09,
S2,2079,10-14,
S2,2079,15-19,
S2,2079,20-24,
S2,2079,25-29,
S2,2079,30-34,
S2,2079,35-39,
S2,2079,40-44,
S2,2079,45-49,
S2,2079,50-54,
S2,2079,55-59,
S2,2079,60-64,
S2,2079,65-69,
S2,2079,70-74,
S2,2079,75+,
S2,2079,0-8,
S2,2079,9-14,
S2,2079,0-17,143817163.79999995
S2,2079,18-29,103941086.20000003
S2,2079,30-65,358579103.59999996
S2,2079,66+,210077448.40000018
S2,2079,15-26,
S2,2079,27-45,
S2,2079,46-65,
S2,2080,00-04,
S2,2080,05-09,
S2,2080,10-14,
S2,2080,15-19,
S2,2080,20-24,
S2,2080,25-29,
S2,2080,30-34,
S2,2080,35-39,
S2,2080,40-44,
S2,2080,45-49,
S2,2080,50-54,
S2,2080,55-59,
S2,2080,60-64,
S2,2080,65-69,
S2,2080,70-74,
S2,2080,75+,
S2,2080,0-8,
S2,2080,9-14,
S2,2080,0-17,142677975.99999997
S2,2080,18-29,103308112.00000003
S2,2080,30-65,356478850.79999995
S2,2080,66+,211342182.20000005
S2,2080,15-26,
S2,2080,27-45,
S2,2080,46-65,
S2,2081,00-04,
S2,2081,05-09,
S2,2081,10-14,
S2,2081,15-19,
S2,2081,20-24,
S2,2081,25-29,
S2,2081,30-34,
S2,2081,35-39,
S2,2081,40-44,
S2,2081,45-49,
S2,2081,50-54,
S2,2081,55-59,
S2,2081,60-64,
S2,2081,65-69,
S2,2081,70-74,
S2,2081,75+,
S2,2081,0-8,
S2,2081,9-14,
S2,2081,0-17,141542700.59999996
S2,2081,18-29,102678412.39999998
S2,2081,30-65,354280045.3999999
S2,2081,66+,212574724.60000005
S2,2081,15-26,
S2,2081,27-45,
S2,2081,46-65,
S2,2082,00-04,
S2,2082,05-09,
S2,2082,10-14,
S2,2082,15-19,
S2,2082,20-24,
S2,2082,25-29,
S2,2082,30-34,
S2,2082,35-39,
S2,2082,40-44,
S2,2082,45-49,
S2,2082,50-54,
S2,2082,55-59,
S2,2082,60-64,
S2,2082,65-69,
S2,2082,70-74,
S2,2082,75+,
S2,2082,0-8,
S2,2082,9-14,
S2,2082,0-17,140407016.6
S2,2082,18-29,102045088.39999998
S2,2082,30-65,351988729.7999999
S2,2082,66+,213794173.19999993
S2,2082,15-26,
S2,2082,27-45,
S2,2082,46-65,
S2,2083,00-04,
S2,2083,05-09,
S2,2083,10-14,
S2,2083,15-19,
S2,2083,20-24,
S2,2083,25-29,
S2,2083,30-34,
S2,2083,35-39,
S2,2083,40-44,
S2,2083,45-49,
S2,2083,50-54,
S2,2083,55-59,
S2,2083,60-64,
S2,2083,65-69,
S2,2083,70-74,
S2,2083,75+,
S2,2083,0-8,
S2,2083,9-14,
S2,2083,0-17,139284431.99999997
S2,2083,18-29,101421131.0
S2,2083,30-65,349872129.40000004
S2,2083,66+,214723585.5999999
S2,2083,15-26,
S2,2083,27-45,
S2,2083,46-65,
S2,2084,00-04,
S2,2084,05-09,
S2,2084,10-14,
S2,2084,15-19,
S2,2084,20-24,
S2,2084,25-29,
S2,2084,30-34,
S2,2084,35-39,
S2,2084,40-44,
S2,2084,45-49,
S2,2084,50-54,
S2,2084,55-59,
S2,2084,60-64,
S2,2084,65-69,
S2,2084,70-74,
S2,2084,75+,
S2,2084,0-8,
S2,2084,9-14,
S2,2084,0-17,138171989.99999997
S2,2084,18-29,100782813.0
S2,2084,30-65,347652731.20000017
S2,2084,66+,215651073.8000001
S2,2084,15-26,
S2,2084,27-45,
S2,2084,46-65,
S2,2085,00-04,
S2,2085,05-09,
S2,2085,10-14,
S2,2085,15-19,
S2,2085,20-24,
S2,2085,25-29,
S2,2085,30-34,
S2,2085,35-39,
S2,2085,40-44,
S2,2085,45-49,
S2,2085,50-54,
S2,2085,55-59,
S2,2085,60-64,
S2,2085,65-69,
S2,2085,70-74,
S2,2085,75+,
S2,2085,0-8,
S2,2085,9-14,
S2,2085,0-17,137075326.4
S2,2085,18-29,100149440.60000002
S2,2085,30-65,345585719.8
S2,2085,66+,216323146.1999999
S2,2085,15-26,
S2,2085,27-45,
S2,2085,46-65,
S2,2086,00-04,
S2,2086,05-09,
S2,2086,10-14,
S2,2086,15-19,
S2,2086,20-24,
S2,2086,25-29,
S2,2086,30-34,
S2,2086,35-39,
S2,2086,40-44,
S2,2086,45-49,
S2,2086,50-54,
S2,2086,55-59,
S2,2086,60-64,
S2,2086,65-69,
S2,2086,70-74,
S2,2086,75+,
S2,2086,0-8,
S2,2086,9-14,
S2,2086,0-17,135991699.6
S2,2086,18-29,99495201.40000002
S2,2086,30-65,343648550.80000013
S2,2086,66+,216770714.2000001
S2,2086,15-26,
S2,2086,27-45,
S2,2086,46-65,
S2,2087,00-04,
S2,2087,05-09,
S2,2087,10-14,
S2,2087,15-19,
S2,2087,20-24,
S2,2087,25-29,
S2,2087,30-34,
S2,2087,35-39,
S2,2087,40-44,
S2,2087,45-49,
S2,2087,50-54,
S2,2087,55-59,
S2,2087,60-64,
S2,2087,65-69,
S2,2087,70-74,
S2,2087,75+,
S2,2087,0-8,
S2,2087,9-14,
S2,2087,0-17,134927293.79999998
S2,2087,18-29,98816709.2
S2,2087,30-65,341700599.0000001
S2,2087,66+,217161369.00000015
S2,2087,15-26,
S2,2087,27-45,
S2,2087,46-65,
S2,2088,00-04,
S2,2088,05-09,
S2,2088,10-14,
S2,2088,15-19,
S2,2088,20-24,
S2,2088,25-29,
S2,2088,30-34,
S2,2088,35-39,
S2,2088,40-44,
S2,2088,45-49,
S2,2088,50-54,
S2,2088,55-59,
S2,2088,60-64,
S2,2088,65-69,
S2,2088,70-74,
S2,2088,75+,
S2,2088,0-8,
S2,2088,9-14,
S2,2088,0-17,133898660.40000002
S2,2088,18-29,98120724.60000002
S2,2088,30-65,339764286.4
S2,2088,66+,217477143.6000001
S2,2088,15-26,
S2,2088,27-45,
S2,2088,46-65,
S2,2089,00-04,
S2,2089,05-09,
S2,2089,10-14,
S2,2089,15-19,
S2,2089,20-24,
S2,2089,25-29,
S2,2089,30-34,
S2,2089,35-39,
S2,2089,40-44,
S2,2089,45-49,
S2,2089,50-54,
S2,2089,55-59,
S2,2089,60-64,
S2,2089,65-69,
S2,2089,70-74,
S2,2089,75+,
S2,2089,0-8,
S2,2089,9-14,
S2,2089,0-17,132891870.20000006
S2,2089,18-29,97407211.80000001
S2,2089,30-65,337753158.6000002
S2,2089,66+,217784006.40000013
S2,2089,15-26,
S2,2089,27-45,
S2,2089,46-65,
S2,2090,00-04,
S2,2090,05-09,
S2,2090,10-14,
S2,2090,15-19,
S2,2090,20-24,
S2,2090,25-29,
S2,2090,30-34,
S2,2090,35-39,
S2,2090,40-44,
S2,2090,45-49,
S2,2090,50-54,
S2,2090,55-59,
S2,2090,60-64,
S2,2090,65-69,
S2,2090,70-74,
S2,2090,75+,
S2,2090,0-8,
S2,2090,9-14,
S2,2090,0-17,131913550.80000003
S2,2090,18-29,96676489.19999999
S2,2090,30-65,335719228.6000001
S2,2090,66+,218041791.40000007
S2,2090,15-26,
S2,2090,27-45,
S2,2090,46-65,
S2,2091,00-04,
S2,2091,05-09,
S2,2091,10-14,
S2,2091,15-19,
S2,2091,20-24,
S2,2091,25-29,
S2,2091,30-34,
S2,2091,35-39,
S2,2091,40-44,
S2,2091,45-49,
S2,2091,50-54,
S2,2091,55-59,
S2,2091,60-64,
S2,2091,65-69,
S2,2091,70-74,
S2,2091,75+,
S2,2091,0-8,
S2,2091,9-14,
S2,2091,0-17,130950334.2
S2,2091,18-29,95927453.80000003
S2,2091,30-65,333696413.3999999
S2,2091,66+,218227412.6
S2,2091,15-26,
S2,2091,27-45,
S2,2091,46-65,
S2,2092,00-04,
S2,2092,05-09,
S2,2092,10-14,
S2,2092,15-19,
S2,2092,20-24,
S2,2092,25-29,
S2,2092,30-34,
S2,2092,35-39,
S2,2092,40-44,
S2,2092,45-49,
S2,2092,50-54,
S2,2092,55-59,
S2,2092,60-64,
S2,2092,65-69,
S2,2092,70-74,
S2,2092,75+,
S2,2092,0-8,
S2,2092,9-14,
S2,2092,0-17,130004924.20000005
S2,2092,18-29,95183701.80000001
S2,2092,30-65,331630821.1999998
S2,2092,66+,218393866.79999986
S2,2092,15-26,
S2,2092,27-45,
S2,2092,46-65,
S2,2093,00-04,
S2,2093,05-09,
S2,2093,10-14,
S2,2093,15-19,
S2,2093,20-24,
S2,2093,25-29,
S2,2093,30-34,
S2,2093,35-39,
S2,2093,40-44,
S2,2093,45-49,
S2,2093,50-54,
S2,2093,55-59,
S2,2093,60-64,
S2,2093,65-69,
S2,2093,70-74,
S2,2093,75+,
S2,2093,0-8,
S2,2093,9-14,
S2,2093,0-17,129084436.79999998
S2,2093,18-29,94426450.2
S2,2093,30-65,329544595.2000001
S2,2093,66+,218548154.79999986
S2,2093,15-26,
S2,2093,27-45,
S2,2093,46-65,
S2,2094,00-04,
S2,2094,05-09,
S2,2094,10-14,
S2,2094,15-19,
S2,2094,20-24,
S2,2094,25-29,
S2,2094,30-34,
S2,2094,35-39,
S2,2094,40-44,
S2,2094,45-49,
S2,2094,50-54,
S2,2094,55-59,
S2,2094,60-64,
S2,2094,65-69,
S2,2094,70-74,
S2,2094,75+,
S2,2094,0-8,
S2,2094,9-14,
S2,2094,0-17,128166574.19999999
S2,2094,18-29,93658999.80000003
S2,2094,30-65,327420962.2
S2,2094,66+,218687067.80000007
S2,2094,15-26,
S2,2094,27-45,
S2,2094,46-65,
S2,2095,00-04,
S2,2095,05-09,
S2,2095,10-14,
S2,2095,15-19,
S2,2095,20-24,
S2,2095,25-29,
S2,2095,30-34,
S2,2095,35-39,
S2,2095,40-44,
S2,2095,45-49,
S2,2095,50-54,
S2,2095,55-59,
S2,2095,60-64,
S2,2095,65-69,
S2,2095,70-74,
S2,2095,75+,
S2,2095,0-8,
S2,2095,9-14,
S2,2095,0-17,127264071.2
S2,2095,18-29,92883698.80000003
S2,2095,30-65,325269214.79999983
S2,2095,66+,218816613.20000023
S2,2095,15-26,
S2,2095,27-45,
S2,2095,46-65,
S2,2096,00-04,
S2,2096,05-09,
S2,2096,10-14,
S2,2096,15-19,
S2,2096,20-24,
S2,2096,25-29,
S2,2096,30-34,
S2,2096,35-39,
S2,2096,40-44,
S2,2096,45-49,
S2,2096,50-54,
S2,2096,55-59,
S2,2096,60-64,
S2,2096,65-69,
S2,2096,70-74,
S2,2096,75+,
S2,2096,0-8,
S2,2096,9-14,
S2,2096,0-17,126371720.20000005
S2,2096,18-29,92111821.79999998
S2,2096,30-65,323084371.99999994
S2,2096,66+,218938189.0000002
S2,2096,15-26,
S2,2096,27-45,
S2,2096,46-65,
S2,2097,00-04,
S2,2097,05-09,
S2,2097,10-14,
S2,2097,15-19,
S2,2097,20-24,
S2,2097,25-29,
S2,2097,30-34,
S2,2097,35-39,
S2,2097,40-44,
S2,2097,45-49,
S2,2097,50-54,
S2,2097,55-59,
S2,2097,60-64,
S2,2097,65-69,
S2,2097,70-74,
S2,2097,75+,
S2,2097,0-8,
S2,2097,9-14,
S2,2097,0-17,125496805.40000004
S2,2097,18-29,91340542.6
S2,2097,30-65,320884794.40000004
S2,2097,66+,219046735.6000001
S2,2097,15-26,
S2,2097,27-45,
S2,2097,46-65,
S2,2098,00-04,
S2,2098,05-09,
S2,2098,10-14,
S2,2098,15-19,
S2,2098,20-24,
S2,2098,25-29,
S2,2098,30-34,
S2,2098,35-39,
S2,2098,40-44,
S2,2098,45-49,
S2,2098,50-54,
S2,2098,55-59,
S2,2098,60-64,
S2,2098,65-69,
S2,2098,70-74,
S2,2098,75+,
S2,2098,0-8,
S2,2098,9-14,
S2,2098,0-17,124625068.79999998
S2,2098,18-29,90587937.20000002
S2,2098,30-65,318675817.00000006
S2,2098,66+,219125027.0000001
S2,2098,15-26,
S2,2098,27-45,
S2,2098,46-65,
S2,2099,00-04,
S2,2099,05-09,
S2,2099,10-14,
S2,2099,15-19,
S2,2099,20-24,
S2,2099,25-29,
S2,2099,30-34,
S2,2099,35-39,
S2,2099,40-44,
S2,2099,45-49,
S2,2099,50-54,
S2,2099,55-59,
S2,2099,60-64,
S2,2099,65-69,
S2,2099,70-74,
S2,2099,75+,
S2,2099,0-8,
S2,2099,9-14,
S2,2099,0-17,123751808.99999999
S2,2099,18-29,89840765.0
S2,2099,30-65,316447336.99999994
S2,2099,66+,219188051.9999999
S2,2099,15-26,
S2,2099,27-45,
S2,2099,46-65,
S2,2100,00-04,
S2,2100,05-09,
S2,2100,10-14,
S2,2100,15-19,
S2,2100,20-24,
S2,2100,25-29,
S2,2100,30-34,
S2,2100,35-39,
S2,2100,40-44,
S2,2100,45-49,
S2,2100,50-54,
S2,2100,55-59,
S2,2100,60-64,
S2,2100,65-69,
S2,2100,70-74,
S2,2100,75+,
S2,2100,0-8,
S2,2100,9-14,
S2,2100,0-17,122892767.60000004
S2,2100,18-29,89116942.40000002
S2,2100,30-65,314201357.79999995
S2,2100,66+,219235216.20000017
S2,2100,15-26,
S2,2100,27-45,
S2,2100,46-65,
S3,1950,00-04,
S3,1950,05-09,
S3,1950,10-14,
S3,1950,15-19,
S3,1950,20-24,
S3,1950,25-29,
S3,1950,30-34,
S3,1950,35-39,
S3,1950,40-44,
S3,1950,45-49,
S3,1950,50-54,
S3,1950,55-59,
S3,1950,60-64,
S3,1950,65-69,
S3,1950,70-74,
S3,1950,75+,
S3,1950,0-8,40949368.0
S3,1950,9-14,22929451.0
S3,1950,0-17,
S3,1950,18-29,
S3,1950,30-65,
S3,1950,66+,4978451.599999995
S3,1950,15-26,37247645.99999999
S3,1950,27-45,40134545.0
S3,1950,46-65,20425569.39999999
S3,1951,00-04,
S3,1951,05-09,
S3,1951,10-14,
S3,1951,15-19,
S3,1951,20-24,
S3,1951,25-29,
S3,1951,30-34,
S3,1951,35-39,
S3,1951,40-44,
S3,1951,45-49,
S3,1951,50-54,
S3,1951,55-59,
S3,1951,60-64,
S3,1951,65-69,
S3,1951,70-74,
S3,1951,75+,
S3,1951,0-8,42233193.199999996
S3,1951,9-14,23141069.799999997
S3,1951,0-17,
S3,1951,18-29,
S3,1951,30-65,
S3,1951,66+,5062152.199999996
S3,1951,15-26,37911682.79999999
S3,1951,27-45,40841781.599999994
S3,1951,46-65,20969220.4
S3,1952,00-04,
S3,1952,05-09,
S3,1952,10-14,
S3,1952,15-19,
S3,1952,20-24,
S3,1952,25-29,
S3,1952,30-34,
S3,1952,35-39,
S3,1952,40-44,
S3,1952,45-49,
S3,1952,50-54,
S3,1952,55-59,
S3,1952,60-64,
S3,1952,65-69,
S3,1952,70-74,
S3,1952,75+,
S3,1952,0-8,43632940.599999994
S3,1952,9-14,23310542.4
S3,1952,0-17,
S3,1952,18-29,
S3,1952,30-65,
S3,1952,66+,5200155.799999999
S3,1952,15-26,38636321.8
S3,1952,27-45,41553352.99999999
S3,1952,46-65,21512663.399999987
S3,1953,00-04,
S3,1953,05-09,
S3,1953,10-14,
S3,1953,15-19,
S3,1953,20-24,
S3,1953,25-29,
S3,1953,30-34,
S3,1953,35-39,
S3,1953,40-44,
S3,1953,45-49,
S3,1953,50-54,
S3,1953,55-59,
S3,1953,60-64,
S3,1953,65-69,
S3,1953,70-74,
S3,1953,75+,
S3,1953,0-8,45172491.599999994
S3,1953,9-14,23457552.400000002
S3,1953,0-17,
S3,1953,18-29,
S3,1953,30-65,
S3,1953,66+,5386869.999999996
S3,1953,15-26,39390151.400000006
S3,1953,27-45,42256877.99999999
S3,1953,46-65,22057845.600000013
S3,1954,00-04,
S3,1954,05-09,
S3,1954,10-14,
S3,1954,15-19,
S3,1954,20-24,
S3,1954,25-29,
S3,1954,30-34,
S3,1954,35-39,
S3,1954,40-44,
S3,1954,45-49,
S3,1954,50-54,
S3,1954,55-59,
S3,1954,60-64,
S3,1954,65-69,
S3,1954,70-74,
S3,1954,75+,
S3,1954,0-8,46827638.0
S3,1954,9-14,23627356.0
S3,1954,0-17,
S3,1954,18-29,
S3,1954,30-65,
S3,1954,66+,5582817.599999996
S3,1954,15-26,40082500.2
S3,1954,27-45,42931254.4
S3,1954,46-65,22612175.799999993
S3,1955,00-04,
S3,1955,05-09,
S3,1955,10-14,
S3,1955,15-19,
S3,1955,20-24,
S3,1955,25-29,
S3,1955,30-34,
S3,1955,35-39,
S3,1955,40-44,
S3,1955,45-49,
S3,1955,50-54,
S3,1955,55-59,
S3,1955,60-64,
S3,1955,65-69,
S3,1955,70-74,
S3,1955,75+,
S3,1955,0-8,48512802.400000006
S3,1955,9-14,24005870.599999998
S3,1955,0-17,
S3,1955,18-29,
S3,1955,30-65,
S3,1955,66+,5756386.799999999
S3,1955,15-26,40724367.8
S3,1955,27-45,43675261.000000015
S3,1955,46-65,23220024.400000006
S3,1956,00-04,
S3,1956,05-09,
S3,1956,10-14,
S3,1956,15-19,
S3,1956,20-24,
S3,1956,25-29,
S3,1956,30-34,
S3,1956,35-39,
S3,1956,40-44,
S3,1956,45-49,
S3,1956,50-54,
S3,1956,55-59,
S3,1956,60-64,
S3,1956,65-69,
S3,1956,70-74,
S3,1956,75+,
S3,1956,0-8,50224928.0
S3,1956,9-14,24500830.999999996
S3,1956,0-17,
S3,1956,18-29,
S3,1956,30-65,
S3,1956,66+,5919162.400000006
S3,1956,15-26,41297146.8
S3,1956,27-45,44441845.6
S3,1956,46-65,23855047.200000014
S3,1957,00-04,
S3,1957,05-09,
S3,1957,10-14,
S3,1957,15-19,
S3,1957,20-24,
S3,1957,25-29,
S3,1957,30-34,
S3,1957,35-39,
S3,1957,40-44,
S3,1957,45-49,
S3,1957,50-54,
S3,1957,55-59,
S3,1957,60-64,
S3,1957,65-69,
S3,1957,70-74,
S3,1957,75+,
S3,1957,0-8,51957545.19999999
S3,1957,9-14,25094671.799999997
S3,1957,0-17,
S3,1957,18-29,
S3,1957,30-65,
S3,1957,66+,6063340.000000009
S3,1957,15-26,41842486.40000001
S3,1957,27-45,45247087.2
S3,1957,46-65,24526301.4
S3,1958,00-04,
S3,1958,05-09,
S3,1958,10-14,
S3,1958,15-19,
S3,1958,20-24,
S3,1958,25-29,
S3,1958,30-34,
S3,1958,35-39,
S3,1958,40-44,
S3,1958,45-49,
S3,1958,50-54,
S3,1958,55-59,
S3,1958,60-64,
S3,1958,65-69,
S3,1958,70-74,
S3,1958,75+,
S3,1958,0-8,53697395.400000006
S3,1958,9-14,25748539.6
S3,1958,0-17,
S3,1958,18-29,
S3,1958,30-65,
S3,1958,66+,6185221.599999997
S3,1958,15-26,42283704.8
S3,1958,27-45,45995518.40000001
S3,1958,46-65,25211379.200000007
S3,1959,00-04,
S3,1959,05-09,
S3,1959,10-14,
S3,1959,15-19,
S3,1959,20-24,
S3,1959,25-29,
S3,1959,30-34,
S3,1959,35-39,
S3,1959,40-44,
S3,1959,45-49,
S3,1959,50-54,
S3,1959,55-59,
S3,1959,60-64,
S3,1959,65-69,
S3,1959,70-74,
S3,1959,75+,
S3,1959,0-8,55487692.80000001
S3,1959,9-14,26427213.2
S3,1959,0-17,
S3,1959,18-29,
S3,1959,30-65,
S3,1959,66+,6319790.999999992
S3,1959,15-26,42824909.40000001
S3,1959,27-45,46868493.2
S3,1959,46-65,25916693.399999987
S3,1960,00-04,
S3,1960,05-09,
S3,1960,10-14,
S3,1960,15-19,
S3,1960,20-24,
S3,1960,25-29,
S3,1960,30-34,
S3,1960,35-39,
S3,1960,40-44,
S3,1960,45-49,
S3,1960,50-54,
S3,1960,55-59,
S3,1960,60-64,
S3,1960,65-69,
S3,1960,70-74,
S3,1960,75+,
S3,1960,0-8,56918986.80000001
S3,1960,9-14,27507540.2
S3,1960,0-17,
S3,1960,18-29,
S3,1960,30-65,
S3,1960,66+,6499164.600000005
S3,1960,15-26,43361094.400000006
S3,1960,27-45,47743968.20000001
S3,1960,46-65,26590949.799999993
S3,1961,00-04,
S3,1961,05-09,
S3,1961,10-14,
S3,1961,15-19,
S3,1961,20-24,
S3,1961,25-29,
S3,1961,30-34,
S3,1961,35-39,
S3,1961,40-44,
S3,1961,45-49,
S3,1961,50-54,
S3,1961,55-59,
S3,1961,60-64,
S3,1961,65-69,
S3,1961,70-74,
S3,1961,75+,
S3,1961,0-8,58342798.40000001
S3,1961,9-14,28675301.599999998
S3,1961,0-17,
S3,1961,18-29,
S3,1961,30-65,
S3,1961,66+,6707292.2
S3,1961,15-26,43945406.2
S3,1961,27-45,48642522.60000001
S3,1961,46-65,27250135.999999996
S3,1962,00-04,
S3,1962,05-09,
S3,1962,10-14,
S3,1962,15-19,
S3,1962,20-24,
S3,1962,25-29,
S3,1962,30-34,
S3,1962,35-39,
S3,1962,40-44,
S3,1962,45-49,
S3,1962,50-54,
S3,1962,55-59,
S3,1962,60-64,
S3,1962,65-69,
S3,1962,70-74,
S3,1962,75+,
S3,1962,0-8,59738661.83205922
S3,1962,9-14,29906270.66040363
S3,1962,0-17,
S3,1962,18-29,
S3,1962,30-65,
S3,1962,66+,6954777.771416998
S3,1962,15-26,44571462.59795948
S3,1962,27-45,49597958.1871636
S3,1962,46-65,27881417.649827708
S3,1963,00-04,
S3,1963,05-09,
S3,1963,10-14,
S3,1963,15-19,
S3,1963,20-24,
S3,1963,25-29,
S3,1963,30-34,
S3,1963,35-39,
S3,1963,40-44,
S3,1963,45-49,
S3,1963,50-54,
S3,1963,55-59,
S3,1963,60-64,
S3,1963,65-69,
S3,1963,70-74,
S3,1963,75+,
S3,1963,0-8,61078585.87635686
S3,1963,9-14,31227015.187969793
S3,1963,0-17,
S3,1963,18-29,
S3,1963,30-65,
S3,1963,66+,7228972.575064252
S3,1963,15-26,45150841.731823996
S3,1963,27-45,50537119.91769354
S3,1963,46-65,28481732.380520813
S3,1964,00-04,
S3,1964,05-09,
S3,1964,10-14,
S3,1964,15-19,
S3,1964,20-24,
S3,1964,25-29,
S3,1964,30-34,
S3,1964,35-39,
S3,1964,40-44,
S3,1964,45-49,
S3,1964,50-54,
S3,1964,55-59,
S3,1964,60-64,
S3,1964,65-69,
S3,1964,70-74,
S3,1964,75+,
S3,1964,0-8,62377620.011928305
S3,1964,9-14,32674028.136084907
S3,1964,0-17,
S3,1964,18-29,
S3,1964,30-65,
S3,1964,66+,7506187.367415374
S3,1964,15-26,45736139.43604497
S3,1964,27-45,51499682.48761324
S3,1964,46-65,29084597.92798357
S3,1965,00-04,
S3,1965,05-09,
S3,1965,10-14,
S3,1965,15-19,
S3,1965,20-24,
S3,1965,25-29,
S3,1965,30-34,
S3,1965,35-39,
S3,1965,40-44,
S3,1965,45-49,
S3,1965,50-54,
S3,1965,55-59,
S3,1965,60-64,
S3,1965,65-69,
S3,1965,70-74,
S3,1965,75+,
S3,1965,0-8,63632935.843789026
S3,1965,9-14,33740026.55705785
S3,1965,0-17,
S3,1965,18-29,
S3,1965,30-65,
S3,1965,66+,7760040.548294862
S3,1965,15-26,46822909.99930821
S3,1965,27-45,52417936.19425045
S3,1965,46-65,29704750.192792814
S3,1966,00-04,
S3,1966,05-09,
S3,1966,10-14,
S3,1966,15-19,
S3,1966,20-24,
S3,1966,25-29,
S3,1966,30-34,
S3,1966,35-39,
S3,1966,40-44,
S3,1966,45-49,
S3,1966,50-54,
S3,1966,55-59,
S3,1966,60-64,
S3,1966,65-69,
S3,1966,70-74,
S3,1966,75+,
S3,1966,0-8,64656738.605922274
S3,1966,9-14,34746884.9656045
S3,1966,0-17,
S3,1966,18-29,
S3,1966,30-65,
S3,1966,66+,7979673.318734867
S3,1966,15-26,48040775.674748644
S3,1966,27-45,53290766.95909061
S3,1966,46-65,30310696.36021695
S3,1967,00-04,
S3,1967,05-09,
S3,1967,10-14,
S3,1967,15-19,
S3,1967,20-24,
S3,1967,25-29,
S3,1967,30-34,
S3,1967,35-39,
S3,1967,40-44,
S3,1967,45-49,
S3,1967,50-54,
S3,1967,55-59,
S3,1967,60-64,
S3,1967,65-69,
S3,1967,70-74,
S3,1967,75+,
S3,1967,0-8,65609822.42005229
S3,1967,9-14,35717537.14735081
S3,1967,0-17,
S3,1967,18-29,
S3,1967,30-65,
S3,1967,66+,8176420.870609666
S3,1967,15-26,49327542.774661645
S3,1967,27-45,54130991.71943963
S3,1967,46-65,30930495.278376624
S3,1968,00-04,
S3,1968,05-09,
S3,1968,10-14,
S3,1968,15-19,
S3,1968,20-24,
S3,1968,25-29,
S3,1968,30-34,
S3,1968,35-39,
S3,1968,40-44,
S3,1968,45-49,
S3,1968,50-54,
S3,1968,55-59,
S3,1968,60-64,
S3,1968,65-69,
S3,1968,70-74,
S3,1968,75+,
S3,1968,0-8,66533982.89380663
S3,1968,9-14,36643920.56188996
S3,1968,0-17,
S3,1968,18-29,
S3,1968,30-65,
S3,1968,66+,8361658.92555372
S3,1968,15-26,50802490.026505135
S3,1968,27-45,55055487.61918043
S3,1968,46-65,31576982.78980989
S3,1969,00-04,
S3,1969,05-09,
S3,1969,10-14,
S3,1969,15-19,
S3,1969,20-24,
S3,1969,25-29,
S3,1969,30-34,
S3,1969,35-39,
S3,1969,40-44,
S3,1969,45-49,
S3,1969,50-54,
S3,1969,55-59,
S3,1969,60-64,
S3,1969,65-69,
S3,1969,70-74,
S3,1969,75+,
S3,1969,0-8,67572759.48717222
S3,1969,9-14,37507871.59256828
S3,1969,0-17,
S3,1969,18-29,
S3,1969,30-65,
S3,1969,66+,8562968.918607743
S3,1969,15-26,52278180.1662661
S3,1969,27-45,55879594.955189064
S3,1969,46-65,32229188.33369475
S3,1970,00-04,
S3,1970,05-09,
S3,1970,10-14,
S3,1970,15-19,
S3,1970,20-24,
S3,1970,25-29,
S3,1970,30-34,
S3,1970,35-39,
S3,1970,40-44,
S3,1970,45-49,
S3,1970,50-54,
S3,1970,55-59,
S3,1970,60-64,
S3,1970,65-69,
S3,1970,70-74,
S3,1970,75+,
S3,1970,0-8,68569925.05173752
S3,1970,9-14,38317986.37917867
S3,1970,0-17,
S3,1970,18-29,
S3,1970,30-65,
S3,1970,66+,8783626.062510794
S3,1970,15-26,53910363.08345829
S3,1970,27-45,56717728.50055441
S3,1970,46-65,32870282.196754146
S3,1971,00-04,
S3,1971,05-09,
S3,1971,10-14,
S3,1971,15-19,
S3,1971,20-24,
S3,1971,25-29,
S3,1971,30-34,
S3,1971,35-39,
S3,1971,40-44,
S3,1971,45-49,
S3,1971,50-54,
S3,1971,55-59,
S3,1971,60-64,
S3,1971,65-69,
S3,1971,70-74,
S3,1971,75+,
S3,1971,0-8,69570282.2912815
S3,1971,9-14,39143127.95310177
S3,1971,0-17,
S3,1971,18-29,
S3,1971,30-65,
S3,1971,66+,9019828.520133832
S3,1971,15-26,55766319.62459436
S3,1971,27-45,57720450.99637865
S3,1971,46-65,33537729.519246645
S3,1972,00-04,
S3,1972,05-09,
S3,1972,10-14,
S3,1972,15-19,
S3,1972,20-24,
S3,1972,25-29,
S3,1972,30-34,
S3,1972,35-39,
S3,1972,40-44,
S3,1972,45-49,
S3,1972,50-54,
S3,1972,55-59,
S3,1972,60-64,
S3,1972,65-69,
S3,1972,70-74,
S3,1972,75+,
S3,1972,0-8,70573991.91783139
S3,1972,9-14,39958565.806734286
S3,1972,0-17,
S3,1972,18-29,
S3,1972,30-65,
S3,1972,66+,9270826.041392062
S3,1972,15-26,57506712.326003715
S3,1972,27-45,58588364.81829013
S3,1972,46-65,34164554.83781983
S3,1973,00-04,
S3,1973,05-09,
S3,1973,10-14,
S3,1973,15-19,
S3,1973,20-24,
S3,1973,25-29,
S3,1973,30-34,
S3,1973,35-39,
S3,1973,40-44,
S3,1973,45-49,
S3,1973,50-54,
S3,1973,55-59,
S3,1973,60-64,
S3,1973,65-69,
S3,1973,70-74,
S3,1973,75+,
S3,1973,0-8,71573137.76356898
S3,1973,9-14,40802350.64023099
S3,1973,0-17,
S3,1973,18-29,
S3,1973,30-65,
S3,1973,66+,9542788.582358655
S3,1973,15-26,59428347.41572975
S3,1973,27-45,59602399.890945815
S3,1973,46-65,34810920.521453716
S3,1974,00-04,
S3,1974,05-09,
S3,1974,10-14,
S3,1974,15-19,
S3,1974,20-24,
S3,1974,25-29,
S3,1974,30-34,
S3,1974,35-39,
S3,1974,40-44,
S3,1974,45-49,
S3,1974,50-54,
S3,1974,55-59,
S3,1974,60-64,
S3,1974,65-69,
S3,1974,70-74,
S3,1974,75+,
S3,1974,0-8,72597219.83638123
S3,1974,9-14,41673640.805061474
S3,1974,0-17,
S3,1974,18-29,
S3,1974,30-65,
S3,1974,66+,9825152.749796031
S3,1974,15-26,61352265.21660974
S3,1974,27-45,60579450.4209961
S3,1974,46-65,35468004.079301514
S3,1975,00-04,
S3,1975,05-09,
S3,1975,10-14,
S3,1975,15-19,
S3,1975,20-24,
S3,1975,25-29,
S3,1975,30-34,
S3,1975,35-39,
S3,1975,40-44,
S3,1975,45-49,
S3,1975,50-54,
S3,1975,55-59,
S3,1975,60-64,
S3,1975,65-69,
S3,1975,70-74,
S3,1975,75+,
S3,1975,0-8,73673443.20352319
S3,1975,9-14,42565806.51958444
S3,1975,0-17,
S3,1975,18-29,
S3,1975,30-65,
S3,1975,66+,10115286.218861468
S3,1975,15-26,63147895.623796724
S3,1975,27-45,61962003.59800589
S3,1975,46-65,36190336.17264922
S3,1976,00-04,
S3,1976,05-09,
S3,1976,10-14,
S3,1976,15-19,
S3,1976,20-24,
S3,1976,25-29,
S3,1976,30-34,
S3,1976,35-39,
S3,1976,40-44,
S3,1976,45-49,
S3,1976,50-54,
S3,1976,55-59,
S3,1976,60-64,
S3,1976,65-69,
S3,1976,70-74,
S3,1976,75+,
S3,1976,0-8,74723427.60560718
S3,1976,9-14,43405926.864299215
S3,1976,0-17,
S3,1976,18-29,
S3,1976,30-65,
S3,1976,66+,10411970.993509663
S3,1976,15-26,64950953.56209356
S3,1976,27-45,63461514.6484541
S3,1976,46-65,36955818.28544257
S3,1977,00-04,
S3,1977,05-09,
S3,1977,10-14,
S3,1977,15-19,
S3,1977,20-24,
S3,1977,25-29,
S3,1977,30-34,
S3,1977,35-39,
S3,1977,40-44,
S3,1977,45-49,
S3,1977,50-54,
S3,1977,55-59,
S3,1977,60-64,
S3,1977,65-69,
S3,1977,70-74,
S3,1977,75+,
S3,1977,0-8,75845416.31315967
S3,1977,9-14,44246814.39316833
S3,1977,0-17,
S3,1977,18-29,
S3,1977,30-65,
S3,1977,66+,10714702.514225418
S3,1977,15-26,66724683.7073782
S3,1977,27-45,65038924.31035299
S3,1977,46-65,37759899.19987703
S3,1978,00-04,
S3,1978,05-09,
S3,1978,10-14,
S3,1978,15-19,
S3,1978,20-24,
S3,1978,25-29,
S3,1978,30-34,
S3,1978,35-39,
S3,1978,40-44,
S3,1978,45-49,
S3,1978,50-54,
S3,1978,55-59,
S3,1978,60-64,
S3,1978,65-69,
S3,1978,70-74,
S3,1978,75+,
S3,1978,0-8,76896220.36826923
S3,1978,9-14,45105175.72060723
S3,1978,0-17,
S3,1978,18-29,
S3,1978,30-65,
S3,1978,66+,11020976.932531957
S3,1978,15-26,68537447.50735855
S3,1978,27-45,66762893.36314612
S3,1978,46-65,38615694.81098477
S3,1979,00-04,
S3,1979,05-09,
S3,1979,10-14,
S3,1979,15-19,
S3,1979,20-24,
S3,1979,25-29,
S3,1979,30-34,
S3,1979,35-39,
S3,1979,40-44,
S3,1979,45-49,
S3,1979,50-54,
S3,1979,55-59,
S3,1979,60-64,
S3,1979,65-69,
S3,1979,70-74,
S3,1979,75+,
S3,1979,0-8,77920212.08757046
S3,1979,9-14,45996192.59369449
S3,1979,0-17,
S3,1979,18-29,
S3,1979,30-65,
S3,1979,66+,11328150.748100068
S3,1979,15-26,70244321.06589611
S3,1979,27-45,68466961.15011787
S3,1979,46-65,39492732.36856257
S3,1980,00-04,
S3,1980,05-09,
S3,1980,10-14,
S3,1980,15-19,
S3,1980,20-24,
S3,1980,25-29,
S3,1980,30-34,
S3,1980,35-39,
S3,1980,40-44,
S3,1980,45-49,
S3,1980,50-54,
S3,1980,55-59,
S3,1980,60-64,
S3,1980,65-69,
S3,1980,70-74,
S3,1980,75+,
S3,1980,0-8,79084322.88917242
S3,1980,9-14,46899291.72781718
S3,1980,0-17,
S3,1980,18-29,
S3,1980,30-65,
S3,1980,66+,11639954.79611037
S3,1980,15-26,71900397.53595485
S3,1980,27-45,70566395.72549589
S3,1980,46-65,40428084.39019031
S3,1981,00-04,
S3,1981,05-09,
S3,1981,10-14,
S3,1981,15-19,
S3,1981,20-24,
S3,1981,25-29,
S3,1981,30-34,
S3,1981,35-39,
S3,1981,40-44,
S3,1981,45-49,
S3,1981,50-54,
S3,1981,55-59,
S3,1981,60-64,
S3,1981,65-69,
S3,1981,70-74,
S3,1981,75+,
S3,1981,0-8,80378221.01108828
S3,1981,9-14,47845619.467336886
S3,1981,0-17,
S3,1981,18-29,
S3,1981,30-65,
S3,1981,66+,11952184.207093526
S3,1981,15-26,73418464.70450562
S3,1981,27-45,72714252.52979243
S3,1981,46-65,41374563.97237276
S3,1982,00-04,
S3,1982,05-09,
S3,1982,10-14,
S3,1982,15-19,
S3,1982,20-24,
S3,1982,25-29,
S3,1982,30-34,
S3,1982,35-39,
S3,1982,40-44,
S3,1982,45-49,
S3,1982,50-54,
S3,1982,55-59,
S3,1982,60-64,
S3,1982,65-69,
S3,1982,70-74,
S3,1982,75+,
S3,1982,0-8,81674272.44528945
S3,1982,9-14,48869564.26186079
S3,1982,0-17,
S3,1982,18-29,
S3,1982,30-65,
S3,1982,66+,12266840.558080899
S3,1982,15-26,74901780.47036332
S3,1982,27-45,74924093.55792259
S3,1982,46-65,42365943.522707455
S3,1983,00-04,
S3,1983,05-09,
S3,1983,10-14,
S3,1983,15-19,
S3,1983,20-24,
S3,1983,25-29,
S3,1983,30-34,
S3,1983,35-39,
S3,1983,40-44,
S3,1983,45-49,
S3,1983,50-54,
S3,1983,55-59,
S3,1983,60-64,
S3,1983,65-69,
S3,1983,70-74,
S3,1983,75+,
S3,1983,0-8,83013076.81382857
S3,1983,9-14,49889105.31287881
S3,1983,0-17,
S3,1983,18-29,
S3,1983,30-65,
S3,1983,66+,12585755.681355154
S3,1983,15-26,76393507.81307414
S3,1983,27-45,77220853.50906824
S3,1983,46-65,43397661.87658672
S3,1984,00-04,
S3,1984,05-09,
S3,1984,10-14,
S3,1984,15-19,
S3,1984,20-24,
S3,1984,25-29,
S3,1984,30-34,
S3,1984,35-39,
S3,1984,40-44,
S3,1984,45-49,
S3,1984,50-54,
S3,1984,55-59,
S3,1984,60-64,
S3,1984,65-69,
S3,1984,70-74,
S3,1984,75+,
S3,1984,0-8,84390762.40246144
S3,1984,9-14,50940258.9012796
S3,1984,0-17,
S3,1984,18-29,
S3,1984,30-65,
S3,1984,66+,12911759.797621312
S3,1984,15-26,77938252.94470139
S3,1984,27-45,79638503.37792832
S3,1984,46-65,44445671.83769316
S3,1985,00-04,
S3,1985,05-09,
S3,1985,10-14,
S3,1985,15-19,
S3,1985,20-24,
S3,1985,25-29,
S3,1985,30-34,
S3,1985,35-39,
S3,1985,40-44,
S3,1985,45-49,
S3,1985,50-54,
S3,1985,55-59,
S3,1985,60-64,
S3,1985,65-69,
S3,1985,70-74,
S3,1985,75+,
S3,1985,0-8,85840461.48414196
S3,1985,9-14,52066043.506291404
S3,1985,0-17,
S3,1985,18-29,
S3,1985,30-65,
S3,1985,66+,13246813.842123918
S3,1985,15-26,79451239.89786677
S3,1985,27-45,82183842.77300389
S3,1985,46-65,45463909.412691444
S3,1986,00-04,
S3,1986,05-09,
S3,1986,10-14,
S3,1986,15-19,
S3,1986,20-24,
S3,1986,25-29,
S3,1986,30-34,
S3,1986,35-39,
S3,1986,40-44,
S3,1986,45-49,
S3,1986,50-54,
S3,1986,55-59,
S3,1986,60-64,
S3,1986,65-69,
S3,1986,70-74,
S3,1986,75+,
S3,1986,0-8,87345618.65043283
S3,1986,9-14,53181336.8487414
S3,1986,0-17,
S3,1986,18-29,
S3,1986,30-65,
S3,1986,66+,13594113.171289623
S3,1986,15-26,80967777.8366165
S3,1986,27-45,84859556.3161152
S3,1986,46-65,46467048.19315146
S3,1987,00-04,
S3,1987,05-09,
S3,1987,10-14,
S3,1987,15-19,
S3,1987,20-24,
S3,1987,25-29,
S3,1987,30-34,
S3,1987,35-39,
S3,1987,40-44,
S3,1987,45-49,
S3,1987,50-54,
S3,1987,55-59,
S3,1987,60-64,
S3,1987,65-69,
S3,1987,70-74,
S3,1987,75+,
S3,1987,0-8,88901492.40613507
S3,1987,9-14,54313197.42701389
S3,1987,0-17,
S3,1987,18-29,
S3,1987,30-65,
S3,1987,66+,13955577.770023663
S3,1987,15-26,82535626.93976094
S3,1987,27-45,87617222.09618606
S3,1987,46-65,47468601.1281389
S3,1988,00-04,
S3,1988,05-09,
S3,1988,10-14,
S3,1988,15-19,
S3,1988,20-24,
S3,1988,25-29,
S3,1988,30-34,
S3,1988,35-39,
S3,1988,40-44,
S3,1988,45-49,
S3,1988,50-54,
S3,1988,55-59,
S3,1988,60-64,
S3,1988,65-69,
S3,1988,70-74,
S3,1988,75+,
S3,1988,0-8,90429396.37250665
S3,1988,9-14,55397133.824913464
S3,1988,0-17,
S3,1988,18-29,
S3,1988,30-65,
S3,1988,66+,14334300.059938213
S3,1988,15-26,84152841.27333021
S3,1988,27-45,90470572.53338556
S3,1988,46-65,48482383.57210406
S3,1989,00-04,
S3,1989,05-09,
S3,1989,10-14,
S3,1989,15-19,
S3,1989,20-24,
S3,1989,25-29,
S3,1989,30-34,
S3,1989,35-39,
S3,1989,40-44,
S3,1989,45-49,
S3,1989,50-54,
S3,1989,55-59,
S3,1989,60-64,
S3,1989,65-69,
S3,1989,70-74,
S3,1989,75+,
S3,1989,0-8,91963957.30379874
S3,1989,9-14,56450578.40118517
S3,1989,0-17,
S3,1989,18-29,
S3,1989,30-65,
S3,1989,66+,14733299.326867977
S3,1989,15-26,85873848.50120425
S3,1989,27-45,93398769.8176617
S3,1989,46-65,49517060.48166888
S3,1990,00-04,
S3,1990,05-09,
S3,1990,10-14,
S3,1990,15-19,
S3,1990,20-24,
S3,1990,25-29,
S3,1990,30-34,
S3,1990,35-39,
S3,1990,40-44,
S3,1990,45-49,
S3,1990,50-54,
S3,1990,55-59,
S3,1990,60-64,
S3,1990,65-69,
S3,1990,70-74,
S3,1990,75+,
S3,1990,0-8,93430619.10278858
S3,1990,9-14,57562429.01929592
S3,1990,0-17,
S3,1990,18-29,
S3,1990,30-65,
S3,1990,66+,15156147.935531694
S3,1990,15-26,87684065.72858799
S3,1990,27-45,96416172.30969681
S3,1990,46-65,50581879.56873038
S3,1991,00-04,
S3,1991,05-09,
S3,1991,10-14,
S3,1991,15-19,
S3,1991,20-24,
S3,1991,25-29,
S3,1991,30-34,
S3,1991,35-39,
S3,1991,40-44,
S3,1991,45-49,
S3,1991,50-54,
S3,1991,55-59,
S3,1991,60-64,
S3,1991,65-69,
S3,1991,70-74,
S3,1991,75+,
S3,1991,0-8,94733988.48009509
S3,1991,9-14,58833349.728441
S3,1991,0-17,
S3,1991,18-29,
S3,1991,30-65,
S3,1991,66+,15605101.385130232
S3,1991,15-26,89529810.05868188
S3,1991,27-45,99494625.67182575
S3,1991,46-65,51690333.058704115
S3,1992,00-04,
S3,1992,05-09,
S3,1992,10-14,
S3,1992,15-19,
S3,1992,20-24,
S3,1992,25-29,
S3,1992,30-34,
S3,1992,35-39,
S3,1992,40-44,
S3,1992,45-49,
S3,1992,50-54,
S3,1992,55-59,
S3,1992,60-64,
S3,1992,65-69,
S3,1992,70-74,
S3,1992,75+,
S3,1992,0-8,96078102.66844955
S3,1992,9-14,60346651.12577255
S3,1992,0-17,
S3,1992,18-29,
S3,1992,30-65,
S3,1992,66+,16263481.066055503
S3,1992,15-26,90996031.8091967
S3,1992,27-45,102443683.58815478
S3,1992,46-65,52554250.814655155
S3,1993,00-04,
S3,1993,05-09,
S3,1993,10-14,
S3,1993,15-19,
S3,1993,20-24,
S3,1993,25-29,
S3,1993,30-34,
S3,1993,35-39,
S3,1993,40-44,
S3,1993,45-49,
S3,1993,50-54,
S3,1993,55-59,
S3,1993,60-64,
S3,1993,65-69,
S3,1993,70-74,
S3,1993,75+,
S3,1993,0-8,97297241.81632738
S3,1993,9-14,61932904.35431329
S3,1993,0-17,
S3,1993,18-29,
S3,1993,30-65,
S3,1993,66+,16947371.826470923
S3,1993,15-26,92467936.31477392
S3,1993,27-45,105506455.8965998
S3,1993,46-65,53466727.183064766
S3,1994,00-04,
S3,1994,05-09,
S3,1994,10-14,
S3,1994,15-19,
S3,1994,20-24,
S3,1994,25-29,
S3,1994,30-34,
S3,1994,35-39,
S3,1994,40-44,
S3,1994,45-49,
S3,1994,50-54,
S3,1994,55-59,
S3,1994,60-64,
S3,1994,65-69,
S3,1994,70-74,
S3,1994,75+,
S3,1994,0-8,98336361.24366091
S3,1994,9-14,63556007.76993758
S3,1994,0-17,
S3,1994,18-29,
S3,1994,30-65,
S3,1994,66+,17656269.928517632
S3,1994,15-26,93961832.20482561
S3,1994,27-45,108650023.33239424
S3,1994,46-65,54391524.67549615
S3,1995,00-04,
S3,1995,05-09,
S3,1995,10-14,
S3,1995,15-19,
S3,1995,20-24,
S3,1995,25-29,
S3,1995,30-34,
S3,1995,35-39,
S3,1995,40-44,
S3,1995,45-49,
S3,1995,50-54,
S3,1995,55-59,
S3,1995,60-64,
S3,1995,65-69,
S3,1995,70-74,
S3,1995,75+,
S3,1995,0-8,99215930.26512702
S3,1995,9-14,65146623.65096882
S3,1995,0-17,
S3,1995,18-29,
S3,1995,30-65,
S3,1995,66+,18391885.287334368
S3,1995,15-26,95511380.45832251
S3,1995,27-45,111434098.07159206
S3,1995,46-65,55660257.603676096
S3,1996,00-04,
S3,1996,05-09,
S3,1996,10-14,
S3,1996,15-19,
S3,1996,20-24,
S3,1996,25-29,
S3,1996,30-34,
S3,1996,35-39,
S3,1996,40-44,
S3,1996,45-49,
S3,1996,50-54,
S3,1996,55-59,
S3,1996,60-64,
S3,1996,65-69,
S3,1996,70-74,
S3,1996,75+,
S3,1996,0-8,100007910.11370668
S3,1996,9-14,66574171.588435665
S3,1996,0-17,
S3,1996,18-29,
S3,1996,30-65,
S3,1996,66+,19152553.171925545
S3,1996,15-26,97292638.22648413
S3,1996,27-45,114241536.5721531
S3,1996,46-65,57039628.671944074
S3,1997,00-04,
S3,1997,05-09,
S3,1997,10-14,
S3,1997,15-19,
S3,1997,20-24,
S3,1997,25-29,
S3,1997,30-34,
S3,1997,35-39,
S3,1997,40-44,
S3,1997,45-49,
S3,1997,50-54,
S3,1997,55-59,
S3,1997,60-64,
S3,1997,65-69,
S3,1997,70-74,
S3,1997,75+,
S3,1997,0-8,100631554.78919439
S3,1997,9-14,67994177.36656745
S3,1997,0-17,
S3,1997,18-29,
S3,1997,30-65,
S3,1997,66+,19934212.762412187
S3,1997,15-26,99147270.44464652
S3,1997,27-45,117070976.78996615
S3,1997,46-65,58513635.813416496
S3,1998,00-04,
S3,1998,05-09,
S3,1998,10-14,
S3,1998,15-19,
S3,1998,20-24,
S3,1998,25-29,
S3,1998,30-34,
S3,1998,35-39,
S3,1998,40-44,
S3,1998,45-49,
S3,1998,50-54,
S3,1998,55-59,
S3,1998,60-64,
S3,1998,65-69,
S3,1998,70-74,
S3,1998,75+,
S3,1998,0-8,101250601.23681891
S3,1998,9-14,69239843.9342794
S3,1998,0-17,
S3,1998,18-29,
S3,1998,30-65,
S3,1998,66+,20733737.051282287
S3,1998,15-26,101074227.64182696
S3,1998,27-45,119903573.75585534
S3,1998,46-65,60093696.79831441
S3,1999,00-04,
S3,1999,05-09,
S3,1999,10-14,
S3,1999,15-19,
S3,1999,20-24,
S3,1999,25-29,
S3,1999,30-34,
S3,1999,35-39,
S3,1999,40-44,
S3,1999,45-49,
S3,1999,50-54,
S3,1999,55-59,
S3,1999,60-64,
S3,1999,65-69,
S3,1999,70-74,
S3,1999,75+,
S3,1999,0-8,101816667.36916387
S3,1999,9-14,70339919.57139584
S3,1999,0-17,
S3,1999,18-29,
S3,1999,30-65,
S3,1999,66+,21547799.163190853
S3,1999,15-26,103076008.81897399
S3,1999,27-45,122767038.59268071
S3,1999,46-65,61774652.943449505
S3,2000,00-04,
S3,2000,05-09,
S3,2000,10-14,
S3,2000,15-19,
S3,2000,20-24,
S3,2000,25-29,
S3,2000,30-34,
S3,2000,35-39,
S3,2000,40-44,
S3,2000,45-49,
S3,2000,50-54,
S3,2000,55-59,
S3,2000,60-64,
S3,2000,65-69,
S3,2000,70-74,
S3,2000,75+,
S3,2000,0-8,102351165.68109563
S3,2000,9-14,71258165.46045455
S3,2000,0-17,
S3,2000,18-29,
S3,2000,30-65,
S3,2000,66+,22368597.000582892
S3,2000,15-26,105198673.27808057
S3,2000,27-45,125530756.86763856
S3,2000,46-65,63627797.404832
S3,2001,00-04,
S3,2001,05-09,
S3,2001,10-14,
S3,2001,15-19,
S3,2001,20-24,
S3,2001,25-29,
S3,2001,30-34,
S3,2001,35-39,
S3,2001,40-44,
S3,2001,45-49,
S3,2001,50-54,
S3,2001,55-59,
S3,2001,60-64,
S3,2001,65-69,
S3,2001,70-74,
S3,2001,75+,
S3,2001,0-8,103008086.64243792
S3,2001,9-14,72021048.31818089
S3,2001,0-17,
S3,2001,18-29,
S3,2001,30-65,
S3,2001,66+,23185431.17185456
S3,2001,15-26,107412784.37349118
S3,2001,27-45,128245036.67130569
S3,2001,46-65,65601405.308575675
S3,2002,00-04,
S3,2002,05-09,
S3,2002,10-14,
S3,2002,15-19,
S3,2002,20-24,
S3,2002,25-29,
S3,2002,30-34,
S3,2002,35-39,
S3,2002,40-44,
S3,2002,45-49,
S3,2002,50-54,
S3,2002,55-59,
S3,2002,60-64,
S3,2002,65-69,
S3,2002,70-74,
S3,2002,75+,
S3,2002,0-8,103711849.75416134
S3,2002,9-14,72571446.78341156
S3,2002,0-17,
S3,2002,18-29,
S3,2002,30-65,
S3,2002,66+,24026629.95173968
S3,2002,15-26,109768443.20071341
S3,2002,27-45,131046934.55358216
S3,2002,46-65,67654202.65971828
S3,2003,00-04,
S3,2003,05-09,
S3,2003,10-14,
S3,2003,15-19,
S3,2003,20-24,
S3,2003,25-29,
S3,2003,30-34,
S3,2003,35-39,
S3,2003,40-44,
S3,2003,45-49,
S3,2003,50-54,
S3,2003,55-59,
S3,2003,60-64,
S3,2003,65-69,
S3,2003,70-74,
S3,2003,75+,
S3,2003,0-8,104277868.38398957
S3,2003,9-14,73097538.14076719
S3,2003,0-17,
S3,2003,18-29,
S3,2003,30-65,
S3,2003,66+,24897385.743345696
S3,2003,15-26,112068734.79653704
S3,2003,27-45,133718864.73952453
S3,2003,46-65,69744493.06637777
S3,2004,00-04,
S3,2004,05-09,
S3,2004,10-14,
S3,2004,15-19,
S3,2004,20-24,
S3,2004,25-29,
S3,2004,30-34,
S3,2004,35-39,
S3,2004,40-44,
S3,2004,45-49,
S3,2004,50-54,
S3,2004,55-59,
S3,2004,60-64,
S3,2004,65-69,
S3,2004,70-74,
S3,2004,75+,
S3,2004,0-8,104693573.53957815
S3,2004,9-14,73511902.6108577
S3,2004,0-17,
S3,2004,18-29,
S3,2004,30-65,
S3,2004,66+,25770952.15674976
S3,2004,15-26,114489743.19263469
S3,2004,27-45,136485101.696186
S3,2004,46-65,71905898.1027926
S3,2005,00-04,
S3,2005,05-09,
S3,2005,10-14,
S3,2005,15-19,
S3,2005,20-24,
S3,2005,25-29,
S3,2005,30-34,
S3,2005,35-39,
S3,2005,40-44,
S3,2005,45-49,
S3,2005,50-54,
S3,2005,55-59,
S3,2005,60-64,
S3,2005,65-69,
S3,2005,70-74,
S3,2005,75+,
S3,2005,0-8,104963381.52530582
S3,2005,9-14,73882670.40788133
S3,2005,0-17,
S3,2005,18-29,
S3,2005,30-65,
S3,2005,66+,26611198.023887776
S3,2005,15-26,117033077.37145124
S3,2005,27-45,139435873.1193023
S3,2005,46-65,74210599.0598569
S3,2006,00-04,
S3,2006,05-09,
S3,2006,10-14,
S3,2006,15-19,
S3,2006,20-24,
S3,2006,25-29,
S3,2006,30-34,
S3,2006,35-39,
S3,2006,40-44,
S3,2006,45-49,
S3,2006,50-54,
S3,2006,55-59,
S3,2006,60-64,
S3,2006,65-69,
S3,2006,70-74,
S3,2006,75+,
S3,2006,0-8,104986819.02092631
S3,2006,9-14,74259463.2008275
S3,2006,0-17,
S3,2006,18-29,
S3,2006,30-65,
S3,2006,66+,27423744.82337518
S3,2006,15-26,119425807.74559882
S3,2006,27-45,142342106.86103636
S3,2006,46-65,76613682.69934002
S3,2007,00-04,
S3,2007,05-09,
S3,2007,10-14,
S3,2007,15-19,
S3,2007,20-24,
S3,2007,25-29,
S3,2007,30-34,
S3,2007,35-39,
S3,2007,40-44,
S3,2007,45-49,
S3,2007,50-54,
S3,2007,55-59,
S3,2007,60-64,
S3,2007,65-69,
S3,2007,70-74,
S3,2007,75+,
S3,2007,0-8,104832843.60664049
S3,2007,9-14,74625360.30759975
S3,2007,0-17,
S3,2007,18-29,
S3,2007,30-65,
S3,2007,66+,28227406.95765151
S3,2007,15-26,121946412.93684937
S3,2007,27-45,145472278.1122444
S3,2007,46-65,79132685.03541358
S3,2008,00-04,
S3,2008,05-09,
S3,2008,10-14,
S3,2008,15-19,
S3,2008,20-24,
S3,2008,25-29,
S3,2008,30-34,
S3,2008,35-39,
S3,2008,40-44,
S3,2008,45-49,
S3,2008,50-54,
S3,2008,55-59,
S3,2008,60-64,
S3,2008,65-69,
S3,2008,70-74,
S3,2008,75+,
S3,2008,0-8,104498170.3193943
S3,2008,9-14,74940880.85955667
S3,2008,0-17,
S3,2008,18-29,
S3,2008,30-65,
S3,2008,66+,29027084.96105372
S3,2008,15-26,124370952.74175039
S3,2008,27-45,148517929.67158964
S3,2008,46-65,81709651.81258182
S3,2009,00-04,
S3,2009,05-09,
S3,2009,10-14,
S3,2009,15-19,
S3,2009,20-24,
S3,2009,25-29,
S3,2009,30-34,
S3,2009,35-39,
S3,2009,40-44,
S3,2009,45-49,
S3,2009,50-54,
S3,2009,55-59,
S3,2009,60-64,
S3,2009,65-69,
S3,2009,70-74,
S3,2009,75+,
S3,2009,0-8,104090937.00395675
S3,2009,9-14,75249552.07280877
S3,2009,0-17,
S3,2009,18-29,
S3,2009,30-65,
S3,2009,66+,29837525.96944879
S3,2009,15-26,126773692.67818974
S3,2009,27-45,151674456.21664792
S3,2009,46-65,84340123.4732853
S3,2010,00-04,
S3,2010,05-09,
S3,2010,10-14,
S3,2010,15-19,
S3,2010,20-24,
S3,2010,25-29,
S3,2010,30-34,
S3,2010,35-39,
S3,2010,40-44,
S3,2010,45-49,
S3,2010,50-54,
S3,2010,55-59,
S3,2010,60-64,
S3,2010,65-69,
S3,2010,70-74,
S3,2010,75+,
S3,2010,0-8,103694986.90781486
S3,2010,9-14,75525036.90438172
S3,2010,0-17,
S3,2010,18-29,
S3,2010,30-65,
S3,2010,66+,30673869.0042561
S3,2010,15-26,129284896.01736051
S3,2010,27-45,155139112.23230973
S3,2010,46-65,87132410.99245702
S3,2011,00-04,
S3,2011,05-09,
S3,2011,10-14,
S3,2011,15-19,
S3,2011,20-24,
S3,2011,25-29,
S3,2011,30-34,
S3,2011,35-39,
S3,2011,40-44,
S3,2011,45-49,
S3,2011,50-54,
S3,2011,55-59,
S3,2011,60-64,
S3,2011,65-69,
S3,2011,70-74,
S3,2011,75+,
S3,2011,0-8,103081627.52864356
S3,2011,9-14,75857062.91034734
S3,2011,0-17,
S3,2011,18-29,
S3,2011,30-65,
S3,2011,66+,31549224.025903035
S3,2011,15-26,131808359.78076988
S3,2011,27-45,158823215.07844734
S3,2011,46-65,89979340.85089082
S3,2012,00-04,
S3,2012,05-09,
S3,2012,10-14,
S3,2012,15-19,
S3,2012,20-24,
S3,2012,25-29,
S3,2012,30-34,
S3,2012,35-39,
S3,2012,40-44,
S3,2012,45-49,
S3,2012,50-54,
S3,2012,55-59,
S3,2012,60-64,
S3,2012,65-69,
S3,2012,70-74,
S3,2012,75+,
S3,2012,0-8,102502080.8662426
S3,2012,9-14,76342580.12656109
S3,2012,0-17,
S3,2012,18-29,
S3,2012,30-65,
S3,2012,66+,32474795.053317197
S3,2012,15-26,133104376.8411119
S3,2012,27-45,162355036.54923442
S3,2012,46-65,92916845.99461153
S3,2013,00-04,
S3,2013,05-09,
S3,2013,10-14,
S3,2013,15-19,
S3,2013,20-24,
S3,2013,25-29,
S3,2013,30-34,
S3,2013,35-39,
S3,2013,40-44,
S3,2013,45-49,
S3,2013,50-54,
S3,2013,55-59,
S3,2013,60-64,
S3,2013,65-69,
S3,2013,70-74,
S3,2013,75+,
S3,2013,0-8,101944643.73192143
S3,2013,9-14,76722402.55238427
S3,2013,0-17,
S3,2013,18-29,
S3,2013,30-65,
S3,2013,66+,33448354.81999283
S3,2013,15-26,134377168.24695858
S3,2013,27-45,165859546.4825534
S3,2013,46-65,95939384.67579481
S3,2014,00-04,
S3,2014,05-09,
S3,2014,10-14,
S3,2014,15-19,
S3,2014,20-24,
S3,2014,25-29,
S3,2014,30-34,
S3,2014,35-39,
S3,2014,40-44,
S3,2014,45-49,
S3,2014,50-54,
S3,2014,55-59,
S3,2014,60-64,
S3,2014,65-69,
S3,2014,70-74,
S3,2014,75+,
S3,2014,0-8,101378920.37521076
S3,2014,9-14,76927487.34905593
S3,2014,0-17,
S3,2014,18-29,
S3,2014,30-65,
S3,2014,66+,34444796.77248655
S3,2014,15-26,135586590.773109
S3,2014,27-45,169391406.8315439
S3,2014,46-65,99066904.90149435
S3,2015,00-04,
S3,2015,05-09,
S3,2015,10-14,
S3,2015,15-19,
S3,2015,20-24,
S3,2015,25-29,
S3,2015,30-34,
S3,2015,35-39,
S3,2015,40-44,
S3,2015,45-49,
S3,2015,50-54,
S3,2015,55-59,
S3,2015,60-64,
S3,2015,65-69,
S3,2015,70-74,
S3,2015,75+,
S3,2015,0-8,100543936.38020606
S3,2015,9-14,76993388.53510472
S3,2015,0-17,
S3,2015,18-29,
S3,2015,30-65,
S3,2015,66+,35774337.381653905
S3,2015,15-26,136715765.18316773
S3,2015,27-45,172970015.17054227
S3,2015,46-65,101923998.53448747
S3,2016,00-04,
S3,2016,05-09,
S3,2016,10-14,
S3,2016,15-19,
S3,2016,20-24,
S3,2016,25-29,
S3,2016,30-34,
S3,2016,35-39,
S3,2016,40-44,
S3,2016,45-49,
S3,2016,50-54,
S3,2016,55-59,
S3,2016,60-64,
S3,2016,65-69,
S3,2016,70-74,
S3,2016,75+,
S3,2016,0-8,99946737.39047408
S3,2016,9-14,76695380.01088007
S3,2016,0-17,
S3,2016,18-29,
S3,2016,30-65,
S3,2016,66+,37200000.5906191
S3,2016,15-26,137866274.55623245
S3,2016,27-45,176441869.74680442
S3,2016,46-65,104746590.44977875
S3,2017,00-04,
S3,2017,05-09,
S3,2017,10-14,
S3,2017,15-19,
S3,2017,20-24,
S3,2017,25-29,
S3,2017,30-34,
S3,2017,35-39,
S3,2017,40-44,
S3,2017,45-49,
S3,2017,50-54,
S3,2017,55-59,
S3,2017,60-64,
S3,2017,65-69,
S3,2017,70-74,
S3,2017,75+,
S3,2017,0-8,99586951.83393095
S3,2017,9-14,76119489.2287374
S3,2017,0-17,
S3,2017,18-29,
S3,2017,30-65,
S3,2017,66+,38706629.200561926
S3,2017,15-26,139182599.62228248
S3,2017,27-45,180036537.7505985
S3,2017,46-65,107627944.74527143
S3,2018,00-04,
S3,2018,05-09,
S3,2018,10-14,
S3,2018,15-19,
S3,2018,20-24,
S3,2018,25-29,
S3,2018,30-34,
S3,2018,35-39,
S3,2018,40-44,
S3,2018,45-49,
S3,2018,50-54,
S3,2018,55-59,
S3,2018,60-64,
S3,2018,65-69,
S3,2018,70-74,
S3,2018,75+,
S3,2018,0-8,99062139.36124267
S3,2018,9-14,75449819.52222773
S3,2018,0-17,
S3,2018,18-29,
S3,2018,30-65,
S3,2018,66+,40289272.275588706
S3,2018,15-26,140368790.96478006
S3,2018,27-45,183486244.72459826
S3,2018,46-65,110502290.04232027
S3,2019,00-04,
S3,2019,05-09,
S3,2019,10-14,
S3,2019,15-19,
S3,2019,20-24,
S3,2019,25-29,
S3,2019,30-34,
S3,2019,35-39,
S3,2019,40-44,
S3,2019,45-49,
S3,2019,50-54,
S3,2019,55-59,
S3,2019,60-64,
S3,2019,65-69,
S3,2019,70-74,
S3,2019,75+,
S3,2019,0-8,98680787.05736859
S3,2019,9-14,74840069.5713685
S3,2019,0-17,
S3,2019,18-29,
S3,2019,30-65,
S3,2019,66+,41934806.98950738
S3,2019,15-26,141330558.3644882
S3,2019,27-45,186766351.9769097
S3,2019,46-65,113404000.50591424
S3,2020,00-04,
S3,2020,05-09,
S3,2020,10-14,
S3,2020,15-19,
S3,2020,20-24,
S3,2020,25-29,
S3,2020,30-34,
S3,2020,35-39,
S3,2020,40-44,
S3,2020,45-49,
S3,2020,50-54,
S3,2020,55-59,
S3,2020,60-64,
S3,2020,65-69,
S3,2020,70-74,
S3,2020,75+,
S3,2020,0-8,98138291.40978378
S3,2020,9-14,74261304.50170329
S3,2020,0-17,
S3,2020,18-29,
S3,2020,30-65,
S3,2020,66+,43680525.47496185
S3,2020,15-26,142074945.26400518
S3,2020,27-45,189906394.48131
S3,2020,46-65,116253974.01263982
S3,2021,00-04,
S3,2021,05-09,
S3,2021,10-14,
S3,2021,15-19,
S3,2021,20-24,
S3,2021,25-29,
S3,2021,30-34,
S3,2021,35-39,
S3,2021,40-44,
S3,2021,45-49,
S3,2021,50-54,
S3,2021,55-59,
S3,2021,60-64,
S3,2021,65-69,
S3,2021,70-74,
S3,2021,75+,
S3,2021,0-8,97486838.18899243
S3,2021,9-14,73783242.51408474
S3,2021,0-17,
S3,2021,18-29,
S3,2021,30-65,
S3,2021,66+,45299951.0182329
S3,2021,15-26,142804632.09710574
S3,2021,27-45,193171907.0405644
S3,2021,46-65,119039391.43923059
S3,2022,00-04,
S3,2022,05-09,
S3,2022,10-14,
S3,2022,15-19,
S3,2022,20-24,
S3,2022,25-29,
S3,2022,30-34,
S3,2022,35-39,
S3,2022,40-44,
S3,2022,45-49,
S3,2022,50-54,
S3,2022,55-59,
S3,2022,60-64,
S3,2022,65-69,
S3,2022,70-74,
S3,2022,75+,
S3,2022,0-8,96833993.12304364
S3,2022,9-14,73399664.77775213
S3,2022,0-17,
S3,2022,18-29,
S3,2022,30-65,
S3,2022,66+,46101798.13560269
S3,2022,15-26,143281154.45491156
S3,2022,27-45,196133138.7534064
S3,2022,46-65,121447170.07924591
S3,2023,00-04,
S3,2023,05-09,
S3,2023,10-14,
S3,2023,15-19,
S3,2023,20-24,
S3,2023,25-29,
S3,2023,30-34,
S3,2023,35-39,
S3,2023,40-44,
S3,2023,45-49,
S3,2023,50-54,
S3,2023,55-59,
S3,2023,60-64,
S3,2023,65-69,
S3,2023,70-74,
S3,2023,75+,
S3,2023,0-8,96258567.71813878
S3,2023,9-14,72989342.6975925
S3,2023,0-17,
S3,2023,18-29,
S3,2023,30-65,
S3,2023,66+,47984842.188657634
S3,2023,15-26,143420827.412042
S3,2023,27-45,198961820.99476987
S3,2023,46-65,124456204.1677806
S3,2024,00-04,
S3,2024,05-09,
S3,2024,10-14,
S3,2024,15-19,
S3,2024,20-24,
S3,2024,25-29,
S3,2024,30-34,
S3,2024,35-39,
S3,2024,40-44,
S3,2024,45-49,
S3,2024,50-54,
S3,2024,55-59,
S3,2024,60-64,
S3,2024,65-69,
S3,2024,70-74,
S3,2024,75+,
S3,2024,0-8,95812299.55149777
S3,2024,9-14,72484720.1332621
S3,2024,0-17,
S3,2024,18-29,
S3,2024,30-65,
S3,2024,66+,49883670.80511259
S3,2024,15-26,143589481.6559195
S3,2024,27-45,201744243.53829607
S3,2024,46-65,127558336.77891152
S3,2025,00-04,
S3,2025,05-09,
S3,2025,10-14,
S3,2025,15-19,
S3,2025,20-24,
S3,2025,25-29,
S3,2025,30-34,
S3,2025,35-39,
S3,2025,40-44,
S3,2025,45-49,
S3,2025,50-54,
S3,2025,55-59,
S3,2025,60-64,
S3,2025,65-69,
S3,2025,70-74,
S3,2025,75+,
S3,2025,0-8,95686322.90880077
S3,2025,9-14,71542483.12689342
S3,2025,0-17,
S3,2025,18-29,
S3,2025,30-65,
S3,2025,66+,51875916.73253055
S3,2025,15-26,143724573.37984332
S3,2025,27-45,204524769.8287041
S3,2025,46-65,130846142.58327243
S3,2026,00-04,
S3,2026,05-09,
S3,2026,10-14,
S3,2026,15-19,
S3,2026,20-24,
S3,2026,25-29,
S3,2026,30-34,
S3,2026,35-39,
S3,2026,40-44,
S3,2026,45-49,
S3,2026,50-54,
S3,2026,55-59,
S3,2026,60-64,
S3,2026,65-69,
S3,2026,70-74,
S3,2026,75+,
S3,2026,0-8,95528125.30929017
S3,2026,9-14,70722699.78513461
S3,2026,0-17,
S3,2026,18-29,
S3,2026,30-65,
S3,2026,66+,53917501.84808783
S3,2026,15-26,143643855.2620159
S3,2026,27-45,207207044.19409123
S3,2026,46-65,134271889.0372939
S3,2027,00-04,
S3,2027,05-09,
S3,2027,10-14,
S3,2027,15-19,
S3,2027,20-24,
S3,2027,25-29,
S3,2027,30-34,
S3,2027,35-39,
S3,2027,40-44,
S3,2027,45-49,
S3,2027,50-54,
S3,2027,55-59,
S3,2027,60-64,
S3,2027,65-69,
S3,2027,70-74,
S3,2027,75+,
S3,2027,0-8,95313615.45029105
S3,2027,9-14,70002592.0604657
S3,2027,0-17,
S3,2027,18-29,
S3,2027,30-65,
S3,2027,66+,55999489.31275436
S3,2027,15-26,143404457.26147223
S3,2027,27-45,209798141.81774116
S3,2027,46-65,137798344.83012614
S3,2028,00-04,
S3,2028,05-09,
S3,2028,10-14,
S3,2028,15-19,
S3,2028,20-24,
S3,2028,25-29,
S3,2028,30-34,
S3,2028,35-39,
S3,2028,40-44,
S3,2028,45-49,
S3,2028,50-54,
S3,2028,55-59,
S3,2028,60-64,
S3,2028,65-69,
S3,2028,70-74,
S3,2028,75+,
S3,2028,0-8,95313025.45130418
S3,2028,9-14,69097566.8869294
S3,2028,0-17,
S3,2028,18-29,
S3,2028,30-65,
S3,2028,66+,58126783.57390673
S3,2028,15-26,143095862.62387753
S3,2028,27-45,212219834.25196087
S3,2028,46-65,141401701.06925663
S3,2029,00-04,
S3,2029,05-09,
S3,2029,10-14,
S3,2029,15-19,
S3,2029,20-24,
S3,2029,25-29,
S3,2029,30-34,
S3,2029,35-39,
S3,2029,40-44,
S3,2029,45-49,
S3,2029,50-54,
S3,2029,55-59,
S3,2029,60-64,
S3,2029,65-69,
S3,2029,70-74,
S3,2029,75+,
S3,2029,0-8,95187784.28759608
S3,2029,9-14,68437073.72384116
S3,2029,0-17,
S3,2029,18-29,
S3,2029,30-65,
S3,2029,66+,60285915.70002427
S3,2029,15-26,142667163.1521058
S3,2029,27-45,214390192.29200873
S3,2029,46-65,145109551.28437114
S3,2030,00-04,
S3,2030,05-09,
S3,2030,10-14,
S3,2030,15-19,
S3,2030,20-24,
S3,2030,25-29,
S3,2030,30-34,
S3,2030,35-39,
S3,2030,40-44,
S3,2030,45-49,
S3,2030,50-54,
S3,2030,55-59,
S3,2030,60-64,
S3,2030,65-69,
S3,2030,70-74,
S3,2030,75+,
S3,2030,0-8,95177414.07856329
S3,2030,9-14,68024740.59057038
S3,2030,0-17,
S3,2030,18-29,
S3,2030,30-65,
S3,2030,66+,62486894.32907621
S3,2030,15-26,141851127.53244486
S3,2030,27-45,216303970.98303625
S3,2030,46-65,148943757.3488475
S3,2031,00-04,
S3,2031,05-09,
S3,2031,10-14,
S3,2031,15-19,
S3,2031,20-24,
S3,2031,25-29,
S3,2031,30-34,
S3,2031,35-39,
S3,2031,40-44,
S3,2031,45-49,
S3,2031,50-54,
S3,2031,55-59,
S3,2031,60-64,
S3,2031,65-69,
S3,2031,70-74,
S3,2031,75+,
S3,2031,0-8,95334309.3834987
S3,2031,9-14,67321020.65297244
S3,2031,0-17,
S3,2031,18-29,
S3,2031,30-65,
S3,2031,66+,64713580.67766268
S3,2031,15-26,141122036.44327986
S3,2031,27-45,217994609.17608166
S3,2031,46-65,152862721.22879034
S3,2032,00-04,
S3,2032,05-09,
S3,2032,10-14,
S3,2032,15-19,
S3,2032,20-24,
S3,2032,25-29,
S3,2032,30-34,
S3,2032,35-39,
S3,2032,40-44,
S3,2032,45-49,
S3,2032,50-54,
S3,2032,55-59,
S3,2032,60-64,
S3,2032,65-69,
S3,2032,70-74,
S3,2032,75+,
S3,2032,0-8,95464786.0103518
S3,2032,9-14,66511363.558967605
S3,2032,0-17,
S3,2032,18-29,
S3,2032,30-65,
S3,2032,66+,66987453.40964182
S3,2032,15-26,140466398.03247547
S3,2032,27-45,219416629.4657716
S3,2032,46-65,156896628.88676724
S3,2033,00-04,
S3,2033,05-09,
S3,2033,10-14,
S3,2033,15-19,
S3,2033,20-24,
S3,2033,25-29,
S3,2033,30-34,
S3,2033,35-39,
S3,2033,40-44,
S3,2033,45-49,
S3,2033,50-54,
S3,2033,55-59,
S3,2033,60-64,
S3,2033,65-69,
S3,2033,70-74,
S3,2033,75+,
S3,2033,0-8,95504749.43836236
S3,2033,9-14,66018614.23120274
S3,2033,0-17,
S3,2033,18-29,
S3,2033,30-65,
S3,2033,66+,69329637.25357968
S3,2033,15-26,139562258.37231588
S3,2033,27-45,220674102.2700069
S3,2033,46-65,160869447.1988705
S3,2034,00-04,
S3,2034,05-09,
S3,2034,10-14,
S3,2034,15-19,
S3,2034,20-24,
S3,2034,25-29,
S3,2034,30-34,
S3,2034,35-39,
S3,2034,40-44,
S3,2034,45-49,
S3,2034,50-54,
S3,2034,55-59,
S3,2034,60-64,
S3,2034,65-69,
S3,2034,70-74,
S3,2034,75+,
S3,2034,0-8,95464047.49279197
S3,2034,9-14,65420919.45920077
S3,2034,0-17,
S3,2034,18-29,
S3,2034,30-65,
S3,2034,66+,71740286.70562267
S3,2034,15-26,138788213.49499378
S3,2034,27-45,221723598.45197448
S3,2034,46-65,164835502.2277141
S3,2035,00-04,
S3,2035,05-09,
S3,2035,10-14,
S3,2035,15-19,
S3,2035,20-24,
S3,2035,25-29,
S3,2035,30-34,
S3,2035,35-39,
S3,2035,40-44,
S3,2035,45-49,
S3,2035,50-54,
S3,2035,55-59,
S3,2035,60-64,
S3,2035,65-69,
S3,2035,70-74,
S3,2035,75+,
S3,2035,0-8,95331157.03445053
S3,2035,9-14,65027931.36968449
S3,2035,0-17,
S3,2035,18-29,
S3,2035,30-65,
S3,2035,66+,74185338.00946367
S3,2035,15-26,137791008.34345174
S3,2035,27-45,222631196.5342521
S3,2035,46-65,168811959.95577362
S3,2036,00-04,
S3,2036,05-09,
S3,2036,10-14,
S3,2036,15-19,
S3,2036,20-24,
S3,2036,25-29,
S3,2036,30-34,
S3,2036,35-39,
S3,2036,40-44,
S3,2036,45-49,
S3,2036,50-54,
S3,2036,55-59,
S3,2036,60-64,
S3,2036,65-69,
S3,2036,70-74,
S3,2036,75+,
S3,2036,0-8,95121281.86990786
S3,2036,9-14,64881197.32636382
S3,2036,0-17,
S3,2036,18-29,
S3,2036,30-65,
S3,2036,66+,76677762.52595681
S3,2036,15-26,136638931.9152617
S3,2036,27-45,223325697.23627424
S3,2036,46-65,172710940.44498244
S3,2037,00-04,
S3,2037,05-09,
S3,2037,10-14,
S3,2037,15-19,
S3,2037,20-24,
S3,2037,25-29,
S3,2037,30-34,
S3,2037,35-39,
S3,2037,40-44,
S3,2037,45-49,
S3,2037,50-54,
S3,2037,55-59,
S3,2037,60-64,
S3,2037,65-69,
S3,2037,70-74,
S3,2037,75+,
S3,2037,0-8,94818395.10206306
S3,2037,9-14,64772687.19500166
S3,2037,0-17,
S3,2037,18-29,
S3,2037,30-65,
S3,2037,66+,79254015.91535519
S3,2037,15-26,135497335.88971427
S3,2037,27-45,223809003.3632787
S3,2037,46-65,176535789.57041457
S3,2038,00-04,
S3,2038,05-09,
S3,2038,10-14,
S3,2038,15-19,
S3,2038,20-24,
S3,2038,25-29,
S3,2038,30-34,
S3,2038,35-39,
S3,2038,40-44,
S3,2038,45-49,
S3,2038,50-54,
S3,2038,55-59,
S3,2038,60-64,
S3,2038,65-69,
S3,2038,70-74,
S3,2038,75+,
S3,2038,0-8,94421011.85964872
S3,2038,9-14,64630574.63094868
S3,2038,0-17,
S3,2038,18-29,
S3,2038,30-65,
S3,2038,66+,81888275.48767003
S3,2038,15-26,134411759.69598764
S3,2038,27-45,224135039.82948387
S3,2038,46-65,180243996.6850188
S3,2039,00-04,
S3,2039,05-09,
S3,2039,10-14,
S3,2039,15-19,
S3,2039,20-24,
S3,2039,25-29,
S3,2039,30-34,
S3,2039,35-39,
S3,2039,40-44,
S3,2039,45-49,
S3,2039,50-54,
S3,2039,55-59,
S3,2039,60-64,
S3,2039,65-69,
S3,2039,70-74,
S3,2039,75+,
S3,2039,0-8,93927483.34740603
S3,2039,9-14,64457036.84911535
S3,2039,0-17,
S3,2039,18-29,
S3,2039,30-65,
S3,2039,66+,84605620.40371452
S3,2039,15-26,133392372.69378155
S3,2039,27-45,224300328.2695635
S3,2039,46-65,183800107.6421128
S3,2040,00-04,
S3,2040,05-09,
S3,2040,10-14,
S3,2040,15-19,
S3,2040,20-24,
S3,2040,25-29,
S3,2040,30-34,
S3,2040,35-39,
S3,2040,40-44,
S3,2040,45-49,
S3,2040,50-54,
S3,2040,55-59,
S3,2040,60-64,
S3,2040,65-69,
S3,2040,70-74,
S3,2040,75+,
S3,2040,0-8,93338594.50467052
S3,2040,9-14,64251142.70018962
S3,2040,0-17,
S3,2040,18-29,
S3,2040,30-65,
S3,2040,66+,87383664.34577005
S3,2040,15-26,132568058.9435133
S3,2040,27-45,224155064.02587357
S3,2040,46-65,187257779.81188166
S3,2041,00-04,
S3,2041,05-09,
S3,2041,10-14,
S3,2041,15-19,
S3,2041,20-24,
S3,2041,25-29,
S3,2041,30-34,
S3,2041,35-39,
S3,2041,40-44,
S3,2041,45-49,
S3,2041,50-54,
S3,2041,55-59,
S3,2041,60-64,
S3,2041,65-69,
S3,2041,70-74,
S3,2041,75+,
S3,2041,0-8,92669063.39999999
S3,2041,9-14,64042725.6
S3,2041,0-17,
S3,2041,18-29,
S3,2041,30-65,
S3,2041,66+,90180000.99999991
S3,2041,15-26,131691115.40000002
S3,2041,27-45,223945276.20000008
S3,2041,46-65,190623607.39999998
S3,2042,00-04,
S3,2042,05-09,
S3,2042,10-14,
S3,2042,15-19,
S3,2042,20-24,
S3,2042,25-29,
S3,2042,30-34,
S3,2042,35-39,
S3,2042,40-44,
S3,2042,45-49,
S3,2042,50-54,
S3,2042,55-59,
S3,2042,60-64,
S3,2042,65-69,
S3,2042,70-74,
S3,2042,75+,
S3,2042,0-8,91941764.0
S3,2042,9-14,63798465.0
S3,2042,0-17,
S3,2042,18-29,
S3,2042,30-65,
S3,2042,66+,93073036.8000001
S3,2042,15-26,130770215.80000001
S3,2042,27-45,223681832.0
S3,2042,46-65,193839141.40000004
S3,2043,00-04,
S3,2043,05-09,
S3,2043,10-14,
S3,2043,15-19,
S3,2043,20-24,
S3,2043,25-29,
S3,2043,30-34,
S3,2043,35-39,
S3,2043,40-44,
S3,2043,45-49,
S3,2043,50-54,
S3,2043,55-59,
S3,2043,60-64,
S3,2043,65-69,
S3,2043,70-74,
S3,2043,75+,
S3,2043,0-8,91190010.60000001
S3,2043,9-14,63509502.4
S3,2043,0-17,
S3,2043,18-29,
S3,2043,30-65,
S3,2043,66+,95975249.60000008
S3,2043,15-26,130028488.2
S3,2043,27-45,223139057.99999988
S3,2043,46-65,197005733.20000002
S3,2044,00-04,
S3,2044,05-09,
S3,2044,10-14,
S3,2044,15-19,
S3,2044,20-24,
S3,2044,25-29,
S3,2044,30-34,
S3,2044,35-39,
S3,2044,40-44,
S3,2044,45-49,
S3,2044,50-54,
S3,2044,55-59,
S3,2044,60-64,
S3,2044,65-69,
S3,2044,70-74,
S3,2044,75+,
S3,2044,0-8,90415447.19999999
S3,2044,9-14,63189571.8
S3,2044,0-17,
S3,2044,18-29,
S3,2044,30-65,
S3,2044,66+,98931801.8
S3,2044,15-26,129245154.99999999
S3,2044,27-45,222517538.80000004
S3,2044,46-65,200078866.4
S3,2045,00-04,
S3,2045,05-09,
S3,2045,10-14,
S3,2045,15-19,
S3,2045,20-24,
S3,2045,25-29,
S3,2045,30-34,
S3,2045,35-39,
S3,2045,40-44,
S3,2045,45-49,
S3,2045,50-54,
S3,2045,55-59,
S3,2045,60-64,
S3,2045,65-69,
S3,2045,70-74,
S3,2045,75+,
S3,2045,0-8,89628750.60000001
S3,2045,9-14,62832220.4
S3,2045,0-17,
S3,2045,18-29,
S3,2045,30-65,
S3,2045,66+,101990814.1999999
S3,2045,15-26,128709446.00000001
S3,2045,27-45,221537104.40000004
S3,2045,46-65,203026270.39999995
S3,2046,00-04,
S3,2046,05-09,
S3,2046,10-14,
S3,2046,15-19,
S3,2046,20-24,
S3,2046,25-29,
S3,2046,30-34,
S3,2046,35-39,
S3,2046,40-44,
S3,2046,45-49,
S3,2046,50-54,
S3,2046,55-59,
S3,2046,60-64,
S3,2046,65-69,
S3,2046,70-74,
S3,2046,75+,
S3,2046,0-8,88821904.60000001
S3,2046,9-14,62434760.4
S3,2046,0-17,
S3,2046,18-29,
S3,2046,30-65,
S3,2046,66+,105175403.40000008
S3,2046,15-26,128272866.60000002
S3,2046,27-45,220273157.79999998
S3,2046,46-65,205894177.20000008
S3,2047,00-04,
S3,2047,05-09,
S3,2047,10-14,
S3,2047,15-19,
S3,2047,20-24,
S3,2047,25-29,
S3,2047,30-34,
S3,2047,35-39,
S3,2047,40-44,
S3,2047,45-49,
S3,2047,50-54,
S3,2047,55-59,
S3,2047,60-64,
S3,2047,65-69,
S3,2047,70-74,
S3,2047,75+,
S3,2047,0-8,88017096.19999999
S3,2047,9-14,62005825.79999998
S3,2047,0-17,
S3,2047,18-29,
S3,2047,30-65,
S3,2047,66+,108449876.99999993
S3,2047,15-26,127787599.39999999
S3,2047,27-45,218870553.4
S3,2047,46-65,208692234.19999996
S3,2048,00-04,
S3,2048,05-09,
S3,2048,10-14,
S3,2048,15-19,
S3,2048,20-24,
S3,2048,25-29,
S3,2048,30-34,
S3,2048,35-39,
S3,2048,40-44,
S3,2048,45-49,
S3,2048,50-54,
S3,2048,55-59,
S3,2048,60-64,
S3,2048,65-69,
S3,2048,70-74,
S3,2048,75+,
S3,2048,0-8,87217575.19999999
S3,2048,9-14,61554624.80000001
S3,2048,0-17,
S3,2048,18-29,
S3,2048,30-65,
S3,2048,66+,111788455.6000001
S3,2048,15-26,127352341.2
S3,2048,27-45,217357278.20000005
S3,2048,46-65,211302197.00000003
S3,2049,00-04,
S3,2049,05-09,
S3,2049,10-14,
S3,2049,15-19,
S3,2049,20-24,
S3,2049,25-29,
S3,2049,30-34,
S3,2049,35-39,
S3,2049,40-44,
S3,2049,45-49,
S3,2049,50-54,
S3,2049,55-59,
S3,2049,60-64,
S3,2049,65-69,
S3,2049,70-74,
S3,2049,75+,
S3,2049,0-8,86439364.60000001
S3,2049,9-14,61068540.4
S3,2049,0-17,
S3,2049,18-29,
S3,2049,30-65,
S3,2049,66+,115217123.59999987
S3,2049,15-26,126815191.0
S3,2049,27-45,215955122.79999995
S3,2049,46-65,213633795.59999993
S3,2050,00-04,
S3,2050,05-09,
S3,2050,10-14,
S3,2050,15-19,
S3,2050,20-24,
S3,2050,25-29,
S3,2050,30-34,
S3,2050,35-39,
S3,2050,40-44,
S3,2050,45-49,
S3,2050,50-54,
S3,2050,55-59,
S3,2050,60-64,
S3,2050,65-69,
S3,2050,70-74,
S3,2050,75+,
S3,2050,0-8,85689376.4
S3,2050,9-14,60555550.60000001
S3,2050,0-17,
S3,2050,18-29,
S3,2050,30-65,
S3,2050,66+,118761986.80000016
S3,2050,15-26,126290644.39999999
S3,2050,27-45,214521744.99999997
S3,2050,46-65,215690248.79999992
S3,2051,00-04,
S3,2051,05-09,
S3,2051,10-14,
S3,2051,15-19,
S3,2051,20-24,
S3,2051,25-29,
S3,2051,30-34,
S3,2051,35-39,
S3,2051,40-44,
S3,2051,45-49,
S3,2051,50-54,
S3,2051,55-59,
S3,2051,60-64,
S3,2051,65-69,
S3,2051,70-74,
S3,2051,75+,
S3,2051,0-8,84959684.19999999
S3,2051,9-14,60032269.8
S3,2051,0-17,
S3,2051,18-29,
S3,2051,30-65,
S3,2051,66+,122375155.19999987
S3,2051,15-26,125820434.39999998
S3,2051,27-45,213067308.19999996
S3,2051,46-65,217470068.20000002
S3,2052,00-04,
S3,2052,05-09,
S3,2052,10-14,
S3,2052,15-19,
S3,2052,20-24,
S3,2052,25-29,
S3,2052,30-34,
S3,2052,35-39,
S3,2052,40-44,
S3,2052,45-49,
S3,2052,50-54,
S3,2052,55-59,
S3,2052,60-64,
S3,2052,65-69,
S3,2052,70-74,
S3,2052,75+,
S3,2052,0-8,84265367.0
S3,2052,9-14,59495342.99999999
S3,2052,0-17,
S3,2052,18-29,
S3,2052,30-65,
S3,2052,66+,126107196.59999992
S3,2052,15-26,125299980.6
S3,2052,27-45,211656716.39999998
S3,2052,46-65,218942546.4000001
S3,2053,00-04,
S3,2053,05-09,
S3,2053,10-14,
S3,2053,15-19,
S3,2053,20-24,
S3,2053,25-29,
S3,2053,30-34,
S3,2053,35-39,
S3,2053,40-44,
S3,2053,45-49,
S3,2053,50-54,
S3,2053,55-59,
S3,2053,60-64,
S3,2053,65-69,
S3,2053,70-74,
S3,2053,75+,
S3,2053,0-8,83603176.80000001
S3,2053,9-14,58952904.2
S3,2053,0-17,
S3,2053,18-29,
S3,2053,30-65,
S3,2053,66+,129821372.19999981
S3,2053,15-26,124706800.0
S3,2053,27-45,210317001.39999998
S3,2053,46-65,220235432.4
S3,2054,00-04,
S3,2054,05-09,
S3,2054,10-14,
S3,2054,15-19,
S3,2054,20-24,
S3,2054,25-29,
S3,2054,30-34,
S3,2054,35-39,
S3,2054,40-44,
S3,2054,45-49,
S3,2054,50-54,
S3,2054,55-59,
S3,2054,60-64,
S3,2054,65-69,
S3,2054,70-74,
S3,2054,75+,
S3,2054,0-8,82975760.39999999
S3,2054,9-14,58421663.60000001
S3,2054,0-17,
S3,2054,18-29,
S3,2054,30-65,
S3,2054,66+,133571727.20000003
S3,2054,15-26,124042746.40000002
S3,2054,27-45,208980411.19999993
S3,2054,46-65,221352091.20000002
S3,2055,00-04,
S3,2055,05-09,
S3,2055,10-14,
S3,2055,15-19,
S3,2055,20-24,
S3,2055,25-29,
S3,2055,30-34,
S3,2055,35-39,
S3,2055,40-44,
S3,2055,45-49,
S3,2055,50-54,
S3,2055,55-59,
S3,2055,60-64,
S3,2055,65-69,
S3,2055,70-74,
S3,2055,75+,
S3,2055,0-8,82359673.0
S3,2055,9-14,57902825.00000001
S3,2055,0-17,
S3,2055,18-29,
S3,2055,30-65,
S3,2055,66+,137348402.20000005
S3,2055,15-26,123299489.19999997
S3,2055,27-45,207586060.99999997
S3,2055,46-65,222358722.6
S3,2056,00-04,
S3,2056,05-09,
S3,2056,10-14,
S3,2056,15-19,
S3,2056,20-24,
S3,2056,25-29,
S3,2056,30-34,
S3,2056,35-39,
S3,2056,40-44,
S3,2056,45-49,
S3,2056,50-54,
S3,2056,55-59,
S3,2056,60-64,
S3,2056,65-69,
S3,2056,70-74,
S3,2056,75+,
S3,2056,0-8,81783858.39999999
S3,2056,9-14,57375435.599999994
S3,2056,0-17,
S3,2056,18-29,
S3,2056,30-65,
S3,2056,66+,141099356.39999995
S3,2056,15-26,122510346.40000002
S3,2056,27-45,206279917.40000007
S3,2056,46-65,223165863.79999998
S3,2057,00-04,
S3,2057,05-09,
S3,2057,10-14,
S3,2057,15-19,
S3,2057,20-24,
S3,2057,25-29,
S3,2057,30-34,
S3,2057,35-39,
S3,2057,40-44,
S3,2057,45-49,
S3,2057,50-54,
S3,2057,55-59,
S3,2057,60-64,
S3,2057,65-69,
S3,2057,70-74,
S3,2057,75+,
S3,2057,0-8,81244350.80000001
S3,2057,9-14,56867645.2
S3,2057,0-17,
S3,2057,18-29,
S3,2057,30-65,
S3,2057,66+,144861664.20000005
S3,2057,15-26,121657837.19999997
S3,2057,27-45,204995431.60000005
S3,2057,46-65,223781147.99999997
S3,2058,00-04,
S3,2058,05-09,
S3,2058,10-14,
S3,2058,15-19,
S3,2058,20-24,
S3,2058,25-29,
S3,2058,30-34,
S3,2058,35-39,
S3,2058,40-44,
S3,2058,45-49,
S3,2058,50-54,
S3,2058,55-59,
S3,2058,60-64,
S3,2058,65-69,
S3,2058,70-74,
S3,2058,75+,
S3,2058,0-8,80742258.39999999
S3,2058,9-14,56376575.599999994
S3,2058,0-17,
S3,2058,18-29,
S3,2058,30-65,
S3,2058,66+,148586836.80000007
S3,2058,15-26,120764226.00000001
S3,2058,27-45,203730173.79999992
S3,2058,46-65,224251988.40000007
S3,2059,00-04,
S3,2059,05-09,
S3,2059,10-14,
S3,2059,15-19,
S3,2059,20-24,
S3,2059,25-29,
S3,2059,30-34,
S3,2059,35-39,
S3,2059,40-44,
S3,2059,45-49,
S3,2059,50-54,
S3,2059,55-59,
S3,2059,60-64,
S3,2059,65-69,
S3,2059,70-74,
S3,2059,75+,
S3,2059,0-8,80254450.39999999
S3,2059,9-14,55905503.599999994
S3,2059,0-17,
S3,2059,18-29,
S3,2059,30-65,
S3,2059,66+,152267348.39999998
S3,2059,15-26,119832236.4
S3,2059,27-45,202532795.60000005
S3,2059,46-65,224533536.60000005
S3,2060,00-04,
S3,2060,05-09,
S3,2060,10-14,
S3,2060,15-19,
S3,2060,20-24,
S3,2060,25-29,
S3,2060,30-34,
S3,2060,35-39,
S3,2060,40-44,
S3,2060,45-49,
S3,2060,50-54,
S3,2060,55-59,
S3,2060,60-64,
S3,2060,65-69,
S3,2060,70-74,
S3,2060,75+,
S3,2060,0-8,79775957.4
S3,2060,9-14,55455062.599999994
S3,2060,0-17,
S3,2060,18-29,
S3,2060,30-65,
S3,2060,66+,155929972.00000003
S3,2060,15-26,118869674.80000001
S3,2060,27-45,201586087.99999994
S3,2060,46-65,224417156.2
S3,2061,00-04,
S3,2061,05-09,
S3,2061,10-14,
S3,2061,15-19,
S3,2061,20-24,
S3,2061,25-29,
S3,2061,30-34,
S3,2061,35-39,
S3,2061,40-44,
S3,2061,45-49,
S3,2061,50-54,
S3,2061,55-59,
S3,2061,60-64,
S3,2061,65-69,
S3,2061,70-74,
S3,2061,75+,
S3,2061,0-8,79303631.39999998
S3,2061,9-14,55037963.599999994
S3,2061,0-17,
S3,2061,18-29,
S3,2061,30-65,
S3,2061,66+,159548786.00000003
S3,2061,15-26,117867303.39999999
S3,2061,27-45,200545683.20000002
S3,2061,46-65,224268445.39999995
S3,2062,00-04,
S3,2062,05-09,
S3,2062,10-14,
S3,2062,15-19,
S3,2062,20-24,
S3,2062,25-29,
S3,2062,30-34,
S3,2062,35-39,
S3,2062,40-44,
S3,2062,45-49,
S3,2062,50-54,
S3,2062,55-59,
S3,2062,60-64,
S3,2062,65-69,
S3,2062,70-74,
S3,2062,75+,
S3,2062,0-8,78817729.2
S3,2062,9-14,54647200.79999999
S3,2062,0-17,
S3,2062,18-29,
S3,2062,30-65,
S3,2062,66+,163126802.2
S3,2062,15-26,116849341.79999998
S3,2062,27-45,199389583.59999996
S3,2062,46-65,224084885.4
S3,2063,00-04,
S3,2063,05-09,
S3,2063,10-14,
S3,2063,15-19,
S3,2063,20-24,
S3,2063,25-29,
S3,2063,30-34,
S3,2063,35-39,
S3,2063,40-44,
S3,2063,45-49,
S3,2063,50-54,
S3,2063,55-59,
S3,2063,60-64,
S3,2063,65-69,
S3,2063,70-74,
S3,2063,75+,
S3,2063,0-8,78345121.99999999
S3,2063,9-14,54281774.00000001
S3,2063,0-17,
S3,2063,18-29,
S3,2063,30-65,
S3,2063,66+,166653585.80000013
S3,2063,15-26,115827425.80000003
S3,2063,27-45,198405269.8
S3,2063,46-65,223581451.60000002
S3,2064,00-04,
S3,2064,05-09,
S3,2064,10-14,
S3,2064,15-19,
S3,2064,20-24,
S3,2064,25-29,
S3,2064,30-34,
S3,2064,35-39,
S3,2064,40-44,
S3,2064,45-49,
S3,2064,50-54,
S3,2064,55-59,
S3,2064,60-64,
S3,2064,65-69,
S3,2064,70-74,
S3,2064,75+,
S3,2064,0-8,77866723.60000001
S3,2064,9-14,53936740.400000006
S3,2064,0-17,
S3,2064,18-29,
S3,2064,30-65,
S3,2064,66+,170135223.99999988
S3,2064,15-26,114817562.99999999
S3,2064,27-45,197291618.00000003
S3,2064,46-65,223059144.00000003
S3,2065,00-04,
S3,2065,05-09,
S3,2065,10-14,
S3,2065,15-19,
S3,2065,20-24,
S3,2065,25-29,
S3,2065,30-34,
S3,2065,35-39,
S3,2065,40-44,
S3,2065,45-49,
S3,2065,50-54,
S3,2065,55-59,
S3,2065,60-64,
S3,2065,65-69,
S3,2065,70-74,
S3,2065,75+,
S3,2065,0-8,77397340.39999999
S3,2065,9-14,53590047.599999994
S3,2065,0-17,
S3,2065,18-29,
S3,2065,30-65,
S3,2065,66+,173581242.59999996
S3,2065,15-26,113824044.40000002
S3,2065,27-45,196327036.4
S3,2065,46-65,222224640.60000005
S3,2066,00-04,
S3,2066,05-09,
S3,2066,10-14,
S3,2066,15-19,
S3,2066,20-24,
S3,2066,25-29,
S3,2066,30-34,
S3,2066,35-39,
S3,2066,40-44,
S3,2066,45-49,
S3,2066,50-54,
S3,2066,55-59,
S3,2066,60-64,
S3,2066,65-69,
S3,2066,70-74,
S3,2066,75+,
S3,2066,0-8,76911149.60000001
S3,2066,9-14,53256212.4
S3,2066,0-17,
S3,2066,18-29,
S3,2066,30-65,
S3,2066,66+,177051699.8
S3,2066,15-26,112841267.39999999
S3,2066,27-45,195478154.4
S3,2066,46-65,221051810.40000004
S3,2067,00-04,
S3,2067,05-09,
S3,2067,10-14,
S3,2067,15-19,
S3,2067,20-24,
S3,2067,25-29,
S3,2067,30-34,
S3,2067,35-39,
S3,2067,40-44,
S3,2067,45-49,
S3,2067,50-54,
S3,2067,55-59,
S3,2067,60-64,
S3,2067,65-69,
S3,2067,70-74,
S3,2067,75+,
S3,2067,0-8,76410276.19999999
S3,2067,9-14,52938060.800000004
S3,2067,0-17,
S3,2067,18-29,
S3,2067,30-65,
S3,2067,66+,180532921.4
S3,2067,15-26,111896156.80000001
S3,2067,27-45,194574856.59999993
S3,2067,46-65,219732889.2
S3,2068,00-04,
S3,2068,05-09,
S3,2068,10-14,
S3,2068,15-19,
S3,2068,20-24,
S3,2068,25-29,
S3,2068,30-34,
S3,2068,35-39,
S3,2068,40-44,
S3,2068,45-49,
S3,2068,50-54,
S3,2068,55-59,
S3,2068,60-64,
S3,2068,65-69,
S3,2068,70-74,
S3,2068,75+,
S3,2068,0-8,75885950.0
S3,2068,9-14,52637228.0
S3,2068,0-17,
S3,2068,18-29,
S3,2068,30-65,
S3,2068,66+,183888600.6000001
S3,2068,15-26,110978773.80000001
S3,2068,27-45,193630304.20000005
S3,2068,46-65,218365455.40000007
S3,2069,00-04,
S3,2069,05-09,
S3,2069,10-14,
S3,2069,15-19,
S3,2069,20-24,
S3,2069,25-29,
S3,2069,30-34,
S3,2069,35-39,
S3,2069,40-44,
S3,2069,45-49,
S3,2069,50-54,
S3,2069,55-59,
S3,2069,60-64,
S3,2069,65-69,
S3,2069,70-74,
S3,2069,75+,
S3,2069,0-8,75346669.6
S3,2069,9-14,52333110.4
S3,2069,0-17,
S3,2069,18-29,
S3,2069,30-65,
S3,2069,66+,187060972.40000004
S3,2069,15-26,110098580.40000002
S3,2069,27-45,192572838.00000003
S3,2069,46-65,217084415.20000005
S3,2070,00-04,
S3,2070,05-09,
S3,2070,10-14,
S3,2070,15-19,
S3,2070,20-24,
S3,2070,25-29,
S3,2070,30-34,
S3,2070,35-39,
S3,2070,40-44,
S3,2070,45-49,
S3,2070,50-54,
S3,2070,55-59,
S3,2070,60-64,
S3,2070,65-69,
S3,2070,70-74,
S3,2070,75+,
S3,2070,0-8,74786108.0
S3,2070,9-14,52040275.00000001
S3,2070,0-17,
S3,2070,18-29,
S3,2070,30-65,
S3,2070,66+,190081311.40000007
S3,2070,15-26,109240385.99999999
S3,2070,27-45,191465156.8
S3,2070,46-65,215811621.8
S3,2071,00-04,
S3,2071,05-09,
S3,2071,10-14,
S3,2071,15-19,
S3,2071,20-24,
S3,2071,25-29,
S3,2071,30-34,
S3,2071,35-39,
S3,2071,40-44,
S3,2071,45-49,
S3,2071,50-54,
S3,2071,55-59,
S3,2071,60-64,
S3,2071,65-69,
S3,2071,70-74,
S3,2071,75+,
S3,2071,0-8,74215151.4
S3,2071,9-14,51740013.6
S3,2071,0-17,
S3,2071,18-29,
S3,2071,30-65,
S3,2071,66+,192899678.6
S3,2071,15-26,108419856.59999996
S3,2071,27-45,190341797.6
S3,2071,46-65,214556319.2
S3,2072,00-04,
S3,2072,05-09,
S3,2072,10-14,
S3,2072,15-19,
S3,2072,20-24,
S3,2072,25-29,
S3,2072,30-34,
S3,2072,35-39,
S3,2072,40-44,
S3,2072,45-49,
S3,2072,50-54,
S3,2072,55-59,
S3,2072,60-64,
S3,2072,65-69,
S3,2072,70-74,
S3,2072,75+,
S3,2072,0-8,73647335.79999998
S3,2072,9-14,51413101.2
S3,2072,0-17,
S3,2072,18-29,
S3,2072,30-65,
S3,2072,66+,195542059.40000015
S3,2072,15-26,107649751.99999999
S3,2072,27-45,189155988.39999995
S3,2072,46-65,213350830.19999996
S3,2073,00-04,
S3,2073,05-09,
S3,2073,10-14,
S3,2073,15-19,
S3,2073,20-24,
S3,2073,25-29,
S3,2073,30-34,
S3,2073,35-39,
S3,2073,40-44,
S3,2073,45-49,
S3,2073,50-54,
S3,2073,55-59,
S3,2073,60-64,
S3,2073,65-69,
S3,2073,70-74,
S3,2073,75+,
S3,2073,0-8,73056056.19999999
S3,2073,9-14,51080441.8
S3,2073,0-17,
S3,2073,18-29,
S3,2073,30-65,
S3,2073,66+,198000346.59999985
S3,2073,15-26,106923814.6
S3,2073,27-45,187900888.40000007
S3,2073,46-65,212201219.40000004
S3,2074,00-04,
S3,2074,05-09,
S3,2074,10-14,
S3,2074,15-19,
S3,2074,20-24,
S3,2074,25-29,
S3,2074,30-34,
S3,2074,35-39,
S3,2074,40-44,
S3,2074,45-49,
S3,2074,50-54,
S3,2074,55-59,
S3,2074,60-64,
S3,2074,65-69,
S3,2074,70-74,
S3,2074,75+,
S3,2074,0-8,72463299.4
S3,2074,9-14,50740229.59999998
S3,2074,0-17,
S3,2074,18-29,
S3,2074,30-65,
S3,2074,66+,200350076.00000006
S3,2074,15-26,106224182.4
S3,2074,27-45,186598394.99999997
S3,2074,46-65,211044144.60000005
S3,2075,00-04,
S3,2075,05-09,
S3,2075,10-14,
S3,2075,15-19,
S3,2075,20-24,
S3,2075,25-29,
S3,2075,30-34,
S3,2075,35-39,
S3,2075,40-44,
S3,2075,45-49,
S3,2075,50-54,
S3,2075,55-59,
S3,2075,60-64,
S3,2075,65-69,
S3,2075,70-74,
S3,2075,75+,
S3,2075,0-8,71863473.6
S3,2075,9-14,50396755.4
S3,2075,0-17,
S3,2075,18-29,
S3,2075,30-65,
S3,2075,66+,202634544.80000007
S3,2075,15-26,105540143.0
S3,2075,27-45,185249425.2
S3,2075,46-65,209830459.0
S3,2076,00-04,
S3,2076,05-09,
S3,2076,10-14,
S3,2076,15-19,
S3,2076,20-24,
S3,2076,25-29,
S3,2076,30-34,
S3,2076,35-39,
S3,2076,40-44,
S3,2076,45-49,
S3,2076,50-54,
S3,2076,55-59,
S3,2076,60-64,
S3,2076,65-69,
S3,2076,70-74,
S3,2076,75+,
S3,2076,0-8,71256352.0
S3,2076,9-14,50041080.0
S3,2076,0-17,
S3,2076,18-29,
S3,2076,30-65,
S3,2076,66+,204722852.39999992
S3,2076,15-26,104876853.19999999
S3,2076,27-45,183854991.80000004
S3,2076,46-65,208692203.59999996
S3,2077,00-04,
S3,2077,05-09,
S3,2077,10-14,
S3,2077,15-19,
S3,2077,20-24,
S3,2077,25-29,
S3,2077,30-34,
S3,2077,35-39,
S3,2077,40-44,
S3,2077,45-49,
S3,2077,50-54,
S3,2077,55-59,
S3,2077,60-64,
S3,2077,65-69,
S3,2077,70-74,
S3,2077,75+,
S3,2077,0-8,70651685.80000001
S3,2077,9-14,49690206.2
S3,2077,0-17,
S3,2077,18-29,
S3,2077,30-65,
S3,2077,66+,206668244.59999985
S3,2077,15-26,104216837.0
S3,2077,27-45,182440729.80000007
S3,2077,46-65,207571056.60000005
S3,2078,00-04,
S3,2078,05-09,
S3,2078,10-14,
S3,2078,15-19,
S3,2078,20-24,
S3,2078,25-29,
S3,2078,30-34,
S3,2078,35-39,
S3,2078,40-44,
S3,2078,45-49,
S3,2078,50-54,
S3,2078,55-59,
S3,2078,60-64,
S3,2078,65-69,
S3,2078,70-74,
S3,2078,75+,
S3,2078,0-8,70061342.6
S3,2078,9-14,49316676.400000006
S3,2078,0-17,
S3,2078,18-29,
S3,2078,30-65,
S3,2078,66+,208468288.79999977
S3,2078,15-26,103581295.39999999
S3,2078,27-45,181013180.0
S3,2078,46-65,206452737.79999992
S3,2079,00-04,
S3,2079,05-09,
S3,2079,10-14,
S3,2079,15-19,
S3,2079,20-24,
S3,2079,25-29,
S3,2079,30-34,
S3,2079,35-39,
S3,2079,40-44,
S3,2079,45-49,
S3,2079,50-54,
S3,2079,55-59,
S3,2079,60-64,
S3,2079,65-69,
S3,2079,70-74,
S3,2079,75+,
S3,2079,0-8,69475767.19999999
S3,2079,9-14,48935612.800000004
S3,2079,0-17,
S3,2079,18-29,
S3,2079,30-65,
S3,2079,66+,210077448.40000018
S3,2079,15-26,102948956.80000001
S3,2079,27-45,179584255.40000007
S3,2079,46-65,205392761.3999999
S3,2080,00-04,
S3,2080,05-09,
S3,2080,10-14,
S3,2080,15-19,
S3,2080,20-24,
S3,2080,25-29,
S3,2080,30-34,
S3,2080,35-39,
S3,2080,40-44,
S3,2080,45-49,
S3,2080,50-54,
S3,2080,55-59,
S3,2080,60-64,
S3,2080,65-69,
S3,2080,70-74,
S3,2080,75+,
S3,2080,0-8,68903091.19999999
S3,2080,9-14,48533778.8
S3,2080,0-17,
S3,2080,18-29,
S3,2080,30-65,
S3,2080,66+,211342182.20000005
S3,2080,15-26,102325776.40000002
S3,2080,27-45,178146485.39999998
S3,2080,46-65,204555807.00000003
S3,2081,00-04,
S3,2081,05-09,
S3,2081,10-14,
S3,2081,15-19,
S3,2081,20-24,
S3,2081,25-29,
S3,2081,30-34,
S3,2081,35-39,
S3,2081,40-44,
S3,2081,45-49,
S3,2081,50-54,
S3,2081,55-59,
S3,2081,60-64,
S3,2081,65-69,
S3,2081,70-74,
S3,2081,75+,
S3,2081,0-8,68343334.19999999
S3,2081,9-14,48130261.8
S3,2081,0-17,
S3,2081,18-29,
S3,2081,30-65,
S3,2081,66+,212574724.60000005
S3,2081,15-26,101690436.19999997
S3,2081,27-45,176715781.0
S3,2081,46-65,203621345.20000002
S3,2082,00-04,
S3,2082,05-09,
S3,2082,10-14,
S3,2082,15-19,
S3,2082,20-24,
S3,2082,25-29,
S3,2082,30-34,
S3,2082,35-39,
S3,2082,40-44,
S3,2082,45-49,
S3,2082,50-54,
S3,2082,55-59,
S3,2082,60-64,
S3,2082,65-69,
S3,2082,70-74,
S3,2082,75+,
S3,2082,0-8,67780240.19999999
S3,2082,9-14,47726601.8
S3,2082,0-17,
S3,2082,18-29,
S3,2082,30-65,
S3,2082,66+,213794173.19999993
S3,2082,15-26,101041863.19999997
S3,2082,27-45,175316030.99999997
S3,2082,46-65,202576098.60000002
S3,2083,00-04,
S3,2083,05-09,
S3,2083,10-14,
S3,2083,15-19,
S3,2083,20-24,
S3,2083,25-29,
S3,2083,30-34,
S3,2083,35-39,
S3,2083,40-44,
S3,2083,45-49,
S3,2083,50-54,
S3,2083,55-59,
S3,2083,60-64,
S3,2083,65-69,
S3,2083,70-74,
S3,2083,75+,
S3,2083,0-8,67244928.6
S3,2083,9-14,47320862.4
S3,2083,0-17,
S3,2083,18-29,
S3,2083,30-65,
S3,2083,66+,214723585.5999999
S3,2083,15-26,100378865.6
S3,2083,27-45,173949397.39999998
S3,2083,46-65,201683638.40000007
S3,2084,00-04,
S3,2084,05-09,
S3,2084,10-14,
S3,2084,15-19,
S3,2084,20-24,
S3,2084,25-29,
S3,2084,30-34,
S3,2084,35-39,
S3,2084,40-44,
S3,2084,45-49,
S3,2084,50-54,
S3,2084,55-59,
S3,2084,60-64,
S3,2084,65-69,
S3,2084,70-74,
S3,2084,75+,
S3,2084,0-8,66721089.400000006
S3,2084,9-14,46919624.6
S3,2084,0-17,
S3,2084,18-29,
S3,2084,30-65,
S3,2084,66+,215651073.8000001
S3,2084,15-26,99697592.99999999
S3,2084,27-45,172614867.79999998
S3,2084,46-65,200654359.40000004
S3,2085,00-04,
S3,2085,05-09,
S3,2085,10-14,
S3,2085,15-19,
S3,2085,20-24,
S3,2085,25-29,
S3,2085,30-34,
S3,2085,35-39,
S3,2085,40-44,
S3,2085,45-49,
S3,2085,50-54,
S3,2085,55-59,
S3,2085,60-64,
S3,2085,65-69,
S3,2085,70-74,
S3,2085,75+,
S3,2085,0-8,66213947.80000001
S3,2085,9-14,46530863.2
S3,2085,0-17,
S3,2085,18-29,
S3,2085,30-65,
S3,2085,66+,216323146.1999999
S3,2085,15-26,99000849.80000001
S3,2085,27-45,171309294.39999998
S3,2085,46-65,199755531.60000002
S3,2086,00-04,
S3,2086,05-09,
S3,2086,10-14,
S3,2086,15-19,
S3,2086,20-24,
S3,2086,25-29,
S3,2086,30-34,
S3,2086,35-39,
S3,2086,40-44,
S3,2086,45-49,
S3,2086,50-54,
S3,2086,55-59,
S3,2086,60-64,
S3,2086,65-69,
S3,2086,70-74,
S3,2086,75+,
S3,2086,0-8,65723899.19999999
S3,2086,9-14,46138580.8
S3,2086,0-17,
S3,2086,18-29,
S3,2086,30-65,
S3,2086,66+,216770714.2000001
S3,2086,15-26,98286824.80000001
S3,2086,27-45,170024467.60000005
S3,2086,46-65,198961679.4
S3,2087,00-04,
S3,2087,05-09,
S3,2087,10-14,
S3,2087,15-19,
S3,2087,20-24,
S3,2087,25-29,
S3,2087,30-34,
S3,2087,35-39,
S3,2087,40-44,
S3,2087,45-49,
S3,2087,50-54,
S3,2087,55-59,
S3,2087,60-64,
S3,2087,65-69,
S3,2087,70-74,
S3,2087,75+,
S3,2087,0-8,65252684.80000001
S3,2087,9-14,45747309.19999999
S3,2087,0-17,
S3,2087,18-29,
S3,2087,30-65,
S3,2087,66+,217161369.00000015
S3,2087,15-26,97564877.00000001
S3,2087,27-45,168776974.59999993
S3,2087,46-65,198102756.40000007
S3,2088,00-04,
S3,2088,05-09,
S3,2088,10-14,
S3,2088,15-19,
S3,2088,20-24,
S3,2088,25-29,
S3,2088,30-34,
S3,2088,35-39,
S3,2088,40-44,
S3,2088,45-49,
S3,2088,50-54,
S3,2088,55-59,
S3,2088,60-64,
S3,2088,65-69,
S3,2088,70-74,
S3,2088,75+,
S3,2088,0-8,64796979.80000001
S3,2088,9-14,45379193.2
S3,2088,0-17,
S3,2088,18-29,
S3,2088,30-65,
S3,2088,66+,217477143.6000001
S3,2088,15-26,96821143.80000001
S3,2088,27-45,167585392.79999998
S3,2088,46-65,197200961.80000004
S3,2089,00-04,
S3,2089,05-09,
S3,2089,10-14,
S3,2089,15-19,
S3,2089,20-24,
S3,2089,25-29,
S3,2089,30-34,
S3,2089,35-39,
S3,2089,40-44,
S3,2089,45-49,
S3,2089,50-54,
S3,2089,55-59,
S3,2089,60-64,
S3,2089,65-69,
S3,2089,70-74,
S3,2089,75+,
S3,2089,0-8,64359539.80000001
S3,2089,9-14,45012173.199999996
S3,2089,0-17,
S3,2089,18-29,
S3,2089,30-65,
S3,2089,66+,217784006.40000013
S3,2089,15-26,96067240.80000001
S3,2089,27-45,166421212.6
S3,2089,46-65,196192074.20000005
S3,2090,00-04,
S3,2090,05-09,
S3,2090,10-14,
S3,2090,15-19,
S3,2090,20-24,
S3,2090,25-29,
S3,2090,30-34,
S3,2090,35-39,
S3,2090,40-44,
S3,2090,45-49,
S3,2090,50-54,
S3,2090,55-59,
S3,2090,60-64,
S3,2090,65-69,
S3,2090,70-74,
S3,2090,75+,
S3,2090,0-8,63936924.80000001
S3,2090,9-14,44652116.199999996
S3,2090,0-17,
S3,2090,18-29,
S3,2090,30-65,
S3,2090,66+,218041791.40000007
S3,2090,15-26,95302129.19999999
S3,2090,27-45,165286918.2
S3,2090,46-65,195131180.20000002
S3,2091,00-04,
S3,2091,05-09,
S3,2091,10-14,
S3,2091,15-19,
S3,2091,20-24,
S3,2091,25-29,
S3,2091,30-34,
S3,2091,35-39,
S3,2091,40-44,
S3,2091,45-49,
S3,2091,50-54,
S3,2091,55-59,
S3,2091,60-64,
S3,2091,65-69,
S3,2091,70-74,
S3,2091,75+,
S3,2091,0-8,63514918.0
S3,2091,9-14,44310911.0
S3,2091,0-17,
S3,2091,18-29,
S3,2091,30-65,
S3,2091,66+,218227412.6
S3,2091,15-26,94522629.40000002
S3,2091,27-45,164177837.4
S3,2091,46-65,194047905.59999996
S3,2092,00-04,
S3,2092,05-09,
S3,2092,10-14,
S3,2092,15-19,
S3,2092,20-24,
S3,2092,25-29,
S3,2092,30-34,
S3,2092,35-39,
S3,2092,40-44,
S3,2092,45-49,
S3,2092,50-54,
S3,2092,55-59,
S3,2092,60-64,
S3,2092,65-69,
S3,2092,70-74,
S3,2092,75+,
S3,2092,0-8,63110457.599999994
S3,2092,9-14,43968378.4
S3,2092,0-17,
S3,2092,18-29,
S3,2092,30-65,
S3,2092,66+,218393866.79999986
S3,2092,15-26,93747097.80000001
S3,2092,27-45,163089645.79999998
S3,2092,46-65,192903867.59999996
S3,2093,00-04,
S3,2093,05-09,
S3,2093,10-14,
S3,2093,15-19,
S3,2093,20-24,
S3,2093,25-29,
S3,2093,30-34,
S3,2093,35-39,
S3,2093,40-44,
S3,2093,45-49,
S3,2093,50-54,
S3,2093,55-59,
S3,2093,60-64,
S3,2093,65-69,
S3,2093,70-74,
S3,2093,75+,
S3,2093,0-8,62705618.20000002
S3,2093,9-14,43638675.8
S3,2093,0-17,
S3,2093,18-29,
S3,2093,30-65,
S3,2093,66+,218548154.79999986
S3,2093,15-26,92981427.0
S3,2093,27-45,162034512.8
S3,2093,46-65,191695248.4
S3,2094,00-04,
S3,2094,05-09,
S3,2094,10-14,
S3,2094,15-19,
S3,2094,20-24,
S3,2094,25-29,
S3,2094,30-34,
S3,2094,35-39,
S3,2094,40-44,
S3,2094,45-49,
S3,2094,50-54,
S3,2094,55-59,
S3,2094,60-64,
S3,2094,65-69,
S3,2094,70-74,
S3,2094,75+,
S3,2094,0-8,62290476.6
S3,2094,9-14,43323170.400000006
S3,2094,0-17,
S3,2094,18-29,
S3,2094,30-65,
S3,2094,66+,218687067.80000007
S3,2094,15-26,92211448.80000001
S3,2094,27-45,160982851.79999998
S3,2094,46-65,190438588.6
S3,2095,00-04,
S3,2095,05-09,
S3,2095,10-14,
S3,2095,15-19,
S3,2095,20-24,
S3,2095,25-29,
S3,2095,30-34,
S3,2095,35-39,
S3,2095,40-44,
S3,2095,45-49,
S3,2095,50-54,
S3,2095,55-59,
S3,2095,60-64,
S3,2095,65-69,
S3,2095,70-74,
S3,2095,75+,
S3,2095,0-8,61874398.80000001
S3,2095,9-14,43021002.2
S3,2095,0-17,
S3,2095,18-29,
S3,2095,30-65,
S3,2095,66+,218816613.20000023
S3,2095,15-26,91449666.40000002
S3,2095,27-45,159931446.6
S3,2095,46-65,189140470.8
S3,2096,00-04,
S3,2096,05-09,
S3,2096,10-14,
S3,2096,15-19,
S3,2096,20-24,
S3,2096,25-29,
S3,2096,30-34,
S3,2096,35-39,
S3,2096,40-44,
S3,2096,45-49,
S3,2096,50-54,
S3,2096,55-59,
S3,2096,60-64,
S3,2096,65-69,
S3,2096,70-74,
S3,2096,75+,
S3,2096,0-8,61452978.0
S3,2096,9-14,42722839.0
S3,2096,0-17,
S3,2096,18-29,
S3,2096,30-65,
S3,2096,66+,218938189.0000002
S3,2096,15-26,90702052.19999999
S3,2096,27-45,158885570.39999998
S3,2096,46-65,187804474.40000004
S3,2097,00-04,
S3,2097,05-09,
S3,2097,10-14,
S3,2097,15-19,
S3,2097,20-24,
S3,2097,25-29,
S3,2097,30-34,
S3,2097,35-39,
S3,2097,40-44,
S3,2097,45-49,
S3,2097,50-54,
S3,2097,55-59,
S3,2097,60-64,
S3,2097,65-69,
S3,2097,70-74,
S3,2097,75+,
S3,2097,0-8,61028446.80000001
S3,2097,9-14,42448824.199999996
S3,2097,0-17,
S3,2097,18-29,
S3,2097,30-65,
S3,2097,66+,219046735.6000001
S3,2097,15-26,89951461.0
S3,2097,27-45,157842242.19999996
S3,2097,46-65,186451168.2
S3,2098,00-04,
S3,2098,05-09,
S3,2098,10-14,
S3,2098,15-19,
S3,2098,20-24,
S3,2098,25-29,
S3,2098,30-34,
S3,2098,35-39,
S3,2098,40-44,
S3,2098,45-49,
S3,2098,50-54,
S3,2098,55-59,
S3,2098,60-64,
S3,2098,65-69,
S3,2098,70-74,
S3,2098,75+,
S3,2098,0-8,60598041.19999999
S3,2098,9-14,42177089.800000004
S3,2098,0-17,
S3,2098,18-29,
S3,2098,30-65,
S3,2098,66+,219125027.0000001
S3,2098,15-26,89229742.40000002
S3,2098,27-45,156795471.59999996
S3,2098,46-65,185088478.0
S3,2099,00-04,
S3,2099,05-09,
S3,2099,10-14,
S3,2099,15-19,
S3,2099,20-24,
S3,2099,25-29,
S3,2099,30-34,
S3,2099,35-39,
S3,2099,40-44,
S3,2099,45-49,
S3,2099,50-54,
S3,2099,55-59,
S3,2099,60-64,
S3,2099,65-69,
S3,2099,70-74,
S3,2099,75+,
S3,2099,0-8,60152929.400000006
S3,2099,9-14,41911054.6
S3,2099,0-17,
S3,2099,18-29,
S3,2099,30-65,
S3,2099,66+,219188051.9999999
S3,2099,15-26,88519043.0
S3,2099,27-45,155734753.6
S3,2099,46-65,183722130.40000007
S3,2100,00-04,
S3,2100,05-09,
S3,2100,10-14,
S3,2100,15-19,
S3,2100,20-24,
S3,2100,25-29,
S3,2100,30-34,
S3,2100,35-39,
S3,2100,40-44,
S3,2100,45-49,
S3,2100,50-54,
S3,2100,55-59,
S3,2100,60-64,
S3,2100,65-69,
S3,2100,70-74,
S3,2100,75+,
S3,2100,0-8,59709835.400000006
S3,2100,9-14,41649630.599999994
S3,2100,0-17,
S3,2100,18-29,
S3,2100,30-65,
S3,2100,66+,219235216.20000017
S3,2100,15-26,87831738.80000003
S3,2100,27-45,154672237.0
S3,2100,46-65,182347626.0000001
